"Time (s)","Acceleration x (m/s^2)","Acceleration y (m/s^2)","Acceleration z (m/s^2)"
1.548959400E-2,-6.013163090E0,6.372684956E0,3.913461447E0
3.560094800E-2,-5.699703693E0,6.430112839E0,4.707280159E0
5.571225000E-2,-5.761917114E0,6.503093719E0,5.070989609E0
7.582360400E-2,-5.511867046E0,6.351149559E0,5.307878971E0
9.593495800E-2,-5.099104881E0,6.417550564E0,5.533402443E0
1.160463120E-1,-4.758726120E0,6.565905571E0,5.432903767E0
1.361576140E-1,-4.429712772E0,6.699903488E0,5.403591633E0
1.562689690E-1,-4.320241451E0,6.755536556E0,5.626722336E0
1.763803230E-1,-4.362115860E0,6.751947403E0,5.675177097E0
1.964916770E-1,-4.400999069E0,6.699305058E0,5.371886730E0
2.166029790E-1,-4.453640938E0,6.684350014E0,5.043471813E0
2.367143330E-1,-4.427918434E0,6.556932449E0,5.544169903E0
2.568256870E-1,-4.430311203E0,6.568298340E0,5.860022545E0
2.769369890E-1,-4.490131855E0,6.629314899E0,5.834897995E0
2.970483440E-1,-4.431507587E0,6.552146435E0,5.640480995E0
3.171596980E-1,-4.336392879E0,6.416353703E0,5.608178139E0
3.372710520E-1,-4.271188259E0,6.403193474E0,5.843272686E0
3.573823540E-1,-4.049253941E0,6.476174355E0,5.863611698E0
3.774937080E-1,-3.900300980E0,6.471987247E0,6.045466423E0
3.976050620E-1,-3.829712629E0,6.358926296E0,6.219544411E0
4.177164170E-1,-3.900300980E0,6.208776474E0,6.053841114E0
4.378277190E-1,-3.851248026E0,6.005386829E0,6.218348026E0
4.579390730E-1,-3.813561201E0,5.816353798E0,6.498906136E0
4.780504270E-1,-3.784249067E0,5.814558983E0,6.910471916E0
4.981617810E-1,-3.759124279E0,5.794219971E0,7.431509018E0
5.182730830E-1,-3.757329702E0,5.684150219E0,7.593622684E0
5.383844370E-1,-3.885943890E0,5.625525951E0,7.156932354E0
5.584957920E-1,-3.845266104E0,5.404190063E0,7.359126091E0
5.786071460E-1,-3.817150354E0,5.294120312E0,7.439285755E0
5.987184480E-1,-3.799204111E0,5.150550842E0,7.404589653E0
6.188298020E-1,-3.826721668E0,5.070391178E0,7.645666599E0
6.389411560E-1,-3.349951744E0,4.728815556E0,7.552346706E0
6.590525100E-1,-3.415754318E0,4.637290478E0,7.403991699E0
6.791638640E-1,-6.838088989E0,4.864010334E0,7.174280643E0
6.992751670E-1,-5.255236626E0,5.839085579E0,6.687939167E0
7.193865210E-1,-1.634896040E0,3.604787350E0,7.328019142E0
7.394978750E-1,-1.527817249E0,4.066003799E0,8.178668022E0
7.596092290E-1,-2.578266382E0,4.919643402E0,8.099704742E0
7.797205830E-1,-1.991426587E0,4.368695736E0,8.292326927E0
7.998318850E-1,-1.674377680E0,4.182055950E0,8.286344528E0
8.199432390E-1,-1.969292998E0,3.884747505E0,8.743373871E0
8.400545940E-1,-2.270190477E0,3.391227961E0,9.531808853E0
8.601659480E-1,-2.163709879E0,3.226721287E0,9.901499748E0
8.802772500E-1,-1.722832322E0,3.114856958E0,9.993623734E0
9.003886040E-1,-1.525424480E0,3.087339401E0,1.000857925E1
9.204999580E-1,-1.607976794E0,2.824727058E0,1.043210888E1
9.406113120E-1,-1.722832322E0,2.568096876E0,1.050688457E1
9.607226670E-1,-1.784447432E0,2.474178553E0,1.038126087E1
9.808340210E-1,-1.624128342E0,2.690130949E0,9.853643417E0
1.000945323E0,-1.601994753E0,2.934198856E0,9.026325226E0
1.021056677E0,-1.909472466E0,3.038884640E0,8.441280365E0
1.041168031E0,-2.039881229E0,2.882753134E0,8.331808090E0
1.061279385E0,-1.904686809E0,1.898704767E0,8.629117012E0
1.081390739E0,-2.496910334E0,2.230110645E0,8.886942863E0
1.101502094E0,-2.033899307E0,2.790031195E0,9.905089378E0
1.121613396E0,-5.479564071E-1,2.420938253E0,1.135274696E1
1.141724750E0,1.328016520E-1,2.145165443E0,1.121097183E1
1.161836104E0,4.366901144E-2,2.230708838E0,1.103509998E1
1.181947458E0,-2.931207791E-2,2.777468920E0,1.115474129E1
1.202058812E0,8.560323119E-1,2.909074068E0,1.069412231E1
1.222170167E0,1.456032634E0,2.277369022E0,1.091725349E1
1.242281469E0,1.426122308E0,1.491326690E0,1.033819008E1
1.262392823E0,2.081755698E-1,1.264008522E0,8.983254433E0
1.282504177E0,-1.280758262E0,1.244267821E0,7.766504288E0
1.302615531E0,-1.994417667E0,1.036092162E0,7.466803074E0
1.322726885E0,-2.687737942E0,1.329811215E0,7.601399422E0
1.342838239E0,-2.998206854E0,1.639681697E0,8.609973907E0
1.362949594E0,-3.083750248E0,2.120639086E0,9.055637360E0
1.383060896E0,-2.294118643E0,1.686939955E0,9.684351921E0
1.403172250E0,-2.309073925E0,9.726824164E-1,9.903294563E0
1.423283604E0,-2.136192322E0,7.668996453E-1,9.975079536E0
1.443394958E0,-2.030309916E0,7.698906660E-1,1.029392338E1
1.463506312E0,-2.883949518E0,1.229910851E0,1.089033413E1
1.483617667E0,-4.233501434E0,1.833500385E0,1.160519028E1
1.503729021E0,-4.373481750E0,1.623530149E0,1.115593719E1
1.523840375E0,-4.203591347E0,1.185045362E0,1.028853893E1
1.543951729E0,-4.023531437E0,1.017547846E0,8.465806961E0
1.564063031E0,-4.037290096E0,2.108675003E0,5.532804012E0
1.584174385E0,-4.249054909E0,3.165106058E0,6.634100914E0
1.604285739E0,-3.059223652E0,2.769093990E0,9.423533440E0
1.624397094E0,-2.252244234E0,2.626721144E0,1.096032429E1
1.644508448E0,-2.017149448E0,3.360719442E0,1.166860008E1
1.664619802E0,-1.293320656E0,3.397209883E0,1.109372425E1
1.684731156E0,-8.919246197E-1,3.436093330E0,9.519247055E0
1.704842510E0,-6.346961856E-1,3.251247883E0,8.048856735E0
1.724953864E0,-1.448255897E0,3.199203968E0,7.503293514E0
1.745065219E0,-5.688936114E-1,2.993421078E0,7.122834682E0
1.765176521E0,-6.370890141E-1,3.583850145E0,6.466004848E0
1.785287875E0,-7.657032609E-1,4.429712772E0,6.584449768E0
1.805399229E0,-9.457631707E-1,4.514657974E0,7.872984886E0
1.825510583E0,-1.314856052E0,3.777668715E0,8.915657043E0
1.845621937E0,-1.742573142E0,2.996412039E0,8.864809990E0
1.865733292E0,-1.972882271E0,2.729612350E0,7.889734268E0
1.885844646E0,-2.124826431E0,2.625524759E0,9.298508644E0
1.905956000E0,-2.001596212E0,2.937788010E0,1.063609695E1
1.926067354E0,-2.292324066E0,3.357728481E0,1.163330555E1
1.946178708E0,-1.932802439E0,3.196810961E0,1.170867920E1
1.966290062E0,-1.466800332E0,2.906681299E0,1.064447117E1
1.986401417E0,-1.310668588E0,2.672184706E0,9.337391853E0
2.006512719E0,-8.745766878E-1,2.060818434E0,7.418348312E0
2.026624125E0,-1.911267042E0,3.312862873E0,7.258029461E0
2.046735427E0,-1.346560955E0,3.137588739E0,7.137789726E0
2.066846781E0,-5.383851007E-3,3.343371391E0,8.424530029E0
2.086958135E0,4.833501875E-1,3.059223652E0,1.058943653E1
2.107069489E0,2.544168711E0,2.236690998E0,1.229731369E1
2.127180844E0,-7.286145091E-1,2.041675806E0,1.268973637E1
2.147292198E0,3.864408433E-1,2.298904419E0,1.041835022E1
2.167403552E0,-2.123630047E-1,2.254637241E0,8.856434822E0
2.187514906E0,-7.908278704E-1,2.492124796E0,7.172485828E0
2.207626260E0,-1.057029366E0,2.511865616E0,6.433701992E0
2.227737614E0,-1.087537885E0,2.289333105E0,6.939784050E0
2.247848969E0,-1.004985452E0,2.102692842E0,8.520243645E0
2.267960323E0,-1.205982566E0,1.925624013E0,1.028435135E1
2.288071677E0,-1.389631748E0,1.563709617E0,1.166381359E1
2.308183031E0,-1.728814363E0,1.122233868E0,1.216451168E1
2.328294385E0,-2.356930256E0,8.273184299E-1,1.202513027E1
2.348405739E0,-2.709273338E0,6.299105883E-1,1.139641571E1
2.368517094E0,-2.882753134E0,6.400800347E-1,1.035194874E1
2.388628448E0,-2.785245657E0,8.632107973E-1,9.454042435E0
2.408739802E0,-2.323430777E0,1.133599758E0,9.153742790E0
2.428851156E0,-1.706082582E0,1.329213023E0,9.254839897E0
2.448962510E0,-1.362114310E0,1.435095429E0,9.458230019E0
2.469073864E0,-1.098305583E0,1.518245935E0,9.658030510E0
2.489185219E0,-1.088734269E0,1.460818172E0,9.742975235E0
2.509296573E0,-1.185045362E0,1.373480201E0,9.763913155E0
2.529407927E0,-1.361516118E0,1.316650629E0,9.790832520E0
2.549519281E0,-1.514656782E0,1.295713425E0,9.820742607E0
2.569630635E0,-1.570289850E0,1.307079315E0,9.803394318E0
2.589741989E0,-1.615753531E0,1.289133191E0,9.835697174E0
2.609853344E0,-1.579861164E0,1.286740422E0,9.926026344E0
2.629964698E0,-1.600200176E0,1.313061476E0,9.848857880E0
2.650076052E0,-1.600200176E0,1.302293777E0,9.613762856E0
2.670187406E0,-1.593021631E0,1.320838094E0,9.403793335E0
2.690298812E0,-1.584048629E0,1.348953724E0,9.403793335E0
2.710410114E0,-1.629512191E0,1.173081279E0,9.865608215E0
2.730521521E0,-1.853241086E0,1.042672515E0,1.051705360E1
2.750632875E0,-1.963310957E0,1.191625714E0,1.062233829E1
2.770744229E0,-1.905285001E0,1.352542996E0,1.026042366E1
2.790855583E0,-1.686341763E0,1.521237016E0,9.736394882E0
2.810966937E0,-1.484148264E0,1.683350682E0,9.192625999E0
2.831078292E0,-1.348355532E0,1.814357758E0,8.905488014E0
2.851189646E0,-1.206580877E0,1.900499344E0,8.857631683E0
2.871301000E0,-1.250848055E0,1.871187329E0,9.067601204E0
2.891412354E0,-1.313659668E0,1.826321840E0,9.395418167E0
2.911523708E0,-1.431506157E0,1.740778446E0,9.670592308E0
2.931635062E0,-1.584048629E0,1.591825247E0,9.910472870E0
2.951746417E0,-1.635494232E0,1.558325768E0,9.932606697E0
2.971857771E0,-1.645065546E0,1.589432478E0,9.803394318E0
2.991969177E0,-1.582852125E0,1.597209096E0,9.726823807E0
3.012080531E0,-1.537986755E0,1.667199135E0,9.626325607E0
3.032191885E0,-1.391426325E0,1.715055585E0,9.550951958E0
3.052303239E0,-1.295115232E0,1.718644857E0,9.516854286E0
3.072414594E0,-1.389631748E0,1.738385677E0,9.594620705E0
3.092525948E0,-1.490728498E0,1.624726534E0,9.717252731E0
3.112637302E0,-1.597209096E0,1.604387641E0,9.784252167E0
3.132748656E0,-1.597807288E0,1.590030670E0,9.790233612E0
3.152860010E0,-1.582253933E0,1.618146300E0,9.768099785E0
3.172971417E0,-1.547558069E0,1.662413478E0,9.713663101E0
3.193082771E0,-1.495514154E0,1.663011789E0,9.654440880E0
3.213194125E0,-1.409372568E0,1.706680775E0,9.658628464E0
3.233305479E0,-1.374078393E0,1.652842283E0,9.686145782E0
3.253416833E0,-1.502094388E0,1.570289850E0,9.806983948E0
3.273528187E0,-1.579262972E0,1.618146300E0,9.937392235E0
3.293639542E0,-1.566700578E0,1.671984792E0,9.850054741E0
3.313750896E0,-1.507478237E0,1.761715651E0,9.620942116E0
3.333862302E0,-1.383649707E0,1.817348838E0,9.437891006E0
3.353973656E0,-1.385444283E0,1.843669891E0,9.396016121E0
3.374085010E0,-1.426122308E0,1.816152334E0,9.364311218E0
3.394196364E0,-1.335195065E0,1.786242127E0,9.539586067E0
3.414307719E0,-1.328614831E0,1.840080619E0,9.628718376E0
3.434419073E0,-1.280758262E0,1.823929071E0,9.623932838E0
3.454530479E0,-1.288534999E0,1.803590059E0,9.583852768E0
3.474641833E0,-1.362114310E0,1.771885157E0,9.607182503E0
3.494753187E0,-1.398604870E0,1.728814363E0,9.700503349E0
3.514864542E0,-1.456032634E0,1.700100541E0,9.756733894E0
3.534975896E0,-1.508674622E0,1.666600943E0,9.803992271E0
3.555087250E0,-1.572084427E0,1.659422517E0,9.813564301E0
3.575198656E0,-1.651645780E0,1.679761529E0,9.818349838E0
3.595310010E0,-1.656431437E0,1.687538147E0,9.763913155E0
3.615421364E0,-1.557129383E0,1.687538147E0,9.690333366E0
3.635532719E0,-1.420140266E0,1.748555183E0,9.589237213E0
3.655644073E0,-1.344168067E0,1.777269006E0,9.541379929E0
3.675755479E0,-1.309472203E0,1.788036704E0,9.528818130E0
3.695866833E0,-1.265205026E0,1.771286964E0,9.629914284E0
3.715978187E0,-1.288534999E0,1.759322882E0,9.721440315E0
3.736089542E0,-1.384247899E0,1.749153376E0,9.725627899E0
3.756200896E0,-1.457229018E0,1.724028707E0,9.643074989E0
3.776312302E0,-1.469791293E0,1.745564103E0,9.573084831E0
3.796423656E0,-1.418345571E0,1.732403636E0,9.535996437E0
3.816535010E0,-1.406381488E0,1.740778446E0,9.619147301E0
3.836646364E0,-1.334596872E0,1.752144337E0,9.780064583E0
3.856757771E0,-1.305882931E0,1.771286964E0,9.780064583E0
3.876869125E0,-1.372283816E0,1.745564103E0,9.699306488E0
3.896980479E0,-1.395015597E0,1.718644857E0,9.634700775E0
3.917091833E0,-1.399203062E0,1.701296926E0,9.637093544E0
3.937203239E0,-1.436291814E0,1.682752490E0,9.668798447E0
3.957314594E0,-1.461416483E0,1.709671736E0,9.741181374E0
3.977425948E0,-1.412961721E0,1.695913076E0,9.769296646E0
3.997537302E0,-1.395015597E0,1.688734531E0,9.755537987E0
4.017648708E0,-1.364507079E0,1.695913076E0,9.686145782E0
4.037760062E0,-1.328016520E0,1.707877159E0,9.610772133E0
4.057871417E0,-1.332203984E0,1.727617979E0,9.554540634E0
4.077982771E0,-1.372882009E0,1.735394597E0,9.559925079E0
4.098094177E0,-1.399203062E0,1.703689694E0,9.637093544E0
4.118205531E0,-1.366301775E0,1.671386600E0,9.736394882E0
4.138316885E0,-1.327418327E0,1.651047587E0,9.764511108E0
4.158428292E0,-1.395613790E0,1.674377680E0,9.783653259E0
4.178539646E0,-1.451246977E0,1.670788407E0,9.768099785E0
4.198651000E0,-1.431506157E0,1.676172256E0,9.683753014E0
4.218762406E0,-1.392024517E0,1.656431437E0,9.628718376E0
4.238873760E0,-1.342971683E0,1.645065546E0,9.659226418E0
4.258985114E0,-1.340578914E0,1.659422517E0,9.719047546E0
4.279096469E0,-1.342971683E0,1.666600943E0,9.791430473E0
4.299207875E0,-1.339382529E0,1.664208174E0,9.738189697E0
4.319319229E0,-1.369890928E0,1.675574064E0,9.636494637E0
4.339430583E0,-1.395015597E0,1.661217093E0,9.619147301E0
4.359541989E0,-1.440479279E0,1.657627940E0,9.686744690E0
4.379653344E0,-1.390828133E0,1.640279889E0,9.747760773E0
4.399764698E0,-1.374078393E0,1.657627940E0,9.744770050E0
4.419876104E0,-1.362114310E0,1.661217093E0,9.701699257E0
4.439987458E0,-1.353141189E0,1.673181176E0,9.666405678E0
4.460098812E0,-1.374078393E0,1.681556106E0,9.634101868E0
4.480210219E0,-1.385444283E0,1.664806366E0,9.639486313E0
4.500321573E0,-1.351346612E0,1.665404558E0,9.664012909E0
4.520432927E0,-1.363908887E0,1.668395638E0,9.695118904E0
4.540544333E0,-1.344766378E0,1.650449395E0,9.773484230E0
4.560655687E0,-1.336391449E0,1.654636860E0,9.800403595E0
4.580767094E0,-1.394417405E0,1.662413478E0,9.751948357E0
4.600878448E0,-1.392622828E0,1.674377680E0,9.657432556E0
4.620989802E0,-1.365703583E0,1.686939955E0,9.564710617E0
4.641101208E0,-1.347757339E0,1.697109461E0,9.606584549E0
4.661212562E0,-1.321436286E0,1.692323804E0,9.746564865E0
4.681323917E0,-1.344168067E0,1.691725612E0,9.760921478E0
4.701435323E0,-1.352542996E0,1.674975872E0,9.714859962E0
4.721546677E0,-1.396211982E0,1.667797327E0,9.650253296E0
4.741658083E0,-1.442872047E0,1.666002750E0,9.675378799E0
4.761769437E0,-1.326221943E0,1.671386600E0,9.753145218E0
4.781880792E0,-1.326221943E0,1.676172256E0,9.718449593E0
4.801992198E0,-1.345962763E0,1.707877159E0,9.664012909E0
4.822103552E0,-1.313659668E0,1.719841242E0,9.632905960E0
4.842214958E0,-1.274776220E0,1.712064624E0,9.635896683E0
4.862326312E0,-1.278963685E0,1.730608940E0,9.687342644E0
4.882437719E0,-1.295115232E0,1.704287887E0,9.734601021E0
4.902549073E0,-1.347757339E0,1.695314884E0,9.775279045E0
4.922660427E0,-1.381256819E0,1.700100541E0,9.735796928E0
4.942771833E0,-1.377667665E0,1.688734531E0,9.683753014E0
4.962883187E0,-1.379462242E0,1.676172256E0,9.718449593E0
4.982994594E0,-1.443470240E0,1.521835208E0,1.001515961E1
5.003105948E0,-1.444666624E0,1.529013634E0,1.041236782E1
5.023217354E0,-1.471585870E0,1.736590981E0,1.029272652E1
5.043328708E0,-1.442273855E0,1.927418590E0,9.748957634E0
5.063440114E0,-1.294517040E0,2.029113531E0,9.323633194E0
5.083551469E0,-1.205384374E0,2.035693884E0,9.186046600E0
5.103662875E0,-1.123430252E0,2.052443504E0,9.282955170E0
5.123774229E0,-1.086939692E0,2.075175524E0,9.489336014E0
5.143885635E0,-1.169492126E0,2.056631088E0,9.633503914E0
5.163996989E0,-1.217348576E0,2.053041935E0,9.655039787E0
5.184108396E0,-1.250249863E0,2.053041935E0,9.694520950E0
5.204219750E0,-1.217348576E0,2.079961061E0,9.795618057E0
5.224331156E0,-1.194616675E0,2.130210400E0,9.836296082E0
5.244442510E0,-1.182652593E0,2.182254314E0,9.802796364E0
5.264553917E0,-1.151545882E0,2.176870346E0,9.855438232E0
5.284665271E0,-1.106082320E0,2.197209358E0,9.940383911E0
5.304776677E0,-1.120439172E0,2.251646042E0,1.003789139E1
5.324888031E0,-1.139581800E0,2.285743713E0,1.011924744E1
5.344999437E0,-1.036092162E0,2.356332064E0,1.008754253E1
5.365110792E0,-8.757730722E-1,2.440679073E0,9.903892517E0
5.385222198E0,-6.640082598E-1,2.551945448E0,9.835099220E0
5.405333552E0,-5.126622319E-1,2.700300455E0,9.824331284E0
5.425444958E0,-5.042873621E-1,2.967100143E0,9.687940598E0
5.445556312E0,-4.671986103E-1,3.127419233E0,9.462417603E0
5.465667719E0,-2.931207716E-1,3.235096216E0,9.383454323E0
5.485779125E0,-2.991028316E-2,3.373281717E0,9.762716293E0
5.505890479E0,-1.004985496E-1,3.460619688E0,9.829116821E0
5.526001885E0,-8.853443712E-2,3.516851187E0,9.606584549E0
5.546113239E0,-1.220339537E-1,3.786043644E0,9.413962364E0
5.566224646E0,1.770688742E-1,3.981656790E0,9.381659508E0
5.586336000E0,3.565305769E-1,4.148556232E0,9.323035240E0
5.606447406E0,4.426721931E-1,4.334000111E0,9.061020851E0
5.626558812E0,3.882354796E-1,4.575077057E0,8.528019905E0
5.646670167E0,5.192425251E-1,4.860421181E0,8.426922798E0
5.666781573E0,7.399803996E-1,5.127819061E0,8.557332039E0
5.686892927E0,7.836494446E-1,5.114060402E0,8.297112465E0
5.707004333E0,8.261220455E-1,5.360520840E0,7.897511005E0
5.727115739E0,1.092323542E0,5.640480995E0,7.995616913E0
5.747227094E0,1.518245935E0,5.852844238E0,8.529216766E0
5.767338500E0,1.323829174E0,5.829514027E0,8.285148621E0
5.787449854E0,8.847461939E-1,5.867201328E0,7.383054256E0
5.807561260E0,5.982056856E-1,6.143572330E0,6.751947403E0
5.827672667E0,1.001396298E0,6.380461693E0,6.290132523E0
5.847784021E0,1.019342422E0,6.514459610E0,5.899504185E0
5.867895427E0,9.284151793E-1,6.822535515E0,5.593821049E0
5.888006781E0,1.123430252E0,7.004988194E0,5.675177097E0
5.908118187E0,1.230509043E0,6.900900364E0,5.767300606E0
5.928229594E0,1.603191137E0,7.008577347E0,6.425326824E0
5.948340948E0,2.000399828E0,7.222734928E0,7.127022266E0
5.968452354E0,1.788036704E0,7.324429989E0,7.278966427E0
5.988563760E0,1.253240824E0,7.139584541E0,7.213163853E0
6.008675114E0,7.310073376E-1,7.065407276E0,6.810571671E0
6.028786521E0,4.426721931E-1,7.058228493E0,6.574280262E0
6.048897927E0,1.322034448E-1,7.067800045E0,6.443273067E0
6.069009281E0,-1.304088384E-1,7.074379921E0,6.259026051E0
6.089120687E0,-4.307080805E-1,7.117451191E0,5.996413708E0
6.109232094E0,-7.316055298E-1,7.121638298E0,5.613562107E0
6.129343448E0,-1.033699393E0,7.049255371E0,5.374877930E0
6.149454854E0,-1.246660590E0,7.020541668E0,5.268397331E0
6.169566260E0,-1.030110121E0,6.917650223E0,5.682953835E0
6.189677614E0,-3.511467278E-1,6.902695179E0,6.714858532E0
6.209789021E0,-3.930211067E-1,6.969096184E0,7.220342159E0
6.229900427E0,-5.108676553E-1,6.913462639E0,7.655237675E0
6.250011781E0,-6.933203340E-1,6.738786697E0,7.806583881E0
6.270123187E0,-1.137188911E0,6.608976364E0,7.532007694E0
6.290234594E0,-1.493719578E0,6.498906136E0,7.049853802E0
6.310346000E0,-1.581057549E0,6.418148518E0,6.994220734E0
6.330457354E0,-1.726421595E0,6.320042610E0,7.137789726E0
6.350568760E0,-2.091326952E0,6.180660725E0,7.156932354E0
6.370680167E0,-2.386242390E0,6.029912949E0,7.030112743E0
6.390791573E0,-2.392822742E0,5.963512421E0,7.060023308E0
6.410902927E0,-2.457428932E0,5.995815277E0,7.263412952E0
6.431014333E0,-2.488535643E0,6.003592014E0,7.569096088E0
6.451125739E0,-2.202593327E0,5.943771362E0,7.837092400E0
6.471237094E0,-1.650449395E0,6.056233883E0,7.987840176E0
6.491348500E0,-1.296909928E0,5.964110374E0,8.191828728E0
6.511459906E0,-1.128814101E0,5.653641701E0,8.620143890E0
6.531571312E0,-9.984052777E-1,5.669195175E0,9.229117393E0
6.551682719E0,-8.321040869E-1,6.057430744E0,9.825528145E0
6.571794073E0,-5.748756528E-1,6.273981094E0,9.729216576E0
6.591905479E0,-3.828516304E-1,6.317649841E0,9.225527763E0
6.612016885E0,-1.902294010E-1,6.311667919E0,8.988637924E0
6.632128292E0,1.337587833E0,6.110072613E0,7.923233986E0
6.652239646E0,5.371887088E-1,5.970092297E0,8.852247238E0
6.672351052E0,1.076770201E-1,5.970092297E0,9.260822296E0
6.692462458E0,-4.600201547E-1,5.830112457E0,9.994221687E0
6.712573864E0,-6.646065116E-1,5.860620975E0,1.044347477E1
6.732685219E0,-8.955138922E-1,5.725426197E0,9.686744690E0
6.752796625E0,-8.081758618E-1,5.703292847E0,8.922835350E0
6.772908031E0,-4.899304509E-1,5.717649937E0,8.624331474E0
6.793019437E0,-1.507478207E-1,5.871388435E0,8.255238533E0
6.813130844E0,8.853443712E-2,6.135795593E0,7.779664516E0
6.833242198E0,1.142572835E-1,6.348158360E0,7.205387115E0
6.853353604E0,-4.426721856E-2,6.429514408E0,6.475576401E0
6.873465010E0,-5.324030295E-2,6.557530403E0,6.041278839E0
6.893576417E0,-1.435693540E-2,6.693323135E0,6.133402824E0
6.913687823E0,2.578266263E-1,6.351149559E0,6.413960934E0
6.933799229E0,6.604190469E-1,6.165107727E0,6.277570248E0
6.953910583E0,7.968099117E-1,6.464210510E0,6.113063812E0
6.974021989E0,5.072783828E-1,6.852446079E0,5.775675774E0
6.994133396E0,2.069791555E-1,7.053442955E0,6.121438503E0
7.014244802E0,-1.405783296E-1,6.573083878E0,6.976872444E0
7.034356208E0,-8.721838593E-1,6.528816700E0,7.274778843E0
7.054467614E0,-1.769492388E0,7.119245529E0,7.474579811E0
7.074578969E0,-1.554138303E0,7.383652687E0,7.673183918E0
7.094690375E0,-3.888336718E-1,6.921239376E0,6.798008919E0
7.114801781E0,2.656033039E-1,6.604190350E0,6.092724800E0
7.134913187E0,1.088734269E-1,6.196812630E0,6.498308182E0
7.155024594E0,9.810572863E-2,5.927619934E0,6.808178425E0
7.175136000E0,3.882354796E-1,5.982056618E0,6.416353703E0
7.195247406E0,-4.013960063E-1,7.923233986E0,4.964509010E0
7.215358760E0,-1.516451359E0,9.607781410E0,3.399004459E0
7.235470167E0,-7.752745152E-1,6.881757736E0,3.703491211E0
7.255581573E0,3.332005441E-1,5.836692810E0,5.405386448E0
7.275692979E0,1.412363529E0,6.748956203E0,6.413960934E0
7.295804385E0,1.314257860E0,7.266404152E0,6.471987247E0
7.315915792E0,1.734796464E-1,7.823333740E0,5.872584820E0
7.336027198E0,-8.967102766E-1,8.062017441E0,5.898906231E0
7.356138604E0,-5.599204898E-1,7.864011765E0,6.988238335E0
7.376250010E0,3.828516230E-2,7.625925541E0,7.267002583E0
7.396361364E0,-3.445664644E-1,7.647460938E0,6.559923172E0
7.416472771E0,5.407779217E-1,7.820940971E0,4.642076015E0
7.436584177E0,1.348953724E0,7.977072716E0,2.395215511E0
7.456695583E0,1.731207132E0,8.025527000E0,2.586641312E0
7.476806989E0,1.539183140E0,7.884350777E0,4.890331268E0
7.496918396E0,5.982056633E-2,7.954340458E0,7.380661488E0
7.517029802E0,-9.649057388E-1,8.021339417E0,8.800801277E0
7.537141208E0,-1.250249863E0,8.043473244E0,8.468199730E0
7.557252614E0,-1.018744230E0,7.973483086E0,7.302894592E0
7.577364021E0,2.392822644E-3,7.891529083E0,6.080760479E0
7.597475427E0,9.475577474E-1,7.545167923E0,5.114658356E0
7.617586833E0,8.685946465E-1,7.174280643E0,4.838885784E0
7.637698239E0,5.383851007E-2,7.165307522E0,4.797609329E0
7.657809646E0,-1.513460279E-1,7.229913712E0,5.218147755E0
7.677921052E0,6.705885530E-1,7.203592777E0,5.294718266E0
7.698032458E0,9.702895880E-1,7.290332317E0,5.254638672E0
7.718143812E0,2.261217386E-1,7.184450150E0,6.073582172E0
7.738255219E0,-4.498506486E-1,7.394420147E0,6.538387775E0
7.758366677E0,2.333002090E-1,7.578069210E0,6.512664795E0
7.778478031E0,1.622333765E0,7.690532207E0,6.020939827E0
7.798589437E0,2.437688112E0,7.883154392E0,5.898906231E0
7.818700844E0,2.508276224E0,7.763513088E0,6.515058041E0
7.838812250E0,1.878963947E0,7.909475327E0,7.190432072E0
7.858923656E0,1.492523074E0,8.075178146E0,7.642675400E0
7.879035062E0,1.366899967E0,8.072785378E0,8.101499557E0
7.899146469E0,1.241874933E0,8.097909927E0,8.339585304E0
7.919257875E0,1.344168067E0,8.127222061E0,7.859225750E0
7.939369281E0,1.657029629E0,8.151748657E0,6.999604225E0
7.959480687E0,1.867598057E0,7.979465485E0,6.381059647E0
7.979592094E0,1.666600943E0,7.790432453E0,5.659623623E0
7.999703500E0,1.098903775E0,7.611568928E0,5.254638672E0
8.019814906E0,3.702892959E-1,7.601399422E0,5.302495003E0
8.039926312E0,9.750752151E-2,7.622336388E0,5.422136307E0
8.060037719E0,1.800599098E-1,7.635497093E0,4.913063049E0
8.080149125E0,2.362912297E-1,7.703692436E0,4.385445595E0
8.100260531E0,3.852444589E-1,7.773682594E0,4.703093052E0
8.120371937E0,2.901297510E-1,7.758129120E0,5.583053589E0
8.140483344E0,-3.828516230E-2,7.651050568E0,6.081358910E0
8.160594802E0,-4.594219327E-1,7.617550850E0,6.072385788E0
8.180706208E0,-6.795616150E-1,7.650452137E0,5.906682491E0
8.200817614E0,-8.051848412E-1,7.700701237E0,5.759523869E0
8.220929021E0,-8.225327730E-1,7.786244869E0,5.721239090E0
8.241040427E0,-5.910272002E-1,7.867002487E0,5.807978630E0
8.261151833E0,-2.201396823E-1,7.911269665E0,5.895915031E0
8.281263239E0,-2.093719877E-2,7.872984886E0,5.821737289E0
8.301374646E0,-4.307080805E-2,7.862216949E0,5.553143024E0
8.321486052E0,-2.069791555E-1,7.925028801E0,5.253442287E0
8.341597458E0,-1.698904037E-1,7.905287743E0,5.267798901E0
8.361708864E0,-1.824527234E-1,7.898109436E0,5.267200947E0
8.381820271E0,-3.230310678E-1,7.990232944E0,5.110470772E0
8.401931677E0,-1.579262912E-1,8.082955360E0,5.264209747E0
8.422043083E0,1.890329868E-1,8.170292854E0,5.303691387E0
8.442154489E0,3.702892959E-1,8.155936241E0,5.148756027E0
8.462265896E0,2.877369225E-1,8.092526436E0,5.203791142E0
8.482377302E0,-2.991028363E-3,8.037490845E0,5.382654667E0
8.502488760E0,-2.303091735E-1,7.971688747E0,5.513063431E0
8.522600167E0,-3.230310678E-1,8.001000404E0,5.534000397E0
8.542711573E0,-2.099701911E-1,8.016553879E0,5.529813290E0
8.562822979E0,-7.657032460E-2,7.996813297E0,5.575874805E0
8.582934385E0,1.316052489E-2,8.012366295E0,5.545366287E0
8.603045792E0,5.383851007E-3,8.017750740E0,5.459224701E0
8.623157198E0,-7.776673883E-2,8.008777618E0,5.425725460E0
8.643268604E0,-9.332008660E-2,8.023134232E0,5.442475319E0
8.663380010E0,7.238288224E-2,8.064410210E0,5.420341492E0
8.683491469E0,2.548356056E-1,8.041678429E0,5.494519234E0
8.703602875E0,1.890329868E-1,8.068597794E0,5.499304771E0
8.723714281E0,2.434697002E-1,8.098507881E0,5.385047436E0
8.743825687E0,4.929214716E-1,8.134998322E0,5.038686275E0
8.763937094E0,5.300102234E-1,8.134400368E0,5.000999451E0
8.784048500E0,2.033899277E-1,8.124231339E0,5.380859852E0
8.804159906E0,1.435693540E-2,8.142775536E0,5.596213818E0
8.824271312E0,-1.010967568E-1,8.073982239E0,5.784050465E0
8.844382771E0,-1.543370634E-1,7.928019524E0,5.942574978E0
8.864494177E0,-2.769692242E-1,7.948358536E0,6.040082455E0
8.884605583E0,-8.853443712E-2,8.000402451E0,5.852844238E0
8.904716989E0,1.830509305E-1,8.016553879E0,5.496912003E0
8.924828396E0,1.938186288E-1,7.990831375E0,5.383851051E0
8.944939802E0,8.973085135E-2,8.051250458E0,5.506483078E0
8.965051208E0,-9.571290575E-3,8.076972961E0,5.651248932E0
8.985162667E0,-3.649054468E-2,8.005187988E0,5.702694416E0
9.005274073E0,-4.127619043E-2,7.951349735E0,5.740979671E0
9.025385479E0,-5.503492057E-2,8.003393173E0,5.785845280E0
9.045496885E0,4.426721856E-2,8.018946648E0,5.919843197E0
9.065608292E0,-6.460621208E-2,8.042277336E0,5.714060307E0
9.085719698E0,-3.529413342E-1,8.078767776E0,5.449653625E0
9.105831156E0,-3.272185028E-1,8.103293419E0,5.417350292E0
9.125942562E0,-9.571290761E-2,8.142177582E0,5.590231895E0
9.146053969E0,1.854437590E-2,8.151150703E0,5.630311489E0
9.166165375E0,-1.794616925E-3,8.174480438E0,5.478965759E0
9.186276781E0,-3.230310604E-2,8.182855606E0,5.209773064E0
9.206388187E0,-3.649054468E-2,8.197212219E0,4.986044407E0
9.226499646E0,-4.067798331E-2,8.160123825E0,4.852046013E0
9.246611052E0,-2.087737769E-1,8.157731056E0,4.837090969E0
9.266722458E0,-2.799602449E-1,8.197810173E0,4.908277512E0
9.286833864E0,-2.021935135E-1,8.165507317E0,5.120640278E0
9.306945323E0,-8.315058798E-2,8.174480438E0,5.288137913E0
9.327056729E0,-5.862415582E-2,8.239685059E0,5.291129112E0
9.347168135E0,-1.274178028E-1,8.236095428E0,5.304887772E0
9.367279542E0,-2.093719840E-1,8.284550667E0,5.237888813E0
9.387390948E0,-1.286142170E-1,8.341978073E0,5.193023205E0
9.407502406E0,2.572284341E-1,8.400003433E0,5.133800983E0
9.427613812E0,7.824530005E-1,8.381459236E0,5.061418056E0
9.447725219E0,7.651050687E-1,8.376075745E0,4.849653244E0
9.467836625E0,3.672982752E-1,8.349156380E0,4.734797955E0
9.487948083E0,4.426721856E-2,8.396414757E0,4.868795872E0
9.508059489E0,4.845465720E-2,8.340781212E0,5.122435093E0
9.528170896E0,1.435693651E-1,8.232506752E0,5.247459888E0
9.548282302E0,4.426721856E-2,8.233702660E0,5.221737385E0
9.568393708E0,-4.725824669E-2,8.210970879E0,5.215157032E0
9.588505167E0,-5.563312769E-2,8.221738815E0,5.258825779E0
9.608616573E0,-4.127619043E-2,8.204988480E0,5.360520840E0
9.628727979E0,-1.064806059E-1,8.225926399E0,5.367101192E0
9.648839437E0,-2.261217386E-1,8.240880966E0,5.265406132E0
9.668950844E0,-1.190429255E-1,8.239086151E0,5.251049519E0
9.689062250E0,6.580262445E-3,8.270791054E0,5.175675392E0
9.709173656E0,4.785645381E-2,8.259425163E0,5.036891460E0
9.729285114E0,1.734796353E-2,8.261219978E0,5.047060966E0
9.749396521E0,4.666004330E-2,8.312067986E0,5.106283665E0
9.769507927E0,1.818545163E-1,8.343173981E0,5.137988567E0
9.789619333E0,2.422732860E-1,8.338987350E0,5.105685234E0
9.809730792E0,1.405783296E-1,8.383852005E0,5.007579803E0
9.829842198E0,9.272187948E-2,8.385646820E0,4.991427898E0
9.849953604E0,1.268195957E-1,8.356932640E0,5.023132801E0
9.870065010E0,6.520441920E-2,8.353343964E0,5.014159679E0
9.890176469E0,2.572284266E-2,8.359326363E0,4.956133842E0
9.910287875E0,1.034895778E-1,8.390432358E0,4.878965378E0
9.930399281E0,1.268195957E-1,8.303692818E0,4.905286312E0
9.950510739E0,5.084748194E-2,8.312665939E0,4.974080086E0
9.970622146E0,-7.776673883E-2,8.252246857E0,5.076373100E0
9.990733552E0,-1.435693651E-1,8.269595146E0,5.159523964E0
1.001084501E1,-3.948157281E-2,8.281558990E0,5.186442852E0
1.003095642E1,-1.316052489E-2,8.308478355E0,5.109274387E0
1.005106782E1,-9.391828626E-2,8.329415321E0,5.018945694E0
1.007117928E1,-1.375873089E-1,8.273183823E0,4.998008251E0
1.009129069E1,-2.159522474E-1,8.251648903E0,5.025525570E0
1.011140209E1,-3.361915946E-1,8.279764175E0,5.166104317E0
1.013151350E1,-2.967100143E-1,8.316853523E0,5.251647472E0
1.015162496E1,-1.417747438E-1,8.257631302E0,5.155336380E0
1.017173636E1,-3.170489892E-2,8.251050949E0,4.986044407E0
1.019184777E1,-4.247260094E-2,8.320442200E0,4.800002098E0
1.021195923E1,-9.990034252E-2,8.305487633E0,4.770092010E0
1.023207064E1,-1.082752272E-1,8.338987350E0,4.865206718E0
1.025218204E1,5.383851007E-3,8.354539871E0,5.015356064E0
1.027229350E1,8.733802289E-2,8.343173981E0,5.152943611E0
1.029240491E1,-1.794616925E-3,8.358727455E0,5.297111034E0
1.031251631E1,-5.324030295E-2,8.391629219E0,5.297709465E0
1.033262777E1,1.076770201E-2,8.386244774E0,5.124229908E0
1.035273918E1,-8.973085321E-3,8.383254051E0,4.904688358E0
1.037285058E1,-1.495514158E-2,8.371290207E0,4.854438782E0
1.039296204E1,-4.785645287E-3,8.346763611E0,4.969892502E0
1.041307345E1,-8.434699476E-2,8.313263893E0,5.092525005E0
1.043318485E1,-1.399801224E-1,8.324031830E0,5.233701229E0
1.045329631E1,-7.657032460E-2,8.333004951E0,5.164309502E0
1.047340772E1,7.776673418E-3,8.354539871E0,4.973481655E0
1.049351918E1,-3.409772366E-2,8.331210136E0,4.873581409E0
1.051363058E1,-1.573280841E-1,8.283353806E0,4.874179840E0
1.053374199E1,-2.033899277E-1,8.302495956E0,5.020740032E0
1.055385345E1,-1.758724600E-1,8.283353806E0,5.164907455E0
1.057396485E1,-1.710868180E-1,8.285746574E0,5.162514687E0
1.059407626E1,-1.495514214E-1,8.328219414E0,5.072783947E0
1.061418772E1,-1.184447184E-1,8.318049431E0,4.969294548E0
1.063429912E1,-1.280160099E-1,8.327022552E0,4.863411903E0
1.065441053E1,-1.561316848E-1,8.277371407E0,4.916054249E0
1.067452199E1,-1.854437590E-1,8.325826645E0,5.066203594E0
1.069463340E1,-8.853443712E-2,8.339585304E0,5.153541565E0
1.071474485E1,-4.247260094E-2,8.341978073E0,5.076971531E0
1.073485626E1,-4.725824669E-2,8.364709854E0,4.947160721E0
1.075496767E1,-3.948157281E-2,8.325826645E0,4.901099205E0
1.077507913E1,-7.357929647E-2,8.368897438E0,4.914857864E0
1.079519053E1,-1.094716340E-1,8.337790489E0,4.963312149E0
1.081530199E1,-1.286142170E-1,8.366504669E0,5.019543648E0
1.083541340E1,-5.443671346E-2,8.300702095E0,5.033900738E0
1.085552480E1,8.973085321E-3,8.304290771E0,5.040481091E0
1.087563626E1,-3.589233849E-3,8.318648338E0,5.070989609E0
1.089574767E1,-1.316052489E-2,8.352147102E0,5.129015446E0
1.091585912E1,1.016949583E-2,8.367102623E0,5.144568920E0
1.093597053E1,-3.170489892E-2,8.383852005E0,5.093122959E0
1.095608194E1,-2.392822690E-2,8.333602905E0,5.053641319E0
1.097619340E1,1.794616925E-3,8.352147102E0,5.040481091E0
1.099630480E1,-1.794616925E-3,8.328817368E0,5.076373100E0
1.101641626E1,-6.101697683E-2,8.279166222E0,5.133202553E0
1.103652767E1,-1.184447184E-1,8.277970314E0,5.160720348E0
1.105663907E1,-9.092725813E-2,8.309675217E0,5.178666592E0
1.107675053E1,-2.153540403E-2,8.334200859E0,5.184050083E0
1.109686194E1,7.776673418E-3,8.369495392E0,5.132604599E0
1.111697340E1,-1.016949583E-2,8.388039589E0,5.130809784E0
1.113708480E1,-5.742774159E-2,8.341978073E0,5.124827862E0
1.115719626E1,-1.393819153E-1,8.313861847E0,4.995615482E0
1.117730767E1,-1.615155339E-1,8.263014793E0,4.853840828E0
1.119741907E1,-1.728814393E-1,8.249854088E0,4.832305431E0
1.121753053E1,-1.621137410E-1,8.243872643E0,4.925027370E0
1.123764194E1,-1.962114573E-1,8.266604424E0,5.115256786E0
1.125775340E1,-2.099701911E-1,8.297710419E0,5.215754986E0
1.127786480E1,-1.920240223E-1,8.294719696E0,5.184648514E0
1.129797626E1,-1.280160099E-1,8.317451477E0,5.114658356E0
1.131808767E1,-4.127619043E-2,8.294121742E0,5.085346222E0
1.133819913E1,-5.204389244E-2,8.314460754E0,5.050650597E0
1.135831053E1,-1.172483116E-1,8.326424599E0,4.962115765E0
1.137842199E1,-1.238285750E-1,8.309675217E0,5.018347263E0
1.139853340E1,-8.673982322E-2,8.326424599E0,5.117051125E0
1.141864480E1,-2.632104978E-2,8.346763611E0,5.094319344E0
1.143875626E1,6.520441920E-2,8.382656097E0,5.008776188E0
1.145886767E1,1.208375469E-1,8.404191017E0,4.936393261E0
1.147897912E1,6.999006122E-2,8.394021988E0,4.926821709E0
1.149909053E1,-3.948157281E-2,8.353343964E0,4.966303349E0
1.151920199E1,-1.298106313E-1,8.327621460E0,5.041079044E0
1.153931340E1,-9.990034252E-2,8.350951195E0,5.074578762E0
1.155942485E1,-1.674975827E-2,8.317451477E0,5.069194794E0
1.157953626E1,-2.153540403E-2,8.301300049E0,4.987838745E0
1.159964772E1,-8.853443712E-2,8.315058708E0,4.916652203E0
1.161975912E1,-9.092725813E-2,8.333602905E0,4.983053207E0
1.163987058E1,-1.040877849E-1,8.327022552E0,5.104488850E0
1.165998199E1,-1.357926875E-1,8.322237015E0,5.128417015E0
1.168009345E1,-1.316052526E-1,8.298309326E0,5.146961689E0
1.170020485E1,-4.307080805E-2,8.318049431E0,5.036891460E0
1.172031631E1,-1.854437590E-2,8.314460754E0,4.998606682E0
1.174042772E1,-4.845465720E-2,8.310871124E0,4.994419098E0
1.176053918E1,-1.172483116E-1,8.315656662E0,5.065605640E0
1.178065058E1,-6.340979785E-2,8.343772888E0,5.128417015E0
1.180076204E1,-1.076770201E-2,8.358129501E0,5.072783947E0
1.182087345E1,-7.477571070E-2,8.371290207E0,5.041677475E0
1.184098491E1,-1.100698411E-1,8.360522270E0,5.042873859E0
1.186109631E1,-1.734796353E-2,8.332406998E0,5.021338463E0
1.188120777E1,6.520441920E-2,8.291728973E0,4.974678040E0
1.190131918E1,-3.050848842E-2,8.296514511E0,4.954339504E0
1.192143064E1,-1.722832322E-1,8.271987915E0,4.999204636E0
1.194154204E1,-1.752742529E-1,8.283353806E0,5.133202553E0
1.196165350E1,-8.315058798E-2,8.311469078E0,5.182255745E0
1.198176491E1,-3.888336942E-2,8.322237015E0,5.076373100E0
1.200187636E1,-2.273181453E-2,8.354539871E0,4.960919380E0
1.202198777E1,-2.811566554E-2,8.331210136E0,5.026721954E0
1.204209923E1,-6.520441920E-2,8.326424599E0,5.127220631E0
1.206221064E1,-3.349951655E-2,8.340183258E0,5.112265587E0
1.208232209E1,2.991028363E-3,8.344370842E0,5.021936417E0
1.210243350E1,2.093719877E-2,8.352746010E0,4.981856823E0
1.212254496E1,5.563312769E-2,8.392825127E0,5.010570526E0
1.214265636E1,7.776673883E-2,8.397012711E0,5.060221672E0
1.216276782E1,3.708875179E-2,8.353941917E0,5.062614441E0
1.218287923E1,-1.196411345E-2,8.310871124E0,5.044070244E0
1.220299069E1,-3.409772366E-2,8.309076309E0,5.011168957E0
1.222310209E1,-2.991028316E-2,8.266604424E0,5.054239750E0
1.224321355E1,-1.148554832E-1,8.265407562E0,5.110470772E0
1.226332501E1,-1.824527234E-1,8.266005516E0,5.214558601E0
1.228343642E1,-1.842473447E-1,8.261219978E0,5.243870735E0
1.230354788E1,-1.722832322E-1,8.300103188E0,5.117051125E0
1.232365928E1,-1.106680483E-1,8.316255569E0,4.962714195E0
1.234377074E1,-4.845465720E-2,8.303094864E0,4.868197441E0
1.236388215E1,-8.015955985E-2,8.249256134E0,4.843671322E0
1.238399360E1,-1.878365725E-1,8.259425163E0,5.016552448E0
1.240410501E1,-1.585244983E-1,8.297112465E0,5.278566837E0
1.242421647E1,3.170489892E-2,8.326424599E0,5.374279499E0
1.244432793E1,1.507478207E-1,8.363512993E0,5.196014404E0
1.246443933E1,1.058823988E-1,8.357531548E0,5.015954494E0
1.248455079E1,1.854437590E-2,8.367102623E0,5.003392220E0
1.250466220E1,1.256231871E-2,8.327022552E0,5.159523964E0
1.252477366E1,-1.674975827E-2,8.303692818E0,5.230710506E0
1.254488506E1,-2.333002165E-2,8.312665939E0,5.133800983E0
1.256499652E1,1.938186288E-1,8.331210136E0,5.018347263E0
1.258510793E1,2.757728100E-1,8.368298531E0,4.957330227E0
1.260521939E1,2.165504545E-1,8.443673134E0,4.978865623E0
1.262533079E1,-9.631111473E-2,8.327022552E0,5.027918816E0
1.264544225E1,-3.678964674E-1,8.383254051E0,5.019543648E0
1.266555371E1,-3.499503136E-1,8.281558990E0,5.018945694E0
1.268566511E1,-2.021935135E-1,8.279166222E0,5.074578762E0
1.270577657E1,-1.034895778E-1,8.282755852E0,5.064409256E0
1.272588798E1,-1.339980662E-1,8.277371407E0,5.082953453E0
1.274599944E1,-2.578266263E-1,8.286943436E0,5.132604599E0
1.276611090E1,-2.458625287E-1,8.292924881E0,5.133800983E0
1.278622230E1,-1.806581169E-1,8.293522835E0,5.104488850E0
1.280633376E1,-1.872383654E-1,8.266604424E0,5.101497650E0
1.282644517E1,-1.824527234E-1,8.287541389E0,5.061418056E0
1.284655663E1,-1.579262912E-1,8.312665939E0,5.020740032E0
1.286666803E1,-8.793623000E-2,8.281558990E0,5.031507969E0
1.288677949E1,-1.238285750E-1,8.294121742E0,5.110470772E0
1.290689095E1,-1.657029688E-1,8.329415321E0,5.100899696E0
1.292700235E1,-6.221338734E-2,8.357531548E0,5.076373100E0
1.294711381E1,-2.392822644E-3,8.410771370E0,5.025525570E0
1.296722522E1,1.375873014E-2,8.364709854E0,5.018347263E0
1.298733668E1,-7.896314561E-2,8.357531548E0,5.015954494E0
1.300744808E1,-1.453639716E-1,8.375477791E0,4.975276470E0
1.302755954E1,-1.369891018E-1,8.349156380E0,4.923232555E0
1.304767100E1,-1.148554832E-1,8.354539871E0,4.876572609E0
1.306778241E1,-1.052841991E-1,8.334200859E0,4.921437740E0
1.308789386E1,-1.615155339E-1,8.344370842E0,5.038686275E0
1.310800527E1,-1.866401732E-1,8.355138779E0,5.038686275E0
1.312811673E1,-1.645065546E-1,8.330014229E0,5.044668198E0
1.314822819E1,-1.591227055E-1,8.334799767E0,5.088337421E0
1.316833959E1,-1.884347796E-1,8.310273170E0,5.066203594E0
1.318845105E1,-2.566302419E-1,8.308478355E0,5.029713154E0
1.320856251E1,-2.943171859E-1,8.287541389E0,4.975874901E0
1.322867392E1,-2.913261652E-1,8.284550667E0,4.904688358E0
1.324878538E1,-3.092723191E-1,8.276773453E0,4.917848587E0
1.326889678E1,-3.726821244E-1,8.243273735E0,4.887938499E0
1.328900824E1,-2.811566591E-1,8.247461319E0,4.835296154E0
1.330911970E1,-1.830509305E-1,8.235497475E0,4.724030018E0
1.332923110E1,-2.135594189E-1,8.238488197E0,4.619344234E0
1.334934256E1,-3.625126183E-1,8.250452042E0,4.532006264E0
1.336945397E1,-4.402793646E-1,8.222934723E0,4.551148891E0
1.338956543E1,-5.102694035E-1,8.053643227E0,4.428516388E0
1.340967689E1,-5.605186820E-1,7.893921852E0,4.084548473E0
1.342978829E1,-4.606183469E-1,7.830512047E0,3.789632797E0
1.344989975E1,-1.262213886E-1,7.871190071E0,4.534399033E0
1.347001121E1,-8.913264424E-2,7.679165840E0,5.947360516E0
1.349012261E1,-3.511467278E-1,7.585845947E0,6.949355125E0
1.351023407E1,-8.476574421E-1,7.516454220E0,6.747161865E0
1.353034548E1,-1.099501967E0,7.368099213E0,5.906682491E0
1.355045694E1,-1.168295622E0,7.222734928E0,5.366502762E0
1.357056840E1,-9.158528447E-1,7.048058987E0,5.423930645E0
1.359067980E1,-7.178468108E-1,6.748358250E0,5.616552830E0
1.361079126E1,-7.393822074E-1,6.506084919E0,6.098108292E0
1.363090272E1,-1.093519926E0,6.193821430E0,6.361917019E0
1.365101413E1,-1.645663738E0,5.924030781E0,6.634100914E0
1.367112558E1,-1.995015860E0,5.576473236E0,6.881757736E0
1.369123699E1,-2.097309113E0,5.408975601E0,7.039085865E0
1.371134845E1,-1.791625977E0,5.101497650E0,7.153941631E0
1.373145991E1,-1.801197290E0,4.810770035E0,7.343572617E0
1.375157131E1,-2.065006018E0,4.442275047E0,7.703692436E0
1.377168277E1,-2.200200319E0,4.096512318E0,8.186444283E0
1.379179423E1,-1.956730723E0,4.013361931E0,8.426922798E0
1.381190564E1,-1.485942841E0,3.901497364E0,8.368298531E0
1.383201709E1,-1.113260746E0,3.684946775E0,8.027321815E0
1.385212855E1,-1.086341500E0,3.672384501E0,7.942376614E0
1.387223996E1,-5.341976285E-1,3.719044685E0,7.884948730E0
1.389235142E1,4.953143001E-1,3.830310822E0,7.618149281E0
1.391246288E1,1.055832982E0,4.049852371E0,7.679165840E0
1.393257428E1,5.563312769E-1,4.341178417E0,8.221738815E0
1.395268574E1,4.785645287E-3,3.610171080E0,9.123234749E0
1.397279720E1,-9.367900491E-1,2.779861689E0,9.406784058E0
1.399290860E1,-1.680957913E0,2.921038151E0,9.540781975E0
1.401302006E1,-8.548358679E-1,3.108874798E0,1.027777100E1
1.403313147E1,4.061816335E-1,3.103491068E0,1.054158020E1
1.405324293E1,5.557330847E-1,3.235694408E0,1.026161957E1
1.407335438E1,-2.009970993E-1,3.453441381E0,1.080419254E1
1.409346584E1,-2.787638307E-1,3.391227961E0,1.071087265E1
1.411357725E1,-3.218346536E-1,3.412763357E0,1.041954613E1
1.413368871E1,-2.333002090E-1,3.144168854E0,9.833903313E0
1.415380011E1,-5.988038778E-1,3.096312523E0,9.498908043E0
1.417391157E1,-1.699502230E0,3.081955671E0,9.499505997E0
1.419402303E1,-2.417947292E0,3.100499868E0,1.002891827E1
1.421413449E1,-1.680359721E0,3.026920557E0,1.049970531E1
1.423424590E1,-7.764709592E-1,2.968296528E0,1.082991505E1
1.425435735E1,-6.622136831E-1,2.560320139E0,1.097647572E1
1.427446876E1,-1.651047587E0,2.000399828E0,1.111765194E1
1.429458022E1,-2.592623234E0,1.258026481E0,1.092263699E1
1.431469168E1,-3.242274761E0,9.493523836E-1,1.056610680E1
1.433480314E1,-2.677568436E0,9.906286001E-1,1.042074299E1
1.435491454E1,-8.321040869E-1,1.234696507E0,1.013479996E1
1.437502600E1,1.944168359E-1,1.715055585E0,9.835697174E0
1.439513746E1,1.752742529E-1,2.352144718E0,9.599406242E0
1.441524886E1,6.903293133E-1,2.672184706E0,9.221938133E0
1.443536032E1,1.332203984E0,2.617149830E0,8.808578491E0
1.445547173E1,1.476371527E0,2.438884497E0,8.866603851E0
1.447558319E1,1.005583763E0,1.937588096E0,9.330213547E0
1.449569465E1,1.329811215E0,-7.896314561E-2,8.113463402E0
1.451580610E1,-1.830509305E0,2.759522676E0,9.736993790E0
1.453591751E1,-1.055832982E0,2.104487419E0,1.133480072E1
1.455602897E1,9.732806087E-1,-1.166501045E-1,1.186361504E1
1.457614043E1,1.708475351E0,-7.722834945E-1,1.242413330E1
1.459625183E1,1.770688772E0,-2.189432681E-1,1.316889954E1
1.461636329E1,1.410568953E0,5.563312769E-2,1.326521015E1
1.463647475E1,8.775677085E-1,-1.704886109E-1,1.277767277E1
1.465658616E1,6.831508875E-1,-1.974078715E-1,1.177986622E1
1.467669761E1,7.058826685E-1,1.615155302E-2,1.066720295E1
1.469680907E1,8.458628058E-1,2.297109663E-1,9.738788605E0
1.471692053E1,8.458628058E-1,4.336991012E-1,8.986844063E0
1.473703194E1,2.901297510E-1,6.323033571E-1,8.483752251E0
1.475714340E1,-4.247260094E-1,9.397810698E-1,8.402397156E0
1.477725485E1,-6.622136831E-1,1.207777262E0,8.706883430E0
1.479736626E1,-4.378865361E-1,1.334596872E0,9.086744308E0
1.481747772E1,5.383851007E-2,1.213161111E0,9.301499367E0
1.483758918E1,4.271188378E-1,1.120439172E0,9.451051712E0
1.485770058E1,1.615155339E-1,1.212562919E0,9.439086914E0
1.487781204E1,-2.267199457E-1,1.331007600E0,9.446265221E0
1.489792350E1,-5.258227587E-1,1.451246977E0,9.553344727E0
1.491803496E1,2.093719877E-2,1.414756417E0,9.236893654E0
1.493814636E1,9.224331379E-1,1.367498159E0,9.114261627E0
1.495825782E1,1.285543919E0,1.223330617E0,9.485149384E0
1.497836928E1,8.787640929E-1,1.046261668E0,1.001336479E1
1.499848069E1,-7.956135273E-2,9.613165259E-1,1.034058285E1
1.501859215E1,-9.481559992E-1,8.703892231E-1,1.047936630E1
1.503870360E1,-8.255237937E-1,7.322037220E-1,1.060020447E1
1.505881501E1,-9.810572863E-2,6.382854581E-1,1.052782154E1
1.507892647E1,8.913264424E-2,6.999006271E-1,1.026520920E1
1.509903793E1,-2.572284341E-1,8.015955687E-1,1.014197922E1
1.511914939E1,-3.966103494E-1,9.158528447E-1,1.018744278E1
1.513926079E1,-1.076770201E-1,9.678967595E-1,1.018265629E1
1.515937225E1,4.307080805E-2,9.894321561E-1,9.960722923E0
1.517948371E1,1.106680483E-1,1.077368379E0,9.723833084E0
1.519959511E1,1.208375469E-1,1.122233868E0,9.579665184E0
1.521970657E1,-8.973085321E-3,1.132403374E0,9.604191780E0
1.523981803E1,-4.725824669E-2,1.123430252E0,9.644271851E0
1.525992949E1,-1.136590727E-2,1.115653515E0,9.684949875E0
1.528004090E1,6.699903309E-2,1.095314622E0,9.777072906E0
1.530015235E1,1.393819153E-1,1.069591761E0,9.798010826E0
1.532026381E1,1.627119333E-1,1.040877819E0,9.748957634E0
1.534037522E1,4.725824669E-2,9.954141974E-1,9.835697174E0
1.536048668E1,-2.572284266E-2,9.643075466E-1,1.003011417E1
1.538059814E1,-1.674975902E-1,9.720842242E-1,1.008156013E1
1.540070959E1,-2.368894368E-1,9.702895880E-1,1.003609657E1
1.542082100E1,-9.272187948E-2,9.134600163E-1,9.991828918E0
1.544093246E1,-7.836493850E-2,8.584251404E-1,9.973284721E0
1.546104392E1,-2.291127741E-1,8.141579032E-1,9.966106415E0
1.548115538E1,-3.349951804E-1,7.788637877E-1,9.992427826E0
1.550126678E1,-3.882354796E-1,8.255237937E-1,9.986445427E0
1.552137824E1,-3.200400174E-1,8.344969153E-1,9.923633575E0
1.554148970E1,-3.044866920E-1,7.818548083E-1,9.894321442E0
1.556160116E1,-3.062812984E-1,6.921239495E-1,9.872187614E0
1.558171256E1,-3.379862010E-1,6.999006271E-1,9.853643417E0
1.560182402E1,-4.043870270E-1,7.657032609E-1,9.808179855E0
1.562193548E1,-4.079762697E-1,7.932206988E-1,9.857233047E0
1.564204689E1,-2.626122832E-1,7.710871100E-1,9.891330719E0
1.566215834E1,-1.674975902E-1,7.992027402E-1,9.828518867E0
1.568226980E1,-2.997010350E-1,8.500502706E-1,9.771689415E0
1.570238126E1,-4.097708762E-1,8.578268886E-1,9.832108498E0
1.572249267E1,-3.708875179E-1,8.452646136E-1,9.864411354E0
1.574260413E1,-3.553341627E-1,8.673982024E-1,9.819545746E0
1.576271558E1,-3.481557071E-1,8.500502706E-1,9.876375198E0
1.578282704E1,-2.207378894E-1,8.135597110E-1,9.995418549E0
1.580293845E1,-1.932204217E-1,8.500502706E-1,9.975677490E0
1.582304991E1,-2.967100143E-1,8.476574421E-1,9.975677490E0
1.584316136E1,-2.494517565E-1,8.075776696E-1,9.920044899E0
1.586327282E1,-3.517449200E-1,8.213363886E-1,9.865009308E0
1.588338423E1,-4.498506486E-1,7.854440212E-1,9.853643417E0
1.590349569E1,-3.762713671E-1,7.788637877E-1,9.850652695E0
1.592360715E1,-2.847459018E-1,7.854440212E-1,9.825528145E0
1.594371855E1,-2.596212626E-1,7.824530005E-1,9.869196892E0
1.596383001E1,-3.218346536E-1,7.926225066E-1,9.899106979E0
1.598394147E1,-3.966103494E-1,8.243274093E-1,9.854840279E0
1.600405293E1,-3.421736360E-1,8.368897438E-1,9.805787086E0
1.602416439E1,-2.602194548E-1,8.530412912E-1,9.771091461E0
1.604427579E1,-2.524427772E-1,8.476574421E-1,9.787840843E0
1.606438725E1,-2.404786795E-1,8.273184299E-1,9.906884193E0
1.608449871E1,-1.716850251E-1,8.039883971E-1,9.919445992E0
1.610461017E1,-2.500499785E-1,8.285148144E-1,9.854242325E0
1.612472157E1,-3.158525825E-1,8.087740541E-1,9.894919395E0
1.614483303E1,-2.309073806E-1,7.722834945E-1,9.938589096E0
1.616494449E1,-2.536391914E-1,7.423732281E-1,9.965508461E0
1.618505595E1,-2.039881349E-1,7.345965505E-1,9.896116257E0
1.620516735E1,-2.937189937E-1,7.752745152E-1,9.920642853E0
1.622527881E1,-4.115654826E-1,7.914260626E-1,9.924830437E0
1.624539027E1,-3.571287692E-1,7.513462901E-1,9.933204651E0
1.626550173E1,-2.243271172E-1,7.477570772E-1,9.899705887E0
1.628561314E1,-1.752742529E-1,7.776673436E-1,9.926624298E0
1.630572459E1,-1.238285750E-1,7.692924738E-1,9.984650612E0
1.632583605E1,-1.896311939E-1,7.663014531E-1,1.003190899E1
1.634594751E1,-2.745763958E-1,7.609176040E-1,9.969695091E0
1.636605892E1,-2.602194548E-1,7.525427341E-1,9.799206734E0
1.638617038E1,-2.273181528E-1,7.184450030E-1,9.749555588E0
1.640628183E1,-3.110669553E-1,6.945167780E-1,9.836296082E0
1.642639329E1,-3.607180119E-1,6.711867452E-1,9.917651176E0
1.644650475E1,-3.750749528E-1,6.813562512E-1,1.001156998E1
1.646661616E1,-2.656033039E-1,6.777670383E-1,1.003190899E1
1.648672761E1,-1.860419661E-1,6.765705943E-1,9.981060982E0
1.650683907E1,-2.159522474E-1,6.693921089E-1,9.905687332E0
1.652695053E1,-3.349951804E-1,6.646065116E-1,9.866804123E0
1.654706194E1,-4.594219327E-1,6.789634228E-1,9.905089378E0
1.656717340E1,-4.378865361E-1,6.741777658E-1,9.957133293E0
1.658728485E1,-2.003988922E-1,6.544370055E-1,9.927223206E0
1.660739631E1,-1.716850251E-1,6.975077987E-1,9.854242325E0
1.662750772E1,-2.644068897E-1,6.939185858E-1,9.853045464E0
1.664761918E1,-3.092723191E-1,6.807580590E-1,9.903892517E0
1.666773064E1,-3.649054468E-1,7.034898400E-1,9.919445992E0
1.668784209E1,-3.493520916E-1,6.891329288E-1,9.856635094E0
1.670795355E1,-3.990031779E-1,6.669993401E-1,9.878170013E0
1.672806496E1,-4.019941986E-1,6.412764788E-1,9.915258408E0
1.674817642E1,-2.955136001E-1,6.209374666E-1,9.867402077E0
1.676828788E1,-2.937189937E-1,6.155536175E-1,9.789635658E0
1.678839933E1,-4.055834413E-1,6.412764788E-1,9.824930191E0
1.680851074E1,-4.145565331E-1,6.406782866E-1,9.857233047E0
1.682862220E1,-3.708875179E-1,6.406782866E-1,9.845269203E0
1.684873366E1,-4.420739710E-1,6.406782866E-1,9.816555023E0
1.686884511E1,-4.384847581E-1,6.412764788E-1,9.844072342E0
1.688895657E1,-2.991028428E-1,6.065805554E-1,9.917651176E0
1.690906798E1,-1.621137410E-1,5.886343718E-1,9.903892517E0
1.692917944E1,-2.452643216E-1,5.910272002E-1,9.904491425E0
1.694929090E1,-3.661018610E-1,5.760720372E-1,9.948160172E0
1.696940235E1,-3.343969584E-1,6.005984545E-1,9.955936432E0
1.698951381E1,-2.566302419E-1,5.718846321E-1,9.929615974E0
1.700962522E1,-2.632105052E-1,5.611169338E-1,9.929615974E0
1.702973668E1,-3.810569942E-1,5.611169338E-1,9.942776680E0
1.704984814E1,-3.936193287E-1,5.276173949E-1,9.926026344E0
1.706995959E1,-2.476571500E-1,5.072783828E-1,9.927223206E0
1.709007100E1,-2.243271172E-1,5.222335458E-1,9.965508461E0
1.711018246E1,-4.181457460E-1,5.276173949E-1,1.003250694E1
1.713029392E1,-4.719842672E-1,4.893322289E-1,1.005165005E1
1.715040538E1,-3.804588020E-1,4.797609448E-1,9.930213928E0
1.717051683E1,-2.973082066E-1,4.624129832E-1,9.873982430E0
1.719062824E1,-2.763710022E-1,4.438686073E-1,9.931410789E0
1.721073970E1,-2.817548811E-1,4.666004181E-1,1.001635551E1
1.723085116E1,-3.014956415E-1,5.030909777E-1,1.002413273E1
1.725096261E1,-4.163511395E-1,5.192425251E-1,9.908679008E0
1.727107407E1,-4.582255483E-1,5.030909777E-1,9.842277527E0
1.729118548E1,-4.336991012E-1,4.540380836E-1,9.863214493E0
1.731129694E1,-4.534398913E-1,4.384847581E-1,9.865009308E0
1.733140840E1,-3.978067636E-1,4.450650215E-1,9.869196892E0
1.735151985E1,-3.194418252E-1,4.707878530E-1,9.920642853E0
1.737163126E1,-2.919243574E-1,4.797609448E-1,9.926026344E0
1.739174272E1,-3.756731451E-1,4.863412082E-1,9.921838760E0
1.741185418E1,-3.391826153E-1,4.821537733E-1,9.938589096E0
1.743196564E1,-4.157529473E-1,5.264210105E-1,9.893125534E0
1.745207709E1,-3.565305769E-1,5.174478889E-1,9.833304405E0
1.747218855E1,-3.164508045E-1,5.012963414E-1,9.848259926E0
1.749229996E1,-4.755735099E-1,4.785645306E-1,9.903294563E0
1.751241142E1,-3.978067636E-1,4.283152521E-1,9.945767403E0
1.753252288E1,-2.404786795E-1,4.450650215E-1,9.960124016E0
1.755263433E1,-2.979064286E-1,4.713860750E-1,1.005105114E1
1.757274579E1,-4.378865361E-1,4.773681164E-1,9.997811317E0
1.759285720E1,-4.444667995E-1,4.426721931E-1,9.918250084E0
1.761296866E1,-3.828516304E-1,3.924229145E-1,9.891928673E0
1.763308011E1,-4.133601189E-1,4.139583111E-1,9.891330719E0
1.765319157E1,-3.774677813E-1,4.283152521E-1,9.921838760E0
1.767330303E1,-3.320041299E-1,4.492524564E-1,9.978668213E0
1.769341444E1,-3.134597540E-1,4.546363056E-1,9.917053223E0
1.771352590E1,-3.493520916E-1,4.504488707E-1,9.869196892E0
1.773363735E1,-4.049852192E-1,4.516452849E-1,9.897313118E0
1.775374881E1,-4.175475538E-1,4.331009090E-1,1.000498962E1
1.777386027E1,-4.348955154E-1,4.331009090E-1,1.004387283E1
1.779397168E1,-4.319044948E-1,4.396811724E-1,9.984650612E0
1.781408314E1,-3.954139352E-1,4.761717021E-1,9.903892517E0
1.783419459E1,-3.678964674E-1,4.713860750E-1,9.842277527E0
1.785430605E1,-3.942175210E-1,4.713860750E-1,9.821938515E0
1.787441751E1,-4.019941986E-1,4.480560422E-1,9.854242325E0
1.789452892E1,-4.019941986E-1,4.725824594E-1,9.896714211E0
1.791464038E1,-4.289134443E-1,4.666004181E-1,9.919445992E0
1.793475183E1,-4.331009090E-1,4.307080805E-1,9.952347755E0
1.795486329E1,-4.642075896E-1,4.354937077E-1,9.945169449E0
1.797497475E1,-4.803591371E-1,4.570291340E-1,9.932008743E0
1.799508621E1,-5.048855543E-1,4.689932466E-1,9.886545181E0
1.801519761E1,-4.606183469E-1,4.755735099E-1,9.816555023E0
1.803530907E1,-3.678964674E-1,4.719842672E-1,9.797411919E0
1.805542053E1,-3.397808075E-1,4.767699242E-1,9.849455833E0
1.807553199E1,-3.810569942E-1,4.893322289E-1,9.828518867E0
1.809564345E1,-3.661018610E-1,4.881358147E-1,9.887741089E0
1.811575485E1,-3.762713671E-1,4.809573591E-1,1.001037312E1
1.813586631E1,-5.072783828E-1,4.809573591E-1,9.981060982E0
1.815597777E1,-5.006981492E-1,4.731806815E-1,1.000917721E1
1.817608923E1,-2.566302419E-1,4.642075896E-1,1.001874828E1
1.819620069E1,-1.495514214E-1,4.414757788E-1,9.943972588E0
1.821631209E1,-4.384847581E-1,4.660021961E-1,9.905089378E0
1.823642355E1,-6.442674994E-1,4.510470629E-1,9.902696609E0
1.825653501E1,-5.623133183E-1,4.378865361E-1,9.865608215E0
1.827664647E1,-4.127618968E-1,4.133601189E-1,9.870393753E0
1.829675793E1,-3.954139352E-1,3.810569942E-1,9.962516785E0
1.831686938E1,-4.713860750E-1,3.912265003E-1,9.982257843E0
1.833698079E1,-5.090730190E-1,4.450650215E-1,9.888339996E0
1.835709225E1,-4.540380836E-1,4.815555513E-1,9.792028427E0
1.837720371E1,-4.097708762E-1,4.707878530E-1,9.811170578E0
1.839731517E1,-3.906283081E-1,4.528416991E-1,9.933803558E0
1.841742662E1,-4.701896608E-1,4.875376225E-1,1.001097202E1
1.843753808E1,-4.851447940E-1,5.258227587E-1,9.993623734E0
1.845764949E1,-3.397808075E-1,4.492524564E-1,9.911071777E0
1.847776095E1,-4.169493318E-1,4.019941986E-1,9.882955551E0
1.849787241E1,-5.491527915E-1,4.331009090E-1,1.001515961E1
1.851798386E1,-5.144568682E-1,4.773681164E-1,1.000259686E1
1.853809532E1,-4.121637046E-1,5.090730190E-1,9.872786522E0
1.855820678E1,-3.206382394E-1,5.324030519E-1,9.822537422E0
1.857831819E1,-3.266202807E-1,4.983053207E-1,9.877572060E0
1.859842965E1,-4.097708762E-1,4.695914388E-1,9.871589661E0
1.861854110E1,-5.042873621E-1,4.977070987E-1,9.894321442E0
1.863865256E1,-3.960121572E-1,4.797609448E-1,9.888937950E0
1.865876402E1,-3.188436031E-1,4.923232496E-1,9.842277527E0
1.867887543E1,-5.264210105E-1,4.935196638E-1,9.885348320E0
1.869898688E1,-6.089733839E-1,4.582255483E-1,9.947562218E0
1.871909834E1,-4.588237405E-1,4.474578202E-1,9.928419113E0
1.873920980E1,-4.570291340E-1,4.606183469E-1,9.887741089E0
1.875932126E1,-5.479564071E-1,4.534398913E-1,9.911071777E0
1.877943272E1,-5.264210105E-1,4.378865361E-1,9.870393753E0
1.879954412E1,-5.371887088E-1,4.540380836E-1,9.794421196E0
1.881965558E1,-4.642075896E-1,4.630111754E-1,9.851250648E0
1.883976704E1,-3.290131092E-1,4.588237405E-1,9.986445427E0
1.885987850E1,-4.163511395E-1,4.863412082E-1,1.002233791E1
1.887998996E1,-5.294120312E-1,5.024927258E-1,1.007258701E1
1.890010142E1,-4.983053207E-1,5.282155871E-1,1.002293587E1
1.892021288E1,-3.355933726E-1,5.102694035E-1,9.833304405E0
1.894032428E1,-3.780659735E-1,4.803591371E-1,9.735796928E0
1.896043574E1,-4.941178858E-1,4.558327198E-1,9.799804688E0
1.898054720E1,-4.821537733E-1,4.313062727E-1,9.825528145E0
1.900065866E1,-4.396811724E-1,4.259224236E-1,9.795019150E0
1.902077011E1,-5.006981492E-1,4.049852192E-1,9.873982430E0
1.904088157E1,-6.448656917E-1,4.019941986E-1,9.978070259E0
1.906099303E1,-6.436693072E-1,4.163511395E-1,9.965508461E0
1.908110444E1,-4.983053207E-1,4.169493318E-1,9.940981865E0
1.910121590E1,-4.857429862E-1,4.073780477E-1,9.967901230E0
1.912132735E1,-5.748756528E-1,4.127618968E-1,9.994221687E0
1.914143881E1,-5.000999570E-1,4.354937077E-1,9.948758125E0
1.916155027E1,-3.762713671E-1,4.833501875E-1,9.854840279E0
1.918166173E1,-4.025924206E-1,5.150550604E-1,9.821938515E0
1.920177314E1,-4.839483798E-1,5.096712112E-1,9.852447510E0
1.922188459E1,-4.857429862E-1,5.078766346E-1,9.838089943E0
1.924199605E1,-4.085744619E-1,5.216353536E-1,9.821340561E0
1.926210751E1,-3.571287692E-1,4.683950245E-1,9.851250648E0
1.928221897E1,-3.188436031E-1,3.780659735E-1,9.956535339E0
1.930233043E1,-4.564309120E-1,3.601198196E-1,1.000618649E1
1.932244188E1,-5.940182209E-1,3.750749528E-1,9.975677490E0
1.934255329E1,-4.953143001E-1,3.792623878E-1,9.883553505E0
1.936266475E1,-4.031906128E-1,3.714857101E-1,9.847063065E0
1.938277621E1,-5.264210105E-1,3.786641955E-1,9.980463028E0
1.940288767E1,-6.023930907E-1,3.774677813E-1,1.013240719E1
1.942299912E1,-5.940182209E-1,3.762713671E-1,1.000199890E1
1.944311058E1,-4.755735099E-1,3.846462369E-1,9.905089378E0
1.946322199E1,-3.571287692E-1,4.342973232E-1,9.884750366E0
1.948333345E1,-4.157529473E-1,4.803591371E-1,9.812367439E0
1.950344491E1,-5.264210105E-1,4.677968323E-1,9.796813965E0
1.952355636E1,-4.761717021E-1,4.725824594E-1,9.823135376E0
1.954366782E1,-4.055834413E-1,4.845465720E-1,9.792626381E0
1.956377928E1,-3.804588020E-1,4.612165689E-1,9.798010826E0
1.958389074E1,-3.158525825E-1,4.348955154E-1,9.835697174E0
1.960400215E1,-3.403790295E-1,4.199403822E-1,9.868598938E0
1.962411360E1,-4.043870270E-1,4.055834413E-1,9.908080101E0
1.964422506E1,-3.924229145E-1,4.013960063E-1,9.960124016E0
1.966433652E1,-4.594219327E-1,3.978067636E-1,1.004028416E1
1.968444798E1,-4.570291340E-1,3.457628787E-1,1.012881851E1
1.970455944E1,-4.420739710E-1,3.415754437E-1,1.011147022E1
1.972467090E1,-4.145565331E-1,3.469592929E-1,1.005823040E1
1.974478230E1,-4.133601189E-1,3.690928817E-1,1.002652550E1
1.976489376E1,-3.762713671E-1,3.529413342E-1,9.998409271E0
1.978500522E1,-3.613162339E-1,3.523431420E-1,9.908679008E0
1.980511668E1,-4.588237405E-1,3.565305769E-1,9.869794846E0
1.982522814E1,-4.803591371E-1,3.678964674E-1,9.865009308E0
1.984533959E1,-3.696911037E-1,3.547359705E-1,9.889535904E0
1.986545105E1,-4.109672904E-1,3.984049559E-1,9.900303841E0
1.988556246E1,-5.377869010E-1,4.175475538E-1,9.927223206E0
1.990567392E1,-5.096712112E-1,3.876372576E-1,9.942177773E0
1.992578538E1,-4.707878530E-1,3.834498227E-1,9.888339996E0
1.994589683E1,-4.713860750E-1,4.001995921E-1,9.880562782E0
1.996600829E1,-3.601198196E-1,3.966103494E-1,9.908080101E0
1.998611975E1,-3.224328458E-1,3.942175210E-1,9.875777245E0
2.000623121E1,-4.265206456E-1,4.205385745E-1,9.891928673E0
2.002634267E1,-5.006981492E-1,4.510470629E-1,9.894321442E0
2.004645407E1,-4.749752879E-1,4.570291340E-1,9.824930191E0
2.006656553E1,-4.695914388E-1,4.259224236E-1,9.809376717E0
2.008667699E1,-4.193421602E-1,3.619144261E-1,9.860821724E0
2.010678845E1,-3.918247223E-1,3.176472187E-1,9.921838760E0
2.012689991E1,-5.174478889E-1,3.439682424E-1,9.963115692E0
2.014701136E1,-5.006981492E-1,3.690928817E-1,1.000857925E1
2.016712282E1,-3.625126183E-1,3.864408433E-1,9.957731247E0
2.018723423E1,-3.852444589E-1,3.972085714E-1,9.923035622E0
2.020734569E1,-5.204389095E-1,4.223332107E-1,9.999606133E0
2.022745715E1,-5.084748268E-1,4.642075896E-1,9.984650612E0
2.024756860E1,-3.619144261E-1,4.905286431E-1,9.873384476E0
2.026768006E1,-2.662015259E-1,4.654040039E-1,9.795019150E0
2.028779152E1,-3.649054468E-1,4.331009090E-1,9.815358162E0
2.030790298E1,-4.618147612E-1,4.091726840E-1,9.844670296E0
2.032801444E1,-4.899304509E-1,4.061816335E-1,9.845867157E0
2.034812584E1,-4.905286431E-1,3.906283081E-1,9.850054741E0
2.036823730E1,-4.504488707E-1,3.481557071E-1,9.954740524E0
2.038834876E1,-4.803591371E-1,3.367897868E-1,1.002831936E1
2.040846022E1,-5.359922647E-1,3.104687333E-1,9.970891953E0
2.042857168E1,-5.006981492E-1,3.200400174E-1,9.936794281E0
2.044868314E1,-4.959124923E-1,3.625126183E-1,9.914062500E0
2.046879459E1,-4.648058116E-1,3.948157430E-1,9.943374634E0
2.048890605E1,-3.876372576E-1,4.049852192E-1,9.950552940E0
2.050901751E1,-4.223332107E-1,4.295116663E-1,9.903892517E0
2.052912892E1,-4.115654826E-1,4.235295951E-1,9.835099220E0
2.054924038E1,-3.702892959E-1,4.247260094E-1,9.871589661E0
2.056935183E1,-3.876372576E-1,4.187439680E-1,9.929615974E0
2.058946329E1,-3.678964674E-1,3.954139352E-1,9.920642853E0
2.060957475E1,-4.025924206E-1,3.924229145E-1,9.924830437E0
2.062968621E1,-4.259224236E-1,3.984049559E-1,9.921240807E0
2.064979767E1,-4.785645306E-1,3.960121572E-1,9.935597420E0
2.066990912E1,-4.456632137E-1,3.631108403E-1,9.975079536E0
2.069002053E1,-3.864408433E-1,3.864408433E-1,9.930811882E0
2.071013199E1,-4.205385745E-1,3.942175210E-1,9.884750366E0
2.073024345E1,-4.725824594E-1,3.720839322E-1,9.897313118E0
2.075035491E1,-4.875376225E-1,3.738785386E-1,9.924231529E0
2.077046636E1,-4.731806815E-1,3.930211067E-1,9.914062500E0
2.079057782E1,-4.007977843E-1,3.876372576E-1,9.918250084E0
2.081068928E1,-3.690928817E-1,3.744767308E-1,9.932606697E0
2.083080074E1,-4.456632137E-1,3.583251834E-1,9.895518303E0
2.085091220E1,-5.054838061E-1,3.672982752E-1,9.933803558E0
2.087102360E1,-3.565305769E-1,3.750749528E-1,9.944570541E0
2.089113506E1,-3.254238665E-1,4.163511395E-1,9.967302322E0
2.091124652E1,-4.133601189E-1,4.390829504E-1,1.003789139E1
2.093135798E1,-4.582255483E-1,4.480560422E-1,9.993623734E0
2.095146944E1,-4.426721931E-1,4.289134443E-1,9.891928673E0
2.097158090E1,-4.570291340E-1,3.858426511E-1,9.848259926E0
2.099169235E1,-4.396811724E-1,3.571287692E-1,9.902696609E0
2.101180381E1,-4.396811724E-1,3.834498227E-1,9.900303841E0
2.103191527E1,-4.534398913E-1,4.265206456E-1,9.829116821E0
2.105202668E1,-4.839483798E-1,4.438686073E-1,9.743574142E0
2.107213814E1,-4.767699242E-1,4.247260094E-1,9.764511108E0
2.109224959E1,-4.995017350E-1,3.810569942E-1,9.771689415E0
2.111236105E1,-5.611169338E-1,3.493520916E-1,9.789635658E0
2.113247251E1,-5.449653864E-1,3.774677813E-1,9.893723488E0
2.115258397E1,-4.301098585E-1,3.738785386E-1,1.003011417E1
2.117269543E1,-4.169493318E-1,3.403790295E-1,1.018744278E1
2.119280689E1,-5.132604837E-1,3.535395563E-1,1.014078236E1
2.121291834E1,-4.456632137E-1,3.960121572E-1,9.969695091E0
2.123302975E1,-4.055834413E-1,4.456632137E-1,9.842277527E0
2.125314121E1,-4.289134443E-1,4.600201547E-1,9.880562782E0
2.127325267E1,-3.858426511E-1,4.360919297E-1,9.953543663E0
2.129336412E1,-2.667997181E-1,4.247260094E-1,9.979865074E0
2.131347558E1,-2.225325108E-1,4.372883439E-1,9.908080101E0
2.133358704E1,-3.008974493E-1,4.462614357E-1,9.891928673E0
2.135369850E1,-3.804588020E-1,4.456632137E-1,9.898509026E0
2.137380996E1,-5.072783828E-1,4.462614357E-1,9.905089378E0
2.139392142E1,-4.845465720E-1,4.325026870E-1,9.912267685E0
2.141403288E1,-4.630111754E-1,4.325026870E-1,9.897911072E0
2.143414428E1,-4.181457460E-1,4.133601189E-1,9.922437668E0
2.145425574E1,-4.725824594E-1,3.996013701E-1,9.926026344E0
2.147436720E1,-5.497509837E-1,4.187439680E-1,9.837491989E0
2.149447866E1,-4.821537733E-1,4.354937077E-1,9.777671814E0
2.151459011E1,-3.906283081E-1,4.408775866E-1,9.801001549E0
2.153470157E1,-4.516452849E-1,4.336991012E-1,9.854840279E0
2.155481303E1,-4.073780477E-1,4.247260094E-1,9.903294563E0
2.157492449E1,-4.031906128E-1,4.390829504E-1,9.940383911E0
2.159503595E1,-4.636093974E-1,4.372883439E-1,9.994221687E0
2.161514735E1,-4.163511395E-1,4.313062727E-1,1.000259686E1
2.163525881E1,-3.667000830E-1,4.073780477E-1,9.974481583E0
2.165537027E1,-4.474578202E-1,4.157529473E-1,9.943972588E0
2.167548173E1,-4.821537733E-1,4.169493318E-1,9.894919395E0
2.169559319E1,-4.073780477E-1,3.960121572E-1,9.862616539E0
2.171570465E1,-4.121637046E-1,4.085744619E-1,9.832108498E0
2.173581610E1,-4.612165689E-1,4.145565331E-1,9.875777245E0
2.175592756E1,-4.719842672E-1,4.552344978E-1,9.939785004E0
2.177603902E1,-4.366901219E-1,5.210371017E-1,9.921240807E0
2.179615048E1,-4.522434771E-1,5.216353536E-1,9.790832520E0
2.181626194E1,-4.863412082E-1,4.426721931E-1,9.788438797E0
2.183637334E1,-5.174478889E-1,3.840480447E-1,9.872786522E0
2.185648485E1,-3.726821244E-1,3.284149170E-1,9.865608215E0
2.187659626E1,-2.338984162E-1,2.662015259E-1,9.866206169E0
2.189670772E1,-3.595215976E-1,2.518445849E-1,9.978070259E0
2.191681918E1,-5.407779217E-1,2.608176768E-1,1.007617569E1
2.193693064E1,-5.916253924E-1,3.122633696E-1,1.016650486E1
2.195704209E1,-5.318048596E-1,2.907279432E-1,1.030349445E1
2.197715355E1,-4.971089065E-1,2.889333367E-1,1.027597713E1
2.199726501E1,-4.743770957E-1,3.074777126E-1,1.006780148E1
2.201737647E1,-4.426721931E-1,3.523431420E-1,9.884750366E0
2.203748793E1,-4.935196638E-1,4.378865361E-1,9.774680138E0
2.205759938E1,-4.510470629E-1,5.036891699E-1,9.736394882E0
2.207771079E1,-3.762713671E-1,5.527420044E-1,9.774082184E0
2.209782225E1,-3.385843933E-1,5.928218365E-1,9.838089943E0
2.211793371E1,-2.991028428E-1,6.191428304E-1,9.875777245E0
2.213804517E1,-3.128615618E-1,5.898307562E-1,9.869196892E0
2.215815662E1,-3.349951804E-1,5.455635786E-1,9.821340561E0
2.217826808E1,-3.792623878E-1,5.054838061E-1,9.810572624E0
2.219837954E1,-4.223332107E-1,4.863412082E-1,9.851848602E0
2.221849100E1,-4.911268353E-1,4.881358147E-1,9.897313118E0
2.223860246E1,-4.492524564E-1,4.875376225E-1,9.963115692E0
2.225871392E1,-3.690928817E-1,4.390829504E-1,1.012642574E1
2.227882538E1,-3.607180119E-1,3.912265003E-1,1.026221848E1
2.229893683E1,-4.097708762E-1,3.924229145E-1,1.024008465E1
2.231904824E1,-4.941178858E-1,4.289134443E-1,1.010907745E1
2.233915970E1,-5.306084156E-1,4.558327198E-1,9.974481583E0
2.235927116E1,-5.389832854E-1,5.114658475E-1,9.818947792E0
2.237938261E1,-5.006981492E-1,5.742774606E-1,9.772886276E0
2.239949407E1,-4.211367965E-1,5.563312769E-1,9.796813965E0
2.241960553E1,-4.013960063E-1,5.048855543E-1,9.717850685E0
2.243971699E1,-5.300102234E-1,4.725824594E-1,9.647262573E0
2.245982845E1,-5.916253924E-1,4.935196638E-1,9.609575272E0
2.247993991E1,-6.203392744E-1,5.162515044E-1,9.622138023E0
2.250005136E1,-6.747759581E-1,4.965106845E-1,9.772287369E0
2.252016282E1,-6.957131624E-1,5.054838061E-1,9.844670296E0
2.254027428E1,-6.275177598E-1,4.731806815E-1,9.884750366E0
2.256038574E1,-6.652047038E-1,4.977070987E-1,9.968499184E0
2.258049715E1,-7.130611539E-1,5.395814776E-1,1.003250694E1
2.260060860E1,-6.311069727E-1,4.157529473E-1,1.006780148E1
2.262072006E1,-6.143572330E-1,5.042873621E-1,1.012702370E1
2.264083152E1,-5.557330847E-1,5.210371017E-1,1.002831936E1
2.266094298E1,-4.336991012E-1,5.850451589E-1,9.958329201E0
2.268105444E1,-3.894318938E-1,6.005984545E-1,1.002951622E1
2.270116590E1,-3.894318938E-1,6.915257573E-1,1.012821960E1
2.272127735E1,-5.096712112E-1,6.634100676E-1,1.005165005E1
2.274138881E1,-1.710868180E-1,7.633104324E-1,9.908679008E0
2.276150027E1,6.879365444E-2,7.896314859E-1,9.854242325E0
2.278161173E1,1.477568001E-1,8.093722463E-1,1.015334511E1
2.280172319E1,1.740778536E-1,7.549355626E-1,1.031426239E1
2.282183465E1,-6.400800496E-2,6.472585201E-1,1.017667484E1
2.284194605E1,-5.084748194E-2,6.029912829E-1,1.009232807E1
2.286205751E1,1.663011760E-1,6.885347366E-1,1.016829967E1
2.288216897E1,1.328016520E-1,1.094716311E0,9.934401512E0
2.290228043E1,9.320043921E-1,6.849454641E-1,9.798010826E0
2.292239188E1,1.225125194E0,6.813562512E-1,1.005763149E1
2.294250334E1,7.268198729E-1,7.980063558E-1,1.038245773E1
2.296261480E1,6.161518097E-1,6.388836503E-1,1.055055332E1
2.298272626E1,1.509272933E0,2.434697002E-1,1.071924686E1
2.300283772E1,3.559323788E0,-5.772684813E-1,1.014556789E1
2.302294918E1,3.495913982E0,1.098305583E0,9.504291534E0
2.304306064E1,2.989233732E0,1.516451359E0,9.890133858E0
2.306317209E1,2.947957516E0,1.155135155E0,9.640084267E0
2.308328355E1,2.523231506E0,1.290927768E0,9.776474953E0
2.310339501E1,2.483151674E0,1.826321840E0,9.550951958E0
2.312350647E1,2.979662418E0,2.362314224E0,8.723632812E0
2.314361793E1,3.764508247E0,2.577069998E0,8.489734650E0
2.316372938E1,4.121636868E0,2.281556368E0,8.536993027E0
2.318384079E1,2.587837696E0,1.643869162E0,9.229117393E0
2.320395225E1,3.254238844E0,2.719442844E0,9.249456406E0
2.322406371E1,4.504488468E0,2.449054003E0,8.327022552E0
2.324417517E1,4.470390797E0,3.217149973E0,7.929215908E0
2.326428662E1,4.043870449E0,3.577269793E0,8.106285095E0
2.328439808E1,4.130012035E0,3.166302681E0,7.990232944E0
2.330450954E1,4.627718925E0,2.693720102E0,7.768298626E0
2.332462100E1,4.360919476E0,2.636292458E0,7.935198307E0
2.334473246E1,3.902693748E0,2.506481647E0,7.948956966E0
2.336484392E1,5.316852093E0,2.315055847E0,6.247660160E0
2.338495538E1,5.885147095E0,2.557329178E0,5.596213818E0
2.340506683E1,5.931807518E0,2.556132793E0,4.735395908E0
2.342517829E1,5.974279881E0,2.855833769E0,5.280959606E0
2.344528975E1,5.949155331E0,2.553141832E0,6.766304016E0
2.346540121E1,5.818746567E0,1.416550994E0,7.721638680E0
2.348551267E1,5.135595798E0,1.328614831E0,7.945965767E0
2.350562412E1,5.220541000E0,1.071386337E0,7.899305820E0
2.352573553E1,5.215157032E0,8.506484628E-1,8.435297966E0
2.354584699E1,5.006981373E0,9.236295223E-1,8.502895355E0
2.356595845E1,4.940580368E0,7.166503668E-1,7.794021606E0
2.358606991E1,4.689932346E0,1.151545882E0,7.141977310E0
2.360618136E1,4.848456860E0,1.540379524E0,6.985845566E0
2.362629282E1,5.310271740E0,1.645065546E0,6.909275532E0
2.364640428E1,5.634499073E0,1.728216171E0,7.195217609E0
2.366651574E1,5.721837044E0,1.770688772E0,7.945367813E0
2.368662720E1,5.617151260E0,1.624128342E0,9.233902931E0
2.370673866E1,5.726024628E0,1.636690736E0,9.990633011E0
2.372685011E1,4.965705395E0,1.256830096E0,9.535996437E0
2.374696157E1,3.888336897E0,1.017547846E0,9.752547264E0
2.376707303E1,4.960321426E0,1.797009826E0,9.826126099E0
2.378718449E1,4.905884743E0,2.108675003E0,7.814360619E0
2.380729595E1,4.242474556E0,1.274776220E0,6.921239376E0
2.382740741E1,4.221537113E0,4.390829504E-1,8.062017441E0
2.384751886E1,6.440880299E0,5.682953596E-1,8.438887596E0
2.386763032E1,9.631111145E0,8.171489239E-1,8.237890244E0
2.388774178E1,4.467998028E0,1.143171072E0,8.191229820E0
2.390785324E1,2.754737139E0,6.263213158E-1,7.807182312E0
2.392796465E1,1.482353687E0,-4.438686073E-1,7.824530125E0
2.394807610E1,2.057827473E0,-8.303094506E-1,7.509275436E0
2.396818756E1,4.074976921E0,-6.759724021E-1,8.837292671E0
2.398829902E1,6.132804394E0,-1.612762451E0,9.336793900E0
2.400841048E1,7.079165936E0,-2.383251429E0,9.729815483E0
2.402852194E1,6.836892605E0,-2.725425005E0,1.032383347E1
2.404863340E1,6.549155712E0,-2.668595552E0,1.128754234E1
2.406874485E1,6.364310265E0,-2.747558594E0,1.192403316E1
2.408885631E1,5.914459229E0,-2.720639229E0,1.209870911E1
2.410896777E1,5.561518192E0,-2.489133835E0,1.219621658E1
2.412907923E1,4.925027370E0,-2.574677229E0,1.146221828E1
2.414919069E1,4.367499352E0,-2.472982168E0,1.020060253E1
2.416930215E1,3.962514400E0,-2.087737799E0,9.142974854E0
2.418941360E1,4.085744858E0,-1.862214208E0,8.438887596E0
2.420952506E1,4.396213531E0,-1.663011789E0,7.997411251E0
2.422963652E1,4.692325115E0,-1.384846091E0,7.757531166E0
2.424974798E1,5.080560684E0,-1.088136077E0,7.694719315E0
2.426985944E1,5.279164791E0,-8.506484628E-1,7.653443336E0
2.428997090E1,5.351547718E0,-5.647061467E-1,7.689335346E0
2.431008235E1,5.379663467E0,-2.590230405E-1,7.552944660E0
2.433019381E1,5.352744102E0,-2.811566554E-2,7.185646534E0
2.435030527E1,5.334199905E0,2.153540403E-1,6.853044033E0
2.437041673E1,5.566901684E0,4.444667995E-1,6.736393929E0
2.439052819E1,6.115456581E0,6.412764788E-1,6.710072994E0
2.441063965E1,6.939185619E0,8.751748800E-1,6.521039963E0
2.443075105E1,7.174878597E0,1.015753269E0,6.138786316E0
2.445086251E1,6.801000118E0,1.089930773E0,5.905486107E0
2.447097397E1,6.521039963E0,1.073779106E0,5.828916073E0
2.449108543E1,6.571289062E0,9.637092948E-1,5.898906231E0
2.451119688E1,6.939784050E0,8.697910309E-1,5.879165173E0
2.453130834E1,7.119843960E0,7.722834945E-1,6.247061729E0
2.455141980E1,7.105486870E0,5.766702294E-1,6.734599113E0
2.457153126E1,6.994220734E0,3.906283081E-1,7.302894592E0
2.459164272E1,6.934400082E0,2.350948304E-1,7.794021606E0
2.461175418E1,6.985845566E0,1.345962733E-1,8.050053596E0
2.463186564E1,7.055237770E0,6.999006122E-2,8.033902168E0
2.465197709E1,6.985845566E0,5.982056633E-2,7.766504288E0
2.467208855E1,6.811768055E0,4.247260094E-2,7.568498135E0
2.469220001E1,6.690331936E0,-1.196411345E-2,7.579864025E0
2.471231147E1,6.647261143E0,-8.494520187E-2,7.760521889E0
2.473242293E1,6.661019802E0,-1.746760458E-1,7.688737392E0
2.475253438E1,6.623332977E0,-1.298106313E-1,7.552944660E0
2.477264584E1,6.507879257E0,-1.286142170E-1,7.649854183E0
2.479275730E1,6.418148518E0,-1.740778536E-1,7.683951855E0
2.481286876E1,6.410371780E0,-1.375873089E-1,7.694719315E0
2.483298022E1,6.455835342E0,-3.708875179E-2,7.709674358E0
2.485309168E1,6.613761902E0,-6.520441920E-2,7.635497093E0
2.487320314E1,6.693921566E0,-4.187439755E-2,7.528418064E0
2.489331459E1,6.781259537E0,-4.127619043E-2,7.423133850E0
2.491342605E1,6.871588230E0,-1.148554832E-1,7.338188648E0
2.493353751E1,6.765107632E0,-2.171486616E-1,7.346563816E0
2.495364897E1,6.587440968E0,-2.440679073E-1,7.534400463E0
2.497376043E1,6.514459610E0,-1.968096644E-1,7.823931694E0
2.499387188E1,6.517450809E0,-1.746760458E-1,7.864011765E0
2.501398334E1,6.552146435E0,-1.830509305E-1,7.606184959E0
2.503409480E1,6.568298340E0,-2.356930375E-1,7.379465103E0
2.505420626E1,6.576673031E0,-2.566302419E-1,7.290332317E0
2.507431772E1,6.564708710E0,-2.153540403E-1,7.307082176E0
2.509442918E1,6.465406895E0,-1.663011760E-1,7.371089935E0
2.511454064E1,6.320641041E0,-7.417750359E-2,7.469794273E0
2.513465209E1,6.348158360E0,-3.170489892E-2,7.551149845E0
2.515476350E1,6.424130440E0,-3.589234129E-2,7.527221680E0
2.517487501E1,6.435496330E0,-5.144568533E-2,7.527820110E0
2.519498642E1,6.490531445E0,-1.250249892E-1,7.616952896E0
2.521509788E1,6.503093719E0,-1.914258152E-1,7.759923935E0
2.523520933E1,6.446862221E0,-2.691925466E-1,7.763513088E0
2.525532079E1,6.337390900E0,-2.871387303E-1,7.737790108E0
2.527543225E1,6.345167637E0,-2.745763958E-1,7.713263988E0
2.529554376E1,6.353542328E0,-2.673979402E-1,7.588837147E0
2.531565517E1,6.317051888E0,-2.171486616E-1,7.468597889E0
2.533576662E1,6.365506649E0,-2.386840582E-1,7.445267677E0
2.535587808E1,6.399604321E0,-2.338984162E-1,7.491329670E0
2.537598954E1,6.434898376E0,-1.986042857E-1,7.619943619E0
2.539610100E1,6.494120598E0,-2.015953064E-1,7.637889862E0
2.541621246E1,6.455237389E0,-2.159522474E-1,7.587042332E0
2.543632392E1,6.399604321E0,-2.201396823E-1,7.507481098E0
2.545643538E1,6.357729912E0,-1.824527234E-1,7.358527660E0
2.547654683E1,6.247660160E0,-1.908276081E-1,7.371089935E0
2.549665829E1,6.200401783E0,-2.201396823E-1,7.462017536E0
2.551676975E1,6.289534092E0,-2.715853751E-1,7.602595806E0
2.553688121E1,6.428916454E0,-3.517449200E-1,7.733004570E0
2.555699267E1,6.552146435E0,-3.846462369E-1,7.816154957E0
2.557710412E1,6.531209469E0,-3.960121572E-1,7.800003529E0
2.559721558E1,6.362515450E0,-4.630111754E-1,7.804191113E0
2.561732704E1,6.238088608E0,-5.162515044E-1,7.861618996E0
2.563743850E1,6.188437462E0,-5.407779217E-1,7.832904816E0
2.565754996E1,6.095715523E0,-5.443671346E-1,7.707880020E0
2.567766142E1,6.139384747E0,-5.204389095E-1,7.578667641E0
2.569777288E1,6.190830231E0,-5.036891699E-1,7.545167923E0
2.571788433E1,6.178866386E0,-5.096712112E-1,7.641479015E0
2.573799579E1,6.198009014E0,-5.234299302E-1,7.747959614E0
2.575810725E1,6.264409542E0,-5.324030519E-1,7.789236069E0
2.577821871E1,6.405586243E0,-5.186443329E-1,7.710870743E0
2.579833017E1,6.481558323E0,-5.084748268E-1,7.674978733E0
2.581844163E1,6.430710793E0,-5.198407173E-1,7.724629879E0
2.583855308E1,6.377470493E0,-5.335994363E-1,7.762914658E0
2.585866454E1,6.383452415E0,-5.335994363E-1,7.789236069E0
2.587877600E1,6.389434814E0,-5.551348329E-1,7.733603001E0
2.589888746E1,6.366703033E0,-5.623133183E-1,7.648059368E0
2.591899892E1,6.444469452E0,-5.587241054E-1,7.579265594E0
2.593911038E1,6.494719028E0,-5.479564071E-1,7.567899704E0
2.595922183E1,6.462415695E0,-5.760720372E-1,7.622336388E0
2.597933329E1,6.477370739E0,-5.862415433E-1,7.692924976E0
2.599944475E1,6.515058041E0,-5.653043389E-1,7.707880020E0
2.601955621E1,6.511468410E0,-5.892325640E-1,7.690532207E0
2.603966767E1,6.412764549E0,-6.041877270E-1,7.637291908E0
2.605977913E1,6.349953175E0,-6.017948985E-1,7.645068169E0
2.607989058E1,6.382256031E0,-5.808576941E-1,7.635497093E0
2.610000204E1,6.396613121E0,-5.581258535E-1,7.575676441E0
2.612011350E1,6.387042046E0,-5.425725579E-1,7.452445984E0
2.614022496E1,6.380461693E0,-5.084748268E-1,7.453642368E0
2.616033642E1,6.233303070E0,-5.545366406E-1,7.683951855E0
2.618044788E1,6.223731518E0,-6.167500615E-1,7.955537319E0
2.620055933E1,6.273981094E0,-6.125625968E-1,8.087141991E0
2.622067079E1,6.336194515E0,-5.760720372E-1,8.020143509E0
2.624078225E1,6.352943897E0,-5.760720372E-1,7.784450054E0
2.626089371E1,6.332006931E0,-5.653043389E-1,7.574480057E0
2.628100517E1,6.333203316E0,-5.581258535E-1,7.522436142E0
2.630111663E1,6.319444656E0,-5.551348329E-1,7.612166882E0
2.632122808E1,6.327819347E0,-5.575276613E-1,7.706085205E0
2.634133954E1,6.282954216E0,-5.413761139E-1,7.812565804E0
2.636145100E1,6.281757832E0,-5.479564071E-1,7.821538925E0
2.638156246E1,6.276373863E0,-5.204389095E-1,7.752745152E0
2.640167392E1,6.257231236E0,-4.761717021E-1,7.648059368E0
2.642178538E1,6.212964058E0,-4.851447940E-1,7.531409264E0
2.644189683E1,6.178866386E0,-4.887340367E-1,7.516454220E0
2.646200829E1,6.232106686E0,-4.689932466E-1,7.579265594E0
2.648211975E1,6.293721676E0,-4.474578202E-1,7.604390144E0
2.650223121E1,6.319444656E0,-4.277170599E-1,7.663014412E0
2.652234267E1,6.402595043E0,-4.307080805E-1,7.740182877E0
2.654245413E1,6.408577442E0,-4.301098585E-1,7.851449490E0
2.656256558E1,6.332605362E0,-4.402793646E-1,7.912466049E0
2.658267704E1,6.241677761E0,-4.336991012E-1,7.877770424E0
2.660278850E1,6.216553211E0,-4.109672904E-1,7.777271748E0
2.662290001E1,6.238088608E0,-4.079762697E-1,7.644470215E0
2.664301147E1,6.236892223E0,-4.121637046E-1,7.561319351E0
2.666312293E1,6.224927902E0,-4.133601189E-1,7.567301750E0
2.668323439E1,6.205187321E0,-4.354937077E-1,7.655237675E0
2.670334584E1,6.215955257E0,-4.366901219E-1,7.703094482E0
2.672345730E1,6.233901024E0,-4.193421602E-1,7.667799950E0
2.674356876E1,6.223133564E0,-4.121637046E-1,7.681559086E0
2.676368022E1,6.212964058E0,-3.870390654E-1,7.726424217E0
2.678379168E1,6.206982136E0,-3.708875179E-1,7.749754429E0
2.680390314E1,6.229115486E0,-3.708875179E-1,7.744968891E0
2.682401459E1,6.236293793E0,-3.607180119E-1,7.730611801E0
2.684412605E1,6.256632805E0,-3.559323549E-1,7.698906898E0
2.686423751E1,6.275177479E0,-3.457628787E-1,7.656434059E0
2.688434897E1,6.245865345E0,-3.332005441E-1,7.635497093E0
2.690446043E1,6.273382664E0,-3.469592929E-1,7.630711555E0
2.692457189E1,6.253642082E0,-3.684946895E-1,7.628318787E0
2.694468334E1,6.224927902E0,-3.960121572E-1,7.663612843E0
2.696479480E1,6.251249313E0,-4.229314029E-1,7.758129120E0
2.698490626E1,6.344569206E0,-4.241278172E-1,7.793423176E0
2.700501772E1,6.388836384E0,-4.217349887E-1,7.794619560E0
2.702512918E1,6.397211552E0,-3.996013701E-1,7.795217991E0
2.704524064E1,6.434299946E0,-3.738785386E-1,7.759923935E0
2.706535209E1,6.466004848E0,-3.631108403E-1,7.694719315E0
2.708546355E1,6.436094761E0,-3.505485058E-1,7.700701237E0
2.710557501E1,6.429514408E0,-3.343969584E-1,7.748558044E0
2.712568647E1,6.450451851E0,-3.439682424E-1,7.704290867E0
2.714579793E1,6.408577442E0,-3.284149170E-1,7.582854748E0
2.716590939E1,6.266204357E0,-2.859423161E-1,7.564310551E0
2.718602084E1,6.173482418E0,-2.763710022E-1,7.587042332E0
2.720613230E1,6.107679844E0,-3.062812984E-1,7.610372543E0
2.722624376E1,6.117250919E0,-3.475574851E-1,7.659425259E0
2.724635522E1,6.183053493E0,-3.798605800E-1,7.753942013E0
2.726646668E1,6.220740795E0,-3.786641955E-1,7.828119278E0
2.728657814E1,6.235097408E0,-3.529413342E-1,7.855038643E0
2.730668959E1,6.231508255E0,-3.439682424E-1,7.852047443E0
2.732680105E1,6.241677761E0,-3.607180119E-1,7.779664516E0
2.734691256E1,6.267400742E0,-3.780659735E-1,7.705487251E0
2.736702402E1,6.319444656E0,-3.326023519E-1,7.692924976E0
2.738713548E1,6.345765591E0,-2.662015259E-1,7.685148239E0
2.740724694E1,6.383452415E0,-2.267199457E-1,7.630113125E0
2.742735840E1,6.364310265E0,-2.147558331E-1,7.575676441E0
2.744746985E1,6.350551128E0,-2.279163599E-1,7.525427341E0
2.746758131E1,6.291927338E0,-2.464607358E-1,7.518846989E0
2.748769277E1,6.254838467E0,-2.805584669E-1,7.558926582E0
2.750780423E1,6.253642082E0,-3.062812984E-1,7.671389580E0
2.752791569E1,6.300302029E0,-3.236292601E-1,7.785646915E0
2.754802715E1,6.327221394E0,-3.379862010E-1,7.855038643E0
2.756813860E1,6.362515450E0,-3.296113312E-1,7.874779224E0
2.758825006E1,6.391827583E0,-2.961117923E-1,7.834101200E0
2.760836152E1,6.371488571E0,-2.763710022E-1,7.740182877E0
2.762847298E1,6.286543369E0,-2.518445849E-1,7.619345665E0
2.764858444E1,6.235097408E0,-2.440679073E-1,7.576872826E0
2.766869590E1,6.241079807E0,-2.506481707E-1,7.561319351E0
2.768880735E1,6.252445698E0,-2.638086975E-1,7.588238716E0
2.770891881E1,6.305087566E0,-2.811566591E-1,7.643871784E0
2.772903027E1,6.320641041E0,-2.961117923E-1,7.695915699E0
2.774914173E1,6.247061729E0,-3.110669553E-1,7.753343582E0
2.776925319E1,6.249454498E0,-3.230310678E-1,7.780262947E0
2.778936465E1,6.284150600E0,-3.176472187E-1,7.744370461E0
2.780947610E1,6.318248272E0,-3.140579760E-1,7.695317745E0
2.782958756E1,6.330212116E0,-2.955136001E-1,7.740781307E0
2.784969902E1,6.361917019E0,-2.895315289E-1,7.813762188E0
2.786981053E1,6.423532486E0,-2.703889608E-1,7.811369419E0
2.788992194E1,6.407381058E0,-2.452643216E-1,7.695317745E0
2.791003345E1,6.373881340E0,-2.578266263E-1,7.681559086E0
2.793014491E1,6.361319065E0,-2.560320199E-1,7.650452137E0
2.795025636E1,6.335596085E0,-2.195414752E-1,7.599604607E0
2.797036782E1,6.325426579E0,-1.962114573E-1,7.560122967E0
2.799047928E1,6.258427620E0,-1.734796464E-1,7.514659405E0
2.801059074E1,6.163312912E0,-1.902294010E-1,7.533802032E0
2.803070220E1,6.125626087E0,-2.458625287E-1,7.575676441E0
2.805081366E1,6.149554253E0,-2.871387303E-1,7.616354465E0
2.807092511E1,6.143572330E0,-2.883351147E-1,7.685148239E0
2.809103657E1,6.198009014E0,-3.128615618E-1,7.734799385E0
2.811114803E1,6.232106686E0,-3.092723191E-1,7.779066563E0
2.813125949E1,6.274579048E0,-3.343969584E-1,7.801199913E0
2.815137095E1,6.319444656E0,-3.038884699E-1,7.837690353E0
2.817148241E1,6.393621922E0,-2.847459018E-1,7.860422611E0
2.819159386E1,6.454041004E0,-3.182454109E-1,7.819146156E0
2.821170532E1,6.501897335E0,-3.535395563E-1,7.773084164E0
2.823181678E1,6.512664795E0,-3.284149170E-1,7.765307903E0
2.825192824E1,6.483951092E0,-2.961117923E-1,7.773682594E0
2.827203975E1,6.428916454E0,-2.697907388E-1,7.706683636E0
2.829215121E1,6.427121639E0,-2.446661144E-1,7.616952896E0
2.831226267E1,6.448657036E0,-2.141576260E-1,7.542775154E0
2.833237412E1,6.426523209E0,-1.878365725E-1,7.454240799E0
2.835248558E1,6.387042046E0,-1.633101404E-1,7.401598454E0
2.837259704E1,6.293123722E0,-1.812563092E-1,7.447660446E0
2.839270850E1,6.270391941E0,-2.368894368E-1,7.567301750E0
2.841281996E1,6.265605927E0,-2.656033039E-1,7.703094482E0
2.843293142E1,6.273981094E0,-2.727817893E-1,7.849654675E0
2.845304288E1,6.256034851E0,-2.853440940E-1,7.933403492E0
2.847315433E1,6.221937180E0,-3.164508045E-1,7.950751305E0
2.849326579E1,6.212964058E0,-3.487538993E-1,7.918448448E0
2.851337725E1,6.210571289E0,-3.367897868E-1,7.827520847E0
2.853348871E1,6.158527374E0,-3.032902777E-1,7.703094482E0
2.855360017E1,6.166304111E0,-2.482553422E-1,7.568498135E0
2.857371162E1,6.255436420E0,-2.003988922E-1,7.496713161E0
2.859382308E1,6.367899418E0,-1.740778536E-1,7.445267677E0
2.861393459E1,6.412764549E0,-1.788634956E-1,7.480561733E0
2.863404605E1,6.453442574E0,-2.021935135E-1,7.575676441E0
2.865415751E1,6.501298904E0,-2.213360965E-1,7.667799950E0
2.867426897E1,6.455237389E0,-2.225325108E-1,7.736593723E0
2.869438043E1,6.355935097E0,-2.392822653E-1,7.819744587E0
2.871449188E1,6.278168201E0,-2.841476798E-1,7.861020565E0
2.873460334E1,6.257231236E0,-3.122633696E-1,7.849654675E0
2.875471480E1,6.239883423E0,-3.409772217E-1,7.825726509E0
2.877482626E1,6.201598167E0,-3.373879790E-1,7.806583881E0
2.879493772E1,6.162714481E0,-3.044866920E-1,7.779664516E0
2.881504918E1,6.138786316E0,-2.811566591E-1,7.721638680E0
2.883516064E1,6.146563053E0,-2.488535494E-1,7.636095047E0
2.885527209E1,6.186643124E0,-2.291127741E-1,7.554141045E0
2.887538355E1,6.253043652E0,-2.165504545E-1,7.538587570E0
2.889549506E1,6.281159401E0,-2.333002090E-1,7.610970497E0
2.891560647E1,6.279364586E0,-2.554338276E-1,7.749754429E0
2.893571798E1,6.302694798E0,-2.835494876E-1,7.944769382E0
2.895582944E1,6.303891182E0,-3.092723191E-1,8.036892891E0
2.897594090E1,6.263213158E0,-3.314059377E-1,7.934001446E0
2.899605235E1,6.250650883E0,-3.056831062E-1,7.762316704E0
2.901616381E1,6.279364586E0,-2.925225794E-1,7.644470215E0
2.903627527E1,6.253043652E0,-2.596212626E-1,7.594819069E0
2.905638673E1,6.240481377E0,-2.171486616E-1,7.575078487E0
2.907649819E1,6.232106686E0,-1.884347796E-1,7.500900745E0
2.909660965E1,6.232704639E0,-2.189432681E-1,7.432106972E0
2.911672110E1,6.229713917E0,-2.482553422E-1,7.493722439E0
2.913683256E1,6.256632805E0,-2.985046208E-1,7.621140003E0
2.915694402E1,6.305685997E0,-3.505485058E-1,7.719245911E0
2.917705553E1,6.331408501E0,-3.720839322E-1,7.859225750E0
2.919716699E1,6.396014690E0,-3.391826153E-1,8.047660828E0
2.921727845E1,6.416952133E0,-2.919243574E-1,8.099704742E0
2.923738991E1,6.385845661E0,-2.853440940E-1,7.968697548E0
2.925750136E1,6.359524250E0,-2.656033039E-1,7.784450054E0
2.927761282E1,6.326025009E0,-2.255235314E-1,7.640282631E0
2.929772428E1,6.337390900E0,-2.273181528E-1,7.661220074E0
2.931783574E1,6.324230194E0,-2.662015259E-1,7.753942013E0
2.933794720E1,6.374479294E0,-2.991028428E-1,8.013563156E0
2.935805866E1,6.303891182E0,-3.649054468E-1,8.047062874E0
2.937817011E1,6.169294834E0,-3.451646566E-1,7.963313580E0
2.939828157E1,6.195017815E0,-3.296113312E-1,7.786843300E0
2.941839303E1,6.229115486E0,-2.667997181E-1,7.596613884E0
2.943850454E1,6.230910301E0,-2.063809484E-1,7.403393269E0
2.945861600E1,6.142973900E0,-1.411765367E-1,7.279564857E0
2.947872746E1,6.118447304E0,-1.106680483E-1,7.334001541E0
2.949883892E1,6.169893265E0,-1.375873089E-1,7.432705402E0
2.951895038E1,6.177670002E0,-1.692921966E-1,7.570292473E0
2.953906183E1,6.243472576E0,-2.063809484E-1,7.746763229E0
2.955917329E1,6.327221394E0,-2.338984162E-1,7.938787460E0
2.957928475E1,6.343372822E0,-2.548356056E-1,8.057231903E0
2.959939621E1,6.256632805E0,-2.584248483E-1,8.087141991E0
2.961950767E1,6.244668961E0,-2.147558331E-1,8.081160545E0
2.963961913E1,6.211169243E0,-1.998006850E-1,7.965108395E0
2.965973058E1,6.171089649E0,-1.770688742E-1,7.723433495E0
2.967984209E1,6.136393547E0,-1.573280841E-1,7.526623726E0
2.969995355E1,6.189633846E0,-1.944168359E-1,7.463811874E0
2.972006501E1,6.285944939E0,-2.129612118E-1,7.604988575E0
2.974017647E1,6.326025009E0,-1.872383654E-1,7.716853142E0
2.976028793E1,6.419344902E0,-1.704886109E-1,7.917850018E0
2.978039939E1,6.475576401E0,-1.363908947E-1,8.141578674E0
2.980051084E1,6.367300987E0,-1.052841991E-1,8.134400368E0
2.982062230E1,6.282355785E0,-1.160518974E-1,8.033304214E0
2.984073376E1,6.273981094E0,-8.195417374E-2,7.974679470E0
2.986084522E1,6.208776474E0,-1.022931710E-1,7.917850018E0
2.988095668E1,6.161518097E0,-1.453639716E-1,7.875377655E0
2.990106819E1,6.034698486E0,-1.573280841E-1,7.788039684E0
2.992117965E1,5.892325878E0,-1.890329868E-1,7.712067604E0
2.994129110E1,5.814558983E0,-1.902294010E-1,7.755736351E0
2.996140256E1,5.897709846E0,-1.387837082E-1,7.917252064E0
2.998151402E1,5.983253002E0,-5.443671346E-2,8.003393173E0
3.000162548E1,6.091528416E0,1.974078640E-2,8.107481003E0
3.002173694E1,6.198606968E0,5.204389244E-2,8.191828728E0
3.004184840E1,6.315257072E0,1.034895778E-1,8.101499557E0
3.006195985E1,6.258427620E0,1.585244983E-1,8.136793137E0
3.008207131E1,5.980261803E0,1.668993831E-1,8.352746010E0
3.010218277E1,5.543571949E0,1.040877849E-1,8.659625053E0
3.012229428E1,5.103292465E0,1.010967568E-1,8.788837433E0
3.014240574E1,5.038686275E0,6.640082598E-2,8.722436905E0
3.016251720E1,5.036891460E0,2.991028363E-3,8.566903114E0
3.018262866E1,4.939982414E0,4.486542568E-2,8.462815285E0
3.020274011E1,4.883750916E0,2.512463741E-2,8.355138779E0
3.022285157E1,4.817350388E0,4.127619043E-2,8.376075745E0
3.024296303E1,4.644468784E0,5.623133108E-2,8.362915039E0
3.026307449E1,4.353142738E0,1.160518974E-1,8.569295883E0
3.028318600E1,4.226323128E0,1.764706671E-1,8.761918068E0
3.030329746E1,4.098307133E0,1.692921966E-1,8.920442581E0
3.032340892E1,3.899702787E0,1.082752272E-1,9.253045082E0
3.034352038E1,3.552743435E0,1.543370634E-1,9.427123070E0
3.036363183E1,3.360719442E0,1.716850251E-1,9.461220741E0
3.038374329E1,3.345165968E0,-7.896314561E-2,9.540184021E0
3.040385475E1,3.598805189E0,-3.421736360E-1,9.681958199E0
3.042396621E1,3.208176851E0,-3.212364316E-1,9.254241943E0
3.044407767E1,1.980658889E0,3.577269912E-1,9.589237213E0
3.046418912E1,1.317248821E0,5.042873621E-1,9.882357597E0
3.048430058E1,1.423729420E0,1.866401732E-1,9.583254814E0
3.050441209E1,2.059622049E0,-9.308080077E-1,8.539983749E0
3.052452355E1,1.157527924E0,-1.178465128E0,6.544968128E0
3.054463501E1,2.415554523E0,7.250252366E-1,7.404589653E0
3.056474647E1,3.316452265E0,2.679961324E-1,1.007916737E1
3.058485793E1,2.635694027E0,-3.248256743E-1,1.267597771E1
3.060496938E1,1.094716311E0,-5.928218365E-1,1.167637634E1
3.062508084E1,7.710871100E-1,-5.276173949E-1,1.038126087E1
3.064519230E1,1.223928809E0,2.392822690E-2,1.066959572E1
3.066530376E1,1.797608018E0,5.084748194E-2,1.090947628E1
3.068541527E1,2.045265198E0,-1.118644550E-1,1.076530933E1
3.070552673E1,2.307877541E0,-1.411765367E-1,1.067856884E1
3.072563819E1,2.232503414E0,-5.742774159E-2,1.076052380E1
3.074574965E1,1.846660852E0,7.477571070E-2,1.050748253E1
3.076586110E1,1.758126378E0,6.640082598E-2,1.003011417E1
3.078597256E1,2.582453728E0,9.990034252E-2,9.704092026E0
3.080608402E1,3.285943747E0,7.357929349E-1,9.486345291E0
3.082619548E1,3.083750248E0,1.147358418E0,9.230911255E0
3.084630699E1,2.559721947E0,1.330409408E0,9.125029564E0
3.086641845E1,2.440679073E0,1.466800332E0,9.025128365E0
3.088652991E1,2.687737942E0,1.719243050E0,8.536993027E0
3.090664136E1,2.816352367E0,1.965105653E0,7.923233986E0
3.092675282E1,2.738585472E0,1.886740685E0,7.958528042E0
3.094686428E1,2.410170555E0,1.915454507E0,8.420941353E0
3.096697574E1,2.558525562E0,1.928615093E0,8.773283958E0
3.098708720E1,2.873780012E0,1.992623091E0,8.863015175E0
3.100719871E1,3.301496983E0,2.098505497E0,8.757132530E0
3.102731017E1,3.674179077E0,2.160120726E0,8.673383713E0
3.104742163E1,3.835694790E0,2.014158487E0,8.997013092E0
3.106753308E1,3.780061483E0,2.066202402E0,9.360123634E0
3.108764454E1,3.850649834E0,2.193620205E0,9.066405296E0
3.110775600E1,3.759722471E0,2.404188633E0,8.359326363E0
3.112786746E1,3.723232031E0,2.295913219E0,8.167900085E0
3.114797892E1,2.221735716E0,2.118844509E0,8.455636978E0
3.116809038E1,2.565105915E0,1.344766378E0,1.037348461E1
3.118820188E1,2.359323025E0,1.264008522E0,1.121276665E1
3.120831348E1,1.695913076E0,1.674975872E0,1.034417248E1
3.122842494E1,2.036890268E0,1.554138303E0,9.388837814E0
3.124853639E1,2.880360365E0,1.474576950E0,9.435498238E0
3.126864785E1,2.371287346E0,1.680957913E0,9.295517921E0
3.128875931E1,2.050648928E0,1.655833244E0,9.340981483E0
3.130887077E1,2.032104731E0,1.607976794E0,9.235098839E0
3.132898228E1,2.291127682E0,1.643869162E0,9.012566566E0
3.134909374E1,2.892922640E0,1.662413478E0,9.137591362E0
3.136920520E1,3.174079180E0,1.658824325E0,9.463613510E0
3.138931665E1,3.328416348E0,1.579861164E0,9.719645500E0
3.140942811E1,3.048455954E0,1.757528186E0,9.671191216E0
3.142953957E1,3.099303484E0,1.744367719E0,9.360722542E0
3.144965103E1,3.226123095E0,1.721037745E0,9.074779510E0
3.146976249E1,3.143570662E0,1.754537225E0,9.297910690E0
3.148987395E1,3.031706333E0,1.786242127E0,9.511469841E0
3.150998546E1,2.980858803E0,1.741974831E0,9.381061554E0
3.153009691E1,2.932404041E0,1.703689694E0,9.600603104E0
3.155020837E1,3.722035646E0,1.082752228E0,9.884750366E0
3.157031983E1,3.241676569E0,1.392622828E0,1.084068298E1
3.159043129E1,2.017747641E0,2.200798512E0,1.023649502E1
3.161054275E1,1.658824325E0,2.657827854E0,8.718847275E0
3.163065426E1,2.166102648E0,2.807379246E0,8.155337334E0
3.165076572E1,1.984846354E0,3.288934708E0,9.016754150E0
3.167087718E1,1.885544300E0,3.576671600E0,8.315656662E0
3.169098863E1,2.564507723E0,3.519243956E0,8.262416840E0
3.171110009E1,2.536391973E0,3.443271875E0,8.099106789E0
3.173121155E1,1.801795483E0,3.546163082E0,8.542975426E0
3.175132301E1,1.621735573E0,3.357130051E0,8.900103569E0
3.177143447E1,1.807777524E0,3.216551781E0,9.004191399E0
3.179154598E1,1.992024899E0,3.215355396E0,9.002995491E0
3.181165744E1,1.689931035E0,3.269792080E0,9.024530411E0
3.183176889E1,1.376471281E0,3.136392355E0,8.876175880E0
3.185188035E1,9.732806087E-1,2.953939438E0,9.151947975E0
3.187199181E1,4.875376225E-1,2.922832966E0,9.340981483E0
3.189210327E1,5.527420044E-1,2.635694027E0,9.087342262E0
3.191221473E1,1.010967612E0,2.721835852E0,9.253045082E0
3.193232624E1,1.456032634E0,2.464607239E0,9.217751503E0
3.195243770E1,1.867598057E0,2.303091764E0,9.348159790E0
3.197254915E1,1.370489120E0,2.328216314E0,9.684351921E0
3.199266061E1,7.220342159E-1,2.200200319E0,9.878170013E0
3.201277207E1,6.544370055E-1,1.934597135E0,1.005523872E1
3.203288353E1,9.409775138E-1,1.731805444E0,1.023290634E1
3.205299499E1,1.238883972E0,1.573280931E0,1.044407272E1
3.207310650E1,1.506281853E0,1.530808330E0,1.060140038E1
3.209321796E1,1.636690736E0,1.561316729E0,1.055952644E1
3.211332941E1,1.255035520E0,1.646261930E0,1.036331463E1
3.213344087E1,7.776673436E-1,1.749751568E0,1.018086243E1
3.215355233E1,4.624129832E-1,1.761117458E0,1.016590691E1
3.217366379E1,4.624129832E-1,1.698305845E0,9.865608215E0
3.219377530E1,4.701896608E-1,1.858026743E0,9.530612946E0
3.221388676E1,3.822534084E-1,1.999203324E0,9.472586632E0
3.223399822E1,1.052841991E-1,1.850848317E0,9.349356651E0
3.225410968E1,-2.237289101E-1,1.643869162E0,9.297910690E0
3.227422113E1,-3.296113312E-1,1.620539188E0,9.460023880E0
3.229433259E1,-3.242274821E-1,1.614557028E0,9.794421196E0
3.231444405E1,-3.056831062E-1,1.503889084E0,1.006002426E1
3.233455556E1,-2.051845491E-1,1.426122308E0,1.015274620E1
3.235466702E1,-4.426721856E-2,1.334596872E0,1.009172916E1
3.237477848E1,-3.409772366E-2,1.318445325E0,9.957133293E0
3.239488994E1,-3.379862010E-1,1.418943882E0,9.769296646E0
3.241500139E1,-5.910272002E-1,1.533201098E0,9.735198975E0
3.243511285E1,-6.873382926E-1,1.561316729E0,9.703494072E0
3.245522431E1,-7.393822074E-1,1.506880045E0,9.717252731E0
3.247533582E1,-7.615157962E-1,1.463809252E0,9.699306488E0
3.249544728E1,-6.496513486E-1,1.381256819E0,9.591629982E0
3.251555874E1,-6.867401004E-1,1.309472203E0,9.466604233E0
3.253567020E1,-8.111668825E-1,1.278365493E0,9.326624870E0
3.255578165E1,-9.756734371E-1,1.237687469E0,9.368498802E0
3.257589311E1,-1.272383451E0,1.161715388E0,9.536594391E0
3.259600462E1,-1.386042476E0,9.481559992E-1,9.806983948E0
3.261611608E1,-1.431506157E0,7.453642488E-1,1.004327488E1
3.263622754E1,-1.517049551E0,6.095715761E-1,1.022333431E1
3.265633900E1,-1.477568030E0,5.312066078E-1,1.027418232E1
3.267645046E1,-1.423131227E0,5.341976285E-1,1.025922680E1
3.269656191E1,-1.511665702E0,6.239284873E-1,1.026700401E1
3.271667342E1,-1.540379524E0,6.891329288E-1,1.025683403E1
3.273678488E1,-1.460818172E0,7.136593461E-1,1.026341438E1
3.275689634E1,-1.345364571E0,8.057830334E-1,1.010907745E1
3.277700780E1,-1.166501045E0,8.380861282E-1,9.923035622E0
3.279711926E1,-1.062413216E0,8.315058947E-1,9.738189697E0
3.281723072E1,-1.103091240E0,8.721838593E-1,9.468399048E0
3.283734223E1,-1.300499082E0,9.320043921E-1,9.362516403E0
3.285745368E1,-1.426720500E0,8.919246197E-1,9.368498802E0
3.287756514E1,-1.471585870E0,7.806583643E-1,9.434899330E0
3.289767660E1,-1.579262972E0,6.765705943E-1,9.525228500E0
3.291778806E1,-1.712064624E0,5.647061467E-1,9.620343208E0
3.293789952E1,-1.837089539E0,4.971089065E-1,9.680762291E0
3.295801103E1,-1.850250125E0,4.618147612E-1,9.686145782E0
3.297812249E1,-2.010569334E0,4.085744619E-1,9.540781975E0
3.299823394E1,-2.321038008E0,4.289134443E-1,9.584450722E0
3.301834540E1,-2.262413740E0,2.171486616E-1,9.917053223E0
3.303845686E1,-1.996810555E0,-3.589234129E-2,1.001755238E1
3.305856832E1,-1.901097536E0,-4.187439755E-2,1.000498962E1
3.307867983E1,-1.859223247E0,3.170489892E-2,1.019222832E1
3.309879129E1,-1.699502230E0,1.974078640E-2,1.021675491E1
3.311890275E1,-1.619342685E0,-2.273181453E-2,1.008514881E1
3.313901421E1,-1.561915040E0,-4.307080805E-2,9.809376717E0
3.315912566E1,-1.658824325E0,1.794616925E-3,9.699306488E0
3.317923712E1,-1.765304923E0,6.460621208E-2,9.695717812E0
3.319934863E1,-1.672582984E0,6.939185411E-2,9.684351921E0
3.321946009E1,-1.578066587E0,9.391828626E-2,9.776474953E0
3.323957155E1,-1.589432478E0,1.435693651E-1,9.826126099E0
3.325968301E1,-1.628315806E0,1.423729509E-1,9.815358162E0
3.327979447E1,-1.680957913E0,1.094716340E-1,9.763314247E0
3.329990593E1,-1.696511269E0,8.614161611E-2,9.666405678E0
3.332001744E1,-1.855633974E0,8.973085135E-2,9.638887405E0
3.334012889E1,-1.925025821E0,4.426721856E-2,9.687940598E0
3.336024035E1,-1.774876237E0,-2.632104978E-2,9.785448074E0
3.338035181E1,-1.674377680E0,-4.785645287E-3,9.845867157E0
3.340046327E1,-1.700698733E0,2.691925503E-2,9.888937950E0
3.342057478E1,-1.702493310E0,2.392822644E-3,9.917651176E0
3.344068624E1,-1.659422517E0,1.256231871E-2,9.934401512E0
3.346079770E1,-1.656431437E0,8.853443712E-2,9.835099220E0
3.348090915E1,-1.738983870E0,1.686939895E-1,9.767501831E0
3.350102061E1,-1.711466432E0,2.177468538E-1,9.727422714E0
3.352113207E1,-1.615753531E0,2.512463629E-1,9.714262009E0
3.354124358E1,-1.531406522E0,2.398804724E-1,9.717252731E0
3.356135504E1,-1.511067510E0,2.344966233E-1,9.741181374E0
3.358146650E1,-1.539781332E0,2.781656384E-1,9.746564865E0
3.360157796E1,-1.530210137E0,3.278166950E-1,9.794421196E0
3.362168941E1,-1.508076429E0,3.457628787E-1,9.870991707E0
3.364180093E1,-1.554736495E0,3.667000830E-1,1.009890842E1
3.366191238E1,-1.472782373E0,2.991028428E-1,1.006899738E1
3.368202384E1,-1.459621787E0,2.991028428E-1,9.970293999E0
3.370213530E1,-1.512862086E0,3.714857101E-1,9.941579819E0
3.372224676E1,-1.220339537E0,3.194418252E-1,9.820143700E0
3.374235822E1,-8.057830334E-1,2.817548811E-1,9.588040352E0
3.376246973E1,-3.571287692E-1,3.296113312E-1,9.638289452E0
3.378258119E1,-3.409772366E-2,3.314059377E-1,9.792028427E0
3.380269264E1,-1.196411322E-3,4.773681164E-1,1.006361389E1
3.382280410E1,-3.110669367E-2,5.916253924E-1,9.992427826E0
3.384291556E1,1.794617064E-2,5.904290080E-1,9.920642853E0
3.386302707E1,1.256231871E-2,5.700899959E-1,9.918250084E0
3.388313853E1,1.345962733E-1,5.449653864E-1,9.926624298E0
3.390324999E1,3.649054468E-1,5.090730190E-1,9.939785004E0
3.392336145E1,6.119644046E-1,4.833501875E-1,9.882955551E0
3.394347290E1,7.100701332E-1,4.893322289E-1,9.872187614E0
3.396358441E1,7.064808607E-1,5.335994363E-1,9.894321442E0
3.398369587E1,7.698906660E-1,5.700899959E-1,1.002054310E1
3.400380733E1,8.297112584E-1,6.155536175E-1,1.018684387E1
3.402391879E1,8.961120844E-1,6.843472719E-1,1.003908730E1
3.404403025E1,1.045065284E0,7.639086246E-1,9.925428391E0
3.406414176E1,1.226321578E0,8.590233326E-1,9.817152977E0
3.408425322E1,1.401595831E0,9.296116233E-1,9.686145782E0
3.410436468E1,1.469193101E0,1.057627559E0,9.711270332E0
3.412447613E1,1.276570916E0,1.258624673E0,1.015454102E1
3.414458759E1,1.025324464E0,1.451246977E0,9.636494637E0
3.416469910E1,1.476969719E0,1.341177106E0,9.232706070E0
3.418481056E1,2.431107759E0,1.147956610E0,8.864211082E0
3.420492202E1,2.755335331E0,1.128814101E0,9.171689034E0
3.422503348E1,2.449054003E0,1.228116274E0,9.550951958E0
3.424514499E1,2.451446772E0,1.160519004E0,9.611968994E0
3.426525645E1,2.722434044E0,1.091725349E0,9.530014038E0
3.428536790E1,2.716451883E0,1.211964726E0,9.716654778E0
3.430547936E1,2.764308453E0,1.293320656E0,9.838089943E0
3.432559082E1,3.067000389E0,1.261017561E0,9.598808289E0
3.434570233E1,3.223730326E0,1.251446247E0,9.378069878E0
3.436581379E1,2.889333248E0,1.300499082E0,9.397212982E0
3.438592525E1,2.659622431E0,1.246660590E0,9.439086914E0
3.440603671E1,2.613560438E0,1.235892892E0,9.449854851E0
3.442614816E1,2.740978241E0,1.310070395E0,9.450452805E0
3.444625968E1,2.880958557E0,1.462014675E0,9.441479683E0
3.446637113E1,2.926422119E0,1.609173179E0,9.552147865E0
3.448648259E1,3.101098061E0,1.773679733E0,9.558728218E0
3.450659405E1,3.463610888E0,1.899901152E0,9.206384659E0
3.452670556E1,3.567100286E0,1.947159410E0,8.932407379E0
3.454681702E1,3.353540897E0,1.905285001E0,9.114261627E0
3.456692848E1,3.198605776E0,1.813161373E0,9.334401131E0
3.458703994E1,3.131606579E0,1.713261008E0,9.323035240E0
3.460715139E1,3.176471949E0,1.626521230E0,9.173483849E0
3.462726290E1,3.268595695E0,1.547558069E0,9.021539688E0
3.464737436E1,3.181855917E0,1.466800332E0,9.076574326E0
3.466748582E1,3.101098061E0,1.396211982E0,9.268000603E0
3.468759728E1,3.186641455E0,1.320838094E0,9.324830055E0
3.470770874E1,3.430111170E0,1.278963685E0,9.252447128E0
3.472782025E1,3.562314749E0,1.304686546E0,9.382257462E0
3.474793171E1,3.499503136E0,1.342971683E0,9.460023880E0
3.476804316E1,3.604189157E0,1.291526079E0,9.321240425E0
3.478815462E1,3.602992773E0,1.305284739E0,9.019744873E0
3.480826613E1,3.711866140E0,1.345962763E0,8.925228119E0
3.482837759E1,3.838087559E0,1.412363529E0,8.910273552E0
3.484848905E1,3.961916208E0,1.473380566E0,8.730213165E0
3.486860051E1,3.932604074E0,1.584646821E0,8.665607452E0
3.488871197E1,3.922434568E0,1.661815286E0,8.892327309E0
3.490882348E1,3.899104595E0,1.680359721E0,8.858827591E0
3.492893494E1,3.914059639E0,1.663011789E0,8.740383148E0
3.494904639E1,3.992424488E0,1.574477315E0,8.810971260E0
3.496915785E1,4.011567116E0,1.422533035E0,8.937790871E0
3.498926936E1,4.043272018E0,1.195214868E0,8.839685440E0
3.500938082E1,3.957130432E0,1.050449133E0,8.845666885E0
3.502949228E1,4.200001717E0,1.060618639E0,8.914461136E0
3.504960374E1,4.548755646E0,1.180858016E0,8.927620888E0
3.506971525E1,4.716851711E0,1.245464206E0,8.823533058E0
3.508982671E1,4.627120972E0,1.214955688E0,8.771489143E0
3.510993816E1,4.462614059E0,1.202991605E0,8.737391472E0
3.513004962E1,4.322035789E0,1.273579836E0,8.698508263E0
3.515016113E1,4.245465755E0,1.358525038E0,8.632705688E0
3.517027259E1,4.271786690E0,1.384247899E0,8.828917503E0
3.519038405E1,4.341776848E0,1.336989641E0,8.952147484E0
3.521049551E1,4.312464714E0,1.306481123E0,8.888139725E0
3.523060697E1,4.201198578E0,1.319043517E0,8.834898949E0
3.525071848E1,4.076173306E0,1.272383451E0,8.855836868E0
3.527082994E1,3.966103554E0,1.240678549E0,8.870193481E0
3.529094139E1,3.803989887E0,1.302891970E0,8.805587769E0
3.531105285E1,3.716651678E0,1.318445325E0,8.886942863E0
3.533116436E1,3.631706476E0,1.266401410E0,9.169894218E0
3.535127582E1,3.793820381E0,1.098903775E0,9.437891006E0
3.537138728E1,4.021138668E0,9.720842242E-1,9.562915802E0
3.539149874E1,4.065405846E0,9.236295223E-1,9.681360245E0
3.541161025E1,4.040879250E0,8.422735929E-1,9.708279610E0
3.543172171E1,3.996013880E0,8.111668825E-1,9.693324089E0
3.545183316E1,3.949951887E0,8.362914920E-1,9.643673897E0
3.547194462E1,3.867997885E0,8.189435601E-1,9.665806770E0
3.549205613E1,3.656831264E0,8.937192559E-1,9.590433121E0
3.551216759E1,3.446861029E0,9.822536707E-1,9.443274498E0
3.553227905E1,3.209373474E0,1.138385415E0,9.397810936E0
3.555239051E1,2.930609465E0,1.304686546E0,9.260822296E0
3.557250197E1,2.729612350E0,1.462612867E0,9.113064766E0
3.559261348E1,2.522035122E0,1.634297848E0,9.038289070E0
3.561272494E1,2.409572363E0,1.783849239E0,8.867202759E0
3.563283639E1,2.331805706E0,1.862214208E0,8.740383148E0
3.565294785E1,2.240878344E0,1.948953986E0,8.537590981E0
3.567305936E1,2.053640127E0,2.014158487E0,8.420342445E0
3.569317082E1,1.755733609E0,2.118844509E0,8.351549149E0
3.571328228E1,1.664208174E0,2.117049932E0,8.475378036E0
3.573339374E1,2.094916344E0,1.889731646E0,8.635098457E0
3.575350525E1,2.639283419E0,1.618744493E0,9.087342262E0
3.577361671E1,2.824128866E0,1.476969719E0,9.376873970E0
3.579372816E1,2.806781054E0,1.194616675E0,8.992227554E0
3.581383962E1,2.913859844E0,7.435696125E-1,8.784051895E0
3.583395113E1,2.907279491E0,2.153540403E-1,8.590232849E0
3.585406259E1,2.503490686E0,-7.896314561E-2,8.876175880E0
3.587417405E1,2.633301258E0,-4.588237405E-1,9.297312737E0
3.589428556E1,2.768495798E0,-9.678967595E-1,9.113663673E0
3.591439702E1,3.014358282E0,-1.476969719E0,9.784252167E0
3.593450848E1,3.162713289E0,-1.764108539E0,1.034596729E1
3.595461994E1,3.004786968E0,-2.067398787E0,1.015155029E1
3.597473139E1,3.340978622E0,-2.489133835E0,1.005404282E1
3.599484290E1,3.215355396E0,-2.653042078E0,1.056550884E1
3.601495436E1,2.498705149E0,-2.592025042E0,1.081914711E1
3.603506582E1,1.858026743E0,-2.728415966E0,1.087956619E1
3.605517733E1,1.389033556E0,-2.804986238E0,1.089093208E1
3.607528879E1,1.072582722E0,-2.760120869E0,1.075214863E1
3.609540025E1,1.932802439E0,-2.822932482E0,9.680762291E0
3.611551171E1,1.465603828E0,-1.676172256E0,8.642276764E0
3.613562322E1,5.778666735E-1,-1.537388563E0,9.470791817E0
3.615573468E1,1.433898926E0,-2.722434044E0,1.010967541E1
3.617584613E1,1.209571838E0,-2.643470764E0,1.012403297E1
3.619595759E1,1.149751306E0,-2.330011129E0,1.029093170E1
3.621606910E1,1.613360643E0,-2.422732830E0,1.147777176E1
3.623618056E1,2.060220242E0,-2.773879766E0,1.162074280E1
3.625629202E1,6.311069727E-1,-1.730010748E0,8.211568832E0
3.627640353E1,1.495514158E-2,-6.891329288E-1,7.037889481E0
3.629651499E1,1.668993831E0,-1.459023595E0,8.345566750E0
3.631662645E1,1.433898926E0,-1.391426325E0,8.885746956E0
3.633673790E1,1.703689694E0,-1.662413478E0,7.472784996E0
3.635684936E1,2.239083767E0,-1.805982947E0,5.364708424E0
3.637696087E1,1.002592683E0,-1.853839397E0,7.557132244E0
3.639707233E1,-2.069791555E-1,-2.019542217E0,1.048953629E1
3.641718379E1,-1.444068432E0,-2.306680918E0,1.179841042E1
3.643729530E1,-1.621137381E0,-2.814557552E0,1.201316643E1
3.645740676E1,-9.032905698E-1,-2.973082066E0,1.205264759E1
3.647751822E1,1.848455518E-1,-2.803789854E0,1.144786167E1
3.649762968E1,7.776673436E-1,-2.708076954E0,1.064566803E1
3.651774119E1,7.429714203E-1,-2.643470764E0,1.022512913E1
3.653785264E1,-6.640082598E-2,-2.707478762E0,1.008993530E1
3.655796410E1,-8.338986635E-1,-2.595016241E0,1.051346493E1
3.657807561E1,-1.135992527E0,-2.641676188E0,1.054636574E1
3.659818707E1,-1.264606714E0,-3.247658491E0,9.854242325E0
3.661829853E1,-9.678967595E-1,-2.487339020E0,9.746564865E0
3.663840999E1,-7.226324677E-1,-1.898106575E0,9.336793900E0
3.665852150E1,-1.302891970E0,-2.201396942E0,8.574680328E0
3.667863296E1,-6.867401004E-1,-2.539382935E0,9.018548965E0
3.669874441E1,-1.476371527E0,-1.992623091E0,8.793025017E0
3.671885587E1,-1.631905079E0,-1.925624013E0,8.571688652E0
3.673896738E1,-1.390828133E0,-1.935793519E0,8.371888161E0
3.675907884E1,-1.533799291E0,-1.831107497E0,8.501698494E0
3.677919030E1,-1.438684583E0,-1.958525300E0,9.025128365E0
3.679930181E1,-1.463211060E0,-1.924427629E0,9.069993973E0
3.681941327E1,-1.777269006E0,-1.999801517E0,8.922835350E0
3.683952473E1,-1.980060697E0,-2.252842426E0,9.430712700E0
3.685963618E1,-2.204387903E0,-2.688336134E0,1.053978539E1
3.687974770E1,-1.573879123E0,-3.131606579E0,1.141615677E1
3.689985915E1,-9.936196208E-1,-2.769692183E0,1.183549881E1
3.691997061E1,-5.814558864E-1,-2.409572363E0,1.058644581E1
3.694008212E1,7.537391037E-2,-2.061416626E0,9.936196327E0
3.696019358E1,2.333002090E-1,-1.747956991E0,9.662218094E0
3.698030504E1,1.459621787E-1,-1.511067510E0,9.453444481E0
3.700041650E1,1.034895778E-1,-1.392024517E0,9.587442398E0
3.702052801E1,3.170489967E-1,-1.289133191E0,9.980463028E0
3.704063947E1,4.504488707E-1,-1.294517040E0,1.012582684E1
3.706075092E1,8.482556343E-1,-1.228116274E0,9.649057388E0
3.708086244E1,8.656035662E-1,-6.658028960E-1,8.995218277E0
3.710097389E1,5.216353536E-1,-9.696913958E-1,9.589835167E0
3.712108535E1,8.584251404E-1,-1.056431174E0,9.458827972E0
3.714119686E1,4.683950245E-1,-8.135597110E-1,9.477372169E0
3.716130832E1,6.263213158E-1,-8.937192559E-1,9.729216576E0
3.718141978E1,6.017948985E-1,-9.128618240E-1,1.000199890E1
3.720153124E1,4.660021961E-1,-8.087740541E-1,1.019521904E1
3.722164275E1,5.012963414E-1,-8.081758618E-1,9.911669731E0
3.724175421E1,6.508477330E-1,-7.154539824E-1,9.976874352E0
3.726186566E1,7.806583643E-1,-5.898307562E-1,9.964909554E0
3.728197718E1,1.003190875E0,-4.468596280E-1,9.962516785E0
3.730208863E1,1.162313581E0,-3.397808075E-1,9.585647583E0
3.732220009E1,1.271785259E0,-3.332005441E-1,9.480961800E0
3.734231155E1,1.342971683E0,-3.427718580E-1,9.789037704E0
3.736242306E1,1.211964726E0,-3.786641955E-1,9.601201057E0
3.738253452E1,1.130010486E0,-3.625126183E-1,9.122037888E0
3.740264598E1,1.098305583E0,-2.883351147E-1,8.854042053E0
3.742275749E1,1.143769264E0,-2.895315289E-1,9.130413055E0
3.744286894E1,1.190429211E0,-3.302095234E-1,9.710074425E0
3.746298040E1,1.203589797E0,-3.756731451E-1,1.027896786E1
3.748309191E1,1.269392371E0,-4.277170599E-1,1.044407272E1
3.750320337E1,1.254437327E0,-4.103690982E-1,1.018863869E1
3.752331483E1,1.203589797E0,-3.894318938E-1,9.995418549E0
3.754342634E1,1.255035520E0,-3.744767308E-1,1.036869907E1
3.756353780E1,1.371087432E0,-3.577269912E-1,1.152503014E1
3.758364926E1,1.520638824E0,-3.158525825E-1,1.209153080E1
3.760376072E1,1.558923960E0,-2.207378894E-1,1.086879826E1
3.762387223E1,1.358525038E0,1.405783296E-1,9.553344727E0
3.764398368E1,1.396211982E0,4.331009090E-1,9.321838379E0
3.766409520E1,1.722234130E0,3.026920557E-1,9.587442398E0
3.768420665E1,1.756929994E0,2.536391914E-1,9.230911255E0
3.770431811E1,1.872383714E0,3.649054468E-1,9.202795982E0
3.772442957E1,2.082952023E0,5.072783828E-1,9.103493690E0
3.774454108E1,2.090130568E0,7.381857634E-1,9.072386742E0
3.776465254E1,1.945364833E0,8.949156404E-1,8.980861664E0
3.778476400E1,1.704886079E0,9.272187948E-1,8.801998138E0
3.780487551E1,1.588834286E0,9.553344250E-1,8.959924698E0
3.782498697E1,1.710269928E0,9.738788009E-1,9.379266739E0
3.784509842E1,1.733001828E0,1.009771109E0,9.348159790E0
3.786520994E1,1.759921074E0,9.684949517E-1,9.163313866E0
3.788532139E1,1.786242127E0,8.632107973E-1,9.081958771E0
3.790543285E1,1.735394597E0,7.591229677E-1,9.343374252E0
3.792554436E1,1.680359721E0,6.562315822E-1,9.617950439E0
3.794565582E1,1.695913076E0,5.796613097E-1,9.662218094E0
3.796576728E1,1.657029629E0,5.551348329E-1,9.787840843E0
3.798587879E1,1.807777524E0,4.923232496E-1,1.026461124E1
3.800599025E1,1.869392633E0,4.283152521E-1,1.040578747E1
3.802610171E1,1.710868239E0,4.079762697E-1,9.981659889E0
3.804621322E1,1.604985833E0,3.744767308E-1,9.609575272E0
3.806632468E1,1.677966833E0,2.817548811E-1,9.756135941E0
3.808643613E1,1.560120344E0,2.063809484E-1,9.768698692E0
3.810654764E1,1.302891970E0,1.734796464E-1,9.553344727E0
3.812665910E1,1.248455167E0,6.340979785E-2,9.674779892E0
3.814677056E1,1.316052437E0,-1.244267747E-1,1.056072235E1
3.816688207E1,1.558325768E0,-1.585244983E-1,1.200538921E1
3.818699353E1,1.508076429E0,-3.349951655E-2,1.129591751E1
3.820710499E1,1.255035520E0,9.750752151E-2,9.993623734E0
3.822721650E1,1.310668588E0,1.507478207E-1,9.354740143E0
3.824732796E1,1.392024517E0,2.494517565E-1,9.399605751E0
3.826743941E1,1.404586911E0,2.883351147E-1,9.741779327E0
3.828755093E1,1.489532113E0,2.404786795E-1,1.010907745E1
3.830766238E1,1.520040631E0,2.470589429E-1,1.039561844E1
3.832777384E1,1.668993831E0,2.626122832E-1,1.058704376E1
3.834788535E1,1.708475351E0,3.050848842E-1,9.949356079E0
3.836799681E1,1.685743570E0,4.636093974E-1,9.425328255E0
3.838810832E1,1.710868239E0,6.053841114E-1,9.421739578E0
3.840821978E1,1.809572101E0,7.010970116E-1,9.511469841E0
3.842833124E1,1.893919110E0,7.651050687E-1,9.402596474E0
3.844844275E1,2.044068813E0,8.075776696E-1,9.270393372E0
3.846855421E1,2.276770830E0,8.608179688E-1,9.339186668E0
3.848866566E1,2.459223509E0,8.979067206E-1,9.668199539E0
3.850877718E1,2.712862730E0,9.451649189E-1,1.006660461E1
3.852888863E1,2.765504837E0,1.024726272E0,9.944570541E0
3.854900009E1,2.818745136E0,1.117448211E0,9.570692062E0
3.856911160E1,3.013760090E0,1.189831018E0,9.288937569E0
3.858922306E1,3.283550978E0,1.296311617E0,9.379266739E0
3.860933452E1,3.468396425E0,1.414158225E0,9.768698692E0
3.862944603E1,3.456432343E0,1.506880045E0,9.629914284E0
3.864955749E1,3.468994617E0,1.575075507E0,9.049057007E0
3.866966895E1,3.634697676E0,1.674377680E0,8.670990944E0
3.868978046E1,3.813561201E0,1.798206210E0,8.352147102E0
3.870989191E1,3.973282099E0,1.866999865E0,8.062616348E0
3.873000342E1,4.068396568E0,1.956132531E0,7.988438606E0
3.875011488E1,4.115654945E0,2.056631088E0,8.168498039E0
3.877022634E1,4.221537113E0,2.068595171E0,8.467600822E0
3.879033785E1,4.409373760E0,2.052443504E0,8.546564102E0
3.881044931E1,4.660022259E0,2.054836512E0,8.404191017E0
3.883056077E1,4.822135925E0,2.059622049E0,8.184649467E0
3.885067228E1,4.915455818E0,2.064407825E0,8.043473244E0
3.887078374E1,4.963312149E0,2.076970100E0,8.532805443E0
3.889089525E1,4.743172646E0,2.075773716E0,9.281160355E0
3.891100671E1,4.530211449E0,1.991426587E0,9.603593826E0
3.893111816E1,4.429712772E0,1.919641972E0,9.134002686E0
3.895122968E1,4.493122578E0,1.935195327E0,8.404789925E0
3.897134113E1,4.645665169E0,2.000399828E0,8.142775536E0
3.899145264E1,4.774279594E0,2.024327993E0,8.292326927E0
3.901156410E1,4.642673969E0,2.011167526E0,8.510671616E0
3.903167556E1,4.428516388E0,1.987239242E0,8.720044136E0
3.905178707E1,4.357329845E0,1.958525300E0,8.777471542E0
3.907189853E1,4.567898273E0,1.957328916E0,8.843274117E0
3.909200999E1,4.593023300E0,1.987239242E0,8.795417786E0
3.911212150E1,4.538586140E0,1.976471543E0,8.684151649E0
3.913223296E1,4.433900356E0,1.928016901E0,8.559126854E0
3.915234447E1,4.313661098E0,1.894517303E0,8.496912956E0
3.917245592E1,4.195814610E0,1.891526341E0,8.612964630E0
3.919256738E1,4.153341770E0,1.889133453E0,8.773882866E0
3.921267889E1,4.323232174E0,1.862812400E0,8.874381065E0
3.923279035E1,4.540380955E0,1.908874273E0,8.809774399E0
3.925290186E1,4.655834675E0,1.957927108E0,8.743971825E0
3.927301332E1,4.607978344E0,1.999801517E0,8.759525299E0
3.929312478E1,4.412963390E0,2.002792597E0,8.789435387E0
3.931323629E1,4.269393921E0,1.957927108E0,8.742775917E0
3.933334775E1,4.249054909E0,1.910070658E0,8.650053978E0
3.935345926E1,4.312464714E0,1.901097536E0,8.650053978E0
3.937357072E1,4.437489510E0,1.873580098E0,8.737391472E0
3.939368218E1,4.479962349E0,1.883151412E0,8.775676727E0
3.941379368E1,4.361517429E0,1.894517303E0,8.730213165E0
3.943390514E1,4.223331928E0,1.886142492E0,8.763712883E0
3.945401665E1,4.187439442E0,1.866401672E0,8.754739761E0
3.947412811E1,4.280759811E0,1.865205288E0,8.711071014E0
3.949423957E1,4.298107624E0,1.919641972E0,8.739186287E0
3.951435108E1,4.291527271E0,1.918445587E0,8.810373306E0
3.953446254E1,4.333401680E0,1.890329838E0,8.831310272E0
3.955457405E1,4.228715897E0,1.874776483E0,8.747561455E0
3.957468551E1,4.126422882E0,1.856232166E0,8.651848793E0
3.959479697E1,4.074378967E0,1.786242127E0,8.624331474E0
3.961490848E1,4.076173306E0,1.589432478E0,8.706883430E0
3.963501994E1,4.277170658E0,1.445264935E0,8.886344910E0
3.965513144E1,4.363910198E0,1.678565025E0,9.057432175E0
3.967524290E1,4.216153622E0,2.072782516E0,9.117252350E0
3.969535441E1,4.101297855E0,2.091925144E0,9.039485931E0
3.971546587E1,4.089931965E0,1.869990945E0,8.982057571E0
3.973557733E1,4.121038914E0,1.745564103E0,8.964112282E0
3.975568884E1,4.016951084E0,1.739582062E0,9.023334503E0
3.977580030E1,3.911068678E0,1.670788407E0,9.079565048E0
3.979591181E1,3.841078520E0,1.610369682E0,9.037691116E0
3.981602327E1,3.705285788E0,1.601396561E0,9.025128365E0
3.983613478E1,3.641875982E0,1.590628862E0,9.040083885E0
3.985624624E1,3.720839262E0,1.609173179E0,9.069993973E0
3.987635770E1,3.735196114E0,1.676770449E0,9.064012527E0
3.989646921E1,3.742972851E0,1.692921996E0,9.087342262E0
3.991658066E1,3.778865099E0,1.680359721E0,9.085547447E0
3.993669218E1,3.804588079E0,1.708475351E0,9.043074608E0
3.995680363E1,3.864408493E0,1.748555183E0,8.996415138E0
3.997691509E1,3.920639992E0,1.745564103E0,8.959924698E0
3.999702660E1,3.914657831E0,1.721037745E0,8.945567131E0
4.001713806E1,3.816552162E0,1.694716692E0,8.980263710E0
4.003724957E1,3.890131474E0,1.649851203E0,9.020342827E0
4.005736103E1,3.945764542E0,1.685743570E0,8.997611046E0
4.007747254E1,3.858426571E0,1.714457393E0,8.975478172E0
4.009758400E1,3.873979807E0,1.680957913E0,9.009575844E0
4.011769551E1,3.879363775E0,1.684547186E0,9.017352104E0
4.013780697E1,3.809971809E0,1.712064624E0,8.997611046E0
4.015791843E1,3.786043644E0,1.698904037E0,9.052646637E0
4.017802994E1,3.793222189E0,1.691127419E0,9.091529846E0
4.019814139E1,3.769293785E0,1.664806366E0,9.089735031E0
4.021825290E1,3.742972851E0,1.654636860E0,9.088538170E0
4.023836436E1,3.835694790E0,1.656431437E0,9.090931892E0
4.025847587E1,3.784847260E0,1.673779488E0,9.039485931E0
4.027858733E1,3.721437454E0,1.643270969E0,9.020342827E0
4.029869884E1,3.722035646E0,1.646261930E0,9.008976936E0
4.031881030E1,3.751347780E0,1.671386600E0,9.014959335E0
4.033892181E1,3.783052683E0,1.684547186E0,9.049057007E0
4.035903327E1,3.825525284E0,1.704287887E0,9.096315384E0
4.037914473E1,3.911068678E0,1.719841242E0,9.094520569E0
4.039925624E1,3.863810301E0,1.738983870E0,8.991030693E0
4.041936770E1,3.844069481E0,1.705484390E0,8.994022369E0
4.043947921E1,3.866203070E0,1.709671736E0,9.011369705E0
4.045959066E1,3.852444410E0,1.694716692E0,8.962915421E0
4.047970218E1,3.821337700E0,1.649253011E0,8.894122124E0
4.049981363E1,3.814757586E0,1.656431437E0,8.933603287E0
4.051992514E1,3.811766386E0,1.691127419E0,9.061020851E0
4.054003660E1,3.805784464E0,1.697109461E0,9.083154678E0
4.056014806E1,3.809971809E0,1.681556106E0,9.101100922E0
4.058025957E1,3.719642878E0,1.651645780E0,9.186644554E0
4.060037103E1,3.672982693E0,1.630708575E0,9.250652313E0
4.062048254E1,3.753740549E0,1.619342685E0,9.146564484E0
4.064059400E1,3.870390654E0,1.633101463E0,9.052646637E0
4.066070551E1,3.851846218E0,1.667199135E0,8.965906143E0
4.068081697E1,3.757927895E0,1.689931035E0,8.921639442E0
4.070092848E1,3.756731510E0,1.727617979E0,8.921639442E0
4.072103994E1,3.847658873E0,1.753340840E0,8.931808472E0
4.074115144E1,3.962514400E0,1.747358680E0,8.942576408E0
4.076126290E1,4.017549038E0,1.721635938E0,8.956933022E0
4.078137441E1,3.946362734E0,1.719841242E0,8.992825508E0
4.080148587E1,3.823730469E0,1.695314884E0,9.056833267E0
4.082159738E1,3.748954773E0,1.668395638E0,9.143573761E0
4.084170884E1,3.774677753E0,1.671386600E0,9.156734467E0
4.086182035E1,3.842274904E0,1.654636860E0,9.087342262E0
4.088193181E1,3.818944931E0,1.667199135E0,9.026325226E0
4.090204332E1,3.758526087E0,1.654038668E0,9.019744873E0
4.092215478E1,3.753142357E0,1.643270969E0,9.014361382E0
4.094226629E1,3.767499208E0,1.679761529E0,9.009575844E0
4.096237775E1,3.753740549E0,1.701296926E0,8.992825508E0
4.098248926E1,3.757329702E0,1.692323804E0,8.998209953E0
4.100260072E1,3.827918053E0,1.683948994E0,9.032905579E0
4.102271223E1,3.842873096E0,1.711466432E0,9.062217712E0
4.104282368E1,3.782454491E0,1.686939955E0,9.101698875E0
4.106293514E1,3.843471289E0,1.639083505E0,9.098110199E0
4.108304665E1,3.866203070E0,1.678565025E0,9.073583603E0
4.110315811E1,3.838087559E0,1.694118381E0,9.028717995E0
4.112326962E1,3.812364578E0,1.685743570E0,8.983254433E0
4.114338108E1,3.818944931E0,1.698904037E0,9.018548965E0
4.116349259E1,3.829114437E0,1.712662816E0,9.046664238E0
4.118360405E1,3.824927092E0,1.697109461E0,9.039485931E0
4.120371556E1,3.807579041E0,1.689931035E0,9.015557289E0
4.122382702E1,3.769293785E0,1.682154298E0,9.048459053E0
4.124393853E1,3.708276987E0,1.671386600E0,9.057432175E0
4.126404999E1,3.728017569E0,1.654636860E0,9.068798065E0
4.128416150E1,3.760320902E0,1.686341763E0,9.080163956E0
4.130427296E1,3.781856298E0,1.694118381E0,9.065208435E0
4.132438447E1,3.796213150E0,1.675574064E0,9.064610481E0
4.134449598E1,3.744767427E0,1.716252089E0,9.068199158E0
4.136460744E1,3.747758389E0,1.716850281E0,9.053244591E0
4.138471889E1,3.862613916E0,1.671386600E0,8.997611046E0
4.140483040E1,3.826123476E0,1.682154298E0,8.940183640E0
4.142494191E1,3.747160196E0,1.677368641E0,8.962317467E0
4.144505337E1,3.809971809E0,1.698904037E0,9.078967094E0
4.146516488E1,3.806382656E0,1.761117458E0,9.110671997E0
4.148527634E1,3.741178274E0,1.708475351E0,9.075378418E0
4.150538785E1,3.725026608E0,1.657627940E0,9.100502968E0
4.152549931E1,3.745963812E0,1.677368641E0,9.181260109E0
4.154561082E1,3.712464333E0,1.688136339E0,9.136993408E0
4.156572228E1,3.753740549E0,1.663011789E0,8.984451294E0
4.158583379E1,3.805186272E0,1.681556106E0,8.913862228E0
4.160594525E1,3.772284985E0,1.697109461E0,9.016156197E0
4.162605676E1,3.774079561E0,1.706680775E0,9.103493690E0
4.164616822E1,3.879961967E0,1.744367719E0,9.080163956E0
4.166627973E1,3.894318819E0,1.770688772E0,9.011968613E0
4.168639119E1,3.817150354E0,1.737787485E0,9.038289070E0
4.170650270E1,3.756133318E0,1.707877159E0,9.031110764E0
4.172661415E1,3.774079561E0,1.701895118E0,8.992227554E0
4.174672566E1,3.774079561E0,1.733001828E0,8.993423462E0
4.176683712E1,3.763311863E0,1.722832322E0,9.041878700E0
4.178694863E1,3.785445452E0,1.700100541E0,9.096913338E0
4.180706009E1,3.744767427E0,1.704287887E0,9.093922615E0
4.182717160E1,3.741178274E0,1.689931035E0,9.034700394E0
4.184728311E1,3.756731510E0,1.692323804E0,8.985049248E0
4.186739457E1,3.743571043E0,1.712662816E0,9.011369705E0
4.188750608E1,3.731606960E0,1.731805444E0,9.087940216E0
4.190761754E1,3.743571043E0,1.733001828E0,9.099306107E0
4.192772905E1,3.769891977E0,1.730608940E0,9.057432175E0
4.194784051E1,3.766302824E0,1.727019787E0,9.050253868E0
4.196795202E1,3.728615999E0,1.743171334E0,9.086744308E0
4.198806348E1,3.690330744E0,1.718644857E0,9.117850304E0
4.200817499E1,3.716651678E0,1.703091502E0,9.078967094E0
4.202828644E1,3.802793503E0,1.733001828E0,9.038887978E0
4.204839796E1,3.856033802E0,1.763510346E0,9.080163956E0
4.206850941E1,3.811168194E0,1.760519266E0,9.058030128E0
4.208862092E1,3.725026608E0,1.728814363E0,8.953942299E0
4.210873244E1,3.736392498E0,1.733600020E0,8.930612564E0
4.212884389E1,3.777070522E0,1.777269006E0,8.993423462E0
4.214895540E1,3.738785267E0,1.756929994E0,9.064012527E0
4.216906686E1,3.766302824E0,1.737189293E0,9.156135559E0
4.218917837E1,3.708875179E0,1.737189293E0,9.109476089E0
4.220928983E1,3.586841106E0,1.728814363E0,9.080761909E0
4.222940134E1,3.510270834E0,1.691725612E0,9.184849739E0
4.224951285E1,3.508476257E0,1.703091502E0,9.285347939E0
4.226962431E1,3.638286829E0,1.731207132E0,9.208778381E0
4.228973582E1,3.775275946E0,1.731805444E0,9.018548965E0
4.230984728E1,3.771686792E0,1.789831281E0,8.910871506E0
4.232995879E1,3.741178274E0,1.831705689E0,8.900103569E0
4.235007025E1,3.786641836E0,1.850848317E0,8.828917503E0
4.237018176E1,3.812962770E0,1.889731646E0,8.861818314E0
4.239029322E1,4.026522160E0,2.032104731E0,8.970093727E0
4.241040473E1,4.467400074E0,2.118246317E0,9.005986214E0
4.243051624E1,4.877170563E0,2.232503414E0,8.937192917E0
4.245062770E1,5.015954494E0,2.284547329E0,8.740981102E0
4.247073921E1,4.844867706E0,2.121237278E0,8.518448830E0
4.249085066E1,4.633700848E0,1.929811478E0,8.527421951E0
4.251096218E1,4.564907551E0,1.881955028E0,8.653642654E0
4.253107368E1,4.382454872E0,2.046461582E0,8.946166039E0
4.255118514E1,4.479962349E0,2.133201361E0,9.031110764E0
4.257129665E1,3.987040758E0,2.317448616E0,9.038289070E0
4.259140811E1,3.923032761E0,2.267797709E0,9.303294182E0
4.261151962E1,3.238685369E0,2.328814745E0,9.400801659E0
4.263163108E1,1.908874273E0,2.297109842E0,8.633303642E0
4.265174259E1,3.590430260E0,2.053041935E0,9.635896683E0
4.267185410E1,4.554139614E0,2.541177750E0,1.079222870E1
4.269196556E1,4.769493580E0,2.837289333E0,1.089930725E1
4.271207707E1,5.379663467E0,2.465205431E0,1.046620655E1
4.273218853E1,5.249254704E0,2.369492531E0,9.873982430E0
4.275230004E1,3.300300598E0,3.253640652E0,9.402596474E0
4.277241155E1,3.148356438E0,3.023331404E0,1.049013424E1
4.279252301E1,3.175275564E0,2.399402857E0,1.160578823E1
4.281263452E1,2.892324448E0,2.222334146E0,1.200180054E1
4.283274598E1,2.883949518E0,2.062014818E0,1.176790142E1
4.285285749E1,2.553740025E0,1.907677889E0,1.129232788E1
4.287296900E1,2.492722988E0,1.655833244E0,1.015872860E1
4.289308046E1,3.198007345E0,1.711466432E0,7.850851059E0
4.291319197E1,3.997808456E0,1.742573142E0,6.989434719E0
4.293330348E1,4.156930923E0,1.328614831E0,7.740182877E0
4.295341494E1,3.650250912E0,1.395015597E0,8.318648338E0
4.297352645E1,3.334398270E0,1.346560955E0,7.992027760E0
4.299363790E1,2.880958557E0,8.386843204E-1,6.817749977E0
4.301374941E1,3.057429075E0,7.836494446E-1,6.412764549E0
4.303386087E1,3.886542082E0,6.711867452E-1,6.842874527E0
4.305397238E1,3.556930780E0,5.072783828E-1,8.256434441E0
4.307408389E1,2.956332445E0,4.378865361E-1,1.016471100E1
4.309419535E1,2.318645239E0,7.064808607E-1,1.037168980E1
4.311430686E1,1.800000787E0,1.077966571E0,8.612366676E0
4.313441837E1,1.348355532E0,7.040880919E-1,7.130611420E0
4.315452983E1,9.170492887E-1,-5.844469070E-1,6.811169624E0
4.317464134E1,4.619942188E0,-1.363310695E0,7.894520283E0
4.319475280E1,7.030711174E0,-1.301097274E0,8.744570732E0
4.321486431E1,4.444069862E0,-5.467599630E-1,8.728418350E0
4.323497582E1,3.329014540E0,-5.533402562E-1,7.995018482E0
4.325508728E1,5.612963676E0,-1.194018483E0,7.337590694E0
4.327519879E1,6.905087948E0,-1.119840980E0,7.847261906E0
4.329531030E1,7.167700291E0,-8.398807645E-1,8.721838951E0
4.331542176E1,6.608377934E0,-7.962117195E-1,9.458827972E0
4.333553327E1,6.074180126E0,-9.589236975E-1,9.346963882E0
4.335564478E1,5.454439163E0,-1.205982566E0,8.560921669E0
4.337575624E1,5.264209747E0,-1.161715388E0,7.631907940E0
4.339586775E1,8.764909744E0,-1.144965649E0,8.918647766E0
4.341597926E1,7.777271748E0,-2.338984162E-1,6.486942291E0
4.343609072E1,7.945367813E0,-3.068794906E-1,7.097710133E0
4.345620223E1,7.309474945E0,-5.198407173E-1,7.169494629E0
4.347631374E1,7.117451191E0,-5.790630579E-1,7.070790768E0
4.349642520E1,7.244270325E0,-2.781656384E-1,6.472585201E0
4.351653671E1,7.074379921E0,-2.213360965E-1,6.251847267E0
4.353664822E1,5.514857769E0,-9.158528447E-1,7.051648140E0
4.355675968E1,5.823532104E0,-1.456032634E0,7.370491982E0
4.357687118E1,5.795416355E0,-1.875374794E0,5.307878971E0
4.359698270E1,4.855037212E0,-8.835497499E-1,5.624329567E0
4.361709415E1,5.905486107E0,2.901297510E-1,7.898707390E0
4.363720566E1,9.193822861E0,8.829515576E-1,1.203111267E1
4.365731718E1,6.550950050E0,7.752745152E-1,8.020143509E0
4.367742863E1,6.145366669E0,-2.554338276E-1,7.013363361E0
4.369754014E1,5.857031822E0,-2.063809484E-1,7.417151928E0
4.371765160E1,5.892923832E0,-2.679961324E-1,7.700701237E0
4.373776311E1,5.561518192E0,1.232303679E-1,8.532207489E0
4.375787462E1,4.579862595E0,4.456632137E-1,9.240483284E0
4.377798613E1,3.055634499E0,3.613162339E-1,8.520243645E0
4.379809759E1,2.959921598E0,5.234299302E-1,7.012764931E0
4.381820910E1,3.105285645E0,5.928218365E-1,7.555337429E0
4.383832061E1,3.393620729E0,8.973085321E-3,8.078767776E0
4.385843207E1,2.662015200E0,-4.743770957E-1,8.865407944E0
4.387854358E1,1.615155339E-1,-3.194418252E-1,3.830310822E0
4.389865509E1,-1.040877849E-1,-1.454836130E0,1.094178009E1
4.391876655E1,-3.589234129E-2,2.991028316E-2,-1.690529227E0
4.393887811E1,1.101894855E0,-3.373879790E-1,1.123609734E1
4.395898957E1,2.620140910E-1,1.328016520E-1,6.766304016E0
4.397910108E1,4.522434771E-1,-9.810572863E-2,1.029212856E1
4.399921254E1,3.158525825E-1,8.374879137E-3,9.628120422E0
4.401932405E1,3.696911037E-1,-3.110669367E-2,9.829715729E0
4.403943556E1,3.272185028E-1,5.982056609E-4,9.817750931E0
4.405954702E1,3.613162339E-1,-2.632104978E-2,9.919445992E0
4.407965853E1,3.308077157E-1,-1.555334684E-2,9.908080101E0
4.409977004E1,3.457628787E-1,-2.033899166E-2,9.930213928E0
4.411988150E1,3.373879790E-1,-1.615155302E-2,9.927223206E0
4.413999301E1,3.439682424E-1,-2.572284266E-2,9.927223206E0
4.416010452E1,3.403790295E-1,-1.256231871E-2,9.920044899E0
4.418021603E1,3.421736360E-1,-2.033899166E-2,9.927223206E0
4.420032749E1,3.379862010E-1,-1.555334684E-2,9.925428391E0
4.422043900E1,3.505485058E-1,-1.555334684E-2,9.923633575E0
4.424055051E1,3.409772217E-1,-2.093719877E-2,9.923633575E0
4.426066197E1,3.421736360E-1,-1.914258115E-2,9.923035622E0
4.428077348E1,3.427718580E-1,-2.273181453E-2,9.926026344E0
4.430088499E1,3.385843933E-1,-2.632104978E-2,9.923633575E0
4.432099645E1,3.415754437E-1,-1.615155302E-2,9.931410789E0
4.434110796E1,3.391826153E-1,-2.033899166E-2,9.920044899E0
4.436121947E1,3.427718580E-1,-1.615155302E-2,9.924231529E0
4.438133098E1,3.409772217E-1,-2.213360928E-2,9.924231529E0
4.440144244E1,3.481557071E-1,-2.632104978E-2,9.919445992E0
4.442155394E1,3.361915946E-1,-1.914258115E-2,9.926624298E0
4.444166546E1,3.451646566E-1,-1.555334684E-2,9.927223206E0
4.446177697E1,3.415754437E-1,-1.914258115E-2,9.932606697E0
4.448188842E1,3.433700502E-1,-2.033899166E-2,9.921838760E0
4.450199994E1,3.421736360E-1,-2.033899166E-2,9.931410789E0
4.452211144E1,3.469592929E-1,-1.854437590E-2,9.924231529E0
4.454222296E1,3.367897868E-1,-1.734796353E-2,9.923633575E0
4.456233441E1,3.397808075E-1,-2.691925503E-2,9.918848038E0
4.458244592E1,3.403790295E-1,-1.375873014E-2,9.932606697E0
4.460255744E1,3.457628787E-1,-1.974078640E-2,9.927821159E0
4.462266894E1,3.421736360E-1,-1.794617064E-2,9.927223206E0
4.464278040E1,3.385843933E-1,-2.452643216E-2,9.925428391E0
4.466289191E1,3.379862010E-1,-2.273181453E-2,9.924830437E0
4.468300342E1,3.481557071E-1,-1.914258115E-2,9.927821159E0
4.470311494E1,3.403790295E-1,-1.794617064E-2,9.927223206E0
4.472322639E1,3.427718580E-1,-2.093719877E-2,9.926026344E0
4.474333790E1,3.379862010E-1,-1.794617064E-2,9.923633575E0
4.476344941E1,3.451646566E-1,-1.435693540E-2,9.922437668E0
4.478356087E1,3.355933726E-1,-1.734796353E-2,9.923035622E0
4.480367238E1,3.451646566E-1,-1.674975827E-2,9.918848038E0
4.482378389E1,3.427718580E-1,-1.794617064E-2,9.923633575E0
4.484389540E1,3.385843933E-1,-1.316052489E-2,9.926026344E0
4.486400691E1,3.415754437E-1,-1.256231871E-2,9.927821159E0
4.488411837E1,3.433700502E-1,-2.033899166E-2,9.917651176E0
4.490422988E1,3.385843933E-1,-1.794617064E-2,9.919445992E0
4.492434139E1,3.397808075E-1,-2.153540403E-2,9.927821159E0
4.494445290E1,3.409772217E-1,-2.213360928E-2,9.924231529E0
4.496456441E1,3.427718580E-1,-2.632104978E-2,9.922437668E0
4.498467587E1,3.397808075E-1,-2.213360928E-2,9.923633575E0
4.500478738E1,3.391826153E-1,-1.734796353E-2,9.921838760E0
4.502489889E1,3.409772217E-1,-2.333002165E-2,9.918250084E0
4.504501040E1,3.415754437E-1,-1.555334684E-2,9.924231529E0
4.506512186E1,3.391826153E-1,-2.093719877E-2,9.921838760E0
4.508523337E1,3.349951804E-1,-1.555334684E-2,9.930811882E0
4.510534488E1,3.385843933E-1,-1.555334684E-2,9.924830437E0
4.512545639E1,3.421736360E-1,-1.555334684E-2,9.922437668E0
4.514556790E1,3.403790295E-1,-1.555334684E-2,9.929018021E0
4.516567936E1,3.391826153E-1,-1.555334684E-2,9.924830437E0
4.518579087E1,3.403790295E-1,-2.153540403E-2,9.924231529E0
4.520590238E1,3.409772217E-1,-1.974078640E-2,9.921838760E0
4.522601389E1,3.361915946E-1,-1.734796353E-2,9.922437668E0
4.524612540E1,3.397808075E-1,-2.333002165E-2,9.924830437E0
4.526623691E1,3.391826153E-1,-2.452643216E-2,9.918848038E0
4.528634837E1,3.373879790E-1,-2.033899166E-2,9.924830437E0
4.530645988E1,3.397808075E-1,-2.153540403E-2,9.928419113E0
4.532657139E1,3.361915946E-1,-2.033899166E-2,9.924830437E0
4.534668290E1,3.379862010E-1,-1.615155302E-2,9.924231529E0
4.536679441E1,3.391826153E-1,-1.974078640E-2,9.927223206E0
4.538690587E1,3.415754437E-1,-1.974078640E-2,9.924830437E0
4.540701738E1,3.421736360E-1,-2.093719877E-2,9.927821159E0
4.542712889E1,3.451646566E-1,-1.914258115E-2,9.924830437E0
4.544724040E1,3.385843933E-1,-1.854437590E-2,9.925428391E0
4.546735191E1,3.427718580E-1,-1.495514158E-2,9.924231529E0
4.548746342E1,3.439682424E-1,-1.734796353E-2,9.924830437E0
4.550757488E1,3.439682424E-1,-1.974078640E-2,9.926026344E0
4.552768639E1,3.427718580E-1,-2.632104978E-2,9.926624298E0
4.554779790E1,3.427718580E-1,-2.273181453E-2,9.927821159E0
4.556790941E1,3.379862010E-1,-2.093719877E-2,9.924830437E0
4.558802092E1,3.439682424E-1,-1.256231871E-2,9.920642853E0
4.560813244E1,3.427718580E-1,-2.452643216E-2,9.921240807E0
4.562824394E1,3.439682424E-1,-2.751746029E-2,9.928419113E0
4.564835540E1,3.415754437E-1,-1.794617064E-2,9.927223206E0
4.566846691E1,3.409772217E-1,-1.734796353E-2,9.925428391E0
4.568857842E1,3.361915946E-1,-2.333002165E-2,9.930213928E0
4.570868994E1,3.397808075E-1,-2.512463741E-2,9.927821159E0
4.572880144E1,3.427718580E-1,-1.555334684E-2,9.923633575E0
4.574891296E1,3.373879790E-1,-1.375873014E-2,9.927223206E0
4.576902447E1,3.421736360E-1,-2.033899166E-2,9.924830437E0
4.578913598E1,3.367897868E-1,-1.974078640E-2,9.927821159E0
4.580924744E1,3.409772217E-1,-1.734796353E-2,9.922437668E0
4.582935894E1,3.409772217E-1,-2.153540403E-2,9.922437668E0
4.584947046E1,3.451646566E-1,-2.093719877E-2,9.927223206E0
4.586958197E1,3.421736360E-1,-2.153540403E-2,9.926026344E0
4.588969348E1,3.439682424E-1,-2.213360928E-2,9.928419113E0
4.590980499E1,3.439682424E-1,-2.093719877E-2,9.920642853E0
4.592991650E1,3.481557071E-1,-1.854437590E-2,9.925428391E0
4.595002801E1,3.391826153E-1,-2.153540403E-2,9.932008743E0
4.597013952E1,3.409772217E-1,-1.854437590E-2,9.924830437E0
4.599025103E1,3.391826153E-1,-1.794617064E-2,9.924830437E0
4.601036254E1,3.385843933E-1,-1.435693540E-2,9.923035622E0
4.603047400E1,3.367897868E-1,-2.333002165E-2,9.927223206E0
4.605058551E1,3.499503136E-1,-2.392822690E-2,9.926624298E0
4.607069702E1,3.445664644E-1,-1.256231871E-2,9.927821159E0
4.609080853E1,3.409772217E-1,-2.751746029E-2,9.921838760E0
4.611092004E1,3.463610709E-1,-2.333002165E-2,9.919445992E0
4.613103155E1,3.439682424E-1,-1.674975827E-2,9.920044899E0
4.615114306E1,3.463610709E-1,-3.110669367E-2,9.929018021E0
4.617125457E1,3.403790295E-1,-1.734796353E-2,9.924830437E0
4.619136608E1,3.445664644E-1,-1.854437590E-2,9.929018021E0
4.621147759E1,3.373879790E-1,-2.033899166E-2,9.923633575E0
4.623158910E1,3.409772217E-1,-2.213360928E-2,9.926026344E0
4.625170061E1,3.367897868E-1,-2.512463741E-2,9.923035622E0
4.627181207E1,3.320041299E-1,-2.452643216E-2,9.927223206E0
4.629192358E1,3.409772217E-1,-2.273181453E-2,9.923633575E0
4.631203509E1,3.391826153E-1,-2.033899166E-2,9.927223206E0
4.633214660E1,3.409772217E-1,-2.333002165E-2,9.927821159E0
4.635225811E1,3.433700502E-1,-1.914258115E-2,9.925428391E0
4.637236962E1,3.391826153E-1,-1.615155302E-2,9.922437668E0
4.639248113E1,3.391826153E-1,-2.811566554E-2,9.927223206E0
4.641259264E1,3.409772217E-1,-1.375873014E-2,9.926624298E0
4.643270415E1,3.361915946E-1,-1.854437590E-2,9.924830437E0
4.645281566E1,3.385843933E-1,-1.974078640E-2,9.927223206E0
4.647292718E1,3.427718580E-1,-2.213360928E-2,9.927821159E0
4.649303868E1,3.421736360E-1,-2.512463741E-2,9.922437668E0
4.651315020E1,3.397808075E-1,-2.093719877E-2,9.934401512E0
4.653326171E1,3.433700502E-1,-1.794617064E-2,9.921838760E0
4.655337322E1,3.433700502E-1,-2.093719877E-2,9.932008743E0
4.657348473E1,3.433700502E-1,-1.734796353E-2,9.927821159E0
4.659359624E1,3.361915946E-1,-1.734796353E-2,9.918250084E0
4.661370775E1,3.385843933E-1,-2.213360928E-2,9.927821159E0
4.663381926E1,3.421736360E-1,-2.452643216E-2,9.926026344E0
4.665393077E1,3.433700502E-1,-1.734796353E-2,9.929615974E0
4.667404228E1,3.445664644E-1,-2.512463741E-2,9.928419113E0
4.669415379E1,3.409772217E-1,-2.093719877E-2,9.926624298E0
4.671426530E1,3.320041299E-1,-1.794617064E-2,9.927223206E0
4.673437681E1,3.451646566E-1,-2.691925503E-2,9.929615974E0
4.675448832E1,3.373879790E-1,-1.854437590E-2,9.923035622E0
4.677459983E1,3.361915946E-1,-1.794617064E-2,9.925428391E0
4.679471134E1,3.361915946E-1,-2.572284266E-2,9.917053223E0
4.681482285E1,3.343969584E-1,-1.854437590E-2,9.926624298E0
4.683493436E1,3.385843933E-1,-1.854437590E-2,9.922437668E0
4.685504587E1,3.403790295E-1,-2.033899166E-2,9.930213928E0
4.687515738E1,3.373879790E-1,-2.033899166E-2,9.925428391E0
4.689526889E1,3.302095234E-1,-1.854437590E-2,9.920642853E0
4.691538040E1,3.451646566E-1,-2.452643216E-2,9.923633575E0
4.693549191E1,3.391826153E-1,-1.914258115E-2,9.923633575E0
4.695560342E1,3.355933726E-1,-2.093719877E-2,9.931410789E0
4.697571494E1,3.373879790E-1,-1.435693540E-2,9.923633575E0
4.699582645E1,3.421736360E-1,-1.375873014E-2,9.923035622E0
4.701593796E1,3.379862010E-1,-2.093719877E-2,9.927821159E0
4.703604947E1,3.379862010E-1,-2.273181453E-2,9.924231529E0
4.705616098E1,3.439682424E-1,-2.153540403E-2,9.928419113E0
4.707627249E1,3.391826153E-1,-2.333002165E-2,9.929615974E0
4.709638400E1,3.451646566E-1,-2.392822690E-2,9.926624298E0
4.711649551E1,3.427718580E-1,-1.615155302E-2,9.920642853E0
4.713660702E1,3.481557071E-1,-2.572284266E-2,9.921240807E0
4.715671853E1,3.397808075E-1,-1.794617064E-2,9.927223206E0
4.717683004E1,3.361915946E-1,-2.153540403E-2,9.921838760E0
4.719694155E1,3.403790295E-1,-2.871387079E-2,9.926624298E0
4.721705306E1,3.421736360E-1,-1.854437590E-2,9.921240807E0
4.723716457E1,3.379862010E-1,-1.794617064E-2,9.921838760E0
4.725727608E1,3.427718580E-1,-1.256231871E-2,9.925428391E0
4.727738764E1,3.433700502E-1,-1.674975827E-2,9.924830437E0
4.729749915E1,3.469592929E-1,-1.734796353E-2,9.922437668E0
4.731761066E1,3.314059377E-1,-2.333002165E-2,9.926026344E0
4.733772218E1,3.433700502E-1,-1.435693540E-2,9.925428391E0
4.735783368E1,3.427718580E-1,-1.615155302E-2,9.923633575E0
4.737794520E1,3.427718580E-1,-1.555334684E-2,9.920642853E0
4.739805671E1,3.421736360E-1,-1.555334684E-2,9.923633575E0
4.741816822E1,3.439682424E-1,-1.734796353E-2,9.918848038E0
4.743827973E1,3.445664644E-1,-1.734796353E-2,9.916455269E0
4.745839124E1,3.445664644E-1,-2.392822690E-2,9.918250084E0
4.747850275E1,3.409772217E-1,-1.974078640E-2,9.923633575E0
4.749861426E1,3.409772217E-1,-1.914258115E-2,9.925428391E0
4.751872577E1,3.445664644E-1,-1.914258115E-2,9.926624298E0
4.753883733E1,3.314059377E-1,-1.914258115E-2,9.923035622E0
4.755894884E1,3.367897868E-1,-1.854437590E-2,9.926026344E0
4.757906035E1,3.379862010E-1,-2.093719877E-2,9.924231529E0
4.759917186E1,3.385843933E-1,-1.734796353E-2,9.929615974E0
4.761928343E1,3.415754437E-1,-2.153540403E-2,9.925428391E0
4.763939488E1,3.367897868E-1,-2.033899166E-2,9.920642853E0
4.765950639E1,3.421736360E-1,-2.572284266E-2,9.924830437E0
4.767961790E1,3.397808075E-1,-2.392822690E-2,9.927223206E0
4.769972941E1,3.421736360E-1,-2.213360928E-2,9.927821159E0
4.771984092E1,3.391826153E-1,-1.794617064E-2,9.930811882E0
4.773995249E1,3.355933726E-1,-1.914258115E-2,9.929615974E0
4.776006400E1,3.373879790E-1,-2.572284266E-2,9.920642853E0
4.778017551E1,3.349951804E-1,-1.974078640E-2,9.921240807E0
4.780028702E1,3.361915946E-1,-2.333002165E-2,9.920044899E0
4.782039853E1,3.475574851E-1,-1.674975827E-2,9.925428391E0
4.784051004E1,3.391826153E-1,-2.213360928E-2,9.922437668E0
4.786062155E1,3.379862010E-1,-1.914258115E-2,9.923035622E0
4.788073306E1,3.349951804E-1,-1.734796353E-2,9.924830437E0
4.790084462E1,3.355933726E-1,-1.734796353E-2,9.927821159E0
4.792095613E1,3.385843933E-1,-1.734796353E-2,9.923035622E0
4.794106764E1,3.373879790E-1,-1.974078640E-2,9.923035622E0
4.796117915E1,3.373879790E-1,-2.153540403E-2,9.927223206E0
4.798129066E1,3.415754437E-1,-1.435693540E-2,9.925428391E0
4.800140218E1,3.367897868E-1,-1.734796353E-2,9.917651176E0
4.802151368E1,3.421736360E-1,-2.033899166E-2,9.925428391E0
4.804162525E1,3.481557071E-1,-1.375873014E-2,9.915857315E0
4.806173676E1,3.481557071E-1,-1.854437590E-2,9.917651176E0
4.808184827E1,3.433700502E-1,-1.974078640E-2,9.929018021E0
4.810195978E1,3.415754437E-1,-2.213360928E-2,9.921240807E0
4.812207129E1,3.439682424E-1,-2.333002165E-2,9.920044899E0
4.814218280E1,3.451646566E-1,-2.632104978E-2,9.924830437E0
4.816229436E1,3.397808075E-1,-1.734796353E-2,9.921240807E0
4.818240587E1,3.349951804E-1,-1.555334684E-2,9.923633575E0
4.820251738E1,3.445664644E-1,-1.734796353E-2,9.923633575E0
4.822262889E1,3.421736360E-1,-1.914258115E-2,9.922437668E0
4.824274040E1,3.439682424E-1,-1.854437590E-2,9.926624298E0
4.826285191E1,3.409772217E-1,-2.931207791E-2,9.919445992E0
4.828296343E1,3.373879790E-1,-1.914258115E-2,9.924830437E0
4.830307499E1,3.385843933E-1,-1.914258115E-2,9.914660454E0
4.832318650E1,3.457628787E-1,-2.333002165E-2,9.924830437E0
4.834329801E1,3.403790295E-1,-1.794617064E-2,9.924830437E0
4.836340952E1,3.391826153E-1,-1.495514158E-2,9.926624298E0
4.838352103E1,3.433700502E-1,-1.974078640E-2,9.921240807E0
4.840363259E1,3.415754437E-1,-1.854437590E-2,9.919445992E0
4.842374410E1,3.403790295E-1,-1.435693540E-2,9.918250084E0
4.844385561E1,3.361915946E-1,-1.914258115E-2,9.927821159E0
4.846396712E1,3.403790295E-1,-1.974078640E-2,9.924231529E0
4.848407863E1,3.451646566E-1,-1.914258115E-2,9.924231529E0
4.850419020E1,3.367897868E-1,-1.734796353E-2,9.926624298E0
4.852430171E1,3.409772217E-1,-2.333002165E-2,9.923633575E0
4.854441322E1,3.409772217E-1,-2.452643216E-2,9.923633575E0
4.856452473E1,3.445664644E-1,-2.333002165E-2,9.926026344E0
4.858463624E1,3.349951804E-1,-1.974078640E-2,9.923633575E0
4.860474780E1,3.379862010E-1,-1.615155302E-2,9.920642853E0
4.862485931E1,3.427718580E-1,-1.435693540E-2,9.921838760E0
4.864497082E1,3.391826153E-1,-2.153540403E-2,9.917651176E0
4.866508233E1,3.391826153E-1,-2.033899166E-2,9.920642853E0
4.868519389E1,3.421736360E-1,-1.914258115E-2,9.923035622E0
4.870530540E1,3.415754437E-1,-1.555334684E-2,9.918848038E0
4.872541691E1,3.397808075E-1,-1.674975827E-2,9.925428391E0
4.874552842E1,3.326023519E-1,-2.273181453E-2,9.919445992E0
4.876563994E1,3.445664644E-1,-2.033899166E-2,9.925428391E0
4.878575150E1,3.373879790E-1,-1.914258115E-2,9.924830437E0
4.880586301E1,3.421736360E-1,-2.033899166E-2,9.922437668E0
4.882597452E1,3.403790295E-1,-1.794617064E-2,9.925428391E0
4.884608603E1,3.385843933E-1,-2.452643216E-2,9.921838760E0
4.886619759E1,3.433700502E-1,-1.555334684E-2,9.920642853E0
4.888630910E1,3.337987661E-1,-2.153540403E-2,9.924231529E0
4.890642061E1,3.379862010E-1,-1.794617064E-2,9.929615974E0
4.892653212E1,3.379862010E-1,-2.033899166E-2,9.922437668E0
4.894664369E1,3.373879790E-1,-2.213360928E-2,9.925428391E0
4.896675520E1,3.397808075E-1,-2.273181453E-2,9.930811882E0
4.898686671E1,3.415754437E-1,-1.495514158E-2,9.924231529E0
4.900697822E1,3.409772217E-1,-1.435693540E-2,9.924830437E0
4.902708978E1,3.415754437E-1,-1.914258115E-2,9.932008743E0
4.904720134E1,3.433700502E-1,-2.093719877E-2,9.929615974E0
4.906731280E1,3.427718580E-1,-1.914258115E-2,9.923035622E0
4.908742431E1,3.397808075E-1,-2.572284266E-2,9.926026344E0
4.910753587E1,3.391826153E-1,-1.974078640E-2,9.923633575E0
4.912764738E1,3.349951804E-1,-2.691925503E-2,9.924830437E0
4.914775889E1,3.445664644E-1,-1.196411345E-2,9.919445992E0
4.916787040E1,3.409772217E-1,-2.033899166E-2,9.929615974E0
4.918798197E1,3.421736360E-1,-1.375873014E-2,9.918250084E0
4.920809348E1,3.433700502E-1,-1.674975827E-2,9.925428391E0
4.922820499E1,3.355933726E-1,-1.854437590E-2,9.927223206E0
4.924831655E1,3.451646566E-1,-2.452643216E-2,9.924231529E0
4.926842806E1,3.373879790E-1,-1.674975827E-2,9.924231529E0
4.928853957E1,3.337987661E-1,-2.392822690E-2,9.930213928E0
4.930865108E1,3.415754437E-1,-2.213360928E-2,9.917651176E0
4.932876264E1,3.445664644E-1,-1.136590727E-2,9.926026344E0
4.934887415E1,3.403790295E-1,-1.674975827E-2,9.924830437E0
4.936898566E1,3.403790295E-1,-1.854437590E-2,9.919445992E0
4.938909723E1,3.397808075E-1,-2.213360928E-2,9.914062500E0
4.940920874E1,3.397808075E-1,-2.512463741E-2,9.925428391E0
4.942932025E1,3.320041299E-1,-2.213360928E-2,9.926026344E0
4.944943176E1,3.415754437E-1,-1.555334684E-2,9.919445992E0
4.946954332E1,3.385843933E-1,-1.854437590E-2,9.927821159E0
4.948965483E1,3.409772217E-1,-2.033899166E-2,9.930811882E0
4.950976634E1,3.373879790E-1,-2.333002165E-2,9.917651176E0
4.952987790E1,3.427718580E-1,-1.914258115E-2,9.927223206E0
4.954998941E1,3.415754437E-1,-1.615155302E-2,9.924830437E0
4.957010093E1,3.379862010E-1,-1.495514158E-2,9.923633575E0
4.959021249E1,3.397808075E-1,-2.392822690E-2,9.923633575E0
4.961032400E1,3.397808075E-1,-1.794617064E-2,9.929615974E0
4.963043551E1,3.397808075E-1,-1.674975827E-2,9.930811882E0
4.965054702E1,3.367897868E-1,-2.033899166E-2,9.921838760E0
4.967065858E1,3.403790295E-1,-2.512463741E-2,9.920642853E0
4.969077009E1,3.379862010E-1,-2.452643216E-2,9.920642853E0
4.971088160E1,3.403790295E-1,-1.375873014E-2,9.923035622E0
4.973099316E1,3.373879790E-1,-2.333002165E-2,9.928419113E0
4.975110468E1,3.403790295E-1,-2.213360928E-2,9.923035622E0
4.977121618E1,3.373879790E-1,-2.213360928E-2,9.930811882E0
4.979132775E1,3.403790295E-1,-1.914258115E-2,9.924231529E0
4.981143926E1,3.379862010E-1,-1.674975827E-2,9.928419113E0
4.983155077E1,3.421736360E-1,-1.615155302E-2,9.924231529E0
4.985166233E1,3.403790295E-1,-1.854437590E-2,9.927223206E0
4.987177384E1,3.415754437E-1,-2.033899166E-2,9.929018021E0
4.989188535E1,3.403790295E-1,-1.794617064E-2,9.924231529E0
4.991199691E1,3.391826153E-1,-2.333002165E-2,9.927821159E0
4.993210842E1,3.487538993E-1,-2.572284266E-2,9.929615974E0
4.995221994E1,3.320041299E-1,-1.914258115E-2,9.926026344E0
4.997233150E1,3.439682424E-1,-2.273181453E-2,9.927223206E0
4.999244301E1,3.355933726E-1,-1.974078640E-2,9.921838760E0
5.001255452E1,3.457628787E-1,-1.974078640E-2,9.921838760E0
5.003266608E1,3.421736360E-1,-1.674975827E-2,9.924830437E0
5.005277759E1,3.433700502E-1,-1.914258115E-2,9.926624298E0
5.007288910E1,3.361915946E-1,-2.153540403E-2,9.926026344E0
5.009300066E1,3.397808075E-1,-1.854437590E-2,9.925428391E0
5.011311218E1,3.421736360E-1,-1.974078640E-2,9.924830437E0
5.013322374E1,3.397808075E-1,-2.751746029E-2,9.923633575E0
5.015333525E1,3.463610709E-1,-1.854437590E-2,9.923035622E0
5.017344676E1,3.451646566E-1,-1.435693540E-2,9.923035622E0
5.019355832E1,3.367897868E-1,-1.495514158E-2,9.921838760E0
5.021366983E1,3.409772217E-1,-1.555334684E-2,9.929018021E0
5.023378134E1,3.379862010E-1,-1.914258115E-2,9.921240807E0
5.025389290E1,3.445664644E-1,-2.273181453E-2,9.924231529E0
5.027400441E1,3.457628787E-1,-2.392822690E-2,9.922437668E0
5.029411598E1,3.361915946E-1,-1.076770201E-2,9.934401512E0
5.031422749E1,3.409772217E-1,-2.991028316E-2,9.919445992E0
5.033433900E1,3.439682424E-1,-1.495514158E-2,9.927821159E0
5.035445056E1,3.433700502E-1,-2.392822690E-2,9.921838760E0
5.037456207E1,3.427718580E-1,-2.093719877E-2,9.924830437E0
5.039467358E1,3.523431420E-1,-1.555334684E-2,9.921240807E0
5.041478520E1,3.361915946E-1,-2.333002165E-2,9.918250084E0
5.043489665E1,3.332005441E-1,-1.854437590E-2,9.917651176E0
5.045500822E1,3.302095234E-1,-1.555334684E-2,9.924231529E0
5.047511973E1,3.379862010E-1,-2.632104978E-2,9.929018021E0
5.049523124E1,3.337987661E-1,-1.615155302E-2,9.918848038E0
5.051534280E1,3.415754437E-1,-2.033899166E-2,9.930811882E0
5.053545431E1,3.254238665E-1,-2.033899166E-2,9.924830437E0
5.055556587E1,3.499503136E-1,-1.794617064E-2,9.917651176E0
5.057567738E1,3.469592929E-1,-1.974078640E-2,9.918848038E0
5.059578889E1,3.415754437E-1,-2.572284266E-2,9.929615974E0
5.061590046E1,3.409772217E-1,-2.632104978E-2,9.926026344E0
5.063601197E1,3.427718580E-1,-2.452643216E-2,9.929615974E0
5.065612353E1,3.349951804E-1,-1.555334684E-2,9.924231529E0
5.067623504E1,3.463610709E-1,-1.914258115E-2,9.921838760E0
5.069634655E1,3.355933726E-1,-2.273181453E-2,9.916455269E0
5.071645811E1,3.409772217E-1,-2.093719877E-2,9.931410789E0
5.073656962E1,3.361915946E-1,-1.136590727E-2,9.919445992E0
5.075668119E1,3.421736360E-1,-2.632104978E-2,9.924231529E0
5.077679270E1,3.332005441E-1,-1.615155302E-2,9.923633575E0
5.079690421E1,3.421736360E-1,-1.196411345E-2,9.926624298E0
5.081701577E1,3.421736360E-1,-1.974078640E-2,9.927821159E0
5.083712728E1,3.415754437E-1,-1.914258115E-2,9.927223206E0
5.085723884E1,3.343969584E-1,-2.033899166E-2,9.927821159E0
5.087735035E1,3.439682424E-1,-1.674975827E-2,9.920044899E0
5.089746191E1,3.367897868E-1,-1.375873014E-2,9.925428391E0
5.091757342E1,3.349951804E-1,-2.392822690E-2,9.927821159E0
5.093768494E1,3.367897868E-1,-7.178467698E-3,9.923035622E0
5.095779650E1,3.397808075E-1,-2.392822690E-2,9.919445992E0
5.097790801E1,3.361915946E-1,-1.734796353E-2,9.919445992E0
5.099801957E1,3.457628787E-1,-2.333002165E-2,9.919445992E0
5.101813108E1,3.326023519E-1,-1.674975827E-2,9.922437668E0
5.103824264E1,3.361915946E-1,-2.213360928E-2,9.924231529E0
5.105835415E1,3.302095234E-1,-2.093719877E-2,9.932008743E0
5.107846566E1,3.427718580E-1,-1.794617064E-2,9.924231529E0
5.109857723E1,3.373879790E-1,-1.974078640E-2,9.928419113E0
5.111868874E1,3.385843933E-1,-1.734796353E-2,9.924830437E0
5.113880035E1,3.433700502E-1,-1.914258115E-2,9.925428391E0
5.115891181E1,3.475574851E-1,-1.914258115E-2,9.917651176E0
5.117902337E1,3.439682424E-1,-2.333002165E-2,9.929615974E0
5.119913488E1,3.421736360E-1,-1.615155302E-2,9.930811882E0
5.121924644E1,3.391826153E-1,-2.213360928E-2,9.928419113E0
5.123935796E1,3.355933726E-1,-1.794617064E-2,9.926026344E0
5.125946947E1,3.373879790E-1,-1.734796353E-2,9.927223206E0
5.127958103E1,3.427718580E-1,-2.093719877E-2,9.927223206E0
5.129969254E1,3.391826153E-1,-2.572284266E-2,9.926026344E0
5.131980415E1,3.373879790E-1,-2.093719877E-2,9.926624298E0
5.133991561E1,3.391826153E-1,-2.033899166E-2,9.918250084E0
5.136002718E1,3.397808075E-1,-1.076770201E-2,9.921838760E0
5.138013869E1,3.409772217E-1,-2.033899166E-2,9.928419113E0
5.140025025E1,3.415754437E-1,-1.734796353E-2,9.925428391E0
5.142036176E1,3.391826153E-1,-1.435693540E-2,9.918848038E0
5.144047332E1,3.457628787E-1,-1.495514158E-2,9.925428391E0
5.146058483E1,3.493520916E-1,-1.734796353E-2,9.925428391E0
5.148069634E1,3.421736360E-1,-2.572284266E-2,9.924231529E0
5.150080790E1,3.409772217E-1,-1.914258115E-2,9.929018021E0
5.152091941E1,3.385843933E-1,-2.452643216E-2,9.927821159E0
5.154103098E1,3.403790295E-1,-1.974078640E-2,9.927821159E0
5.156114249E1,3.409772217E-1,-2.632104978E-2,9.924231529E0
5.158125410E1,3.385843933E-1,-2.392822690E-2,9.927223206E0
5.160136556E1,3.373879790E-1,-2.392822690E-2,9.927821159E0
5.162147712E1,3.403790295E-1,-1.974078640E-2,9.926624298E0
5.164158863E1,3.439682424E-1,-2.033899166E-2,9.930811882E0
5.166170020E1,3.343969584E-1,-2.213360928E-2,9.928419113E0
5.168181171E1,3.379862010E-1,-1.974078640E-2,9.927821159E0
5.170192327E1,3.397808075E-1,-1.854437590E-2,9.922437668E0
5.172203478E1,3.349951804E-1,-1.794617064E-2,9.929018021E0
5.174214634E1,3.457628787E-1,-1.435693540E-2,9.920642853E0
5.176225785E1,3.427718580E-1,-2.093719877E-2,9.922437668E0
5.178236941E1,3.445664644E-1,-2.033899166E-2,9.924231529E0
5.180248093E1,3.457628787E-1,-2.153540403E-2,9.925428391E0
5.182259249E1,3.397808075E-1,-1.674975827E-2,9.927821159E0
5.184270400E1,3.421736360E-1,-1.794617064E-2,9.928419113E0
5.186281556E1,3.409772217E-1,-1.674975827E-2,9.919445992E0
5.188292707E1,3.421736360E-1,-1.674975827E-2,9.924231529E0
5.190303863E1,3.403790295E-1,-2.093719877E-2,9.919445992E0
5.192315014E1,3.379862010E-1,-1.914258115E-2,9.930213928E0
5.194326171E1,3.451646566E-1,-2.392822690E-2,9.925428391E0
5.196337322E1,3.355933726E-1,-2.392822690E-2,9.917651176E0
5.198348473E1,3.296113312E-1,-1.974078640E-2,9.924231529E0
5.200359629E1,3.433700502E-1,-2.452643216E-2,9.926624298E0
5.202370785E1,3.349951804E-1,-2.033899166E-2,9.924830437E0
5.204381936E1,3.397808075E-1,-2.213360928E-2,9.924231529E0
5.206393092E1,3.409772217E-1,-1.794617064E-2,9.924231529E0
5.208404244E1,3.421736360E-1,-1.555334684E-2,9.928419113E0
5.210415400E1,3.391826153E-1,-1.854437590E-2,9.927821159E0
5.212426551E1,3.391826153E-1,-2.213360928E-2,9.923633575E0
5.214437707E1,3.403790295E-1,-1.555334684E-2,9.921240807E0
5.216448858E1,3.385843933E-1,-2.333002165E-2,9.925428391E0
5.218460014E1,3.385843933E-1,-1.734796353E-2,9.923633575E0
5.220471165E1,3.415754437E-1,-1.914258115E-2,9.923035622E0
5.222482322E1,3.385843933E-1,-2.033899166E-2,9.921240807E0
5.224493473E1,3.391826153E-1,-1.914258115E-2,9.923633575E0
5.226504629E1,3.415754437E-1,-2.033899166E-2,9.927223206E0
5.228515780E1,3.379862010E-1,-2.033899166E-2,9.922437668E0
5.230526936E1,3.433700502E-1,-1.974078640E-2,9.921838760E0
5.232538087E1,3.427718580E-1,-1.555334684E-2,9.926026344E0
5.234549244E1,3.367897868E-1,-1.375873014E-2,9.924830437E0
5.236560395E1,3.415754437E-1,-1.974078640E-2,9.926624298E0
5.238571551E1,3.421736360E-1,-2.033899166E-2,9.931410789E0
5.240582702E1,3.349951804E-1,-2.273181453E-2,9.924231529E0
5.242593863E1,3.367897868E-1,-1.495514158E-2,9.924830437E0
5.244605009E1,3.409772217E-1,-2.153540403E-2,9.924830437E0
5.246616165E1,3.385843933E-1,-2.093719877E-2,9.925428391E0
5.248627316E1,3.409772217E-1,-1.615155302E-2,9.928419113E0
5.250638473E1,3.403790295E-1,-2.033899166E-2,9.927223206E0
5.252649624E1,3.451646566E-1,-1.854437590E-2,9.924830437E0
5.254660780E1,3.403790295E-1,-2.691925503E-2,9.932008743E0
5.256671931E1,3.403790295E-1,-2.512463741E-2,9.926624298E0
5.258683087E1,3.439682424E-1,-1.794617064E-2,9.923035622E0
5.260694244E1,3.457628787E-1,-2.093719877E-2,9.926026344E0
5.262705394E1,3.463610709E-1,-2.691925503E-2,9.929018021E0
5.264716551E1,3.421736360E-1,-1.495514158E-2,9.923633575E0
5.266727702E1,3.391826153E-1,-2.093719877E-2,9.925428391E0
5.268738858E1,3.451646566E-1,-1.615155302E-2,9.932008743E0
5.270750009E1,3.308077157E-1,-2.273181453E-2,9.923633575E0
5.272761171E1,3.415754437E-1,-1.854437590E-2,9.927821159E0
5.274772316E1,3.445664644E-1,-1.914258115E-2,9.930811882E0
5.276783478E1,3.409772217E-1,-2.033899166E-2,9.923035622E0
5.278794624E1,3.391826153E-1,-2.093719877E-2,9.930213928E0
5.280805785E1,3.379862010E-1,-1.615155302E-2,9.927821159E0
5.282816931E1,3.385843933E-1,-1.914258115E-2,9.927821159E0
5.284828087E1,3.385843933E-1,-1.914258115E-2,9.928419113E0
5.286839238E1,3.391826153E-1,-1.794617064E-2,9.926624298E0
5.288850395E1,3.326023519E-1,-2.572284266E-2,9.920044899E0
5.290861551E1,3.373879790E-1,-2.153540403E-2,9.918250084E0
5.292872702E1,3.409772217E-1,-2.273181453E-2,9.924830437E0
5.294883858E1,3.343969584E-1,-2.512463741E-2,9.923633575E0
5.296895009E1,3.475574851E-1,-2.751746029E-2,9.928419113E0
5.298906171E1,3.463610709E-1,-2.093719877E-2,9.927223206E0
5.300917316E1,3.391826153E-1,-2.153540403E-2,9.922437668E0
5.302928473E1,3.385843933E-1,-2.452643216E-2,9.929615974E0
5.304939624E1,3.433700502E-1,-1.495514158E-2,9.925428391E0
5.306950780E1,3.433700502E-1,-2.452643216E-2,9.927821159E0
5.308961936E1,3.421736360E-1,-2.333002165E-2,9.927821159E0
5.310973087E1,3.379862010E-1,-2.213360928E-2,9.923633575E0
5.312984244E1,3.349951804E-1,-1.854437590E-2,9.927821159E0
5.314995394E1,3.451646566E-1,-1.974078640E-2,9.925428391E0
5.317006551E1,3.451646566E-1,-1.794617064E-2,9.923633575E0
5.319017702E1,3.403790295E-1,-2.093719877E-2,9.929615974E0
5.321028858E1,3.469592929E-1,-1.854437590E-2,9.923035622E0
5.323040009E1,3.397808075E-1,-2.273181453E-2,9.923633575E0
5.325051165E1,3.373879790E-1,-1.854437590E-2,9.927821159E0
5.327062322E1,3.367897868E-1,-1.974078640E-2,9.930213928E0
5.329073473E1,3.433700502E-1,-1.974078640E-2,9.932008743E0
5.331084629E1,3.415754437E-1,-1.854437590E-2,9.927821159E0
5.333095780E1,3.409772217E-1,-2.452643216E-2,9.927821159E0
5.335106941E1,3.391826153E-1,-2.811566554E-2,9.932606697E0
5.337118087E1,3.391826153E-1,-1.974078640E-2,9.922437668E0
5.339129244E1,3.397808075E-1,-2.572284266E-2,9.932606697E0
5.341140394E1,3.373879790E-1,-2.572284266E-2,9.928419113E0
5.343151551E1,3.391826153E-1,-1.794617064E-2,9.931410789E0
5.345162707E1,3.421736360E-1,-2.333002165E-2,9.927223206E0
5.347173858E1,3.409772217E-1,-2.273181453E-2,9.928419113E0
5.349185014E1,3.373879790E-1,-1.794617064E-2,9.930213928E0
5.351196165E1,3.343969584E-1,-2.033899166E-2,9.920044899E0
5.353207322E1,3.451646566E-1,-1.375873014E-2,9.925428391E0
5.355218478E1,3.367897868E-1,-2.153540403E-2,9.921240807E0
5.357229629E1,3.433700502E-1,-1.854437590E-2,9.928419113E0
5.359240785E1,3.433700502E-1,-1.974078640E-2,9.934401512E0
5.361251936E1,3.427718580E-1,-1.794617064E-2,9.924830437E0
5.363263092E1,3.403790295E-1,-1.794617064E-2,9.925428391E0
5.365274249E1,3.415754437E-1,-2.033899166E-2,9.927223206E0
5.367285400E1,3.391826153E-1,-1.974078640E-2,9.926026344E0
5.369296556E1,3.433700502E-1,-2.273181453E-2,9.921838760E0
5.371307707E1,3.379862010E-1,-1.734796353E-2,9.929018021E0
5.373318868E1,3.415754437E-1,-2.033899166E-2,9.931410789E0
5.375330014E1,3.433700502E-1,-2.033899166E-2,9.925428391E0
5.377341171E1,3.379862010E-1,-1.974078640E-2,9.929018021E0
5.379352327E1,3.403790295E-1,-2.273181453E-2,9.928419113E0
5.381363478E1,3.439682424E-1,-2.392822690E-2,9.921838760E0
5.383374634E1,3.349951804E-1,-2.273181453E-2,9.927821159E0
5.385385785E1,3.427718580E-1,-2.033899166E-2,9.932606697E0
5.387396941E1,3.379862010E-1,-2.512463741E-2,9.920642853E0
5.389408093E1,3.403790295E-1,-2.392822690E-2,9.925428391E0
5.391419249E1,3.361915946E-1,-2.691925503E-2,9.923633575E0
5.393430405E1,3.361915946E-1,-1.435693540E-2,9.930811882E0
5.395441556E1,3.415754437E-1,-2.273181453E-2,9.930213928E0
5.397452712E1,3.343969584E-1,-1.974078640E-2,9.921838760E0
5.399463863E1,3.397808075E-1,-1.734796353E-2,9.923035622E0
5.401475020E1,3.439682424E-1,-2.213360928E-2,9.931410789E0
5.403486176E1,3.457628787E-1,-1.615155302E-2,9.929615974E0
5.405497327E1,3.385843933E-1,-1.854437590E-2,9.925428391E0
5.407508483E1,3.397808075E-1,-1.495514158E-2,9.929615974E0
5.409519634E1,3.367897868E-1,-2.093719877E-2,9.924231529E0
5.411530790E1,3.332005441E-1,-1.974078640E-2,9.926624298E0
5.413541947E1,3.379862010E-1,-2.452643216E-2,9.930811882E0
5.415553098E1,3.439682424E-1,-1.674975827E-2,9.918250084E0
5.417564259E1,3.343969584E-1,-1.674975827E-2,9.928419113E0
5.419575410E1,3.403790295E-1,-1.914258115E-2,9.921838760E0
5.421586561E1,3.391826153E-1,-2.273181453E-2,9.927821159E0
5.423597718E1,3.421736360E-1,-1.495514158E-2,9.924830437E0
5.425608868E1,3.421736360E-1,-1.974078640E-2,9.920642853E0
5.427620030E1,3.391826153E-1,-2.153540403E-2,9.926026344E0
5.429631176E1,3.415754437E-1,-1.435693540E-2,9.922437668E0
5.431642332E1,3.373879790E-1,-1.615155302E-2,9.926026344E0
5.433653488E1,3.487538993E-1,-2.033899166E-2,9.927821159E0
5.435664639E1,3.451646566E-1,-1.794617064E-2,9.925428391E0
5.437675801E1,3.343969584E-1,-1.316052489E-2,9.923633575E0
5.439686952E1,3.308077157E-1,-2.273181453E-2,9.927821159E0
5.441698103E1,3.379862010E-1,-2.333002165E-2,9.927821159E0
5.443709259E1,3.379862010E-1,-1.794617064E-2,9.925428391E0
5.445720410E1,3.373879790E-1,-1.674975827E-2,9.926624298E0
5.447731572E1,3.361915946E-1,-2.512463741E-2,9.921838760E0
5.449742723E1,3.427718580E-1,-1.794617064E-2,9.923633575E0
5.451753874E1,3.433700502E-1,-2.033899166E-2,9.924231529E0
5.453765030E1,3.427718580E-1,-1.794617064E-2,9.929615974E0
5.455776181E1,3.421736360E-1,-2.093719877E-2,9.922437668E0
5.457787337E1,3.367897868E-1,-1.734796353E-2,9.925428391E0
5.459798494E1,3.367897868E-1,-2.392822690E-2,9.923035622E0
5.461809645E1,3.433700502E-1,-2.213360928E-2,9.933204651E0
5.463820806E1,3.320041299E-1,-2.392822690E-2,9.920642853E0
5.465831952E1,3.445664644E-1,-1.914258115E-2,9.928419113E0
5.467843108E1,3.415754437E-1,-1.854437590E-2,9.930811882E0
5.469854264E1,3.445664644E-1,-2.153540403E-2,9.925428391E0
5.471865415E1,3.367897868E-1,-2.213360928E-2,9.924830437E0
5.473876577E1,3.373879790E-1,-1.914258115E-2,9.927223206E0
5.475887723E1,3.409772217E-1,-2.093719877E-2,9.923633575E0
5.477898879E1,3.373879790E-1,-2.093719877E-2,9.926624298E0
5.479910035E1,3.445664644E-1,-2.213360928E-2,9.924830437E0
5.481921186E1,3.385843933E-1,-1.914258115E-2,9.927223206E0
5.483932342E1,3.379862010E-1,-2.333002165E-2,9.921240807E0
5.485943499E1,3.421736360E-1,-2.033899166E-2,9.927821159E0
5.487954650E1,3.373879790E-1,-1.734796353E-2,9.923035622E0
5.489965811E1,3.457628787E-1,-1.674975827E-2,9.933803558E0
5.491976957E1,3.385843933E-1,-1.734796353E-2,9.923633575E0
5.493988113E1,3.421736360E-1,-1.615155302E-2,9.929615974E0
5.495999270E1,3.463610709E-1,-1.794617064E-2,9.923633575E0
5.498010421E1,3.397808075E-1,-2.093719877E-2,9.924231529E0
5.500021582E1,3.397808075E-1,-2.512463741E-2,9.920642853E0
5.502032733E1,3.427718580E-1,-1.854437590E-2,9.927821159E0
5.504043884E1,3.457628787E-1,-1.974078640E-2,9.926624298E0
5.506055040E1,3.349951804E-1,-2.213360928E-2,9.931410789E0
5.508066191E1,3.409772217E-1,-2.153540403E-2,9.927821159E0
5.510077348E1,3.385843933E-1,-2.392822690E-2,9.924231529E0
5.512088504E1,3.421736360E-1,-2.153540403E-2,9.923633575E0
5.514099655E1,3.409772217E-1,-2.213360928E-2,9.927223206E0
5.516110816E1,3.367897868E-1,-2.273181453E-2,9.927821159E0
5.518121968E1,3.427718580E-1,-1.615155302E-2,9.927223206E0
5.520133118E1,3.355933726E-1,-1.854437590E-2,9.930811882E0
5.522144280E1,3.421736360E-1,-1.674975827E-2,9.918848038E0
5.524155426E1,3.367897868E-1,-2.392822690E-2,9.921240807E0
5.526166582E1,3.355933726E-1,-1.974078640E-2,9.929018021E0
5.528177738E1,3.367897868E-1,-2.213360928E-2,9.927821159E0
5.530188889E1,3.427718580E-1,-2.333002165E-2,9.930213928E0
5.532200046E1,3.415754437E-1,-2.093719877E-2,9.927223206E0
5.534211202E1,3.427718580E-1,-1.974078640E-2,9.923035622E0
5.536222353E1,3.463610709E-1,-2.213360928E-2,9.923633575E0
5.538233514E1,3.409772217E-1,-1.974078640E-2,9.928419113E0
5.540244665E1,3.337987661E-1,-2.392822690E-2,9.927821159E0
5.542255816E1,3.397808075E-1,-2.512463741E-2,9.925428391E0
5.544266973E1,3.415754437E-1,-2.632104978E-2,9.926624298E0
5.546278124E1,3.391826153E-1,-2.213360928E-2,9.927223206E0
5.548289280E1,3.457628787E-1,-2.691925503E-2,9.920642853E0
5.550300436E1,3.385843933E-1,-1.854437590E-2,9.918848038E0
5.552311587E1,3.391826153E-1,-1.555334684E-2,9.927223206E0
5.554322749E1,3.332005441E-1,-2.153540403E-2,9.917053223E0
5.556333900E1,3.332005441E-1,-2.033899166E-2,9.927223206E0
5.558345051E1,3.415754437E-1,-2.033899166E-2,9.916455269E0
5.560356212E1,3.373879790E-1,-2.273181453E-2,9.927821159E0
5.562367358E1,3.415754437E-1,-2.452643216E-2,9.920044899E0
5.564378514E1,3.373879790E-1,-1.974078640E-2,9.930213928E0
5.566389671E1,3.415754437E-1,-2.153540403E-2,9.930213928E0
5.568400822E1,3.421736360E-1,-1.615155302E-2,9.923035622E0
5.570411983E1,3.475574851E-1,-1.375873014E-2,9.924231529E0
5.572423134E1,3.403790295E-1,-1.854437590E-2,9.924830437E0
5.574434285E1,3.308077157E-1,-1.674975827E-2,9.923633575E0
5.576445441E1,3.379862010E-1,-1.794617064E-2,9.927821159E0
5.578456598E1,3.337987661E-1,-2.033899166E-2,9.932008743E0
5.580467749E1,3.409772217E-1,-2.033899166E-2,9.925428391E0
5.582478910E1,3.379862010E-1,-2.153540403E-2,9.923035622E0
5.584490056E1,3.314059377E-1,-2.273181453E-2,9.921838760E0
5.586501212E1,3.397808075E-1,-2.273181453E-2,9.925428391E0
5.588512374E1,3.379862010E-1,-1.794617064E-2,9.925428391E0
5.590523520E1,3.379862010E-1,-1.734796353E-2,9.924231529E0
5.592534676E1,3.445664644E-1,-2.871387079E-2,9.927821159E0
5.594545832E1,3.385843933E-1,-2.392822690E-2,9.930213928E0
5.596556983E1,3.433700502E-1,-2.033899166E-2,9.923633575E0
5.598568139E1,3.373879790E-1,-1.615155302E-2,9.920642853E0
5.600579296E1,3.361915946E-1,-2.033899166E-2,9.921240807E0
5.602590447E1,3.403790295E-1,-1.854437590E-2,9.923633575E0
5.604601608E1,3.361915946E-1,-2.153540403E-2,9.927223206E0
5.606612759E1,3.373879790E-1,-2.093719877E-2,9.927821159E0
5.608623910E1,3.427718580E-1,-2.333002165E-2,9.928419113E0
5.610635066E1,3.385843933E-1,-1.196411345E-2,9.926026344E0
5.612646218E1,3.326023519E-1,-1.794617064E-2,9.926624298E0
5.614657374E1,3.349951804E-1,-2.033899166E-2,9.927821159E0
5.616668530E1,3.361915946E-1,-1.615155302E-2,9.934401512E0
5.618679681E1,3.367897868E-1,-1.375873014E-2,9.929018021E0
5.620690837E1,3.457628787E-1,-1.914258115E-2,9.921240807E0
5.622701994E1,3.373879790E-1,-2.093719877E-2,9.924231529E0
5.624713144E1,3.367897868E-1,-1.615155302E-2,9.924231529E0
5.626724301E1,3.355933726E-1,-1.974078640E-2,9.931410789E0
5.628735457E1,3.427718580E-1,-2.452643216E-2,9.930213928E0
5.630746608E1,3.433700502E-1,-1.794617064E-2,9.930213928E0
5.632757770E1,3.367897868E-1,-2.033899166E-2,9.928419113E0
5.634768915E1,3.385843933E-1,-2.512463741E-2,9.930811882E0
5.636780072E1,3.391826153E-1,-1.854437590E-2,9.927223206E0
5.638791228E1,3.403790295E-1,-2.213360928E-2,9.924830437E0
5.640802384E1,3.373879790E-1,-2.093719877E-2,9.931410789E0
5.642813535E1,3.403790295E-1,-1.914258115E-2,9.930213928E0
5.644824691E1,3.445664644E-1,-2.033899166E-2,9.926026344E0
5.646835843E1,3.391826153E-1,-1.734796353E-2,9.925428391E0
5.648846999E1,3.379862010E-1,-2.093719877E-2,9.929018021E0
5.650858155E1,3.367897868E-1,-2.213360928E-2,9.932008743E0
5.652869306E1,3.385843933E-1,-1.615155302E-2,9.927821159E0
5.654880462E1,3.415754437E-1,-2.572284266E-2,9.923035622E0
5.656891619E1,3.433700502E-1,-2.333002165E-2,9.924830437E0
5.658902770E1,3.403790295E-1,-1.435693540E-2,9.929018021E0
5.660913926E1,3.433700502E-1,-2.033899166E-2,9.935597420E0
5.662925082E1,3.433700502E-1,-2.213360928E-2,9.929615974E0
5.664936233E1,3.415754437E-1,-2.512463741E-2,9.930213928E0
5.666947394E1,3.415754437E-1,-2.333002165E-2,9.923035622E0
5.668958546E1,3.367897868E-1,-1.974078640E-2,9.929018021E0
5.670969697E1,3.385843933E-1,-2.213360928E-2,9.930811882E0
5.672980853E1,3.367897868E-1,-1.914258115E-2,9.930213928E0
5.674992004E1,3.385843933E-1,-1.854437590E-2,9.922437668E0
5.677003160E1,3.343969584E-1,-2.392822690E-2,9.929615974E0
5.679014322E1,3.397808075E-1,-2.632104978E-2,9.930213928E0
5.681025473E1,3.421736360E-1,-1.914258115E-2,9.927223206E0
5.683036624E1,3.373879790E-1,-1.794617064E-2,9.921838760E0
5.685047780E1,3.361915946E-1,-1.974078640E-2,9.929018021E0
5.687058931E1,3.403790295E-1,-2.632104978E-2,9.928419113E0
5.689070087E1,3.385843933E-1,-2.273181453E-2,9.929615974E0
5.691081244E1,3.415754437E-1,-1.854437590E-2,9.920044899E0
5.693092394E1,3.397808075E-1,-2.093719877E-2,9.927223206E0
5.695103551E1,3.475574851E-1,-1.914258115E-2,9.922437668E0
5.697114707E1,3.409772217E-1,-2.572284266E-2,9.925428391E0
5.699125858E1,3.445664644E-1,-2.273181453E-2,9.927223206E0
5.701137014E1,3.397808075E-1,-1.914258115E-2,9.929018021E0
5.703148171E1,3.391826153E-1,-2.033899166E-2,9.921838760E0
5.705159322E1,3.415754437E-1,-2.033899166E-2,9.928419113E0
5.707170478E1,3.445664644E-1,-2.153540403E-2,9.930213928E0
5.709181634E1,3.332005441E-1,-2.093719877E-2,9.924231529E0
5.711192785E1,3.349951804E-1,-2.273181453E-2,9.931410789E0
5.713203947E1,3.349951804E-1,-1.316052489E-2,9.923035622E0
5.715215092E1,3.427718580E-1,-1.854437590E-2,9.924231529E0
5.717226249E1,3.415754437E-1,-1.375873014E-2,9.922437668E0
5.719237410E1,3.373879790E-1,-1.495514158E-2,9.924830437E0
5.721248556E1,3.373879790E-1,-2.751746029E-2,9.930213928E0
5.723259712E1,3.493520916E-1,-1.974078640E-2,9.930811882E0
5.725270874E1,3.397808075E-1,-1.555334684E-2,9.927223206E0
5.727282020E1,3.409772217E-1,-2.392822690E-2,9.922437668E0
5.729293176E1,3.397808075E-1,-2.273181453E-2,9.919445992E0
5.731304337E1,3.373879790E-1,-1.674975827E-2,9.923035622E0
5.733315483E1,3.391826153E-1,-1.615155302E-2,9.927821159E0
5.735326639E1,3.433700502E-1,-2.033899166E-2,9.933204651E0
5.737337796E1,3.433700502E-1,-2.153540403E-2,9.928419113E0
5.739348947E1,3.439682424E-1,-3.050848842E-2,9.926624298E0
5.741360103E1,3.385843933E-1,-1.615155302E-2,9.925428391E0
5.743371259E1,3.433700502E-1,-1.914258115E-2,9.932008743E0
5.745382410E1,3.391826153E-1,-2.392822690E-2,9.932606697E0
5.747393566E1,3.403790295E-1,-2.333002165E-2,9.929615974E0
5.749404723E1,3.421736360E-1,-1.794617064E-2,9.930811882E0
5.751415874E1,3.349951804E-1,-2.333002165E-2,9.923035622E0
5.753427030E1,3.385843933E-1,-2.033899166E-2,9.924231529E0
5.755438186E1,3.314059377E-1,-1.375873014E-2,9.936196327E0
5.757449337E1,3.349951804E-1,-2.033899166E-2,9.931410789E0
5.759460494E1,3.355933726E-1,-1.914258115E-2,9.929018021E0
5.761471650E1,3.385843933E-1,-2.333002165E-2,9.931410789E0
5.763482801E1,3.355933726E-1,-2.452643216E-2,9.924830437E0
5.765493957E1,3.337987661E-1,-1.854437590E-2,9.916455269E0
5.767505113E1,3.385843933E-1,-1.974078640E-2,9.925428391E0
5.769516264E1,3.385843933E-1,-1.794617064E-2,9.926624298E0
5.771527421E1,3.439682424E-1,-1.495514158E-2,9.926026344E0
5.773538577E1,3.290131092E-1,-1.914258115E-2,9.930213928E0
5.775549728E1,3.373879790E-1,-2.033899166E-2,9.931410789E0
5.777560889E1,3.355933726E-1,-1.674975827E-2,9.932008743E0
5.779572040E1,3.385843933E-1,-2.333002165E-2,9.930811882E0
5.781583191E1,3.403790295E-1,-1.674975827E-2,9.922437668E0
5.783594348E1,3.409772217E-1,-1.674975827E-2,9.933204651E0
5.785605504E1,3.463610709E-1,-1.794617064E-2,9.925428391E0
5.787616655E1,3.427718580E-1,-2.033899166E-2,9.923633575E0
5.789627811E1,3.427718580E-1,-2.273181453E-2,9.920044899E0
5.791638968E1,3.433700502E-1,-1.794617064E-2,9.921240807E0
5.793650119E1,3.475574851E-1,-1.734796353E-2,9.924231529E0
5.795661275E1,3.379862010E-1,-2.093719877E-2,9.924830437E0
5.797672431E1,3.361915946E-1,-2.153540403E-2,9.926026344E0
5.799683582E1,3.361915946E-1,-2.572284266E-2,9.927821159E0
5.801694744E1,3.433700502E-1,-2.213360928E-2,9.925428391E0
5.803705895E1,3.475574851E-1,-2.213360928E-2,9.932008743E0
5.805717046E1,3.451646566E-1,-2.452643216E-2,9.934999466E0
5.807728202E1,3.361915946E-1,-2.153540403E-2,9.932606697E0
5.809739358E1,3.391826153E-1,-1.974078640E-2,9.930213928E0
5.811750509E1,3.349951804E-1,-2.093719877E-2,9.931410789E0
5.813761671E1,3.403790295E-1,-1.615155302E-2,9.928419113E0
5.815772822E1,3.361915946E-1,-1.914258115E-2,9.927223206E0
5.817783973E1,3.403790295E-1,-2.213360928E-2,9.930213928E0
5.819795134E1,3.427718580E-1,-1.974078640E-2,9.930213928E0
5.821806285E1,3.487538993E-1,-1.495514158E-2,9.927821159E0
5.823817436E1,3.421736360E-1,-1.734796353E-2,9.929615974E0
5.825828598E1,3.391826153E-1,-1.914258115E-2,9.927821159E0
5.827839744E1,3.499503136E-1,-1.974078640E-2,9.927223206E0
5.829850900E1,3.553341627E-1,-1.914258115E-2,9.918848038E0
5.831862061E1,3.409772217E-1,-2.153540403E-2,9.926026344E0
5.833873212E1,3.367897868E-1,-2.273181453E-2,9.925428391E0
5.835884363E1,3.421736360E-1,-1.914258115E-2,9.924231529E0
5.837895520E1,3.337987661E-1,-2.093719877E-2,9.927223206E0
5.839906676E1,3.397808075E-1,-1.615155302E-2,9.927821159E0
5.841917827E1,3.361915946E-1,-2.153540403E-2,9.925428391E0
5.843928988E1,3.343969584E-1,-2.572284266E-2,9.930811882E0
5.845940134E1,3.397808075E-1,-2.273181453E-2,9.933803558E0
5.847951290E1,3.403790295E-1,-1.734796353E-2,9.925428391E0
5.849962452E1,3.391826153E-1,-2.452643216E-2,9.930811882E0
5.851973603E1,3.385843933E-1,-2.153540403E-2,9.924231529E0
5.853984754E1,3.427718580E-1,-2.392822690E-2,9.919445992E0
5.855995910E1,3.391826153E-1,-2.811566554E-2,9.932606697E0
5.858007061E1,3.385843933E-1,-1.974078640E-2,9.929018021E0
5.860018218E1,3.439682424E-1,-2.452643216E-2,9.927223206E0
5.862029374E1,3.415754437E-1,-2.093719877E-2,9.926026344E0
5.864040525E1,3.457628787E-1,-2.512463741E-2,9.929018021E0
5.866051681E1,3.385843933E-1,-2.033899166E-2,9.923633575E0
5.868062837E1,3.409772217E-1,-1.794617064E-2,9.929615974E0
5.870073988E1,3.343969584E-1,-2.033899166E-2,9.930811882E0
5.872085144E1,3.391826153E-1,-2.333002165E-2,9.930811882E0
5.874096301E1,3.385843933E-1,-2.153540403E-2,9.929615974E0
5.876107452E1,3.385843933E-1,-1.495514158E-2,9.928419113E0
5.878118608E1,3.409772217E-1,-1.974078640E-2,9.930811882E0
5.880129764E1,3.439682424E-1,-1.854437590E-2,9.929018021E0
5.882140915E1,3.391826153E-1,-1.734796353E-2,9.933803558E0
5.884152072E1,3.349951804E-1,-1.615155302E-2,9.925428391E0
5.886163228E1,3.421736360E-1,-2.093719877E-2,9.929615974E0
5.888174379E1,3.403790295E-1,-1.914258115E-2,9.933803558E0
5.890185535E1,3.379862010E-1,-1.615155302E-2,9.924830437E0
5.892196697E1,3.397808075E-1,-2.392822690E-2,9.929018021E0
5.894207843E1,3.451646566E-1,-1.974078640E-2,9.929018021E0
5.896218999E1,3.391826153E-1,-1.914258115E-2,9.929018021E0
5.898230160E1,3.361915946E-1,-1.555334684E-2,9.924231529E0
5.900241306E1,3.409772217E-1,-1.794617064E-2,9.925428391E0
5.902252462E1,3.355933726E-1,-2.632104978E-2,9.926624298E0
5.904263619E1,3.451646566E-1,-2.033899166E-2,9.931410789E0
5.906274770E1,3.385843933E-1,-1.615155302E-2,9.924830437E0
5.908285926E1,3.367897868E-1,-1.854437590E-2,9.923633575E0
5.910297082E1,3.397808075E-1,-1.734796353E-2,9.927223206E0
5.912308233E1,3.445664644E-1,-2.273181453E-2,9.929615974E0
5.914319389E1,3.409772217E-1,-2.093719877E-2,9.922437668E0
5.916330551E1,3.385843933E-1,-1.674975827E-2,9.927821159E0
5.918341697E1,3.415754437E-1,-1.495514158E-2,9.931410789E0
5.920352853E1,3.427718580E-1,-1.794617064E-2,9.935597420E0
5.922364009E1,3.415754437E-1,-1.854437590E-2,9.930811882E0
5.924375160E1,3.415754437E-1,-1.974078640E-2,9.929018021E0
5.926386316E1,3.427718580E-1,-1.974078640E-2,9.924830437E0
5.928397473E1,3.409772217E-1,-1.914258115E-2,9.922437668E0
5.930408624E1,3.355933726E-1,-1.854437590E-2,9.923633575E0
5.932419780E1,3.457628787E-1,-1.316052489E-2,9.928419113E0
5.934430941E1,3.361915946E-1,-1.854437590E-2,9.928419113E0
5.936442087E1,3.332005441E-1,-2.392822690E-2,9.924231529E0
5.938453244E1,3.421736360E-1,-2.392822690E-2,9.935597420E0
5.940464400E1,3.511467278E-1,-2.392822690E-2,9.929615974E0
5.942475551E1,3.326023519E-1,-2.213360928E-2,9.929018021E0
5.944486707E1,3.367897868E-1,-2.213360928E-2,9.927821159E0
5.946497863E1,3.433700502E-1,-2.273181453E-2,9.924830437E0
5.948509014E1,3.361915946E-1,-2.153540403E-2,9.923633575E0
5.950520171E1,3.385843933E-1,-1.794617064E-2,9.930811882E0
5.952531327E1,3.373879790E-1,-2.153540403E-2,9.929018021E0
5.954542478E1,3.403790295E-1,-2.512463741E-2,9.927821159E0
5.956553634E1,3.361915946E-1,-2.033899166E-2,9.926026344E0
5.958564790E1,3.361915946E-1,-1.316052489E-2,9.927223206E0
5.960575941E1,3.475574851E-1,-2.213360928E-2,9.929018021E0
5.962587098E1,3.415754437E-1,-1.256231871E-2,9.927223206E0
5.964598254E1,3.457628787E-1,-1.914258115E-2,9.924830437E0
5.966609405E1,3.391826153E-1,-2.153540403E-2,9.930811882E0
5.968620561E1,3.439682424E-1,-2.273181453E-2,9.932606697E0
5.970631718E1,3.397808075E-1,-1.615155302E-2,9.927223206E0
5.972642868E1,3.451646566E-1,-1.974078640E-2,9.925428391E0
5.974654025E1,3.421736360E-1,-1.615155302E-2,9.923633575E0
5.976665176E1,3.421736360E-1,-2.213360928E-2,9.934999466E0
5.978676332E1,3.379862010E-1,-1.555334684E-2,9.927223206E0
5.980687488E1,3.355933726E-1,-1.674975827E-2,9.920044899E0
5.982698644E1,3.439682424E-1,-1.974078640E-2,9.928419113E0
5.984709796E1,3.403790295E-1,-2.093719877E-2,9.930213928E0
5.986720952E1,3.355933726E-1,-1.914258115E-2,9.924231529E0
5.988732108E1,3.391826153E-1,-1.794617064E-2,9.930811882E0
5.990743259E1,3.403790295E-1,-2.093719877E-2,9.929615974E0
5.992754421E1,3.445664644E-1,-1.615155302E-2,9.922437668E0
5.994765572E1,3.385843933E-1,-1.974078640E-2,9.924830437E0
5.996776723E1,3.415754437E-1,-1.555334684E-2,9.924830437E0
5.998787879E1,3.349951804E-1,-1.495514158E-2,9.933803558E0
6.000799035E1,3.373879790E-1,-1.974078640E-2,9.924830437E0
6.002810186E1,3.373879790E-1,-2.213360928E-2,9.924830437E0
6.004821348E1,3.373879790E-1,-2.572284266E-2,9.919445992E0
6.006832499E1,3.421736360E-1,-2.273181453E-2,9.934999466E0
6.008843650E1,3.463610709E-1,-2.392822690E-2,9.936794281E0
6.010854811E1,3.379862010E-1,-1.734796353E-2,9.924231529E0
6.012865962E1,3.361915946E-1,-2.273181453E-2,9.922437668E0
6.014877113E1,3.397808075E-1,-2.033899166E-2,9.926624298E0
6.016888275E1,3.409772217E-1,-2.392822690E-2,9.926624298E0
6.018899426E1,3.445664644E-1,-2.333002165E-2,9.926624298E0
6.020910577E1,3.391826153E-1,-1.674975827E-2,9.927223206E0
6.022921738E1,3.355933726E-1,-2.333002165E-2,9.926026344E0
6.024932884E1,3.355933726E-1,-1.615155302E-2,9.928419113E0
6.026944040E1,3.373879790E-1,-2.392822690E-2,9.929018021E0
6.028955202E1,3.308077157E-1,-2.093719877E-2,9.927223206E0
6.030966348E1,3.445664644E-1,-2.691925503E-2,9.925428391E0
6.032977504E1,3.379862010E-1,-1.974078640E-2,9.921838760E0
6.034988665E1,3.349951804E-1,-2.632104978E-2,9.931410789E0
6.036999811E1,3.379862010E-1,-2.333002165E-2,9.926624298E0
6.039010968E1,3.397808075E-1,-2.153540403E-2,9.927223206E0
6.041022129E1,3.397808075E-1,-1.674975827E-2,9.929018021E0
6.043033275E1,3.415754437E-1,-1.674975827E-2,9.926624298E0
6.045044431E1,3.421736360E-1,-1.914258115E-2,9.928419113E0
6.047055587E1,3.415754437E-1,-2.691925503E-2,9.929615974E0
6.049066738E1,3.409772217E-1,-1.914258115E-2,9.923633575E0
6.051077895E1,3.332005441E-1,-2.213360928E-2,9.927223206E0
6.053089056E1,3.421736360E-1,-1.914258115E-2,9.931410789E0
6.055100202E1,3.427718580E-1,-2.273181453E-2,9.929018021E0
6.057111358E1,3.421736360E-1,-1.854437590E-2,9.924231529E0
6.059122514E1,3.367897868E-1,-1.854437590E-2,9.925428391E0
6.061133665E1,3.391826153E-1,-2.213360928E-2,9.928419113E0
6.063144822E1,3.421736360E-1,-1.615155302E-2,9.926026344E0
6.065155978E1,3.343969584E-1,-2.153540403E-2,9.925428391E0
6.067167129E1,3.349951804E-1,-1.674975827E-2,9.930811882E0
6.069178285E1,3.373879790E-1,-2.093719877E-2,9.927223206E0
6.071189441E1,3.397808075E-1,-2.333002165E-2,9.932008743E0
6.073200592E1,3.385843933E-1,-2.392822690E-2,9.927821159E0
6.075211749E1,3.415754437E-1,-2.213360928E-2,9.932008743E0
6.077222905E1,3.427718580E-1,-1.794617064E-2,9.924830437E0
6.079234056E1,3.373879790E-1,-1.914258115E-2,9.926624298E0
6.081245212E1,3.343969584E-1,-2.392822690E-2,9.927223206E0
6.083256369E1,3.433700502E-1,-1.914258115E-2,9.933803558E0
6.085267520E1,3.403790295E-1,-1.734796353E-2,9.928419113E0
6.087278676E1,3.385843933E-1,-2.153540403E-2,9.928419113E0
6.089289832E1,3.409772217E-1,-1.974078640E-2,9.928419113E0
6.091300983E1,3.391826153E-1,-1.674975827E-2,9.932008743E0
6.093312139E1,3.427718580E-1,-1.615155302E-2,9.926026344E0
6.095323296E1,3.385843933E-1,-2.093719877E-2,9.927223206E0
6.097334447E1,3.415754437E-1,-2.333002165E-2,9.927223206E0
6.099345603E1,3.367897868E-1,-2.213360928E-2,9.930811882E0
6.101356759E1,3.439682424E-1,-2.273181453E-2,9.921838760E0
6.103367910E1,3.397808075E-1,-2.572284266E-2,9.929615974E0
6.105379066E1,3.361915946E-1,-2.572284266E-2,9.926624298E0
6.107390223E1,3.373879790E-1,-2.153540403E-2,9.922437668E0
6.109401374E1,3.379862010E-1,-2.512463741E-2,9.926624298E0
6.111412530E1,3.439682424E-1,-1.974078640E-2,9.924830437E0
6.113423686E1,3.415754437E-1,-2.093719877E-2,9.924830437E0
6.115434837E1,3.487538993E-1,-1.974078640E-2,9.926624298E0
6.117445999E1,3.391826153E-1,-1.256231871E-2,9.929615974E0
6.119457150E1,3.433700502E-1,-2.871387079E-2,9.927821159E0
6.121468301E1,3.469592929E-1,-2.392822690E-2,9.926026344E0
6.123479462E1,3.379862010E-1,-2.153540403E-2,9.928419113E0
6.125490613E1,3.421736360E-1,-1.854437590E-2,9.927223206E0
6.127501764E1,3.355933726E-1,-2.213360928E-2,9.927821159E0
6.129512926E1,3.373879790E-1,-2.273181453E-2,9.927223206E0
6.131524072E1,3.385843933E-1,-1.555334684E-2,9.927821159E0
6.133535228E1,3.481557071E-1,-1.794617064E-2,9.929018021E0
6.135546389E1,3.403790295E-1,-2.333002165E-2,9.936794281E0
6.137557535E1,3.415754437E-1,-2.452643216E-2,9.926026344E0
6.139568691E1,3.499503136E-1,-1.555334684E-2,9.924231529E0
6.141579853E1,3.391826153E-1,-2.213360928E-2,9.933803558E0
6.143590999E1,3.379862010E-1,-1.794617064E-2,9.928419113E0
6.145602155E1,3.409772217E-1,-1.914258115E-2,9.933803558E0
6.147613311E1,3.397808075E-1,-1.794617064E-2,9.927223206E0
6.149624462E1,3.415754437E-1,-1.555334684E-2,9.926026344E0
6.151635619E1,3.373879790E-1,-1.674975827E-2,9.933803558E0
6.153646775E1,3.469592929E-1,-2.392822690E-2,9.923035622E0
6.155657926E1,3.439682424E-1,-2.512463741E-2,9.928419113E0
6.157669082E1,3.409772217E-1,-2.392822690E-2,9.927223206E0
6.159680244E1,3.403790295E-1,-2.273181453E-2,9.928419113E0
6.161691389E1,3.409772217E-1,-2.093719877E-2,9.930213928E0
6.163702546E1,3.349951804E-1,-2.153540403E-2,9.929615974E0
6.165713702E1,3.409772217E-1,-2.572284266E-2,9.925428391E0
6.167724853E1,3.373879790E-1,-2.093719877E-2,9.924830437E0
6.169736009E1,3.427718580E-1,-1.555334684E-2,9.920642853E0
6.171747165E1,3.409772217E-1,-2.931207791E-2,9.926026344E0
6.173758316E1,3.397808075E-1,-2.213360928E-2,9.934999466E0
6.175769473E1,3.409772217E-1,-2.931207791E-2,9.929018021E0
6.177780629E1,3.403790295E-1,-1.974078640E-2,9.932008743E0
6.179791780E1,3.385843933E-1,-1.615155302E-2,9.927223206E0
6.181802941E1,3.391826153E-1,-2.093719877E-2,9.933204651E0
6.183814093E1,3.391826153E-1,-1.674975827E-2,9.935597420E0
6.185825244E1,3.457628787E-1,-2.392822690E-2,9.933803558E0
6.187836405E1,3.349951804E-1,-2.153540403E-2,9.926624298E0
6.189847551E1,3.367897868E-1,-1.794617064E-2,9.930213928E0
6.191858707E1,3.361915946E-1,-1.914258115E-2,9.926026344E0
6.193869869E1,3.439682424E-1,-2.153540403E-2,9.926026344E0
6.195881014E1,3.403790295E-1,-1.615155302E-2,9.931410789E0
6.197892171E1,3.343969584E-1,-2.213360928E-2,9.928419113E0
6.199903332E1,3.379862010E-1,-1.914258115E-2,9.929018021E0
6.201914483E1,3.433700502E-1,-2.033899166E-2,9.932008743E0
6.203925634E1,3.469592929E-1,-1.016949583E-2,9.926026344E0
6.205936790E1,3.379862010E-1,-1.974078640E-2,9.932008743E0
6.207947941E1,3.391826153E-1,-2.153540403E-2,9.933803558E0
6.209959098E1,3.403790295E-1,-2.392822690E-2,9.927821159E0
6.211970254E1,3.469592929E-1,-2.751746029E-2,9.925428391E0
6.213981405E1,3.355933726E-1,-1.794617064E-2,9.932008743E0
6.215992561E1,3.451646566E-1,-2.213360928E-2,9.924830437E0
6.218003718E1,3.337987661E-1,-1.734796353E-2,9.924830437E0
6.220014868E1,3.427718580E-1,-2.093719877E-2,9.927821159E0
6.222026025E1,3.415754437E-1,-2.153540403E-2,9.932606697E0
6.224037181E1,3.349951804E-1,-1.674975827E-2,9.919445992E0
6.226048332E1,3.427718580E-1,-2.512463741E-2,9.927821159E0
6.228059488E1,3.379862010E-1,-2.691925503E-2,9.924231529E0
6.230070644E1,3.343969584E-1,-2.093719877E-2,9.933803558E0
6.232081796E1,3.421736360E-1,-2.512463741E-2,9.930811882E0
6.234092952E1,3.403790295E-1,-1.914258115E-2,9.924830437E0
6.236104108E1,3.421736360E-1,-1.854437590E-2,9.926624298E0
6.238115259E1,3.415754437E-1,-2.333002165E-2,9.926624298E0
6.240126421E1,3.445664644E-1,-1.854437590E-2,9.932606697E0
6.242137572E1,3.421736360E-1,-2.392822690E-2,9.929018021E0
6.244148723E1,3.445664644E-1,-2.093719877E-2,9.928419113E0
6.246159884E1,3.397808075E-1,-1.794617064E-2,9.926026344E0
6.248171030E1,3.427718580E-1,-1.495514158E-2,9.927821159E0
6.250182186E1,3.415754437E-1,-1.914258115E-2,9.930213928E0
6.252193343E1,3.463610709E-1,-2.273181453E-2,9.933204651E0
6.254204494E1,3.379862010E-1,-1.674975827E-2,9.926624298E0
6.256215650E1,3.421736360E-1,-1.794617064E-2,9.926624298E0
6.258226806E1,3.409772217E-1,-2.333002165E-2,9.921240807E0
6.260237957E1,3.367897868E-1,-2.033899166E-2,9.930811882E0
6.262249118E1,3.302095234E-1,-2.273181453E-2,9.929018021E0
6.264260270E1,3.445664644E-1,-2.153540403E-2,9.931410789E0
6.266271421E1,3.385843933E-1,-2.093719877E-2,9.934999466E0
6.268282582E1,3.385843933E-1,-1.615155302E-2,9.927821159E0
6.270293733E1,3.361915946E-1,-2.691925503E-2,9.933204651E0
6.272304884E1,3.302095234E-1,-2.273181453E-2,9.932008743E0
6.274316046E1,3.433700502E-1,-2.033899166E-2,9.921240807E0
6.276327191E1,3.409772217E-1,-2.572284266E-2,9.924231529E0
6.278338348E1,3.397808075E-1,-1.974078640E-2,9.930213928E0
6.280349504E1,3.427718580E-1,-2.153540403E-2,9.917651176E0
6.282360655E1,3.385843933E-1,-2.153540403E-2,9.927821159E0
6.284371811E1,3.397808075E-1,-2.213360928E-2,9.933204651E0
6.286382968E1,3.445664644E-1,-1.974078640E-2,9.932606697E0
6.288394119E1,3.385843933E-1,-1.794617064E-2,9.928419113E0
6.290405275E1,3.385843933E-1,-2.153540403E-2,9.928419113E0
6.292416436E1,3.391826153E-1,-2.033899166E-2,9.925428391E0
6.294427582E1,3.409772217E-1,-1.674975827E-2,9.929615974E0
6.296438738E1,3.379862010E-1,-2.033899166E-2,9.931410789E0
6.298449895E1,3.469592929E-1,-2.392822690E-2,9.930213928E0
6.300461046E1,3.343969584E-1,-1.734796353E-2,9.923633575E0
6.302472207E1,3.391826153E-1,-1.974078640E-2,9.922437668E0
6.304483358E1,3.439682424E-1,-2.452643216E-2,9.932008743E0
6.306494509E1,3.445664644E-1,-2.392822690E-2,9.929615974E0
6.308505671E1,3.409772217E-1,-2.392822690E-2,9.932008743E0
6.310516822E1,3.439682424E-1,-2.153540403E-2,9.927223206E0
6.312527973E1,3.361915946E-1,-1.794617064E-2,9.924830437E0
6.314539134E1,3.379862010E-1,-1.914258115E-2,9.923633575E0
6.316550285E1,3.367897868E-1,-1.615155302E-2,9.924231529E0
6.318561436E1,3.385843933E-1,-1.375873014E-2,9.924830437E0
6.320572592E1,3.391826153E-1,-2.093719877E-2,9.929615974E0
6.322583744E1,3.403790295E-1,-2.213360928E-2,9.920642853E0
6.324594900E1,3.397808075E-1,-1.734796353E-2,9.925428391E0
6.326606061E1,3.403790295E-1,-2.093719877E-2,9.926026344E0
6.328617207E1,3.373879790E-1,-1.794617064E-2,9.925428391E0
6.330628363E1,3.343969584E-1,-1.914258115E-2,9.926026344E0
6.332639520E1,3.415754437E-1,-2.273181453E-2,9.928419113E0
6.334650671E1,3.445664644E-1,-1.974078640E-2,9.930213928E0
6.336661827E1,3.361915946E-1,-1.555334684E-2,9.928419113E0
6.338672983E1,3.397808075E-1,-1.375873014E-2,9.927821159E0
6.340684134E1,3.451646566E-1,-2.153540403E-2,9.921838760E0
6.342695296E1,3.421736360E-1,-2.213360928E-2,9.924231529E0
6.344706447E1,3.391826153E-1,-1.974078640E-2,9.929018021E0
6.346717598E1,3.355933726E-1,-1.914258115E-2,9.933803558E0
6.348728759E1,3.391826153E-1,-2.033899166E-2,9.921838760E0
6.350739905E1,3.433700502E-1,-1.256231871E-2,9.928419113E0
6.352751061E1,3.433700502E-1,-2.033899166E-2,9.932606697E0
6.354762218E1,3.373879790E-1,-1.854437590E-2,9.927223206E0
6.356773369E1,3.427718580E-1,-2.093719877E-2,9.926624298E0
6.358784525E1,3.397808075E-1,-2.512463741E-2,9.926624298E0
6.360795681E1,3.403790295E-1,-2.392822690E-2,9.927821159E0
6.362806832E1,3.475574851E-1,-2.213360928E-2,9.931410789E0
6.364817988E1,3.385843933E-1,-2.153540403E-2,9.924231529E0
6.366829144E1,3.349951804E-1,-2.213360928E-2,9.932008743E0
6.368840296E1,3.397808075E-1,-2.392822690E-2,9.929018021E0
6.370851452E1,3.403790295E-1,-2.333002165E-2,9.929615974E0
6.372862608E1,3.445664644E-1,-1.674975827E-2,9.933803558E0
6.374873759E1,3.409772217E-1,-1.974078640E-2,9.925428391E0
6.376884915E1,3.385843933E-1,-2.392822690E-2,9.927223206E0
6.378896072E1,3.409772217E-1,-1.316052489E-2,9.926026344E0
6.380907223E1,3.379862010E-1,-2.153540403E-2,9.931410789E0
6.382918379E1,3.385843933E-1,-2.033899166E-2,9.924830437E0
6.384929535E1,3.433700502E-1,-2.153540403E-2,9.923633575E0
6.386940686E1,3.343969584E-1,-1.615155302E-2,9.920044899E0
6.388951843E1,3.367897868E-1,-1.974078640E-2,9.927821159E0
6.390962999E1,3.415754437E-1,-1.674975827E-2,9.927821159E0
6.392974150E1,3.373879790E-1,-2.512463741E-2,9.928419113E0
6.394985311E1,3.385843933E-1,-2.512463741E-2,9.926624298E0
6.396996462E1,3.397808075E-1,-2.273181453E-2,9.932606697E0
6.399007613E1,3.409772217E-1,-2.093719877E-2,9.926026344E0
6.401018775E1,3.469592929E-1,-2.333002165E-2,9.926624298E0
6.403029926E1,3.403790295E-1,-1.495514158E-2,9.926624298E0
6.405041077E1,3.320041299E-1,-1.794617064E-2,9.930213928E0
6.407052238E1,3.397808075E-1,-2.093719877E-2,9.929018021E0
6.409063389E1,3.397808075E-1,-2.213360928E-2,9.936794281E0
6.411074540E1,3.373879790E-1,-2.033899166E-2,9.930811882E0
6.413085697E1,3.421736360E-1,-2.392822690E-2,9.929018021E0
6.415096853E1,3.385843933E-1,-2.512463741E-2,9.922437668E0
6.417108004E1,3.349951804E-1,-2.273181453E-2,9.927821159E0
6.419119165E1,3.379862010E-1,-2.333002165E-2,9.931410789E0
6.421130311E1,3.355933726E-1,-2.392822690E-2,9.929018021E0
6.423141468E1,3.361915946E-1,-1.615155302E-2,9.929018021E0
6.425152624E1,3.391826153E-1,-2.153540403E-2,9.933204651E0
6.427163780E1,3.427718580E-1,-2.333002165E-2,9.931410789E0
6.429174931E1,3.302095234E-1,-1.495514158E-2,9.925428391E0
6.431186092E1,3.391826153E-1,-1.854437590E-2,9.931410789E0
6.433197238E1,3.379862010E-1,-2.033899166E-2,9.930213928E0
6.435208394E1,3.367897868E-1,-2.273181453E-2,9.926624298E0
6.437219556E1,3.337987661E-1,-2.333002165E-2,9.927821159E0
6.439230702E1,3.391826153E-1,-2.093719877E-2,9.921240807E0
6.441241858E1,3.349951804E-1,-2.392822690E-2,9.933803558E0
6.443253014E1,3.409772217E-1,-2.392822690E-2,9.930811882E0
6.445264165E1,3.415754437E-1,-2.033899166E-2,9.934401512E0
6.447275322E1,3.409772217E-1,-2.273181453E-2,9.933204651E0
6.449286478E1,3.355933726E-1,-2.273181453E-2,9.919445992E0
6.451297629E1,3.415754437E-1,-1.674975827E-2,9.925428391E0
6.453308785E1,3.409772217E-1,-2.213360928E-2,9.923633575E0
6.455319941E1,3.415754437E-1,-1.674975827E-2,9.925428391E0
6.457331092E1,3.433700502E-1,-1.435693540E-2,9.927223206E0
6.459342249E1,3.439682424E-1,-2.333002165E-2,9.924231529E0
6.461353405E1,3.385843933E-1,-2.512463741E-2,9.922437668E0
6.463364556E1,3.463610709E-1,-1.854437590E-2,9.929615974E0
6.465375712E1,3.343969584E-1,-2.033899166E-2,9.933803558E0
6.467386868E1,3.379862010E-1,-2.751746029E-2,9.933204651E0
6.469398020E1,3.439682424E-1,-2.153540403E-2,9.935597420E0
6.471409181E1,3.409772217E-1,-2.153540403E-2,9.929018021E0
6.473420327E1,3.355933726E-1,-2.871387079E-2,9.923035622E0
6.475431483E1,3.385843933E-1,-1.674975827E-2,9.926624298E0
6.477442644E1,3.445664644E-1,-2.811566554E-2,9.922437668E0
6.479453790E1,3.433700502E-1,-2.512463741E-2,9.930811882E0
6.481464947E1,3.439682424E-1,-1.914258115E-2,9.920044899E0
6.483476108E1,3.409772217E-1,-1.854437590E-2,9.928419113E0
6.485487254E1,3.373879790E-1,-1.854437590E-2,9.925428391E0
6.487498410E1,3.409772217E-1,-1.256231871E-2,9.930213928E0
6.489509566E1,3.409772217E-1,-2.093719877E-2,9.926026344E0
6.491520718E1,3.355933726E-1,-1.734796353E-2,9.936196327E0
6.493531874E1,3.326023519E-1,-1.914258115E-2,9.930811882E0
6.495543030E1,3.373879790E-1,-2.153540403E-2,9.927821159E0
6.497554181E1,3.409772217E-1,-2.452643216E-2,9.927223206E0
6.499565337E1,3.373879790E-1,-2.213360928E-2,9.932008743E0
6.501576494E1,3.427718580E-1,-2.273181453E-2,9.929018021E0
6.503587644E1,3.343969584E-1,-1.914258115E-2,9.936196327E0
6.505598801E1,3.409772217E-1,-1.974078640E-2,9.926624298E0
6.507609957E1,3.308077157E-1,-2.572284266E-2,9.929615974E0
6.509621108E1,3.403790295E-1,-1.974078640E-2,9.930213928E0
6.511632264E1,3.433700502E-1,-2.811566554E-2,9.932008743E0
6.513643421E1,3.469592929E-1,-2.093719877E-2,9.929018021E0
6.515654572E1,3.409772217E-1,-1.854437590E-2,9.936196327E0
6.517665733E1,3.427718580E-1,-2.572284266E-2,9.927821159E0
6.519676884E1,3.337987661E-1,-2.213360928E-2,9.930213928E0
6.521688035E1,3.403790295E-1,-1.674975827E-2,9.928419113E0
6.523699191E1,3.427718580E-1,-1.615155302E-2,9.924830437E0
6.525710348E1,3.361915946E-1,-1.974078640E-2,9.934999466E0
6.527721499E1,3.373879790E-1,-1.914258115E-2,9.926624298E0
6.529732660E1,3.415754437E-1,-1.914258115E-2,9.920044899E0
6.531743811E1,3.433700502E-1,-1.854437590E-2,9.932008743E0
6.533754962E1,3.343969584E-1,-1.914258115E-2,9.927821159E0
6.535766124E1,3.421736360E-1,-1.854437590E-2,9.924830437E0
6.537777275E1,3.421736360E-1,-1.854437590E-2,9.936196327E0
6.539788426E1,3.373879790E-1,-2.273181453E-2,9.930213928E0
6.541799582E1,3.409772217E-1,-1.794617064E-2,9.928419113E0
6.543810733E1,3.367897868E-1,-1.615155302E-2,9.927821159E0
6.545821889E1,3.415754437E-1,-1.674975827E-2,9.929018021E0
6.547833051E1,3.433700502E-1,-1.674975827E-2,9.929615974E0
6.549844197E1,3.355933726E-1,-2.691925503E-2,9.926026344E0
6.551855353E1,3.403790295E-1,-1.794617064E-2,9.920642853E0
6.553866514E1,3.391826153E-1,-1.375873014E-2,9.930811882E0
6.555877660E1,3.332005441E-1,-2.033899166E-2,9.930213928E0
6.557888816E1,3.427718580E-1,-1.974078640E-2,9.929018021E0
6.559899978E1,3.397808075E-1,-2.033899166E-2,9.923633575E0
6.561911124E1,3.391826153E-1,-2.273181453E-2,9.931410789E0
6.563922280E1,3.361915946E-1,-2.033899166E-2,9.931410789E0
6.565933436E1,3.409772217E-1,-1.794617064E-2,9.929018021E0
6.567944587E1,3.385843933E-1,-2.751746029E-2,9.930213928E0
6.569955744E1,3.433700502E-1,-1.734796353E-2,9.927821159E0
6.571966900E1,3.439682424E-1,-1.974078640E-2,9.927821159E0
6.573978051E1,3.373879790E-1,-2.033899166E-2,9.936196327E0
6.575989207E1,3.343969584E-1,-1.674975827E-2,9.933204651E0
6.578000363E1,3.385843933E-1,-1.196411345E-2,9.930811882E0
6.580011514E1,3.337987661E-1,-2.273181453E-2,9.934401512E0
6.582022671E1,3.427718580E-1,-2.512463741E-2,9.934999466E0
6.584033827E1,3.445664644E-1,-2.033899166E-2,9.934401512E0
6.586044978E1,3.391826153E-1,-2.333002165E-2,9.931410789E0
6.588056139E1,3.469592929E-1,-1.914258115E-2,9.928419113E0
6.590067285E1,3.397808075E-1,-1.495514158E-2,9.930213928E0
6.592078441E1,3.409772217E-1,-1.854437590E-2,9.925428391E0
6.594089603E1,3.409772217E-1,-1.914258115E-2,9.927223206E0
6.596100754E1,3.445664644E-1,-2.213360928E-2,9.930811882E0
6.598111905E1,3.385843933E-1,-2.033899166E-2,9.930811882E0
6.600123066E1,3.391826153E-1,-1.734796353E-2,9.929018021E0
6.602134212E1,3.415754437E-1,-2.153540403E-2,9.932606697E0
6.604145369E1,3.337987661E-1,-2.093719877E-2,9.927223206E0
6.606156525E1,3.349951804E-1,-1.914258115E-2,9.927821159E0
6.608167676E1,3.397808075E-1,-1.854437590E-2,9.931410789E0
6.610178832E1,3.337987661E-1,-2.213360928E-2,9.923035622E0
6.612189988E1,3.379862010E-1,-2.452643216E-2,9.927821159E0
6.614201139E1,3.391826153E-1,-2.213360928E-2,9.926624298E0
6.616212296E1,3.367897868E-1,-1.734796353E-2,9.924231529E0
6.618223452E1,3.403790295E-1,-2.333002165E-2,9.932008743E0
6.620234603E1,3.296113312E-1,-1.734796353E-2,9.933204651E0
6.622245764E1,3.439682424E-1,-1.256231871E-2,9.929615974E0
6.624256910E1,3.421736360E-1,-1.674975827E-2,9.933803558E0
6.626268066E1,3.433700502E-1,-2.093719877E-2,9.926026344E0
6.628279223E1,3.409772217E-1,-2.452643216E-2,9.929018021E0
6.630290374E1,3.385843933E-1,-1.974078640E-2,9.923035622E0
6.632301530E1,3.314059377E-1,-2.213360928E-2,9.924231529E0
6.634312686E1,3.379862010E-1,-2.452643216E-2,9.930213928E0
6.636323837E1,3.355933726E-1,-1.914258115E-2,9.929615974E0
6.638334994E1,3.427718580E-1,-2.093719877E-2,9.924830437E0
6.640346150E1,3.361915946E-1,-2.691925503E-2,9.927223206E0
6.642357301E1,3.385843933E-1,-1.794617064E-2,9.929018021E0
6.644368457E1,3.439682424E-1,-2.273181453E-2,9.927223206E0
6.646379613E1,3.433700502E-1,-1.555334684E-2,9.926026344E0
6.648390764E1,3.451646566E-1,-1.914258115E-2,9.929018021E0
6.650401926E1,3.385843933E-1,-2.153540403E-2,9.930213928E0
6.652413077E1,3.385843933E-1,-2.333002165E-2,9.932008743E0
6.654424228E1,3.308077157E-1,-1.794617064E-2,9.926026344E0
6.656435389E1,3.367897868E-1,-2.153540403E-2,9.929615974E0
6.658446535E1,3.379862010E-1,-1.734796353E-2,9.927821159E0
6.660457691E1,3.326023519E-1,-1.914258115E-2,9.927821159E0
6.662468848E1,3.326023519E-1,-2.392822690E-2,9.925428391E0
6.664479999E1,3.373879790E-1,-2.093719877E-2,9.929615974E0
6.666491155E1,3.337987661E-1,-1.615155302E-2,9.921838760E0
6.668502311E1,3.367897868E-1,-1.615155302E-2,9.924231529E0
6.670513462E1,3.397808075E-1,-1.435693540E-2,9.924830437E0
6.672524618E1,3.403790295E-1,-1.674975827E-2,9.927821159E0
6.674535770E1,3.421736360E-1,-2.033899166E-2,9.931410789E0
6.676546926E1,3.403790295E-1,-2.273181453E-2,9.925428391E0
6.678558087E1,3.379862010E-1,-1.794617064E-2,9.926624298E0
6.680569233E1,3.427718580E-1,-1.256231871E-2,9.924231529E0
6.682580389E1,3.337987661E-1,-1.974078640E-2,9.928419113E0
6.684591546E1,3.355933726E-1,-1.914258115E-2,9.930213928E0
6.686602697E1,3.391826153E-1,-2.273181453E-2,9.927821159E0
6.688613858E1,3.439682424E-1,-1.555334684E-2,9.920642853E0
6.690625004E1,3.361915946E-1,-1.974078640E-2,9.930213928E0
6.692636160E1,3.379862010E-1,-1.974078640E-2,9.925428391E0
6.694647322E1,3.367897868E-1,-2.153540403E-2,9.928419113E0
6.696658473E1,3.379862010E-1,-1.734796353E-2,9.923633575E0
6.698669624E1,3.421736360E-1,-2.931207791E-2,9.933803558E0
6.700680780E1,3.403790295E-1,-1.794617064E-2,9.929018021E0
6.702691931E1,3.415754437E-1,-2.333002165E-2,9.930811882E0
6.704703087E1,3.415754437E-1,-1.854437590E-2,9.926624298E0
6.706714244E1,3.409772217E-1,-2.213360928E-2,9.931410789E0
6.708725394E1,3.445664644E-1,-2.033899166E-2,9.931410789E0
6.710736551E1,3.385843933E-1,-2.392822690E-2,9.926624298E0
6.712747707E1,3.349951804E-1,-1.854437590E-2,9.921838760E0
6.714758858E1,3.379862010E-1,-2.273181453E-2,9.926624298E0
6.716770020E1,3.367897868E-1,-2.153540403E-2,9.923633575E0
6.718781165E1,3.361915946E-1,-1.854437590E-2,9.932008743E0
6.720792322E1,3.421736360E-1,-2.153540403E-2,9.933803558E0
6.722803478E1,3.385843933E-1,-3.170489892E-2,9.923633575E0
6.724814629E1,3.385843933E-1,-1.974078640E-2,9.923633575E0
6.726825785E1,3.379862010E-1,-2.093719877E-2,9.929018021E0
6.728836941E1,3.385843933E-1,-1.734796353E-2,9.929018021E0
6.730848092E1,3.415754437E-1,-1.914258115E-2,9.929018021E0
6.732859249E1,3.391826153E-1,-2.033899166E-2,9.921838760E0
6.734870400E1,3.403790295E-1,-1.854437590E-2,9.927821159E0
6.736881556E1,3.385843933E-1,-2.751746029E-2,9.934999466E0
6.738892712E1,3.433700502E-1,-1.674975827E-2,9.929615974E0
6.740903863E1,3.349951804E-1,-1.794617064E-2,9.937392235E0
6.742915020E1,3.379862010E-1,-1.734796353E-2,9.919445992E0
6.744926176E1,3.361915946E-1,-2.751746029E-2,9.929615974E0
6.746937327E1,3.421736360E-1,-2.333002165E-2,9.934999466E0
6.748948483E1,3.343969584E-1,-1.734796353E-2,9.931410789E0
6.750959634E1,3.379862010E-1,-2.333002165E-2,9.929615974E0
6.752970790E1,3.397808075E-1,-2.153540403E-2,9.930213928E0
6.754981952E1,3.403790295E-1,-1.555334684E-2,9.932606697E0
6.756993098E1,3.361915946E-1,-2.093719877E-2,9.929615974E0
6.759004254E1,3.391826153E-1,-2.273181453E-2,9.929615974E0
6.761015410E1,3.385843933E-1,-1.854437590E-2,9.930213928E0
6.763026561E1,3.379862010E-1,-1.674975827E-2,9.927223206E0
6.765037718E1,3.373879790E-1,-1.974078640E-2,9.929018021E0
6.767048874E1,3.326023519E-1,-1.435693540E-2,9.936794281E0
6.769060025E1,3.361915946E-1,-1.914258115E-2,9.930811882E0
6.771071181E1,3.397808075E-1,-2.093719877E-2,9.933204651E0
6.773082337E1,3.326023519E-1,-1.974078640E-2,9.931410789E0
6.775093488E1,3.397808075E-1,-2.213360928E-2,9.930213928E0
6.777104645E1,3.349951804E-1,-1.555334684E-2,9.933204651E0
6.779115796E1,3.355933726E-1,-1.914258115E-2,9.931410789E0
6.781126952E1,3.475574851E-1,-1.734796353E-2,9.932606697E0
6.783138108E1,3.409772217E-1,-2.273181453E-2,9.924830437E0
6.785149259E1,3.343969584E-1,-2.033899166E-2,9.926624298E0
6.787160421E1,3.373879790E-1,-1.555334684E-2,9.927821159E0
6.789171566E1,3.332005441E-1,-2.093719877E-2,9.930213928E0
6.791182723E1,3.326023519E-1,-1.854437590E-2,9.929018021E0
6.793193879E1,3.403790295E-1,-1.794617064E-2,9.929615974E0
6.795205030E1,3.415754437E-1,-2.213360928E-2,9.927223206E0
6.797216191E1,3.391826153E-1,-2.153540403E-2,9.928419113E0
6.799227337E1,3.332005441E-1,-2.093719877E-2,9.927223206E0
6.801238494E1,3.397808075E-1,-2.392822690E-2,9.921240807E0
6.803249650E1,3.427718580E-1,-2.213360928E-2,9.937990189E0
6.805260801E1,3.409772217E-1,-2.033899166E-2,9.924231529E0
6.807271957E1,3.397808075E-1,-2.033899166E-2,9.924830437E0
6.809283113E1,3.391826153E-1,-2.273181453E-2,9.926026344E0
6.811294264E1,3.451646566E-1,-2.392822690E-2,9.933803558E0
6.813305426E1,3.427718580E-1,-1.615155302E-2,9.926026344E0
6.815316577E1,3.361915946E-1,-1.974078640E-2,9.927223206E0
6.817327728E1,3.427718580E-1,-2.333002165E-2,9.927821159E0
6.819338884E1,3.385843933E-1,-2.691925503E-2,9.930811882E0
6.821350035E1,3.403790295E-1,-1.974078640E-2,9.932008743E0
6.823361191E1,3.403790295E-1,-2.093719877E-2,9.926026344E0
6.825372348E1,3.409772217E-1,-2.213360928E-2,9.929018021E0
6.827383499E1,3.361915946E-1,-2.033899166E-2,9.923035622E0
6.829394660E1,3.379862010E-1,-2.632104978E-2,9.926624298E0
6.831405806E1,3.361915946E-1,-1.974078640E-2,9.926624298E0
6.833416962E1,3.355933726E-1,-1.316052489E-2,9.924830437E0
6.835428118E1,3.391826153E-1,-1.794617064E-2,9.923035622E0
6.837439270E1,3.391826153E-1,-2.572284266E-2,9.932606697E0
6.839450426E1,3.445664644E-1,-1.854437590E-2,9.929615974E0
6.841461577E1,3.415754437E-1,-2.392822690E-2,9.933803558E0
6.843472733E1,3.403790295E-1,-2.452643216E-2,9.930213928E0
6.845483889E1,3.409772217E-1,-2.213360928E-2,9.927821159E0
6.847495040E1,3.361915946E-1,-1.854437590E-2,9.932008743E0
6.849506197E1,3.403790295E-1,-2.512463741E-2,9.927821159E0
6.851517353E1,3.433700502E-1,-1.794617064E-2,9.933803558E0
6.853528504E1,3.361915946E-1,-2.153540403E-2,9.929018021E0
6.855539665E1,3.451646566E-1,-2.452643216E-2,9.928419113E0
6.857550811E1,3.349951804E-1,-2.153540403E-2,9.927223206E0
6.859561968E1,3.403790295E-1,-2.333002165E-2,9.931410789E0
6.861573124E1,3.385843933E-1,-2.452643216E-2,9.930213928E0
6.863584275E1,3.385843933E-1,-1.854437590E-2,9.928419113E0
6.865595431E1,3.379862010E-1,-2.093719877E-2,9.929018021E0
6.867606582E1,3.349951804E-1,-2.273181453E-2,9.925428391E0
6.869617738E1,3.361915946E-1,-2.033899166E-2,9.930213928E0
6.871628894E1,3.397808075E-1,-1.914258115E-2,9.930811882E0
6.873640046E1,3.421736360E-1,-1.914258115E-2,9.930811882E0
6.875651202E1,3.373879790E-1,-1.435693540E-2,9.930811882E0
6.877662358E1,3.349951804E-1,-1.794617064E-2,9.927821159E0
6.879673509E1,3.332005441E-1,-2.033899166E-2,9.930811882E0
6.881684665E1,3.391826153E-1,-2.273181453E-2,9.934401512E0
6.883695816E1,3.391826153E-1,-2.273181453E-2,9.934401512E0
6.885706973E1,3.367897868E-1,-1.495514158E-2,9.932606697E0
6.887718129E1,3.439682424E-1,-2.033899166E-2,9.932008743E0
6.889729280E1,3.397808075E-1,-2.153540403E-2,9.941579819E0
6.891740441E1,3.433700502E-1,-2.153540403E-2,9.932008743E0
6.893751587E1,3.415754437E-1,-2.392822690E-2,9.933204651E0
6.895762744E1,3.379862010E-1,-2.392822690E-2,9.927821159E0
6.897773900E1,3.308077157E-1,-2.751746029E-2,9.930811882E0
6.899785051E1,3.391826153E-1,-1.674975827E-2,9.927821159E0
6.901796212E1,3.373879790E-1,-1.974078640E-2,9.924231529E0
6.903807358E1,3.403790295E-1,-2.153540403E-2,9.933803558E0
6.905818514E1,3.355933726E-1,-1.734796353E-2,9.933204651E0
6.907829671E1,3.397808075E-1,-2.512463741E-2,9.927821159E0
6.909840822E1,3.308077157E-1,-2.273181453E-2,9.932606697E0
6.911851978E1,3.385843933E-1,-2.392822690E-2,9.927223206E0
6.913863129E1,3.349951804E-1,-2.213360928E-2,9.934401512E0
6.915874285E1,3.373879790E-1,-2.452643216E-2,9.932606697E0
6.917885441E1,3.343969584E-1,-2.213360928E-2,9.930811882E0
6.919896593E1,3.373879790E-1,-1.256231871E-2,9.932008743E0
6.921907754E1,3.379862010E-1,-2.452643216E-2,9.925428391E0
6.923918900E1,3.385843933E-1,-2.512463741E-2,9.930213928E0
6.925930056E1,3.451646566E-1,-2.033899166E-2,9.923035622E0
6.927941212E1,3.433700502E-1,-2.213360928E-2,9.924830437E0
6.929952363E1,3.409772217E-1,-2.033899166E-2,9.929615974E0
6.931963525E1,3.326023519E-1,-2.392822690E-2,9.929018021E0
6.933974671E1,3.385843933E-1,-1.794617064E-2,9.934401512E0
6.935985827E1,3.349951804E-1,-2.213360928E-2,9.921838760E0
6.937996983E1,3.320041299E-1,-1.914258115E-2,9.927223206E0
6.940008134E1,3.397808075E-1,-1.914258115E-2,9.927821159E0
6.942019296E1,3.403790295E-1,-2.213360928E-2,9.937990189E0
6.944030441E1,3.373879790E-1,-1.854437590E-2,9.929615974E0
6.946041598E1,3.379862010E-1,-2.093719877E-2,9.925428391E0
6.948052754E1,3.367897868E-1,-1.974078640E-2,9.927821159E0
6.950063905E1,3.403790295E-1,-1.615155302E-2,9.935597420E0
6.952075066E1,3.361915946E-1,-2.153540403E-2,9.929018021E0
6.954086212E1,3.415754437E-1,-2.452643216E-2,9.924231529E0
6.956097369E1,3.397808075E-1,-1.196411345E-2,9.926624298E0
6.958108525E1,3.409772217E-1,-1.674975827E-2,9.931410789E0
6.960119676E1,3.385843933E-1,-2.691925503E-2,9.931410789E0
6.962130837E1,3.397808075E-1,-2.093719877E-2,9.932008743E0
6.964141983E1,3.391826153E-1,-1.674975827E-2,9.927223206E0
6.966153139E1,3.433700502E-1,-2.871387079E-2,9.929615974E0
6.968164296E1,3.379862010E-1,-2.033899166E-2,9.939785004E0
6.970175447E1,3.409772217E-1,-1.555334684E-2,9.923633575E0
6.972186603E1,3.337987661E-1,-2.213360928E-2,9.927821159E0
6.974197754E1,3.349951804E-1,-2.033899166E-2,9.930213928E0
6.976208910E1,3.367897868E-1,-1.555334684E-2,9.932606697E0
6.978220061E1,3.439682424E-1,-2.452643216E-2,9.936196327E0
6.980231218E1,3.409772217E-1,-2.333002165E-2,9.923633575E0
6.982242374E1,3.403790295E-1,-1.914258115E-2,9.920642853E0
6.984253525E1,3.385843933E-1,-1.435693540E-2,9.927223206E0
6.986264681E1,3.415754437E-1,-2.093719877E-2,9.929018021E0
6.988275837E1,3.445664644E-1,-2.512463741E-2,9.931410789E0
6.990286988E1,3.343969584E-1,-2.333002165E-2,9.924830437E0
6.992298144E1,3.373879790E-1,-1.256231871E-2,9.934999466E0
6.994309296E1,3.308077157E-1,-2.632104978E-2,9.932606697E0
6.996320457E1,3.397808075E-1,-2.153540403E-2,9.925428391E0
6.998331603E1,3.415754437E-1,-2.333002165E-2,9.933204651E0
7.000342759E1,3.385843933E-1,-2.452643216E-2,9.931410789E0
7.002353915E1,3.337987661E-1,-2.632104978E-2,9.926624298E0
7.004365066E1,3.391826153E-1,-1.854437590E-2,9.929018021E0
7.006376228E1,3.379862010E-1,-1.914258115E-2,9.920642853E0
7.008387374E1,3.409772217E-1,-2.213360928E-2,9.931410789E0
7.010398530E1,3.385843933E-1,-1.794617064E-2,9.934401512E0
7.012409681E1,3.427718580E-1,-1.854437590E-2,9.926026344E0
7.014420837E1,3.379862010E-1,-1.734796353E-2,9.924830437E0
7.016431994E1,3.391826153E-1,-2.273181453E-2,9.927223206E0
7.018443144E1,3.337987661E-1,-1.615155302E-2,9.927821159E0
7.020454306E1,3.349951804E-1,-2.333002165E-2,9.927821159E0
7.022465452E1,3.343969584E-1,-2.093719877E-2,9.931410789E0
7.024476608E1,3.409772217E-1,-2.392822690E-2,9.927223206E0
7.026487764E1,3.367897868E-1,-1.435693540E-2,9.921838760E0
7.028498915E1,3.433700502E-1,-1.555334684E-2,9.936196327E0
7.030510077E1,3.439682424E-1,-1.854437590E-2,9.929615974E0
7.032521223E1,3.415754437E-1,-2.033899166E-2,9.929615974E0
7.034532379E1,3.367897868E-1,-2.273181453E-2,9.933204651E0
7.036543535E1,3.385843933E-1,-2.273181453E-2,9.933204651E0
7.038554686E1,3.463610709E-1,-2.213360928E-2,9.937990189E0
7.040565842E1,3.379862010E-1,-1.615155302E-2,9.923035622E0
7.042576994E1,3.385843933E-1,-1.555334684E-2,9.927223206E0
7.044588150E1,3.403790295E-1,-1.794617064E-2,9.931410789E0
7.046599301E1,3.385843933E-1,-1.555334684E-2,9.928419113E0
7.048610457E1,3.361915946E-1,-1.734796353E-2,9.925428391E0
7.050621613E1,3.385843933E-1,-2.093719877E-2,9.928419113E0
7.052632764E1,3.403790295E-1,-2.751746029E-2,9.927821159E0
7.054643921E1,3.391826153E-1,-1.435693540E-2,9.928419113E0
7.056655072E1,3.397808075E-1,-1.495514158E-2,9.931410789E0
7.058666228E1,3.349951804E-1,-1.615155302E-2,9.932606697E0
7.060677384E1,3.337987661E-1,-1.615155302E-2,9.937990189E0
7.062688535E1,3.326023519E-1,-2.632104978E-2,9.929615974E0
7.064699691E1,3.403790295E-1,-2.213360928E-2,9.927223206E0
7.066710843E1,3.427718580E-1,-2.512463741E-2,9.927223206E0
7.068722004E1,3.379862010E-1,-2.213360928E-2,9.928419113E0
7.070733150E1,3.403790295E-1,-1.854437590E-2,9.933803558E0
7.072744306E1,3.421736360E-1,-1.316052489E-2,9.927223206E0
7.074755462E1,3.415754437E-1,-1.615155302E-2,9.928419113E0
7.076766613E1,3.391826153E-1,-1.794617064E-2,9.927821159E0
7.078777770E1,3.367897868E-1,-2.213360928E-2,9.933204651E0
7.080788921E1,3.349951804E-1,-2.093719877E-2,9.931410789E0
7.082800082E1,3.367897868E-1,-2.333002165E-2,9.930213928E0
7.084811228E1,3.326023519E-1,-2.153540403E-2,9.929615974E0
7.086822384E1,3.391826153E-1,-1.196411345E-2,9.934999466E0
7.088833540E1,3.373879790E-1,-2.033899166E-2,9.933803558E0
7.090844691E1,3.427718580E-1,-2.691925503E-2,9.921240807E0
7.092855848E1,3.403790295E-1,-2.632104978E-2,9.928419113E0
7.094866999E1,3.397808075E-1,-1.974078640E-2,9.929615974E0
7.096878160E1,3.320041299E-1,-2.632104978E-2,9.930811882E0
7.098889306E1,3.361915946E-1,-1.974078640E-2,9.924830437E0
7.100900462E1,3.361915946E-1,-2.273181453E-2,9.927821159E0
7.102911618E1,3.433700502E-1,-1.555334684E-2,9.923633575E0
7.104922770E1,3.367897868E-1,-1.615155302E-2,9.929018021E0
7.106933931E1,3.355933726E-1,-1.375873014E-2,9.933204651E0
7.108945077E1,3.421736360E-1,-2.033899166E-2,9.936196327E0
7.110956233E1,3.415754437E-1,-2.811566554E-2,9.931410789E0
7.112967384E1,3.320041299E-1,-2.153540403E-2,9.929018021E0
7.114978540E1,3.355933726E-1,-2.093719877E-2,9.928419113E0
7.116989697E1,3.349951804E-1,-1.794617064E-2,9.933204651E0
7.119000848E1,3.445664644E-1,-1.375873014E-2,9.932606697E0
7.121012004E1,3.355933726E-1,-2.093719877E-2,9.926624298E0
7.123023155E1,3.391826153E-1,-1.854437590E-2,9.926624298E0
7.125034311E1,3.326023519E-1,-1.316052489E-2,9.930213928E0
7.127045462E1,3.397808075E-1,-1.914258115E-2,9.937392235E0
7.129056618E1,3.361915946E-1,-1.435693540E-2,9.927223206E0
7.131067775E1,3.379862010E-1,-2.273181453E-2,9.927223206E0
7.133078926E1,3.385843933E-1,-2.273181453E-2,9.931410789E0
7.135090082E1,3.391826153E-1,-1.914258115E-2,9.928419113E0
7.137101233E1,3.403790295E-1,-1.674975827E-2,9.930811882E0
7.139112394E1,3.415754437E-1,-2.093719877E-2,9.921838760E0
7.141123540E1,3.403790295E-1,-1.974078640E-2,9.930213928E0
7.143134697E1,3.463610709E-1,-2.392822690E-2,9.927223206E0
7.145145853E1,3.373879790E-1,-1.854437590E-2,9.929018021E0
7.147157004E1,3.385843933E-1,-2.333002165E-2,9.930811882E0
7.149168160E1,3.415754437E-1,-1.555334684E-2,9.932606697E0
7.151179311E1,3.439682424E-1,-1.794617064E-2,9.928419113E0
7.153190468E1,3.337987661E-1,-1.316052489E-2,9.925428391E0
7.155201618E1,3.361915946E-1,-2.153540403E-2,9.926026344E0
7.157212775E1,3.302095234E-1,-2.153540403E-2,9.929018021E0
7.159223931E1,3.349951804E-1,-1.794617064E-2,9.925428391E0
7.161235082E1,3.361915946E-1,-1.495514158E-2,9.928419113E0
7.163246238E1,3.355933726E-1,-1.974078640E-2,9.929018021E0
7.165257389E1,3.403790295E-1,-1.794617064E-2,9.929018021E0
7.167268546E1,3.367897868E-1,-2.033899166E-2,9.924231529E0
7.169279697E1,3.337987661E-1,-1.674975827E-2,9.930213928E0
7.171290858E1,3.397808075E-1,-2.033899166E-2,9.927223206E0
7.173302004E1,3.385843933E-1,-2.811566554E-2,9.928419113E0
7.175313160E1,3.415754437E-1,-2.572284266E-2,9.927821159E0
7.177324311E1,3.421736360E-1,-1.495514158E-2,9.933803558E0
7.179335468E1,3.367897868E-1,-2.333002165E-2,9.926624298E0
7.181346624E1,3.397808075E-1,-1.734796353E-2,9.931410789E0
7.183357775E1,3.337987661E-1,-2.632104978E-2,9.935597420E0
7.185368931E1,3.332005441E-1,-2.931207791E-2,9.926624298E0
7.187380082E1,3.415754437E-1,-2.033899166E-2,9.929615974E0
7.189391244E1,3.367897868E-1,-2.871387079E-2,9.935597420E0
7.191402389E1,3.391826153E-1,-2.392822690E-2,9.935597420E0
7.193413546E1,3.361915946E-1,-1.674975827E-2,9.927223206E0
7.195424697E1,3.332005441E-1,-1.794617064E-2,9.932606697E0
7.197435853E1,3.367897868E-1,-1.734796353E-2,9.929615974E0
7.199447009E1,3.439682424E-1,-2.033899166E-2,9.932008743E0
7.201458160E1,3.373879790E-1,-2.512463741E-2,9.924231529E0
7.203469316E1,3.337987661E-1,-2.153540403E-2,9.932606697E0
7.205480468E1,3.385843933E-1,-1.974078640E-2,9.926624298E0
7.207491624E1,3.403790295E-1,-1.914258115E-2,9.933204651E0
7.209502775E1,3.391826153E-1,-1.974078640E-2,9.926624298E0
7.211513931E1,3.415754437E-1,-1.674975827E-2,9.931410789E0
7.213525087E1,3.367897868E-1,-2.093719877E-2,9.930213928E0
7.215536238E1,3.445664644E-1,-2.392822690E-2,9.929018021E0
7.217547395E1,3.457628787E-1,-2.273181453E-2,9.932606697E0
7.219558546E1,3.415754437E-1,-2.153540403E-2,9.934999466E0
7.221569702E1,3.415754437E-1,-2.452643216E-2,9.930811882E0
7.223580853E1,3.385843933E-1,-2.632104978E-2,9.927821159E0
7.225592014E1,3.373879790E-1,-1.256231871E-2,9.928419113E0
7.227603160E1,3.355933726E-1,-1.375873014E-2,9.928419113E0
7.229614316E1,3.451646566E-1,-1.854437590E-2,9.929018021E0
7.231625473E1,3.403790295E-1,-1.914258115E-2,9.932008743E0
7.233636624E1,3.421736360E-1,-1.794617064E-2,9.926026344E0
7.235647780E1,3.391826153E-1,-1.316052489E-2,9.925428391E0
7.237658931E1,3.379862010E-1,-2.392822690E-2,9.934401512E0
7.239670087E1,3.397808075E-1,-2.033899166E-2,9.927821159E0
7.241681238E1,3.445664644E-1,-2.153540403E-2,9.933204651E0
7.243692394E1,3.409772217E-1,-2.572284266E-2,9.929615974E0
7.245703546E1,3.421736360E-1,-2.333002165E-2,9.930811882E0
7.247714702E1,3.421736360E-1,-1.734796353E-2,9.926624298E0
7.249725853E1,3.391826153E-1,-1.495514158E-2,9.931410789E0
7.251737009E1,3.403790295E-1,-2.452643216E-2,9.930811882E0
7.253748165E1,3.385843933E-1,-1.914258115E-2,9.933204651E0
7.255759316E1,3.308077157E-1,-1.734796353E-2,9.932008743E0
7.257770468E1,3.355933726E-1,-1.674975827E-2,9.924231529E0
7.259781624E1,3.379862010E-1,-1.435693540E-2,9.927821159E0
7.261792780E1,3.463610709E-1,-1.674975827E-2,9.926026344E0
7.263803931E1,3.397808075E-1,-1.914258115E-2,9.934401512E0
7.265815087E1,3.320041299E-1,-1.794617064E-2,9.926624298E0
7.267826238E1,3.463610709E-1,-2.452643216E-2,9.932606697E0
7.269837400E1,3.373879790E-1,-2.033899166E-2,9.932606697E0
7.271848546E1,3.397808075E-1,-1.615155302E-2,9.929018021E0
7.273859702E1,3.427718580E-1,-2.452643216E-2,9.934999466E0
7.275870858E1,3.427718580E-1,-1.555334684E-2,9.937990189E0
7.277882009E1,3.361915946E-1,-2.153540403E-2,9.934401512E0
7.279893165E1,3.332005441E-1,-1.196411345E-2,9.933803558E0
7.281904316E1,3.379862010E-1,-1.734796353E-2,9.925428391E0
7.283915473E1,3.391826153E-1,-1.974078640E-2,9.932008743E0
7.285926624E1,3.373879790E-1,-1.914258115E-2,9.934401512E0
7.287937785E1,3.385843933E-1,-1.914258115E-2,9.934999466E0
7.289948931E1,3.343969584E-1,-1.854437590E-2,9.926624298E0
7.291960092E1,3.427718580E-1,-1.555334684E-2,9.929615974E0
7.293971238E1,3.403790295E-1,-2.093719877E-2,9.928419113E0
7.295982395E1,3.379862010E-1,-2.093719877E-2,9.933204651E0
7.297993546E1,3.343969584E-1,-1.435693540E-2,9.933204651E0
7.300004702E1,3.439682424E-1,-2.333002165E-2,9.933204651E0
7.302015858E1,3.427718580E-1,-1.914258115E-2,9.928419113E0
7.304027009E1,3.427718580E-1,-1.854437590E-2,9.928419113E0
7.306038165E1,3.409772217E-1,-2.632104978E-2,9.930213928E0
7.308049316E1,3.361915946E-1,-2.273181453E-2,9.935597420E0
7.310060473E1,3.397808075E-1,-2.572284266E-2,9.929615974E0
7.312071624E1,3.415754437E-1,-2.213360928E-2,9.930811882E0
7.314082780E1,3.367897868E-1,-2.512463741E-2,9.930811882E0
7.316093931E1,3.361915946E-1,-2.452643216E-2,9.927223206E0
7.318105093E1,3.457628787E-1,-2.452643216E-2,9.937990189E0
7.320116238E1,3.391826153E-1,-2.572284266E-2,9.924830437E0
7.322127395E1,3.421736360E-1,-2.691925503E-2,9.923633575E0
7.324138551E1,3.284149170E-1,-1.734796353E-2,9.941579819E0
7.326149702E1,3.744767308E-1,-7.477571070E-2,9.931410789E0
7.328160858E1,5.569294691E-1,-4.151547253E-1,1.005284595E1
7.330172009E1,1.579262912E-1,3.517449200E-1,9.830911636E0
7.332183165E1,2.596212626E-1,5.324030295E-2,9.880562782E0
7.334194316E1,3.278166950E-1,-1.914258115E-2,9.934401512E0
7.336205473E1,3.044866920E-1,-1.854437590E-2,9.945169449E0
7.338216624E1,3.547359705E-1,-1.495514158E-2,9.934999466E0
7.340227780E1,6.765705943E-1,5.072783828E-1,9.984650612E0
7.342238931E1,6.370890141E-1,1.310070455E-1,9.863214493E0
7.344250092E1,3.517449200E-1,-1.794617064E-2,9.878170013E0
7.346261238E1,4.833501875E-1,3.421736360E-1,1.014796066E1
7.348272400E1,1.049252748E0,6.681957245E-1,1.047278690E1
7.350283546E1,9.266205430E-1,-1.492523074E0,1.147358418E1
7.352294702E1,1.455434322E0,-1.434497118E0,9.562317848E0
7.354305853E1,9.409775138E-1,7.543373108E-1,1.031067276E1
7.356317009E1,-1.974078655E0,1.131206870E0,1.071625614E1
7.358328165E1,-8.709874153E-1,8.865407705E-1,1.310249901E1
7.360339316E1,1.322034448E-1,1.732403636E0,1.460698605E1
7.362350473E1,2.715853751E-1,2.478964329E0,1.394596863E1
7.364361624E1,3.984049797E0,1.825125456E0,7.698906898E0
7.366372780E1,3.868596077E0,-1.300499082E0,2.225325108E0
7.368383931E1,8.979066849E0,-6.470192432E0,4.036093712E0
7.370395087E1,9.245268822E0,-4.543372154E0,3.936193228E0
7.372406238E1,6.962515831E0,-1.241276741E0,5.990431309E0
7.374417400E1,4.168296814E0,-1.259222865E0,6.145366669E0
7.376428546E1,2.303689957E0,-5.527420044E-1,7.870592117E0
7.378439702E1,3.719044685E0,1.842473447E-1,6.458228111E0
7.380450853E1,5.240281582E0,1.942373753E0,8.930013657E0
7.382462009E1,7.227520943E0,4.677968323E-1,9.090332985E0
7.384473160E1,5.734399319E0,1.716850251E-1,8.237890244E0
7.386484316E1,6.093322754E0,-5.413761139E-1,9.315258980E0
7.388495473E1,7.529016495E0,-5.437689424E-1,9.521639824E0
7.390506624E1,8.167900085E0,-1.170090318E0,8.069794655E0
7.392517780E1,7.532007694E0,-1.928615093E0,4.377668858E0
7.394528931E1,3.467798233E0,-1.533201098E0,4.320839405E0
7.396540087E1,2.406581402E0,-2.245065928E0,1.052662468E1
7.398551238E1,1.935793519E0,-1.098305583E0,1.819921112E1
7.400562395E1,2.444866419E0,-4.905286431E-1,1.676590919E1
7.402573546E1,2.461616278E0,-2.580060959E0,1.402732468E1
7.404584702E1,1.628315806E0,-2.081755638E0,1.122353458E1
7.406595853E1,1.349551916E0,-9.511470199E-1,7.433901787E0
7.408607009E1,2.578266263E-1,-6.933203340E-1,4.463212490E0
7.410618160E1,-2.038684845E0,-5.246263742E-1,1.807777524E0
7.412629316E1,-2.408375978E0,-1.066002488E0,3.489333630E0
7.414640468E1,-3.577867985E0,8.757730722E-1,1.117268753E1
7.416651624E1,-3.652045488E0,3.541377485E-1,1.264247799E1
7.418662775E1,-2.033899277E-1,-2.513660192E0,1.151366425E1
7.420673931E1,9.816554785E-1,-3.121437073E0,1.313300705E1
7.422685082E1,-3.218346536E-1,-3.193221807E0,1.422233963E1
7.424696238E1,-1.597807288E0,-3.626322746E0,1.354277802E1
7.426707394E1,-2.724228621E0,-3.875774384E0,1.107637596E1
7.428718546E1,-4.336991012E-1,-2.916850805E0,9.853643417E0
7.430729702E1,5.653043389E-1,1.105484009E0,1.033819008E1
7.432740853E1,-4.036691666E0,2.389233351E0,9.558130264E0
7.434752009E1,-8.847461939E-1,-6.065805554E-1,1.153579807E1
7.436763160E1,1.087537885E0,-2.465803623E0,1.199940777E1
7.438774316E1,1.077368379E0,-1.921436548E0,1.109192944E1
7.440785468E1,-1.027717352E0,-1.497308731E0,1.034357452E1
7.442796624E1,-3.268595695E0,-3.936193228E0,1.200000572E1
7.444807775E1,-4.171886444E0,-2.162513494E0,6.908677101E0
7.446818931E1,-5.128417015E0,5.144568533E-2,4.678566456E0
7.448830082E1,-3.558127165E0,1.661217093E0,4.896313190E0
7.450841238E1,-1.497308731E0,1.434497118E0,5.270790100E0
7.452852389E1,-1.001396298E0,9.888339639E-1,5.810371399E0
7.454863551E1,-7.250252366E-1,1.342373490E0,6.427121639E0
7.456874697E1,-2.309672117E0,2.583052158E0,9.914062500E0
7.458885858E1,-1.140778184E0,1.546361685E0,9.507881165E0
7.460897004E1,-2.141576260E-1,1.456032634E0,5.088337421E0
7.462908160E1,-1.698305845E0,2.293520451E0,3.142972469E0
7.464919311E1,-4.264009953E0,3.451048374E0,3.861417532E0
7.466930468E1,-3.853640795E0,4.275375843E0,7.028318405E0
7.468941618E1,-8.560323119E-1,3.833301783E0,9.312865257E0
7.470952775E1,-4.319044948E-1,4.999803066E0,1.050090218E1
7.472963926E1,1.198804140E0,5.036293507E0,1.019701385E1
7.474975082E1,7.100701332E-1,5.362913609E0,7.033103943E0
7.476986233E1,-2.021935225E0,6.564708710E0,6.013761520E0
7.478997389E1,-3.362514019E0,6.467201233E0,6.926623344E0
7.481008540E1,-1.762313843E0,5.398806095E0,8.609973907E0
7.483019697E1,-2.085943222E0,5.009374142E0,9.993025780E0
7.485030848E1,-2.835494757E0,5.816353798E0,9.943972588E0
7.487042004E1,4.803591371E-1,9.608977318E0,1.320299721E1
7.489053155E1,4.458426952E0,7.968697548E0,1.110329533E1
7.491064311E1,2.696112871E0,4.513461590E0,8.837292671E0
7.493075468E1,-7.250252366E-1,4.625924587E0,7.027719975E0
7.495086619E1,-1.249053478E0,5.230112076E0,9.848857880E0
7.497097775E1,-1.543370634E-1,2.393420935E0,1.426122284E1
7.499108926E1,-1.200598717E0,-3.876372576E-1,1.655294800E1
7.501120082E1,-3.733401537E0,-8.333004713E-1,1.522373581E1
7.503131233E1,-2.901895761E0,-1.395015597E0,1.405902958E1
7.505142384E1,-1.330409408E0,-2.015354872E0,1.284287739E1
7.507153540E1,2.135594189E-1,-8.470591903E-1,1.169432259E1
7.509164697E1,1.296311617E0,6.975077987E-1,1.074796104E1
7.511175848E1,1.386042476E0,1.767697692E0,9.827920914E0
7.513187004E1,7.268198729E-1,2.353939295E0,8.763114929E0
7.515198155E1,-4.893322289E-1,2.579462767E0,8.142775536E0
7.517209311E1,-1.633699656E0,2.871985435E0,8.127820015E0
7.519220462E1,-1.892124534E0,3.003590584E0,8.285148621E0
7.521231618E1,-1.192822099E0,3.093919754E0,8.355138779E0
7.523242770E1,-3.308077157E-1,3.189632654E0,8.349754333E0
7.525253926E1,-5.623133108E-2,3.610769272E0,7.553543091E0
7.527265077E1,-2.859423161E-1,4.068396568E0,6.774080753E0
7.529276233E1,-4.935196638E-1,4.307679176E0,7.044469833E0
7.531287384E1,-4.869394004E-1,4.256233215E0,7.432705402E0
7.533298540E1,-4.468596280E-1,4.089334011E0,7.386643410E0
7.535309691E1,-2.207378894E-1,4.132404804E0,7.621738434E0
7.537320848E1,-7.621139884E-1,4.146163464E0,8.462815285E0
7.539331999E1,-8.147560954E-1,3.397209883E0,9.308079720E0
7.541343155E1,-2.811566554E-2,3.400201082E0,9.812965393E0
7.543354306E1,-5.563312769E-2,3.838087559E0,9.614361763E0
7.545365462E1,-2.739782035E-1,3.729214191E0,8.994620323E0
7.547376613E1,-2.650051117E-1,3.471387386E0,9.165707588E0
7.549387770E1,-6.915257573E-1,3.366103172E0,9.754341125E0
7.551398921E1,-1.457229018E0,3.690928936E0,1.021496010E1
7.553410077E1,-1.368096352E0,4.112065792E0,1.061874866E1
7.555421228E1,-4.109672904E-1,4.546362877E0,1.060558796E1
7.557432384E1,5.443671346E-1,4.981856823E0,1.004387283E1
7.559443535E1,1.362114310E0,5.160720348E0,9.329615593E0
7.561454691E1,1.369890928E0,5.101497650E0,8.702097893E0
7.563465842E1,7.429714203E-1,4.761118889E0,8.501698494E0
7.565476999E1,2.847459018E-1,4.334598064E0,8.742775917E0
7.567488150E1,1.776670814E-1,4.098905087E0,8.461619377E0
7.569499306E1,4.959124923E-1,3.867399693E0,7.969295979E0
7.571510457E1,1.176670551E0,3.620340586E0,8.053643227E0
7.573521613E1,1.788634896E0,3.635295868E0,8.350353241E0
7.575532764E1,1.673181176E0,4.083950043E0,8.462217331E0
7.577543921E1,1.110269666E0,4.791627407E0,8.580661774E0
7.579555072E1,5.204389095E-1,5.385047436E0,8.838488579E0
7.581566228E1,2.937189937E-1,5.755934715E0,9.018548965E0
7.583577379E1,4.725824594E-1,5.671587944E0,8.864809990E0
7.585588530E1,7.286145091E-1,5.294120312E0,8.704490662E0
7.587599686E1,5.551348329E-1,5.049454212E0,8.732007980E0
7.589610837E1,3.164508045E-1,4.952544689E0,8.566305161E0
7.591621994E1,3.080759048E-1,4.963910580E0,8.224131584E0
7.593633145E1,6.969096065E-1,5.070391178E0,7.734200954E0
7.595644301E1,1.240080357E0,5.270191669E0,7.523632526E0
7.597655457E1,1.350150228E0,5.422734261E0,7.584051132E0
7.599666608E1,1.176670551E0,5.478965759E0,7.820342541E0
7.601677759E1,7.962117195E-1,5.394618511E0,8.026723862E0
7.603688915E1,5.641079545E-1,5.240281582E0,8.191828728E0
7.605700066E1,5.515456200E-1,5.128417015E0,8.308478355E0
7.607711223E1,6.783652306E-1,5.017150879E0,8.447261810E0
7.609722379E1,6.783652306E-1,4.977071285E0,8.452047348E0
7.611733530E1,6.741777658E-1,4.947759151E0,8.179265976E0
7.613744681E1,7.190431952E-1,4.948955536E0,8.061419487E0
7.615755837E1,7.220342159E-1,4.947160721E0,8.264809608E0
7.617766988E1,6.191428304E-1,4.970490932E0,8.440681458E0
7.619778144E1,4.366901219E-1,5.004588604E0,8.621339798E0
7.621789296E1,4.947160780E-1,5.052444935E0,8.818149567E0
7.623800457E1,6.472585201E-1,5.158327579E0,8.885746956E0
7.625811603E1,7.896314859E-1,5.137390137E0,8.830113411E0
7.627822759E1,1.066600680E0,5.115854740E0,8.827720642E0
7.629833910E1,1.174277663E0,5.145765305E0,8.762516975E0
7.631845066E1,9.559326172E-1,5.149354458E0,8.581858635E0
7.633856218E1,7.920243144E-1,5.114658356E0,8.472985268E0
7.635867379E1,8.506484628E-1,5.111667156E0,8.469395638E0
7.637878525E1,8.817551732E-1,5.131408215E0,8.397610664E0
7.639889681E1,8.775677085E-1,5.113461971E0,8.328219414E0
7.641900832E1,7.998009920E-1,5.143372059E0,8.261219978E0
7.643911988E1,6.436693072E-1,5.243870735E0,8.296514511E0
7.645923139E1,7.190431952E-1,5.259424210E0,8.376673698E0
7.647934301E1,9.984052777E-1,5.310869694E0,8.440083504E0
7.649945447E1,1.100698471E0,5.383851051E0,8.444869041E0
7.651956603E1,8.811569214E-1,5.422136307E0,8.334799767E0
7.653967754E1,6.987041831E-1,5.440082073E0,8.295317650E0
7.655978910E1,6.867401004E-1,5.496313572E0,8.264211655E0
7.657990061E1,8.273184299E-1,5.497509956E0,8.138587952E0
7.660001218E1,1.033699393E0,5.499304771E0,7.905287743E0
7.662012369E1,1.112064362E0,5.502893925E0,7.721638680E0
7.664023525E1,1.137188911E0,5.484947681E0,7.688138962E0
7.666034676E1,1.085743308E0,5.522036552E0,7.748558044E0
7.668045832E1,9.433703423E-1,5.554339409E0,7.803592682E0
7.670056983E1,8.590233326E-1,5.576473236E0,7.849056244E0
7.672068139E1,9.008977413E-1,5.584847927E0,7.909475327E0
7.674079290E1,1.028913736E0,5.599802971E0,7.987242222E0
7.676090447E1,1.057029366E0,5.621936798E0,8.099106789E0
7.678101598E1,1.025324464E0,5.587240696E0,8.145766258E0
7.680112754E1,1.001994491E0,5.541777134E0,8.191828728E0
7.682123905E1,1.008574724E0,5.481956482E0,8.230711937E0
7.684135061E1,9.068797827E-1,5.450850010E0,8.289934158E0
7.686146212E1,7.513462901E-1,5.392225742E0,8.329415321E0
7.688157363E1,7.148557901E-1,5.364109993E0,8.334799767E0
7.690168520E1,8.656035662E-1,5.383851051E0,8.352147102E0
7.692179671E1,1.097707391E0,5.353342533E0,8.351549149E0
7.694190832E1,1.203589797E0,5.338985443E0,8.316255569E0
7.696201978E1,1.057029366E0,5.385645390E0,8.167900085E0
7.698213134E1,8.967102766E-1,5.405984402E0,8.024331093E0
7.700224285E1,6.879364848E-1,5.468197823E0,8.091927528E0
7.702235447E1,5.491527915E-1,5.494519234E0,8.289934158E0
7.704246592E1,7.980063558E-1,5.490331650E0,8.504690170E0
7.706257749E1,9.816554785E-1,5.455037594E0,8.611170769E0
7.708268900E1,9.409775138E-1,5.388038158E0,8.508278847E0
7.710280056E1,8.243274093E-1,5.345565796E0,8.282755852E0
7.712291207E1,6.394818425E-1,5.321637630E0,8.096115112E0
7.714302363E1,6.400800347E-1,5.316852093E0,8.024331093E0
7.716313514E1,7.896314859E-1,5.356931686E0,8.160123825E0
7.718324671E1,9.170492887E-1,5.356333256E0,8.353941917E0
7.720335822E1,9.248259664E-1,5.358128071E0,8.443074226E0
7.722346978E1,8.464609981E-1,5.373681545E0,8.410771370E0
7.724358129E1,7.280163169E-1,5.406582832E0,8.298309326E0
7.726369285E1,6.125625968E-1,5.459224701E0,8.152944565E0
7.728380436E1,7.100701332E-1,5.483152866E0,8.045866013E0
7.730391587E1,8.644071817E-1,5.515456200E0,8.024929047E0
7.732402744E1,8.626125455E-1,5.501099110E0,8.002197266E0
7.734413895E1,8.745766878E-1,5.484947681E0,8.018946648E0
7.736425051E1,8.685946465E-1,5.471786976E0,8.076375008E0
7.738436202E1,7.651050687E-1,5.408377171E0,8.113463402E0
7.740447363E1,7.998009920E-1,5.401797295E0,8.150551796E0
7.742458509E1,8.662018180E-1,5.447260857E0,8.196015358E0
7.744469665E1,8.087740541E-1,5.400002480E0,8.192426682E0
7.746480816E1,7.722834945E-1,5.365306377E0,8.271389961E0
7.748491973E1,7.022934556E-1,5.373083115E0,8.384450912E0
7.750503124E1,6.879364848E-1,5.347958565E0,8.464610100E0
7.752514280E1,7.710871100E-1,5.352146149E0,8.478966713E0
7.754525431E1,8.147560954E-1,5.381458282E0,8.451449394E0
7.756536587E1,7.304090858E-1,5.398806095E0,8.392227173E0
7.758547738E1,6.275177598E-1,5.435894966E0,8.332406998E0
7.760558895E1,5.808576941E-1,5.463412285E0,8.256434441E0
7.762570046E1,7.004988194E-1,5.445466042E0,8.160123825E0
7.764581197E1,8.285148144E-1,5.429314613E0,8.066205025E0
7.766592353E1,7.489534616E-1,5.428118229E0,7.919644833E0
7.768603504E1,6.580262184E-1,5.443671703E0,7.803592682E0
7.770614660E1,8.309076428E-1,5.464010715E0,7.810173035E0
7.772625811E1,1.109073281E0,5.451447964E0,7.956733704E0
7.774636973E1,1.124028444E0,5.437091351E0,8.097909927E0
7.776648118E1,8.817551732E-1,5.436492920E0,8.209774017E0
7.778659275E1,5.066801906E-1,5.449653625E0,8.246265411E0
7.780670426E1,2.979064286E-1,5.379663467E0,8.215756416E0
7.782681582E1,3.284149170E-1,5.339583874E0,8.251050949E0
7.784692733E1,6.221339107E-1,5.356931686E0,8.322834969E0
7.786703889E1,9.272187948E-1,5.337191105E0,8.397012711E0
7.788715040E1,1.039083242E0,5.306682587E0,8.529216766E0
7.790726197E1,8.003991842E-1,5.297709465E0,8.647661209E0
7.792737348E1,5.976074338E-1,5.315057278E0,8.611768723E0
7.794748504E1,5.946164131E-1,5.339583874E0,8.490332603E0
7.796759655E1,7.034898400E-1,5.362913609E0,8.335397720E0
7.798770806E1,8.003991842E-1,5.383851051E0,8.206185341E0
7.800781962E1,7.088736892E-1,5.379663467E0,8.199007034E0
7.802793113E1,6.532405615E-1,5.335994720E0,8.264809608E0
7.804804275E1,7.465606928E-1,5.341378212E0,8.260024071E0
7.806815421E1,7.489534616E-1,5.351547718E0,8.167302132E0
7.808826582E1,6.999006271E-1,5.343173027E0,8.150551796E0
7.810837728E1,7.118647099E-1,5.345565796E0,8.229515076E0
7.812848884E1,8.494520187E-1,5.355735302E0,8.344968796E0
7.814860035E1,8.817551732E-1,5.379065514E0,8.440083504E0
7.816871191E1,7.764709592E-1,5.380261898E0,8.441878319E0
7.818882343E1,7.262216806E-1,5.388038158E0,8.406583786E0
7.820893499E1,7.082754970E-1,5.388636589E0,8.337192535E0
7.822904650E1,7.615157962E-1,5.377869129E0,8.204988480E0
7.824915801E1,7.459624410E-1,5.392225742E0,8.120043755E0
7.826926957E1,6.891329288E-1,5.359324455E0,8.232506752E0
7.828938108E1,6.514459848E-1,5.362913609E0,8.382656097E0
7.830949264E1,6.287141442E-1,5.316852093E0,8.318648338E0
7.832960415E1,6.197410822E-1,5.292325497E0,8.123034477E0
7.834971577E1,6.077769399E-1,5.343770981E0,8.057829857E0
7.836982723E1,5.910272002E-1,5.368896008E0,8.014161110E0
7.838993879E1,5.760720372E-1,5.404788017E0,8.135597229E0
7.841005030E1,6.017948985E-1,5.456233978E0,8.344968796E0
7.843016186E1,7.770691514E-1,5.437689304E0,8.401798248E0
7.845027337E1,9.493523836E-1,5.432305813E0,8.489136696E0
7.847038494E1,7.800601721E-1,5.416752338E0,8.452047348E0
7.849049644E1,6.293123364E-1,5.362315655E0,8.235497475E0
7.851060801E1,7.268198729E-1,5.335396290E0,8.152346611E0
7.853071952E1,6.987041831E-1,5.355136871E0,8.197212219E0
7.855083103E1,6.143572330E-1,5.349753380E0,8.224729538E0
7.857094259E1,4.983053207E-1,5.376074314E0,8.202595711E0
7.859105410E1,4.893322289E-1,5.375475883E0,8.212765694E0
7.861116566E1,5.784648657E-1,5.362315655E0,8.227122307E0
7.863127718E1,6.137589812E-1,5.357530117E0,8.187042236E0
7.865138874E1,5.455635786E-1,5.353940487E0,8.227122307E0
7.867150025E1,4.803591371E-1,5.337789059E0,8.382058144E0
7.869161181E1,5.419743061E-1,5.289932728E0,8.473583221E0
7.871172332E1,5.682953596E-1,5.273781300E0,8.418548584E0
7.873183488E1,4.953143001E-1,5.267200947E0,8.398209572E0
7.875194639E1,5.676971674E-1,5.284548759E0,8.384450912E0
7.877205796E1,7.214360237E-1,5.333003521E0,8.262416840E0
7.879216947E1,7.064808607E-1,5.388038158E0,8.200202942E0
7.881228098E1,5.389832854E-1,5.390431404E0,8.259425163E0
7.883239259E1,4.348955154E-1,5.346164227E0,8.349156380E0
7.885250405E1,4.247260094E-1,5.325226784E0,8.355736732E0
7.887261561E1,5.449653864E-1,5.340181828E0,8.325826645E0
7.889272712E1,5.676971674E-1,5.335396290E0,8.285746574E0
7.891283869E1,5.276173949E-1,5.308476925E0,8.312665939E0
7.893295020E1,5.312066078E-1,5.308476925E0,8.359326363E0
7.895306176E1,5.623133183E-1,5.327021599E0,8.362317085E0
7.897317327E1,6.095715761E-1,5.333601475E0,8.291728973E0
7.899328478E1,6.131607890E-1,5.305486202E0,8.208578110E0
7.901339634E1,5.826523304E-1,5.321039200E0,8.185846329E0
7.903350785E1,4.941178858E-1,5.346762180E0,8.216354370E0
7.905361947E1,3.930211067E-1,5.349154949E0,8.301300049E0
7.907373092E1,4.247260094E-1,5.330012321E0,8.294121742E0
7.909384249E1,4.103690982E-1,5.318048477E0,8.254639626E0
7.911395400E1,4.133601189E-1,5.322235584E0,8.215756416E0
7.913406556E1,4.887340367E-1,5.342574596E0,8.161917686E0
7.915417707E1,5.670989752E-1,5.363512039E0,8.171489716E0
7.917428863E1,6.035895348E-1,5.340780258E0,8.250452042E0
7.919440014E1,6.592226624E-1,5.343173027E0,8.405387878E0
7.921451171E1,6.370890141E-1,5.400600910E0,8.493324280E0
7.923462322E1,5.850451589E-1,5.394618511E0,8.437092781E0
7.925473473E1,6.101697683E-1,5.344967365E0,8.455636978E0
7.927484629E1,7.866404653E-1,5.304887772E0,8.441878319E0
7.929495780E1,6.508477330E-1,5.290530682E0,8.257032394E0
7.931506936E1,3.990031779E-1,5.304289818E0,8.208578110E0
7.933518087E1,3.314059377E-1,5.316852093E0,8.230113029E0
7.935529244E1,5.455635786E-1,5.333601475E0,8.288139343E0
7.937540394E1,6.424728632E-1,5.353342533E0,8.274978638E0
7.939551551E1,5.240281820E-1,5.331208706E0,8.234300613E0
7.941562702E1,3.631108403E-1,5.311468124E0,8.279764175E0
7.943573858E1,3.744767308E-1,5.263013363E0,8.346165657E0
7.945585014E1,5.641079545E-1,5.270191669E0,8.313263893E0
7.947596160E1,6.526423693E-1,5.288137913E0,8.252246857E0
7.949607316E1,5.359922647E-1,5.288137913E0,8.243872643E0
7.951618468E1,4.414757788E-1,5.285745144E0,8.245666504E0
7.953629624E1,4.492524564E-1,5.307878971E0,8.209774017E0
7.955640775E1,5.952146053E-1,5.341378212E0,8.206185341E0
7.957651931E1,7.459624410E-1,5.362913609E0,8.316853523E0
7.959663082E1,7.052844763E-1,5.378467083E0,8.415556908E0
7.961674238E1,6.149554253E-1,5.361717224E0,8.397610664E0
7.963685389E1,6.143572330E-1,5.310869694E0,8.348558426E0
7.965696540E1,7.142575383E-1,5.298905849E0,8.369495392E0
7.967707697E1,8.685946465E-1,5.283352375E0,8.417949677E0
7.969718848E1,7.316055298E-1,5.286343575E0,8.499305725E0
7.971730004E1,5.688936114E-1,5.250451088E0,8.549555779E0
7.973741155E1,5.437689424E-1,5.291727066E0,8.408378601E0
7.975752311E1,6.023930907E-1,5.316253662E0,8.190033913E0
7.977763462E1,5.587241054E-1,5.316852093E0,8.194221497E0
7.979774613E1,4.839483798E-1,5.260620594E0,8.366504669E0
7.981785770E1,5.503492355E-1,5.221138954E0,8.491529465E0
7.983796921E1,5.024927258E-1,5.204389095E0,8.471788406E0
7.985808082E1,4.079762697E-1,5.197809219E0,8.410173416E0
7.987819228E1,4.803591371E-1,5.208576679E0,8.337192535E0
7.989830384E1,5.174478889E-1,5.184050083E0,8.172087669E0
7.991841535E1,3.990031779E-1,5.191228867E0,8.148159027E0
7.993852691E1,3.912265003E-1,5.203192711E0,8.338388443E0
7.995863842E1,5.240281820E-1,5.224130154E0,8.488538742E0
7.997874994E1,5.282155871E-1,5.224130154E0,8.444271088E0
7.999886155E1,5.455635786E-1,5.252843857E0,8.352746010E0
8.001897301E1,6.490531564E-1,5.284548759E0,8.242077827E0
8.003908457E1,6.550351977E-1,5.323431969E0,8.177471161E0
8.005919608E1,6.197410822E-1,5.335994720E0,8.256434441E0
8.007930764E1,6.687939167E-1,5.305486202E0,8.428119659E0
8.009941915E1,6.664010882E-1,5.267200947E0,8.481359482E0
8.011953072E1,5.724828243E-1,5.213960648E0,8.455039024E0
8.013964223E1,5.706881881E-1,5.197809219E0,8.389236450E0
8.015975374E1,6.323033571E-1,5.188237667E0,8.414958954E0
8.017986530E1,6.161518097E-1,5.185844898E0,8.503493309E0
8.019997681E1,5.449653864E-1,5.190032482E0,8.474181175E0
8.022008837E1,5.174478889E-1,5.182853699E0,8.311469078E0
8.024019988E1,4.049852192E-1,5.200799942E0,8.261219978E0
8.026031144E1,4.390829504E-1,5.213362217E0,8.337192535E0
8.028042296E1,6.263213158E-1,5.212165833E0,8.489136696E0
8.030053452E1,6.897311211E-1,5.234299660E0,8.550153732E0
8.032064603E1,5.880361795E-1,5.228317261E0,8.511868477E0
8.034075754E1,4.671986103E-1,5.214558601E0,8.334200859E0
8.036086910E1,4.223332107E-1,5.209773064E0,8.176275253E0
8.038098061E1,4.534398913E-1,5.201996326E0,8.120641708E0
8.040109218E1,6.490531564E-1,5.184050083E0,8.270791054E0
8.042120369E1,7.339983582E-1,5.182255745E0,8.514859200E0
8.044131525E1,5.814558864E-1,5.194219589E0,8.685347557E0
8.046142676E1,4.588237405E-1,5.223531723E0,8.666803360E0
8.048153827E1,4.911268353E-1,5.232504845E0,8.513064384E0
8.050164983E1,6.149554253E-1,5.191228867E0,8.405985832E0
8.052176134E1,6.275177598E-1,5.219942570E0,8.270791054E0
8.054187290E1,5.168496966E-1,5.243870735E0,8.205587387E0
8.056198441E1,5.443671346E-1,5.208576679E0,8.281558990E0
8.058209598E1,5.880361795E-1,5.177470207E0,8.392825127E0
8.060220749E1,5.766702294E-1,5.209773064E0,8.401200294E0
8.062231900E1,5.820540786E-1,5.207380295E0,8.348558426E0
8.064243056E1,4.540380836E-1,5.200799942E0,8.319246292E0
8.066254207E1,4.342973232E-1,5.136792183E0,8.432905197E0
8.068265363E1,4.743770957E-1,5.105685234E0,8.485547066E0
8.070276514E1,3.978067636E-1,5.103890896E0,8.497511864E0
8.072287671E1,2.733799815E-1,5.111667156E0,8.461020470E0
8.074298822E1,4.085744619E-1,5.128417015E0,8.361120224E0
8.076309973E1,5.880361795E-1,5.190630436E0,8.256434441E0
8.078321129E1,5.976074338E-1,5.248656273E0,8.324031830E0
8.080332280E1,5.228317380E-1,5.356931686E0,8.489734650E0
8.082343436E1,7.477570772E-1,5.377270699E0,8.580063820E0
8.084354587E1,8.644071817E-1,5.342574596E0,8.571090698E0
8.086365744E1,7.854440212E-1,5.271388054E0,8.547162056E0
8.088376894E1,6.855437160E-1,5.234299660E0,8.467002869E0
8.090388046E1,6.969096065E-1,5.222335339E0,8.506484032E0
8.092399207E1,6.215356588E-1,5.236093998E0,8.498109818E0
8.094410353E1,5.641079545E-1,5.222335339E0,8.356334686E0
8.096421509E1,4.725824594E-1,5.197210789E0,8.353343964E0
8.098432660E1,3.535395563E-1,5.179862976E0,8.539385796E0
8.100443816E1,2.805584669E-1,5.222933769E0,8.615956306E0
8.102454968E1,1.615155339E-1,5.263013363E0,8.509475708E0
8.104466119E1,1.345962733E-1,5.357530117E0,8.472386360E0
8.106477275E1,5.246263742E-1,5.622535229E0,8.514261246E0
8.108488426E1,1.040877819E0,5.709873199E0,8.549555779E0
8.110499582E1,1.097109199E0,5.776273727E0,8.685347557E0
8.112510733E1,7.226324677E-1,6.049654007E0,9.288339615E0
8.114521889E1,6.317051649E-1,6.249454498E0,1.009711361E1
8.116533040E1,7.274180651E-1,6.661618233E0,1.052542877E1
8.118544191E1,8.829515576E-1,7.258627415E0,1.052542877E1
8.120555348E1,7.555337548E-1,7.867600918E0,9.921838760E0
8.122566499E1,8.578268886E-1,8.188837051E0,9.459425926E0
8.124577655E1,6.269195080E-1,8.278568268E0,9.327222824E0
8.126588806E1,-1.555334777E-1,8.194221497E0,9.453444481E0
8.128599957E1,-8.189435601E-1,7.798209190E0,9.883553505E0
8.130611118E1,-9.595218897E-1,7.408178806E0,1.050568771E1
8.132622264E1,-1.791027784E0,8.410771370E0,1.067797089E1
8.134633421E1,-1.875972986E0,8.646464348E0,1.112483025E1
8.136644572E1,-3.984049559E-1,7.645068169E0,1.051884842E1
8.138655728E1,-5.569294691E-1,7.384250641E0,6.469594002E0
8.140666879E1,-1.132403374E0,7.230511665E0,4.182653904E0
8.142678030E1,-1.047458172E0,6.839883327E0,5.384449005E0
8.144689186E1,-1.411167145E0,6.295516491E0,7.185048103E0
8.146700337E1,-2.162513494E0,5.892923832E0,7.230511665E0
8.148711494E1,-1.466202021E0,5.193621635E0,5.227120876E0
8.150722644E1,1.585244983E-1,4.585844517E0,3.358924866E0
8.152733801E1,1.583450437E0,3.933202267E0,3.746562004E0
8.154744957E1,2.647658348E0,3.394817114E0,5.739783287E0
8.156756103E1,2.522633314E0,3.255435228E0,6.123831272E0
8.158767259E1,8.482556343E-1,3.830310822E0,4.265206337E0
8.160778410E1,-2.626122832E-1,4.239483356E0,3.392424345E0
8.162789566E1,-5.694918036E-1,4.634897232E0,3.463610888E0
8.164800718E1,-3.230310604E-2,4.995017052E0,3.857828379E0
8.166811869E1,6.275177598E-1,5.370092392E0,3.956532240E0
8.168823030E1,9.888339639E-1,6.913462639E0,3.246462107E0
8.170834176E1,-4.290929317E0,1.591406536E1,2.505285263E0
8.172845332E1,-3.894917011E0,7.557730198E0,1.878963947E0
8.174856483E1,-2.295315027E0,4.640281200E0,3.844069481E0
8.176867634E1,-1.339980721E0,9.474979401E0,5.284548759E0
8.178878790E1,2.520240545E0,1.051705360E1,5.380859852E0
8.180889941E1,4.484747887E0,9.345169067E0,4.271786690E0
8.182901098E1,2.644068956E0,9.521639824E0,4.087539196E0
8.184912249E1,1.848455518E-1,9.554540634E0,4.896911621E0
8.186923405E1,-8.626125455E-1,9.080163956E0,4.985445976E0
8.188934556E1,-1.182054400E0,8.687142372E0,4.057629108E0
8.190945707E1,-1.208973646E0,8.349156380E0,3.218944550E0
8.192956868E1,-1.256231904E0,8.434700012E0,2.635694027E0
8.194968014E1,-1.524227977E0,8.560322762E0,2.237887383E0
8.196979171E1,-1.458425403E0,8.531010628E0,3.050848961E0
8.198990322E1,-8.781659007E-1,8.553144455E0,4.207180500E0
8.201001478E1,-4.606183618E-2,8.713463783E0,4.874179840E0
8.203012634E1,7.351947427E-1,8.742177963E0,4.721039295E0
8.205023780E1,1.004387259E0,8.626724243E0,4.342374802E0
8.207034936E1,3.619144261E-1,8.626125336E0,3.921836376E0
8.209046087E1,-4.372883439E-1,8.641678810E0,4.068396568E0
8.211057244E1,-6.957131624E-1,8.645268440E0,4.813162804E0
8.213068394E1,-5.742774606E-1,8.581260681E0,5.317450047E0
8.215079546E1,-2.291127741E-1,8.668598175E0,5.207978249E0
8.217090702E1,2.847459018E-1,8.794221878E0,4.847260475E0
8.219101853E1,5.401797295E-1,8.845068932E0,4.852644444E0
8.221113004E1,4.313062727E-1,8.826524734E0,4.886143684E0
8.223124160E1,2.416750938E-1,8.854042053E0,4.579264164E0
8.225135311E1,4.624129832E-1,8.845068932E0,4.137190342E0
8.227146468E1,6.167500615E-1,8.772686005E0,3.864408493E0
8.229157619E1,4.821537733E-1,8.759525299E0,3.888935089E0
8.231168775E1,2.482553422E-1,8.721838951E0,4.011567116E0
8.233179926E1,1.615155302E-2,8.633303642E0,3.838087559E0
8.235191077E1,-1.124626622E-1,8.642276764E0,3.454039574E0
8.237202233E1,-1.316052489E-2,8.650651932E0,3.138186932E0
8.239213384E1,1.381855011E-1,8.816953659E0,3.227319479E0
8.241224540E1,1.968096644E-1,9.008976936E0,3.634099483E0
8.243235691E1,4.564309120E-1,8.935996056E0,4.191627026E0
8.245246842E1,5.868397355E-1,8.980263710E0,4.508676052E0
8.247257999E1,2.877369225E-1,9.001200676E0,4.335196495E0
8.249269150E1,2.033899166E-2,8.938986778E0,4.112065792E0
8.251280306E1,-2.033899166E-2,8.835497856E0,4.055834293E0
8.253291457E1,2.673979402E-1,8.755337715E0,4.230510235E0
8.255302613E1,3.768695593E-1,8.706883430E0,4.493122578E0
8.257313764E1,1.094716340E-1,8.638688087E0,4.644468784E0
8.259324915E1,-2.662015259E-1,8.613563538E0,4.685744762E0
8.261336072E1,-4.905286431E-1,8.554939270E0,4.610969067E0
8.263347223E1,-4.049852192E-1,8.487341881E0,4.603790760E0
8.265358374E1,-1.046859920E-1,8.480163574E0,4.682754040E0
8.267369530E1,5.982056633E-2,8.617152214E0,4.643272400E0
8.269380681E1,1.232303679E-1,8.763114929E0,4.532604218E0
8.271391837E1,-9.272187948E-2,8.816354752E0,4.475176334E0
8.273402988E1,-1.387837082E-1,8.836095810E0,4.213162422E0
8.275414139E1,1.154536903E-1,8.890532494E0,3.946362734E0
8.277425296E1,2.111666054E-1,8.879166603E0,3.970290899E0
8.279436447E1,1.286142170E-1,8.844470978E0,4.088137627E0
8.281447603E1,-6.699903309E-2,8.857032776E0,4.132404804E0
8.283458754E1,7.597211748E-2,8.860024452E0,4.160520554E0
8.285469905E1,3.337987661E-1,8.883354187E0,4.090530396E0
8.287481061E1,3.625126183E-1,8.902496338E0,3.910470486E0
8.289492212E1,2.542374134E-1,8.949156761E0,3.781856298E0
8.291503369E1,1.764706671E-1,8.935996056E0,3.845864296E0
8.293514520E1,1.417747438E-1,8.891729355E0,3.912265062E0
8.295525676E1,-3.828516230E-2,8.863015175E0,3.730410576E0
8.297536827E1,-2.356930375E-1,8.834898949E0,3.534797192E0
8.299547978E1,-4.253242314E-1,8.779266357E0,3.582653761E0
8.301559134E1,-5.485545993E-1,8.715856552E0,3.784249067E0
8.303570285E1,-5.533402562E-1,8.718847275E0,3.920639992E0
8.305581436E1,-3.343969584E-1,8.743971825E0,3.821935892E0
8.307592592E1,-1.962114573E-1,8.689535141E0,3.829712629E0
8.309603744E1,-2.985046208E-1,8.732605934E0,3.899702787E0
8.311614900E1,-3.894318938E-1,8.682954788E0,4.205984116E0
8.313626051E1,-4.989035130E-1,8.626724243E0,4.574478626E0
8.315637202E1,-5.072783828E-1,8.595617294E0,4.861019135E0
8.317648363E1,-3.164508045E-1,8.599205971E0,4.934598446E0
8.319659509E1,-6.400800496E-2,8.709276199E0,4.876572609E0
8.321670665E1,1.130608693E-1,8.779864311E0,4.692325115E0
8.323681816E1,1.806581169E-1,8.815756798E0,4.466801643E0
8.325692968E1,2.075773627E-1,8.853444099E0,4.229912281E0
8.327704124E1,1.956132501E-1,8.831310272E0,4.058227062E0
8.329715275E1,6.161518395E-2,8.773283958E0,3.841078520E0
8.331726431E1,-1.501496136E-1,8.730812073E0,3.713660717E0
8.333737582E1,-2.464607358E-1,8.764310837E0,3.757329702E0
8.335748733E1,1.788634956E-1,8.826524734E0,3.618546009E0
8.337759889E1,1.645065546E-1,8.794819832E0,3.692723513E0
8.339771040E1,-3.529413342E-1,8.809176445E0,4.138985157E0
8.341782197E1,-6.388836503E-1,8.717651367E0,4.450650215E0
8.343793348E1,-6.628118753E-1,8.622536659E0,4.609772682E0
8.345804499E1,-5.503492355E-1,8.626125336E0,4.536193371E0
8.347815655E1,-2.231307179E-1,8.662017822E0,4.348955154E0
8.349826806E1,-8.973085321E-3,8.684749603E0,4.250849247E0
8.351837962E1,-1.076770201E-2,8.749356270E0,4.223930359E0
8.353849113E1,-5.204389244E-2,8.740981102E0,4.295116425E0
8.355860264E1,-5.503492057E-2,8.739784241E0,4.352544308E0
8.357871421E1,-8.793623000E-2,8.757730484E0,4.354339123E0
8.359882572E1,-2.033899166E-2,8.773283958E0,4.392624378E0
8.361893723E1,1.692921966E-1,8.801400185E0,4.392025948E0
8.363904879E1,2.757728100E-1,8.848658562E0,4.322035789E0
8.365916030E1,2.123630047E-1,8.851051331E0,4.249652863E0
8.367927186E1,2.871387079E-2,8.843872070E0,4.156930923E0
8.369938337E1,-4.007977992E-2,8.825327873E0,4.105485439E0
8.371949488E1,5.383851007E-3,8.812766075E0,4.075575352E0
8.373960650E1,6.460621208E-2,8.815158844E0,4.028914928E0
8.375971796E1,7.776673418E-3,8.796015739E0,4.032504559E0
8.377982952E1,-2.153540403E-2,8.782257080E0,4.071985722E0
8.379994103E1,-1.842473447E-1,8.761918068E0,4.215555191E0
8.382005254E1,-3.672982752E-1,8.715258598E0,4.393222332E0
8.384016410E1,-4.055834413E-1,8.648857117E0,4.406383038E0
8.386027561E1,-3.708875179E-1,8.623732567E0,4.331607342E0
8.388038723E1,-3.505485058E-1,8.660821915E0,4.213162422E0
8.390049868E1,-2.691925466E-1,8.692526817E0,4.110270977E0
8.392061025E1,-2.129612118E-1,8.727222443E0,4.016951084E0
8.394072176E1,-2.273181528E-1,8.744570732E0,3.916452408E0
8.396083332E1,-2.961117923E-1,8.754739761E0,3.890131474E0
8.398094483E1,-2.883351147E-1,8.748159409E0,3.962514400E0
8.400105639E1,-2.249253243E-1,8.738588333E0,3.954139471E0
8.402116790E1,-1.531406492E-1,8.714061737E0,4.024727821E0
8.404127947E1,-2.009970993E-1,8.727222443E0,4.122235298E0
8.406139098E1,-2.255235314E-1,8.725427628E0,4.170690060E0
8.408150249E1,-1.417747438E-1,8.716454506E0,4.251447678E0
8.410161410E1,-6.520441920E-2,8.714061737E0,4.234697819E0
8.412172561E1,-7.058826834E-2,8.689535141E0,4.267001152E0
8.414183712E1,-1.866401732E-1,8.686544418E0,4.411766529E0
8.416194863E1,-1.704886109E-1,8.701499939E0,4.549354076E0
8.418206020E1,0.000000000E0,8.712865829E0,4.568496704E0
8.420217171E1,9.571290575E-3,8.721240044E0,4.494318962E0
8.422228327E1,-5.623133108E-2,8.713463783E0,4.482355118E0
8.424239478E1,1.076770201E-2,8.741579056E0,4.452444553E0
8.426250634E1,1.298106313E-1,8.738588333E0,4.400999069E0
8.428261785E1,5.742774159E-2,8.753543854E0,4.350151539E0
8.430272941E1,-1.375873014E-2,8.763114929E0,4.387838364E0
8.432284098E1,3.230310604E-2,8.761320114E0,4.409972191E0
8.434295249E1,4.187439568E-3,8.748159409E0,4.325624943E0
8.436306405E1,-6.460621208E-2,8.728418350E0,4.161716938E0
8.438317556E1,-5.084748194E-2,8.736195564E0,4.096512318E0
8.440328712E1,-1.256231871E-2,8.780462265E0,3.926023722E0
8.442339863E1,1.268195957E-1,8.771489143E0,3.809971809E0
8.444351020E1,1.196411345E-2,8.705686569E0,4.249652863E0
8.446362171E1,-2.327020019E-1,8.633902550E0,4.718646049E0
8.448373327E1,-4.348955154E-1,8.559126854E0,4.959125042E0
8.450384478E1,-4.911268353E-1,8.565707207E0,4.825725079E0
8.452395634E1,-4.839483798E-1,8.563314438E0,4.590032101E0
8.454406785E1,-4.390829504E-1,8.583054543E0,4.378865242E0
8.456417941E1,-2.482553422E-1,8.649456024E0,4.217350006E0
8.458429092E1,-1.262213886E-1,8.698508263E0,4.246662140E0
8.460440249E1,-1.423729509E-1,8.703293800E0,4.367499352E0
8.462451400E1,-2.709871531E-1,8.650053978E0,4.529613495E0
8.464462556E1,-2.817548811E-1,8.619544983E0,4.588237286E0
8.466473707E1,-3.194418252E-1,8.617751122E0,4.464408875E0
8.468484863E1,-3.038884699E-1,8.604590416E0,4.310071945E0
8.470496020E1,-3.750749528E-1,8.635697365E0,4.235894203E0
8.472507171E1,-4.217349887E-1,8.638090134E0,4.344767570E0
8.474518327E1,-3.242274821E-1,8.629714966E0,4.440480709E0
8.476529478E1,-2.141576260E-1,8.621937752E0,4.499702930E0
8.478540634E1,-2.333002090E-1,8.637491226E0,4.566701889E0
8.480551785E1,-2.925225794E-1,8.605786324E0,4.635495663E0
8.482562941E1,-2.901297510E-1,8.615358353E0,4.526622295E0
8.484574092E1,-2.901297510E-1,8.622536659E0,4.471587181E0
8.486585249E1,-2.871387303E-1,8.612366676E0,4.447659016E0
8.488596400E1,-3.248256743E-1,8.606983185E0,4.484747887E0
8.490607556E1,-4.085744619E-1,8.587840080E0,4.543372154E0
8.492618707E1,-4.133601189E-1,8.571688652E0,4.601995945E0
8.494629863E1,-3.511467278E-1,8.556734085E0,4.552345276E0
8.496641020E1,-3.433700502E-1,8.593224525E0,4.507479668E0
8.498652171E1,-3.092723191E-1,8.621339798E0,4.540380955E0
8.500663327E1,-2.243271172E-1,8.589036942E0,4.583451748E0
8.502674478E1,-2.494517565E-1,8.617152214E0,4.567898273E0
8.504685634E1,-3.230310678E-1,8.630312920E0,4.530211449E0
8.506696785E1,-2.398804724E-1,8.627322197E0,4.464408875E0
8.508707941E1,-1.381855011E-1,8.653044701E0,4.409373760E0
8.510719093E1,-1.872383654E-1,8.640482903E0,4.311866283E0
8.512730254E1,-2.470589429E-1,8.658429146E0,4.342374802E0
8.514741400E1,-2.225325108E-1,8.649456024E0,4.421936035E0
8.516752556E1,-1.704886109E-1,8.651848793E0,4.503890514E0
8.518763707E1,-2.542374134E-1,8.625527382E0,4.547559261E0
8.520774863E1,-2.853440940E-1,8.600402832E0,4.606183529E0
8.522786020E1,-3.667000830E-1,8.566903114E0,4.610371113E0
8.524797171E1,-4.905286431E-1,8.547162056E0,4.585246563E0
8.526808327E1,-5.706881881E-1,8.572287560E0,4.687539577E0
8.528819478E1,-5.042873621E-1,8.544171333E0,4.650450706E0
8.530830639E1,-4.390829504E-1,8.553742409E0,4.511667252E0
8.532841785E1,-3.882354796E-1,8.563314438E0,4.366302967E0
8.534852941E1,-3.206382394E-1,8.589634895E0,4.347758770E0
8.536864098E1,-3.266202807E-1,8.634500504E0,4.520640373E0
8.538875249E1,-2.494517565E-1,8.638688087E0,4.718048096E0
8.540886405E1,-1.818545163E-1,8.622536659E0,4.719842434E0
8.542897556E1,-1.561316848E-1,8.621937752E0,4.491926193E0
8.544908718E1,-2.231307179E-1,8.640482903E0,4.363312244E0
8.546919863E1,-3.302095234E-1,8.629714966E0,4.371686935E0
8.548931025E1,-3.726821244E-1,8.578866959E0,4.551148891E0
8.550942176E1,-4.145565331E-1,8.590232849E0,4.738985062E0
8.552953327E1,-4.061816335E-1,8.571090698E0,4.846064091E0
8.554964483E1,-3.708875179E-1,8.598010063E0,4.814957142E0
8.556975634E1,-2.949153781E-1,8.630910873E0,4.596014023E0
8.558986796E1,-2.847459018E-1,8.641080856E0,4.330410957E0
8.560997941E1,-1.932204217E-1,8.659027100E0,4.267599106E0
8.563009098E1,-1.453639716E-1,8.648857117E0,4.334000111E0
8.565020254E1,-2.261217386E-1,8.615358353E0,4.452444553E0
8.567031405E1,-4.031906128E-1,8.621937752E0,4.590630054E0
8.569042561E1,-3.972085714E-1,8.621937752E0,4.586442947E0
8.571053712E1,-2.937189937E-1,8.639286041E0,4.472185612E0
8.573064874E1,-2.650051117E-1,8.650053978E0,4.432105541E0
8.575076020E1,-3.367897868E-1,8.638090134E0,4.475774765E0
8.577087176E1,-3.571287692E-1,8.626724243E0,4.481158733E0
8.579098332E1,-3.343969584E-1,8.615358353E0,4.442275047E0
8.581109483E1,-3.553341627E-1,8.604590416E0,4.475774765E0
8.583120639E1,-3.655036688E-1,8.606983185E0,4.497908592E0
8.585131790E1,-3.852444589E-1,8.607581139E0,4.521836758E0
8.587142952E1,-4.432703853E-1,8.639286041E0,4.531407833E0
8.589154098E1,-4.067798555E-1,8.636295319E0,4.469792843E0
8.591165254E1,-3.595215976E-1,8.629714966E0,4.438685894E0
8.593176410E1,-3.780659735E-1,8.627920151E0,4.360919476E0
8.595187561E1,-4.618147612E-1,8.625527382E0,4.368695736E0
8.597198718E1,-4.977070987E-1,8.604590416E0,4.462016106E0
8.599209868E1,-4.815555513E-1,8.599205971E0,4.496113777E0
8.601221025E1,-4.235295951E-1,8.609973907E0,4.462016106E0
8.603232176E1,-4.348955154E-1,8.611170769E0,4.326821327E0
8.605243332E1,-4.947160780E-1,8.587242126E0,4.282554150E0
8.607254488E1,-5.515456200E-1,8.595019341E0,4.359723091E0
8.609265639E1,-5.120640397E-1,8.571090698E0,4.469194412E0
8.611276796E1,-5.108676553E-1,8.564510345E0,4.454837322E0
8.613287947E1,-5.700899959E-1,8.561519623E0,4.435096741E0
8.615299103E1,-6.143572330E-1,8.592027664E0,4.429712772E0
8.617310254E1,-5.060819983E-1,8.623732567E0,4.457828522E0
8.619321410E1,-3.260220885E-1,8.629117012E0,4.504488468E0
8.621332566E1,-3.397808075E-1,8.625527382E0,4.488337040E0
8.623343718E1,-4.313062727E-1,8.630312920E0,4.426123619E0
8.625354874E1,-4.187439680E-1,8.632107735E0,4.390231133E0
8.627366025E1,-3.702892959E-1,8.628518105E0,4.402793884E0
8.629377181E1,-2.871387303E-1,8.668598175E0,4.383651257E0
8.631388332E1,-2.147558331E-1,8.662017822E0,4.443471432E0
8.633399488E1,-2.578266263E-1,8.660821915E0,4.506881237E0
8.635410650E1,-3.170489967E-1,8.645268440E0,4.488935471E0
8.637421796E1,-2.931207716E-1,8.666205406E0,4.381856441E0
8.639432952E1,-2.081755698E-1,8.676973343E0,4.353740692E0
8.641444108E1,-1.944168359E-1,8.668000221E0,4.470989227E0
8.643455259E1,-2.422732860E-1,8.638090134E0,4.560719967E0
8.645466415E1,-3.242274821E-1,8.653642654E0,4.579862595E0
8.647477566E1,-3.248256743E-1,8.642276764E0,4.598406792E0
8.649488723E1,-3.020938635E-1,8.625527382E0,4.525425911E0
8.651499879E1,-3.200400174E-1,8.639883995E0,4.485345840E0
8.653511030E1,-3.403790295E-1,8.630312920E0,4.538586140E0
8.655522191E1,-2.333002090E-1,8.614759445E0,4.594219685E0
8.657533337E1,-3.726821244E-1,8.626724243E0,4.423132420E0
8.659544494E1,-4.731806815E-1,8.621937752E0,4.280161381E0
8.661555650E1,-4.821537733E-1,8.609375954E0,4.481756687E0
8.663566801E1,-4.983053207E-1,8.601000786E0,4.685146809E0
8.665577957E1,-3.547359705E-1,8.615358353E0,4.715056896E0
8.667589113E1,-3.619144261E-1,8.630910873E0,4.611567497E0
8.669600264E1,-4.091726840E-1,8.640482903E0,4.535595417E0
8.671611421E1,-3.397808075E-1,8.663214684E0,4.759324074E0
8.673622577E1,-3.948157430E-1,8.670392990E0,4.723432064E0
8.675633728E1,-6.023930907E-1,8.665607452E0,4.402793884E0
8.677644889E1,-5.162515044E-1,8.685347557E0,4.194019794E0
8.679656040E1,-5.180460811E-1,8.712865829E0,4.418346882E0
8.681667191E1,-5.850451589E-1,8.724829674E0,4.632504463E0
8.683678353E1,-5.874379873E-1,8.736793518E0,4.530211449E0
8.685689504E1,-5.659025311E-1,8.730213165E0,4.299902439E0
8.687700655E1,-7.166503668E-1,8.754739761E0,4.207180500E0
8.689711811E1,-7.758727670E-1,8.766703606E0,4.143172264E0
8.691722968E1,-6.963114142E-1,8.778069496E0,4.091128349E0
8.693734119E1,-6.891329288E-1,8.788837433E0,4.138386726E0
8.695745275E1,-8.207381964E-1,8.804390907E0,4.127619267E0
8.697756431E1,-9.517452121E-1,8.772088051E0,4.027718544E0
8.699767582E1,-9.846464992E-1,8.839685440E0,3.969692707E0
8.701778738E1,-1.039681435E0,8.868398666E0,3.776472330E0
8.703789900E1,-1.091127157E0,8.873184204E0,3.606581926E0
8.705801051E1,-1.061216831E0,8.900103569E0,3.663411379E0
8.707812202E1,-9.631111026E-1,8.929415703E0,3.939782381E0
8.709823358E1,-8.835497499E-1,8.976674080E0,3.794418573E0
8.711834514E1,-9.296116233E-1,8.995817184E0,3.004786968E0
8.713845665E1,-9.954141974E-1,8.981459618E0,2.392224550E0
8.715856822E1,-9.678967595E-1,9.010771751E0,2.429911375E0
8.717867978E1,-8.057830334E-1,9.055039406E0,2.733799934E0
8.719879134E1,-6.424728632E-1,9.165707588E0,2.338385820E0
8.721890285E1,-4.085744619E-1,9.216554642E0,1.844866276E0
8.723901441E1,-3.954139352E-1,9.277571678E0,1.564307809E0
8.725912603E1,-5.665007830E-1,9.320642471E0,1.530808330E0
8.727923754E1,-3.529413342E-1,9.461818695E0,1.139581800E0
8.729934905E1,1.034895778E-1,9.546764374E0,7.411768436E-1
8.731946061E1,4.187439755E-2,9.585647583E0,5.581258535E-1
8.733957218E1,-2.356930375E-1,9.444471359E0,6.873382926E-1
8.735968379E1,-3.684946895E-1,9.488140106E0,1.041476011E0
8.737979525E1,-2.799602449E-1,9.436096191E0,1.036690354E0
8.739990681E1,-1.453639716E-1,9.397810936E0,9.122636318E-1
8.742001837E1,-5.802594870E-2,9.501898766E0,1.177268744E0
8.744012999E1,2.159522474E-1,9.579665184E0,1.482353687E0
8.746024150E1,3.816552162E-1,9.586843491E0,1.378265858E0
8.748035301E1,3.960121572E-1,9.578469276E0,1.098903775E0
8.750046457E1,3.206382394E-1,9.604191780E0,1.022333503E0
8.752057619E1,2.464607358E-1,9.639486313E0,9.631111026E-1
8.754068770E1,2.644068897E-1,9.610174179E0,1.000199914E0
8.756079921E1,2.961117923E-1,9.608379364E0,1.110867858E0
8.758091077E1,2.775674164E-1,9.591031075E0,1.260419369E0
8.760102233E1,2.775674164E-1,9.549755096E0,1.346560955E0
8.762113395E1,2.440679073E-1,9.507282257E0,1.475175142E0
8.764124546E1,2.069791555E-1,9.549157143E0,1.488335729E0
8.766135702E1,1.734796464E-1,9.518648148E0,1.454836130E0
8.768146853E1,1.405783296E-1,9.522237778E0,1.545165181E0
8.770158009E1,1.465603858E-1,9.510273933E0,1.637288928E0
8.772169171E1,1.495514214E-1,9.524630547E0,1.723430514E0
8.774180327E1,1.046859920E-1,9.558728218E0,1.646261930E0
8.776191478E1,1.112662554E-1,9.565308571E0,1.532004714E0
8.778202629E1,9.391828626E-2,9.555138588E0,1.392622828E0
8.780213785E1,7.178467698E-3,9.524032593E0,1.380060434E0
8.782224941E1,1.734796353E-2,9.521639824E0,1.509272933E0
8.784236103E1,3.589233849E-3,9.478569031E0,1.587039590E0
8.786247259E1,-1.046859920E-1,9.456435204E0,1.567298889E0
8.788258410E1,-2.464607358E-1,9.432506561E0,1.488933921E0
8.790269561E1,-2.913261652E-1,9.452845573E0,1.344168067E0
8.792280718E1,-2.045863420E-1,9.442676544E0,1.269392371E0
8.794291874E1,-1.489532143E-1,9.443872452E0,1.311864972E0
8.796303030E1,-1.082752272E-1,9.479166985E0,1.400399446E0
8.798314191E1,-8.614161611E-2,9.510871887E0,1.470987678E0
8.800325343E1,-1.118644550E-1,9.515657425E0,1.374078393E0
8.802336499E1,-1.495514214E-1,9.498309135E0,1.292124271E0
8.804347655E1,-1.112662554E-1,9.525827408E0,1.250848055E0
8.806358806E1,-8.973085321E-3,9.521639824E0,1.319641709E0
8.808369962E1,-1.076770201E-2,9.505488396E0,1.435095429E0
8.810381124E1,-1.435693540E-2,9.500701904E0,1.486541033E0
8.812392275E1,-4.187439755E-2,9.517452240E0,1.459023595E0
8.814403436E1,-5.922235921E-2,9.506086349E0,1.369292736E0
8.816414592E1,-1.322034448E-1,9.520442963E0,1.387837172E0
8.818425744E1,-9.870393574E-2,9.508479118E0,1.482951880E0
8.820436900E1,-2.751746029E-2,9.503693581E0,1.639681697E0
8.822448051E1,-1.794617064E-2,9.516854286E0,1.691725612E0
8.824459207E1,-5.503492057E-2,9.510273933E0,1.637887120E0
8.826470363E1,-1.764706671E-1,9.513264656E0,1.515853167E0
8.828481520E1,-2.709871531E-1,9.492925644E0,1.446461320E0
8.830492676E1,-2.536391914E-1,9.500103951E0,1.473380566E0
8.832503832E1,-6.759724021E-2,9.479764938E0,1.590030670E0
8.834514988E1,-4.307080805E-2,9.471988678E0,1.680957913E0
8.836526144E1,-1.501496136E-1,9.484550476E0,1.530210137E0
8.838537301E1,-2.943171859E-1,9.495916367E0,1.381256819E0
8.840548457E1,-3.834498227E-1,9.494720459E0,1.347757339E0
8.842559618E1,-3.511467278E-1,9.434899330E0,1.473380566E0
8.844570770E1,-2.650051117E-1,9.434899330E0,1.643270969E0
8.846581931E1,-3.427718580E-1,9.450452805E0,1.717448473E0
8.848593087E1,-3.523431420E-1,9.461220741E0,1.701296926E0
8.850604244E1,-3.415754437E-1,9.449854851E0,1.718046665E0
8.852615400E1,-3.116651475E-1,9.474381447E0,1.704287887E0
8.854626556E1,-1.878365725E-1,9.489336014E0,1.649851203E0
8.856637712E1,-2.051845491E-1,9.489934921E0,1.556531072E0
8.858648868E1,-3.080759048E-1,9.506086349E0,1.488933921E0
8.860660020E1,-2.931207716E-1,9.524630547E0,1.497308731E0
8.862671181E1,-2.398804724E-1,9.491728783E0,1.603789330E0
8.864682337E1,-2.213360965E-1,9.496515274E0,1.661815286E0
8.866693494E1,-1.920240223E-1,9.496515274E0,1.629512191E0
8.868704645E1,-2.410768867E-1,9.494720459E0,1.540977836E0
8.870715801E1,-2.787638307E-1,9.465408325E0,1.432702541E0
8.872726957E1,-2.793620527E-1,9.430712700E0,1.429113269E0
8.874738113E1,-3.092723191E-1,9.433703423E0,1.559522152E0
8.876749270E1,-2.907279432E-1,9.458827972E0,1.739582062E0
8.878760426E1,-2.913261652E-1,9.482157707E0,1.854437590E0
8.880771582E1,-3.613162339E-1,9.443274498E0,1.855035782E0
8.882782738E1,-4.103690982E-1,9.439086914E0,1.794616938E0
8.884793900E1,-4.043870270E-1,9.446864128E0,1.731805444E0
8.886805061E1,-4.504488707E-1,9.422337532E0,1.768894196E0
8.888816218E1,-5.222335458E-1,9.410971642E0,1.819741607E0
8.890827374E1,-5.180460811E-1,9.377471924E0,1.832303882E0
8.892838530E1,-4.707878530E-1,9.376873970E0,1.765304923E0
8.894849681E1,-5.066801906E-1,9.381659508E0,1.729412556E0
8.896860837E1,-5.557330847E-1,9.410971642E0,1.807179332E0
8.898871994E1,-5.946164131E-1,9.443872452E0,1.951346874E0
8.900883150E1,-4.348955154E-1,9.434899330E0,1.996212244E0
8.902894306E1,-3.044866920E-1,9.419346809E0,1.959721804E0
8.904905468E1,-3.110669553E-1,9.457033157E0,1.834696770E0
8.906916629E1,-3.038884699E-1,9.465408325E0,1.755733609E0
8.908927785E1,-4.408775866E-1,9.477970123E0,1.773081541E0
8.910938941E1,-4.588237405E-1,9.450452805E0,1.811366796E0
8.912950098E1,-3.696911037E-1,9.415757179E0,1.808973908E0
8.914961249E1,-4.707878530E-1,9.385847092E0,1.744367719E0
8.916972405E1,-6.317051649E-1,9.379864693E0,1.658824325E0
8.918983566E1,-7.453642488E-1,9.327222824E0,1.591825247E0
8.920994728E1,-7.393822074E-1,9.330213547E0,1.616351724E0
8.923005884E1,-5.599204898E-1,9.361918449E0,1.707877159E0
8.925017035E1,-4.049852192E-1,9.366106033E0,1.791027784E0
8.927028191E1,-4.869394004E-1,9.369695663E0,1.873580098E0
8.929039348E1,-5.670989752E-1,9.368498802E0,1.815554142E0
8.931050509E1,-5.814558864E-1,9.428917885E0,1.786840320E0
8.933061671E1,-3.888336718E-1,9.409774780E0,1.817947030E0
8.935072827E1,-2.679961324E-1,9.415757179E0,1.960918188E0
8.937083978E1,-2.464607358E-1,9.471988678E0,2.179861546E0
8.939095134E1,-1.710868180E-1,9.536594391E0,2.260020971E0
8.941106296E1,-8.673982322E-2,9.551549911E0,2.151147604E0
8.943117457E1,-5.802594870E-2,9.547960281E0,1.960918188E0
8.945128613E1,-1.184447184E-1,9.550353050E0,1.797608018E0
8.947139764E1,-1.758724600E-1,9.538389206E0,1.765304923E0
8.949150921E1,-2.069791555E-1,9.491728783E0,1.821536183E0
8.951162087E1,-2.315055877E-1,9.453444481E0,1.894517303E0
8.953173244E1,-3.469592929E-1,9.415757179E0,1.926222205E0
8.955184394E1,-4.911268353E-1,9.375079155E0,1.955534339E0
8.957195556E1,-4.923232496E-1,9.386445045E0,2.003988981E0
8.959206718E1,-4.043870270E-1,9.388239861E0,2.007578135E0
8.961217874E1,-4.528416991E-1,9.397810936E0,1.931606054E0
8.963229025E1,-4.941178858E-1,9.388239861E0,1.869990945E0
8.965240186E1,-5.246263742E-1,9.394820213E0,1.861616015E0
8.967251348E1,-4.767699242E-1,9.387042999E0,1.961516380E0
8.969262504E1,-3.625126183E-1,9.399605751E0,1.987239242E0
8.971273655E1,-3.080759048E-1,9.424730301E0,1.938784599E0
8.973284822E1,-3.367897868E-1,9.488738060E0,1.873580098E0
8.975295978E1,-2.715853751E-1,9.494720459E0,1.817348838E0
8.977307129E1,-1.992024779E-1,9.494720459E0,1.833500385E0
8.979318290E1,-2.027917206E-1,9.477372169E0,1.847259045E0
8.981329452E1,-2.697907388E-1,9.467801094E0,1.813161373E0
8.983340603E1,-3.379862010E-1,9.433105469E0,1.770090580E0
8.985351764E1,-4.235295951E-1,9.404989243E0,1.778465390E0
8.987362926E1,-4.959124923E-1,9.377471924E0,1.819741607E0
8.989374077E1,-4.935196638E-1,9.403194427E0,1.922034740E0
8.991385244E1,-4.486542344E-1,9.418747902E0,2.033899307E0
8.993396400E1,-4.007977843E-1,9.403194427E0,2.059622049E0
8.995407551E1,-4.833501875E-1,9.384650230E0,1.981855392E0
8.997418718E1,-5.653043389E-1,9.396016121E0,1.844268084E0
8.999429874E1,-5.491527915E-1,9.372088432E0,1.721037745E0
9.001441025E1,-4.947160780E-1,9.352347374E0,1.660618901E0
9.003452191E1,-4.725824594E-1,9.359525681E0,1.722832322E0
9.005463342E1,-4.839483798E-1,9.388837814E0,1.817348838E0
9.007474499E1,-5.096712112E-1,9.403793335E0,1.866401672E0
9.009485665E1,-4.612165689E-1,9.407382011E0,1.898704767E0
9.011496816E1,-3.990031779E-1,9.409176826E0,1.889133453E0
9.013507983E1,-4.097708762E-1,9.392427444E0,1.865205288E0
9.015519139E1,-4.432703853E-1,9.387042999E0,1.839482427E0
9.017530296E1,-4.366901219E-1,9.416355133E0,1.854437590E0
9.019541457E1,-4.157529473E-1,9.419944763E0,1.875972986E0
9.021552608E1,-3.852444589E-1,9.393025398E0,1.884347796E0
9.023563775E1,-3.816552162E-1,9.430113792E0,1.881955028E0
9.025574926E1,-2.991028428E-1,9.467203140E0,1.881955028E0
9.027586092E1,-1.573280841E-1,9.498309135E0,1.891526341E0
9.029597249E1,-1.064806059E-1,9.486345291E0,1.919641972E0
9.031608400E1,-2.374876440E-1,9.470193863E0,1.890329838E0
9.033619566E1,-3.260220885E-1,9.442676544E0,1.917249203E0
9.035630718E1,-3.302095234E-1,9.422935486E0,1.939980984E0
9.037641884E1,-2.757728100E-1,9.416953087E0,1.948953986E0
9.039653035E1,-2.620140910E-1,9.443872452E0,1.929811478E0
9.041664202E1,-2.440679073E-1,9.450452805E0,1.958525300E0
9.043675358E1,-3.032902777E-1,9.437292099E0,1.981257200E0
9.045686514E1,-3.583251834E-1,9.415159225E0,1.984846354E0
9.047697676E1,-3.744767308E-1,9.419346809E0,1.973480463E0
9.049708827E1,-3.487538993E-1,9.429515839E0,1.926820397E0
9.051719994E1,-2.488535494E-1,9.433703423E0,1.858624935E0
9.053731144E1,-2.075773627E-1,9.445069313E0,1.866401672E0
9.055742311E1,-2.470589429E-1,9.446265221E0,1.942373753E0
9.057753462E1,-2.763710022E-1,9.416355133E0,1.920240164E0
9.059764629E1,-2.596212626E-1,9.391230583E0,1.816152334E0
9.061775780E1,-2.985046208E-1,9.371489525E0,1.777867198E0
9.063786947E1,-4.037888348E-1,9.376275063E0,1.820937991E0
9.065798098E1,-4.073780477E-1,9.358927727E0,1.900499344E0
9.067809264E1,-2.859423161E-1,9.395418167E0,2.015953064E0
9.069820415E1,-2.823530734E-1,9.395418167E0,2.079362869E0
9.071831582E1,-2.428714931E-1,9.396016121E0,2.090130568E0
9.073842733E1,-2.955136001E-1,9.401400566E0,2.018345833E0
9.075853900E1,-3.284149170E-1,9.401998520E0,1.923829436E0
9.077865061E1,-3.146561682E-1,9.374481201E0,1.838884234E0
9.079876218E1,-2.578266263E-1,9.353543282E0,1.874776483E0
9.081887379E1,-2.530409992E-1,9.362516403E0,2.019542217E0
9.083898530E1,-2.644068897E-1,9.400801659E0,2.124228239E0
9.085909697E1,-1.016949639E-1,9.420542717E0,2.106880426E0
9.087920848E1,-5.324030295E-2,9.401998520E0,1.953739643E0
9.089932014E1,-2.219343036E-1,9.388837814E0,1.759921074E0
9.091943171E1,-3.302095234E-1,9.420542717E0,1.537986755E0
9.093954332E1,3.050848842E-2,9.390632629E0,1.602592945E0
9.095965494E1,2.608176768E-1,9.361918449E0,1.914856315E0
9.097976645E1,1.710868180E-1,9.406186104E0,2.239681959E0
9.099987811E1,2.033899166E-2,9.422337532E0,2.504687071E0
9.101998962E1,4.785645287E-3,9.434301376E0,2.596810818E0
9.104010129E1,-1.615155302E-2,9.357730865E0,2.421536446E0
9.106021290E1,-8.554340899E-2,9.376873970E0,2.175673962E0
9.108032441E1,6.580262445E-3,9.398408890E0,1.982453585E0
9.110043608E1,1.100698411E-1,9.382257462E0,1.951945066E0
9.112054770E1,5.024927482E-2,9.382257462E0,2.102094650E0
9.114065921E1,1.914258115E-2,9.364909172E0,2.296511650E0
9.116077087E1,4.546362907E-2,9.375079155E0,2.375474691E0
9.118088238E1,4.067798331E-2,9.388239861E0,2.352144718E0
9.120099405E1,1.148554832E-1,9.420542717E0,2.262413740E0
9.122110559E1,2.057827413E-1,9.425926208E0,2.199003935E0
9.124121710E1,2.003988922E-1,9.448060036E0,2.210968018E0
9.126132877E1,1.651047617E-1,9.479166985E0,2.201995134E0
9.128144038E1,2.464607358E-1,9.441479683E0,2.216351986E0
9.130155189E1,2.632105052E-1,9.398408890E0,2.277967215E0
9.132166356E1,1.112662554E-1,9.378668785E0,2.269592285E0
9.134177517E1,1.495514158E-2,9.387641907E0,2.203789711E0
9.136188668E1,1.190429255E-1,9.381061554E0,2.149951220E0
9.138199835E1,1.794617027E-1,9.367900848E0,2.196611166E0
9.140210997E1,1.459621787E-1,9.389435768E0,2.227119684E0
9.142222148E1,6.400800496E-2,9.407979965E0,2.208575249E0
9.144233314E1,7.597211748E-2,9.415159225E0,2.137987137E0
9.146244476E1,1.513460279E-1,9.401400566E0,2.121835470E0
9.148255632E1,1.190429255E-1,9.392427444E0,2.150549412E0
9.150266788E1,1.034895778E-1,9.389435768E0,2.213361025E0
9.152277955E1,7.537391037E-2,9.393025398E0,2.214557409E0
9.154289116E1,6.819544733E-2,9.378069878E0,2.181057930E0
9.156300267E1,7.357929647E-2,9.393623352E0,2.185245275E0
9.158311434E1,1.292124242E-1,9.384052277E0,2.166700840E0
9.160322596E1,1.393819153E-1,9.382855415E0,2.129014015E0
9.162333746E1,5.982056633E-2,9.382855415E0,2.109871387E0
9.164344913E1,2.333002165E-2,9.363713264E0,2.124826431E0
9.166356075E1,5.742774159E-2,9.364311218E0,2.182852507E0
9.168367236E1,5.802594870E-2,9.348757744E0,2.182254314E0
9.170378387E1,2.632104978E-2,9.384052277E0,2.151147604E0
9.172389554E1,4.486542568E-2,9.387641907E0,2.124826431E0
9.174400715E1,6.580262631E-2,9.361320496E0,2.115255117E0
9.176411877E1,3.409772366E-2,9.372686386E0,2.131406784E0
9.178423028E1,1.208375469E-1,9.391230583E0,2.130210400E0
9.180434194E1,2.368894368E-1,9.401998520E0,2.146960020E0
9.182445356E1,1.836491376E-1,9.395418167E0,2.110469580E0
9.184456517E1,4.546362907E-2,9.397810936E0,2.079961061E0
9.186467668E1,6.580262631E-2,9.417551994E0,2.106282234E0
9.188478835E1,2.183450609E-1,9.391230583E0,2.162513494E0
9.190489997E1,2.392822653E-1,9.366703987E0,2.161317110E0
9.192501158E1,1.046859920E-1,9.373284340E0,2.117049932E0
9.194512309E1,2.991028316E-2,9.354142189E0,2.079362869E0
9.196523476E1,3.349951655E-2,9.340981483E0,2.026720762E0
9.198534637E1,5.324030295E-2,9.344570160E0,2.014756680E0
9.200545799E1,1.471585929E-1,9.421140671E0,2.094916344E0
9.202556960E1,2.733799815E-1,9.425328255E0,2.192423820E0
9.204568111E1,2.697907388E-1,9.415757179E0,2.243869543E0
9.206579273E1,1.974078715E-1,9.424730301E0,2.240280151E0
9.208590439E1,2.063809484E-1,9.423533440E0,2.220539331E0
9.210601601E1,2.333002090E-1,9.416355133E0,2.216950178E0
9.212612762E1,2.470589429E-1,9.407382011E0,2.192423820E0
9.214623913E1,2.901297510E-1,9.396614075E0,2.172084808E0
9.216635075E1,2.889333367E-1,9.425328255E0,2.167897224E0
9.218646241E1,2.757728100E-1,9.423533440E0,2.117049932E0
9.220657403E1,1.938186288E-1,9.390632629E0,2.113460541E0
9.222668564E1,1.190429255E-1,9.367302895E0,2.177468538E0
9.224679726E1,1.752742529E-1,9.358927727E0,2.218744755E0
9.226690877E1,2.171486616E-1,9.362516403E0,2.163709879E0
9.228702043E1,1.190429255E-1,9.370293617E0,2.120639086E0
9.230713205E1,4.845465720E-2,9.381659508E0,2.110469580E0
9.232724366E1,9.032905847E-2,9.370293617E0,2.112264156E0
9.234735528E1,1.992024779E-1,9.370293617E0,2.110469580E0
9.236746689E1,1.902294010E-1,9.349356651E0,2.104487419E0
9.238757851E1,1.016949639E-1,9.357132912E0,2.072782516E0
9.240769007E1,1.142572835E-1,9.414560318E0,2.112862349E0
9.242780163E1,2.691925466E-1,9.411569595E0,2.207977057E0
9.244791330E1,3.260220885E-1,9.392427444E0,2.231307030E0
9.246802491E1,2.476571500E-1,9.363115311E0,2.132004976E0
9.248813653E1,2.416750938E-1,9.414560318E0,2.040479422E0
9.250824814E1,3.565305769E-1,9.439684868E0,2.066202402E0
9.252835976E1,3.684946895E-1,9.429515839E0,2.144567251E0
9.254847137E1,3.206382394E-1,9.438488960E0,2.251646042E0
9.256858299E1,3.421736360E-1,9.442078590E0,2.310270309E0
9.258869455E1,2.913261652E-1,9.409176826E0,2.258226395E0
9.260880611E1,2.033899277E-1,9.378069878E0,2.146361828E0
9.262891773E1,1.716850251E-1,9.401998520E0,2.071586132E0
9.264902939E1,2.943171859E-1,9.387042999E0,2.096112728E0
9.266914101E1,3.409772217E-1,9.386445045E0,2.082952023E0
9.268925262E1,2.057827413E-1,9.386445045E0,2.053041935E0
9.270936424E1,1.094716340E-1,9.386445045E0,2.081755638E0
9.272947585E1,1.680957973E-1,9.365508080E0,2.158325911E0
9.274958746E1,2.285145670E-1,9.351749420E0,2.184647083E0
9.276969908E1,1.525424421E-1,9.340981483E0,2.141576290E0
9.278981069E1,1.070788130E-1,9.357132912E0,2.122433662E0
9.280992231E1,1.884347796E-1,9.370891571E0,2.155334949E0
9.283003392E1,2.458625287E-1,9.363115311E0,2.125424623E0
9.285014543E1,1.782652885E-1,9.368498802E0,2.059622049E0
9.287025710E1,2.255235314E-1,9.397810936E0,2.051845312E0
9.289036866E1,3.170489967E-1,9.416953087E0,2.093121529E0
9.291048033E1,2.925225794E-1,9.408578873E0,2.150549412E0
9.293059194E1,2.225325108E-1,9.418747902E0,2.139183521E0
9.295070356E1,2.769692242E-1,9.413364410E0,2.142174482E0
9.297081517E1,3.792623878E-1,9.433703423E0,2.158325911E0
9.299092679E1,3.541377485E-1,9.421140671E0,2.103889227E0
9.301103840E1,2.691925466E-1,9.393025398E0,2.070987940E0
9.303115002E1,1.800599098E-1,9.381061554E0,2.069193363E0
9.305126163E1,2.207378894E-1,9.381061554E0,2.137987137E0
9.307137325E1,3.439682424E-1,9.379864693E0,2.164906263E0
9.309148486E1,2.841476798E-1,9.363115311E0,2.126621008E0
9.311159648E1,8.255238086E-2,9.344570160E0,2.106282234E0
9.313170809E1,6.999006122E-2,9.362516403E0,2.222334146E0
9.315181971E1,1.938186288E-1,9.371489525E0,2.330011129E0
9.317193132E1,2.859423161E-1,9.346364975E0,2.272583246E0
9.319204293E1,2.638086975E-1,9.371489525E0,2.087737799E0
9.321215455E1,2.626122832E-1,9.417551994E0,1.939980984E0
9.323226616E1,2.871387303E-1,9.424730301E0,1.930409670E0
9.325237778E1,3.409772217E-1,9.399007797E0,2.035095692E0
9.327248939E1,3.110669553E-1,9.385847092E0,2.151147604E0
9.329260101E1,3.068794906E-1,9.368498802E0,2.166700840E0
9.331271262E1,3.032902777E-1,9.359525681E0,2.097907305E0
9.333282424E1,2.548356056E-1,9.373284340E0,2.067996979E0
9.335293585E1,2.422732860E-1,9.380462646E0,2.055434704E0
9.337304746E1,3.451646566E-1,9.412766457E0,2.127219439E0
9.339315908E1,4.612165689E-1,9.419346809E0,2.212164640E0
9.341327069E1,4.043870270E-1,9.424730301E0,2.233700037E0
9.343338231E1,3.272185028E-1,9.407979965E0,2.152343988E0
9.345349392E1,3.756731451E-1,9.400801659E0,2.061416626E0
9.347360554E1,4.677968323E-1,9.408578873E0,2.064407825E0
9.349371715E1,4.486542344E-1,9.412167549E0,2.116451740E0
9.351382877E1,3.625126183E-1,9.418149948E0,2.149951220E0
9.353394038E1,3.601198196E-1,9.404391289E0,2.111067772E0
9.355405200E1,4.217349887E-1,9.384650230E0,2.047059774E0
9.357416361E1,4.396811724E-1,9.419346809E0,2.057229280E0
9.359427523E1,4.749752879E-1,9.406186104E0,2.087139606E0
9.361438684E1,4.049852192E-1,9.409176826E0,2.093121529E0
9.363449846E1,3.565305769E-1,9.370293617E0,2.071586132E0
9.365461007E1,2.554338276E-1,9.367900848E0,1.995015860E0
9.367472168E1,2.859423161E-1,9.361320496E0,2.027917147E0
9.369483330E1,3.918247223E-1,9.385847092E0,2.133799553E0
9.371494491E1,3.846462369E-1,9.392427444E0,2.163111687E0
9.373505653E1,3.326023519E-1,9.389435768E0,2.129612207E0
9.375516809E1,3.224328458E-1,9.382257462E0,2.109871387E0
9.377527976E1,3.367897868E-1,9.379864693E0,2.142772675E0
9.379539132E1,4.325026870E-1,9.376275063E0,2.099103689E0
9.381550299E1,4.803591371E-1,9.399007797E0,2.012363911E0
9.383561465E1,4.396811724E-1,9.416953087E0,1.977667928E0
9.385572627E1,3.984049559E-1,9.437891006E0,2.087139606E0
9.387583788E1,4.354937077E-1,9.442078590E0,2.209173441E0
9.389594950E1,5.078766346E-1,9.421140671E0,2.240878344E0
9.391606111E1,4.319044948E-1,9.388239861E0,2.141576290E0
9.393617273E1,2.727817893E-1,9.370891571E0,2.021935225E0
9.395628434E1,2.817548811E-1,9.363713264E0,2.057827473E0
9.397639596E1,4.534398913E-1,9.379266739E0,2.140379906E0
9.399650757E1,5.347958803E-1,9.391828537E0,2.110469580E0
9.401661913E1,4.109672904E-1,9.382257462E0,1.989632010E0
9.403673075E1,2.865405083E-1,9.387641907E0,1.967498422E0
9.405684236E1,2.895315289E-1,9.379864693E0,2.096112728E0
9.407695398E1,4.019941986E-1,9.351150513E0,2.209173441E0
9.409706569E1,3.972085714E-1,9.347561836E0,2.224726915E0
9.411717731E1,3.804588020E-1,9.366703987E0,2.146960020E0
9.413728892E1,3.541377485E-1,9.412167549E0,2.028515339E0
9.415740054E1,4.025924206E-1,9.433703423E0,1.981257200E0
9.417751215E1,4.965106845E-1,9.422935486E0,2.042274237E0
9.419762377E1,5.635097623E-1,9.394221306E0,2.082952023E0
9.421773538E1,4.666004181E-1,9.376275063E0,2.117648125E0
9.423784700E1,2.919243574E-1,9.385248184E0,2.169093609E0
9.425795861E1,3.140579760E-1,9.375079155E0,2.227717876E0
9.427807023E1,5.706881881E-1,9.394221306E0,2.258824587E0
9.429818189E1,6.550351977E-1,9.412766457E0,2.178664923E0
9.431829351E1,4.342973232E-1,9.452247620E0,2.052443504E0
9.433840512E1,3.517449200E-1,9.421140671E0,2.053041935E0
9.435851674E1,4.648058116E-1,9.401998520E0,2.169093609E0
9.437862835E1,5.491527915E-1,9.385248184E0,2.230110645E0
9.439873996E1,4.199403822E-1,9.366106033E0,2.134995937E0
9.441885158E1,3.092723191E-1,9.372088432E0,2.031506538E0
9.443896314E1,3.738785386E-1,9.384650230E0,1.981855392E0
9.445907481E1,4.570291340E-1,9.382257462E0,1.975873351E0
9.447918648E1,4.552344978E-1,9.392427444E0,2.028515339E0
9.449929809E1,4.336991012E-1,9.396016121E0,2.078764677E0
9.451940970E1,4.115654826E-1,9.399007797E0,2.139183521E0
9.453952132E1,3.792623878E-1,9.388239861E0,2.138585329E0
9.455963293E1,3.726821244E-1,9.375677109E0,2.111665964E0
9.457974450E1,4.181457460E-1,9.356534958E0,2.081157446E0
9.459985622E1,4.785645306E-1,9.385248184E0,2.100300074E0
9.461996783E1,4.881358147E-1,9.391230583E0,2.098505497E0
9.464007944E1,3.924229145E-1,9.385248184E0,2.081157446E0
9.466019106E1,3.266202807E-1,9.390034676E0,2.084148407E0
9.468030267E1,4.097708762E-1,9.391230583E0,2.158924341E0
9.470041429E1,4.833501875E-1,9.382257462E0,2.247458696E0
9.472052596E1,3.954139352E-1,9.369096756E0,2.204387903E0
9.474063757E1,3.511467278E-1,9.376275063E0,2.121835470E0
9.476074918E1,3.948157430E-1,9.385847092E0,2.037488461E0
9.478086080E1,4.624129832E-1,9.364909172E0,2.037488461E0
9.480097241E1,4.827519655E-1,9.375677109E0,2.082952023E0
9.482108398E1,4.319044948E-1,9.401400566E0,2.117648125E0
9.484119569E1,4.235295951E-1,9.408578873E0,2.127219439E0
9.486130731E1,4.660021961E-1,9.424730301E0,2.149353027E0
9.488141892E1,5.766702294E-1,9.428917885E0,2.114058733E0
9.490153054E1,5.258227587E-1,9.387042999E0,2.062014818E0
9.492164215E1,3.367897868E-1,9.386445045E0,2.039881229E0
9.494175372E1,3.535395563E-1,9.374481201E0,2.096112728E0
9.496186543E1,5.431707501E-1,9.373882294E0,2.176272154E0
9.498197705E1,5.575276613E-1,9.373284340E0,2.170888424E0
9.500208866E1,3.942175210E-1,9.404391289E0,2.113460541E0
9.502220028E1,4.187439680E-1,9.385248184E0,2.056032896E0
9.504231184E1,4.624129832E-1,9.373284340E0,2.050050735E0
9.506242356E1,4.456632137E-1,9.368498802E0,2.092523336E0
9.508253517E1,4.211367965E-1,9.372088432E0,2.145165443E0
9.510264679E1,4.677968323E-1,9.382257462E0,2.171486616E0
9.512275840E1,5.120640397E-1,9.413962364E0,2.160718918E0
9.514287002E1,5.018945336E-1,9.404391289E0,2.115255117E0
9.516298168E1,4.917250574E-1,9.400801659E0,2.112264156E0
9.518309330E1,4.660021961E-1,9.384650230E0,2.104487419E0
9.520320491E1,4.402793646E-1,9.381659508E0,2.175075769E0
9.522331653E1,5.132604837E-1,9.396614075E0,2.212164640E0
9.524342814E1,5.605186820E-1,9.379266739E0,2.200200319E0
9.526353981E1,4.522434771E-1,9.379266739E0,2.171486616E0
9.528365142E1,4.067798555E-1,9.394820213E0,2.197807550E0
9.530376304E1,4.271188378E-1,9.397212982E0,2.240878344E0
9.532387465E1,5.018945336E-1,9.389435768E0,2.246860504E0
9.534398632E1,5.533402562E-1,9.391230583E0,2.221137524E0
9.536409793E1,4.971089065E-1,9.395418167E0,2.140978098E0
9.538420955E1,4.061816335E-1,9.367900848E0,2.062613010E0
9.540432111E1,4.013960063E-1,9.347561836E0,2.050648928E0
9.542443278E1,4.408775866E-1,9.342177391E0,2.040479422E0
9.544454444E1,4.971089065E-1,9.384052277E0,2.111067772E0
9.546465606E1,5.150550604E-1,9.400203705E0,2.114058733E0
9.548476767E1,5.563312769E-1,9.385248184E0,2.045863390E0
9.550487929E1,5.264210105E-1,9.392427444E0,2.046461582E0
9.552499096E1,4.354937077E-1,9.396614075E0,2.140379906E0
9.554510257E1,4.378865361E-1,9.362516403E0,2.243271112E0
9.556521418E1,5.371887088E-1,9.363115311E0,2.242672920E0
9.558532575E1,5.371887088E-1,9.377471924E0,2.201396942E0
9.560543747E1,3.972085714E-1,9.405587196E0,2.141576290E0
9.562554908E1,3.996013701E-1,9.410373688E0,2.169692039E0
9.564566069E1,4.995017350E-1,9.382257462E0,2.237289190E0
9.566577236E1,5.222335458E-1,9.348757744E0,2.242672920E0
9.568588398E1,4.253242314E-1,9.361918449E0,2.206182480E0
9.570599559E1,3.978067636E-1,9.363713264E0,2.142174482E0
9.572610720E1,4.743770957E-1,9.342177391E0,2.140978098E0
9.574621887E1,5.150550604E-1,9.366703987E0,2.172683001E0
9.576633049E1,4.971089065E-1,9.377471924E0,2.158924341E0
9.578644210E1,5.006981492E-1,9.422935486E0,2.111067772E0
9.580655372E1,5.659025311E-1,9.414560318E0,2.076371908E0
9.582666538E1,5.587241054E-1,9.384650230E0,2.062613010E0
9.584677700E1,4.528416991E-1,9.375079155E0,2.056032896E0
9.586688861E1,4.217349887E-1,9.362516403E0,2.125424623E0
9.588700028E1,5.485545993E-1,9.420542717E0,2.291725874E0
9.590711189E1,6.729813814E-1,9.400801659E0,2.318047047E0
9.592722351E1,6.400800347E-1,9.391828537E0,2.159522533E0
9.594733512E1,5.288137794E-1,9.388837814E0,2.023729801E0
9.596744679E1,4.552344978E-1,9.367302895E0,2.042872429E0
9.598755840E1,5.060819983E-1,9.378668785E0,2.169692039E0
9.600767002E1,5.641079545E-1,9.381659508E0,2.260619164E0
9.602778163E1,5.838487148E-1,9.404391289E0,2.233700037E0
9.604789330E1,5.886343718E-1,9.430113792E0,2.105684042E0
9.606800491E1,5.479564071E-1,9.400801659E0,2.030908108E0
9.608811648E1,4.474578202E-1,9.396614075E0,2.026122570E0
9.610822819E1,5.276173949E-1,9.366106033E0,2.026122570E0
9.612833981E1,6.281159520E-1,9.381061554E0,2.023729801E0
9.614845142E1,6.089733839E-1,9.392427444E0,1.983649969E0
9.616856304E1,5.497509837E-1,9.394820213E0,1.975275040E0
9.618867471E1,5.659025311E-1,9.401400566E0,1.991426587E0
9.620878632E1,5.353940725E-1,9.382257462E0,2.040479422E0
9.622889793E1,4.695914388E-1,9.381061554E0,2.048256159E0
9.624900960E1,4.851447940E-1,9.376275063E0,2.050050735E0
9.626912122E1,5.479564071E-1,9.384052277E0,2.099103689E0
9.628923283E1,4.815555513E-1,9.391828537E0,2.149951220E0
9.630934444E1,4.366901219E-1,9.399007797E0,2.145763636E0
9.632945611E1,5.383850932E-1,9.393623352E0,2.113460541E0
9.634956773E1,5.724828243E-1,9.394820213E0,2.100300074E0
9.636967934E1,4.809573591E-1,9.388837814E0,2.095514536E0
9.638979101E1,4.073780477E-1,9.360722542E0,2.064407825E0
9.640990262E1,4.893322289E-1,9.367900848E0,2.021337032E0
9.643001424E1,6.340979934E-1,9.387641907E0,1.994417667E0
9.645012590E1,5.886343718E-1,9.412766457E0,2.023729801E0
9.647023752E1,4.833501875E-1,9.419944763E0,2.068595171E0
9.649034913E1,4.971089065E-1,9.411569595E0,2.100898266E0
9.651046069E1,5.353940725E-1,9.373284340E0,2.087737799E0
9.653057241E1,5.042873621E-1,9.379864693E0,2.043470621E0
9.655068403E1,5.126622319E-1,9.394820213E0,2.053640127E0
9.657079559E1,5.515456200E-1,9.399605751E0,2.045265198E0
9.659090731E1,5.180460811E-1,9.380462646E0,2.030908108E0
9.661101892E1,4.947160780E-1,9.387641907E0,1.975275040E0
9.663113054E1,5.150550604E-1,9.405587196E0,2.016551256E0
9.665124220E1,5.605186820E-1,9.413962364E0,2.109273195E0
9.667135382E1,5.575276613E-1,9.415159225E0,2.146960020E0
9.669146543E1,5.605186820E-1,9.407979965E0,2.044068813E0
9.671157705E1,5.533402562E-1,9.420542717E0,1.996212244E0
9.673168872E1,5.551348329E-1,9.427721024E0,2.053640127E0
9.675180033E1,5.784648657E-1,9.424132347E0,2.178664923E0
9.677191194E1,5.904290080E-1,9.413364410E0,2.214557409E0
9.679202361E1,5.509474277E-1,9.415159225E0,2.115853310E0
9.681213523E1,5.198407173E-1,9.405587196E0,1.954337835E0
9.683224684E1,4.827519655E-1,9.356534958E0,1.858026743E0
9.685235851E1,3.948157430E-1,9.351150513E0,1.859223247E0
9.687247012E1,3.601198196E-1,9.343374252E0,1.914856315E0
9.689258168E1,3.900300860E-1,9.366703987E0,1.993221283E0
9.691269340E1,4.468596280E-1,9.364909172E0,2.047657967E0
9.693280502E1,4.540380836E-1,9.404989243E0,2.084148407E0
9.695291663E1,4.749752879E-1,9.413364410E0,2.048256159E0
9.697302825E1,4.941178858E-1,9.412167549E0,2.026720762E0
9.699313991E1,5.413761139E-1,9.395418167E0,2.064407825E0
9.701325153E1,5.294120312E-1,9.384650230E0,2.155334949E0
9.703336319E1,5.132604837E-1,9.390632629E0,2.166102648E0
9.705347481E1,5.114658475E-1,9.397212982E0,2.119442701E0
9.707358642E1,5.575276613E-1,9.429515839E0,2.069791555E0
9.709369804E1,6.233302951E-1,9.423533440E0,2.026720762E0
9.711380971E1,6.233302951E-1,9.424730301E0,1.955534339E0
9.713392132E1,5.443671346E-1,9.409176826E0,1.909472466E0
9.715403293E1,4.911268353E-1,9.422337532E0,1.962114573E0
9.717414460E1,5.347958803E-1,9.416355133E0,2.023131609E0
9.719425622E1,5.814558864E-1,9.402596474E0,2.041077614E0
9.721436778E1,5.186443329E-1,9.400801659E0,2.033301115E0
9.723447950E1,4.420739710E-1,9.391828537E0,2.028515339E0
9.725459111E1,4.390829504E-1,9.386445045E0,2.054238319E0
9.727470273E1,4.743770957E-1,9.387641907E0,2.106282234E0
9.729481439E1,5.258227587E-1,9.390034676E0,2.115853310E0
9.731492601E1,5.359922647E-1,9.397212982E0,2.056032896E0
9.733503762E1,4.408775866E-1,9.393025398E0,1.942971945E0
9.735514929E1,3.505485058E-1,9.387641907E0,1.900499344E0
9.737526090E1,4.414757788E-1,9.387641907E0,1.910668850E0
9.739537252E1,5.395814776E-1,9.371489525E0,1.924427629E0
9.741548418E1,4.241278172E-1,9.387641907E0,1.898704767E0
9.743559580E1,4.217349887E-1,9.403194427E0,1.936391711E0
9.745570741E1,5.252245665E-1,9.414560318E0,2.052443504E0
9.747581908E1,5.892325640E-1,9.428318977E0,2.179263115E0
9.749593069E1,6.017948985E-1,9.423533440E0,2.329412937E0
9.751604226E1,6.149554253E-1,9.421739578E0,2.255833626E0
9.753615398E1,6.083751321E-1,9.457033157E0,2.048854351E0
9.755626559E1,6.107679605E-1,9.448060036E0,1.978266120E0
9.757637720E1,5.581258535E-1,9.455238342E0,1.990828395E0
9.759648887E1,4.660021961E-1,9.418149948E0,2.012363911E0
9.761660049E1,3.649054468E-1,9.334999084E0,1.943570137E0
9.763671210E1,3.140579760E-1,9.309874535E0,1.813161373E0
9.765682377E1,3.230310678E-1,9.331410408E0,1.676172256E0
9.767693538E1,3.595215976E-1,9.341579437E0,1.590030670E0
9.769704700E1,3.553341627E-1,9.346963882E0,1.660618901E0
9.771715866E1,3.433700502E-1,9.344570160E0,1.896311998E0
9.773727028E1,4.097708762E-1,9.357132912E0,2.187638044E0
9.775738189E1,5.066801906E-1,9.391828537E0,2.386840582E0
9.777749356E1,5.976074338E-1,9.438488960E0,2.394019127E0
9.779760517E1,5.694918036E-1,9.407382011E0,2.252842426E0
9.781771679E1,4.941178858E-1,9.392427444E0,2.114656925E0
9.783782846E1,4.797609448E-1,9.403194427E0,2.021935225E0
9.785794007E1,5.270192027E-1,9.409176826E0,1.963909149E0
9.787805163E1,5.898307562E-1,9.373284340E0,1.913061738E0
9.789816335E1,5.694918036E-1,9.379864693E0,1.872981906E0
9.791827497E1,5.419743061E-1,9.386445045E0,1.835294962E0
9.793838653E1,5.515456200E-1,9.399007797E0,1.896311998E0
9.795849825E1,5.665007830E-1,9.425328255E0,2.026122570E0
9.797860986E1,6.478567123E-1,9.482157707E0,2.036292076E0
9.799872142E1,7.872386575E-1,9.468399048E0,2.114058733E0
9.801883314E1,7.651050687E-1,9.498309135E0,2.230110645E0
9.803894476E1,6.777670383E-1,9.463613510E0,2.338984251E0
9.805905637E1,5.700899959E-1,9.436694145E0,2.402393818E0
9.807916804E1,5.724828243E-1,9.388837814E0,2.392224550E0
9.809927965E1,6.149554253E-1,9.363713264E0,2.285145521E0
9.811939132E1,6.053841114E-1,9.397810936E0,2.236092806E0
9.813950293E1,5.898307562E-1,9.450452805E0,2.234896421E0
9.815961455E1,7.064808607E-1,9.473783493E0,2.227119684E0
9.817972622E1,8.303094506E-1,9.489934921E0,2.190629244E0
9.819983783E1,7.842476368E-1,9.484550476E0,2.074577332E0
9.821994944E1,7.639086246E-1,9.452845573E0,1.925624013E0
9.824006111E1,7.812566161E-1,9.408578873E0,1.809572101E0
9.826017273E1,5.988038778E-1,9.420542717E0,1.813161373E0
9.828028434E1,4.307080805E-1,9.427721024E0,1.866401672E0
9.830039601E1,5.012963414E-1,9.403194427E0,1.933998942E0
9.832050762E1,5.090730190E-1,9.381659508E0,1.918445587E0
9.834061924E1,3.529413342E-1,9.329615593E0,1.819143414E0
9.836073090E1,1.860419661E-1,9.290732384E0,1.697109461E0
9.838084252E1,1.615155339E-1,9.278169632E0,1.718046665E0
9.840095413E1,2.177468538E-1,9.281759262E0,1.912463546E0
9.842106580E1,2.721835673E-1,9.314062119E0,2.122433662E0
9.844117741E1,2.877369225E-1,9.334401131E0,2.217548370E0
9.846128908E1,2.644068897E-1,9.337990761E0,2.179861546E0
9.848140069E1,2.709871531E-1,9.363713264E0,2.099701881E0
9.850151231E1,3.583251834E-1,9.367302895E0,2.059023857E0
9.852162398E1,4.366901219E-1,9.361320496E0,2.076970100E0
9.854173559E1,4.007977843E-1,9.378069878E0,2.101496458E0
9.856184720E1,4.342973232E-1,9.404989243E0,2.103291035E0
9.858195887E1,5.401797295E-1,9.398408890E0,2.009970903E0
9.860207049E1,5.862415433E-1,9.419346809E0,1.886142492E0
9.862218210E1,5.784648657E-1,9.457033157E0,1.804786444E0
9.864229377E1,6.699903607E-1,9.446265221E0,1.790429592E0
9.866240538E1,6.556333899E-1,9.421140671E0,1.877169371E0
9.868251700E1,5.455635786E-1,9.416953087E0,1.996212244E0
9.870262866E1,5.443671346E-1,9.405587196E0,2.121835470E0
9.872274028E1,6.017948985E-1,9.385248184E0,2.230708838E0
9.874285194E1,5.724828243E-1,9.401400566E0,2.264806747E0
9.876296356E1,4.474578202E-1,9.392427444E0,2.212164640E0
9.878307517E1,4.456632137E-1,9.412167549E0,2.172084808E0
9.880318684E1,5.485545993E-1,9.397212982E0,2.172683001E0
9.882329846E1,5.371887088E-1,9.375079155E0,2.160718918E0
9.884341007E1,4.007977843E-1,9.360123634E0,2.078166485E0
9.886352174E1,3.834498227E-1,9.349356651E0,1.896311998E0
9.888363335E1,4.516452849E-1,9.338588715E0,1.715055585E0
9.890374496E1,5.048855543E-1,9.330213547E0,1.640279889E0
9.892385663E1,4.384847581E-1,9.314660072E0,1.695314884E0
9.894396825E1,4.331009090E-1,9.323035240E0,1.907079697E0
9.896407991E1,5.521438122E-1,9.367302895E0,2.190030813E0
9.898419153E1,5.970092416E-1,9.411569595E0,2.345564365E0
9.900430314E1,5.365904570E-1,9.442078590E0,2.353939295E0
9.902441481E1,5.910272002E-1,9.418747902E0,2.360519648E0
9.904452642E1,6.448656917E-1,9.393623352E0,2.320439816E0
9.906463804E1,6.705885530E-1,9.407979965E0,2.282154560E0
9.908474971E1,7.184450030E-1,9.428917885E0,2.246860504E0
9.910486132E1,7.698906660E-1,9.422935486E0,2.159522533E0
9.912497293E1,7.202396393E-1,9.437292099E0,2.098505497E0
9.914508460E1,6.759724021E-1,9.444471359E0,2.103889227E0
9.916519622E1,6.855437160E-1,9.433703423E0,2.147558212E0
9.918530788E1,6.478567123E-1,9.394221306E0,2.087139606E0
9.920541950E1,6.466603279E-1,9.391828537E0,2.054836512E0
9.922553111E1,7.076773047E-1,9.403194427E0,2.065006018E0
9.924564278E1,8.315058947E-1,9.385847092E0,2.239681959E0
9.926575439E1,6.556333899E-1,9.406784058E0,2.298306227E0
9.928586606E1,4.618147612E-1,9.403194427E0,2.100898266E0
9.930597767E1,5.294120312E-1,9.400203705E0,2.100898266E0
9.932608929E1,6.604190469E-1,9.395418167E0,2.246860504E0
9.934620096E1,6.544370055E-1,9.407382011E0,2.309073925E0
9.936631257E1,6.071787477E-1,9.427721024E0,2.199602127E0
9.938642418E1,6.221339107E-1,9.435498238E0,2.109871387E0
9.940653585E1,8.153542876E-1,9.437891006E0,2.111067772E0
9.942664746E1,8.859425783E-1,9.466006279E0,2.122433662E0
9.944675913E1,9.032905698E-1,9.474381447E0,2.164308071E0
9.946687075E1,6.999006271E-1,9.521639824E0,2.114656925E0
9.948698236E1,3.834498227E-1,9.459425926E0,1.947159410E0
9.950709403E1,3.583251834E-1,9.436096191E0,1.835893154E0
9.952720564E1,1.962114573E-1,9.390632629E0,1.712064624E0
9.954731726E1,1.280160099E-1,9.330811501E0,1.797009826E0
9.956742892E1,1.920240223E-1,9.297910690E0,1.963310957E0
9.958754054E1,3.116651475E-1,9.419346809E0,2.026720762E0
9.960765221E1,3.672982752E-1,9.348757744E0,1.881356835E0
9.962776382E1,3.571287692E-1,9.413364410E0,1.756929994E0
9.964787543E1,3.098705411E-1,9.413962364E0,1.750349760E0
9.966798710E1,2.949153781E-1,9.425926208E0,1.797608018E0
9.968809872E1,3.343969584E-1,9.384650230E0,1.841277003E0
9.970821033E1,3.200400174E-1,9.359525681E0,1.905285001E0
9.972832200E1,2.859423161E-1,9.385847092E0,1.969292998E0
9.974843361E1,3.122633696E-1,9.412167549E0,1.963909149E0
9.976854528E1,3.481557071E-1,9.415757179E0,1.871187329E0
9.978865689E1,3.744767308E-1,9.396016121E0,1.752144337E0
9.980876851E1,3.834498227E-1,9.420542717E0,1.718046665E0
9.982888017E1,4.528416991E-1,9.421739578E0,1.816152334E0
9.984899179E1,5.204389095E-1,9.439086914E0,1.913061738E0
9.986910346E1,5.880361795E-1,9.449854851E0,1.947757602E0
9.988921507E1,6.167500615E-1,9.467203140E0,1.907079697E0
9.990932668E1,5.156532526E-1,9.497711182E0,1.865205288E0
9.992943835E1,3.505485058E-1,9.494720459E0,1.792822361E0
9.994954996E1,2.709871531E-1,9.445667267E0,1.782054663E0
9.996966158E1,2.428714931E-1,9.388837814E0,1.847259045E0
9.998977325E1,2.871387303E-1,9.378069878E0,1.907677889E0
1.000098849E2,3.637090325E-1,9.399007797E0,1.927418590E0
1.000299965E2,3.577269912E-1,9.427721024E0,1.872383714E0
1.000501081E2,3.984049559E-1,9.451051712E0,1.821536183E0
1.000702197E2,4.642075896E-1,9.466006279E0,1.856830359E0
1.000903314E2,3.457628787E-1,9.449256897E0,1.918445587E0
1.001104430E2,2.297109663E-1,9.430712700E0,1.904686809E0
1.001305547E2,3.164508045E-1,9.425328255E0,1.865803480E0
1.001506663E2,3.637090325E-1,9.419346809E0,1.830509305E0
1.001707779E2,3.535395563E-1,9.414560318E0,1.853241086E0
1.001908896E2,3.535395563E-1,9.437891006E0,1.829312921E0
1.002110012E2,3.529413342E-1,9.446864128E0,1.762313843E0
1.002311129E2,3.547359705E-1,9.440881729E0,1.769492388E0
1.002512245E2,3.667000830E-1,9.435498238E0,1.825125456E0
1.002713361E2,3.960121572E-1,9.419944763E0,1.862812400E0
1.002914478E2,3.314059377E-1,9.396614075E0,1.849651933E0
1.003115594E2,2.596212626E-1,9.390034676E0,1.832902193E0
1.003316710E2,2.638086975E-1,9.390034676E0,1.840080619E0
1.003517827E2,3.230310678E-1,9.401998520E0,1.889731646E0
1.003718943E2,2.895315289E-1,9.421140671E0,1.930409670E0
1.003920060E2,2.877369225E-1,9.434301376E0,1.914258122E0
1.004121176E2,4.031906128E-1,9.420542717E0,1.875374794E0
1.004322292E2,4.420739710E-1,9.436694145E0,1.869392633E0
1.004523409E2,3.828516304E-1,9.448657990E0,1.849651933E0
1.004724525E2,4.025924206E-1,9.453444481E0,1.837687731E0
1.004925641E2,4.683950245E-1,9.452247620E0,1.817348838E0
1.005126757E2,5.790630579E-1,9.453444481E0,1.828116536E0
1.005327873E2,5.928218365E-1,9.484550476E0,1.846660852E0
1.005528990E2,5.192425251E-1,9.500103951E0,1.840678811E0
1.005730106E2,5.198407173E-1,9.476176262E0,1.802393675E0
1.005931223E2,5.312066078E-1,9.458230019E0,1.811964989E0
1.006132339E2,5.036891699E-1,9.445069313E0,1.826321840E0
1.006333455E2,4.342973232E-1,9.439086914E0,1.860419631E0
1.006534572E2,4.277170599E-1,9.416953087E0,1.885544300E0
1.006735688E2,4.660021961E-1,9.431310654E0,1.915454507E0
1.006936804E2,5.150550604E-1,9.427123070E0,1.894517303E0
1.007137921E2,4.295116663E-1,9.436694145E0,1.842473388E0
1.007339037E2,3.116651475E-1,9.410373688E0,1.782652855E0
1.007540154E2,2.817548811E-1,9.417551994E0,1.826321840E0
1.007741270E2,3.320041299E-1,9.422935486E0,1.918445587E0
1.007942386E2,4.169493318E-1,9.412766457E0,1.984248161E0
1.008143503E2,4.181457460E-1,9.423533440E0,1.941775560E0
1.008344619E2,3.966103494E-1,9.436096191E0,1.837089539E0
1.008545736E2,3.756731451E-1,9.417551994E0,1.768295884E0
1.008746852E2,3.786641955E-1,9.419346809E0,1.830509305E0
1.008947968E2,4.277170599E-1,9.417551994E0,1.931606054E0
1.009149085E2,4.731806815E-1,9.431310654E0,1.933400750E0
1.009350201E2,4.677968323E-1,9.454042435E0,1.861017823E0
1.009551317E2,4.695914388E-1,9.464211464E0,1.823929071E0
1.009752434E2,5.030909777E-1,9.454042435E0,1.805982947E0
1.009953550E2,5.551348329E-1,9.455837250E0,1.768894196E0
1.010154666E2,5.006981492E-1,9.422337532E0,1.743769526E0
1.010355782E2,3.762713671E-1,9.433703423E0,1.770090580E0
1.010556899E2,3.343969584E-1,9.405587196E0,1.842473388E0
1.010758015E2,3.523431420E-1,9.414560318E0,1.933998942E0
1.010959131E2,4.115654826E-1,9.424730301E0,1.981855392E0
1.011160248E2,5.718846321E-1,9.457033157E0,1.967498422E0
1.011361364E2,5.569294691E-1,9.448060036E0,1.900499344E0
1.011562481E2,3.720839322E-1,9.418747902E0,1.815554142E0
1.011763597E2,3.553341627E-1,9.415159225E0,1.835893154E0
1.011964713E2,4.731806815E-1,9.439684868E0,1.956132531E0
1.012165830E2,5.300102234E-1,9.470791817E0,2.001596212E0
1.012366946E2,5.814558864E-1,9.466604233E0,1.917249203E0
1.012568063E2,5.545366406E-1,9.471389771E0,1.763510346E0
1.012769179E2,5.198407173E-1,9.469595909E0,1.676770449E0
1.012970295E2,5.132604837E-1,9.450452805E0,1.689931035E0
1.013171412E2,5.156532526E-1,9.419944763E0,1.752144337E0
1.013372528E2,4.749752879E-1,9.410971642E0,1.832902193E0
1.013573644E2,3.858426511E-1,9.408578873E0,1.865205288E0
1.013774761E2,3.517449200E-1,9.420542717E0,1.884347796E0
1.013975877E2,4.271188378E-1,9.406784058E0,1.911865234E0
1.014176993E2,4.851447940E-1,9.427721024E0,1.908874273E0
1.014378110E2,3.984049559E-1,9.417551994E0,1.889731646E0
1.014579226E2,2.703889608E-1,9.415159225E0,1.859223247E0
1.014780342E2,3.206382394E-1,9.433105469E0,1.907677889E0
1.014981459E2,5.048855543E-1,9.436096191E0,1.993819475E0
1.015182575E2,5.772684813E-1,9.422337532E0,1.977069736E0
1.015383691E2,4.911268353E-1,9.434899330E0,1.855035782E0
1.015584808E2,4.235295951E-1,9.452247620E0,1.731805444E0
1.015785924E2,4.791627228E-1,9.454042435E0,1.756331801E0
1.015987040E2,5.611169338E-1,9.465408325E0,1.876571178E0
1.016188157E2,5.874379873E-1,9.465408325E0,1.951346874E0
1.016389273E2,5.533402562E-1,9.439086914E0,1.871785522E0
1.016590390E2,4.917250574E-1,9.449854851E0,1.734796405E0
1.016791506E2,4.534398913E-1,9.449854851E0,1.674377680E0
1.016992622E2,5.144568682E-1,9.440283775E0,1.685743570E0
1.017193739E2,5.742774606E-1,9.416953087E0,1.725823283E0
1.017394855E2,4.372883439E-1,9.409774780E0,1.788634896E0
1.017595972E2,2.470589429E-1,9.415159225E0,1.839482427E0
1.017797088E2,3.098705411E-1,9.424730301E0,1.902294040E0
1.017998204E2,5.443671346E-1,9.416953087E0,1.939980984E0
1.018199320E2,4.390829504E-1,9.394221306E0,1.902294040E0
1.018400437E2,2.183450609E-1,9.407979965E0,1.886740685E0
1.018601553E2,2.871387303E-1,9.413962364E0,1.933400750E0
1.018802669E2,5.688936114E-1,9.412766457E0,1.990230203E0
1.019003786E2,6.143572330E-1,9.432506561E0,1.973480463E0
1.019204902E2,4.630111754E-1,9.446265221E0,1.845464468E0
1.019406018E2,4.181457460E-1,9.481559753E0,1.780260086E0
1.019607135E2,6.317051649E-1,9.480362892E0,1.782652855E0
1.019808251E2,6.664010882E-1,9.484550476E0,1.777269006E0
1.020009367E2,5.736792088E-1,9.459425926E0,1.737787485E0
1.020210484E2,5.485545993E-1,9.450452805E0,1.718046665E0
1.020411600E2,5.479564071E-1,9.458827972E0,1.776670814E0
1.020612717E2,4.851447940E-1,9.435498238E0,1.828116536E0
1.020813833E2,4.432703853E-1,9.410373688E0,1.840678811E0
1.021014949E2,3.924229145E-1,9.416953087E0,1.857428551E0
1.021216066E2,4.163511395E-1,9.404391289E0,1.871187329E0
1.021417182E2,4.151547253E-1,9.389435768E0,1.853839397E0
1.021618299E2,3.690928817E-1,9.362516403E0,1.872981906E0
1.021819415E2,3.409772217E-1,9.406784058E0,1.916650891E0
1.022020531E2,3.810569942E-1,9.409176826E0,1.956132531E0
1.022221648E2,4.313062727E-1,9.419346809E0,1.950150490E0
1.022422764E2,4.869394004E-1,9.406784058E0,1.886740685E0
1.022623880E2,4.456632137E-1,9.435498238E0,1.797009826E0
1.022824997E2,4.713860750E-1,9.424132347E0,1.767697692E0
1.023026113E2,5.222335458E-1,9.420542717E0,1.777269006E0
1.023227229E2,4.929214716E-1,9.413364410E0,1.785643935E0
1.023428345E2,5.330012441E-1,9.442676544E0,1.784447432E0
1.023629462E2,5.982056856E-1,9.447462082E0,1.793420553E0
1.023830578E2,5.904290080E-1,9.446864128E0,1.848455548E0
1.024031695E2,5.443671346E-1,9.446265221E0,1.884945989E0
1.024232811E2,5.204389095E-1,9.450452805E0,1.897508383E0
1.024433927E2,5.341976285E-1,9.439086914E0,1.925025821E0
1.024635044E2,5.778666735E-1,9.443274498E0,1.966900229E0
1.024836160E2,6.233302951E-1,9.443872452E0,1.977069736E0
1.025037276E2,5.623133183E-1,9.452845573E0,1.935195327E0
1.025238393E2,5.150550604E-1,9.442078590E0,1.901097536E0
1.025439509E2,4.917250574E-1,9.424730301E0,1.889731646E0
1.025640626E2,5.401797295E-1,9.429515839E0,1.931606054E0
1.025841742E2,5.341976285E-1,9.426525116E0,1.936989903E0
1.026042858E2,5.353940725E-1,9.421140671E0,1.865205288E0
1.026243975E2,5.132604837E-1,9.414560318E0,1.808973908E0
1.026445091E2,5.078766346E-1,9.428917885E0,1.795813441E0
1.026646207E2,5.826523304E-1,9.416355133E0,1.786242127E0
1.026847324E2,5.724828243E-1,9.400203705E0,1.801197290E0
1.027048440E2,4.666004181E-1,9.395418167E0,1.871187329E0
1.027249556E2,4.079762697E-1,9.396614075E0,1.896311998E0
1.027450672E2,5.048855543E-1,9.403793335E0,1.932204247E0
1.027651789E2,5.174478889E-1,9.421140671E0,1.969891191E0
1.027852905E2,5.108676553E-1,9.412167549E0,1.989632010E0
1.028054022E2,5.006981492E-1,9.402596474E0,2.038684845E0
1.028255138E2,5.096712112E-1,9.409774780E0,1.977667928E0
1.028456254E2,5.790630579E-1,9.404391289E0,1.954337835E0
1.028657371E2,6.167500615E-1,9.432506561E0,1.944766641E0
1.028858487E2,6.664010882E-1,9.451649666E0,1.894517303E0
1.029059603E2,6.107679605E-1,9.464211464E0,1.925624013E0
1.029260720E2,5.862415433E-1,9.466006279E0,1.977069736E0
1.029461836E2,7.028916478E-1,9.446864128E0,1.973480463E0
1.029662952E2,7.064808607E-1,9.440881729E0,1.968096614E0
1.029864069E2,5.581258535E-1,9.438488960E0,1.971087694E0
1.030065185E2,5.234299302E-1,9.437891006E0,2.017149448E0
1.030266302E2,6.352944374E-1,9.443872452E0,2.045265198E0
1.030467418E2,6.897311211E-1,9.438488960E0,2.024926186E0
1.030668535E2,5.706881881E-1,9.410373688E0,1.922034740E0
1.030869651E2,4.253242314E-1,9.388837814E0,1.860419631E0
1.031070767E2,4.283152521E-1,9.378668785E0,1.885544300E0
1.031271884E2,5.521438122E-1,9.378069878E0,1.962114573E0
1.031473000E2,5.922235847E-1,9.384650230E0,1.995015860E0
1.031674116E2,4.594219327E-1,9.388239861E0,1.957927108E0
1.031875232E2,3.768695593E-1,9.400801659E0,1.909472466E0
1.032076349E2,5.144568682E-1,9.463613510E0,1.918445587E0
1.032277465E2,7.609176040E-1,9.466604233E0,1.935793519E0
1.032478581E2,8.781659007E-1,9.505488396E0,1.898704767E0
1.032679698E2,8.374879360E-1,9.471988678E0,1.763510346E0
1.032880814E2,6.089733839E-1,9.463015556E0,1.703689694E0
1.033081930E2,4.929214716E-1,9.443274498E0,1.811964989E0
1.033283047E2,6.149554253E-1,9.397810936E0,2.035693884E0
1.033484163E2,6.640082598E-1,9.400203705E0,2.190629244E0
1.033685280E2,5.539384484E-1,9.434301376E0,2.154138565E0
1.033886396E2,4.211367965E-1,9.416953087E0,1.980060697E0
1.034087512E2,4.205385745E-1,9.419346809E0,1.895713687E0
1.034288629E2,5.066801906E-1,9.406186104E0,1.981257200E0
1.034489745E2,5.491527915E-1,9.413364410E0,2.054238319E0
1.034690862E2,4.941178858E-1,9.400801659E0,1.987239242E0
1.034891978E2,4.121637046E-1,9.390632629E0,1.857428551E0
1.035093094E2,4.510470629E-1,9.405587196E0,1.798804402E0
1.035294211E2,5.605186820E-1,9.429515839E0,1.795813441E0
1.035495327E2,5.904290080E-1,9.438488960E0,1.751546144E0
1.035696443E2,5.724828243E-1,9.429515839E0,1.696511269E0
1.035897560E2,4.857429862E-1,9.428917885E0,1.742573142E0
1.036098676E2,4.181457460E-1,9.420542717E0,1.854437590E0
1.036299792E2,4.336991012E-1,9.401998520E0,1.919641972E0
1.036500908E2,4.516452849E-1,9.391230583E0,1.893320918E0
1.036702025E2,4.480560422E-1,9.400801659E0,1.902294040E0
1.036903141E2,4.701896608E-1,9.422935486E0,1.986641049E0
1.037104257E2,5.318048596E-1,9.436694145E0,2.023131609E0
1.037305374E2,5.629115105E-1,9.422935486E0,1.940579176E0
1.037506490E2,4.947160780E-1,9.442078590E0,1.829911113E0
1.037707607E2,4.618147612E-1,9.442676544E0,1.801795483E0
1.037908723E2,5.718846321E-1,9.429515839E0,1.834696770E0
1.038109840E2,5.826523304E-1,9.454640388E0,1.820339799E0
1.038310956E2,4.486542344E-1,9.433703423E0,1.740180254E0
1.038512072E2,4.797609448E-1,9.433703423E0,1.781456470E0
1.038713189E2,5.264210105E-1,9.443274498E0,1.870589137E0
1.038914305E2,5.581258535E-1,9.407979965E0,1.903490424E0
1.039115422E2,5.772684813E-1,9.419944763E0,1.869990945E0
1.039316538E2,6.293123364E-1,9.439684868E0,1.822134495E0
1.039517654E2,5.922235847E-1,9.430712700E0,1.777269006E0
1.039718770E2,5.676971674E-1,9.412167549E0,1.723430514E0
1.039919887E2,5.270192027E-1,9.418747902E0,1.736590981E0
1.040121003E2,5.138586760E-1,9.389435768E0,1.852642894E0
1.040322119E2,4.887340367E-1,9.406186104E0,1.956730723E0
1.040523236E2,5.198407173E-1,9.371489525E0,1.978266120E0
1.040724352E2,5.078766346E-1,9.381659508E0,1.911267042E0
1.040925468E2,5.174478889E-1,9.379266739E0,1.835294962E0
1.041126585E2,3.888336718E-1,9.384052277E0,1.844866276E0
1.041327701E2,3.086741269E-1,9.421140671E0,1.919043779E0
1.041528817E2,4.827519655E-1,9.427721024E0,1.953141451E0
1.041729934E2,6.179464459E-1,9.388239861E0,1.871785522E0
1.041931050E2,6.239284873E-1,9.374481201E0,1.704287887E0
1.042132167E2,5.898307562E-1,9.403793335E0,1.596610904E0
1.042333283E2,5.599204898E-1,9.412167549E0,1.633101463E0
1.042534399E2,5.204389095E-1,9.396016121E0,1.802991867E0
1.042735516E2,5.114658475E-1,9.415159225E0,2.051845312E0
1.042936632E2,5.090730190E-1,9.403194427E0,2.199003935E0
1.043137749E2,4.995017350E-1,9.343972206E0,2.169093609E0
1.043338865E2,1.549352705E-1,9.358329773E0,2.032104731E0
1.043539981E2,-8.494520187E-2,9.278169632E0,1.916650891E0
1.043741098E2,-5.802594870E-2,9.131011009E0,1.893320918E0
1.043942214E2,6.281159073E-2,9.053244591E0,1.862214208E0
1.044143330E2,5.006981492E-1,9.017950058E0,2.008176327E0
1.044344447E2,9.936196208E-1,9.058030128E0,2.320439816E0
1.044545563E2,1.118644595E0,9.043074608E0,2.188236237E0
1.044746679E2,7.058826685E-1,8.976674080E0,2.009372711E0
1.044947795E2,1.142572835E-1,8.801400185E0,1.722234130E0
1.045148912E2,-3.122633696E-1,8.417351723E0,1.560120344E0
1.045350028E2,-3.020938635E-1,7.851449490E0,1.541576028E0
1.045551144E2,5.461617708E-1,7.213762283E0,1.523031592E0
1.045752261E2,2.577668190E0,6.834499836E0,1.770090580E0
1.045953377E2,4.002593994E0,7.030112743E0,1.760519266E0
1.046154494E2,5.012963295E0,7.313064098E0,2.021935225E0
1.046355610E2,4.990829945E0,7.054041386E0,2.288734913E0
1.046556726E2,4.546961308E0,6.939185619E0,2.496312141E0
1.046757843E2,5.237888813E0,6.808178425E0,2.611765862E0
1.046958959E2,7.440482140E0,6.303891182E0,3.634099483E0
1.047160076E2,8.848658562E0,6.778866768E0,3.862015724E0
1.047361192E2,6.829713821E0,6.044270039E0,5.726622581E0
1.047562308E2,8.769695282E0,6.141179085E0,2.822334290E0
1.047763425E2,5.706882000E0,6.370292187E0,1.433300734E0
1.047964541E2,9.366106033E0,5.109274387E0,4.207778454E0
1.048165657E2,9.610174179E0,4.927420139E0,5.209773064E0
1.048366774E2,8.406583786E0,4.814957142E0,5.593223095E0
1.048567890E2,7.409375191E0,4.183252335E0,5.823532104E0
1.048769006E2,7.054041386E0,3.607778311E0,5.194219589E0
1.048970123E2,1.034836006E1,2.407179594E0,5.456233978E0
1.049171239E2,1.486361599E1,3.355335474E0,5.867201328E0
1.049372355E2,9.448060036E0,6.991229534E0,4.508078098E0
1.049573472E2,9.997213364E0,4.998008251E0,3.299702406E0
1.049774588E2,9.750154495E0,4.467998028E0,4.055236340E0
1.049975704E2,1.017547798E1,4.810770035E0,5.500501156E0
1.050176821E2,6.555137634E0,4.389633179E0,3.632304668E0
1.050377937E2,7.147361279E0,3.611965895E0,5.330610752E0
1.050579054E2,8.088338852E0,4.208974838E0,4.998008251E0
1.050780170E2,8.846264839E0,4.844867706E0,3.180061340E0
1.050981286E2,7.612765312E0,4.625326157E0,1.295115232E0
1.051182403E2,8.575278282E0,5.264209747E0,7.280163169E-1
1.051383519E2,1.039382362E1,5.840879917E0,1.588834286E0
1.051584636E2,8.417351723E0,4.542773724E0,3.714857101E-1
1.051785752E2,8.315058708E0,3.866801500E0,-2.560320199E-1
1.051986868E2,6.811169624E0,6.335596085E0,-2.727817893E-1
1.052187985E2,1.153460121E1,5.858826160E0,-1.091127157E0
1.052389101E2,1.001336479E1,4.705485821E0,1.768295884E0
1.052590217E2,8.889336586E0,4.028316975E0,1.133599758E0
1.052791334E2,9.508479118E0,3.211168051E0,-1.375873014E-2
1.052992450E2,9.456435204E0,2.475374937E0,1.848455518E-1
1.053193566E2,9.470193863E0,1.669592023E0,1.469193101E0
1.053394682E2,9.399007797E0,7.058826685E-1,2.324627161E0
1.053595799E2,9.276973724E0,-4.845465720E-1,2.140379906E0
1.053796915E2,9.070592880E0,-1.364507079E0,1.601994753E0
1.053998031E2,8.888139725E0,-1.410568953E0,1.871785522E0
1.054199148E2,8.250452042E0,-1.109073281E0,1.593619823E0
1.054400264E2,7.294519901E0,-1.443470240E0,2.217548370E0
1.054601380E2,7.523632526E0,-3.078366280E0,2.212762833E0
1.054802497E2,8.276773453E0,-3.047259569E0,6.604190469E-1
1.055003613E2,9.321838379E0,-1.864607096E0,-7.304090858E-1
1.055204730E2,9.723833084E0,-1.874178290E0,-5.665007830E-1
1.055405846E2,1.057507992E1,-2.833700180E0,1.134197950E0
1.055606963E2,9.527023315E0,-1.552343726E0,3.119642496E0
1.055808079E2,9.535398483E0,-1.747956991E0,2.545365095E0
1.056009195E2,1.020060253E1,-1.103689432E0,1.945963025E0
1.056210312E2,1.022034359E1,-6.245267391E-1,1.634896040E0
1.056411428E2,9.934999466E0,-2.859423161E-1,8.620143533E-1
1.056612544E2,9.923035622E0,-4.534398913E-1,1.283749342E0
1.056813661E2,9.844670296E0,-6.897311211E-1,1.599601984E0
1.057014777E2,9.363713264E0,-1.123430252E0,1.612164259E0
1.057215893E2,9.224929810E0,-1.276570916E0,2.865405083E0
1.057417010E2,9.528220177E0,-9.158528447E-1,3.001796007E0
1.057618126E2,9.756135941E0,-5.778666735E-1,3.102892876E0
1.057819242E2,9.887143135E0,-5.892325640E-1,2.897708178E0
1.058020359E2,9.778269768E0,-6.873382926E-1,2.563311338E0
1.058221475E2,9.672387123E0,-7.298108935E-1,2.190030813E0
1.058422591E2,9.829715729E0,-7.034898400E-1,2.595614433E0
1.058623707E2,1.000139999E1,-5.383850932E-1,3.172882795E0
1.058824824E2,9.689735413E0,-4.941178858E-1,2.925225735E0
1.059025940E2,9.385847092E0,-5.318048596E-1,2.398206472E0
1.059227057E2,9.282955170E0,-6.592226624E-1,2.264208317E0
1.059428173E2,9.260822296E0,-7.082754970E-1,2.380260229E0
1.059629290E2,9.304491043E0,-6.699903607E-1,2.523829699E0
1.059830406E2,9.498309135E0,-6.263213158E-1,2.538784742E0
1.060031522E2,9.548559189E0,-5.557330847E-1,2.396411896E0
1.060232639E2,9.669396400E0,-5.748756528E-1,2.527418852E0
1.060433755E2,9.565308571E0,-5.258227587E-1,2.690130949E0
1.060634871E2,9.580862045E0,-5.108676553E-1,2.726621389E0
1.060835988E2,9.839286804E0,-2.961117923E-1,2.444268227E0
1.061037104E2,9.728020668E0,-2.572284341E-1,2.295315027E0
1.061238220E2,9.708877563E0,-3.062812984E-1,2.411366940E0
1.061439337E2,9.695717812E0,-2.638086975E-1,2.242672920E0
1.061640453E2,9.778867722E0,-1.968096644E-1,2.203191519E0
1.061841569E2,9.773484230E0,-1.537388563E-1,2.274377823E0
1.062042686E2,9.743574142E0,-1.076770201E-1,2.401197433E0
1.062243802E2,9.708279610E0,-8.015955985E-2,2.323430777E0
1.062444918E2,9.647262573E0,-1.238285750E-1,2.166700840E0
1.062646035E2,9.449854851E0,-2.183450609E-1,2.057229280E0
1.062847151E2,9.558130264E0,-1.872383654E-1,2.043470621E0
1.063048267E2,9.668798447E0,-9.272187948E-2,2.233101845E0
1.063249384E2,9.790233612E0,-1.034895778E-1,2.330609322E0
1.063450500E2,9.776474953E0,-1.435693651E-1,2.191227436E0
1.063651616E2,9.709476471E0,-1.148554832E-1,2.008774519E0
1.063852733E2,9.795019150E0,-1.304088384E-1,2.187039852E0
1.064053849E2,9.718449593E0,-1.603191197E-1,2.421536446E0
1.064254966E2,9.723235130E0,-1.399801224E-1,2.471187592E0
1.064456082E2,9.722636223E0,-1.316052526E-1,2.442473650E0
1.064657198E2,9.640084267E0,-9.990034252E-2,2.252842426E0
1.064858315E2,9.706484795E0,-2.225325108E-1,2.219342947E0
1.065059431E2,9.590433121E0,-2.638086975E-1,2.252842426E0
1.065260547E2,9.636494637E0,-2.542374134E-1,2.314457655E0
1.065461664E2,9.794421196E0,-1.902294010E-1,2.516651154E0
1.065662780E2,9.881160736E0,-9.391828626E-2,2.572882652E0
1.065863897E2,9.795019150E0,-1.226321608E-1,2.340778828E0
1.066065013E2,9.640682220E0,-1.884347796E-1,2.082952023E0
1.066266129E2,9.606584549E0,-1.411765367E-1,2.117648125E0
1.066467245E2,9.606584549E0,-1.292124242E-1,2.058425665E0
1.066668362E2,9.626325607E0,-1.160518974E-1,2.006979942E0
1.066869478E2,9.585647583E0,-1.423729509E-1,1.937588096E0
1.067070594E2,9.620343208E0,-1.471585929E-1,1.916052699E0
1.067271711E2,9.689735413E0,-1.052841991E-1,1.972284079E0
1.067472827E2,9.653244972E0,-1.016949639E-1,2.115853310E0
1.067673943E2,9.648459435E0,-9.212367237E-2,2.128415823E0
1.067875060E2,9.818947792E0,-1.202393398E-1,2.151745796E0
1.068076176E2,9.720243454E0,1.268195957E-1,2.141576290E0
1.068277292E2,9.757930756E0,-3.589233849E-3,2.017149448E0
1.068478409E2,9.836296082E0,3.469592705E-2,2.016551256E0
1.068679525E2,9.881759644E0,7.716853172E-2,2.054836512E0
1.068880641E2,9.827322960E0,4.007977992E-2,2.032702923E0
1.069081758E2,9.774082184E0,-1.674975827E-2,2.063809633E0
1.069282874E2,9.730413437E0,-5.862415582E-2,2.067996979E0
1.069483990E2,9.679565430E0,-3.050848842E-2,1.945364833E0
1.069685107E2,9.790832520E0,1.094716340E-1,2.045265198E0
1.069886223E2,9.732806206E0,9.571290761E-2,1.981257200E0
1.070087340E2,9.654440880E0,2.093719877E-2,1.927418590E0
1.070288456E2,9.692726135E0,1.435693540E-2,1.881955028E0
1.070489572E2,9.711270332E0,8.673982322E-2,1.866401672E0
1.070690689E2,9.840482712E0,1.417747438E-1,1.898704767E0
1.070891805E2,9.810572624E0,1.058823988E-1,1.986042738E0
1.071092922E2,9.732806206E0,8.973085321E-3,1.971685886E0
1.071294038E2,9.742975235E0,-1.196411345E-2,2.017747641E0
1.071495154E2,9.744770050E0,4.307080805E-2,1.977069736E0
1.071696270E2,9.719645500E0,2.512463741E-2,1.899302959E0
1.071897387E2,9.658030510E0,-7.776673418E-3,1.918445587E0
1.072098503E2,9.713663101E0,2.392822644E-3,1.959721804E0
1.072299619E2,9.771091461E0,2.751746029E-2,2.100898266E0
1.072500736E2,9.792626381E0,2.213360928E-2,2.070389748E0
1.072701852E2,9.728618622E0,3.529413417E-2,1.888535261E0
1.072902968E2,9.725627899E0,1.854437590E-2,1.938784599E0
1.073104084E2,9.735796928E0,3.409772366E-2,1.958525300E0
1.073305201E2,9.725627899E0,8.973085321E-3,1.996212244E0
1.073506317E2,9.702896118E0,-7.776673418E-3,2.040479422E0
1.073707434E2,9.767501831E0,3.349951655E-2,2.063211441E0
1.073908550E2,9.832108498E0,5.802594870E-2,2.120040894E0
1.074109666E2,9.803394318E0,4.486542568E-2,2.088335991E0
1.074310783E2,9.756135941E0,2.512463741E-2,2.025524378E0
1.074511899E2,9.753743172E0,2.093719877E-2,1.945963025E0
1.074713015E2,9.753743172E0,3.050848842E-2,1.890329838E0
1.074914132E2,9.778269768E0,3.529413417E-2,1.928016901E0
1.075115248E2,9.756135941E0,5.922235921E-2,1.929811478E0
1.075316365E2,9.743574142E0,1.854437590E-2,1.905285001E0
1.075517481E2,9.708877563E0,1.196411322E-3,1.907677889E0
1.075718597E2,9.687342644E0,-2.991028316E-2,1.879562140E0
1.075919714E2,9.811769485E0,4.905286431E-2,1.978864312E0
1.076120830E2,9.753743172E0,2.811566554E-2,1.919641972E0
1.076321945E2,9.719047546E0,-1.615155302E-2,1.899901152E0
1.076523063E2,9.750154495E0,2.691925503E-2,1.962712765E0
1.076724179E2,9.755537987E0,4.785645381E-2,1.920838356E0
1.076925295E2,9.790233612E0,6.580262445E-3,1.945963025E0
1.077126412E2,9.766903877E0,5.204389244E-2,1.960918188E0
1.077327527E2,9.756135941E0,3.409772366E-2,1.884945989E0
1.077528644E2,9.704092026E0,1.136590727E-2,1.869392633E0
1.077729761E2,9.715457916E0,5.443671346E-2,1.907079697E0
1.077930877E2,9.770493507E0,6.640082598E-2,1.879562140E0
1.078131993E2,9.774082184E0,9.092725813E-2,1.829312921E0
1.078333110E2,9.835099220E0,8.255238086E-2,1.942971945E0
1.078534226E2,9.824930191E0,6.041877344E-2,1.897508383E0
1.078735342E2,9.788438797E0,4.247260094E-2,1.858026743E0
1.078936459E2,9.771689415E0,3.170489892E-2,1.924427629E0
1.079137575E2,9.761520386E0,3.529413417E-2,1.899302959E0
1.079338691E2,9.743574142E0,3.050848842E-2,1.829911113E0
1.079539807E2,9.739984512E0,4.666004330E-2,1.797009826E0
1.079740924E2,9.766305923E0,5.503492057E-2,1.865803480E0
1.079942040E2,9.747760773E0,5.264209956E-2,1.748555183E0
1.080143157E2,9.777671814E0,5.443671346E-2,1.795215130E0
1.080344273E2,9.802198410E0,6.939185411E-2,1.820937991E0
1.080545389E2,9.777671814E0,7.716853172E-2,1.750947952E0
1.080746506E2,9.765109062E0,8.673982322E-2,1.760519266E0
1.080947622E2,9.735198975E0,7.776673883E-2,1.754537225E0
1.081148739E2,9.715457916E0,6.161518395E-2,1.776670814E0
1.081349855E2,9.738189697E0,5.563312769E-2,1.788634896E0
1.081550971E2,9.781859398E0,8.075776696E-2,1.841277003E0
1.081752088E2,9.793823242E0,8.673982322E-2,1.874776483E0
1.081953204E2,9.784850121E0,6.281159073E-2,1.871187329E0
1.082154320E2,9.796813965E0,6.520441920E-2,1.940579176E0
1.082355437E2,9.817750931E0,6.939185411E-2,1.882553220E0
1.082556553E2,9.760921478E0,6.041877344E-2,1.823929071E0
1.082757669E2,9.732806206E0,3.708875179E-2,1.823330879E0
1.082958786E2,9.765109062E0,4.067798331E-2,1.831107497E0
1.083159902E2,9.792028427E0,6.400800496E-2,1.776670814E0
1.083361018E2,9.777671814E0,8.135596663E-2,1.828714728E0
1.083562135E2,9.765109062E0,7.178468257E-2,1.848455548E0
1.083763251E2,9.720243454E0,3.589234129E-2,1.807179332E0
1.083964367E2,9.732806206E0,5.443671346E-2,1.774278045E0
1.084165484E2,9.738189697E0,7.836493850E-2,1.785643935E0
1.084366600E2,9.751948357E0,6.400800496E-2,1.847259045E0
1.084567716E2,9.821340561E0,8.614161611E-2,1.938186288E0
1.084768832E2,9.787242889E0,9.750752151E-2,1.852044702E0
1.084969949E2,9.768099785E0,4.785645381E-2,1.895713687E0
1.085171065E2,9.787840843E0,6.221338734E-2,1.916052699E0
1.085372181E2,9.775876999E0,8.195417374E-2,1.879562140E0
1.085573298E2,9.761520386E0,6.640082598E-2,1.923231244E0
1.085774414E2,9.795618057E0,8.135596663E-2,1.960918188E0
1.085975531E2,9.766305923E0,9.092725813E-2,1.905883193E0
1.086176647E2,9.720842361E0,2.632104978E-2,1.859223247E0
1.086377763E2,9.777671814E0,4.845465720E-2,1.858624935E0
1.086578880E2,9.805189133E0,8.853443712E-2,1.837089539E0
1.086779996E2,9.737591743E0,5.862415582E-2,1.820339799E0
1.086981113E2,9.716055870E0,5.324030295E-2,1.788036704E0
1.087182229E2,9.761520386E0,8.434699476E-2,1.919641972E0
1.087383345E2,9.789635658E0,1.004985496E-1,1.885544300E0
1.087584462E2,9.741779327E0,8.494520187E-2,1.767697692E0
1.087785578E2,9.735796928E0,8.255238086E-2,1.786242127E0
1.087986693E2,9.746564865E0,1.220339537E-1,1.790429592E0
1.088187811E2,9.802198410E0,8.913264424E-2,1.844866276E0
1.088388927E2,9.799804688E0,8.315058798E-2,1.899302959E0
1.088590043E2,9.785448074E0,1.004985496E-1,1.936989903E0
1.088791160E2,9.750752449E0,6.400800496E-2,1.898106575E0
1.088992276E2,9.772287369E0,6.041877344E-2,1.872383714E0
1.089193392E2,9.754940033E0,7.058826834E-2,1.835294962E0
1.089394509E2,9.734002113E0,5.563312769E-2,1.879562140E0
1.089595625E2,9.745368004E0,6.101697683E-2,1.916052699E0
1.089796741E2,9.781859398E0,7.178468257E-2,1.922633052E0
1.089997857E2,9.775279045E0,7.597211748E-2,1.868794441E0
1.090198974E2,9.780662537E0,9.272187948E-2,1.838884234E0
1.090400090E2,9.776474953E0,1.160518974E-1,1.824527264E0
1.090601206E2,9.781260490E0,1.142572835E-1,1.878963947E0
1.090802323E2,9.760323524E0,1.076770201E-1,1.883749604E0
1.091003439E2,9.728618622E0,8.315058798E-2,1.880758643E0
1.091204555E2,9.738189697E0,7.238288224E-2,1.884347796E0
1.091405672E2,9.787840843E0,8.733802289E-2,1.900499344E0
1.091606788E2,9.809376717E0,1.142572835E-1,1.847259045E0
1.091807905E2,9.771091461E0,1.022931710E-1,1.798804402E0
1.092009021E2,9.769894600E0,7.836493850E-2,1.836491346E0
1.092210137E2,9.757332802E0,6.699903309E-2,1.792224169E0
1.092411254E2,9.755537987E0,5.563312769E-2,1.804188251E0
1.092612370E2,9.763913155E0,8.434699476E-2,1.840678811E0
1.092813487E2,9.813564301E0,9.930214286E-2,1.881356835E0
1.093014603E2,9.788438797E0,9.690931439E-2,1.845464468E0
1.093215719E2,9.747760773E0,7.896314561E-2,1.793420553E0
1.093416836E2,9.773484230E0,8.374879509E-2,1.804188251E0
1.093617952E2,9.783653259E0,9.631111473E-2,1.819741607E0
1.093819068E2,9.748957634E0,8.135596663E-2,1.847857237E0
1.094020185E2,9.742377281E0,8.075776696E-2,1.838286042E0
1.094221301E2,9.771689415E0,9.092725813E-2,1.840080619E0
1.094422417E2,9.765707016E0,9.092725813E-2,1.813161373E0
1.094623534E2,9.796216011E0,9.571290761E-2,1.777867198E0
1.094824650E2,9.774680138E0,8.973085135E-2,1.788634896E0
1.095025766E2,9.782457352E0,1.076770201E-1,1.876571178E0
1.095226882E2,9.763913155E0,7.238288224E-2,1.853839397E0
1.095427999E2,9.733404160E0,6.281159073E-2,1.799402595E0
1.095629115E2,9.729216576E0,5.922235921E-2,1.760519266E0
1.095830231E2,9.782457352E0,8.015955985E-2,1.780260086E0
1.096031348E2,9.784252167E0,6.340979785E-2,1.906481385E0
1.096232464E2,9.789635658E0,6.699903309E-2,1.933400750E0
1.096433581E2,9.768698692E0,5.802594870E-2,1.831705689E0
1.096634697E2,9.780662537E0,5.802594870E-2,1.856232166E0
1.096835813E2,9.780064583E0,8.195417374E-2,1.835893154E0
1.097036930E2,9.769894600E0,7.956135273E-2,1.870589137E0
1.097238046E2,9.775876999E0,9.451649338E-2,1.836491346E0
1.097439163E2,9.771689415E0,1.034895778E-1,1.807777524E0
1.097640279E2,9.748359680E0,1.148554832E-1,1.737189293E0
1.097841395E2,9.762118340E0,1.196411327E-1,1.767697692E0
1.098042512E2,9.803992271E0,1.094716340E-1,1.844268084E0
1.098243628E2,9.781859398E0,6.520441920E-2,1.877169371E0
1.098444744E2,9.740582466E0,3.768695518E-2,1.836491346E0
1.098645861E2,9.794421196E0,4.546362907E-2,1.905285001E0
1.098846977E2,9.768698692E0,4.965107143E-2,1.866999865E0
1.099048093E2,9.756135941E0,2.931207791E-2,1.854437590E0
1.099249210E2,9.748359680E0,4.426721856E-2,1.862214208E0
1.099450326E2,9.771091461E0,4.965107143E-2,1.892722726E0
1.099651442E2,9.757930756E0,4.067798331E-2,1.854437590E0
1.099852559E2,9.739386559E0,4.725824669E-2,1.843071699E0
1.100053675E2,9.772886276E0,6.460621208E-2,1.841277003E0
1.100254791E2,9.792626381E0,8.374879509E-2,1.834696770E0
1.100455908E2,9.772287369E0,9.571290761E-2,1.792822361E0
1.100657024E2,9.769894600E0,9.750752151E-2,1.851446509E0
1.100858140E2,9.747760773E0,8.913264424E-2,1.871785522E0
1.101059257E2,9.736394882E0,6.699903309E-2,1.874776483E0
1.101260373E2,9.774680138E0,8.614161611E-2,1.865205288E0
1.101461490E2,9.808179855E0,1.094716340E-1,1.889133453E0
1.101662606E2,9.798010826E0,7.716853172E-2,1.935793519E0
1.101863723E2,9.769894600E0,5.682953820E-2,1.963310957E0
1.102064839E2,9.751350403E0,4.546362907E-2,1.928615093E0
1.102265955E2,9.751948357E0,3.110669367E-2,1.871785522E0
1.102467072E2,9.763314247E0,4.307080805E-2,1.881955028E0
1.102668188E2,9.758528709E0,4.426721856E-2,1.871187329E0
1.102869304E2,9.737591743E0,4.307080805E-2,1.882553220E0
1.103070420E2,9.742975235E0,4.905286431E-2,1.910668850E0
1.103271536E2,9.775279045E0,5.324030295E-2,1.944168448E0
1.103472653E2,9.763314247E0,7.417750359E-2,1.850848317E0
1.103673769E2,9.772287369E0,7.238288224E-2,1.879562140E0
1.103874886E2,9.774082184E0,8.853443712E-2,1.875972986E0
1.104076002E2,9.790233612E0,1.016949639E-1,1.996810555E0
1.104277119E2,9.812965393E0,1.250249892E-1,2.118844509E0
1.104478235E2,9.818947792E0,1.333998591E-1,1.981855392E0
1.104679351E2,9.898509026E0,1.812563092E-1,1.849053741E0
1.104880468E2,9.873384476E0,1.752742529E-1,1.746162295E0
1.105081584E2,9.741779327E0,1.094716340E-1,1.671984792E0
1.105282701E2,9.646066666E0,4.067798331E-2,1.670788407E0
1.105483817E2,9.651450157E0,5.383851007E-3,1.652244091E0
1.105684933E2,9.726225853E0,5.024927482E-2,1.663609982E0
1.105886050E2,9.765109062E0,2.751746029E-2,1.759322882E0
1.106087165E2,9.777671814E0,2.033899166E-2,1.710868239E0
1.106288282E2,9.780662537E0,3.828516230E-2,1.765304923E0
1.106489399E2,9.777671814E0,3.589234129E-2,1.822732687E0
1.106690515E2,9.785448074E0,4.067798331E-2,1.782054663E0
1.106891631E2,9.817152977E0,5.563312769E-2,1.716252089E0
1.107092748E2,9.804591179E0,6.640082598E-2,1.701895118E0
1.107293864E2,9.783055305E0,4.307080805E-2,1.742573142E0
1.107494980E2,9.765109062E0,5.922235921E-2,1.738385677E0
1.107696097E2,9.792626381E0,8.315058798E-2,1.734796405E0
1.107897213E2,9.780662537E0,7.298108935E-2,1.764706731E0
1.108098330E2,9.742975235E0,6.281159073E-2,1.709073544E0
1.108299446E2,9.759127617E0,3.828516230E-2,1.684547186E0
1.108500562E2,9.777671814E0,5.204389244E-2,1.706082582E0
1.108701679E2,9.806385040E0,3.649054468E-2,1.698904037E0
1.108902795E2,9.792626381E0,4.426721856E-2,1.649253011E0
1.109103912E2,9.847063065E0,3.828516230E-2,1.719243050E0
1.109305028E2,9.786644936E0,3.529413417E-2,1.768894196E0
1.109506144E2,9.771689415E0,1.316052489E-2,1.800599098E0
1.109707261E2,9.748359680E0,-2.931207791E-2,1.795215130E0
1.109908377E2,9.794421196E0,-1.196411345E-2,1.787438512E0
1.110109493E2,9.826724052E0,1.196411322E-3,1.832902193E0
1.110310610E2,9.826126099E0,-1.495514158E-2,1.836491346E0
1.110511726E2,9.777671814E0,-2.213360928E-2,1.769492388E0
1.110712842E2,9.777671814E0,-3.349951655E-2,1.738983870E0
1.110913959E2,9.785448074E0,-1.435693540E-2,1.729412556E0
1.111115075E2,9.792626381E0,-1.136590727E-2,1.727019787E0
1.111316192E2,9.772287369E0,-3.589234129E-2,1.722832322E0
1.111517308E2,9.763314247E0,-6.161518395E-2,1.737787485E0
1.111718424E2,9.744770050E0,-7.716853172E-2,1.709073544E0
1.111919541E2,9.792626381E0,-6.101697683E-2,1.732403636E0
1.112120657E2,9.813564301E0,-3.768695518E-2,1.768295884E0
1.112321774E2,9.774082184E0,-5.862415582E-2,1.791625977E0
1.112522890E2,9.824331284E0,-7.537391037E-2,1.697109461E0
1.112724006E2,9.774082184E0,-9.212367237E-2,1.677966833E0
1.112925123E2,9.754341125E0,-1.178465188E-1,1.724028707E0
1.113126239E2,9.763913155E0,-1.292124242E-1,1.748555183E0
1.113327355E2,9.800403595E0,-9.092725813E-2,1.777867198E0
1.113528472E2,9.852447510E0,-4.905286431E-2,1.805982947E0
1.113729588E2,9.834501266E0,-8.015955985E-2,1.780858278E0
1.113930704E2,9.754341125E0,-1.232303679E-1,1.686341763E0
1.114131821E2,9.765707016E0,-1.238285750E-1,1.603191137E0
1.114332937E2,9.808179855E0,-9.391828626E-2,1.621735573E0
1.114534054E2,9.795618057E0,-9.750752151E-2,1.643270969E0
1.114735170E2,9.765707016E0,-1.004985496E-1,1.670190215E0
1.114936287E2,9.773484230E0,-1.118644550E-1,1.627717614E0
1.115137403E2,9.825528145E0,-7.238288224E-2,1.691725612E0
1.115338519E2,9.823135376E0,-8.973085135E-2,1.760519266E0
1.115539636E2,9.786644936E0,-1.507478207E-1,1.744965911E0
1.115740752E2,9.782457352E0,-1.722832322E-1,1.658226132E0
1.115941868E2,9.826724052E0,-1.585244983E-1,1.672582984E0
1.116142985E2,9.813564301E0,-1.561316848E-1,1.721037745E0
1.116344101E2,9.763314247E0,-1.830509305E-1,1.677368641E0
1.116545217E2,9.740582466E0,-2.063809484E-1,1.738983870E0
1.116746334E2,9.775876999E0,-1.968096644E-1,1.783849239E0
1.116947450E2,9.766903877E0,-2.087737769E-1,1.730608940E0
1.117148567E2,9.812965393E0,-1.974078715E-1,1.705484390E0
1.117349683E2,9.825528145E0,-1.998006850E-1,1.721635938E0
1.117550800E2,9.788438797E0,-1.932204217E-1,1.718644857E0
1.117751916E2,9.807581902E0,-1.866401732E-1,1.668993831E0
1.117953032E2,9.812367439E0,-1.555334777E-1,1.639083505E0
1.118154149E2,9.812965393E0,-1.513460279E-1,1.652842283E0
1.118355265E2,9.796216011E0,-1.597209126E-1,1.620539188E0
1.118556381E2,9.762118340E0,-1.728814393E-1,1.631905079E0
1.118757498E2,9.784850121E0,-1.842473447E-1,1.693520188E0
1.118958614E2,9.806983948E0,-2.039881349E-1,1.651645780E0
1.119159730E2,9.799804688E0,-2.057827413E-1,1.590030670E0
1.119360847E2,9.785448074E0,-2.201396823E-1,1.604985833E0
1.119561963E2,9.795019150E0,-2.428714931E-1,1.613360643E0
1.119763080E2,9.781260490E0,-2.638086975E-1,1.571486235E0
1.119964196E2,9.763913155E0,-2.913261652E-1,1.624128342E0
1.120165313E2,9.777072906E0,-2.841476798E-1,1.658824325E0
1.120366429E2,9.803394318E0,-2.596212626E-1,1.603789330E0
1.120567545E2,9.827920914E0,-2.440679073E-1,1.637887120E0
1.120768662E2,9.820742607E0,-2.470589429E-1,1.703091502E0
1.120969778E2,9.811170578E0,-2.632105052E-1,1.724028707E0
1.121170894E2,9.806983948E0,-2.638086975E-1,1.718046665E0
1.121372011E2,9.822537422E0,-2.518445849E-1,1.611566067E0
1.121573127E2,9.801599503E0,-2.697907388E-1,1.597807288E0
1.121774244E2,9.770493507E0,-2.925225794E-1,1.430309772E0
1.121975360E2,9.796813965E0,-3.056831062E-1,1.515254974E0
1.122176477E2,9.879964828E0,-2.440679073E-1,1.721037745E0
1.122377593E2,9.833304405E0,-2.763710022E-1,1.743769526E0
1.122578709E2,9.760921478E0,-3.260220885E-1,1.577468276E0
1.122779826E2,9.827322960E0,-3.116651475E-1,1.500898004E0
1.122980942E2,9.875179291E0,-2.650051117E-1,1.530808330E0
1.123182059E2,9.820143700E0,-2.679961324E-1,1.536790371E0
1.123383175E2,9.789037704E0,-3.056831062E-1,1.549950838E0
1.123584291E2,9.806983948E0,-3.026920557E-1,1.685743570E0
1.123785407E2,9.776474953E0,-2.955136001E-1,1.532602906E0
1.123986524E2,9.772287369E0,-3.140579760E-1,1.450648785E0
1.124187640E2,9.806983948E0,-2.883351147E-1,1.515254974E0
1.124388757E2,9.805787086E0,-2.775674164E-1,1.520638824E0
1.124589873E2,9.801599503E0,-2.877369225E-1,1.508076429E0
1.124790990E2,9.807581902E0,-2.919243574E-1,1.562513232E0
1.124992106E2,9.873384476E0,-2.835494876E-1,1.600200176E0
1.125193223E2,9.829715729E0,-2.997010350E-1,1.546361685E0
1.125394338E2,9.825528145E0,-3.284149170E-1,1.548156261E0
1.125595455E2,9.773484230E0,-3.349951804E-1,1.575075507E0
1.125796572E2,9.790832520E0,-3.421736360E-1,1.713859200E0
1.125997688E2,9.853045464E0,-3.571287692E-1,1.631905079E0
1.126198804E2,9.814760208E0,-3.547359705E-1,1.570289850E0
1.126399921E2,9.835099220E0,-3.619144261E-1,1.554736495E0
1.126601037E2,9.809376717E0,-3.266202807E-1,1.536192179E0
1.126802154E2,9.816555023E0,-3.056831062E-1,1.593021631E0
1.127003270E2,9.792626381E0,-2.811566591E-1,1.561316729E0
1.127204387E2,9.748359680E0,-2.931207716E-1,1.531406522E0
1.127405503E2,9.765707016E0,-2.943171859E-1,1.504487276E0
1.127606619E2,9.813564301E0,-3.074777126E-1,1.489532113E0
1.127807736E2,9.832108498E0,-2.907279432E-1,1.561915040E0
1.128008852E2,9.811170578E0,-3.098705411E-1,1.634896040E0
1.128209968E2,9.787242889E0,-3.212364316E-1,1.599003673E0
1.128411085E2,9.826724052E0,-3.056831062E-1,1.607976794E0
1.128612201E2,9.843474388E0,-2.817548811E-1,1.583450437E0
1.128813318E2,9.807581902E0,-3.110669553E-1,1.566700578E0
1.129014434E2,9.772287369E0,-3.284149170E-1,1.548754454E0
1.129215551E2,9.789037704E0,-3.391826153E-1,1.612762451E0
1.129416667E2,9.840482712E0,-3.056831062E-1,1.615155339E0
1.129617784E2,9.879964828E0,-2.871387303E-1,1.591227055E0
1.129818900E2,9.820143700E0,-2.991028428E-1,1.610967875E0
1.130020016E2,9.758528709E0,-3.218346536E-1,1.644467354E0
1.130221132E2,9.751350403E0,-3.188436031E-1,1.627119422E0
1.130422249E2,9.787242889E0,-3.068794906E-1,1.631905079E0
1.130623365E2,9.807581902E0,-2.715853751E-1,1.590628862E0
1.130824482E2,9.811170578E0,-2.751746178E-1,1.633699656E0
1.131025598E2,9.815358162E0,-2.751746178E-1,1.604985833E0
1.131226715E2,9.817152977E0,-2.853440940E-1,1.592423439E0
1.131427831E2,9.806385040E0,-3.002992272E-1,1.582253933E0
1.131628948E2,9.789635658E0,-3.140579760E-1,1.572682738E0
1.131830064E2,9.776474953E0,-3.146561682E-1,1.531406522E0
1.132031180E2,9.769894600E0,-3.074777126E-1,1.528415442E0
1.132232297E2,9.799206734E0,-3.038884699E-1,1.590628862E0
1.132433413E2,9.805787086E0,-3.014956415E-1,1.603789330E0
1.132634530E2,9.817152977E0,-3.038884699E-1,1.594816327E0
1.132835646E2,9.826724052E0,-3.110669553E-1,1.591825247E0
1.133036763E2,9.820742607E0,-2.937189937E-1,1.615155339E0
1.133237879E2,9.803992271E0,-3.038884699E-1,1.629512191E0
1.133438995E2,9.803394318E0,-2.997010350E-1,1.626521230E0
1.133640112E2,9.807581902E0,-2.662015259E-1,1.579262972E0
1.133841228E2,9.806385040E0,-2.644068897E-1,1.564307809E0
1.134042344E2,9.812367439E0,-2.548356056E-1,1.567897081E0
1.134243461E2,9.803394318E0,-2.787638307E-1,1.543370605E0
1.134444577E2,9.819545746E0,-2.955136001E-1,1.555932879E0
1.134645694E2,9.820742607E0,-3.164508045E-1,1.562513232E0
1.134846810E2,9.794421196E0,-3.302095234E-1,1.540379524E0
1.135047927E2,9.769894600E0,-3.403790295E-1,1.533799291E0
1.135249043E2,9.772287369E0,-3.349951804E-1,1.582253933E0
1.135450160E2,9.789635658E0,-3.302095234E-1,1.579861164E0
1.135651276E2,9.797411919E0,-3.128615618E-1,1.628913999E0
1.135852392E2,9.812965393E0,-2.913261652E-1,1.651047587E0
1.136053509E2,9.817750931E0,-3.026920557E-1,1.532602906E0
1.136254625E2,9.831509590E0,-3.026920557E-1,1.577468276E0
1.136455742E2,9.842875481E0,-2.853440940E-1,1.567298889E0
1.136656858E2,9.815957069E0,-2.745763958E-1,1.570888042E0
1.136857975E2,9.791430473E0,-2.745763958E-1,1.578066587E0
1.137059091E2,9.768099785E0,-2.937189937E-1,1.548754454E0
1.137260207E2,9.780064583E0,-2.949153781E-1,1.520638824E0
1.137461324E2,9.818349838E0,-3.020938635E-1,1.571486235E0
1.137662440E2,9.810572624E0,-3.182454109E-1,1.609173179E0
1.137863556E2,9.821340561E0,-3.469592929E-1,1.660020709E0
1.138064673E2,9.814760208E0,-3.457628787E-1,1.660618901E0
1.138265790E2,9.821938515E0,-3.565305769E-1,1.649851203E0
1.138466906E2,9.819545746E0,-3.469592929E-1,1.627119422E0
1.138668023E2,9.806385040E0,-3.415754437E-1,1.630708575E0
1.138869139E2,9.800403595E0,-3.427718580E-1,1.667199135E0
1.139070255E2,9.781260490E0,-3.326023519E-1,1.615753531E0
1.139271372E2,9.793823242E0,-3.242274821E-1,1.545763373E0
1.139472488E2,9.828518867E0,-2.883351147E-1,1.546959877E0
1.139673604E2,9.827322960E0,-2.835494876E-1,1.555932879E0
1.139874721E2,9.800403595E0,-2.901297510E-1,1.582852125E0
1.140075837E2,9.771091461E0,-3.098705411E-1,1.575075507E0
1.140276954E2,9.753145218E0,-3.218346536E-1,1.560120344E0
1.140478070E2,9.829116821E0,-3.020938635E-1,1.597807288E0
1.140679187E2,9.884152412E0,-2.997010350E-1,1.588834286E0
1.140880303E2,9.866206169E0,-3.056831062E-1,1.548754454E0
1.141081419E2,9.808777809E0,-3.188436031E-1,1.518245935E0
1.141282536E2,9.757332802E0,-3.194418252E-1,1.573879123E0
1.141483652E2,9.722636223E0,-3.391826153E-1,1.692921996E0
1.141684769E2,9.747162819E0,-3.373879790E-1,1.687538147E0
1.141885885E2,9.781859398E0,-3.529413342E-1,1.619342685E0
1.142087002E2,9.801599503E0,-3.415754437E-1,1.587637782E0
1.142288118E2,9.823135376E0,-3.260220885E-1,1.599601984E0
1.142489235E2,9.847063065E0,-3.320041299E-1,1.668993831E0
1.142690351E2,9.827322960E0,-3.290131092E-1,1.738983870E0
1.142891467E2,9.803394318E0,-3.349951804E-1,1.606182218E0
1.143092584E2,9.796216011E0,-3.349951804E-1,1.552941918E0
1.143293700E2,9.780662537E0,-3.236292601E-1,1.572682738E0
1.143494817E2,9.791430473E0,-2.973082066E-1,1.625324726E0
1.143695933E2,9.806983948E0,-2.991028428E-1,1.631905079E0
1.143897050E2,9.821340561E0,-3.146561682E-1,1.636690736E0
1.144098166E2,9.829715729E0,-3.266202807E-1,1.612164259E0
1.144299282E2,9.823135376E0,-3.158525825E-1,1.551745534E0
1.144500399E2,9.841081619E0,-2.973082066E-1,1.590628862E0
1.144701515E2,9.758528709E0,-3.128615618E-1,1.642074585E0
1.144902632E2,9.757332802E0,-3.397808075E-1,1.666600943E0
1.145103748E2,9.777072906E0,-3.427718580E-1,1.686341763E0
1.145304865E2,9.784850121E0,-3.326023519E-1,1.654038668E0
1.145505981E2,9.803394318E0,-3.355933726E-1,1.634896040E0
1.145707098E2,9.814760208E0,-3.188436031E-1,1.629512191E0
1.145908214E2,9.801001549E0,-3.128615618E-1,1.631306887E0
1.146109330E2,9.810572624E0,-3.104687333E-1,1.618146300E0
1.146310447E2,9.790233612E0,-3.080759048E-1,1.606780410E0
1.146511563E2,9.766305923E0,-3.068794906E-1,1.618146300E0
1.146712680E2,9.771689415E0,-3.044866920E-1,1.667199135E0
1.146913796E2,9.803394318E0,-3.158525825E-1,1.724626899E0
1.147114913E2,9.809974670E0,-3.236292601E-1,1.697109461E0
1.147316029E2,9.801001549E0,-3.326023519E-1,1.698305845E0
1.147517145E2,9.821340561E0,-3.110669553E-1,1.689332843E0
1.147718262E2,9.850652695E0,-3.062812984E-1,1.692323804E0
1.147919378E2,9.802796364E0,-3.278166950E-1,1.668395638E0
1.148120495E2,9.775876999E0,-3.415754437E-1,1.686341763E0
1.148321611E2,9.772886276E0,-3.433700502E-1,1.655235052E0
1.148522728E2,9.783055305E0,-3.451646566E-1,1.645663738E0
1.148723844E2,9.754940033E0,-3.499503136E-1,1.620539188E0
1.148924961E2,9.782457352E0,-3.403790295E-1,1.657627940E0
1.149126077E2,9.812367439E0,-3.242274821E-1,1.652842283E0
1.149327193E2,9.814162254E0,-3.128615618E-1,1.668395638E0
1.149528310E2,9.824331284E0,-3.140579760E-1,1.681556106E0
1.149729426E2,9.826724052E0,-2.913261652E-1,1.695913076E0
1.149930543E2,9.787840843E0,-3.014956415E-1,1.658226132E0
1.150131660E2,9.799206734E0,-3.128615618E-1,1.650449395E0
1.150332776E2,9.815358162E0,-2.991028428E-1,1.628315806E0
1.150533892E2,9.778269768E0,-3.158525825E-1,1.589432478E0
1.150735009E2,9.760921478E0,-3.260220885E-1,1.590030670E0
1.150936125E2,9.811170578E0,-3.218346536E-1,1.664806366E0
1.151137242E2,9.810572624E0,-3.260220885E-1,1.628913999E0
1.151338358E2,9.780064583E0,-3.343969584E-1,1.633699656E0
1.151539475E2,9.793225288E0,-3.266202807E-1,1.595414519E0
1.151740591E2,9.793823242E0,-3.218346536E-1,1.592423439E0
1.151941707E2,9.766305923E0,-3.475574851E-1,1.634896040E0
1.152142824E2,9.796813965E0,-3.212364316E-1,1.672582984E0
1.152343940E2,9.843474388E0,-2.877369225E-1,1.670788407E0
1.152545057E2,9.829116821E0,-2.997010350E-1,1.631905079E0
1.152746173E2,9.844670296E0,-3.020938635E-1,1.614557028E0
1.152947290E2,9.816555023E0,-2.901297510E-1,1.577468276E0
1.153148406E2,9.766305923E0,-3.080759048E-1,1.554736495E0
1.153349523E2,9.708279610E0,-3.523431420E-1,1.548156261E0
1.153550639E2,9.766305923E0,-3.463610709E-1,1.573879123E0
1.153751755E2,9.786046028E0,-3.379862010E-1,1.588235974E0
1.153952872E2,9.787242889E0,-3.649054468E-1,1.644467354E0
1.154153988E2,9.817750931E0,-3.308077157E-1,1.652244091E0
1.154355105E2,9.827322960E0,-3.110669553E-1,1.652842283E0
1.154556222E2,9.816555023E0,-3.104687333E-1,1.650449395E0
1.154757338E2,9.812965393E0,-2.913261652E-1,1.593619823E0
1.154958454E2,9.795618057E0,-3.020938635E-1,1.570888042E0
1.155159570E2,9.796813965E0,-2.967100143E-1,1.595414519E0
1.155360687E2,9.781260490E0,-2.907279432E-1,1.651047587E0
1.155561803E2,9.770493507E0,-3.086741269E-1,1.657029629E0
1.155762920E2,9.793823242E0,-3.122633696E-1,1.658226132E0
1.155964037E2,9.821938515E0,-2.973082066E-1,1.647458434E0
1.156165153E2,9.814760208E0,-3.098705411E-1,1.607378602E0
1.156366269E2,9.790832520E0,-3.182454109E-1,1.615753531E0
1.156567386E2,9.801599503E0,-3.170489967E-1,1.642074585E0
1.156768502E2,9.790832520E0,-3.284149170E-1,1.631905079E0
1.156969619E2,9.789037704E0,-3.332005441E-1,1.646261930E0
1.157170735E2,9.808777809E0,-3.308077157E-1,1.621735573E0
1.157371852E2,9.809376717E0,-3.296113312E-1,1.627717614E0
1.157572968E2,9.803394318E0,-3.230310678E-1,1.653440475E0
1.157774085E2,9.787840843E0,-3.290131092E-1,1.677368641E0
1.157975201E2,9.798608780E0,-3.212364316E-1,1.655833244E0
1.158176317E2,9.819545746E0,-3.020938635E-1,1.614557028E0
1.158377434E2,9.813564301E0,-2.979064286E-1,1.619342685E0
1.158578550E2,9.794421196E0,-3.068794906E-1,1.616351724E0
1.158779667E2,9.801599503E0,-2.979064286E-1,1.652842283E0
1.158980784E2,9.785448074E0,-3.104687333E-1,1.643270969E0
1.159181900E2,9.786046028E0,-3.026920557E-1,1.636690736E0
1.159383016E2,9.803394318E0,-3.014956415E-1,1.670788407E0
1.159584133E2,9.792626381E0,-3.170489967E-1,1.631905079E0
1.159785249E2,9.769894600E0,-3.284149170E-1,1.622931957E0
1.159986366E2,9.796813965E0,-3.038884699E-1,1.620539188E0
1.160187482E2,9.806385040E0,-3.020938635E-1,1.627119422E0
1.160388599E2,9.790832520E0,-3.074777126E-1,1.620539188E0
1.160589715E2,9.799804688E0,-3.002992272E-1,1.634297848E0
1.160790831E2,9.765707016E0,-3.014956415E-1,1.621137381E0
1.160991948E2,9.743574142E0,-3.116651475E-1,1.611566067E0
1.161193064E2,9.803992271E0,-2.859423161E-1,1.639083505E0
1.161394181E2,9.842277527E0,-2.673979402E-1,1.670788407E0
1.161595298E2,9.818947792E0,-2.931207716E-1,1.669592023E0
1.161796414E2,9.823733330E0,-3.038884699E-1,1.658226132E0
1.161997530E2,9.823733330E0,-3.230310678E-1,1.642672777E0
1.162198647E2,9.799206734E0,-3.158525825E-1,1.665404558E0
1.162399763E2,9.785448074E0,-3.116651475E-1,1.635494232E0
1.162600879E2,9.773484230E0,-3.086741269E-1,1.639083505E0
1.162801996E2,9.769894600E0,-2.973082066E-1,1.626521230E0
1.163003113E2,9.768099785E0,-3.158525825E-1,1.634297848E0
1.163204229E2,9.807581902E0,-2.602194548E-1,1.670788407E0
1.163405345E2,9.795618057E0,-2.967100143E-1,1.718644857E0
1.163606462E2,9.765707016E0,-3.260220885E-1,1.668395638E0
1.163807578E2,9.795019150E0,-3.038884699E-1,1.651645780E0
1.164008695E2,9.811769485E0,-2.787638307E-1,1.663609982E0
1.164209812E2,9.790832520E0,-2.871387303E-1,1.657627940E0
1.164410928E2,9.766903877E0,-2.919243574E-1,1.644467354E0
1.164612044E2,9.763913155E0,-2.901297510E-1,1.665404558E0
1.164813161E2,9.762118340E0,-3.152543902E-1,1.735992789E0
1.165014277E2,9.809376717E0,-2.937189937E-1,1.762313843E0
1.165215394E2,9.847063065E0,-2.961117923E-1,1.752144337E0
1.165416510E2,9.795618057E0,-3.224328458E-1,1.746760488E0
1.165617627E2,9.789635658E0,-3.254238665E-1,1.718644857E0
1.165818743E2,9.778269768E0,-3.278166950E-1,1.701296926E0
1.166019860E2,9.785448074E0,-3.218346536E-1,1.674377680E0
1.166220976E2,9.762118340E0,-3.254238665E-1,1.713859200E0
1.166422092E2,9.774680138E0,-3.176472187E-1,1.661815286E0
1.166623209E2,9.786644936E0,-3.116651475E-1,1.632503271E0
1.166824326E2,9.810572624E0,-2.973082066E-1,1.686341763E0
1.167025442E2,9.798608780E0,-2.883351147E-1,1.741376638E0
1.167226559E2,9.784850121E0,-2.937189937E-1,1.753939033E0
1.167427675E2,9.803992271E0,-2.937189937E-1,1.759921074E0
1.167628791E2,9.800403595E0,-2.799602449E-1,1.760519266E0
1.167829908E2,9.773484230E0,-2.871387303E-1,1.740180254E0
1.168031024E2,9.789037704E0,-2.985046208E-1,1.704886079E0
1.168232141E2,9.809376717E0,-2.955136001E-1,1.726421595E0
1.168433257E2,9.795618057E0,-2.883351147E-1,1.707877159E0
1.168634374E2,9.758528709E0,-3.308077157E-1,1.721635938E0
1.168835490E2,9.767501831E0,-3.278166950E-1,1.679163337E0
1.169036606E2,9.777072906E0,-3.242274821E-1,1.699502230E0
1.169237723E2,9.773484230E0,-3.188436031E-1,1.721037745E0
1.169438840E2,9.765707016E0,-3.290131092E-1,1.741376638E0
1.169639956E2,9.808777809E0,-2.997010350E-1,1.737787485E0
1.169841073E2,9.810572624E0,-2.961117923E-1,1.728216171E0
1.170042189E2,9.805189133E0,-2.967100143E-1,1.723430514E0
1.170243305E2,9.760323524E0,-2.985046208E-1,1.731207132E0
1.170444422E2,9.735796928E0,-2.955136001E-1,1.751546144E0
1.170645538E2,9.748359680E0,-3.164508045E-1,1.733001828E0
1.170846655E2,9.754940033E0,-3.128615618E-1,1.723430514E0
1.171047772E2,9.797411919E0,-2.901297510E-1,1.780260086E0
1.171248888E2,9.829116821E0,-2.781656384E-1,1.832902193E0
1.171450004E2,9.836894035E0,-2.626122832E-1,1.851446509E0
1.171651121E2,9.805787086E0,-3.128615618E-1,1.771286964E0
1.171852237E2,9.786644936E0,-3.373879790E-1,1.708475351E0
1.172053354E2,9.795019150E0,-3.020938635E-1,1.730608940E0
1.172254470E2,9.775876999E0,-3.056831062E-1,1.763510346E0
1.172455587E2,9.742377281E0,-3.128615618E-1,1.798206210E0
1.172656703E2,9.730413437E0,-3.236292601E-1,1.793420553E0
1.172857820E2,9.742975235E0,-3.499503136E-1,1.786242127E0
1.173058936E2,9.763913155E0,-3.212364316E-1,1.783251047E0
1.173260053E2,9.815957069E0,-2.991028428E-1,1.778465390E0
1.173461169E2,9.805189133E0,-2.985046208E-1,1.707877159E0
1.173662286E2,9.734002113E0,-3.314059377E-1,1.715653777E0
1.173863402E2,9.697511673E0,-3.487538993E-1,1.744367719E0
1.174064518E2,9.748359680E0,-3.158525825E-1,1.733600020E0
1.174265635E2,9.794421196E0,-2.973082066E-1,1.849651933E0
1.174466752E2,9.830313683E0,-2.895315289E-1,1.874178290E0
1.174667868E2,9.884152412E0,-2.895315289E-1,1.782652855E0
1.174868985E2,9.884152412E0,-2.602194548E-1,1.728814363E0
1.175070101E2,9.790832520E0,-2.817548811E-1,1.738983870E0
1.175271217E2,9.765707016E0,-2.979064286E-1,1.736590981E0
1.175472334E2,9.752547264E0,-3.020938635E-1,1.666600943E0
1.175673451E2,9.733404160E0,-3.194418252E-1,1.604985833E0
1.175874567E2,9.751350403E0,-3.056831062E-1,1.637288928E0
1.176075684E2,9.776474953E0,-3.158525825E-1,1.710868239E0
1.176276800E2,9.774680138E0,-3.499503136E-1,1.722832322E0
1.176477916E2,9.745966911E0,-3.559323549E-1,1.678565025E0
1.176679033E2,9.786046028E0,-3.463610709E-1,1.645065546E0
1.176880149E2,9.800403595E0,-3.080759048E-1,1.646860242E0
1.177081266E2,9.789635658E0,-3.152543902E-1,1.694716692E0
1.177282382E2,9.796216011E0,-2.919243574E-1,1.725225091E0
1.177483499E2,9.788438797E0,-2.955136001E-1,1.727617979E0
1.177684615E2,9.806385040E0,-2.865405083E-1,1.673181176E0
1.177885732E2,9.827920914E0,-2.853440940E-1,1.665404558E0
1.178086848E2,9.817750931E0,-2.733799815E-1,1.694118381E0
1.178287965E2,9.783055305E0,-3.182454109E-1,1.661217093E0
1.178489081E2,9.801001549E0,-3.164508045E-1,1.679761529E0
1.178690198E2,9.791430473E0,-3.068794906E-1,1.651645780E0
1.178891314E2,9.807581902E0,-3.194418252E-1,1.667199135E0
1.179092431E2,9.823135376E0,-2.961117923E-1,1.724626899E0
1.179293547E2,9.877572060E0,-2.973082066E-1,1.817947030E0
1.179494664E2,9.781260490E0,-3.343969584E-1,1.758126378E0
1.179695780E2,9.811769485E0,-3.912265003E-1,1.451845169E0
1.179896897E2,9.813564301E0,-3.254238665E-1,1.474576950E0
1.180098013E2,9.761520386E0,-3.002992272E-1,1.610967875E0
1.180299130E2,9.766305923E0,-2.847459018E-1,1.691725612E0
1.180500246E2,9.726225853E0,-2.596212626E-1,1.571486235E0
1.180701363E2,9.731011391E0,-2.895315289E-1,1.480558991E0
1.180902479E2,9.799804688E0,-2.422732860E-1,1.445863128E0
1.181103595E2,9.849455833E0,-2.350948304E-1,1.563709617E0
1.181304712E2,9.851848602E0,-2.494517565E-1,1.643869162E0
1.181505828E2,9.833903313E0,-3.134597540E-1,1.645065546E0
1.181706945E2,9.903892517E0,-2.823530734E-1,1.707278967E0
1.181908062E2,9.834501266E0,-3.050848842E-1,1.574477315E0
1.182109178E2,9.729815483E0,-3.332005441E-1,1.549950838E0
1.182310294E2,9.751948357E0,-3.296113312E-1,1.560120344E0
1.182511411E2,9.825528145E0,-2.913261652E-1,1.697109461E0
1.182712527E2,9.799206734E0,-3.158525825E-1,1.744965911E0
1.182913644E2,9.809376717E0,-3.230310678E-1,1.641476393E0
1.183114761E2,9.979267120E0,-2.991028428E-1,1.719841242E0
1.183315877E2,1.005583763E1,-2.273181528E-1,1.750349760E0
1.183516993E2,9.781260490E0,-2.871387303E-1,1.761117458E0
1.183718110E2,9.736993790E0,-3.421736360E-1,2.064407825E0
1.183919226E2,1.005105114E1,-2.805584669E-1,1.733001828E0
1.184120343E2,9.981659889E0,-2.416750938E-1,1.595414519E0
1.184321460E2,9.657432556E0,-2.386840582E-1,1.523629785E0
1.184522576E2,9.634101868E0,-2.189432681E-1,1.606182218E0
1.184723692E2,9.717850685E0,-1.692921966E-1,1.677966833E0
1.184924809E2,9.749555588E0,-1.513460279E-1,1.670788407E0
1.185125926E2,9.787242889E0,-1.124626622E-1,1.597209096E0
1.185327042E2,9.842875481E0,-1.298106313E-1,1.546361685E0
1.185528159E2,9.872786522E0,-1.190429255E-1,1.630110383E0
1.185729275E2,9.836296082E0,-1.471585929E-1,1.559522152E0
1.185930391E2,9.806983948E0,-1.298106313E-1,1.420738459E0
1.186131508E2,9.956535339E0,-5.742774159E-2,1.480558991E0
1.186332625E2,1.029153061E1,-1.914258152E-1,1.675574064E0
1.186533741E2,1.141436195E1,-6.795616150E-1,1.608574986E0
1.186734857E2,9.599406242E0,7.429714203E-1,6.873382926E-1
1.186935974E2,9.491728783E0,4.546362907E-2,1.668993831E0
1.187137090E2,9.299705505E0,-1.136590727E-2,1.371685624E0
1.187338207E2,9.750752449E0,3.134597540E-1,1.228714466E0
1.187539324E2,9.509675026E0,3.278166950E-1,1.731207132E0
1.187740440E2,9.617950439E0,3.589234054E-1,1.724028707E0
1.187941556E2,9.949954987E0,2.626122832E-1,1.536790371E0
1.188142673E2,1.000259686E1,2.380858511E-1,1.433898926E0
1.188343789E2,9.870991707E0,2.841476798E-1,1.577468276E0
1.188544906E2,9.823135376E0,4.055834413E-1,1.586441398E0
1.188746023E2,9.696913719E0,4.564309120E-1,1.518245935E0
1.188947139E2,9.531210899E0,6.041877270E-1,2.041675806E0
1.189148255E2,9.336195946E0,6.825526357E-1,2.409572363E0
1.189349372E2,9.927821159E0,8.626125455E-1,2.001596212E0
1.189550488E2,1.002712345E1,8.368897438E-1,2.041077614E0
1.189751605E2,9.962516785E0,6.568298340E-1,2.259422779E0
1.189952722E2,9.736993790E0,6.568298340E-1,1.980060697E0
1.190153838E2,9.775279045E0,9.613165259E-1,2.295315027E0
1.190354954E2,1.008754253E1,1.426720500E0,2.152942181E0
1.190556071E2,1.014437199E1,1.440479279E0,2.233101845E0
1.190757187E2,9.937392235E0,1.124626637E0,2.264806747E0
1.190958304E2,9.208778381E0,1.362712502E0,3.026920557E0
1.191159420E2,9.125029564E0,2.205584288E0,3.402593851E0
1.191360537E2,9.451649666E0,2.731407166E0,3.135794163E0
1.191561653E2,1.001695347E1,2.715255499E0,2.765504837E0
1.191762770E2,9.899106979E0,2.807379246E0,3.035893679E0
1.191963887E2,9.122636795E0,2.681756020E0,3.453441381E0
1.192165003E2,8.911469460E0,2.684148788E0,3.574278831E0
1.192366119E2,8.560921669E0,2.750549555E0,4.033700943E0
1.192567236E2,8.477172852E0,2.783450842E0,4.331607342E0
1.192768352E2,9.199206352E0,1.823929071E0,3.515056372E0
1.192969469E2,6.628118515E0,2.981456995E0,4.451846600E0
1.193170586E2,6.594619274E0,3.775874138E0,5.424529076E0
1.193371702E2,7.081558704E0,4.140181541E0,5.688935757E0
1.193572818E2,6.819544315E0,4.634299278E0,5.970092297E0
1.193773935E2,6.542575359E0,4.855037212E0,5.455635548E0
1.193975051E2,6.666403770E0,4.922634602E0,5.740979671E0
1.194176168E2,6.052644730E0,5.085944653E0,5.925227165E0
1.194377285E2,6.099305153E0,5.213960648E0,5.974878311E0
1.194578401E2,4.568496704E0,5.242076397E0,5.580062389E0
1.194779517E2,3.705883980E0,5.480162144E0,5.620141983E0
1.194980634E2,3.263810158E0,6.806982040E0,5.432903767E0
1.195181751E2,2.227119684E0,7.519444942E0,5.298905849E0
1.195382867E2,1.774278045E0,7.386643410E0,4.662415028E0
1.195583984E2,1.603789330E0,7.922635555E0,4.637888432E0
1.195785100E2,1.158724308E0,8.720044136E0,3.981058598E0
1.195986216E2,1.234098315E0,9.206384659E0,3.165704250E0
1.196187333E2,6.622136831E-1,9.399605751E0,3.418745279E0
1.196388450E2,-9.092725813E-2,9.439684868E0,3.323630571E0
1.196589566E2,-1.854437590E-2,9.387641907E0,3.075973511E0
1.196790682E2,-3.577269912E-1,9.461818695E0,3.159722328E0
1.196991799E2,-6.017948985E-1,9.249456406E0,3.020340443E0
1.197192916E2,1.298106313E-1,9.148957253E0,2.879761934E0
1.197394032E2,3.852444589E-1,9.268000603E0,2.598007202E0
1.197595149E2,-3.661018610E-1,9.501300812E0,2.617149830E0
1.197796265E2,-7.435696125E-1,9.943972588E0,2.659622431E0
1.197997381E2,-7.328019142E-1,1.036151981E1,2.321038008E0
1.198198498E2,-3.379862010E-1,9.578469276E0,2.298904419E0
1.198399615E2,7.022934556E-1,8.789435387E0,2.749353170E0
1.198600731E2,1.152144074E0,8.370692253E0,3.239881754E0
1.198801848E2,9.906286001E-1,9.374481201E0,3.243471146E0
1.199002964E2,8.416753411E-1,9.305686951E0,3.699303865E0
1.199204081E2,6.155536175E-1,8.703293800E0,3.802793503E0
1.199405197E2,1.214357466E-1,8.953942299E0,3.515654564E0
1.199606314E2,5.395814776E-1,9.004789352E0,3.447459221E0
1.199807430E2,1.436291814E0,8.964710236E0,3.445664644E0
1.200008547E2,1.832902193E0,9.290732384E0,3.564707518E0
1.200209663E2,8.135597110E-1,1.004088211E1,3.779463291E0
1.200410780E2,-6.466603279E-1,1.009352398E1,3.439682484E0
1.200611896E2,1.435693540E-2,9.433703423E0,3.859024763E0
1.200813013E2,1.744965911E0,9.204590797E0,4.435695171E0
1.201014129E2,1.962712765E0,9.486943245E0,3.994817495E0
1.201215246E2,1.555932879E0,9.734601021E0,3.344567776E0
1.201416362E2,1.496710539E0,9.827322960E0,2.952144861E0
1.201617479E2,1.547558069E0,9.664610863E0,2.935993433E0
1.201818595E2,1.113858938E0,9.373882294E0,2.965903759E0
1.202019712E2,4.612165689E-1,9.183652878E0,3.083152056E0
1.202220828E2,1.914258115E-2,9.154341698E0,3.146561861E0
1.202421945E2,-3.170489967E-1,9.031708717E0,3.196212769E0
1.202623062E2,-5.222335458E-1,8.938388824E0,3.375076294E0
1.202824178E2,-5.000999570E-1,8.976674080E0,3.317648649E0
1.203025294E2,-6.293123364E-1,8.977870941E0,2.935993433E0
1.203226411E2,-7.950153351E-1,8.998209953E0,2.730808735E0
1.203427527E2,-7.094719410E-1,8.989834785E0,2.536990166E0
1.203628644E2,-8.099704385E-1,8.919246674E0,2.437089920E0
1.203829761E2,-1.255035520E0,8.848059654E0,2.243271112E0
1.204030877E2,-1.906481385E0,8.796614647E0,1.775474429E0
1.204231993E2,-2.428116798E0,8.794819832E0,1.580459356E0
1.204433110E2,-2.471187592E0,8.903095245E0,1.523629785E0
1.204634227E2,-1.956730723E0,9.043074608E0,1.407577872E0
1.204835343E2,-1.638485312E0,9.076574326E0,1.633699656E0
1.205036460E2,-1.679761529E0,9.081958771E0,1.794616938E0
1.205237576E2,-2.002792597E0,8.995218277E0,1.829911113E0
1.205438693E2,-1.942373753E0,8.998209953E0,1.346560955E0
1.205639809E2,-1.936391711E0,8.899505615E0,1.398006678E0
1.205840926E2,-1.635494232E0,8.873184204E0,1.412961721E0
1.206042042E2,-1.756929994E0,9.037093163E0,1.666002750E0
1.206243159E2,-1.840678811E0,9.211769104E0,1.824527264E0
1.206444275E2,-1.518844128E0,9.260822296E0,1.695913076E0
1.206645392E2,-1.295115232E0,9.128020287E0,1.375274777E0
1.206846509E2,-1.253240824E0,9.114859581E0,1.141974568E0
1.207047625E2,-1.193420291E0,9.089735031E0,1.350748420E0
1.207248741E2,-1.163509965E0,9.215956688E0,1.639083505E0
1.207449858E2,-1.482951880E0,9.166305542E0,1.759921074E0
1.207650975E2,-2.126022816E0,8.790632248E0,1.732403636E0
1.207852091E2,-1.988435626E0,9.371489525E0,2.210968018E0
1.208053207E2,-1.450050473E0,9.187840462E0,2.869592667E0
1.208254324E2,-1.125224829E0,8.773882866E0,3.345764160E0
1.208455440E2,-1.232303619E0,8.779864311E0,3.358924866E0
1.208656557E2,-1.419542074E0,8.916254997E0,3.196212769E0
1.208857674E2,-1.475175142E0,9.024530411E0,3.519243956E0
1.209058790E2,-1.429711580E0,9.070592880E0,3.977469444E0
1.209259906E2,-1.426720500E0,9.010173798E0,4.194618225E0
1.209461023E2,-1.483550072E0,9.010173798E0,3.948157310E0
1.209662140E2,-1.503889084E0,8.984451294E0,3.545564890E0
1.209863256E2,-1.340578914E0,8.958727837E0,3.473181963E0
1.210064373E2,-1.033699393E0,8.977870941E0,3.857230186E0
1.210265489E2,-7.310073376E-1,9.085547447E0,3.924827337E0
1.210466606E2,-5.126622319E-1,9.179466248E0,3.381656647E0
1.210667722E2,-2.500499785E-1,9.249456406E0,2.596212626E0
1.210868839E2,-3.511467278E-1,9.269794464E0,2.214557409E0
1.211069955E2,-8.009973764E-1,9.395418167E0,2.284547329E0
1.211271072E2,-1.377069473E0,9.430712700E0,2.484348059E0
1.211472188E2,-1.678565025E0,9.268598557E0,2.694318295E0
1.211673305E2,-1.706082582E0,9.009575844E0,2.642274380E0
1.211874422E2,-1.674975872E0,8.945567131E0,2.529213428E0
1.212075538E2,-1.478764415E0,9.026325226E0,2.730808735E0
1.212276654E2,-9.876375198E-1,9.197412491E0,2.879163742E0
1.212477771E2,-5.072783828E-1,9.282955170E0,2.800200701E0
1.212678888E2,3.589234129E-2,9.386445045E0,2.580659151E0
1.212880004E2,4.025924206E-1,9.538389206E0,2.378465652E0
1.213081120E2,3.236292601E-1,9.544969559E0,2.369492531E0
1.213282237E2,1.351944804E-1,9.467203140E0,2.399402857E0
1.213483354E2,-9.511470050E-2,9.315258980E0,2.386840582E0
1.213684470E2,-2.961117923E-1,9.218349457E0,2.377867460E0
1.213885587E2,-4.295116663E-1,9.273384094E0,2.507079840E0
1.214086703E2,-2.817548811E-1,9.300901413E0,2.677568436E0
1.214287820E2,-2.931207791E-2,9.328418732E0,2.712862730E0
1.214488936E2,1.238285750E-1,9.373284340E0,2.612962246E0
1.214690053E2,1.333998591E-1,9.363115311E0,2.583650351E0
1.214891169E2,5.802594870E-2,9.410971642E0,2.508874655E0
1.215092286E2,-1.316052489E-2,9.428318977E0,2.485544443E0
1.215293402E2,1.465603858E-1,9.408578873E0,2.443071842E0
1.215494519E2,2.596212626E-1,9.452247620E0,2.411366940E0
1.215695636E2,3.170489967E-1,9.482157707E0,2.385046005E0
1.215896752E2,3.278166950E-1,9.502496719E0,2.439482689E0
1.216097868E2,3.768695593E-1,9.486345291E0,2.435295343E0
1.216298985E2,3.200400174E-1,9.483354568E0,2.406581402E0
1.216500102E2,1.405783296E-1,9.468997002E0,2.286940336E0
1.216701218E2,6.879365444E-2,9.389435768E0,2.034497499E0
1.216902335E2,9.032905847E-2,9.284749985E0,1.872981906E0
1.217103451E2,-2.452643216E-2,9.320642471E0,1.825125456E0
1.217304568E2,-1.148554832E-1,9.375079155E0,1.792224169E0
1.217505684E2,-7.597211748E-2,9.390632629E0,1.767697692E0
1.217706801E2,-8.075776696E-2,9.372088432E0,1.776072621E0
1.217907917E2,-1.489532143E-1,9.390034676E0,1.816152334E0
1.218109034E2,-1.387837082E-1,9.384650230E0,1.893919110E0
1.218310150E2,-1.429711580E-1,9.344570160E0,1.992024899E0
1.218511267E2,-2.327020019E-1,9.301499367E0,1.994417667E0
1.218712384E2,-3.583251834E-1,9.289535522E0,1.919641972E0
1.218913500E2,-4.139583111E-1,9.247661591E0,1.862214208E0
1.219114616E2,-4.630111754E-1,9.236893654E0,1.820339799E0
1.219315733E2,-6.346961856E-1,9.281160355E0,1.983649969E0
1.219516850E2,-4.803591371E-1,9.403793335E0,2.215155602E0
1.219717966E2,-4.845465720E-2,9.427123070E0,2.350350142E0
1.219919082E2,1.088734269E-1,9.452845573E0,2.432304144E0
1.220120199E2,5.443671346E-2,9.488738060E0,2.375474691E0
1.220321316E2,3.170489892E-2,9.445069313E0,2.207378864E0
1.220522432E2,3.529413417E-2,9.445667267E0,2.023131609E0
1.220723549E2,8.374879509E-2,9.502496719E0,1.896910191E0
1.220924665E2,1.621137410E-1,9.525228500E0,1.805384636E0
1.221125782E2,1.674975902E-1,9.500701904E0,1.759322882E0
1.221326899E2,1.836491376E-1,9.479764938E0,1.714457393E0
1.221528015E2,1.489532143E-1,9.475577354E0,1.733600020E0
1.221729131E2,7.058826834E-2,9.453444481E0,1.869990945E0
1.221930248E2,-3.349951655E-2,9.452845573E0,1.951346874E0
1.222131365E2,-1.298106313E-1,9.451051712E0,2.005783558E0
1.222332481E2,2.691925503E-2,9.427123070E0,2.073979139E0
1.222533598E2,1.268195957E-1,9.416953087E0,2.054836512E0
1.222734714E2,-8.614161611E-2,9.449854851E0,1.953739643E0
1.222935831E2,-2.841476798E-1,9.452247620E0,1.880758643E0
1.223136947E2,-2.937189937E-1,9.404989243E0,1.846062660E0
1.223338064E2,-2.787638307E-1,9.382257462E0,1.837089539E0
1.223539180E2,-3.487538993E-1,9.391828537E0,1.902294040E0
1.223740297E2,-3.134597540E-1,9.397810936E0,1.899302959E0
1.223941414E2,-2.751746178E-1,9.388239861E0,1.881955028E0
1.224142530E2,-2.925225794E-1,9.404989243E0,1.877169371E0
1.224343647E2,-2.350948304E-1,9.446864128E0,1.844268084E0
1.224544763E2,-9.212367237E-2,9.460622787E0,1.823330879E0
1.224745880E2,-2.153540403E-2,9.457033157E0,1.780858278E0
1.224946996E2,-8.135596663E-2,9.473783493E0,1.774876237E0
1.225148113E2,-1.393819153E-1,9.495318413E0,1.765304923E0
1.225349229E2,-7.776673883E-2,9.486345291E0,1.710269928E0
1.225550346E2,-9.870393574E-2,9.453444481E0,1.638485312E0
1.225751462E2,-2.309073806E-1,9.421739578E0,1.599601984E0
1.225952579E2,-3.397808075E-1,9.393623352E0,1.610369682E0
1.226153695E2,-4.408775866E-1,9.388837814E0,1.730608940E0
1.226354812E2,-3.649054468E-1,9.395418167E0,1.858026743E0
1.226555929E2,-1.405783296E-1,9.432506561E0,1.870589137E0
1.226757045E2,1.914258115E-2,9.476774216E0,1.828714728E0
1.226958162E2,-4.187439568E-3,9.525827408E0,1.774876237E0
1.227159278E2,-8.135596663E-2,9.544969559E0,1.767099500E0
1.227360395E2,-8.374879509E-2,9.499505997E0,1.792224169E0
1.227561511E2,-1.208375469E-1,9.430113792E0,1.753340840E0
1.227762628E2,-2.327020019E-1,9.421739578E0,1.693520188E0
1.227963744E2,-2.452643216E-1,9.431908607E0,1.607976794E0
1.228164861E2,-2.111666054E-1,9.453444481E0,1.507478237E0
1.228365978E2,-1.651047617E-1,9.459425926E0,1.476969719E0
1.228567094E2,-1.363908947E-1,9.434301376E0,1.527817249E0
1.228768211E2,-2.015953064E-1,9.418149948E0,1.597807288E0
1.228969327E2,-3.774677813E-1,9.417551994E0,1.740180254E0
1.229170444E2,-4.689932466E-1,9.379266739E0,1.892124534E0
1.229371561E2,-4.791627228E-1,9.391230583E0,1.957328916E0
1.229572677E2,-4.612165689E-1,9.460023880E0,1.983649969E0
1.229773793E2,-4.157529473E-1,9.467801094E0,1.917249203E0
1.229974910E2,-1.872383654E-1,9.404391289E0,1.778465390E0
1.230176027E2,-2.572284266E-2,9.419944763E0,1.695913076E0
1.230377143E2,-1.016949583E-2,9.433703423E0,1.698305845E0
1.230578260E2,-4.366901144E-2,9.421140671E0,1.697707653E0
1.230779376E2,-4.845465720E-2,9.426525116E0,1.586441398E0
1.230980493E2,-3.212364316E-1,9.470791817E0,1.461416483E0
1.231181610E2,-5.814558864E-1,9.413962364E0,1.460818172E0
1.231382726E2,-5.665007830E-1,9.360722542E0,1.459621787E0
1.231583842E2,-4.133601189E-1,9.290133476E0,1.535593987E0
1.231784959E2,-4.713860750E-1,9.296713829E0,1.793420553E0
1.231986076E2,-4.989035130E-1,9.336195946E0,1.916650891E0
1.232187192E2,-1.680957973E-1,9.476176262E0,1.674377680E0
1.232388309E2,-1.920240223E-1,9.389435768E0,1.734796405E0
1.232589425E2,-5.838487148E-1,9.366703987E0,1.984846354E0
1.232790542E2,-6.741777658E-1,9.479764938E0,2.394019127E0
1.232991659E2,-5.964110494E-1,9.309874535E0,2.866601467E0
1.233192775E2,1.513460279E-1,8.787042618E0,2.931805849E0
1.233393892E2,7.022934556E-1,8.393424034E0,2.595614433E0
1.233595008E2,6.879365444E-2,8.986245155E0,2.685943365E0
1.233796125E2,-4.719842672E-1,9.427721024E0,2.810968399E0
1.233997241E2,-9.248259664E-1,9.339784622E0,2.985644341E0
1.234198358E2,-9.583254457E-1,8.985049248E0,3.022135019E0
1.234399475E2,-8.021938205E-1,8.813961983E0,2.810370207E0
1.234600591E2,-5.784648657E-1,8.709874153E0,2.146361828E0
1.234801707E2,-6.532405615E-1,8.505886078E0,1.872383714E0
1.235002824E2,-1.182054400E0,8.589634895E0,2.324028969E0
1.235203941E2,-1.754537225E0,8.653642654E0,2.835494757E0
1.235405057E2,-1.804786444E0,8.462217331E0,3.559323788E0
1.235606174E2,-1.481157184E0,8.148757935E0,3.958925009E0
1.235807290E2,-1.286142230E0,8.048258781E0,4.459024906E0
1.236008407E2,-9.720842242E-1,8.048258781E0,4.607978344E0
1.236209524E2,-5.479564071E-1,7.980661869E0,4.341776848E0
1.236410640E2,-4.660021961E-1,7.739584923E0,3.981656790E0
1.236611757E2,-6.137589812E-1,7.569096088E0,3.572484255E0
1.236812874E2,-4.594219327E-1,7.661818027E0,3.110669374E0
1.237013990E2,1.399801224E-1,7.063014030E0,3.336791277E0
1.237215106E2,5.784648657E-1,5.883950710E0,3.835694790E0
1.237416223E2,-9.750752151E-2,4.715056896E0,3.860819340E0
1.237617340E2,-5.186443329E-1,5.173282623E0,4.768895626E0
1.237818456E2,-2.106880426E0,7.150352478E0,6.135197163E0
1.238019573E2,-2.799602509E0,8.732007980E0,7.277770042E0
1.238220690E2,-2.274377823E0,9.075976372E0,7.923233986E0
1.238421806E2,-9.601200819E-1,8.160721779E0,7.867600918E0
1.238622923E2,-1.004985496E-1,7.060023308E0,7.298109055E0
1.238824039E2,-2.518445849E-1,7.185646534E0,6.806982040E0
1.239025156E2,8.315058798E-2,7.148557663E0,6.159125328E0
1.239226273E2,6.562315822E-1,6.475576401E0,4.572684288E0
1.239427389E2,-1.119840980E0,5.421537876E0,3.699303865E0
1.239628506E2,-1.685145378E0,5.273781300E0,4.238885403E0
1.239829622E2,-9.367900491E-1,5.644668579E0,6.120840549E0
1.240030739E2,-1.005583763E0,6.263811588E0,6.594619274E0
1.240231855E2,1.854437590E-2,5.411368370E0,6.896114826E0
1.240432972E2,5.419743061E-1,4.583451748E0,7.506284714E0
1.240634089E2,9.451649338E-2,3.990629911E0,7.869993687E0
1.240835205E2,-6.095715761E-1,3.175275564E0,8.976674080E0
1.241036322E2,2.871387079E-2,2.646461725E0,9.412167549E0
1.241237438E2,-1.668993831E-1,2.492124796E0,9.119645119E0
1.241438555E2,-5.982056726E-3,2.378465652E0,8.885746956E0
1.241639672E2,1.220339537E-1,1.731805444E0,8.719446182E0
1.241840788E2,-1.932204217E-1,8.685946465E-1,9.413962364E0
1.242041905E2,-2.440679073E-1,-1.548156261E0,9.394221306E0
1.242243022E2,-2.797807932E0,-4.286741734E0,9.012566566E0
1.242444138E2,-4.140181541E0,-2.364108801E0,1.131446171E1
1.242645255E2,-3.578466177E0,-7.974081635E-1,1.291167068E1
1.242846372E2,-1.552343726E0,-5.443671346E-1,1.249532032E1
1.243047488E2,-9.702895880E-1,-4.624129832E-1,1.254736328E1
1.243248605E2,-1.466202021E0,-6.556333899E-1,1.311087322E1
1.243449721E2,-1.682154298E0,-7.423732281E-1,1.348535061E1
1.243650838E2,-7.776673436E-1,-5.976074338E-1,1.323948765E1
1.243851954E2,1.591227055E-1,4.707878530E-1,1.264786243E1
1.244053071E2,1.304088354E0,9.296116233E-1,1.242114258E1
1.244254188E2,2.024926186E0,8.075776696E-1,1.460399437E1
1.244455304E2,6.843472719E-1,1.122233868E0,1.368873978E1
1.244656421E2,1.363310695E0,1.475175142E0,1.332622719E1
1.244857538E2,5.407779217E-1,2.376072884E0,9.780662537E0
1.245058654E2,4.636093974E-1,2.681756020E0,8.691927910E0
1.245259770E2,1.252044439E0,1.890928149E0,1.031605625E1
1.245460887E2,1.093519926E0,8.111668825E-1,1.111466122E1
1.245662004E2,1.471585929E-1,3.182454109E-1,1.148554897E1
1.245863120E2,-1.902294010E-1,-2.853440940E-1,1.093579769E1
1.246064237E2,3.349951804E-1,-7.100701332E-1,1.045005512E1
1.246265354E2,6.352944374E-1,-7.980063558E-1,9.842875481E0
1.246466470E2,2.195414752E-1,-1.129412293E0,9.026325226E0
1.246667587E2,1.926222295E-1,-1.384247899E0,8.583054543E0
1.246868704E2,-1.256231815E-1,-1.199402332E0,8.753543854E0
1.247069820E2,-3.864408433E-1,-7.298108935E-1,8.982656479E0
1.247270937E2,-5.952146053E-1,-3.948157430E-1,8.955139160E0
1.247472054E2,-4.695914388E-1,-1.746760458E-1,9.255437851E0
1.247673170E2,-6.400800496E-2,1.088734269E-1,9.768698692E0
1.247874287E2,5.982056609E-4,3.421736360E-1,9.777072906E0
1.248075403E2,-8.099704385E-1,3.505485058E-1,9.963115692E0
1.248276520E2,4.600201547E-1,-1.668993831E-1,1.048953629E1
1.248477637E2,3.649054468E-1,-7.896314561E-2,9.957731247E0
1.248678753E2,2.368894368E-1,-1.830509305E-1,1.009890842E1
1.248879870E2,5.497509837E-1,-2.973082066E-1,1.063011456E1
1.249080987E2,7.124629617E-1,-3.870390654E-1,1.107697392E1
1.249282103E2,8.548358679E-1,-4.277170599E-1,1.066899776E1
1.249483220E2,3.517449200E-1,-5.120640397E-1,1.026042366E1
1.249684337E2,-5.539384484E-1,-5.419743061E-1,1.018564796E1
1.249885453E2,-5.916253924E-1,-5.569294691E-1,1.009830952E1
1.250086570E2,-3.649054468E-2,-5.712863803E-1,1.018863869E1
1.250287687E2,2.715853751E-1,-6.287141442E-1,1.032203865E1
1.250488803E2,4.073780477E-1,-8.422735929E-1,9.788438797E0
1.250689920E2,2.997010350E-1,-8.027920127E-1,9.478569031E0
1.250891037E2,7.399803996E-1,-6.442674994E-1,9.350552559E0
1.251092153E2,1.006780148E0,-4.295116663E-1,9.422935486E0
1.251293270E2,1.463211060E0,-3.768695593E-1,9.723235130E0
1.251494387E2,1.430907965E0,-3.936193287E-1,9.578469276E0
1.251695503E2,1.214955688E0,-2.470589429E-1,9.312865257E0
1.251896620E2,1.257428288E0,-1.555334777E-1,9.256035805E0
1.252097737E2,1.193420291E0,-2.542374134E-1,9.455837250E0
1.252298853E2,6.969096065E-1,-4.384847581E-1,9.894919395E0
1.252499970E2,-1.028913707E-1,-7.477570772E-1,1.073719311E1
1.252701087E2,-4.061816335E-1,-1.147956610E0,1.178345490E1
1.252902203E2,-7.160521746E-1,-1.525424480E0,1.214297676E1
1.253103320E2,-1.383051515E0,-1.929213285E0,1.152861977E1
1.253304437E2,-1.216152072E0,-2.273181453E-2,1.098066330E1
1.253505553E2,-8.249256015E-1,-1.872383654E-1,9.908080101E0
1.253706670E2,-5.676971674E-1,5.383851007E-3,9.189037323E0
1.253907787E2,-3.182454109E-1,3.326023519E-1,8.675178528E0
1.254108903E2,1.310070455E-1,9.272187948E-1,8.651848793E0
1.254310020E2,3.493520916E-1,1.030708313E0,8.713463783E0
1.254511137E2,5.563312769E-1,7.465606928E-1,8.772088051E0
1.254712253E2,5.330012441E-1,6.915257573E-1,9.096315384E0
1.254913370E2,3.451646566E-1,7.513462901E-1,9.443872452E0
1.255114487E2,4.468596280E-1,7.022934556E-1,9.831509590E0
1.255315603E2,4.660021961E-1,5.700899959E-1,1.013061333E1
1.255516720E2,2.608176768E-1,4.181457460E-1,1.028734303E1
1.255717837E2,6.759724021E-2,4.043870270E-1,1.050508976E1
1.255918953E2,4.426721856E-2,5.168496966E-1,1.039501953E1
1.256120070E2,-5.982056633E-2,5.599204898E-1,1.001695347E1
1.256321187E2,-2.560320199E-1,5.856433511E-1,9.661619186E0
1.256522304E2,-2.685943544E-1,7.166503668E-1,9.602995872E0
1.256723420E2,-4.905286431E-2,8.368897438E-1,9.595816612E0
1.256924537E2,1.651047617E-1,8.141579032E-1,9.504889488E0
1.257125654E2,2.817548811E-1,6.598208547E-1,9.452247620E0
1.257326770E2,2.907279432E-1,5.563312769E-1,9.641280174E0
1.257527887E2,2.703889608E-1,5.132604837E-1,9.959526062E0
1.257729004E2,1.926222295E-1,4.301098585E-1,1.017248726E1
1.257930120E2,3.469592705E-2,3.714857101E-1,1.021735287E1
1.258131237E2,-2.572284266E-2,4.019941986E-1,1.015155029E1
1.258332354E2,9.571290575E-3,4.546363056E-1,1.006839943E1
1.258533470E2,7.836493850E-2,4.205385745E-1,1.001755238E1
1.258734587E2,5.324030295E-2,3.379862010E-1,1.001276588E1
1.258935704E2,2.333002165E-2,3.134597540E-1,9.989436150E0
1.259136821E2,9.212367237E-2,3.308077157E-1,1.006839943E1
1.259337938E2,1.525424421E-1,3.403790295E-1,1.006899738E1
1.259539054E2,1.328016520E-1,3.529413342E-1,9.985847473E0
1.259740171E2,9.212367237E-2,3.732803464E-1,9.907482147E0
1.259941288E2,8.973085321E-3,3.798605800E-1,9.938589096E0
1.260142404E2,-8.554340899E-2,3.032902777E-1,9.996016502E0
1.260343521E2,2.153540403E-2,2.512463629E-1,1.003908730E1
1.260544638E2,1.064806059E-1,2.656033039E-1,1.007318497E1
1.260745754E2,1.794617027E-1,2.398804724E-1,9.940383911E0
1.260946872E2,3.320041299E-1,2.757728100E-1,9.867402077E0
1.261147988E2,3.218346536E-1,3.332005441E-1,9.751948357E0
1.261349105E2,1.621137410E-1,3.457628787E-1,9.716654778E0
1.261550222E2,3.170489892E-2,3.254238665E-1,9.713663101E0
1.261751338E2,-4.187439568E-3,2.943171859E-1,9.809974670E0
1.261952455E2,-1.674975827E-2,2.416750938E-1,9.983454704E0
1.262153572E2,1.316052489E-2,1.896311939E-1,1.002891827E1
1.262354688E2,3.349951655E-2,1.914258152E-1,9.922437668E0
1.262555805E2,5.922235921E-2,2.201396823E-1,9.843474388E0
1.262756922E2,7.657032460E-2,2.554338276E-1,9.905687332E0
1.262958039E2,6.879365444E-2,2.297109663E-1,9.995418549E0
1.263159155E2,7.477571070E-2,1.818545163E-1,9.920044899E0
1.263360272E2,2.811566554E-2,1.495514214E-1,9.868598938E0
1.263561389E2,-1.375873014E-2,1.232303679E-1,9.979267120E0
1.263762505E2,-1.196411345E-2,8.973085135E-2,1.007438183E1
1.263963622E2,-6.460621208E-2,1.130608693E-1,1.002772141E1
1.264164739E2,-2.751746029E-2,1.363908947E-1,1.001336479E1
1.264365856E2,8.973085321E-3,1.806581169E-1,9.968499184E0
1.264566973E2,-3.110669367E-2,1.465603858E-1,9.868000984E0
1.264768089E2,-1.196411322E-3,1.154536903E-1,9.811769485E0
1.264969206E2,1.854437590E-2,1.154536903E-1,9.868000984E0
1.265170323E2,-4.187439568E-3,9.391828626E-2,9.954142570E0
1.265371440E2,2.931207791E-2,8.434699476E-2,1.001635551E1
1.265572556E2,5.144568533E-2,8.135596663E-2,1.002652550E1
1.265773673E2,2.333002165E-2,9.212367237E-2,9.980463028E0
1.265974790E2,-3.469592705E-2,1.196411327E-1,9.927223206E0
1.266175906E2,-6.400800496E-2,1.351944804E-1,9.848857880E0
1.266377023E2,-3.349951655E-2,1.286142170E-1,9.814760208E0
1.266578140E2,-1.794616925E-3,1.274178028E-1,9.832108498E0
1.266779257E2,3.230310604E-2,1.154536903E-1,9.885348320E0
1.266980374E2,2.213360928E-2,1.040877849E-1,9.952347755E0
1.267181490E2,2.273181453E-2,8.793623000E-2,9.976275444E0
1.267382607E2,1.794616925E-3,7.058826834E-2,9.971489906E0
1.267583724E2,-2.273181453E-2,7.537391037E-2,9.936794281E0
1.267784841E2,8.374879137E-3,1.010967568E-1,9.881759644E0
1.267985957E2,-2.512463741E-2,8.015955985E-2,9.884750366E0
1.268187074E2,-3.529413417E-2,3.888336942E-2,9.924231529E0
1.268388191E2,5.982056609E-4,2.572284266E-2,9.969097137E0
1.268589307E2,8.973085321E-3,3.409772366E-2,9.958329201E0
1.268790425E2,-1.914258115E-2,2.153540403E-2,9.930811882E0
1.268991541E2,-2.871387079E-2,1.136590727E-2,9.942776680E0
1.269192658E2,-5.742774159E-2,3.888336942E-2,1.001216793E1
1.269393775E2,-4.845465720E-2,5.982056726E-3,9.964311600E0
1.269594892E2,4.486542568E-2,3.170489892E-2,9.843474388E0
1.269796009E2,3.708875179E-2,2.811566554E-2,9.813564301E0
1.269997125E2,1.435693540E-2,-5.383851007E-3,9.814162254E0
1.270198242E2,-3.170489892E-2,-2.931207791E-2,9.924830437E0
1.270399359E2,-5.563312769E-2,-3.649054468E-2,1.005045319E1
1.270600476E2,8.374879137E-3,-6.221338734E-2,1.003190899E1
1.270801592E2,5.383851007E-3,-3.649054468E-2,9.981659889E0
1.271002709E2,1.196411345E-2,-3.110669367E-2,9.910472870E0
1.271203826E2,3.828516230E-2,-4.486542568E-2,9.863813400E0
1.271404943E2,-6.580262445E-3,-2.691925503E-2,9.902696609E0
1.271606060E2,-4.965107143E-2,-5.862415582E-2,9.984650612E0
1.271807176E2,-5.922235921E-2,-9.571290761E-2,1.003310490E1
1.272008293E2,-2.751746029E-2,-1.112662554E-1,1.003968525E1
1.272209410E2,4.666004330E-2,-8.135596663E-2,9.998409271E0
1.272410527E2,1.046859920E-1,-4.606183618E-2,9.923035622E0
1.272611643E2,8.673982322E-2,9.571290575E-3,9.872786522E0
1.272812760E2,1.794616925E-3,2.093719877E-2,9.863214493E0
1.273013877E2,-4.845465720E-2,-2.213360928E-2,9.904491425E0
1.273214994E2,-4.905286431E-2,-9.092725813E-2,9.912267685E0
1.273416111E2,-3.409772366E-2,-1.405783296E-1,9.878170013E0
1.273617227E2,4.187439568E-3,-1.298106313E-1,9.885947227E0
1.273818344E2,1.256231871E-2,-8.554340899E-2,9.982855797E0
1.274019461E2,1.854437590E-2,-5.682953820E-2,1.000319481E1
1.274220578E2,-1.316052489E-2,-3.888336942E-2,9.952945709E0
1.274421695E2,-4.785645287E-3,-3.888336942E-2,9.945767403E0
1.274622812E2,2.093719877E-2,-3.290131316E-2,9.982257843E0
1.274823928E2,8.374879137E-3,-4.127619043E-2,9.995418549E0
1.275025045E2,1.914258115E-2,-4.606183618E-2,9.992427826E0
1.275226162E2,4.127619043E-2,-6.221338734E-2,9.955338478E0
1.275427279E2,4.965107143E-2,-2.931207791E-2,9.908080101E0
1.275628395E2,4.666004330E-2,-4.785645287E-3,9.881759644E0
1.275829513E2,3.649054468E-2,-8.973085321E-3,9.867402077E0
1.276030629E2,3.349951655E-2,-4.785645381E-2,9.863214493E0
1.276231746E2,9.571290575E-3,-4.725824669E-2,9.896714211E0
1.276432863E2,5.383851007E-3,-3.589233849E-3,9.933204651E0
1.276633980E2,1.674975827E-2,6.999006122E-2,9.973284721E0
1.276835097E2,8.973085135E-2,6.460621208E-2,9.985847473E0
1.277036213E2,9.631111473E-2,-4.546362907E-2,9.974481583E0
1.277237330E2,7.477571070E-2,-1.022931710E-1,9.969695091E0
1.277438447E2,6.879365444E-2,-8.315058798E-2,9.930811882E0
1.277639564E2,8.673982322E-2,-9.272187948E-2,9.879964828E0
1.277840681E2,9.750752151E-2,-9.212367237E-2,9.863214493E0
1.278041798E2,1.106680483E-1,-4.426721856E-2,9.832108498E0
1.278242914E2,6.879365444E-2,-1.794617064E-2,9.812965393E0
1.278444031E2,3.469592705E-2,-4.187439568E-3,9.966106415E0
1.278645148E2,1.100698411E-1,-8.973085321E-3,9.984052658E0
1.278846265E2,3.469592705E-2,4.187439568E-3,9.928419113E0
1.279047382E2,5.982056726E-3,-5.443671346E-2,9.960722923E0
1.279248499E2,2.273181453E-2,-6.520441920E-2,1.003729248E1
1.279449615E2,1.040877849E-1,-1.256231871E-2,1.000080204E1
1.279650732E2,6.999006122E-2,-4.307080805E-2,9.888937950E0
1.279851849E2,2.512463741E-2,-7.298108935E-2,9.861420631E0
1.280052966E2,4.426721856E-2,-5.324030295E-2,9.960124016E0
1.280254083E2,1.286142170E-1,-3.409772366E-2,9.979865074E0
1.280455200E2,1.411765367E-1,-5.383851007E-3,9.926026344E0
1.280656316E2,4.666004330E-2,1.016949583E-2,9.925428391E0
1.280857434E2,-1.136590727E-2,1.914258115E-2,9.817152977E0
1.281058550E2,1.435693540E-2,4.007977992E-2,9.799804688E0
1.281259667E2,4.426721856E-2,5.324030295E-2,9.924830437E0
1.281460784E2,5.204389244E-2,1.196411322E-3,1.000379372E1
1.281661901E2,3.290131316E-2,-9.870393574E-2,1.003848934E1
1.281863017E2,4.546362907E-2,-1.154536903E-1,1.000199890E1
1.282064135E2,7.716853172E-2,-7.836493850E-2,9.897313118E0
1.282265251E2,7.357929647E-2,-8.315058798E-2,9.838688850E0
1.282466368E2,9.032905847E-2,-5.024927482E-2,9.897911072E0
1.282667485E2,1.226321608E-1,-1.016949583E-2,9.938589096E0
1.282868602E2,9.571290761E-2,-7.776673418E-3,9.949954987E0
1.283069719E2,8.434699476E-2,-1.495514158E-2,9.981060982E0
1.283270836E2,6.999006122E-2,-3.349951655E-2,9.988240242E0
1.283471952E2,5.742774159E-2,-4.366901144E-2,9.952945709E0
1.283673069E2,3.529413417E-2,-6.999006122E-2,9.955936432E0
1.283874186E2,5.802594870E-2,-7.118647546E-2,9.955936432E0
1.284075303E2,7.537391037E-2,-4.247260094E-2,9.881160736E0
1.284276420E2,6.281159073E-2,-7.058826834E-2,9.878170013E0
1.284477537E2,6.520441920E-2,-7.178468257E-2,9.950552940E0
1.284678654E2,1.112662554E-1,-3.409772366E-2,9.938589096E0
1.284879770E2,8.374879509E-2,-2.392822644E-3,9.862018585E0
1.285080888E2,4.905286431E-2,-3.230310604E-2,9.885348320E0
1.285282004E2,1.010967568E-1,-5.742774159E-2,9.954142570E0
1.285483121E2,9.631111473E-2,-3.708875179E-2,9.944570541E0
1.285684238E2,4.905286431E-2,-6.699903309E-2,9.903294563E0
1.285885355E2,5.742774159E-2,-9.212367237E-2,9.933803558E0
1.286086472E2,1.028913707E-1,-5.862415582E-2,9.979267120E0
1.286287589E2,9.451649338E-2,-6.101697683E-2,9.978668213E0
1.286488705E2,7.836493850E-2,-7.716853172E-2,9.963115692E0
1.286689823E2,9.511470050E-2,-4.067798331E-2,9.978070259E0
1.286890939E2,1.268195957E-1,-4.666004330E-2,9.937392235E0
1.287092056E2,1.004985496E-1,-4.426721856E-2,9.850054741E0
1.287293173E2,8.374879509E-2,-2.333002165E-2,9.870393753E0
1.287494290E2,7.896314561E-2,-3.948157281E-2,9.904491425E0
1.287695407E2,5.682953820E-2,-7.477571070E-2,9.946963310E0
1.287896524E2,6.879365444E-2,-7.597211748E-2,1.000080204E1
1.288097641E2,1.028913707E-1,-7.238288224E-2,1.002353382E1
1.288298757E2,1.345962733E-1,-5.623133108E-2,9.940981865E0
1.288499875E2,1.088734269E-1,-1.196411345E-2,9.863813400E0
1.288700991E2,5.383851007E-2,-1.136590727E-2,9.870991707E0
1.288902109E2,3.948157281E-2,-1.854437590E-2,9.910472870E0
1.289103225E2,9.511470050E-2,-2.871387079E-2,9.894321442E0
1.289304342E2,9.990034252E-2,-6.759724021E-2,9.900303841E0
1.289505459E2,1.178465188E-1,-1.328016520E-1,9.926026344E0
1.289706576E2,1.010967568E-1,-9.990034252E-2,9.975677490E0
1.289907693E2,1.435693651E-1,-5.084748194E-2,9.962516785E0
1.290108810E2,8.973085135E-2,-5.383851007E-2,9.942776680E0
1.290309927E2,5.204389244E-2,-1.734796353E-2,9.973882675E0
1.290511043E2,9.631111473E-2,-2.273181453E-2,1.000738239E1
1.290712161E2,9.152546525E-2,-2.931207791E-2,9.999007225E0
1.290913277E2,1.010967568E-1,-1.256231871E-2,9.900901794E0
1.291114394E2,1.405783296E-1,-1.256231871E-2,9.886545181E0
1.291315511E2,1.118644550E-1,-4.307080805E-2,9.910472870E0
1.291516628E2,1.004985496E-1,-6.400800496E-2,9.924830437E0
1.291717745E2,1.232303679E-1,-6.400800496E-2,9.930213928E0
1.291918862E2,1.244267747E-1,-3.409772366E-2,9.908080101E0
1.292119979E2,8.733802289E-2,-1.555334684E-2,9.901499748E0
1.292321095E2,1.082752272E-1,5.383851007E-3,9.948758125E0
1.292522213E2,1.351944804E-1,-2.811566554E-2,9.974481583E0
1.292723329E2,1.226321608E-1,-5.084748194E-2,9.951150894E0
1.292924447E2,1.226321608E-1,-3.050848842E-2,9.915857315E0
1.293125563E2,1.465603858E-1,-2.811566554E-2,9.906884193E0
1.293326680E2,1.304088384E-1,-3.708875179E-2,9.918848038E0
1.293527797E2,1.208375469E-1,-2.392822690E-2,9.917651176E0
1.293728914E2,1.591227055E-1,-2.512463741E-2,9.879366875E0
1.293930031E2,1.082752272E-1,-1.136590727E-2,9.891330719E0
1.294131148E2,1.244267747E-1,-2.452643216E-2,9.963115692E0
1.294332265E2,1.351944804E-1,-2.811566554E-2,9.996016502E0
1.294533382E2,1.549352705E-1,-1.615155302E-2,9.965508461E0
1.294734499E2,1.680957973E-1,-1.016949583E-2,9.902098656E0
1.294935616E2,1.046859920E-1,-7.178467698E-3,9.890133858E0
1.295136732E2,8.973085135E-2,-1.914258115E-2,9.932008743E0
1.295337850E2,1.190429255E-1,-2.452643216E-2,9.962516785E0
1.295538966E2,1.190429255E-1,-4.127619043E-2,9.935597420E0
1.295740084E2,1.435693651E-1,-3.589234129E-2,9.882357597E0
1.295941200E2,1.268195957E-1,-4.127619043E-2,9.893125534E0
1.296142317E2,1.160518974E-1,-2.871387079E-2,9.955338478E0
1.296343434E2,1.136590764E-1,-2.033899166E-2,9.973882675E0
1.296544551E2,8.913264424E-2,-1.375873014E-2,9.945767403E0
1.296745668E2,1.094716340E-1,2.452643216E-2,9.949356079E0
1.296946785E2,1.722832322E-1,1.495514158E-2,9.932008743E0
1.297147902E2,1.573280841E-1,-5.982056633E-2,9.889535904E0
1.297349019E2,1.292124242E-1,-9.810572863E-2,9.906285286E0
1.297550136E2,1.854437590E-1,-2.572284266E-2,9.967302322E0
1.297751253E2,1.818545163E-1,3.050848842E-2,9.947562218E0
1.297952369E2,1.507478207E-1,4.785645381E-2,9.917053223E0
1.298153487E2,1.483550072E-1,3.589234129E-2,9.937392235E0
1.298354604E2,1.645065546E-1,7.776673418E-3,9.933803558E0
1.298555720E2,1.423729509E-1,-3.050848842E-2,9.936794281E0
1.298756838E2,1.399801224E-1,-4.606183618E-2,9.928419113E0
1.298957954E2,1.746760458E-1,-4.307080805E-2,9.933803558E0
1.299159072E2,1.848455518E-1,-1.794616925E-3,9.914062500E0
1.299360188E2,1.531406492E-1,2.991028316E-2,9.898509026E0
1.299561305E2,1.483550072E-1,3.768695518E-2,9.923035622E0
1.299762422E2,1.513460279E-1,2.691925503E-2,9.967901230E0
1.299963539E2,1.429711580E-1,1.794617064E-2,9.969097137E0
1.300164656E2,1.064806059E-1,5.982056609E-4,9.918250084E0
1.300365773E2,2.093719840E-1,1.854437590E-2,9.960124016E0
1.300566890E2,2.291127741E-1,1.076770201E-2,9.934401512E0
1.300768007E2,1.016949639E-1,2.991028363E-3,9.876375198E0
1.300969124E2,1.459621787E-1,1.495514158E-2,9.918848038E0
1.301170241E2,1.830509305E-1,2.871387079E-2,9.981060982E0
1.301371358E2,1.752742529E-1,1.495514158E-2,9.973882675E0
1.301572475E2,1.680957973E-1,8.973085321E-3,9.917651176E0
1.301773592E2,1.920240223E-1,1.674975827E-2,9.887143135E0
1.301974709E2,2.015953064E-1,2.213360928E-2,9.890133858E0
1.302175826E2,1.908276081E-1,1.555334684E-2,9.914062500E0
1.302376942E2,1.579262912E-1,1.674975827E-2,9.946365356E0
1.302578060E2,1.728814393E-1,1.914258115E-2,9.978668213E0
1.302779177E2,1.639083475E-1,1.974078640E-2,9.967302322E0
1.302980293E2,1.716850251E-1,2.333002165E-2,9.924830437E0
1.303181411E2,1.734796464E-1,3.529413417E-2,9.893125534E0
1.303382527E2,1.866401732E-1,5.383851007E-2,9.898509026E0
1.303583644E2,1.824527234E-1,4.007977992E-2,9.916455269E0
1.303784762E2,1.908276081E-1,1.555334684E-2,9.932008743E0
1.303985878E2,1.968096644E-1,1.196411345E-2,9.966106415E0
1.304186995E2,1.908276081E-1,2.392822690E-2,9.966106415E0
1.304388112E2,1.633101404E-1,3.170489892E-2,9.936794281E0
1.304589229E2,1.513460279E-1,4.007977992E-2,9.921240807E0
1.304790346E2,1.537388563E-1,3.349951655E-2,9.923633575E0
1.304991463E2,1.902294010E-1,3.649054468E-2,9.952945709E0
1.305192580E2,2.219343036E-1,5.503492057E-2,9.898509026E0
1.305393697E2,1.746760458E-1,6.759724021E-2,9.882357597E0
1.305594814E2,1.621137410E-1,4.187439755E-2,9.948160172E0
1.305795931E2,1.525424421E-1,5.324030295E-2,9.981659889E0
1.305997048E2,1.854437590E-1,4.007977992E-2,9.948160172E0
1.306198165E2,1.298106313E-1,4.486542568E-2,9.967901230E0
1.306399282E2,1.836491376E-1,1.555334684E-2,9.906285286E0
1.306600399E2,2.021935135E-1,1.615155302E-2,9.825528145E0
1.306801516E2,1.956132501E-1,1.136590727E-2,9.881160736E0
1.307002633E2,2.039881349E-1,-8.374879137E-3,9.945169449E0
1.307203750E2,2.297109663E-1,6.340979785E-2,9.909874916E0
1.307404867E2,1.812563092E-1,1.310070455E-1,9.846465111E0
1.307605984E2,1.471585929E-1,1.148554832E-1,9.901499748E0
1.307807101E2,1.160518974E-1,7.417750359E-2,9.999007225E0
1.308008218E2,1.339980662E-1,-1.495514158E-2,1.002173901E1
1.308209335E2,2.895315289E-1,4.187439568E-3,9.940981865E0
1.308410452E2,1.369891018E-1,1.154536903E-1,1.006122112E1
1.308611569E2,1.956132501E-1,-1.010967568E-1,9.996614456E0
1.308812686E2,3.068794906E-1,-1.794617064E-2,9.821938515E0
1.309013803E2,2.350948304E-1,1.776670814E-1,9.753743172E0
1.309214920E2,1.962114573E-1,1.166501045E-1,9.932606697E0
1.309416037E2,1.686939895E-1,3.649054468E-2,1.011745262E1
1.309617154E2,1.597209126E-1,7.357929647E-2,1.011087227E1
1.309818271E2,2.231307179E-1,8.374879509E-2,1.003609657E1
1.310019388E2,1.854437590E-1,8.614161611E-2,9.939187050E0
1.310220505E2,1.328016520E-1,1.483550072E-1,9.878170013E0
1.310421622E2,3.008974493E-1,1.166501045E-1,9.771689415E0
1.310622739E2,2.967100143E-1,1.040877849E-1,9.659226418E0
1.310823856E2,3.720839322E-1,7.597211748E-2,9.738189697E0
1.311024973E2,2.087737769E-1,1.591227055E-1,9.880562782E0
1.311226090E2,1.890329868E-1,3.888336942E-2,1.001575756E1
1.311427207E2,2.231307179E-1,1.734796353E-2,9.917651176E0
1.311628324E2,2.368894368E-1,7.058826834E-2,9.870991707E0
1.311829441E2,2.650051117E-1,8.075776696E-2,9.897313118E0
1.312030558E2,2.578266263E-1,1.208375469E-1,9.888339996E0
1.312231675E2,1.615155339E-1,1.058823988E-1,9.734002113E0
1.312432792E2,7.477571070E-2,-5.383851007E-2,9.613762856E0
1.312633909E2,2.392822644E-3,-2.303091735E-1,9.698708534E0
1.312835026E2,-1.154536903E-1,-3.296113312E-1,9.973284721E0
1.313036143E2,-8.973085135E-2,-3.595215976E-1,1.002353382E1
1.313237260E2,-1.070788130E-1,-5.617151260E-1,1.030827999E1
1.313438377E2,1.328016520E-1,-7.411768436E-1,1.032742214E1
1.313639494E2,6.125625968E-1,-7.268198729E-1,1.048953629E1
1.313840611E2,1.824527234E-1,-7.549355626E-1,1.039023399E1
1.314041728E2,2.877369225E-1,-9.194421172E-1,1.026640511E1
1.314242845E2,3.990031779E-1,-9.577272534E-1,9.946365356E0
1.314443962E2,2.662015259E-1,-1.022333503E0,1.013599682E1
1.314645079E2,-9.690931439E-2,-1.118046403E0,9.942776680E0
1.314846196E2,1.124626622E-1,-1.128814101E0,9.912865639E0
1.315047313E2,3.104687333E-1,-9.732806087E-1,9.783055305E0
1.315248430E2,2.979064286E-1,-8.769695163E-1,9.885947227E0
1.315449547E2,3.134597540E-1,-8.949156404E-1,9.849455833E0
1.315650664E2,5.796613097E-1,-3.942175210E-1,9.665806770E0
1.315851781E2,4.444667995E-1,-4.606183469E-1,9.960124016E0
1.316052898E2,3.373879790E-1,-8.739784956E-1,9.808179855E0
1.316254015E2,3.631108403E-1,-8.087740541E-1,1.003848934E1
1.316455132E2,6.149554253E-1,-5.838487148E-1,1.010488987E1
1.316656249E2,7.483552694E-1,-3.367897868E-1,1.008814049E1
1.316857366E2,7.124629617E-1,-5.653043389E-1,9.863813400E0
1.317058483E2,6.975077987E-1,-7.214360237E-1,9.602396965E0
1.317259600E2,3.888336718E-1,-6.394818425E-1,9.661619186E0
1.317460717E2,5.712863803E-1,-3.918247223E-1,9.632308006E0
1.317661835E2,9.062815905E-1,-2.895315289E-1,9.595816612E0
1.317862951E2,8.691928387E-1,-1.980060786E-1,9.530612946E0
1.318064068E2,7.992027402E-1,-1.902294010E-1,9.793823242E0
1.318265186E2,5.760720372E-1,-2.009970993E-1,1.003908730E1
1.318466302E2,3.445664644E-1,-1.668993831E-1,1.036211872E1
1.318667419E2,2.985046208E-1,-4.366901144E-2,1.062473106E1
1.318868537E2,4.163511395E-1,1.465603858E-1,1.054935646E1
1.319069653E2,5.156532526E-1,1.172483116E-1,1.014975548E1
1.319270770E2,7.304090858E-1,1.034895778E-1,1.008215809E1
1.319471888E2,7.010970116E-1,2.165504545E-1,1.022692394E1
1.319673005E2,3.349951804E-1,4.456632137E-1,1.051406288E1
1.319874122E2,5.168496966E-1,5.491527915E-1,1.033639526E1
1.320075239E2,1.496112347E0,1.220339537E-1,9.472586632E0
1.320276356E2,1.454237938E0,6.921239495E-1,8.977272034E0
1.320477473E2,1.678565025E0,8.350951076E-1,9.017352104E0
1.320678590E2,2.377867460E0,3.589234054E-1,9.570692062E0
1.320879707E2,1.298704505E0,4.031906128E-1,1.013838959E1
1.321080824E2,4.510470629E-1,4.486542344E-1,1.074317551E1
1.321281941E2,8.362914920E-1,1.842473447E-1,1.091306591E1
1.321483058E2,1.432104349E0,-4.007977992E-2,1.092622662E1
1.321684175E2,1.713859200E0,-2.033899166E-2,1.079402256E1
1.321885292E2,1.718644857E0,1.920240223E-1,1.075394344E1
1.322086409E2,1.504487276E0,-6.520441920E-2,1.013240719E1
1.322287526E2,6.239284873E-1,-3.278166950E-1,1.046261692E1
1.322488643E2,1.082752228E0,4.151547253E-1,1.019641590E1
1.322689760E2,1.201795220E0,9.720842242E-1,9.551549911E0
1.322890877E2,1.248455167E0,1.200598717E0,9.057432175E0
1.323091994E2,1.066600680E0,8.769695163E-1,9.175278664E0
1.323293111E2,9.038887620E-1,3.188436031E-1,9.627521515E0
1.323494228E2,6.065805554E-1,8.315058798E-2,1.065763187E1
1.323695345E2,7.872386575E-1,2.524427772E-1,1.131147099E1
1.323896463E2,1.463809252E0,-2.811566554E-2,1.169073296E1
1.324097579E2,1.603191137E0,2.273181453E-2,1.237328625E1
1.324298697E2,1.351944804E0,3.720839322E-1,1.230867958E1
1.324499814E2,1.031904817E0,3.906283081E-1,1.163450146E1
1.324700931E2,6.897311211E-1,3.014956415E-1,1.051585770E1
1.324902048E2,3.427718580E-1,3.613162339E-1,1.042732334E1
1.325103165E2,7.363911867E-1,1.469791293E0,1.077428246E1
1.325304282E2,2.294716835E0,1.496112347E0,8.135597229E0
1.325505399E2,3.451646566E0,2.530409992E-1,5.735595703E0
1.325706516E2,1.456032634E0,-2.865405083E-1,6.501298904E0
1.325907633E2,5.928218365E-1,5.700899959E-1,8.349156380E0
1.326108750E2,4.755735099E-1,1.537388563E0,8.852845192E0
1.326309867E2,2.667997181E-1,1.422533035E0,8.766105652E0
1.326510984E2,1.237687469E0,5.180460811E-1,1.077188969E1
1.326712101E2,1.173679471E0,6.185446382E-1,1.267358494E1
1.326913218E2,3.034697294E0,4.983053207E-1,1.329212952E1
1.327114336E2,1.897508383E0,1.586441398E0,9.721440315E0
1.327315452E2,1.928016901E0,1.748555183E0,7.145566463E0
1.327516569E2,1.046261668E0,1.217348576E0,6.547360897E0
1.327717687E2,-1.259821177E0,1.938784599E0,6.018547058E0
1.327918804E2,-1.943570137E0,2.387438774E0,6.792026997E0
1.328119920E2,-2.095514536E0,2.894119024E0,7.619943619E0
1.328321038E2,-1.577468276E0,3.254837036E0,7.588238716E0
1.328522155E2,-1.451246977E0,2.583052158E0,7.647460938E0
1.328723272E2,-6.472585201E-1,4.182055950E0,9.065208435E0
1.328924389E2,1.627717614E0,4.735395908E0,9.731609344E0
1.329125506E2,3.562314749E0,4.291527271E0,1.008574772E1
1.329326623E2,3.332603693E0,3.949353695E0,1.106261730E1
1.329527740E2,2.515454769E0,3.230908871E0,1.051944637E1
1.329728857E2,1.267597795E0,2.383849621E0,8.592626572E0
1.329929974E2,2.117647976E-1,1.540379524E0,6.756732941E0
1.330131091E2,-4.594219327E-1,2.089532375E0,6.008975983E0
1.330332209E2,-3.510270834E0,2.392822742E0,5.112265587E0
1.330533326E2,-1.211964726E0,2.093121529E0,7.438687325E0
1.330734442E2,5.667400360E0,5.878567219E0,1.514656734E1
1.330935560E2,7.068996429E0,6.233901024E0,1.618325806E1
1.331136677E2,3.961916208E0,3.165704250E0,1.290030479E1
1.331337794E2,-1.765304923E0,3.979264021E0,8.072785378E0
1.331538911E2,-4.703691006E0,6.738786697E0,6.326622963E0
1.331740028E2,-1.376471281E0,5.764309883E0,6.631708145E0
1.331941145E2,1.451845169E0,3.351746321E0,7.212565422E0
1.332142262E2,2.043470621E0,2.444268227E0,9.375079155E0
1.332343379E2,2.618346214E0,2.510071039E0,1.229372501E1
1.332544496E2,2.120040894E0,2.563909531E0,1.244806194E1
1.332745613E2,1.333400369E0,2.376072884E0,1.055414295E1
1.332946730E2,8.590233326E-1,2.407179594E0,8.837890625E0
1.333147848E2,1.345962763E0,2.657229662E0,8.163712502E0
1.333348964E2,2.194816589E0,2.879163742E0,7.875975609E0
1.333550081E2,2.734996319E0,3.242872953E0,7.375875950E0
1.333751199E2,3.334398270E0,3.552145243E0,6.870990276E0
1.333952316E2,3.769293785E0,3.815355778E0,6.610770702E0
1.334153433E2,4.066602230E0,3.810570002E0,6.664011002E0
1.334354550E2,3.853640795E0,3.595216036E0,7.082156658E0
1.334555667E2,3.436093330E0,3.489333630E0,8.540582657E0
1.334756784E2,3.560520172E0,3.042474031E0,1.003131104E1
1.334957901E2,4.249054909E0,2.572882652E0,1.120558834E1
1.335159018E2,2.384447813E0,3.287738323E0,1.093998528E1
1.335360135E2,1.816750646E0,3.235096216E0,9.977472305E0
1.335561252E2,2.507678032E0,3.058027267E0,9.850652695E0
1.335762369E2,2.598007202E0,3.058625460E0,1.019162941E1
1.335963487E2,2.084148407E0,3.053839922E0,1.044586754E1
1.336164604E2,1.731805444E0,3.014358282E0,1.020179939E1
1.336365720E2,1.992024899E0,2.986840963E0,9.930213928E0
1.336566838E2,2.185245275E0,2.955136061E0,9.949954987E0
1.336767955E2,2.091925144E0,2.867797852E0,1.004028416E1
1.336969072E2,1.924427629E0,2.773879766E0,1.004088211E1
1.337170189E2,1.817348838E0,2.724826813E0,9.957731247E0
1.337371306E2,1.864008784E0,2.710469961E0,9.765109062E0
1.337572423E2,1.913659930E0,2.783450842E0,9.433703423E0
1.337773540E2,1.953739643E0,2.961716175E0,8.950352669E0
1.337974657E2,2.109871387E0,3.120838881E0,8.481958389E0
1.338175775E2,2.225923300E0,3.253042459E0,8.216953278E0
1.338376891E2,2.257030010E0,3.418147087E0,8.282755852E0
1.338578009E2,2.440679073E0,3.507279873E0,8.552546501E0
1.338779126E2,2.481357098E0,3.488735437E0,8.785248756E0
1.338980243E2,2.368296146E0,3.475574970E0,8.873783112E0
1.339181360E2,2.204986095E0,3.476173162E0,8.952746391E0
1.339382477E2,2.132603168E0,3.462414265E0,8.981459618E0
1.339583594E2,2.114656925E0,3.399004459E0,8.977870941E0
1.339784711E2,2.092523336E0,3.376272678E0,8.895915985E0
1.339985828E2,1.979462504E0,3.387040377E0,8.877969742E0
1.340186945E2,1.936391711E0,3.401995659E0,8.943174362E0
1.340388063E2,1.908276081E0,3.434896946E0,8.894720078E0
1.340589179E2,1.947757602E0,3.412763357E0,8.841479301E0
1.340790297E2,1.977069736E0,3.385245800E0,8.880363464E0
1.340991414E2,1.904686809E0,3.366103172E0,8.955139160E0
1.341192531E2,2.038684845E0,3.321835995E0,9.089735031E0
1.341393648E2,2.130210400E0,3.269792080E0,9.167501450E0
1.341594765E2,2.075773716E0,3.263810158E0,9.282357216E0
1.341795882E2,2.068595171E0,3.308077335E0,9.437891006E0
1.341996999E2,2.089532375E0,3.348157167E0,9.443872452E0
1.342198116E2,2.149353027E0,3.391826153E0,9.294321060E0
1.342399234E2,2.249851465E0,3.430111170E0,9.120243073E0
1.342600351E2,2.285743713E0,3.478565931E0,8.959325790E0
1.342801467E2,2.242074728E0,3.556332588E0,8.870193481E0
1.343002585E2,2.233101845E0,3.619144201E0,8.848658562E0
1.343203702E2,2.292922258E0,3.628117323E0,8.794221878E0
1.343404819E2,2.374876499E0,3.601796389E0,8.694919586E0
1.343605936E2,2.429313183E0,3.501297712E0,8.629714966E0
1.343807053E2,2.345564365E0,3.406781197E0,8.636295319E0
1.344008170E2,2.255833626E0,3.326621771E0,8.743373871E0
1.344209287E2,2.325225353E0,3.275774240E0,8.988039970E0
1.344410404E2,2.477767944E0,3.230908871E0,9.189037323E0
1.344611522E2,2.524427891E0,3.205185890E0,9.280562401E0
1.344812639E2,2.592623234E0,3.272184849E0,9.213563919E0
1.345013756E2,2.638087034E0,3.356531858E0,9.009575844E0
1.345214873E2,2.667398930E0,3.414557934E0,8.856434822E0
1.345415990E2,2.611167669E0,3.460619688E0,8.782257080E0
1.345617107E2,2.430509567E0,3.450450182E0,8.801400185E0
1.345818224E2,2.445464849E0,3.390031576E0,8.897112846E0
1.346019341E2,2.551945448E0,3.349951744E0,8.995817184E0
1.346220459E2,2.601596355E0,3.312264681E0,9.083752632E0
1.346421576E2,2.651845694E0,3.250649452E0,9.132207870E0
1.346622692E2,2.604587555E0,3.185445070E0,9.156734467E0
1.346823810E2,2.499901533E0,3.165106058E0,9.148359299E0
1.347024927E2,2.513660192E0,3.168695450E0,9.128618240E0
1.347226044E2,2.556730986E0,3.212364435E0,9.145966530E0
1.347427161E2,2.669791937E0,3.218944550E0,9.183054924E0
1.347628278E2,2.739183664E0,3.218944550E0,9.229117393E0
1.347829395E2,2.789433002E0,3.168097258E0,9.279366493E0
1.348030512E2,2.809173822E0,3.138186932E0,9.285347939E0
1.348231629E2,2.729014158E0,3.115455151E0,9.280562401E0
1.348432747E2,2.607578516E0,3.096312523E0,9.240483284E0
1.348633864E2,2.556132793E0,3.087339401E0,9.155537605E0
1.348834981E2,2.635095835E0,3.096312523E0,9.029315948E0
1.349036098E2,2.632104874E0,3.105883837E0,8.909076691E0
1.349237215E2,2.559721947E0,3.044866800E0,9.029315948E0
1.349438332E2,2.471785784E0,3.014358282E0,9.299705505E0
1.349639449E2,2.447259426E0,3.035893679E0,9.479764938E0
1.349840566E2,2.437089920E0,3.084348440E0,9.471988678E0
1.350041684E2,2.427518606E0,3.132802963E0,9.311669350E0
1.350242801E2,2.392822742E0,3.139981508E0,9.159127235E0
1.350443918E2,2.385644197E0,3.113660574E0,9.045467377E0
1.350645035E2,2.365903378E0,3.087339401E0,8.909076691E0
1.350846152E2,2.360519648E0,3.062813044E0,8.915657043E0
1.351047269E2,2.341975212E0,3.063411236E0,9.019146919E0
1.351248386E2,2.318047047E0,3.083152056E0,9.083154678E0
1.351449503E2,2.321636200E0,3.108276606E0,9.057432175E0
1.351650620E2,2.417349100E0,3.150749207E0,9.026923180E0
1.351851738E2,2.442473650E0,3.188436270E0,8.990432739E0
1.352052855E2,2.356930256E0,3.164507866E0,8.994620323E0
1.352253972E2,2.264806747E0,3.135195971E0,9.043074608E0
1.352455089E2,2.312663078E0,3.107678413E0,9.084949493E0
1.352656206E2,2.393420935E0,3.068196774E0,9.089137077E0
1.352857323E2,2.262413740E0,3.043072224E0,9.116056442E0
1.353058440E2,2.182254314E0,3.045464993E0,9.157332420E0
1.353259557E2,2.252244234E0,3.020938635E0,9.212367058E0
1.353460675E2,2.350350142E0,2.992822886E0,9.238688469E0
1.353661791E2,2.407777786E0,3.017349243E0,9.306883812E0
1.353862909E2,2.620140791E0,3.107080221E0,9.561120987E0
1.354064026E2,2.808575630E0,3.238087177E0,9.925428391E0
1.354265143E2,2.915654421E0,3.291327477E0,1.027298546E1
1.354466260E2,2.776272535E0,3.399004459E0,9.876375198E0
1.354667377E2,2.846262455E0,3.501297712E0,9.305088997E0
1.354868494E2,3.433102369E0,4.013959885E0,9.101100922E0
1.355069612E2,5.109274387E0,5.470590591E0,7.142575741E0
1.355270728E2,6.456433773E0,4.438087940E0,3.335594654E0
1.355471845E2,4.621138573E0,2.415554523E0,3.881158352E0
1.355672963E2,1.013958573E0,1.762912035E0,6.468397617E0
1.355874080E2,-2.029113531E0,2.445464849E0,1.137727356E1
1.356075197E2,-4.152743816E0,2.514856577E0,1.633221054E1
1.356276314E2,-2.470589399E0,2.221735716E0,1.800120544E1
1.356477431E2,-1.806581169E-1,1.857428551E0,1.174516964E1
1.356678549E2,1.710868239E0,2.383251429E0,4.776073933E0
1.356879666E2,4.393222332E0,3.591028690E0,3.484548092E0
1.357080783E2,4.682155609E0,4.034897327E0,8.525627136E0
1.357281900E2,2.624328136E0,3.251247883E0,1.409731483E1
1.357483017E2,3.056232691E0,3.990031719E0,1.356251907E1
1.357684134E2,2.887538671E0,3.005385160E0,6.462415695E0
1.357885251E2,4.516452849E-1,2.258824587E0,-1.237089276E0
1.358086368E2,-2.154736757E0,2.731407166E0,-1.884347796E0
1.358287486E2,-2.916252613E0,1.989033818E0,3.367897868E-1
1.358488603E2,-4.462614357E-1,1.243669510E0,9.672985077E0
1.358689720E2,4.805984497E0,-1.020538807E0,1.416132259E1
1.358890837E2,5.937191010E0,-6.077769399E-1,1.703270912E1
1.359091954E2,6.905686378E0,1.130608693E-1,1.993161392E1
1.359293071E2,4.959125042E0,-1.572682738E0,1.685085487E1
1.359494188E2,1.494317770E0,-1.853241086E0,1.188096237E1
1.359695305E2,-2.503490686E0,1.338186026E0,1.200538921E1
1.359896423E2,-4.336392879E0,4.430311203E0,7.711469173E0
1.360097540E2,-1.950748682E0,3.466003656E0,1.304686546E0
1.360298657E2,6.544370055E-1,3.025125980E0,4.413561344E0
1.360499774E2,1.220339537E0,3.492324591E0,1.094417286E1
1.360700891E2,4.564309120E-1,3.984049797E0,1.454716492E1
1.360902009E2,6.478567123E-1,3.056232691E0,1.302951717E1
1.361103125E2,6.855437160E-1,2.442473650E0,9.099904060E0
1.361304242E2,5.641079545E-1,3.513261795E0,5.256433010E0
1.361505360E2,3.326023519E-1,3.962514400E0,4.616353035E0
1.361706477E2,1.347757339E0,3.731606960E0,6.343971252E0
1.361907594E2,1.318445325E0,3.541975737E0,9.238688469E0
1.362108711E2,2.667997181E-1,3.407977581E0,1.071147060E1
1.362309828E2,1.046859920E-1,2.970091105E0,1.035194874E1
1.362510945E2,1.058225870E0,2.632703066E0,1.168774223E1
1.362712063E2,1.275972724E0,2.866601467E0,1.138265705E1
1.362913179E2,9.278169870E-1,3.634099483E0,8.525029182E0
1.363114297E2,1.893919110E0,3.804588079E0,6.842874527E0
1.363315414E2,2.760719061E0,3.806382656E0,7.481758118E0
1.363516531E2,2.388036966E0,4.093521118E0,9.228518486E0
1.363717648E2,1.798804402E0,4.085146427E0,9.926624298E0
1.363918765E2,1.413560033E0,3.698705673E0,9.547960281E0
1.364119882E2,1.353141189E0,3.449851990E0,9.151350021E0
1.364321000E2,1.566102386E0,3.453441381E0,9.111868858E0
1.364522117E2,1.596610904E0,3.506083488E0,9.032905579E0
1.364723234E2,1.521835208E0,3.524029493E0,8.763712883E0
1.364924351E2,1.465005636E0,3.518047571E0,8.681160927E0
1.365125468E2,1.387238979E0,3.540181160E0,8.963513374E0
1.365326585E2,1.405783296E0,3.556930780E0,9.276374817E0
1.365527702E2,1.491924882E0,3.580260992E0,9.355937004E0
1.365728819E2,1.525424480E0,3.617349625E0,9.125627518E0
1.365929937E2,1.444666624E0,3.622733593E0,9.131608963E0
1.366131054E2,1.398006678E0,3.623331785E0,9.218947411E0
1.366332171E2,1.325623751E0,3.622135162E0,9.281160355E0
1.366533288E2,1.412961721E0,3.634099483E0,9.226125717E0
1.366734405E2,1.645663738E0,3.697509289E0,9.072386742E0
1.366935523E2,1.878365755E0,3.711866140E0,9.044869423E0
1.367136640E2,1.822732687E0,3.696911097E0,9.069396019E0
1.367337756E2,1.616949916E0,3.695116282E0,9.052646637E0
1.367538874E2,1.594816327E0,3.683750391E0,8.998209953E0
1.367739991E2,1.682752490E0,3.678964853E0,8.992227554E0
1.367941108E2,1.828116536E0,3.685544968E0,9.007183075E0
1.368142225E2,1.786840320E0,3.690330744E0,8.937192917E0
1.368343342E2,1.823929071E0,3.659224033E0,8.663214684E0
1.368544460E2,1.885544300E0,3.630510092E0,8.691927910E0
1.368745577E2,1.740778446E0,3.613162279E0,9.116654396E0
1.368946694E2,1.444666624E0,3.622733593E0,9.327820778E0
1.369147811E2,1.156929731E0,3.576073408E0,9.380462646E0
1.369348928E2,1.130608678E0,3.497708559E0,9.328418732E0
1.369550045E2,1.305882931E0,3.500699520E0,9.347561836E0
1.369751162E2,1.606182218E0,3.533002615E0,9.231510162E0
1.369952279E2,1.705484390E0,3.598206997E0,9.100502968E0
1.370153397E2,1.731207132E0,3.601796389E0,9.076574326E0
1.370354514E2,1.631905079E0,3.622135162E0,9.233304024E0
1.370555631E2,1.587637782E0,3.605385542E0,9.380462646E0
1.370756748E2,1.689931035E0,3.586242914E0,9.357730865E0
1.370957865E2,1.718644857E0,3.614358664E0,9.194420815E0
1.371158982E2,1.713261008E0,3.606581926E0,9.089735031E0
1.371360100E2,1.713859200E0,3.626920938E0,8.967103004E0
1.371561217E2,1.774876237E0,3.657429457E0,8.838488579E0
1.371762334E2,1.825723648E0,3.689134359E0,8.832506180E0
1.371963451E2,1.764108539E0,3.710669756E0,8.866603851E0
1.372164568E2,1.697707653E0,3.723232031E0,8.939585686E0
1.372365685E2,1.690529227E0,3.717848301E0,9.001200676E0
1.372566802E2,1.780858278E0,3.717249870E0,9.047860146E0
1.372767919E2,1.882553220E0,3.763910055E0,8.971888542E0
1.372969037E2,1.942971945E0,3.712464333E0,8.943773270E0
1.373170154E2,1.826920033E0,3.668197155E0,8.992825508E0
1.373371271E2,1.734198213E0,3.625724554E0,9.074779510E0
1.373572388E2,1.773679733E0,3.629911900E0,9.076574326E0
1.373773505E2,1.804786444E0,3.665804386E0,9.101100922E0
1.373974623E2,1.902294040E0,3.679563046E0,9.189037323E0
1.374175740E2,1.835893154E0,3.723830223E0,9.234500885E0
1.374376856E2,1.797608018E0,3.723830223E0,9.186644554E0
1.374577974E2,1.992623091E0,3.705285788E0,9.033503532E0
1.374779091E2,2.022533417E0,3.698705673E0,8.843274117E0
1.374980208E2,1.853839397E0,3.681955814E0,8.781659126E0
1.375181325E2,1.889133453E0,3.718446493E0,8.922835350E0
1.375382442E2,1.944168448E0,3.763910055E0,9.017950058E0
1.375583560E2,1.907079697E0,3.733401537E0,9.021539688E0
1.375784677E2,1.902294040E0,3.699902058E0,9.062217712E0
1.375985794E2,1.867598057E0,3.695714474E0,9.114859581E0
1.376186911E2,1.856232166E0,3.669393539E0,9.035896301E0
1.376388028E2,1.883151412E0,3.660420418E0,8.998807907E0
1.376589145E2,1.922034740E0,3.652643681E0,9.044869423E0
1.376790263E2,1.915454507E0,3.673580885E0,9.072386742E0
1.376991380E2,1.901097536E0,3.701098442E0,8.959325790E0
1.377192497E2,1.947757602E0,3.726222992E0,8.891729355E0
1.377393614E2,1.931007862E0,3.720241070E0,8.968298912E0
1.377594731E2,1.870589137E0,3.692723513E0,9.103493690E0
1.377795848E2,1.885544300E0,3.692125320E0,9.168100357E0
1.377996965E2,1.913659930E0,3.698705673E0,9.094520569E0
1.378198082E2,1.883151412E0,3.686741590E0,8.985049248E0
1.378399200E2,1.837089539E0,3.672384501E0,8.910273552E0
1.378600317E2,1.825125456E0,3.650250912E0,9.008378983E0
1.378801434E2,1.883749604E0,3.639483213E0,9.154939651E0
1.379002551E2,1.898106575E0,3.661018610E0,9.149555206E0
1.379203668E2,1.876571178E0,3.659822226E0,9.014361382E0
1.379404786E2,1.919641972E0,3.680161238E0,8.956933022E0
1.379605903E2,1.945364833E0,3.697509289E0,8.932407379E0
1.379807020E2,1.942971945E0,3.733401537E0,8.913264275E0
1.380008137E2,1.949552298E0,3.742972851E0,8.963513374E0
1.380209254E2,1.957927108E0,3.712464333E0,9.041878700E0
1.380410371E2,1.937588096E0,3.718446493E0,9.150154114E0
1.380611488E2,1.938186288E0,3.717249870E0,9.087342262E0
1.380812605E2,2.026720762E0,3.714258909E0,9.018548965E0
1.381013723E2,1.976471543E0,3.717249870E0,8.938388824E0
1.381214840E2,1.894517303E0,3.655036688E0,8.927620888E0
1.381415957E2,1.894517303E0,3.661018610E0,8.951549530E0
1.381617074E2,1.934597135E0,3.684348583E0,9.052047729E0
1.381818191E2,1.939382792E0,3.711267948E0,9.105886459E0
1.382019309E2,1.902892232E0,3.728615999E0,9.091529846E0
1.382220426E2,1.911865234E0,3.709473372E0,9.035896301E0
1.382421543E2,1.838884234E0,3.692723513E0,9.004191399E0
1.382622660E2,1.881955028E0,3.710669756E0,9.017352104E0
1.382823777E2,2.011765718E0,3.749552965E0,8.993423462E0
1.383024894E2,2.012363911E0,3.705883980E0,8.933603287E0
1.383226011E2,1.835893154E0,3.654438496E0,8.907281876E0
1.383427128E2,1.835294962E0,3.655634880E0,8.994620323E0
1.383628245E2,1.987239242E0,3.732205153E0,8.977272034E0
1.383829363E2,2.035095692E0,3.785445452E0,8.951549530E0
1.384030480E2,1.981855392E0,3.766302824E0,9.060422897E0
1.384231597E2,1.920240164E0,3.739981890E0,9.139984131E0
1.384432714E2,1.910668850E0,3.731008768E0,9.065208435E0
1.384633831E2,1.980060697E0,3.722633839E0,9.001200676E0
1.384834949E2,2.105085611E0,3.710669756E0,8.992825508E0
1.385036066E2,1.999203324E0,3.708875179E0,8.938986778E0
1.385237183E2,1.907079697E0,3.733999729E0,8.839685440E0
1.385438300E2,1.982453585E0,3.797409534E0,8.852247238E0
1.385639417E2,2.069791555E0,3.820739508E0,8.921639442E0
1.385840535E2,2.073979139E0,3.787838221E0,8.952147484E0
1.386041652E2,2.062613010E0,3.789034605E0,8.937192917E0
1.386242769E2,1.969292998E0,3.784847260E0,8.919844627E0
1.386443886E2,1.923231244E0,3.761517286E0,8.923434258E0
1.386645003E2,1.982453585E0,3.760919094E0,8.975478172E0
1.386846120E2,2.071586132E0,3.746562004E0,8.998807907E0
1.387047237E2,1.984846354E0,3.733401537E0,8.988637924E0
1.387248354E2,1.902892232E0,3.708875179E0,8.989834785E0
1.387449472E2,1.963909149E0,3.714258909E0,8.998807907E0
1.387650589E2,2.027318954E0,3.742374659E0,8.968298912E0
1.387851706E2,1.990230203E0,3.769293785E0,8.907281876E0
1.388052823E2,2.014756680E0,3.764508247E0,8.906683922E0
1.388253940E2,2.060818434E0,3.779463291E0,8.955737114E0
1.388455057E2,2.022533417E0,3.783052683E0,9.034101486E0
1.388656175E2,1.983051777E0,3.752544165E0,9.081359863E0
1.388857292E2,2.006381750E0,3.739981890E0,9.080761909E0
1.389058409E2,2.048256159E0,3.742972851E0,8.959924698E0
1.389259526E2,2.059622049E0,3.746562004E0,8.865407944E0
1.389460643E2,2.029113531E0,3.741178274E0,8.869595528E0
1.389661761E2,1.995614052E0,3.726222992E0,8.918647766E0
1.389862878E2,1.980060697E0,3.699303865E0,8.989236832E0
1.390063995E2,1.960319996E0,3.715455294E0,9.022137642E0
1.390265112E2,2.003390789E0,3.729812384E0,9.002396584E0
1.390466229E2,2.035693884E0,3.757329702E0,8.961718559E0
1.390667346E2,2.031506538E0,3.781856298E0,8.959325790E0
1.390868463E2,2.051845312E0,3.749552965E0,8.982656479E0
1.391069580E2,2.050050735E0,3.708276987E0,9.009575844E0
1.391270698E2,2.031506538E0,3.729214191E0,9.035896301E0
1.391471815E2,2.053640127E0,3.738785267E0,9.009575844E0
1.391672932E2,2.068595171E0,3.741178274E0,8.902496338E0
1.391874049E2,2.088335991E0,3.722035646E0,8.834898949E0
1.392075166E2,2.093121529E0,3.724428415E0,8.900702477E0
1.392276284E2,2.102094650E0,3.762115479E0,9.004191399E0
1.392477401E2,2.102094650E0,3.776472330E0,9.040681839E0
1.392678518E2,2.133201361E0,3.768695593E0,9.008976936E0
1.392879635E2,2.124228239E0,3.782454491E0,8.976674080E0
1.393080752E2,2.171486616E0,3.760320902E0,8.953344345E0
1.393281869E2,2.133201361E0,3.751945972E0,8.883354187E0
1.393482987E2,2.137388945E0,3.694518089E0,8.845068932E0
1.393684104E2,2.102094650E0,3.705883980E0,8.944371223E0
1.393885221E2,2.066800594E0,3.747160196E0,9.059824944E0
1.394086338E2,2.128415823E0,3.759124279E0,9.067003250E0
1.394287455E2,2.193022013E0,3.776472330E0,9.035298347E0
1.394488572E2,2.175075769E0,3.766302824E0,9.027522087E0
1.394689689E2,2.058425665E0,3.763311863E0,9.049654961E0
1.394890806E2,1.993221283E0,3.757927895E0,9.019744873E0
1.395091924E2,1.949552298E0,3.763311863E0,8.919844627E0
1.395293041E2,1.914258122E0,3.722633839E0,8.807381630E0
1.395494158E2,1.552941918E0,3.535395384E0,8.370093346E0
1.395695275E2,1.182054400E0,3.287738323E0,7.616354465E0
1.395896392E2,1.158724308E0,3.314059258E0,6.014359951E0
1.396097510E2,1.266401410E0,3.400201082E0,3.812364578E0
1.396298627E2,1.393221021E0,2.962912560E0,1.654038668E0
1.396499744E2,1.274776220E0,2.111067772E0,5.688936114E-1
1.396700861E2,1.908276081E0,7.369893789E-1,2.219941139E0
1.396901978E2,3.128615618E0,-8.141579032E-1,6.273382664E0
1.397103095E2,4.875376225E0,-1.819741607E0,1.204666519E1
1.397304213E2,4.891527653E0,-1.642672777E0,1.512204075E1
1.397505330E2,3.702893019E0,-1.521835208E0,1.537926960E1
1.397706447E2,2.687737942E0,-1.796411633E0,1.396331692E1
1.397907564E2,2.040479422E0,-2.163111687E0,1.321735382E1
1.398108681E2,1.744367719E0,-2.341377020E0,1.344885921E1
1.398309799E2,1.672582984E0,-2.407179594E0,1.364267826E1
1.398510916E2,1.876571178E0,-2.351546526E0,1.364566898E1
1.398712033E2,2.425125837E0,-2.426322222E0,1.320419312E1
1.398913150E2,2.506481647E0,-2.392224550E0,1.226321602E1
1.399114267E2,2.268395901E0,-2.213361025E0,1.108415222E1
1.399315385E2,2.228316069E0,-2.015354872E0,1.033699417E1
1.399516501E2,2.303689957E0,-1.850250125E0,9.715457916E0
1.399717618E2,2.411965132E0,-1.663609982E0,9.245268822E0
1.399918736E2,2.615953445E0,-1.451246977E0,8.867202759E0
1.400119853E2,2.667997360E0,-1.277767301E0,8.759525299E0
1.400320970E2,2.477169752E0,-1.041476011E0,8.584849358E0
1.400522087E2,2.271985054E0,-8.261220455E-1,8.274380684E0
1.400723204E2,2.269592285E0,-6.759724021E-1,8.222934723E0
1.400924322E2,2.344966173E0,-5.527420044E-1,8.439485550E0
1.401125439E2,2.467000246E0,-4.265206456E-1,8.704490662E0
1.401326556E2,2.519642353E0,-3.786641955E-1,8.848059654E0
1.401527673E2,2.417947292E0,-4.307080805E-1,9.013762474E0
1.401728790E2,2.320439816E0,-4.929214716E-1,9.250054359E0
1.401929907E2,2.370688915E0,-5.066801906E-1,9.615557671E0
1.402131025E2,2.630908489E0,-5.395814776E-1,9.922437668E0
1.402332142E2,2.989831924E0,-5.706881881E-1,1.011805058E1
1.402533259E2,2.933600664E0,-5.485545993E-1,1.015513897E1
1.402734376E2,2.554338217E0,-5.318048596E-1,9.878170013E0
1.402935493E2,2.236092806E0,-5.473581553E-1,9.557532310E0
1.403136611E2,2.241476536E0,-5.563312769E-1,9.635298729E0
1.403337728E2,2.630310297E0,-6.167500615E-1,9.687342644E0
1.403538845E2,2.987439156E0,-5.874379873E-1,9.414560318E0
1.403739962E2,2.924627542E0,-4.761717021E-1,9.299705505E0
1.403941079E2,2.754737139E0,-4.594219327E-1,9.480961800E0
1.404142197E2,2.768495798E0,-4.456632137E-1,9.515059471E0
1.404343314E2,2.924627542E0,-4.061816335E-1,9.421140671E0
1.404544431E2,3.120838881E0,-4.019941986E-1,9.350552559E0
1.404745548E2,2.950350285E0,-3.332005441E-1,9.473783493E0
1.404946665E2,2.625524759E0,-2.727817893E-1,9.825528145E0
1.405147782E2,2.526222467E0,-2.961117923E-1,9.960124016E0
1.405348899E2,2.499303341E0,-2.476571500E-1,1.005882835E1
1.405550016E2,2.611765862E0,-3.529413342E-1,9.942177773E0
1.405751134E2,2.581257343E0,-3.864408433E-1,9.488738060E0
1.405952251E2,2.499303341E0,-3.463610709E-1,9.407382011E0
1.406153368E2,2.495713949E0,-3.535395563E-1,9.707083702E0
1.406354485E2,2.566900492E0,-3.864408433E-1,9.781859398E0
1.406555602E2,2.582453728E0,-3.481557071E-1,9.583254814E0
1.406756719E2,2.490330219E0,-2.620140910E-1,9.388837814E0
1.406957837E2,2.404188633E0,-2.117647976E-1,9.382855415E0
1.407158954E2,2.417947292E0,-2.099701911E-1,9.337391853E0
1.407360071E2,2.439482689E0,-1.848455518E-1,9.222537041E0
1.407561188E2,2.474776745E0,-1.304088384E-1,9.254241943E0
1.407762305E2,2.576471806E0,-9.332008660E-2,9.455837250E0
1.407963423E2,2.590828657E0,-9.272187948E-2,9.623334885E0
1.408164540E2,2.552543640E0,-1.405783296E-1,9.669396400E0
1.408365657E2,2.523829699E0,-1.674975902E-1,9.592825890E0
1.408566774E2,2.467598438E0,-1.561316848E-1,9.592825890E0
1.408767891E2,2.556730986E0,-1.429711580E-1,9.619147301E0
1.408969009E2,2.608176708E0,-1.100698411E-1,9.656833649E0
1.409170126E2,2.588435888E0,-1.088734269E-1,9.778867722E0
1.409371243E2,2.558525562E0,-1.447657645E-1,9.783653259E0
1.409572360E2,2.491526604E0,-1.399801224E-1,9.694520950E0
1.409773477E2,2.584248543E0,-1.507478207E-1,9.627521515E0
1.409974594E2,2.679363251E0,-1.686939895E-1,9.489934921E0
1.410175712E2,2.578864574E0,-1.531406492E-1,9.493523598E0
1.410376829E2,2.432902336E0,-1.333998591E-1,9.637691498E0
1.410577946E2,2.500499725E0,-1.220339537E-1,9.680164337E0
1.410779063E2,2.650051117E0,-9.152546525E-2,9.579665184E0
1.410980180E2,2.813959360E0,-9.212367237E-2,9.696315765E0
1.411181298E2,3.193221807E0,-2.811566554E-2,1.014018440E1
1.411382415E2,2.442473650E0,4.133601189E-1,1.265145111E1
1.411583532E2,2.087737799E0,3.290131092E-1,1.560658741E1
1.411784649E2,2.186441660E0,-3.020938635E-1,1.342493153E1
1.411985766E2,2.425125837E0,2.021935135E-1,1.131446171E1
1.412186883E2,3.340380430E0,9.702895880E-1,1.224407387E1
1.412388000E2,3.537788391E0,8.159525394E-1,1.165603733E1
1.412589117E2,2.729612350E0,6.909275651E-1,9.572486877E0
1.412790235E2,2.150549412E0,1.107876897E0,8.015955925E0
1.412991352E2,2.100300074E0,2.055434704E0,7.664809227E0
1.413192469E2,8.117650747E-1,2.873780012E0,7.890930653E0
1.413393586E2,9.529415965E-1,3.278765202E0,7.171887875E0
1.413594703E2,1.307079315E0,3.236890793E0,5.840281963E0
1.413795820E2,1.436890006E0,3.446861029E0,5.904888153E0
1.413996938E2,1.598405480E0,3.577269793E0,5.335994720E0
1.414198055E2,2.069791555E0,3.481556892E0,4.886143684E0
1.414399172E2,2.381456852E0,3.699902058E0,5.341378212E0
1.414600289E2,2.824727058E0,3.912265062E0,6.053243160E0
1.414801406E2,3.287738323E0,4.153341770E0,7.005586624E0
1.415002524E2,3.515654564E0,4.392025948E0,8.239086151E0
1.415203641E2,3.416352510E0,4.092923164E0,9.626923561E0
1.415404758E2,3.055036306E0,3.496512175E0,1.037168980E1
1.415605875E2,2.907877684E0,3.267997503E0,1.024786091E1
1.415806992E2,3.513859987E0,3.226123095E0,9.628120422E0
1.416008110E2,4.168895245E0,3.531208038E0,9.136993408E0
1.416209227E2,5.207380295E0,3.552145243E0,8.268997192E0
1.416410344E2,5.528616905E0,3.732205153E0,7.908278942E0
1.416611461E2,5.313860893E0,3.872185230E0,8.061419487E0
1.416812578E2,4.931607246E0,3.612564087E0,8.053643227E0
1.417013695E2,5.394020557E0,2.940180779E0,7.426125050E0
1.417214813E2,5.653641701E0,2.694916487E0,6.647261143E0
1.417415930E2,6.579065800E0,2.758924484E0,5.827121258E0
1.417617047E2,6.674180508E0,3.201596737E0,5.338387489E0
1.417818164E2,4.540380955E0,2.998805046E0,5.673980713E0
1.418019281E2,3.934996843E0,1.798804402E0,5.270790100E0
1.418220399E2,4.466801643E0,1.367498159E0,5.576473236E0
1.418421516E2,5.998806477E0,1.737189293E0,6.409175396E0
1.418622633E2,6.486942291E0,1.204786181E0,7.195816040E0
1.418823750E2,6.434299946E0,3.332005441E-1,7.490133286E0
1.419024867E2,6.120840549E0,1.268195957E-1,7.525427341E0
1.419225985E2,5.693721294E0,-1.944168359E-1,7.482356548E0
1.419427102E2,5.248656273E0,-6.873382926E-1,7.603193760E0
1.419628219E2,5.298307419E0,-1.116251707E0,8.003393173E0
1.419829336E2,5.541777134E0,-1.567298889E0,8.231309891E0
1.420030453E2,5.670391560E0,-1.979462504E0,7.949554920E0
1.420231570E2,5.528018475E0,-2.296511650E0,6.827919483E0
1.420432688E2,5.120640278E0,-2.666800737E0,5.930012703E0
1.420633805E2,6.269793510E0,-3.054438114E0,6.190232277E0
1.420834922E2,6.913462639E0,-3.001796007E0,6.242874146E0
1.421036039E2,7.257431030E0,-3.346960783E0,6.151947021E0
1.421237156E2,8.068597794E0,-3.795614958E0,7.271788120E0
1.421438274E2,9.016156197E0,-4.036093712E0,8.127820015E0
1.421639391E2,9.485747337E0,-4.255635262E0,8.669795036E0
1.421840508E2,9.147761345E0,-4.476373196E0,9.282357216E0
1.422041625E2,9.010771751E0,-4.462016106E0,9.641280174E0
1.422242742E2,8.884550095E0,-4.429712772E0,9.395418167E0
1.422443860E2,7.849056244E0,-4.427918434E0,8.855836868E0
1.422644977E2,7.108478069E0,-4.522434711E0,8.313263893E0
1.422846094E2,6.983452797E0,-4.369892120E0,7.722237110E0
1.423047211E2,6.971488953E0,-4.208376884E0,6.646663189E0
1.423248328E2,6.559923172E0,-3.934398651E0,5.553143024E0
1.423449445E2,6.565307140E0,-3.885943890E0,4.725824833E0
1.423650563E2,6.435496330E0,-3.462414265E0,4.307679176E0
1.423851680E2,6.076572895E0,-3.327219963E0,4.141377926E0
1.424052797E2,5.533402443E0,-3.333201885E0,4.167100430E0
1.424253914E2,5.495117188E0,-3.440878868E0,4.754538536E0
1.424455031E2,5.618945599E0,-3.571287870E0,5.389832973E0
1.424656149E2,5.716453075E0,-3.791427374E0,6.052644730E0
1.424857266E2,6.006583214E0,-4.202394962E0,7.369893551E0
1.425058383E2,6.528816700E0,-4.475176334E0,8.285148621E0
1.425259500E2,6.866802692E0,-4.509872437E0,7.510472298E0
1.425460617E2,6.978068829E0,-4.677968502E0,7.648657799E0
1.425661735E2,6.657430649E0,-4.887938499E0,7.332206726E0
1.425862851E2,6.448657036E0,-4.724030018E0,6.908079147E0
1.426063968E2,6.431309223E0,-4.728815556E0,6.759724140E0
1.426265086E2,6.067600250E0,-4.835894585E0,6.864409924E0
1.426466203E2,5.808577061E0,-4.549354076E0,6.111268997E0
1.426667320E2,5.527420521E0,-4.339982033E0,5.286941528E0
1.426868437E2,5.012963295E0,-4.622334957E0,5.663811207E0
1.427069554E2,4.499104977E0,-4.487140656E0,6.244668961E0
1.427270672E2,4.576273441E0,-4.412963390E0,6.406184196E0
1.427471789E2,4.994419098E0,-4.552943230E0,6.693323135E0
1.427672906E2,5.087738991E0,-4.450650215E0,6.948757172E0
1.427874023E2,5.397609711E0,-4.481158733E0,6.550352097E0
1.428075140E2,5.397609711E0,-4.586442947E0,6.734599113E0
1.428276257E2,5.523232937E0,-4.664209366E0,7.335795879E0
1.428477375E2,6.059225082E0,-4.835894585E0,8.190033913E0
1.428678492E2,5.905486107E0,-4.948357105E0,8.257631302E0
1.428879609E2,5.520840168E0,-4.794020176E0,7.481160164E0
1.429080726E2,6.013761520E0,-5.282754421E0,6.691528320E0
1.429281843E2,6.466603279E0,-5.775675774E0,6.456433773E0
1.429482961E2,5.852245808E0,-5.478367329E0,6.878767014E0
1.429684078E2,5.450850010E0,-5.236093998E0,6.996015072E0
1.429885195E2,5.313262463E0,-4.973481655E0,6.208178520E0
1.430086312E2,5.410770416E0,-4.721039295E0,5.770890236E0
1.430287429E2,5.586044312E0,-4.635495663E0,5.321637630E0
1.430488547E2,5.502295494E0,-4.390829563E0,4.972883701E0
1.430689664E2,5.348556995E0,-4.383651257E0,5.087141037E0
1.430890781E2,5.316253662E0,-4.628915310E0,5.396413326E0
1.431091898E2,5.421537876E0,-4.809573650E0,5.950351715E0
1.431293015E2,5.726622581E0,-4.987240791E0,6.168098450E0
1.431494132E2,5.994618893E0,-5.094917774E0,5.970690727E0
1.431695250E2,6.247660160E0,-5.395814896E0,6.218945980E0
1.431896367E2,5.950351715E0,-5.517251015E0,6.850052834E0
1.432097484E2,5.603392601E0,-5.869594097E0,7.488936901E0
1.432298601E2,5.834300041E0,-6.187839508E0,7.808378696E0
1.432499718E2,5.736792088E0,-6.158527374E0,7.480561733E0
1.432700836E2,5.485546112E0,-6.111867428E0,6.994220734E0
1.432901953E2,5.285147190E0,-5.852245808E0,6.445665836E0
1.433103070E2,5.112265587E0,-5.642275810E0,5.950351715E0
1.433304187E2,5.153541565E0,-5.465207100E0,6.010172367E0
1.433505304E2,4.977071285E0,-5.292923450E0,6.105885029E0
1.433706422E2,4.970490932E0,-5.289932728E0,6.099903107E0
1.433907539E2,4.863411903E0,-5.200799942E0,5.882156372E0
1.434108656E2,4.818546772E0,-5.121238708E0,5.679364681E0
1.434309773E2,4.884947300E0,-5.109274387E0,5.810371399E0
1.434510890E2,5.112864017E0,-5.122435093E0,6.022734642E0
1.434712007E2,5.479563713E0,-5.239085197E0,6.167500496E0
1.434913125E2,5.617151260E0,-5.388636589E0,6.232704639E0
1.435114242E2,5.680561066E0,-5.503491879E0,6.330212116E0
1.435315359E2,5.743970871E0,-5.642275810E0,6.866204739E0
1.435516476E2,5.781657696E0,-5.803791523E0,7.239484787E0
1.435717593E2,5.551946640E0,-5.651248932E0,6.914061069E0
1.435918711E2,5.536991596E0,-5.469394207E0,6.296712875E0
1.436119828E2,5.790630817E0,-5.475376606E0,6.348756790E0
1.436320945E2,5.645267010E0,-5.307280540E0,6.477370739E0
1.436522062E2,5.785246849E0,-5.219942570E0,6.092126369E0
1.436723179E2,5.950950146E0,-5.228915691E0,6.049055576E0
1.436924297E2,6.178267956E0,-5.062614441E0,6.085546017E0
1.437125414E2,5.997610092E0,-4.709074974E0,6.214160442E0
1.437326531E2,5.569892883E0,-4.883750916E0,6.196214199E0
1.437527648E2,5.640480995E0,-5.018945694E0,6.221937180E0
1.437728765E2,5.977271080E0,-4.789832592E0,6.372086525E0
1.437929882E2,6.055635929E0,-4.715056896E0,6.110072613E0
1.438131000E2,5.948556900E0,-4.783850670E0,6.075376511E0
1.438332117E2,5.877968788E0,-4.788038254E0,6.273981094E0
1.438533234E2,5.833701611E0,-4.794020176E0,6.195017815E0
1.438734351E2,6.016752720E0,-4.881956577E0,6.148357868E0
1.438935468E2,6.272186279E0,-4.851448059E0,6.181857109E0
1.439136586E2,6.650252342E0,-4.843671322E0,6.119045734E0
1.439337703E2,6.717849731E0,-4.795216560E0,6.004788399E0
1.439538820E2,6.238088608E0,-4.758726120E0,6.220740795E0
1.439739937E2,6.034698486E0,-4.567300320E0,6.237490654E0
1.439941054E2,5.733202934E0,-4.406980991E0,5.887540340E0
1.440142172E2,5.417948723E0,-4.329214573E0,5.794219971E0
1.440343289E2,5.732604980E0,-4.250251293E0,5.557330608E0
1.440544406E2,5.736194134E0,-4.190430641E0,5.571687698E0
1.440745523E2,5.641079426E0,-4.090530396E0,5.966503143E0
1.440946640E2,5.918048382E0,-4.383651257E0,6.149554253E0
1.441147757E2,6.440282345E0,-4.647459984E0,6.031707764E0
1.441348875E2,6.584449768E0,-4.770689964E0,6.101099491E0
1.441549992E2,6.795616150E0,-5.340181828E0,6.766304016E0
1.441751109E2,6.656234264E0,-5.519643784E0,7.369893551E0
1.441952226E2,6.212365627E0,-5.182853699E0,7.383054256E0
1.442153343E2,5.947958946E0,-4.839483738E0,6.773482800E0
1.442354461E2,5.955137253E0,-4.510470867E0,6.439683914E0
1.442555578E2,6.078367710E0,-4.256233215E0,6.366104603E0
1.442756695E2,5.852844238E0,-3.963112593E0,5.896512985E0
1.442957812E2,5.471786976E0,-3.802195072E0,5.920441628E0
1.443158929E2,5.231906891E0,-3.717848301E0,5.950950146E0
1.443360047E2,5.152943611E0,-3.783052683E0,5.833103180E0
1.443561164E2,5.781657696E0,-4.142574310E0,5.526822090E0
1.443762281E2,6.186643124E0,-4.414757729E0,5.922834396E0
1.443963399E2,6.305685997E0,-4.723432064E0,6.546762943E0
1.444164516E2,6.312864304E0,-4.993222713E0,7.136593342E0
1.444365633E2,6.379863262E0,-5.116453171E0,6.977470875E0
1.444566750E2,6.378666878E0,-4.983651161E0,6.630511761E0
1.444767867E2,6.230311871E0,-4.936393261E0,6.805187702E0
1.444968985E2,5.857629776E0,-4.971088886E0,6.982256413E0
1.445170101E2,5.599802971E0,-4.963910580E0,7.117451191E0
1.445371219E2,5.493920803E0,-4.955535889E0,7.247859955E0
1.445572336E2,5.383851051E0,-4.855037212E0,6.942176819E0
1.445773453E2,5.368896008E0,-4.673182487E0,6.422336102E0
1.445974570E2,5.467001438E0,-4.552345276E0,6.250052929E0
1.446175688E2,5.386841774E0,-4.477569580E0,6.544968128E0
1.446376805E2,5.394618511E0,-4.415954113E0,6.844070911E0
1.446577922E2,5.523232937E0,-4.391427994E0,6.906284332E0
1.446779039E2,5.610570908E0,-4.316053867E0,6.634698868E0
1.446980156E2,5.587839127E0,-4.238885403E0,6.453442574E0
1.447181274E2,5.694917679E0,-4.250251293E0,6.562914371E0
1.447382391E2,6.007181168E0,-4.541577339E0,6.771090031E0
1.447583508E2,5.836692810E0,-4.598406792E0,7.208976269E0
1.447784625E2,5.611767292E0,-4.495515347E0,7.141977310E0
1.447985742E2,5.568696499E0,-4.360919476E0,6.868597507E0
1.448186860E2,5.652445316E0,-4.259224415E0,6.632904530E0
1.448387977E2,5.538786411E0,-4.253840446E0,6.587440968E0
1.448589094E2,5.403591633E0,-4.086941242E0,6.618547440E0
1.448790211E2,5.429912567E0,-4.026522160E0,6.677171707E0
1.448991328E2,5.645864964E0,-4.156930923E0,6.382854462E0
1.449192445E2,5.855237007E0,-4.171886444E0,6.083153248E0
1.449393563E2,5.871986866E0,-4.003790379E0,6.353542328E0
1.449594680E2,5.706283569E0,-4.363910198E0,7.488338470E0
1.449795797E2,6.004788399E0,-4.607978344E0,7.254439831E0
1.449996914E2,6.080162525E0,-4.463810444E0,6.943373203E0
1.450198031E2,6.291927338E0,-4.484149456E0,6.884150982E0
1.450399149E2,6.274579048E0,-4.485944271E0,7.011568546E0
1.450600266E2,6.239883423E0,-4.520041943E0,7.058228493E0
1.450801383E2,5.838487148E0,-4.439882278E0,6.950551510E0
1.451002500E2,5.694917679E0,-4.363312244E0,6.982256413E0
1.451203617E2,5.673980713E0,-4.304089546E0,7.027719975E0
1.451404735E2,5.518447399E0,-4.264009953E0,6.977470875E0
1.451605852E2,5.491528034E0,-4.225126743E0,6.940980434E0
1.451806969E2,5.730212212E0,-4.012763500E0,6.879364967E0
1.452008086E2,6.112465382E0,-3.996013880E0,6.914659023E0
1.452209203E2,6.291927338E0,-4.006781578E0,7.135995388E0
1.452410320E2,6.181259155E0,-3.882952929E0,6.967899323E0
1.452611438E2,5.998208046E0,-3.769293785E0,6.784250259E0
1.452812555E2,5.828916073E0,-3.705285788E0,6.713662148E0
1.453013672E2,5.775675774E0,-3.676572084E0,6.790232658E0
1.453214789E2,5.576473236E0,-3.629911900E0,6.712465763E0
1.453415906E2,5.473581791E0,-3.609572887E0,6.705287457E0
1.453617024E2,5.644668579E0,-3.655036688E0,6.860222340E0
1.453818141E2,5.982056618E0,-3.720839262E0,7.044469833E0
1.454019258E2,6.085546017E0,-3.768097401E0,7.082156658E0
1.454220375E2,5.930012703E0,-3.705285788E0,6.983452797E0
1.454421492E2,5.961119175E0,-3.625724554E0,6.906882763E0
1.454622610E2,6.098108292E0,-3.676572084E0,6.988836765E0
1.454823727E2,5.952146530E0,-3.706482172E0,7.105486870E0
1.455024844E2,5.858228207E0,-3.708276987E0,7.015756130E0
1.455225961E2,5.919245243E0,-3.623929977E0,7.048657417E0
1.455427078E2,6.027520180E0,-3.649054527E0,7.100102901E0
1.455628195E2,6.056233883E0,-3.662214994E0,6.964310169E0
1.455829313E2,6.024528980E0,-3.552743435E0,6.908677101E0
1.456030430E2,6.124429703E0,-3.483949661E0,6.908677101E0
1.456231548E2,6.035296917E0,-3.427718401E0,6.995417118E0
1.456432665E2,5.857629776E0,-3.452843189E0,7.034300327E0
1.456633782E2,5.874379635E0,-3.408575773E0,6.829713821E0
1.456834899E2,5.912664890E0,-3.375076294E0,6.729215622E0
1.457036016E2,5.819344521E0,-3.431307554E0,6.746563435E0
1.457237134E2,5.776273727E0,-3.592823267E0,6.945167542E0
1.457438251E2,5.883950710E0,-3.625724554E0,6.830312252E0
1.457639368E2,6.199205399E0,-3.641277790E0,7.033103943E0
1.457840485E2,6.425326824E0,-3.702893019E0,7.286144733E0
1.458041602E2,6.211169243E0,-3.777668715E0,7.316653252E0
1.458242719E2,6.050850391E0,-3.753740549E0,7.237092018E0
1.458443837E2,5.897111416E0,-3.652643681E0,7.261618614E0
1.458644954E2,5.855237007E0,-3.596412420E0,7.097112179E0
1.458846071E2,5.913262844E0,-3.582653761E0,6.894918442E0
1.459047188E2,6.053243160E0,-3.602992773E0,6.885347366E0
1.459248305E2,6.100501537E0,-3.668795347E0,7.010970116E0
1.459449423E2,6.002395630E0,-3.699902058E0,7.133004189E0
1.459650540E2,5.957530022E0,-3.688536167E0,7.113263607E0
1.459851657E2,5.958726406E0,-3.672982693E0,7.229913712E0
1.460052774E2,5.855835438E0,-3.685544968E0,7.162914753E0
1.460253891E2,5.755336761E0,-3.611965895E0,7.031907558E0
1.460455009E2,5.806184292E0,-3.564109325E0,6.980462074E0
1.460656126E2,5.879165173E0,-3.577269793E0,7.138388157E0
1.460857243E2,5.845067501E0,-3.576073408E0,7.188039303E0
1.461058360E2,5.808577061E0,-3.530011654E0,7.115057945E0
1.461259477E2,5.945566177E0,-3.497708559E0,7.040282249E0
1.461460594E2,6.019145489E0,-3.495913982E0,7.034898758E0
1.461661712E2,5.959324837E0,-3.530609846E0,7.122834682E0
1.461862829E2,5.920441628E0,-3.492922783E0,6.989434719E0
1.462063946E2,5.988636971E0,-3.469592810E0,6.933801651E0
1.462265063E2,6.016154289E0,-3.525225878E0,7.088139057E0
1.462466180E2,5.950950146E0,-3.534797192E0,7.155138016E0
1.462667298E2,5.925227165E0,-3.509074450E0,7.147361279E0
1.462868415E2,5.944967747E0,-3.538386583E0,7.086942673E0
1.463069532E2,6.017949104E0,-3.607180119E0,7.131807804E0
1.463270649E2,5.931807518E0,-3.605385542E0,7.164111137E0
1.463471766E2,5.962316036E0,-3.577269793E0,7.222136974E0
1.463672884E2,6.021538258E0,-3.506083488E0,7.144968510E0
1.463874001E2,6.132206440E0,-3.486342669E0,7.149754047E0
1.464075118E2,6.010770321E0,-3.495913982E0,7.208976269E0
1.464276236E2,5.886941910E0,-3.451048374E0,7.061817646E0
1.464477353E2,5.910272121E0,-3.418147087E0,6.988836765E0
1.464678470E2,6.008377552E0,-3.506681681E0,7.122236729E0
1.464879587E2,5.755934715E0,-3.504886866E0,7.099504948E0
1.465080704E2,5.732006550E0,-3.434298754E0,7.036693096E0
1.465281822E2,5.987440586E0,-3.355933666E0,7.053442955E0
1.465482939E2,5.962316036E0,-3.399602890E0,7.128817081E0
1.465684056E2,6.028716564E0,-3.483949661E0,7.122236729E0
1.465885173E2,6.144768715E0,-3.474976778E0,7.239484787E0
1.466086290E2,6.053841114E0,-3.407379389E0,7.150352478E0
1.466287407E2,6.010770321E0,-3.349353552E0,7.010372162E0
1.466488525E2,6.026922226E0,-3.308675528E0,6.962515831E0
1.466689642E2,6.035895348E0,-3.358924866E0,6.988238335E0
1.466890759E2,6.198606968E0,-3.522234917E0,7.332805157E0
1.467091876E2,6.288337708E0,-3.664607763E0,7.482954502E0
1.467292993E2,5.976672649E0,-3.602992773E0,7.341778278E0
1.467494111E2,5.833103180E0,-3.431905985E0,7.039684296E0
1.467695228E2,5.818746567E0,-3.270390272E0,6.964310169E0
1.467896345E2,5.889933109E0,-3.270988464E0,7.141977310E0
1.468097462E2,5.985047817E0,-3.291327477E0,7.218547821E0
1.468298579E2,6.101697922E0,-3.232703447E0,7.012166977E0
1.468499697E2,6.267998695E0,-3.139383316E0,6.753143787E0
1.468700814E2,6.138786316E0,-3.151347399E0,6.899703979E0
1.468901931E2,6.026323795E0,-3.291925669E0,7.106683254E0
1.469103048E2,6.156732559E0,-3.299702406E0,7.188039303E0
1.469304165E2,6.191428661E0,-3.263211966E0,7.130013466E0
1.469505282E2,6.107081413E0,-3.316452265E0,7.068996429E0
1.469706400E2,5.989234924E0,-3.361317635E0,7.133602619E0
1.469907517E2,6.097510338E0,-3.449851990E0,7.301100254E0
1.470108634E2,6.065207005E0,-3.443271875E0,7.274778843E0
1.470309752E2,6.029314995E0,-3.407379389E0,7.161119938E0
1.470510869E2,6.031707764E0,-3.378665686E0,7.174878597E0
1.470711986E2,6.032305717E0,-3.375076294E0,7.264011383E0
1.470913103E2,6.045466423E0,-3.325425386E0,7.251449108E0
1.471114220E2,6.184848309E0,-3.230310678E0,7.190432072E0
1.471315338E2,6.212964058E0,-3.199203968E0,7.183253765E0
1.471516455E2,6.103492260E0,-3.234498024E0,7.105486870E0
1.471717572E2,6.017350674E0,-3.177070379E0,7.045666218E0
1.471918689E2,5.950351715E0,-3.107080221E0,6.985845566E0
1.472119806E2,5.880361557E0,-3.066402197E0,6.965506554E0
1.472320924E2,5.940780640E0,-3.111865759E0,7.107879639E0
1.472522041E2,5.962316036E0,-3.211766243E0,7.164111137E0
1.472723158E2,6.102894306E0,-3.283550978E0,7.150950432E0
1.472924275E2,6.119643688E0,-3.275774240E0,7.192824841E0
1.473125392E2,6.073582172E0,-3.309273720E0,7.208378315E0
1.473326510E2,6.040082455E0,-3.291925669E0,7.247859955E0
1.473527627E2,6.014359951E0,-3.256033421E0,7.220940590E0
1.473728744E2,6.073582172E0,-3.232703447E0,7.287341595E0
1.473929861E2,6.103492260E0,-3.203391314E0,7.221538544E0
1.474130978E2,6.219544411E0,-3.195016384E0,7.206583500E0
1.474332095E2,6.144768715E0,-3.145963669E0,7.150352478E0
1.474533213E2,6.014359951E0,-3.150749207E0,7.068996429E0
1.474734330E2,5.962316036E0,-3.121437073E0,7.053442955E0
1.474935447E2,5.918646812E0,-3.135794163E0,7.173084259E0
1.475136564E2,5.857031822E0,-3.164507866E0,7.167101860E0
1.475337681E2,5.967699528E0,-3.175275564E0,7.124031067E0
1.475538799E2,6.055635929E0,-3.208775282E0,7.156932354E0
1.475739916E2,6.062814236E0,-3.287140131E0,7.252047062E0
1.475941034E2,6.029314995E0,-3.290729284E0,7.319046497E0
1.476142151E2,5.979663849E0,-3.257229805E0,7.237690449E0
1.476343268E2,6.084349632E0,-3.239881754E0,7.231708050E0
1.476544385E2,6.080162525E0,-3.201596737E0,7.237690449E0
1.476745502E2,5.989234924E0,-3.163909674E0,7.174280643E0
1.476946619E2,6.004190445E0,-3.141776085E0,7.197610378E0
1.477147737E2,6.134000778E0,-3.153141975E0,7.180262566E0
1.477348854E2,6.167500496E0,-3.157927752E0,7.124629498E0
1.477549971E2,6.046064377E0,-3.143570662E0,7.123433113E0
1.477751088E2,5.970690727E0,-3.150749207E0,7.153343201E0
1.477952205E2,6.029912949E0,-3.145365477E0,7.150950432E0
1.478153323E2,6.150750637E0,-3.178864956E0,7.101299286E0
1.478354440E2,6.086742401E0,-3.219542980E0,7.165307522E0
1.478555557E2,6.027520180E0,-3.260818958E0,7.269993305E0
1.478756674E2,6.077171326E0,-3.256033421E0,7.316055298E0
1.478957791E2,6.018547058E0,-3.230310678E0,7.183851719E0
1.479158909E2,6.061617851E0,-3.212962627E0,7.168896675E0
1.479360026E2,5.986244202E0,-3.213560820E0,7.239484787E0
1.479561143E2,5.979065418E0,-3.212364435E0,7.208378315E0
1.479762260E2,6.017949104E0,-3.201596737E0,7.215556622E0
1.479963378E2,6.058028698E0,-3.227917671E0,7.232904434E0
1.480164495E2,6.105885029E0,-3.205784082E0,7.291528702E0
1.480365612E2,6.067600250E0,-3.213560820E0,7.219145775E0
1.480566729E2,6.058028698E0,-3.198007345E0,7.061219692E0
1.480767847E2,5.991029739E0,-3.163311481E0,7.131209850E0
1.480968964E2,5.911468506E0,-3.117249727E0,7.168298244E0
1.481170081E2,5.979663849E0,-3.113062143E0,7.124629498E0
1.481371198E2,6.053243160E0,-3.114856958E0,7.200003147E0
1.481572315E2,6.098706722E0,-3.218346357E0,7.214958668E0
1.481773432E2,6.147759438E0,-3.308675528E0,7.398009300E0
1.481974550E2,6.069993019E0,-3.317648649E0,7.333403111E0
1.482175667E2,6.099305153E0,-3.253042459E0,7.228717327E0
1.482376784E2,5.995217323E0,-3.282952785E0,7.180262566E0
1.482577901E2,5.845067501E0,-3.247060299E0,7.248457909E0
1.482779018E2,5.891129494E0,-3.169891834E0,7.247261524E0
1.482980136E2,5.943173409E0,-3.146561861E0,7.194619656E0
1.483181253E2,5.967699528E0,-3.178864956E0,7.158128738E0
1.483382370E2,6.037689686E0,-3.183052301E0,7.243073940E0
1.483583487E2,5.947360516E0,-3.156133175E0,7.262814999E0
1.483784605E2,5.883950710E0,-3.132204771E0,7.182057381E0
1.483985722E2,5.915057659E0,-3.144767046E0,7.182057381E0
1.484186839E2,5.920441628E0,-3.183052301E0,7.173682213E0
1.484387956E2,6.046064377E0,-3.263810158E0,7.180860519E0
1.484589074E2,6.184250355E0,-3.275774240E0,7.338188648E0
1.484790191E2,6.014957905E0,-3.263211966E0,7.290332317E0
1.484991308E2,5.935396671E0,-3.262015581E0,7.228717327E0
1.485192425E2,6.008377552E0,-3.215953588E0,7.269395351E0
1.485393542E2,5.937191010E0,-3.203391314E0,7.237092018E0
1.485594660E2,6.014359951E0,-3.202793121E0,7.155735970E0
1.485795777E2,6.109474182E0,-3.194418192E0,7.256234646E0
1.485996894E2,6.046662807E0,-3.216551781E0,7.208976269E0
1.486198011E2,6.008975983E0,-3.217149973E0,7.227520943E0
1.486399128E2,5.901299000E0,-3.163311481E0,7.148557663E0
1.486600245E2,5.902495384E0,-3.147160053E0,7.115057945E0
1.486801363E2,5.835496426E0,-3.120240688E0,7.092924595E0
1.487002480E2,5.846263885E0,-3.137588739E0,7.045068264E0
1.487203597E2,5.899504185E0,-3.184248686E0,7.124031067E0
1.487404714E2,6.005386829E0,-3.300300598E0,7.231110096E0
1.487605832E2,5.998208046E0,-3.384049416E0,7.311269760E0
1.487806949E2,6.036493301E0,-3.394817114E0,7.317251682E0
1.488008066E2,6.020939827E0,-3.408575773E0,7.375277519E0
1.488209184E2,5.909673691E0,-3.431307554E0,7.291528702E0
1.488410301E2,5.842076302E0,-3.427120209E0,7.289135933E0
1.488611418E2,5.816951752E0,-3.406183004E0,7.230511665E0
1.488812535E2,5.916851997E0,-3.381656647E0,7.220342159E0
1.489013652E2,5.943173409E0,-3.429512978E0,7.253841877E0
1.489214769E2,5.927619934E0,-3.436093330E0,7.264609337E0
1.489415887E2,5.944967747E0,-3.379862070E0,7.210172653E0
1.489617004E2,5.986244202E0,-3.391227961E0,7.161718369E0
1.489818121E2,5.938985825E0,-3.367299557E0,7.207779884E0
1.490019238E2,6.042475224E0,-3.368496180E0,6.996015072E0
1.490220355E2,5.979663849E0,-3.235096216E0,7.018148899E0
1.490421473E2,5.798407555E0,-3.255435228E0,7.104888439E0
1.490622590E2,5.809773445E0,-3.295515060E0,7.226324558E0
1.490823707E2,5.892923832E0,-3.380460262E0,7.159325123E0
1.491024824E2,5.860620975E0,-3.467200041E0,7.222734928E0
1.491225942E2,5.819942951E0,-3.520440340E0,7.202396393E0
1.491427059E2,5.830112457E0,-3.520440340E0,7.211369038E0
1.491628176E2,5.815755367E0,-3.564707518E0,7.176673412E0
1.491829293E2,5.751149178E0,-3.614358664E0,7.339983463E0
1.492030411E2,5.678766251E0,-3.589233875E0,7.360322475E0
1.492231528E2,5.708676815E0,-3.546761274E0,7.231708050E0
1.492432645E2,5.663212776E0,-3.572484255E0,7.221538544E0
1.492633762E2,5.707480431E0,-3.668197155E0,7.302894592E0
1.492834879E2,5.858228207E0,-3.683152199E0,7.299305439E0
1.493035997E2,5.897111416E0,-3.656831264E0,7.244868755E0
1.493237114E2,5.823532104E0,-3.675973892E0,7.259823799E0
1.493438231E2,5.799005508E0,-3.682554007E0,7.292725086E0
1.493639348E2,5.813362598E0,-3.679563046E0,7.262814999E0
1.493840465E2,5.785845280E0,-3.664009571E0,7.161718369E0
1.494041582E2,5.775077343E0,-3.623929977E0,7.095915318E0
1.494242700E2,5.815755367E0,-3.637688637E0,7.170691490E0
1.494443817E2,5.808577061E0,-3.653840065E0,7.187440872E0
1.494644935E2,5.806184292E0,-3.646063566E0,7.205387115E0
1.494846052E2,5.805585861E0,-3.644867182E0,7.238886833E0
1.495047169E2,5.816951752E0,-3.683750391E0,7.215556622E0
1.495248286E2,5.837290764E0,-3.641875982E0,7.048058987E0
1.495449403E2,5.731408596E0,-3.619742393E0,7.013961315E0
1.495650520E2,5.672784328E0,-3.656831264E0,7.222734928E0
1.495851638E2,5.657829285E0,-3.688536167E0,7.375277519E0
1.496052755E2,5.623731613E0,-3.702294827E0,7.273582458E0
1.496253872E2,5.686542988E0,-3.701696634E0,7.103094101E0
1.496454989E2,5.722435474E0,-3.673580885E0,7.098906517E0
1.496656106E2,5.728417397E0,-3.743571043E0,7.219145775E0
1.496857224E2,5.733801365E0,-3.793820381E0,7.348358154E0
1.497058341E2,5.725426197E0,-3.788436413E0,7.355536938E0
1.497259459E2,5.700301647E0,-3.738187075E0,7.160521984E0
1.497460576E2,5.699703693E0,-3.707080364E0,7.118049145E0
1.497661693E2,5.659623623E0,-3.759124279E0,7.150352478E0
1.497862810E2,5.642275810E0,-3.799802303E0,7.207779884E0
1.498063927E2,5.619544029E0,-3.824328899E0,7.237092018E0
1.498265044E2,5.597410202E0,-3.786641836E0,7.200601578E0
1.498466162E2,5.667400360E0,-3.727419376E0,7.119843960E0
1.498667279E2,5.684150219E0,-3.745963812E0,7.095317364E0
1.498868396E2,5.713462353E0,-3.809373617E0,7.134200573E0
1.499069513E2,5.683551788E0,-3.833899975E0,7.207181931E0
1.499270630E2,5.700900078E0,-3.824328899E0,7.270591736E0
1.499471748E2,5.656034470E0,-3.789632797E0,7.222734928E0
1.499672865E2,5.614160061E0,-3.816552162E0,7.197610378E0
1.499873982E2,5.631507874E0,-3.876971006E0,7.261020184E0
1.500075100E2,5.633302689E0,-3.892524242E0,7.261020184E0
1.500276217E2,5.745765209E0,-3.891926050E0,7.229315281E0
1.500477334E2,5.812764645E0,-3.865604877E0,7.125825882E0
1.500678451E2,5.595615864E0,-3.903890133E0,7.208976269E0
1.500879568E2,5.496912003E0,-3.897309780E0,7.275377274E0
1.501080686E2,5.519643784E0,-3.808775425E0,7.172485828E0
1.501281803E2,5.584847927E0,-3.824927092E0,7.055835724E0
1.501482920E2,5.647659779E0,-3.888935089E0,7.150352478E0
1.501684037E2,5.653641701E0,-3.938585997E0,7.347161770E0
1.501885154E2,5.638686657E0,-3.936193228E0,7.338787079E0
1.502086272E2,5.624927998E0,-3.866203070E0,7.145566463E0
1.502287389E2,5.606383324E0,-3.856631994E0,7.128817081E0
1.502488506E2,5.565107346E0,-3.890131474E0,7.119843960E0
1.502689624E2,5.684748173E0,-3.908675671E0,7.195816040E0
1.502890741E2,5.690132141E0,-3.937389612E0,7.299305439E0
1.503091858E2,5.652445316E0,-3.920639992E0,7.211369038E0
1.503292975E2,5.603392601E0,-3.870390654E0,7.135396957E0
1.503494092E2,5.614758492E0,-3.875176191E0,7.095915318E0
1.503695210E2,5.602196217E0,-3.893122435E0,7.215556622E0
1.503896327E2,5.623133183E0,-3.909274101E0,7.262814999E0
1.504097444E2,5.705087185E0,-3.882952929E0,7.261020184E0
1.504298561E2,5.663811207E0,-3.893122435E0,7.222734928E0
1.504499678E2,5.645864964E0,-3.891327858E0,7.235297680E0
1.504700795E2,5.779264927E0,-3.889533281E0,7.264011383E0
1.504901913E2,5.652445316E0,-3.902693748E0,7.118049145E0
1.505103030E2,5.582455158E0,-3.865604877E0,6.999006271E0
1.505304147E2,5.616552830E0,-3.836292982E0,7.119245529E0
1.505505265E2,5.548955917E0,-3.845266104E0,7.133004189E0
1.505706382E2,5.531607628E0,-3.794418573E0,7.086942673E0
1.505907499E2,5.584847927E0,-3.785445452E0,6.984051228E0
1.506108616E2,5.667400360E0,-3.833301783E0,7.068397999E0
1.506309734E2,5.692524910E0,-3.883551121E0,7.220940590E0
1.506510851E2,5.711069584E0,-3.888935089E0,7.248457909E0
1.506711968E2,5.623133183E0,-3.934398651E0,7.314260483E0
1.506913085E2,5.580062389E0,-3.953541279E0,7.319046497E0
1.507114202E2,5.593821049E0,-3.945764542E0,7.225128174E0
1.507315319E2,5.676373482E0,-3.951746702E0,7.136593342E0
1.507516437E2,5.667400360E0,-3.991228104E0,7.202396393E0
1.507717554E2,5.635097504E0,-4.000799656E0,7.269993305E0
1.507918671E2,5.633302689E0,-3.908077478E0,7.283154011E0
1.508119789E2,5.519643784E0,-3.865604877E0,7.170691490E0
1.508320906E2,5.575276852E0,-3.839283943E0,7.081558704E0
1.508522023E2,5.663811207E0,-3.850649834E0,7.123433113E0
1.508723140E2,5.599205017E0,-3.889533281E0,7.140780926E0
1.508924257E2,5.639883041E0,-3.887140274E0,7.189235687E0
1.509125375E2,5.650052547E0,-3.872185230E0,7.170691490E0
1.509326492E2,5.618945599E0,-3.912265062E0,7.140780926E0
1.509527609E2,5.623133183E0,-3.911068678E0,7.140182972E0
1.509728726E2,5.617749214E0,-3.871587038E0,7.219145775E0
1.509929843E2,5.563312531E0,-3.886542082E0,7.246065140E0
1.510130961E2,5.612365723E0,-3.878765583E0,7.226922512E0
1.510332078E2,5.620740414E0,-3.896113396E0,7.147959232E0
1.510533195E2,5.656034470E0,-3.880560160E0,7.140182972E0
1.510734313E2,5.718846321E0,-3.918845177E0,7.270591736E0
1.510935430E2,5.623133183E0,-3.906282902E0,7.262814999E0
1.511136547E2,5.568098068E0,-3.880560160E0,7.167101860E0
1.511337664E2,5.504688263E0,-3.875774384E0,7.156334400E0
1.511538781E2,5.430510998E0,-3.920041800E0,7.214958668E0
1.511739899E2,5.527420521E0,-3.902693748E0,7.244270325E0
1.511941016E2,5.694917679E0,-3.900899172E0,7.159923553E0
1.512142133E2,5.729613781E0,-3.865006685E0,7.162316322E0
1.512343249E2,5.622535229E0,-3.877569199E0,7.195816040E0
1.512544366E2,5.626124382E0,-3.838087559E0,7.197012424E0
1.512745484E2,5.606383324E0,-3.820141315E0,7.190432072E0
1.512946601E2,5.580660820E0,-3.839283943E0,7.159325123E0
1.513147718E2,5.625525951E0,-3.863212109E0,7.228717327E0
1.513348835E2,5.656034470E0,-3.916452408E0,7.237092018E0
1.513549953E2,5.644668579E0,-3.949951887E0,7.280162811E0
1.513751070E2,5.614160061E0,-4.028316975E0,7.330412388E0
1.513952187E2,5.514259815E0,-3.991826296E0,7.237092018E0
1.514153304E2,5.517251015E0,-3.885943890E0,7.214958668E0
1.514354421E2,5.527420521E0,-3.839882135E0,7.167700291E0
1.514555538E2,5.587240696E0,-3.789034605E0,7.220342159E0
1.514756656E2,5.625525951E0,-3.790829182E0,7.219145775E0
1.514957773E2,5.676373482E0,-3.759722471E0,7.167101860E0
1.515158891E2,5.690730572E0,-3.708276987E0,7.097112179E0
1.515360008E2,5.620740414E0,-3.729214191E0,7.036095142E0
1.515561125E2,5.558526993E0,-3.756731510E0,7.183253765E0
1.515762242E2,5.580660820E0,-3.804588079E0,7.208976269E0
1.515963359E2,5.608776093E0,-3.800400496E0,7.113263607E0
1.516164477E2,5.598606586E0,-3.878167391E0,7.225128174E0
1.516365594E2,5.565705299E0,-3.945764542E0,7.302296638E0
1.516566711E2,5.571687698E0,-3.866203070E0,7.265805721E0
1.516767828E2,5.529813290E0,-3.826123476E0,7.234699249E0
1.516968945E2,5.581258774E0,-3.867997885E0,7.295117855E0
1.517170063E2,5.584249973E0,-3.937389612E0,7.289135933E0
1.517371180E2,5.573482037E0,-3.918845177E0,7.258029461E0
1.517572297E2,5.560321808E0,-3.903890133E0,7.174280643E0
1.517773415E2,5.540580750E0,-3.884149313E0,7.168896675E0
1.517974532E2,5.511268616E0,-3.914657831E0,7.251449108E0
1.518175649E2,5.561518192E0,-3.923630953E0,7.310073376E0
1.518376766E2,5.653641701E0,-3.853640795E0,7.239484787E0
1.518577883E2,5.768496990E0,-3.809373617E0,7.161718369E0
1.518779000E2,5.671587944E0,-3.822534084E0,7.206583500E0
1.518980118E2,5.633901119E0,-3.878167391E0,7.224529743E0
1.519181235E2,5.615356445E0,-3.861417532E0,7.274778843E0
1.519382352E2,5.612963676E0,-3.851248026E0,7.252047062E0
1.519583470E2,5.634499073E0,-3.811168194E0,7.211369038E0
1.519784587E2,5.582455158E0,-3.838087559E0,7.161119938E0
1.519985704E2,5.502295494E0,-3.859024763E0,7.225128174E0
1.520186821E2,5.423332691E0,-3.873979807E0,7.247261524E0
1.520387938E2,5.440680504E0,-3.817150354E0,7.141977310E0
1.520589056E2,5.569294930E0,-3.852444410E0,7.204190731E0
1.520790173E2,5.518447399E0,-3.934996843E0,7.295117855E0
1.520991290E2,5.535795212E0,-3.963112593E0,7.470392227E0
1.521192407E2,5.543571949E0,-3.953541279E0,7.404589653E0
1.521393524E2,5.608776093E0,-3.846462488E0,7.268796921E0
1.521594642E2,5.647659779E0,-3.835694790E0,7.206583500E0
1.521795759E2,5.523232937E0,-3.852444410E0,7.286144733E0
1.521996877E2,5.572285652E0,-3.849453449E0,7.303493023E0
1.522197994E2,5.580660820E0,-3.812364578E0,7.174280643E0
1.522399111E2,5.649454117E0,-3.745963812E0,7.125825882E0
1.522600228E2,5.653043270E0,-3.763311863E0,7.138986588E0
1.522801345E2,5.658427238E0,-3.775874138E0,7.269993305E0
1.523002462E2,5.636891842E0,-3.882952929E0,7.363911629E0
1.523203580E2,5.642275810E0,-4.006781578E0,7.453044415E0
1.523404697E2,5.502893925E0,-4.029513359E0,7.554141045E0
1.523605815E2,5.557330608E0,-3.943371773E0,7.512865067E0
1.523806932E2,5.534000397E0,-3.838087559E0,7.448856831E0
1.524008049E2,5.470590591E0,-3.751347780E0,7.267600536E0
1.524209166E2,5.574678421E0,-3.596412420E0,7.148557663E0
1.524410283E2,5.636891842E0,-3.521038532E0,7.046264648E0
1.524611400E2,5.569294930E0,-3.529413462E0,7.104888439E0
1.524812518E2,5.577071190E0,-3.537788391E0,7.133602619E0
1.525013635E2,5.614160061E0,-3.528217077E0,7.191628456E0
1.525214752E2,5.580660820E0,-3.608974695E0,7.188039303E0
1.525415869E2,5.541777134E0,-3.619742393E0,7.190432072E0
1.525616987E2,5.498108387E0,-3.620938778E0,7.241279602E0
1.525818104E2,5.471786976E0,-3.642474174E0,7.367500782E0
1.526019221E2,5.495117188E0,-3.721437454E0,7.397411346E0
1.526220338E2,5.562714577E0,-3.781257868E0,7.457231998E0
1.526421456E2,5.586642742E0,-3.806382656E0,7.454240799E0
1.526622573E2,5.518447399E0,-3.797409534E0,7.436294556E0
1.526823690E2,5.548357487E0,-3.788436413E0,7.391428947E0
1.527024807E2,5.534000397E0,-3.799204111E0,7.406982422E0
1.527225924E2,5.560919762E0,-3.800998688E0,7.387839794E0
1.527427042E2,5.605785370E0,-3.678366661E0,7.425527096E0
1.527628159E2,5.615954876E0,-3.639483213E0,7.366902828E0
1.527829277E2,5.642873764E0,-3.631108284E0,7.296314240E0
1.528030394E2,5.636293888E0,-3.605983734E0,7.316653252E0
1.528231511E2,5.618347645E0,-3.543770313E0,7.137191772E0
1.528432628E2,5.586642742E0,-3.520440340E0,7.218547821E0
1.528633745E2,5.501697540E0,-3.584448338E0,7.294519901E0
1.528834862E2,5.528616905E0,-3.584448338E0,7.295117855E0
1.529035980E2,5.563312531E0,-3.592225075E0,7.271788120E0
1.529237097E2,5.556732178E0,-3.649652719E0,7.314858913E0
1.529438215E2,5.484349728E0,-3.676572084E0,7.419544697E0
1.529639332E2,5.438287735E0,-3.687937975E0,7.358527660E0
1.529840449E2,5.444868088E0,-3.701696634E0,7.431509018E0
1.530041566E2,5.499304771E0,-3.730410576E0,7.500302792E0
1.530242683E2,6.011966705E0,-3.808775425E0,7.426723480E0
1.530443800E2,5.597410202E0,-3.673580885E0,7.695317745E0
1.530644918E2,5.522036552E0,-3.751945972E0,7.514061451E0
1.530846035E2,5.656034470E0,-3.683750391E0,7.676175117E0
1.531047153E2,5.407779217E0,-3.603590965E0,7.446464062E0
1.531248270E2,5.301298618E0,-3.533002615E0,7.253243446E0
1.531449387E2,5.366502762E0,-3.434298754E0,7.186244488E0
1.531650504E2,5.313262463E0,-3.470191002E0,7.164111137E0
1.531851621E2,5.311468124E0,-3.501297712E0,7.365108013E0
1.532052738E2,5.364109993E0,-3.516252756E0,7.425527096E0
1.532253856E2,5.426921844E0,-3.491726398E0,7.377670288E0
1.532454973E2,5.426921844E0,-3.488735437E0,7.357331276E0
1.532656091E2,5.360520840E0,-3.543770313E0,7.378866673E0
1.532857208E2,5.347958565E0,-3.611367464E0,7.408178806E0
1.533058325E2,5.467599869E0,-3.680161238E0,7.454240799E0
1.533259442E2,5.548357487E0,-3.713062525E0,7.549953461E0
1.533460559E2,5.629713535E0,-3.730410576E0,7.591827869E0
1.533661677E2,5.625525951E0,-3.714258909E0,7.573283672E0
1.533862794E2,5.583651543E0,-3.665206194E0,7.472187042E0
1.534063911E2,5.560321808E0,-3.579662561E0,7.325028419E0
1.534265029E2,5.483152866E0,-3.510270834E0,7.318448067E0
1.534466146E2,5.489733219E0,-3.519243956E0,7.302894592E0
1.534667263E2,5.501697540E0,-3.549154282E0,7.378866673E0
1.534868380E2,5.522634506E0,-3.607180119E0,7.441678524E0
1.535069497E2,5.548955917E0,-3.610769272E0,7.379465103E0
1.535270615E2,5.540580750E0,-3.623331785E0,7.331608772E0
1.535471732E2,5.420939922E0,-3.649652719E0,7.398009300E0
1.535672849E2,5.330012321E0,-3.680759430E0,7.415955544E0
1.535873967E2,5.379663467E0,-3.617349625E0,7.450053215E0
1.536075084E2,5.490929604E0,-3.547359467E0,7.494320393E0
1.536276201E2,5.515456200E0,-3.519243956E0,7.427321434E0
1.536477318E2,5.613562107E0,-3.544368505E0,7.253841877E0
1.536678435E2,5.593821049E0,-3.614358664E0,7.222734928E0
1.536879553E2,5.471786976E0,-3.701098442E0,7.299903870E0
1.537080670E2,5.437689304E0,-3.751945972E0,7.467999458E0
1.537281787E2,5.453242779E0,-3.754338741E0,7.526623726E0
1.537482905E2,5.514259815E0,-3.757927895E0,7.488936901E0
1.537684022E2,5.587839127E0,-3.763311863E0,7.459026337E0
1.537885139E2,5.606383324E0,-3.772883177E0,7.470392227E0
1.538086256E2,5.575874805E0,-3.775874138E0,7.442874908E0
1.538287373E2,5.497509956E0,-3.744169235E0,7.498507977E0
1.538488491E2,5.445466042E0,-3.701098442E0,7.443472862E0
1.538689608E2,5.499304771E0,-3.611367464E0,7.280162811E0
1.538890725E2,5.475974560E0,-3.603590965E0,7.326224804E0
1.539091843E2,5.445466042E0,-3.631706476E0,7.355536938E0
1.539292960E2,5.522634506E0,-3.634099483E0,7.331608772E0
1.539494077E2,5.583651543E0,-3.661018610E0,7.359126091E0
1.539695194E2,5.505286694E0,-3.692723513E0,7.353144169E0
1.539896311E2,5.459224701E0,-3.719044685E0,7.358527660E0
1.540097429E2,5.464608669E0,-3.709473372E0,7.385447025E0
1.540298546E2,5.469394207E0,-3.747160196E0,7.416553974E0
1.540499663E2,5.513661385E0,-3.739383698E0,7.520641804E0
1.540700781E2,5.546562672E0,-3.730410576E0,7.537391186E0
1.540901898E2,5.585446358E0,-3.662214994E0,7.472187042E0
1.541103015E2,5.609972477E0,-3.579064369E0,7.282555580E0
1.541304132E2,5.583053589E0,-3.562912941E0,7.236494064E0
1.541505249E2,5.435894966E0,-3.651447296E0,7.313662529E0
1.541706367E2,5.388038158E0,-3.708276987E0,7.429116249E0
1.541907484E2,5.370690346E0,-3.649652719E0,7.362715244E0
1.542108602E2,5.373681545E0,-3.631108284E0,7.303493023E0
1.542309719E2,5.430510998E0,-3.653840065E0,7.374679565E0
1.542510836E2,5.465805054E0,-3.718446493E0,7.482954502E0
1.542711953E2,5.469992638E0,-3.770490170E0,7.499105930E0
1.542913070E2,5.487340450E0,-3.794418573E0,7.514659405E0
1.543114188E2,5.488536835E0,-3.739383698E0,7.530212879E0
1.543315305E2,5.512465000E0,-3.686143398E0,7.380661488E0
1.543516422E2,5.549553871E0,-3.610171080E0,7.308278561E0
1.543717540E2,5.560919762E0,-3.575475216E0,7.282555580E0
1.543918657E2,5.569892883E0,-3.570689678E0,7.324429989E0
1.544119774E2,5.568696499E0,-3.568894863E0,7.313064098E0
1.544320891E2,5.606383324E0,-3.582653761E0,7.318448067E0
1.544522008E2,5.604588985E0,-3.639483213E0,7.421937466E0
1.544723126E2,5.643472195E0,-3.620938778E0,7.374081135E0
1.544924243E2,5.630909920E0,-3.620340586E0,7.369893551E0
1.545125360E2,5.522634506E0,-3.646661758E0,7.393223763E0
1.545326478E2,5.459224701E0,-3.694518089E0,7.390232563E0
1.545527595E2,5.458028316E0,-3.672384501E0,7.451249599E0
1.545728712E2,5.492125988E0,-3.684348583E0,7.439883709E0
1.545929829E2,5.609972477E0,-3.643072367E0,7.425527096E0
1.546130947E2,5.575276852E0,-3.642474174E0,7.382455826E0
1.546332064E2,5.458626747E0,-3.619742393E0,7.328019142E0
1.546533181E2,5.432305813E0,-3.591028690E0,7.385447025E0
1.546734298E2,5.435296535E0,-3.582055569E0,7.392027378E0
1.546935416E2,5.563312531E0,-3.582653761E0,7.374081135E0
1.547136533E2,5.617151260E0,-3.580859184E0,7.428517818E0
1.547337650E2,5.601597786E0,-3.608376503E0,7.361518860E0
1.547538768E2,5.563910961E0,-3.593421459E0,7.362117290E0
1.547739885E2,5.525625706E0,-3.597010612E0,7.420741081E0
1.547941002E2,5.520241737E0,-3.578466177E0,7.395616531E0
1.548142119E2,5.573482037E0,-3.591626883E0,7.363911629E0
1.548343236E2,5.595615864E0,-3.575475216E0,7.366304398E0
1.548544354E2,5.603990555E0,-3.572484255E0,7.340581894E0
1.548745471E2,5.605785370E0,-3.537788391E0,7.375277519E0
1.548946588E2,5.553741455E0,-3.561118364E0,7.360322475E0
1.549147706E2,5.511867046E0,-3.595814228E0,7.405188084E0
1.549348823E2,5.557330608E0,-3.593421459E0,7.552346706E0
1.549549940E2,5.571089268E0,-3.593421459E0,7.475177765E0
1.549751057E2,5.564508915E0,-3.593421459E0,7.372286797E0
1.549952174E2,5.452046394E0,-3.576671600E0,7.282555580E0
1.550153292E2,5.412564754E0,-3.511467218E0,7.265207767E0
1.550354409E2,5.366502762E0,-3.490530014E0,7.320840836E0
1.550555527E2,5.432903767E0,-3.546163082E0,7.403991699E0
1.550756644E2,5.516652584E0,-3.584448338E0,7.447062492E0
1.550957761E2,5.616552830E0,-3.605983734E0,7.405188084E0
1.551158878E2,5.656034470E0,-3.581457376E0,7.429116249E0
1.551359996E2,5.608178139E0,-3.630510092E0,7.463811874E0
1.551561113E2,5.548357487E0,-3.608974695E0,7.415357590E0
1.551762230E2,5.569892883E0,-3.592823267E0,7.395018578E0
1.551963347E2,5.645267010E0,-3.548556089E0,7.410571575E0
1.552164465E2,5.732604980E0,-3.522234917E0,7.356134892E0
1.552365582E2,5.790630817E0,-3.479164124E0,7.336394310E0
1.552566699E2,5.709274769E0,-3.495913982E0,7.313662529E0
1.552767817E2,5.584249973E0,-3.526422262E0,7.208378315E0
1.552968934E2,5.571687698E0,-3.484548092E0,7.167700291E0
1.553170051E2,5.441876888E0,-3.530011654E0,7.435696602E0
1.553371168E2,5.487938881E0,-3.594019651E0,7.565506935E0
1.553572285E2,5.557928562E0,-3.640679598E0,7.562515736E0
1.553773403E2,5.562714577E0,-3.658027649E0,7.475776196E0
1.553974520E2,5.497509956E0,-3.683750391E0,7.408777237E0
1.554175637E2,5.362913609E0,-3.644268990E0,7.425527096E0
1.554376755E2,5.361119270E0,-3.626322746E0,7.423133850E0
1.554577872E2,5.440680504E0,-3.595216036E0,7.390232563E0
1.554778989E2,5.510072231E0,-3.576073408E0,7.359724045E0
1.554980106E2,5.674578667E0,-3.567698479E0,7.416553974E0
1.555181224E2,5.716453075E0,-3.560520172E0,7.467401028E0
1.555382341E2,5.699105263E0,-3.541377544E0,7.419544697E0
1.555583458E2,5.663212776E0,-3.495315790E0,7.402196884E0
1.555784575E2,5.610570908E0,-3.479762316E0,7.303493023E0
1.555985693E2,5.562714577E0,-3.466601849E0,7.263412952E0
1.556186810E2,5.578866005E0,-3.503690481E0,7.243672371E0
1.556387927E2,5.602196217E0,-3.546163082E0,7.338188648E0
1.556589045E2,5.578866005E0,-3.605983734E0,7.441080093E0
1.556790162E2,5.521438122E0,-3.656233072E0,7.460821152E0
1.556991279E2,5.519643784E0,-3.655634880E0,7.523034573E0
1.557192396E2,5.492125988E0,-3.640081406E0,7.532605648E0
1.557393513E2,5.513063431E0,-3.610769272E0,7.456633568E0
1.557594631E2,5.568696499E0,-3.582653761E0,7.424928665E0
1.557795748E2,5.602196217E0,-3.598206997E0,7.454838753E0
1.557996866E2,5.558526993E0,-3.585644722E0,7.506882668E0
1.558197983E2,5.556134224E0,-3.530011654E0,7.379465103E0
1.558399100E2,5.541777134E0,-3.497708559E0,7.253243446E0
1.558600217E2,5.553143024E0,-3.483351469E0,7.280761242E0
1.558801335E2,5.498108387E0,-3.457628727E0,7.346563816E0
1.559002452E2,5.510072231E0,-3.489931822E0,7.384849072E0
1.559203569E2,5.509474277E0,-3.536591768E0,7.392027378E0
1.559404686E2,5.545964718E0,-3.577867985E0,7.437490940E0
1.559605804E2,5.559723377E0,-3.611367464E0,7.500900745E0
1.559806921E2,5.547759533E0,-3.626920938E0,7.527820110E0
1.560008038E2,5.513661385E0,-3.608974695E0,7.493722439E0
1.560209156E2,5.532804012E0,-3.595216036E0,7.415955544E0
1.560410273E2,5.519643784E0,-3.546163082E0,7.435098171E0
1.560611390E2,5.548955917E0,-3.473780155E0,7.369295597E0
1.560812507E2,5.577071190E0,-3.427120209E0,7.328617573E0
1.561013624E2,5.510670662E0,-3.481556892E0,7.308278561E0
1.561214742E2,5.496912003E0,-3.485744476E0,7.384250641E0
1.561415859E2,5.508875847E0,-3.493520975E0,7.372884750E0
1.561616977E2,5.587839127E0,-3.497708559E0,7.390232563E0
1.561818094E2,5.591428280E0,-3.555136204E0,7.438089371E0
1.562019211E2,5.550152302E0,-3.598805189E0,7.482954502E0
1.562220328E2,5.489135265E0,-3.620938778E0,7.497311592E0
1.562421446E2,5.522634506E0,-3.611965895E0,7.450651646E0
1.562622563E2,5.522036552E0,-3.600001574E0,7.482954502E0
1.562823680E2,5.475376606E0,-3.597010612E0,7.452445984E0
1.563024797E2,5.572884083E0,-3.544966698E0,7.377670288E0
1.563225915E2,5.545366287E0,-3.521038532E0,7.390232563E0
1.563427032E2,5.502295494E0,-3.526422262E0,7.421937466E0
1.563628149E2,5.568098068E0,-3.503092289E0,7.372884750E0
1.563829267E2,5.621338367E0,-3.509074450E0,7.338188648E0
1.564030384E2,5.620740414E0,-3.575475216E0,7.435098171E0
1.564231501E2,5.584847927E0,-3.576073408E0,7.444669247E0
1.564432618E2,5.564508915E0,-3.558127165E0,7.424928665E0
1.564633736E2,5.549553871E0,-3.551547050E0,7.438687325E0
1.564834853E2,5.544169903E0,-3.561118364E0,7.423133850E0
1.565035970E2,5.574678421E0,-3.561118364E0,7.395018578E0
1.565237087E2,5.547759533E0,-3.544368505E0,7.406384468E0
1.565438205E2,5.510072231E0,-3.561118364E0,7.477570534E0
1.565639322E2,5.511867046E0,-3.553341627E0,7.456633568E0
1.565840440E2,5.516054630E0,-3.533600807E0,7.395018578E0
1.566041557E2,5.524429321E0,-3.503690481E0,7.359126091E0
1.566242674E2,5.562714577E0,-3.515056372E0,7.363911629E0
1.566443791E2,5.538187981E0,-3.550948858E0,7.415955544E0
1.566644908E2,5.509474277E0,-3.555136204E0,7.502695560E0
1.566846025E2,5.526223660E0,-3.533002615E0,7.441080093E0
1.567047143E2,5.622535229E0,-3.527618885E0,7.335795879E0
1.567248260E2,5.571089268E0,-3.537189960E0,7.359126091E0
1.567449378E2,5.499304771E0,-3.540181160E0,7.374081135E0
1.567650495E2,5.493920803E0,-3.513261795E0,7.421937466E0
1.567851612E2,5.502295494E0,-3.552145243E0,7.517052174E0
1.568052730E2,5.532206059E0,-3.571886063E0,7.500900745E0
1.568253847E2,5.562116146E0,-3.562912941E0,7.390232563E0
1.568454964E2,5.546562672E0,-3.565305710E0,7.427321434E0
1.568656081E2,5.514259815E0,-3.583850145E0,7.429714203E0
1.568857198E2,5.511867046E0,-3.544966698E0,7.428517818E0
1.569058316E2,5.545964718E0,-3.535993576E0,7.348358154E0
1.569259433E2,5.618347645E0,-3.498904943E0,7.398009300E0
1.569460550E2,5.653043270E0,-3.477967739E0,7.380063057E0
1.569661668E2,5.586044312E0,-3.502494097E0,7.395018578E0
1.569862785E2,5.586044312E0,-3.521636724E0,7.356134892E0
1.570063903E2,5.620141983E0,-3.527618885E0,7.417151928E0
1.570265020E2,5.585446358E0,-3.537189960E0,7.432106972E0
1.570466137E2,5.575276852E0,-3.541377544E0,7.438687325E0
1.570667254E2,5.542973518E0,-3.540181160E0,7.434499741E0
1.570868371E2,5.535196781E0,-3.579662561E0,7.412366390E0
1.571069488E2,5.483152866E0,-3.561716557E0,7.467401028E0
1.571270606E2,5.436492920E0,-3.557528973E0,7.398009300E0
1.571471723E2,5.447260857E0,-3.515654564E0,7.310073376E0
1.571672841E2,5.447858810E0,-3.540779352E0,7.371089935E0
1.571873958E2,5.468796253E0,-3.574877024E0,7.513463020E0
1.572075075E2,5.548357487E0,-3.571886063E0,7.540980339E0
1.572276192E2,5.592026711E0,-3.553939819E0,7.444071293E0
1.572477310E2,5.585446358E0,-3.540779352E0,7.401000500E0
1.572678427E2,5.571687698E0,-3.556930780E0,7.417750359E0
1.572879544E2,5.550750256E0,-3.556930780E0,7.433901787E0
1.573080661E2,5.535795212E0,-3.524627686E0,7.396214962E0
1.573281779E2,5.501697540E0,-3.515056372E0,7.395018578E0
1.573482896E2,5.526822090E0,-3.557528973E0,7.406384468E0
1.573684013E2,5.553143024E0,-3.576671600E0,7.432705402E0
1.573885131E2,5.581857204E0,-3.582653761E0,7.423732281E0
1.574086248E2,5.525625706E0,-3.555734396E0,7.440482140E0
1.574287365E2,5.486144066E0,-3.549154282E0,7.403991699E0
1.574488482E2,5.541777134E0,-3.530609846E0,7.375277519E0
1.574689600E2,5.562714577E0,-3.520440340E0,7.349554539E0
1.574890717E2,5.561518192E0,-3.535993576E0,7.393822193E0
1.575091834E2,5.541179180E0,-3.556332588E0,7.391428947E0
1.575292952E2,5.526223660E0,-3.570091486E0,7.401598454E0
1.575494069E2,5.504090309E0,-3.560520172E0,7.460821152E0
1.575695186E2,5.551946640E0,-3.573082447E0,7.387241840E0
1.575896304E2,5.556134224E0,-3.590430260E0,7.393822193E0
1.576097421E2,5.464010715E0,-3.607180119E0,7.445267677E0
1.576298538E2,5.348556995E0,-3.550948858E0,7.365108013E0
1.576499655E2,5.382654667E0,-3.489333630E0,7.307082176E0
1.576700773E2,5.349753380E0,-3.494119167E0,7.323233604E0
1.576901890E2,5.304289818E0,-3.556930780E0,7.374679565E0
1.577103007E2,5.319842815E0,-3.500101328E0,7.408178806E0
1.577304124E2,5.224130154E0,-3.543770313E0,7.494320393E0
1.577505242E2,5.019543648E0,-3.436691523E0,7.414759159E0
1.577706359E2,5.088337421E0,-3.606581926E0,7.367500782E0
1.577907477E2,5.013561726E0,-3.627519131E0,7.357331276E0
1.578108594E2,4.888536453E0,-3.626920938E0,7.606184959E0
1.578309711E2,5.009972572E0,-3.661018610E0,7.673183918E0
1.578510828E2,5.100899696E0,-3.775874138E0,7.698308468E0
1.578711946E2,4.984847546E0,-3.801596880E0,7.795815945E0
1.578913063E2,4.880760193E0,-3.780061483E0,7.869395256E0
1.579114180E2,4.750350952E0,-3.888336897E0,8.039883614E0
1.579315297E2,4.262215137E0,-3.781257868E0,8.486145973E0
1.579516415E2,3.975076675E0,-3.789034605E0,8.475378036E0
1.579717532E2,3.902693748E0,-3.718446493E0,8.246265411E0
1.579918649E2,3.850051641E0,-3.851248026E0,8.559724808E0
1.580119767E2,3.683152199E0,-4.080958843E0,8.871988297E0
1.580320884E2,3.756731510E0,-3.992424488E0,8.895915985E0
1.580522001E2,3.809373617E0,-3.768695593E0,8.690134048E0
1.580723119E2,3.986442566E0,-3.779463291E0,8.836693764E0
1.580924236E2,4.019343853E0,-3.689732552E0,8.919246674E0
1.581125353E2,4.095315933E0,-3.537788391E0,8.732605934E0
1.581326470E2,3.923630953E0,-3.220141172E0,8.675776482E0
1.581527587E2,3.703491211E0,-2.957528830E0,8.831310272E0
1.581728705E2,3.595814228E0,-2.929413080E0,8.774480820E0
1.581929822E2,3.460021496E0,-2.809173822E0,8.667402267E0
1.582130940E2,3.434298754E0,-2.636292458E0,8.825327873E0
1.582332057E2,3.580859184E0,-2.538784742E0,8.696713448E0
1.582533174E2,3.538984776E0,-2.487937450E0,8.484351158E0
1.582734292E2,3.461816072E0,-2.390429735E0,8.484949112E0
1.582935409E2,3.464807272E0,-2.385644197E0,8.658429146E0
1.583136526E2,3.342773199E0,-2.436491728E0,8.777471542E0
1.583337643E2,3.139383316E0,-2.431107759E0,8.825926781E0
1.583538760E2,3.260220766E0,-2.516052961E0,9.198608398E0
1.583739878E2,3.225524902E0,-2.530410051E0,9.412167549E0
1.583940995E2,3.104089260E0,-2.513660192E0,9.530014038E0
1.584142112E2,3.031108141E0,-2.489732027E0,9.538389206E0
1.584343230E2,2.925225735E0,-2.422732830E0,9.192028046E0
1.584544347E2,2.937189817E0,-2.380858421E0,8.953942299E0
1.584745465E2,2.881556749E0,-2.351546526E0,8.963513374E0
1.584946582E2,2.752344131E0,-2.330011129E0,8.996415138E0
1.585147699E2,2.800798893E0,-2.362314224E0,9.104091644E0
1.585348816E2,2.912065268E0,-2.317448616E0,8.991629601E0
1.585549933E2,2.981456995E0,-2.272583246E0,8.955737114E0
1.585751051E2,2.977867842E0,-2.282752752E0,9.032905579E0
1.585952168E2,3.024527788E0,-2.294118643E0,9.051449776E0
1.586153285E2,2.995215654E0,-2.191825628E0,9.168698311E0
1.586354403E2,3.121437073E0,-2.210968018E0,9.264410973E0
1.586555520E2,3.035893679E0,-2.161915302E0,9.355338097E0
1.586756637E2,2.834896564E0,-2.066800594E0,9.419944763E0
1.586957755E2,2.773879766E0,-2.179263115E0,9.617352486E0
1.587158872E2,2.736192703E0,-2.112264156E0,9.419944763E0
1.587359989E2,2.761915445E0,-2.048854351E0,9.528818130E0
1.587561106E2,2.618944407E0,-2.013560295E0,9.425926208E0
1.587762224E2,2.484348059E0,-2.075773716E0,9.302696228E0
1.587963341E2,2.251047850E0,-2.121237278E0,9.288339615E0
1.588164458E2,2.123031855E0,-2.111665964E0,9.353543282E0
1.588365575E2,2.314457655E0,-2.008774519E0,9.578469276E0
1.588566693E2,2.341377020E0,-1.875374794E0,9.744770050E0
1.588767810E2,2.467000246E0,-1.843669891E0,9.705886841E0
1.588968928E2,2.571087837E0,-1.685743570E0,9.714262009E0
1.589170045E2,2.730808735E0,-1.479960799E0,9.860223770E0
1.589371162E2,2.636292458E0,-1.281954765E0,9.894321442E0
1.589572280E2,2.615355253E0,-1.272981644E0,9.854840279E0
1.589773397E2,2.223530531E0,-1.184447169E0,9.975677490E0
1.589974514E2,2.145165443E0,-1.218544960E0,9.865608215E0
1.590175631E2,2.051247120E0,-1.102493048E0,9.726225853E0
1.590376748E2,2.013560295E0,-9.296116233E-1,9.529416084E0
1.590577866E2,1.929811478E0,-8.327022791E-1,9.559326172E0
1.590778983E2,1.667199135E0,-8.315058947E-1,9.564710617E0
1.590980100E2,1.520040631E0,-8.584251404E-1,9.674181938E0
1.591181218E2,1.654636860E0,-7.220342159E-1,9.874580383E0
1.591382335E2,2.225325108E0,-4.462614357E-1,9.893723488E0
1.591583453E2,2.356930256E0,-2.440679073E-1,1.003789139E1
1.591784570E2,2.368894339E0,-1.417747438E-1,1.033699417E1
1.591985687E2,2.240280151E0,4.187439568E-3,1.014257717E1
1.592186804E2,2.371287346E0,1.381855011E-1,9.404391289E0
1.592387922E2,2.473580360E0,3.457628787E-1,8.901300430E0
1.592589039E2,2.423929453E0,4.749752879E-1,8.990432739E0
1.592790156E2,2.053640127E0,7.010970116E-1,9.648459435E0
1.592991273E2,1.901097536E0,7.334001660E-1,9.938589096E0
1.593192391E2,1.529611826E0,8.919246197E-1,1.017727280E1
1.593393508E2,1.467398524E0,8.338986635E-1,1.001695347E1
1.593594625E2,1.773081541E0,6.801598072E-1,9.837491989E0
1.593795743E2,1.397408366E0,8.542376757E-1,1.010369396E1
1.593996860E2,1.716252089E0,6.424728632E-1,1.076231766E1
1.594197978E2,1.009771109E0,9.643075466E-1,1.051765156E1
1.594399095E2,6.161518097E-1,6.610172391E-1,1.031964588E1
1.594600212E2,-5.377869010E-1,6.574280262E-1,9.997213364E0
1.594801329E2,-1.601994753E0,8.458628058E-1,9.567103386E0
1.595002447E2,-3.035893679E0,1.100698471E0,8.012965202E0
1.595203564E2,-3.366103172E0,9.996016622E-1,7.441678524E0
1.595404681E2,-1.776670814E0,1.025922656E0,8.595019341E0
1.595605798E2,5.252245665E-1,1.515853167E0,1.103031445E1
1.595806916E2,3.122633696E-1,1.698305845E0,1.169252777E1
1.596008033E2,-2.291127741E-1,1.666600943E0,1.198804188E1
1.596209150E2,-8.099704385E-1,1.917847395E0,8.997611046E0
1.596410268E2,-2.233700037E0,1.981257200E0,6.876374245E0
1.596611385E2,-2.129612207E0,2.179861546E0,6.521039963E0
1.596812502E2,-9.062815905E-1,2.231307030E0,8.499305725E0
1.597013620E2,4.959124923E-1,1.712662816E0,1.069830990E1
1.597214737E2,2.453241348E0,1.006181955E0,1.134257793E1
1.597415854E2,2.371885538E0,2.395215511E0,1.237268734E1
1.597616971E2,1.229312658E0,1.922633052E0,1.128814125E1
1.597818088E2,-7.782655358E-1,3.104687333E-1,8.858827591E0
1.598019206E2,-2.245065928E0,1.280160069E0,6.901498795E0
1.598220323E2,-3.564109325E0,1.927418590E0,7.398009300E0
1.598421441E2,-6.205187321E0,6.814160824E0,1.015872860E1
1.598622558E2,-2.194816589E0,6.575476646E0,5.402395248E0
1.598823675E2,6.574280262E-1,5.818148136E0,3.992424488E0
1.599024793E2,-1.499701619E0,5.717649937E0,4.690530777E0
1.599225910E2,-1.688136339E0,4.062414646E0,5.813362598E0
1.599427027E2,-2.019542217E0,3.726222992E0,7.882555962E0
1.599628145E2,-2.243869543E0,3.690330744E0,1.044646549E1
1.599829262E2,-1.984846354E0,3.531806231E0,1.134915733E1
1.600030379E2,-3.620938778E0,4.135993958E0,1.160339546E1
1.600231496E2,-3.142374277E0,4.988437176E0,1.246301651E1
1.600432613E2,-2.449054003E0,3.818346739E0,1.115174961E1
1.600633731E2,-2.046461582E0,2.843869686E0,1.027418232E1
1.600834848E2,-4.274179459E0,3.633501291E0,8.007580757E0
1.601035966E2,-4.974080086E0,3.935595036E0,5.970092297E0
1.601237083E2,-4.729413986E0,4.067200184E0,7.018148899E0
1.601438200E2,-4.859224796E0,4.308875561E0,7.769495010E0
1.601639318E2,-4.757529736E0,4.136591911E0,8.104490280E0
1.601840435E2,-5.184648514E0,3.682554007E0,7.495516777E0
1.602041552E2,-6.058028698E0,2.995215654E0,7.579265594E0
1.602242670E2,-3.701098442E0,2.377867460E0,1.020060253E1
1.602443787E2,-3.445066452E0,1.808973908E0,1.027418232E1
1.602644904E2,-3.650250912E0,2.557329178E0,9.138788223E0
1.602846021E2,-3.622733593E0,3.243471146E0,7.354340553E0
1.603047138E2,-4.221537113E0,3.835096598E0,6.765706062E0
1.603248256E2,-4.159922123E0,4.044468403E0,8.572885513E0
1.603449373E2,-4.459623337E0,3.841078520E0,9.169894218E0
1.603650491E2,-6.269793510E0,4.588835716E0,7.640282631E0
1.603851608E2,-5.664409637E0,4.296313286E0,6.524629116E0
1.604052725E2,-4.825725079E0,3.738785267E0,7.269993305E0
1.604253843E2,-4.377070904E0,3.798007727E0,8.149953842E0
1.604454960E2,-4.045664787E0,4.186243057E0,8.234300613E0
1.604656077E2,-3.255435228E0,4.378267288E0,7.567301750E0
1.604857195E2,-2.091326952E0,3.627519131E0,6.900302410E0
1.605058312E2,-3.294318676E0,3.956532240E0,6.608377934E0
1.605259429E2,-4.678566456E0,4.629513741E0,7.188039303E0
1.605460546E2,-4.369294167E0,4.198207378E0,7.905886173E0
1.605661664E2,-3.268595695E0,3.499503136E0,8.348558426E0
1.605862781E2,-2.980260611E0,3.386442184E0,8.669196129E0
1.606063898E2,-3.202194929E0,3.477967739E0,8.636295319E0
1.606265016E2,-3.245863914E0,3.349353552E0,8.400003433E0
1.606466133E2,-3.332005501E0,3.250051260E0,8.340183258E0
1.606667250E2,-3.436093330E0,3.066402197E0,8.470592499E0
1.606868368E2,-3.309871912E0,2.755335331E0,8.673383713E0
1.607069485E2,-3.366701365E0,2.611167669E0,8.838488579E0
1.607270602E2,-3.451646566E0,2.468196630E0,8.960522652E0
1.607471720E2,-3.239283562E0,2.199003935E0,8.949754715E0
1.607672837E2,-3.175873756E0,2.001596212E0,9.153144836E0
1.607873954E2,-3.614956856E0,1.972284079E0,9.525827408E0
1.608075071E2,-3.474976778E0,1.701296926E0,1.055055332E1
1.608276189E2,-2.785245657E0,1.198804140E0,1.068335533E1
1.608477306E2,-2.035095692E0,8.063812256E-1,1.060080242E1
1.608678423E2,-1.850848317E0,9.649057388E-1,1.018026352E1
1.608879541E2,-2.455035925E0,1.479960799E0,1.019282627E1
1.609080658E2,-2.484946251E0,1.444068432E0,1.022512913E1
1.609281775E2,-2.479562521E0,1.381855130E0,9.966704369E0
1.609482893E2,-2.490928411E0,1.572084427E0,9.577870369E0
1.609684010E2,-2.410768747E0,1.802991867E0,9.242277145E0
1.609885128E2,-2.443071842E0,1.942373753E0,9.006584167E0
1.610086245E2,-2.495115757E0,2.032702923E0,8.887541771E0
1.610287362E2,-2.618944407E0,2.082952023E0,8.818747520E0
1.610488479E2,-2.636890650E0,2.038684845E0,8.894720078E0
1.610689597E2,-2.598007202E0,2.011765718E0,9.049654961E0
1.610890714E2,-2.478964329E0,2.030908108E0,9.229117393E0
1.611091831E2,-2.388036966E0,2.001596212E0,9.364311218E0
1.611292948E2,-2.357528448E0,1.958525300E0,9.406784058E0
1.611494066E2,-2.411965132E0,1.959123492E0,9.328418732E0
1.611695183E2,-2.447259426E0,1.904686809E0,9.241081238E0
1.611896300E2,-2.578266382E0,1.888535261E0,9.318847656E0
1.612097418E2,-2.631506681E0,1.811964989E0,9.301499367E0
1.612298535E2,-2.514258385E0,1.712064624E0,9.313464165E0
1.612499653E2,-2.608774900E0,1.637288928E0,9.466006279E0
1.612700770E2,-2.676372051E0,1.538584948E0,9.661619186E0
1.612901887E2,-2.583052158E0,1.414158225E0,9.706484795E0
1.613103005E2,-2.370688915E0,1.347159147E0,9.722636223E0
1.613304122E2,-2.279761791E0,1.369890928E0,9.734601021E0
1.613505239E2,-2.458027124E0,1.453041553E0,9.808179855E0
1.613706356E2,-2.431705952E0,1.405185103E0,9.805787086E0
1.613907474E2,-2.393420935E0,1.424327731E0,9.817152977E0
1.614108591E2,-2.325225353E0,1.466202021E0,9.802796364E0
1.614309708E2,-2.128415823E0,1.509272933E0,9.739984512E0
1.614510825E2,-2.138585329E0,1.613360643E0,9.616754532E0
1.614711943E2,-2.303091764E0,1.665404558E0,9.458230019E0
1.614913060E2,-2.383849621E0,1.643270969E0,9.404391289E0
1.615114178E2,-2.349153519E0,1.681556106E0,9.420542717E0
1.615315295E2,-2.215753794E0,1.752742529E0,9.468399048E0
1.615516412E2,-2.029113531E0,1.779063582E0,9.439684868E0
1.615717530E2,-2.047059774E0,1.789831281E0,9.301499367E0
1.615918647E2,-2.201995134E0,1.776072621E0,9.255437851E0
1.616119764E2,-2.282154560E0,1.776670814E0,9.325428009E0
1.616320882E2,-2.127817631E0,1.757528186E0,9.412167549E0
1.616521999E2,-2.080559254E0,1.760519266E0,9.468399048E0
1.616723116E2,-2.197807550E0,1.779063582E0,9.425926208E0
1.616924233E2,-2.139781713E0,1.719841242E0,9.390034676E0
1.617125351E2,-2.012363911E0,1.632503271E0,9.346963882E0
1.617326468E2,-2.116451740E0,1.631905079E0,9.488140106E0
1.617527585E2,-2.163709879E0,1.632503271E0,9.680164337E0
1.617728703E2,-2.019542217E0,1.604387641E0,9.838089943E0
1.617929820E2,-1.695913076E0,1.564906001E0,9.968499184E0
1.618130937E2,-1.418943882E0,1.561316729E0,9.875179291E0
1.618332055E2,-1.277767301E0,1.558325768E0,9.839884758E0
1.618533172E2,-1.310668588E0,1.569691658E0,9.746564865E0
1.618734290E2,-1.383051515E0,1.570888042E0,9.564710617E0
1.618935407E2,-1.518245935E0,1.603191137E0,9.516255379E0
1.619136524E2,-1.691127419E0,1.612762451E0,9.575477600E0
1.619337642E2,-1.521237016E0,1.591825247E0,9.587442398E0
1.619538759E2,-1.246660590E0,1.558325768E0,9.548559189E0
1.619739876E2,-9.762716293E-1,1.521835208E0,9.645467758E0
1.619940993E2,-8.853443861E-1,1.579861164E0,9.766305923E0
1.620142110E2,-8.273184299E-1,1.644467354E0,9.894321442E0
1.620343228E2,-7.597211599E-1,1.652244091E0,9.955936432E0
1.620544345E2,-7.980063558E-1,1.651645780E0,9.871589661E0
1.620745462E2,-8.386843204E-1,1.630708575E0,9.780662537E0
1.620946580E2,-8.596215248E-1,1.669592023E0,9.835697174E0
1.621147697E2,-7.226324677E-1,1.689931035E0,9.750154495E0
1.621348815E2,-5.521438122E-1,1.640878081E0,9.623334885E0
1.621549932E2,-6.065805554E-1,1.658226132E0,9.464211464E0
1.621751049E2,-8.458628058E-1,1.580459356E0,9.254241943E0
1.621952167E2,-8.662018180E-1,1.361516118E0,9.225527763E0
1.622153284E2,-4.001995921E-1,1.331007600E0,9.636494637E0
1.622354401E2,-9.631111473E-2,1.512862086E0,1.032443142E1
1.622555519E2,1.752742529E-1,1.639083505E0,1.071446133E1
1.622756636E2,2.620140910E-1,1.694118381E0,1.027597713E1
1.622957753E2,1.202393398E-1,1.686341763E0,9.881160736E0
1.623158870E2,-1.010967568E-1,1.833500385E0,9.748957634E0
1.623359988E2,2.135594189E-1,2.069791555E0,9.818947792E0
1.623561105E2,8.428717852E-1,2.222932339E0,9.756733894E0
1.623762222E2,1.198804140E0,2.274377823E0,9.582656860E0
1.623963340E2,1.226321578E0,2.287538528E0,9.493523598E0
1.624164457E2,1.098903775E0,2.274976015E0,9.302098274E0
1.624365574E2,1.146760225E0,2.262413740E0,9.114261627E0
1.624566692E2,1.128215909E0,2.344966173E0,9.099904060E0
1.624767809E2,1.229312658E0,2.359921217E0,9.140582085E0
1.624968927E2,1.353739381E0,2.322832584E0,9.280562401E0
1.625170044E2,1.470389485E0,2.266003132E0,9.523433685E0
1.625371161E2,1.542174220E0,2.199003935E0,9.753743172E0
1.625572279E2,1.524826288E0,2.094916344E0,9.788438797E0
1.625773396E2,1.518245935E0,2.038086653E0,9.866804123E0
1.625974513E2,1.424327731E0,2.017747641E0,9.713663101E0
1.626175631E2,1.450648785E0,1.854437590E0,9.312865257E0
1.626376748E2,1.482951880E0,1.699502230E0,8.919844627E0
1.626577865E2,1.430907965E0,1.709671736E0,8.978468895E0
1.626778983E2,1.015154958E0,1.945364833E0,9.610772133E0
1.626980100E2,6.837490797E-1,2.177468538E0,9.982257843E0
1.627181217E2,7.214360237E-1,2.057827473E0,9.829116821E0
1.627382334E2,7.776673436E-1,1.697109461E0,9.657432556E0
1.627583452E2,1.061216831E0,1.339980721E0,9.424132347E0
1.627784569E2,1.245464206E0,1.107876897E0,9.416953087E0
1.627985686E2,1.187438250E0,8.919246197E-1,9.775876999E0
1.628186804E2,1.043270707E0,7.722834945E-1,1.027178955E1
1.628387921E2,8.715856671E-1,8.297112584E-1,1.068156052E1
1.628589038E2,7.465606928E-1,9.170492887E-1,1.091785145E1
1.628790156E2,1.030110121E0,9.553344250E-1,1.096989536E1
1.628991273E2,1.211964726E0,1.178465128E0,1.083410263E1
1.629192391E2,1.171286702E0,1.542772412E0,1.029691410E1
1.629393508E2,1.202393413E0,1.869990945E0,9.669994354E0
1.629594625E2,1.275374413E0,2.267199516E0,8.242675781E0
1.629795743E2,1.170090318E0,2.492124796E0,9.086145401E0
1.629996860E2,7.334001660E-1,2.048854351E0,9.895518303E0
1.630197978E2,8.434699774E-1,1.565504193E0,9.933803558E0
1.630399095E2,9.020941257E-1,1.683948994E0,1.003549862E1
1.630600212E2,9.720842242E-1,1.855633974E0,9.835697174E0
1.630801330E2,1.034895778E0,1.895713687E0,9.591031075E0
1.631002447E2,9.954141974E-1,1.825125456E0,9.820742607E0
1.631203564E2,9.523434043E-1,1.679163337E0,1.004806042E1
1.631404681E2,8.051848412E-1,1.709671736E0,1.006421185E1
1.631605799E2,7.100701332E-1,1.823330879E0,1.004985523E1
1.631806916E2,7.453642488E-1,1.840080619E0,9.955936432E0
1.632008033E2,8.787640929E-1,1.868794441E0,9.752547264E0
1.632209151E2,9.038887620E-1,1.999801517E0,9.812965393E0
1.632410268E2,8.374879360E-1,2.028515339E0,9.710672379E0
1.632611385E2,8.033902049E-1,2.098505497E0,9.652048111E0
1.632812503E2,6.801598072E-1,2.169093609E0,9.657432556E0
1.633013620E2,6.915257573E-1,2.171486616E0,9.394221306E0
1.633214737E2,7.334001660E-1,2.135594130E0,9.215956688E0
1.633415855E2,7.357929349E-1,2.103291035E0,9.128020287E0
1.633616972E2,7.812566161E-1,2.058425665E0,9.121439934E0
1.633818090E2,6.143572330E-1,2.024327993E0,9.384052277E0
1.634019207E2,5.264210105E-1,1.921436548E0,9.519845009E0
1.634220324E2,6.095715761E-1,1.905285001E0,9.565308571E0
1.634421442E2,8.177471161E-1,1.907677889E0,9.728020668E0
1.634622559E2,1.000798106E0,1.847259045E0,9.848259926E0
1.634823677E2,1.083948612E0,1.881356835E0,9.948758125E0
1.635024794E2,1.040279627E0,2.011765718E0,1.009771156E1
1.635225911E2,9.337990284E-1,2.070389748E0,9.920642853E0
1.635427029E2,9.391828775E-1,2.117049932E0,9.764511108E0
1.635628146E2,1.063011408E0,2.158325911E0,9.607781410E0
1.635829263E2,1.130010486E0,2.163111687E0,9.505488396E0
1.636030380E2,1.095912814E0,2.136192322E0,9.378069878E0
1.636231498E2,9.451649189E-1,2.073380709E0,9.445667267E0
1.636432615E2,9.738788009E-1,1.931606054E0,9.532406807E0
1.636633732E2,1.024726272E0,1.869990945E0,9.513862610E0
1.636834850E2,1.012762189E0,1.846062660E0,9.642477036E0
1.637035967E2,1.216750264E0,1.759921074E0,9.877572060E0
1.637237084E2,1.176072359E0,1.738385677E0,1.002652550E1
1.637438202E2,8.673982024E-1,1.722234130E0,1.003011417E1
1.637639319E2,6.628118753E-1,1.703689694E0,9.961918831E0
1.637840436E2,6.903293133E-1,1.733001828E0,9.923035622E0
1.638041554E2,9.499505758E-1,1.730010748E0,9.893723488E0
1.638242671E2,1.040279627E0,1.731207132E0,9.821340561E0
1.638443788E2,1.026520967E0,1.771286964E0,9.799804688E0
1.638644906E2,9.912267923E-1,1.782652855E0,9.689735413E0
1.638846023E2,9.463613629E-1,1.804188251E0,9.617950439E0
1.639047141E2,9.236295223E-1,1.779661894E0,9.632905960E0
1.639248258E2,9.457631707E-1,1.766501307E0,9.711869240E0
1.639449375E2,9.661021233E-1,1.761117458E0,9.792028427E0
1.639650493E2,9.631111026E-1,1.739582062E0,9.704092026E0
1.639851610E2,9.050851464E-1,1.703091502E0,9.692726135E0
1.640052728E2,9.182456732E-1,1.659422517E0,9.685547829E0
1.640253845E2,9.038887620E-1,1.683350682E0,9.706484795E0
1.640454962E2,8.763712645E-1,1.709073544E0,9.761520386E0
1.640656080E2,8.566305041E-1,1.718046665E0,9.795019150E0
1.640857197E2,8.590233326E-1,1.706680775E0,9.805787086E0
1.641058315E2,8.829515576E-1,1.721635938E0,9.857831001E0
1.641259432E2,9.068797827E-1,1.725823283E0,9.848259926E0
1.641460549E2,9.206385016E-1,1.722832322E0,9.793823242E0
1.641661667E2,8.279166222E-1,1.709073544E0,9.780662537E0
1.641862784E2,7.561319470E-1,1.663011789E0,9.720243454E0
1.642063901E2,8.063812256E-1,1.658226132E0,9.681958199E0
1.642265018E2,9.164510965E-1,1.649253011E0,9.698708534E0
1.642466136E2,8.775677085E-1,1.676172256E0,9.746564865E0
1.642667253E2,8.057830334E-1,1.663609982E0,9.805189133E0
1.642868371E2,8.153542876E-1,1.657627940E0,9.862616539E0
1.643069488E2,7.848458290E-1,1.701895118E0,9.827322960E0
1.643270605E2,7.746763229E-1,1.731805444E0,9.821340561E0
1.643471723E2,8.081758618E-1,1.725823283E0,9.815957069E0
1.643672840E2,8.374879360E-1,1.725823283E0,9.786644936E0
1.643873957E2,8.608179688E-1,1.709073544E0,9.745368004E0
1.644075075E2,8.799605370E-1,1.703689694E0,9.735796928E0
1.644276192E2,8.907282352E-1,1.727019787E0,9.768099785E0
1.644477309E2,8.727820516E-1,1.735992789E0,9.726823807E0
1.644678427E2,8.111668825E-1,1.752742529E0,9.744770050E0
1.644879544E2,7.603194118E-1,1.788036704E0,9.776474953E0
1.645080661E2,8.069794178E-1,1.773679733E0,9.814162254E0
1.645281779E2,9.194421172E-1,1.726421595E0,9.676574707E0
1.645482896E2,9.236295223E-1,1.765304923E0,9.657432556E0
1.645684013E2,8.368897438E-1,1.811366796E0,9.607781410E0
1.645885131E2,8.291130662E-1,1.827518344E0,9.658030510E0
1.646086248E2,8.368897438E-1,1.829312921E0,9.731011391E0
1.646287366E2,8.338986635E-1,1.793420553E0,9.768698692E0
1.646488483E2,7.914260626E-1,1.773679733E0,9.773484230E0
1.646689600E2,7.998009920E-1,1.759322882E0,9.806983948E0
1.646890718E2,8.644071817E-1,1.749751568E0,9.798010826E0
1.647091835E2,8.596215248E-1,1.773679733E0,9.765109062E0
1.647292953E2,8.488538265E-1,1.823330879E0,9.776474953E0
1.647494070E2,8.715856671E-1,1.868196249E0,9.774082184E0
1.647695187E2,8.811569214E-1,1.868794441E0,9.756733894E0
1.647896305E2,8.907282352E-1,1.852642894E0,9.733404160E0
1.648097422E2,8.985049129E-1,1.856830359E0,9.795618057E0
1.648298540E2,8.638089895E-1,1.874178290E0,9.856036186E0
1.648499657E2,8.267202377E-1,1.899901152E0,9.809974670E0
1.648700774E2,8.620143533E-1,1.914856315E0,9.708279610E0
1.648901892E2,9.122636318E-1,1.931606054E0,9.709476471E0
1.649103009E2,8.512466550E-1,1.933998942E0,9.757332802E0
1.649304126E2,8.231309652E-1,1.889133453E0,9.747162819E0
1.649505244E2,8.847461939E-1,1.866401672E0,9.781260490E0
1.649706361E2,8.847461939E-1,1.904686809E0,1.004626560E1
1.649907479E2,8.261220455E-1,1.980060697E0,1.030110168E1
1.650108596E2,8.703892231E-1,2.041077614E0,1.037109184E1
1.650309713E2,9.708877802E-1,2.133799553E0,1.015334511E1
1.650510831E2,1.081555843E0,2.264208317E0,9.969695091E0
1.650711948E2,1.181456208E0,2.386840582E0,9.845867157E0
1.650913065E2,1.329213023E0,2.505285263E0,9.727422714E0
1.651114183E2,1.439880967E0,2.627917528E0,9.614361763E0
1.651315300E2,1.543968797E0,2.759522676E0,9.576674461E0
1.651516417E2,1.563111424E0,2.901297569E0,9.423533440E0
1.651717535E2,1.654636860E0,3.039483070E0,9.288339615E0
1.651918652E2,1.756331801E0,3.212364435E0,9.258428574E0
1.652119770E2,1.910668850E0,3.355335474E0,9.209974289E0
1.652320887E2,2.103889227E0,3.509074450E0,9.173483849E0
1.652522004E2,2.301297188E0,3.669393539E0,8.876175880E0
1.652723122E2,2.477767944E0,3.833301783E0,8.650651932E0
1.652924239E2,2.448455811E0,3.986442566E0,8.495717049E0
1.653125356E2,2.331207514E0,4.066003799E0,8.244470596E0
1.653326474E2,2.331805706E0,4.210769653E0,8.112865448E0
1.653527591E2,2.472383976E0,4.370490551E0,8.090133667E0
1.653728709E2,2.645265341E0,4.415356159E0,8.054241180E0
1.653929826E2,2.775076151E0,4.471587181E0,8.091329575E0
1.654130943E2,2.890529871E0,4.569094658E0,8.208578110E0
1.654332061E2,2.842075109E0,4.621737003E0,8.260024071E0
1.654533178E2,2.711666346E0,4.640879631E0,8.471190453E0
1.654734296E2,2.620140791E0,4.657629490E0,8.605786324E0
1.654935413E2,2.669791937E0,4.696512699E0,8.646464348E0
1.655136530E2,2.717050076E0,4.779065132E0,8.411369324E0
1.655337648E2,2.824128866E0,4.893322468E0,8.215158463E0
1.655538765E2,2.895315409E0,5.004588604E0,8.059026718E0
1.655739882E2,2.956332445E0,5.073980331E0,7.799405575E0
1.655941000E2,2.998206854E0,5.171487808E0,7.683951855E0
1.656142117E2,2.927618504E0,5.286941528E0,7.578069210E0
1.656343234E2,2.832503796E0,5.339583874E0,7.480561733E0
1.656544352E2,2.828316450E0,5.362913609E0,7.513463020E0
1.656745469E2,2.962912560E0,5.405984402E0,7.473981380E0
1.656946587E2,3.031706333E0,5.474778175E0,7.198806763E0
1.657147704E2,3.037090063E0,5.506483078E0,7.127022266E0
1.657348822E2,2.955136061E0,5.474180222E0,7.451848030E0
1.657549939E2,2.836691141E0,5.452046394E0,7.749155998E0
1.657751056E2,2.984447956E0,5.489733219E0,7.689335346E0
1.657952174E2,3.221935749E0,5.596812248E0,7.544569969E0
1.658153291E2,3.337389469E0,5.687141418E0,7.436892986E0
1.658354408E2,3.274577856E0,5.733202934E0,7.411170006E0
1.658555526E2,3.142374277E0,5.723631859E0,7.344171047E0
1.658756643E2,3.248854876E0,5.737390518E0,7.256833076E0
1.658957761E2,3.227319479E0,5.784648895E0,7.196413994E0
1.659158878E2,3.236890793E0,5.776872158E0,7.101897717E0
1.659359995E2,3.486342669E0,5.786443233E0,7.147959232E0
1.659561113E2,3.625126362E0,5.843272686E0,7.226922512E0
1.659762230E2,3.434298754E0,5.853442192E0,7.206583500E0
1.659963348E2,3.208775282E0,5.822933674E0,7.271788120E0
1.660164465E2,3.220739365E0,5.787041664E0,7.692326546E0
1.660365582E2,3.469592810E0,5.799005508E0,8.005785942E0
1.660566700E2,3.537189960E0,5.852844238E0,7.923832417E0
1.660767817E2,3.326621771E0,5.860022545E0,7.465606689E0
1.660968935E2,3.210569859E0,5.839085579E0,7.200003147E0
1.661170052E2,3.158525944E0,5.903093338E0,7.230511665E0
1.661371169E2,3.299702406E0,5.937789440E0,6.960721016E0
1.661572287E2,3.411566973E0,6.048457623E0,6.748358250E0
1.661773404E2,3.333800077E0,6.156732559E0,6.664011002E0
1.661974522E2,3.242872953E0,6.199803352E0,6.607181549E0
1.662175639E2,3.266801119E0,6.154938221E0,6.750751019E0
1.662376756E2,3.259622574E0,6.125027657E0,6.817151546E0
1.662577874E2,3.120838881E0,6.158527374E0,6.771090031E0
1.662778991E2,3.034697294E0,6.190232277E0,6.687341213E0
1.662980109E2,3.232105255E0,6.183053493E0,6.746563435E0
1.663181226E2,3.486940861E0,6.197410583E0,6.921837807E0
1.663382344E2,3.442673683E0,6.216553211E0,6.893123627E0
1.663583461E2,3.351148129E0,6.246463299E0,6.805187702E0
1.663784578E2,3.281756163E0,6.280561447E0,6.876972198E0
1.663985696E2,3.364308596E0,6.254838467E0,6.976274490E0
1.664186813E2,3.520440340E0,6.244070530E0,6.946363926E0
1.664387931E2,3.559921980E0,6.276373863E0,7.004988194E0
1.664589048E2,3.439084291E0,6.312864304E0,7.028916359E0
1.664790165E2,3.331407309E0,6.299105644E0,6.946962357E0
1.664991283E2,3.358924866E0,6.248856544E0,6.936194420E0
1.665192400E2,3.205185890E0,6.270391941E0,6.963113785E0
1.665393518E2,3.114258766E0,6.262615204E0,6.951747894E0
1.665594635E2,3.238685369E0,6.258427620E0,6.821937561E0
1.665795753E2,3.347558975E0,6.343971252E0,6.762116909E0
1.665996870E2,3.299702406E0,6.345765591E0,6.613163471E0
1.666197987E2,3.047857761E0,6.311069489E0,6.521637917E0
1.666399105E2,2.997608662E0,6.311667919E0,6.561717987E0
1.666600222E2,3.189034462E0,6.349953175E0,6.611967087E0
1.666801340E2,3.308675528E0,6.398407936E0,6.618547440E0
1.667002457E2,3.302095175E0,6.448657036E0,6.714260101E0
1.667203574E2,3.332005501E0,6.413362980E0,6.808178425E0
1.667404692E2,3.340978622E0,6.401997089E0,6.774679184E0
1.667605809E2,3.263211966E0,6.433701992E0,6.690331936E0
1.667806927E2,3.217748165E0,6.439085960E0,6.690930367E0
1.668008044E2,3.295515060E0,6.434898376E0,6.690331936E0
1.668209161E2,3.384647608E0,6.444469452E0,6.678966045E0
1.668410279E2,3.318845034E0,6.443273067E0,6.655037880E0
1.668611396E2,3.283550978E0,6.421139717E0,6.675376892E0
1.668812513E2,3.380460262E0,6.422336102E0,6.644270420E0
1.669013631E2,3.422334671E0,6.468397617E0,6.588637352E0
1.669214748E2,3.263211966E0,6.480959892E0,6.594020844E0
1.669415866E2,3.260220766E0,6.461219311E0,6.585646152E0
1.669616983E2,3.376272678E0,6.465406895E0,6.613761902E0
1.669818100E2,3.410968781E0,6.464210510E0,6.757929325E0
1.670019218E2,3.382853031E0,6.459424496E0,6.774080753E0
1.670220335E2,3.327818155E0,6.459424496E0,6.783652306E0
1.670421453E2,3.338585854E0,6.430112839E0,6.702296257E0
1.670622570E2,3.314059258E0,6.443273067E0,6.611369133E0
1.670823688E2,3.235096216E0,6.453442574E0,6.582654953E0
1.671024805E2,3.208176851E0,6.416952133E0,6.593422890E0
1.671225923E2,3.269792080E0,6.413960934E0,6.699305058E0
1.671427040E2,3.316452265E0,6.444469452E0,6.732804775E0
1.671628157E2,3.375076294E0,6.448657036E0,6.648457527E0
1.671829275E2,3.418745279E0,6.412764549E0,6.525825500E0
1.672030393E2,3.393620729E0,6.417550564E0,6.461817741E0
1.672231510E2,3.245265722E0,6.447460651E0,6.485745907E0
1.672432627E2,3.202793121E0,6.453442574E0,6.489933014E0
1.672633745E2,3.245863914E0,6.469594002E0,6.548557281E0
1.672834862E2,3.336193085E0,6.422934055E0,6.744170666E0
1.673035980E2,3.387638569E0,6.384050846E0,6.707680225E0
1.673237097E2,3.535395384E0,6.376872540E0,6.812964439E0
1.673438215E2,3.443271875E0,6.360122681E0,6.860820770E0
1.673639332E2,3.266202927E0,6.318248272E0,6.838088989E0
1.673840449E2,3.214159012E0,6.286543369E0,6.917052269E0
1.674041567E2,3.305086374E0,6.320641041E0,6.958328247E0
1.674242684E2,3.337987661E0,6.336194515E0,6.894918442E0
1.674443802E2,3.323032379E0,6.314060688E0,6.823133945E0
1.674644919E2,3.314657450E0,6.300302029E0,6.817749977E0
1.674846036E2,3.390031576E0,6.309873104E0,6.784250259E0
1.675047154E2,3.425325632E0,6.339783669E0,6.719644070E0
1.675248271E2,3.355335474E0,6.333203316E0,6.699305058E0
1.675449388E2,3.247060299E0,6.289534092E0,6.711867332E0
1.675650506E2,3.198007345E0,6.256632805E0,6.617351055E0
1.675851623E2,3.313461065E0,6.213562012E0,6.577271461E0
1.676052741E2,3.466003656E0,6.229713917E0,6.552744865E0
1.676253858E2,3.534797192E0,6.250052929E0,6.662216663E0
1.676454976E2,3.425325632E0,6.246463299E0,6.765107632E0
1.676656093E2,3.317648649E0,6.229713917E0,6.848856449E0
1.676857211E2,3.351746321E0,6.191428661E0,6.905686378E0
1.677058328E2,3.461816072E0,6.186643124E0,6.968497753E0
1.677259446E2,3.540181160E0,6.187839508E0,6.973881721E0
1.677460563E2,3.551547050E0,6.139384747E0,7.014559746E0
1.677661681E2,3.464209080E0,6.096313953E0,6.997809887E0
1.677862798E2,3.364906788E0,6.044270039E0,6.947560310E0
1.678063916E2,3.325425386E0,5.998806477E0,6.937391281E0
1.678265033E2,3.397808075E0,5.984449387E0,6.988836765E0
1.678466150E2,3.433700562E0,5.980261803E0,7.086942673E0
1.678667268E2,3.407977581E0,5.957530022E0,7.215556622E0
1.678868385E2,3.348157167E0,5.925825119E0,7.255038261E0
1.679069503E2,3.329612732E0,5.892325878E0,7.110272408E0
1.679270620E2,3.298506021E0,5.828916073E0,7.149754047E0
1.679471737E2,3.304488182E0,5.779264927E0,7.360920429E0
1.679672855E2,3.293122053E0,5.777470112E0,7.493722439E0
1.679873972E2,3.268595695E0,5.749354839E0,7.500302792E0
1.680075090E2,3.347558975E0,5.682355404E0,7.515855789E0
1.680276207E2,3.407977581E0,5.659025669E0,7.598408222E0
1.680477325E2,3.372683525E0,5.736194134E0,7.494918823E0
1.680678442E2,3.281756163E0,5.770291805E0,7.487740040E0
1.680879560E2,3.050250769E0,5.760122299E0,7.473383427E0
1.681080678E2,3.046661377E0,5.665606022E0,7.472784996E0
1.681281795E2,3.160320520E0,5.623133183E0,7.438687325E0
1.681482912E2,3.250649452E0,5.635097504E0,7.341179848E0
1.681684030E2,3.381656647E0,5.623731613E0,7.390232563E0
1.681885147E2,3.387040377E0,5.615356445E0,7.439285755E0
1.682086265E2,3.235694408E0,5.642873764E0,7.434499741E0
1.682287382E2,3.163909674E0,5.669195175E0,7.439883709E0
1.682488499E2,3.205784082E0,5.676971912E0,7.380661488E0
1.682689617E2,3.282354355E0,5.701498032E0,7.402196884E0
1.682890734E2,3.337389469E0,5.718846321E0,7.464410305E0
1.683091852E2,3.405584812E0,5.687141418E0,7.425527096E0
1.683292969E2,3.336193085E0,5.675775528E0,7.378866673E0
1.683494087E2,3.159722328E0,5.630909920E0,7.374679565E0
1.683695204E2,3.127419233E0,5.597410202E0,7.335795879E0
1.683896322E2,3.291925669E0,5.590231895E0,7.404589653E0
1.684097439E2,3.393620729E0,5.609374523E0,7.420741081E0
1.684298557E2,3.247060299E0,5.631507874E0,7.375277519E0
1.684499674E2,3.156731367E0,5.612963676E0,7.469794273E0
1.684700792E2,3.177668571E0,5.614160061E0,7.511070251E0
1.684901909E2,3.235096216E0,5.633901119E0,7.474579811E0
1.685103027E2,3.179463148E0,5.627918720E0,7.482356548E0
1.685304144E2,3.163909674E0,5.594419479E0,7.499105930E0
1.685505261E2,3.247658491E0,5.590231895E0,7.497909546E0
1.685706379E2,3.231507063E0,5.590830326E0,7.478767395E0
1.685907496E2,3.216551781E0,5.590231895E0,7.440482140E0
1.686108614E2,3.265006542E0,5.593821049E0,7.533802032E0
1.686309731E2,3.373281717E0,5.599802971E0,7.620542049E0
1.686510849E2,3.489333630E0,5.617749214E0,7.609774113E0
1.686711966E2,3.486342669E0,5.639883041E0,7.551748276E0
1.686913084E2,3.342175007E0,5.626124382E0,7.465008259E0
1.687114201E2,3.145365477E0,5.656632900E0,7.439285755E0
1.687315319E2,3.032304525E0,5.641079426E0,7.370491982E0
1.687516436E2,2.971287489E0,5.593223095E0,7.266404152E0
1.687717554E2,3.092723370E0,5.538786411E0,7.295117855E0
1.687918671E2,3.238087177E0,5.562714577E0,7.411170006E0
1.688119788E2,3.175873756E0,5.618945599E0,7.450651646E0
1.688320906E2,3.151347399E0,5.593223095E0,7.485945702E0
1.688522023E2,3.123830080E0,5.536991596E0,7.543971539E0
1.688723141E2,2.974278450E0,5.480162144E0,7.552346706E0
1.688924259E2,3.071786165E0,5.444269657E0,7.623532772E0
1.689125376E2,3.344567776E0,5.501099110E0,7.714460373E0
1.689326494E2,3.360719442E0,5.551946640E0,7.718049526E0
1.689527611E2,3.235096216E0,5.535795212E0,7.740182877E0
1.689728729E2,3.150749207E0,5.518447399E0,7.742575645E0
1.689929846E2,3.144767046E0,5.538187981E0,7.661818027E0
1.690130963E2,3.199203968E0,5.548357487E0,7.556533813E0
1.690332081E2,3.291327477E0,5.559723377E0,7.476374149E0
1.690533198E2,3.279363394E0,5.558526993E0,7.457829952E0
1.690734316E2,3.151945591E0,5.539982796E0,7.420143127E0
1.690935433E2,3.085544825E0,5.542375565E0,7.409973621E0
1.691136551E2,3.108874798E0,5.528018475E0,7.467999458E0
1.691337668E2,3.165704250E0,5.508277893E0,7.542177200E0
1.691538786E2,3.166900873E0,5.492125988E0,7.580461979E0
1.691739904E2,3.156133175E0,5.482554913E0,7.621140003E0
1.691941021E2,3.167499065E0,5.487938881E0,7.651648521E0
1.692142138E2,3.118446112E0,5.484947681E0,7.678567886E0
1.692343256E2,3.105285645E0,5.483152866E0,7.649854183E0
1.692544373E2,3.182454109E0,5.516054630E0,7.585845947E0
1.692745491E2,3.207578659E0,5.538786411E0,7.564908981E0
1.692946608E2,3.194418192E0,5.551348686E0,7.554141045E0
1.693147726E2,3.188436270E0,5.534598827E0,7.536793232E0
1.693348843E2,3.205784082E0,5.513661385E0,7.503891945E0
1.693549961E2,3.268595695E0,5.513661385E0,7.461419106E0
1.693751078E2,3.176471949E0,5.538786411E0,7.468597889E0
1.693952196E2,3.169891834E0,5.513063431E0,7.578667641E0
1.694153313E2,3.410370588E0,5.588437080E0,7.620542049E0
1.694354431E2,3.314059258E0,5.620141983E0,7.584649563E0
1.694555548E2,3.055036306E0,5.515456200E0,7.563712597E0
1.694756666E2,2.957528830E0,5.487340450E0,7.545167923E0
1.694957783E2,3.107080221E0,5.489135265E0,7.526025295E0
1.695158901E2,3.145963669E0,5.492125988E0,7.512266636E0
1.695360018E2,3.113062143E0,5.458028316E0,7.457231998E0
1.695561136E2,3.153141975E0,5.450850010E0,7.515257835E0
1.695762253E2,3.162115097E0,5.505286694E0,7.579864025E0
1.695963371E2,3.012563705E0,5.533402443E0,7.640282631E0
1.696164488E2,2.968296528E0,5.502893925E0,7.651648521E0
1.696365606E2,3.149552822E0,5.501099110E0,7.679764271E0
1.696566723E2,3.391227961E0,5.523232937E0,7.628318787E0
1.696767841E2,3.294916868E0,5.548357487E0,7.564310551E0
1.696968958E2,3.126821041E0,5.493322372E0,7.571488857E0
1.697170076E2,3.259622574E0,5.474180222E0,7.562515736E0
1.697371193E2,3.378067255E0,5.538786411E0,7.481160164E0
1.697572311E2,3.230310678E0,5.596213818E0,7.472187042E0
1.697773428E2,3.273381472E0,5.575276852E0,7.521838188E0
1.697974546E2,3.391826153E0,5.575874805E0,7.566105366E0
1.698175663E2,3.281756163E0,5.570491314E0,7.555935860E0
1.698376781E2,3.142374277E0,5.528616905E0,7.545167923E0
1.698577898E2,3.120240688E0,5.508277893E0,7.518248558E0
1.698779016E2,3.176471949E0,5.516652584E0,7.499105930E0
1.698980133E2,3.136392355E0,5.486742496E0,7.535596848E0
1.699181251E2,3.099901676E0,5.460421085E0,7.612765312E0
1.699382368E2,3.112463951E0,5.474180222E0,7.600203037E0
1.699583486E2,3.090928555E0,5.474180222E0,7.573283672E0
1.699784604E2,3.067000389E0,5.467001438E0,7.607381344E0
1.699985721E2,3.144767046E0,5.499902725E0,7.624729156E0
1.700186838E2,3.193820000E0,5.521438122E0,7.578667641E0
1.700387956E2,3.128615618E0,5.537590027E0,7.572685242E0
1.700589073E2,3.161516905E0,5.517848969E0,7.579864025E0
1.700790191E2,3.178864956E0,5.532804012E0,7.548159122E0
1.700991309E2,3.203989506E0,5.525625706E0,7.529016495E0
1.701192426E2,3.293720484E0,5.520840168E0,7.536793232E0
1.701393544E2,3.275176048E0,5.542375565E0,7.572087288E0
1.701594661E2,3.168097258E0,5.529813290E0,7.535596848E0
1.701795779E2,3.153141975E0,5.523232937E0,7.529016495E0
1.701996896E2,3.186043262E0,5.517848969E0,7.576274872E0
1.702198013E2,3.160918713E0,5.527420521E0,7.570890903E0
1.702399131E2,3.140579700E0,5.506483078E0,7.539186001E0
1.702600249E2,3.098107100E0,5.484349728E0,7.546364307E0
1.702801366E2,3.022135019E0,5.490929604E0,7.591229916E0
1.703002484E2,3.081357241E0,5.494519234E0,7.573882103E0
1.703203602E2,3.288934708E0,5.481956482E0,7.546364307E0
1.703404719E2,3.284747362E0,5.495715618E0,7.533802032E0
1.703605836E2,3.127419233E0,5.519643784E0,7.557132244E0
1.703806954E2,3.062214851E0,5.535196781E0,7.608577728E0
1.704008071E2,3.120838881E0,5.557928562E0,7.596015453E0
1.704209189E2,3.171088219E0,5.528616905E0,7.617550850E0
1.704410306E2,3.236292601E0,5.491528034E0,7.601399422E0
1.704611424E2,3.192623615E0,5.503491879E0,7.579265594E0
1.704812542E2,3.148356438E0,5.482554913E0,7.539186001E0
1.705013659E2,3.123830080E0,5.453242779E0,7.523034573E0
1.705214777E2,3.113062143E0,5.449653625E0,7.601399422E0
1.705415894E2,3.116053343E0,5.493920803E0,7.591229916E0
1.705617011E2,3.211168051E0,5.553741455E0,7.561917782E0
1.705818129E2,3.204587698E0,5.550750256E0,7.548757076E0
1.706019247E2,3.175275564E0,5.516054630E0,7.609176159E0
1.706220364E2,3.116651535E0,5.492125988E0,7.644470215E0
1.706421482E2,3.099901676E0,5.483751297E0,7.527221680E0
1.706622599E2,3.153141975E0,5.475376606E0,7.493722439E0
1.706823717E2,3.169891834E0,5.451447964E0,7.558328629E0
1.707024834E2,3.152543783E0,5.454439163E0,7.631309509E0
1.707225952E2,3.109472990E0,5.478367329E0,7.639684677E0
1.707427069E2,3.202194929E0,5.510072231E0,7.651050568E0
1.707628187E2,3.233301640E0,5.538187981E0,7.650452137E0
1.707829305E2,3.139981508E0,5.487938881E0,7.655836105E0
1.708030422E2,3.086143017E0,5.453242779E0,7.643273830E0
1.708231540E2,3.120838881E0,5.456831932E0,7.591229916E0
1.708432657E2,3.155534744E0,5.480162144E0,7.548159122E0
1.708633774E2,3.196212769E0,5.505286694E0,7.545167923E0
1.708834892E2,3.156731367E0,5.502295494E0,7.624729156E0
1.709036010E2,3.097508907E0,5.478965759E0,7.625327587E0
1.709237127E2,3.165704250E0,5.462215900E0,7.593024254E0
1.709438245E2,3.211168051E0,5.472983360E0,7.593024254E0
1.709639362E2,3.131606579E0,5.463412285E0,7.584649563E0
1.709840480E2,3.090330362E0,5.439484119E0,7.612765312E0
1.710041597E2,3.041277647E0,5.447260857E0,7.620542049E0
1.710242715E2,3.125026464E0,5.439484119E0,7.595417500E0
1.710443833E2,3.189034462E0,5.466403484E0,7.564908981E0
1.710644950E2,3.209373474E0,5.480162144E0,7.601399422E0
1.710846068E2,3.139981508E0,5.456831932E0,7.643273830E0
1.711047185E2,3.025125980E0,5.450850010E0,7.632505894E0
1.711248303E2,3.062813044E0,5.458626747E0,7.675576687E0
1.711449420E2,3.125624657E0,5.452644825E0,7.618747234E0
1.711650538E2,3.232105255E0,5.420341492E0,7.585247993E0
1.711851655E2,3.272783279E0,5.425127029E0,7.587042332E0
1.712052773E2,3.131008387E0,5.451447964E0,7.622336388E0
1.712253891E2,3.023331404E0,5.464010715E0,7.685746193E0
1.712455008E2,3.051447153E0,5.475974560E0,7.724629879E0
1.712656125E2,3.135794163E0,5.452046394E0,7.707281590E0
1.712857243E2,3.186641455E0,5.405386448E0,7.701299667E0
1.713058361E2,3.154338360E0,5.399404526E0,7.666603565E0
1.713259478E2,3.142972469E0,5.391029358E0,7.585845947E0
1.713460596E2,3.134597778E0,5.370690346E0,7.599006653E0
1.713661713E2,3.066402197E0,5.411966801E0,7.704888821E0
1.713862831E2,3.065804005E0,5.463412285E0,7.689335346E0
1.714063948E2,3.151347399E0,5.481956482E0,7.616952896E0
1.714265066E2,3.248854876E0,5.483152866E0,7.643273830E0
1.714466184E2,3.266202927E0,5.465805054E0,7.721040249E0
1.714667301E2,3.195614576E0,5.458028316E0,7.673782349E0
1.714868419E2,3.109472990E0,5.449055195E0,7.604390144E0
1.715069536E2,3.046063185E0,5.416153908E0,7.558926582E0
1.715270654E2,3.049652576E0,5.379065514E0,7.614559650E0
1.715471771E2,3.119044304E0,5.388636589E0,7.663612843E0
1.715672889E2,3.155534744E0,5.405984402E0,7.671389580E0
1.715874007E2,3.117847919E0,5.403591633E0,7.717451096E0
1.716075124E2,3.125026464E0,5.419145107E0,7.746763229E0
1.716276242E2,3.112463951E0,5.453242779E0,7.725826263E0
1.716477359E2,3.089732170E0,5.469992638E0,7.697710514E0
1.716678477E2,3.104687452E0,5.478965759E0,7.646264553E0
1.716879594E2,3.107678413E0,5.457430363E0,7.597211838E0
1.717080712E2,3.192623615E0,5.436492920E0,7.555337429E0
1.717281830E2,3.215355396E0,5.436492920E0,7.569694519E0
1.717482947E2,3.138186932E0,5.426323414E0,7.637291908E0
1.717684065E2,3.102892876E0,5.425725460E0,7.670193195E0
1.717885182E2,3.051447153E0,5.429912567E0,7.655836105E0
1.718086299E2,3.059821844E0,5.452644825E0,7.611568928E0
1.718287417E2,3.175275564E0,5.469992638E0,7.625327587E0
1.718488535E2,3.184248686E0,5.474778175E0,7.675576687E0
1.718689653E2,3.090928555E0,5.486742496E0,7.686942577E0
1.718890770E2,3.111865759E0,5.475376606E0,7.610970497E0
1.719091887E2,3.144168854E0,5.452046394E0,7.524828911E0
1.719293005E2,3.089133978E0,5.420939922E0,7.490731239E0
1.719494123E2,3.020938635E0,5.434698582E0,7.591827869E0
1.719695240E2,3.050848961E0,5.465207100E0,7.682755470E0
1.719896358E2,3.102294445E0,5.490331650E0,7.673183918E0
1.720097475E2,3.111267567E0,5.478367329E0,7.692326546E0
1.720298593E2,3.110669374E0,5.445466042E0,7.738986492E0
1.720499710E2,3.072982550E0,5.436492920E0,7.712067604E0
1.720700828E2,3.075973511E0,5.445466042E0,7.614559650E0
1.720901946E2,3.111865759E0,5.445466042E0,7.547560692E0
1.721103063E2,3.067000389E0,5.461019516E0,7.547560692E0
1.721304181E2,3.070589542E0,5.484349728E0,7.567899704E0
1.721505298E2,3.173480988E0,5.481956482E0,7.546364307E0
1.721706416E2,3.174677372E0,5.475974560E0,7.621140003E0
1.721907534E2,3.129812002E0,5.464010715E0,7.692326546E0
1.722108651E2,3.084348440E0,5.472983360E0,7.718647480E0
1.722309769E2,3.069991350E0,5.482554913E0,7.723433495E0
1.722510886E2,3.058625460E0,5.482554913E0,7.650452137E0
1.722712004E2,3.115455151E0,5.475974560E0,7.597810268E0
1.722913121E2,3.111865759E0,5.465805054E0,7.558328629E0
1.723114239E2,3.086143017E0,5.444868088E0,7.564908981E0
1.723315357E2,3.101696253E0,5.444868088E0,7.604988575E0
1.723516474E2,3.090330362E0,5.465805054E0,7.599604607E0
1.723717592E2,3.050848961E0,5.457430363E0,7.619345665E0
1.723918709E2,3.060420275E0,5.450850010E0,7.667201996E0
1.724119827E2,3.105883837E0,5.468197823E0,7.731808186E0
1.724320945E2,3.090330362E0,5.491528034E0,7.722835064E0
1.724522062E2,3.056232691E0,5.484349728E0,7.670193195E0
1.724723180E2,3.108874798E0,5.467001438E0,7.658827305E0
1.724924297E2,3.108276606E0,5.462215900E0,7.613363266E0
1.725125415E2,3.041277647E0,5.456831932E0,7.561319351E0
1.725326532E2,3.068196774E0,5.452644825E0,7.561319351E0
1.725527650E2,3.115455151E0,5.469394207E0,7.600203037E0
1.725728768E2,3.086143017E0,5.476572990E0,7.623532772E0
1.725929885E2,3.041277647E0,5.467001438E0,7.652844906E0
1.726131003E2,3.101696253E0,5.468197823E0,7.691130161E0
1.726332120E2,3.088535786E0,5.492125988E0,7.694719315E0
1.726533238E2,3.069991350E0,5.471189022E0,7.639684677E0
1.726734356E2,3.072384357E0,5.456233978E0,7.591827869E0
1.726935473E2,3.100499868E0,5.479563713E0,7.633702278E0
1.727136591E2,3.064607620E0,5.486742496E0,7.634300709E0
1.727337708E2,3.110669374E0,5.453242779E0,7.572087288E0
1.727538826E2,3.139383316E0,5.437091351E0,7.536793232E0
1.727739944E2,3.095714331E0,5.465207100E0,7.580461979E0
1.727941061E2,3.023929596E0,5.498108387E0,7.673782349E0
1.728142179E2,3.018545866E0,5.508875847E0,7.697710514E0
1.728343296E2,3.119642496E0,5.497509956E0,7.718049526E0
1.728544414E2,3.167499065E0,5.472983360E0,7.718647480E0
1.728745531E2,3.082553864E0,5.434698582E0,7.653443336E0
1.728946649E2,3.002394199E0,5.429314613E0,7.602595806E0
1.729147767E2,3.064607620E0,5.444269657E0,7.582854748E0
1.729348884E2,3.121437073E0,5.444868088E0,7.558328629E0
1.729550002E2,3.110071182E0,5.471189022E0,7.587640762E0
1.729751119E2,3.055036306E0,5.525027275E0,7.589435101E0
1.729952237E2,3.175873756E0,5.523232937E0,7.663612843E0
1.730153355E2,3.175275564E0,5.520840168E0,7.713861942E0
1.730354472E2,3.002992392E0,5.471189022E0,7.652246952E0
1.730555590E2,3.000001431E0,5.445466042E0,7.592426300E0
1.730756707E2,3.108874798E0,5.473581791E0,7.593622684E0
1.730957825E2,3.122633457E0,5.461617470E0,7.631309509E0
1.731158943E2,3.075375319E0,5.462814331E0,7.642077446E0
1.731360060E2,3.059223652E0,5.457430363E0,7.602595806E0
1.731561178E2,3.049054146E0,5.459224701E0,7.638488293E0
1.731762295E2,3.058625460E0,5.452046394E0,7.670791149E0
1.731963413E2,3.034099102E0,5.465805054E0,7.671389580E0
1.732164531E2,3.099303484E0,5.474778175E0,7.652246952E0
1.732365648E2,3.166900873E0,5.484947681E0,7.668996811E0
1.732566766E2,3.122035265E0,5.500501156E0,7.642675400E0
1.732767883E2,3.044866800E0,5.491528034E0,7.618149281E0
1.732969001E2,3.046063185E0,5.480162144E0,7.619943619E0
1.733170119E2,3.122633457E0,5.464608669E0,7.599604607E0
1.733371236E2,3.158525944E0,5.475974560E0,7.583453178E0
1.733572354E2,3.120838881E0,5.481358528E0,7.582256794E0
1.733773471E2,3.041277647E0,5.468197823E0,7.634300709E0
1.733974589E2,3.074777126E0,5.468796253E0,7.646264553E0
1.734175707E2,3.058625460E0,5.486144066E0,7.628318787E0
1.734376824E2,3.034697294E0,5.464608669E0,7.637889862E0
1.734577942E2,3.026322365E0,5.463412285E0,7.636693478E0
1.734779059E2,3.099901676E0,5.471786976E0,7.619345665E0
1.734980177E2,3.119642496E0,5.480760098E0,7.609176159E0
1.735181295E2,3.063411236E0,5.492724419E0,7.663612843E0
1.735382412E2,3.074777126E0,5.483751297E0,7.691728592E0
1.735583530E2,3.117249727E0,5.479563713E0,7.638488293E0
1.735784647E2,3.075973511E0,5.491528034E0,7.632505894E0
1.735985765E2,3.069393158E0,5.494519234E0,7.636095047E0
1.736186883E2,3.192623615E0,5.462215900E0,7.587042332E0
1.736388000E2,3.148954630E0,5.456233978E0,7.515855789E0
1.736589118E2,2.980858803E0,5.461019516E0,7.532007694E0
1.736790235E2,2.979064226E0,5.493322372E0,7.627720356E0
1.736991353E2,3.138186932E0,5.535196781E0,7.716853142E0
1.737192471E2,3.149552822E0,5.520241737E0,7.722237110E0
1.737393588E2,3.051447153E0,5.455635548E0,7.685746193E0
1.737594706E2,2.971885681E0,5.422136307E0,7.649854183E0
1.737795823E2,3.034099102E0,5.432903767E0,7.599604607E0
1.737996941E2,3.097508907E0,5.446662426E0,7.600203037E0
1.738198059E2,3.132204771E0,5.447858810E0,7.609176159E0
1.738399177E2,3.126821041E0,5.492724419E0,7.630113125E0
1.738600294E2,3.122633457E0,5.544768333E0,7.583453178E0
1.738801411E2,3.102294445E0,5.535795212E0,7.612765312E0
1.739002529E2,3.080160856E0,5.503491879E0,7.660023689E0
1.739203647E2,3.122633457E0,5.493920803E0,7.642077446E0
1.739404765E2,3.103491068E0,5.487340450E0,7.593024254E0
1.739605882E2,3.002394199E0,5.486742496E0,7.586444378E0
1.739806999E2,2.978466034E0,5.454439163E0,7.618747234E0
1.740008117E2,3.007179976E0,5.430510998E0,7.648059368E0
1.740209235E2,3.004786968E0,5.437091351E0,7.630711555E0
1.740410353E2,3.008974552E0,5.438885689E0,7.604988575E0
1.740611470E2,3.048455954E0,5.442475319E0,7.630711555E0
1.740812588E2,3.075375319E0,5.469992638E0,7.676175117E0
1.741013705E2,3.101696253E0,5.492125988E0,7.667201996E0
1.741214823E2,3.089732170E0,5.498108387E0,7.661818027E0
1.741415941E2,3.077768087E0,5.499902725E0,7.633104324E0
1.741617058E2,3.147160053E0,5.504688263E0,7.609774113E0
1.741818176E2,3.138785124E0,5.493322372E0,7.618747234E0
1.742019294E2,3.129812002E0,5.479563713E0,7.618747234E0
1.742220411E2,3.147758245E0,5.464608669E0,7.630113125E0
1.742421529E2,3.063411236E0,5.456831932E0,7.694121361E0
1.742622646E2,2.993421078E0,5.443073273E0,7.667799950E0
1.742823764E2,3.026920557E0,5.447260857E0,7.662416458E0
1.743024882E2,3.052045345E0,5.476572990E0,7.661220074E0
1.743225999E2,3.040679455E0,5.472983360E0,7.600203037E0
1.743427117E2,3.071786165E0,5.468796253E0,7.515257835E0
1.743628234E2,3.084946632E0,5.487938881E0,7.542177200E0
1.743829352E2,3.080759048E0,5.478965759E0,7.554141045E0
1.744030470E2,3.134597778E0,5.484947681E0,7.569694519E0
1.744231587E2,3.188436270E0,5.506483078E0,7.607381344E0
1.744432705E2,3.189034462E0,5.500501156E0,7.639086246E0
1.744633822E2,3.141776085E0,5.490929604E0,7.678567886E0
1.744834940E2,3.113062143E0,5.455635548E0,7.706683636E0
1.745036058E2,3.109472990E0,5.477769375E0,7.723433495E0
1.745237175E2,3.155534744E0,5.478965759E0,7.656434059E0
1.745438293E2,3.168695450E0,5.449653625E0,7.519444942E0
1.745639411E2,3.108874798E0,5.420341492E0,7.486543655E0
1.745840528E2,3.066402197E0,5.434100151E0,7.581658363E0
1.746041646E2,3.072384357E0,5.493920803E0,7.625327587E0
1.746242763E2,3.075375319E0,5.513063431E0,7.687541008E0
1.746443881E2,3.089133978E0,5.491528034E0,7.708477974E0
1.746644999E2,3.090928555E0,5.431109428E0,7.732406139E0
1.746846117E2,3.093321562E0,5.404190063E0,7.652844906E0
1.747047234E2,3.082553864E0,5.406582832E0,7.590033531E0
1.747248352E2,3.110071182E0,5.397609711E0,7.569096088E0
1.747449469E2,3.150749207E0,5.410770416E0,7.632505894E0
1.747650587E2,3.126821041E0,5.464608669E0,7.692924976E0
1.747851705E2,3.162115097E0,5.515456200E0,7.624131203E0
1.748052822E2,3.219542980E0,5.508277893E0,7.686344624E0
1.748253940E2,3.192623615E0,5.497509956E0,7.747959614E0
1.748455057E2,3.159124136E0,5.468796253E0,7.680960655E0
1.748656175E2,3.172284603E0,5.452046394E0,7.610970497E0
1.748857293E2,3.150151014E0,5.441876888E0,7.588238716E0
1.749058410E2,3.044866800E0,5.429314613E0,7.599006653E0
1.749259528E2,3.027518749E0,5.412564754E0,7.619943619E0
1.749460646E2,3.142374277E0,5.412564754E0,7.650452137E0
1.749661763E2,3.137588739E0,5.424529076E0,7.683951855E0
1.749862881E2,3.062214851E0,5.422136307E0,7.678567886E0
1.750063998E2,3.069393158E0,5.437689304E0,7.673782349E0
1.750265116E2,3.156133175E0,5.467001438E0,7.692326546E0
1.750466234E2,3.175873756E0,5.498108387E0,7.674380302E0
1.750667352E2,3.137588739E0,5.498706341E0,7.611568928E0
1.750868469E2,3.133999348E0,5.491528034E0,7.602595806E0
1.751069587E2,3.169891834E0,5.477170944E0,7.614559650E0
1.751270704E2,3.141776085E0,5.477769375E0,7.582854748E0
1.751471822E2,3.113660574E0,5.452644825E0,7.566703320E0
1.751672940E2,3.108276606E0,5.449653625E0,7.574480057E0
1.751874057E2,3.094517946E0,5.449055195E0,7.609176159E0
1.752075175E2,3.095116138E0,5.453841209E0,7.646264553E0
1.752276293E2,3.129213810E0,5.462814331E0,7.655237675E0
1.752477410E2,3.145963669E0,5.477170944E0,7.671389580E0
1.752678528E2,3.102892876E0,5.484947681E0,7.607381344E0
1.752879645E2,3.077169895E0,5.487340450E0,7.575676441E0
1.753080763E2,3.131008387E0,5.468796253E0,7.594819069E0
1.753281881E2,3.113062143E0,5.464010715E0,7.609774113E0
1.753482998E2,3.089732170E0,5.481956482E0,7.645068169E0
1.753684116E2,3.133401155E0,5.479563713E0,7.612765312E0
1.753885234E2,3.190829039E0,5.465207100E0,7.552944660E0
1.754086352E2,3.128017426E0,5.465207100E0,7.523632526E0
1.754287469E2,3.014956474E0,5.461019516E0,7.598408222E0
1.754488586E2,3.028116941E0,5.477170944E0,7.674380302E0
1.754689704E2,3.139383316E0,5.513661385E0,7.685746193E0
1.754890822E2,3.172284603E0,5.510072231E0,7.640881062E0
1.755091940E2,3.132802963E0,5.479563713E0,7.657032490E0
1.755293057E2,3.055634499E0,5.453242779E0,7.615756035E0
1.755494175E2,3.041875839E0,5.452644825E0,7.567899704E0
1.755695293E2,3.118446112E0,5.451447964E0,7.552944660E0
1.755896410E2,3.178864956E0,5.469394207E0,7.623532772E0
1.756097528E2,3.139981508E0,5.517848969E0,7.649255753E0
1.756298645E2,3.118446112E0,5.529813290E0,7.593622684E0
1.756499763E2,3.183052301E0,5.517848969E0,7.596015453E0
1.756700881E2,3.179463148E0,5.507081509E0,7.626523972E0
1.756901998E2,3.073580742E0,5.487938881E0,7.587042332E0
1.757103116E2,3.073580742E0,5.484349728E0,7.575676441E0
1.757304234E2,3.114856958E0,5.492724419E0,7.606783390E0
1.757505352E2,3.140579700E0,5.485546112E0,7.631907940E0
1.757706469E2,3.088535786E0,5.475974560E0,7.606783390E0
1.757907586E2,3.065205812E0,5.457430363E0,7.628916740E0
1.758108704E2,3.081955671E0,5.437689304E0,7.676773071E0
1.758309822E2,3.084348440E0,5.454439163E0,7.639086246E0
1.758510940E2,3.061616659E0,5.467001438E0,7.609176159E0
1.758712057E2,3.090330362E0,5.477170944E0,7.590033531E0
1.758913175E2,3.171088219E0,5.493920803E0,7.584649563E0
1.759114293E2,3.148356438E0,5.524429321E0,7.604390144E0
1.759315410E2,3.084946632E0,5.505885124E0,7.644470215E0
1.759516528E2,3.113062143E0,5.484947681E0,7.668996811E0
1.759717645E2,3.173480988E0,5.489135265E0,7.610372543E0
1.759918763E2,3.147160053E0,5.493920803E0,7.582854748E0
1.760119881E2,3.125624657E0,5.479563713E0,7.600800991E0
1.760320998E2,3.154338360E0,5.487340450E0,7.582854748E0
1.760522116E2,3.120240688E0,5.498108387E0,7.554141045E0
1.760723234E2,3.059223652E0,5.483751297E0,7.564310551E0
1.760924352E2,3.041875839E0,5.470590591E0,7.598408222E0
1.761125469E2,3.123830080E0,5.478367329E0,7.639086246E0
1.761326586E2,3.139981508E0,5.495117188E0,7.640282631E0
1.761527704E2,3.117249727E0,5.485546112E0,7.665407181E0
1.761728822E2,3.081357241E0,5.469992638E0,7.650452137E0
1.761929940E2,3.052045345E0,5.465207100E0,7.615158081E0
1.762131057E2,3.086143017E0,5.490929604E0,7.613363266E0
1.762332175E2,3.157927752E0,5.500501156E0,7.589435101E0
1.762533293E2,3.199203968E0,5.456233978E0,7.530212879E0
1.762734410E2,3.177668571E0,5.468796253E0,7.555935860E0
1.762935528E2,3.058625460E0,5.501697540E0,7.588837147E0
1.763136646E2,3.026322365E0,5.539982796E0,7.622336388E0
1.763337763E2,3.137588739E0,5.537590027E0,7.630711555E0
1.763538881E2,3.207578659E0,5.489733219E0,7.644470215E0
1.763739998E2,3.153141975E0,5.442475319E0,7.654041290E0
1.763941116E2,3.082553864E0,5.431109428E0,7.630711555E0
1.764142234E2,3.062214851E0,5.446064472E0,7.612166882E0
1.764343352E2,3.107080221E0,5.456233978E0,7.581060410E0
1.764544469E2,3.153740168E0,5.464608669E0,7.588238716E0
1.764745587E2,3.168695450E0,5.516652584E0,7.623532772E0
1.764946705E2,3.184248686E0,5.556134224E0,7.602595806E0
1.765147822E2,3.169293642E0,5.536991596E0,7.598408222E0
1.765348940E2,3.119044304E0,5.492724419E0,7.582854748E0
1.765550057E2,3.088535786E0,5.466403484E0,7.563114166E0
1.765751175E2,3.119044304E0,5.465805054E0,7.566703320E0
1.765952293E2,3.145365477E0,5.469394207E0,7.630113125E0
1.766153410E2,3.101098061E0,5.465805054E0,7.659425259E0
1.766354528E2,3.050848961E0,5.467001438E0,7.630711555E0
1.766555646E2,3.041277647E0,5.460421085E0,7.623532772E0
1.766756763E2,3.112463951E0,5.450850010E0,7.606783390E0
1.766957881E2,3.180659533E0,5.461617470E0,7.636693478E0
1.767158999E2,3.130410194E0,5.481358528E0,7.634898663E0
1.767360117E2,3.078964472E0,5.466403484E0,7.615756035E0
1.767561234E2,3.073580742E0,5.470590591E0,7.558926582E0
1.767762352E2,3.129213810E0,5.490331650E0,7.593024254E0
1.767963469E2,3.253042459E0,5.505286694E0,7.680362701E0
1.768164587E2,3.184248686E0,5.526223660E0,7.620542049E0
1.768365705E2,3.130410194E0,5.494519234E0,7.539186001E0
1.768566822E2,3.067598581E0,5.478965759E0,7.520641804E0
1.768767940E2,3.029313564E0,5.465805054E0,7.539186001E0
1.768969058E2,3.116651535E0,5.455037594E0,7.533204079E0
1.769170175E2,3.148954630E0,5.465805054E0,7.543971539E0
1.769371293E2,3.100499868E0,5.435894966E0,7.546962738E0
1.769572411E2,3.042474031E0,5.409573555E0,7.611568928E0
1.769773529E2,3.041875839E0,5.426323414E0,7.722237110E0
1.769974646E2,3.072384357E0,5.421537876E0,7.721638680E0
1.770175763E2,3.026920557E0,5.408975601E0,7.578667641E0
1.770376881E2,2.847458839E0,5.377270699E0,7.372286797E0
1.770577999E2,2.641676188E0,5.327619553E0,7.189833641E0
1.770779117E2,2.447259426E0,5.296513081E0,6.964310169E0
1.770980234E2,2.537588358E0,5.157729149E0,6.567101955E0
1.771181352E2,2.827718258E0,5.077569485E0,6.573681831E0
1.771382470E2,3.150749207E0,5.036293507E0,7.046264648E0
1.771583587E2,3.028116941E0,5.028516769E0,7.315456867E0
1.771784705E2,2.580659151E0,4.915455818E0,6.552146435E0
1.771985823E2,2.328814745E0,4.548755646E0,6.561119556E0
1.772186941E2,1.962712765E0,4.125226021E0,7.718049526E0
1.772388058E2,1.280160069E0,3.327818155E0,8.909076691E0
1.772589176E2,1.127019525E0,3.224926710E0,9.721440315E0
1.772790293E2,8.733802438E-1,2.847458839E0,1.023709393E1
1.772991411E2,2.650051117E-1,2.828914642E0,1.269452190E1
1.773192529E2,1.313061476E0,2.624328136E0,1.279442310E1
1.773393646E2,2.484348059E0,2.316252232E0,1.066241741E1
1.773594764E2,1.084546804E0,2.352742910E0,8.982656479E0
1.773795882E2,-1.334596872E0,2.553141832E0,9.873384476E0
1.773996999E2,-3.340978622E0,2.470589399E0,1.139402294E1
1.774198117E2,-1.555932879E0,3.151347399E0,1.213280678E1
1.774399235E2,1.848455548E0,1.975275040E0,1.115892887E1
1.774600353E2,-2.787638307E-1,2.972483873E0,1.242413330E1
1.774801470E2,-4.137190342E0,2.863012314E0,1.243430328E1
1.775002588E2,-5.440680504E0,2.408375978E0,1.340578842E1
1.775203706E2,-3.330210924E0,1.983051777E0,1.396032524E1
1.775404823E2,-2.045265198E0,2.823530674E0,1.359123230E1
1.775605941E2,-1.691127419E0,3.045464993E0,1.254138184E1
1.775807059E2,-3.035893679E0,5.827121258E0,1.356132221E1
1.776008176E2,-1.058824062E0,4.622933388E0,1.507538128E1
1.776209294E2,-2.170290232E0,4.191029072E0,1.465424442E1
1.776410411E2,3.475574851E-1,5.103292465E0,1.481217003E1
1.776611529E2,2.286342144E0,4.930410862E0,1.406919861E1
1.776812647E2,1.954936147E0,5.952744484E0,1.159681511E1
1.777013765E2,9.732806087E-1,7.058826923E0,1.058943653E1
1.777214882E2,1.557727575E0,7.261020184E0,1.024965572E1
1.777416000E2,2.216351986E0,6.545566559E0,9.865009308E0
1.777617118E2,1.064207911E0,6.448058605E0,9.243474007E0
1.777818235E2,9.535398483E-1,6.384050846E0,8.810971260E0
1.778019353E2,2.096112728E0,6.401398659E0,8.814560890E0
1.778220471E2,1.744965911E0,6.294320107E0,8.102695465E0
1.778421588E2,8.835497499E-1,5.996413708E0,7.387241840E0
1.778622706E2,1.002592683E0,5.900102615E0,6.778268337E0
1.778823824E2,1.511665702E0,5.823532104E0,6.306882381E0
1.779024942E2,2.289333105E0,5.614758492E0,4.916652203E0
1.779226059E2,1.971087694E0,5.457430363E0,3.471985579E0
1.779427177E2,1.012762189E0,5.525027275E0,3.129812002E0
1.779628294E2,9.188438654E-1,5.321637630E0,3.281756163E0
1.779829412E2,4.594219327E-1,5.285745144E0,2.530410051E0
1.780030530E2,1.136590719E0,4.644468784E0,8.434699476E-2
1.780231647E2,1.688734531E0,4.710869789E0,-7.956135273E-1
1.780432765E2,7.208378315E-1,5.123631477E0,3.493520916E-1
1.780633883E2,-3.320041299E-1,5.421537876E0,2.638087034E0
1.780835000E2,-2.087737769E-1,6.101697922E0,2.763710260E0
1.781036118E2,1.220937729E0,6.598806858E0,9.786644578E-1
1.781237236E2,3.008376360E0,6.905686378E0,-8.482556343E-1
1.781438354E2,3.546761274E0,7.669594765E0,-1.935195327E0
1.781639471E2,9.110672474E-1,8.382058144E0,-3.428914785E0
1.781840589E2,-1.301097274E0,8.690134048E0,-3.408575773E0
1.782041707E2,-1.764706671E-1,9.037691116E0,-1.727019787E0
1.782242824E2,1.914856315E0,9.327820778E0,-7.417750359E-1
1.782443942E2,2.797209740E0,9.206983566E0,-1.837089539E0
1.782645060E2,3.150749207E0,8.412566185E0,-3.072384357E0
1.782846178E2,1.089930773E0,8.584849358E0,-2.353939295E0
1.783047295E2,-9.152546525E-2,7.979465485E0,-8.727820516E-1
1.783248413E2,9.631111473E-2,7.572087288E0,-2.183450609E-1
1.783449531E2,1.316052489E-2,7.740182877E0,-8.578268886E-1
1.783650648E2,7.537391037E-2,7.701299667E0,-2.757129908E0
1.783851766E2,-6.460621208E-2,7.801199913E0,-3.920041800E0
1.784052883E2,-5.030909777E-1,7.975277901E0,-3.772284985E0
1.784254001E2,-6.137589812E-1,8.004590034E0,-2.711666346E0
1.784455119E2,-5.916253924E-1,8.080561638E0,-1.706680775E0
1.784656236E2,-9.517452121E-1,8.294719696E0,-2.062613010E0
1.784857354E2,-9.744769931E-1,8.281558990E0,-2.781656265E0
1.785058472E2,-6.077769399E-1,8.315656662E0,-2.478366137E0
1.785259590E2,-3.230310678E-1,8.374280930E0,-2.216351986E0
1.785460707E2,-8.835497499E-1,8.364111900E0,-1.757528186E0
1.785661825E2,-1.094118118E0,8.635098457E0,-1.457229018E0
1.785862943E2,-4.079762697E-1,8.730213165E0,-1.942971945E0
1.786064060E2,-1.824527234E-1,8.752944946E0,-2.509472847E0
1.786265178E2,-3.314059377E-1,8.806783676E0,-2.870789051E0
1.786466296E2,-4.145565331E-1,8.877371788E0,-2.887538671E0
1.786667413E2,-4.420739710E-1,8.895915985E0,-2.906681299E0
1.786868531E2,-3.750749528E-1,9.059824944E0,-2.970689297E0
1.787069649E2,2.512463741E-2,9.147162437E0,-2.933600664E0
1.787270767E2,3.948157430E-1,9.273982048E0,-2.820539713E0
1.787471884E2,5.778666735E-1,9.386445045E0,-3.018545866E0
1.787673002E2,5.324030519E-1,9.424132347E0,-3.147160053E0
1.787874120E2,5.359922647E-1,9.499505997E0,-3.283550978E0
1.788075237E2,7.740781307E-1,9.487542152E0,-3.111267567E0
1.788276355E2,7.878368497E-1,9.534799576E0,-2.979662418E0
1.788477473E2,8.123632669E-1,9.518050194E0,-2.923431158E0
1.788678591E2,7.016952634E-1,9.473783493E0,-2.877369165E0
1.788879708E2,5.730810165E-1,9.476176262E0,-2.583052158E0
1.789080826E2,5.485545993E-1,9.413364410E0,-2.097309113E0
1.789281944E2,7.824530005E-1,9.426525116E0,-2.185843468E0
1.789483061E2,7.872386575E-1,9.375677109E0,-2.641077995E0
1.789684179E2,4.648058116E-1,9.379266739E0,-2.743969440E0
1.789885297E2,3.936193287E-1,9.354740143E0,-2.550748825E0
1.790086414E2,4.540380836E-1,9.315258980E0,-2.434697151E0
1.790287532E2,4.803591371E-1,9.282955170E0,-2.483749866E0
1.790488649E2,4.097708762E-1,9.241081238E0,-2.356930256E0
1.790689767E2,4.815555513E-1,9.123832703E0,-2.142772675E0
1.790890885E2,4.043870270E-1,9.086145401E0,-2.415554523E0
1.791092003E2,4.486542344E-1,9.083752632E0,-2.870190859E0
1.791293120E2,5.772684813E-1,9.079565048E0,-2.927618504E0
1.791494238E2,6.574280262E-1,8.994620323E0,-2.822334290E0
1.791695356E2,4.612165689E-1,8.889934540E0,-2.799602509E0
1.791896473E2,3.326023519E-1,8.929415703E0,-3.028715372E0
1.792097591E2,5.856433511E-1,8.886344910E0,-3.249453068E0
1.792298709E2,5.563312769E-1,8.879166603E0,-3.027518749E0
1.792499827E2,2.829512656E-1,8.896514893E0,-2.872583628E0
1.792700944E2,3.505485058E-1,8.930612564E0,-3.083152056E0
1.792902062E2,5.778666735E-1,8.906085968E0,-3.388236761E0
1.793103180E2,3.810569942E-1,8.849256516E0,-3.337389469E0
1.793304297E2,1.316052526E-1,8.788837433E0,-3.030509949E0
1.793505415E2,8.733802289E-2,8.762516975E0,-2.815753937E0
1.793706533E2,2.596212626E-1,8.751151085E0,-2.685943365E0
1.793907650E2,1.357926875E-1,8.703892708E0,-2.524427891E0
1.794108768E2,8.913264424E-2,8.740383148E0,-2.235494614E0
1.794309886E2,3.164508045E-1,8.863613129E0,-2.255833626E0
1.794511004E2,1.651047617E-1,8.870791435E0,-2.810968399E0
1.794712121E2,-1.597209126E-1,8.906683922E0,-3.123830080E0
1.794913239E2,-1.238285750E-1,8.981459618E0,-3.072384357E0
1.795114357E2,2.871387079E-2,9.048459053E0,-3.153141975E0
1.795315474E2,6.101697683E-2,9.051449776E0,-3.169293642E0
1.795516592E2,8.135596663E-2,9.065208435E0,-2.943171740E0
1.795717710E2,1.304088384E-1,9.071788788E0,-2.943171740E0
1.795918828E2,1.088734269E-1,9.050851822E0,-2.983849764E0
1.796119945E2,2.398804724E-1,9.105886459E0,-2.810370207E0
1.796321063E2,2.452643216E-1,9.143573761E0,-2.445464849E0
1.796522181E2,1.399801224E-1,9.244071960E0,-2.012363911E0
1.796723298E2,2.763710022E-1,9.336195946E0,-2.021337032E0
1.796924416E2,5.318048596E-1,9.428318977E0,-2.541775942E0
1.797125534E2,8.356932998E-1,9.431908607E0,-2.993421078E0
1.797326652E2,8.907282352E-1,9.334999084E0,-3.041277647E0
1.797527769E2,4.845465720E-1,9.233304024E0,-2.758924484E0
1.797728887E2,2.153540403E-1,9.099904060E0,-2.518445730E0
1.797930005E2,3.427718580E-1,9.059226990E0,-2.452044964E0
1.798131122E2,4.630111754E-1,9.072386742E0,-2.715853691E0
1.798332240E2,2.847459018E-1,9.012566566E0,-3.025125980E0
1.798533358E2,-5.922235921E-2,8.918049812E0,-2.903690338E0
1.798734475E2,-1.160518974E-1,8.912666321E0,-2.615953445E0
1.798935593E2,-2.871387079E-2,8.938986778E0,-2.854637384E0
1.799136711E2,2.141576260E-1,8.982656479E0,-3.251247883E0
1.799337829E2,3.158525825E-1,9.026923180E0,-3.141776085E0
1.799538946E2,3.726821244E-1,8.991030693E0,-2.806781054E0
1.799740064E2,4.468596280E-1,8.967103004E0,-2.609971285E0
1.799941182E2,4.815555513E-1,8.985049248E0,-2.786442041E0
1.800142299E2,3.672982752E-1,8.947361946E0,-3.151945591E0
1.800343417E2,4.277170599E-1,8.933603287E0,-3.314657450E0
1.800544535E2,4.785645306E-1,8.921041489E0,-3.178864956E0
1.800745653E2,4.677968323E-1,8.950951576E0,-3.021536827E0
1.800946770E2,5.084748268E-1,8.972486496E0,-2.993421078E0
1.801147888E2,5.515456200E-1,9.009575844E0,-3.122633457E0
1.801349006E2,6.646065116E-1,9.009575844E0,-3.100499868E0
1.801550123E2,5.024927258E-1,9.030512810E0,-3.136990547E0
1.801751241E2,4.414757788E-1,8.924032211E0,-3.187239647E0
1.801952359E2,4.642075896E-1,8.903095245E0,-3.056830883E0
1.802153477E2,5.012963414E-1,8.899505615E0,-3.084348440E0
1.802354594E2,4.576273263E-1,8.882157326E0,-3.254837036E0
1.802555712E2,4.731806815E-1,8.909674644E0,-3.305684566E0
1.802756830E2,5.838487148E-1,8.930013657E0,-3.181257725E0
1.802957947E2,5.724828243E-1,8.946763992E0,-2.992224693E0
1.803159065E2,3.571287692E-1,9.000602722E0,-2.828914642E0
1.803360183E2,2.673979402E-1,9.056833267E0,-2.956332445E0
1.803561300E2,4.366901219E-1,9.054440498E0,-3.078964472E0
1.803762418E2,4.719842672E-1,9.101100922E0,-3.074777126E0
1.803963536E2,5.377869010E-1,9.083752632E0,-2.863610506E0
1.804164654E2,4.707878530E-1,9.054440498E0,-2.447259426E0
1.804365771E2,4.205385745E-1,9.057432175E0,-2.244467735E0
1.804566889E2,3.846462369E-1,9.056833267E0,-2.497508526E0
1.804768007E2,3.906283081E-1,9.083752632E0,-2.785843849E0
1.804969124E2,5.694918036E-1,9.113064766E0,-2.799004316E0
1.805170242E2,4.917250574E-1,9.153742790E0,-2.776870728E0
1.805371360E2,4.677968323E-1,9.186046600E0,-2.804388046E0
1.805572478E2,5.694918036E-1,9.225527763E0,-2.782254457E0
1.805773595E2,7.178468108E-1,9.241679192E0,-2.718844652E0
1.805974713E2,7.034898400E-1,9.216554642E0,-2.711068153E0
1.806175831E2,5.581258535E-1,9.209376335E0,-2.682952404E0
1.806376948E2,6.107679605E-1,9.203393936E0,-2.752344131E0
1.806578066E2,5.192425251E-1,9.162715912E0,-2.745165825E0
1.806779184E2,3.332005441E-1,9.120243073E0,-2.752942562E0
1.806980302E2,2.213360965E-1,9.038289070E0,-2.705684185E0
1.807181419E2,2.907279432E-1,9.053842545E0,-2.691327333E0
1.807382537E2,4.893322289E-1,9.068798065E0,-2.838485956E0
1.807583655E2,4.444667995E-1,9.049057007E0,-2.954537868E0
1.807784772E2,2.524427772E-1,9.033503532E0,-2.822932482E0
1.807985890E2,1.058823988E-1,9.002396584E0,-2.607578516E0
1.808187008E2,4.965107143E-2,8.978468895E0,-2.455634356E0
1.808388125E2,1.615155302E-2,9.029315948E0,-2.606980324E0
1.808589243E2,1.519442350E-1,9.092725754E0,-2.873780012E0
1.808790361E2,3.044866920E-1,9.119047165E0,-2.937189817E0
1.808991479E2,2.488535494E-1,9.115457535E0,-2.839682341E0
1.809192596E2,2.662015259E-1,9.105886459E0,-2.791825771E0
1.809393714E2,2.183450609E-1,9.042476654E0,-2.672782898E0
1.809594832E2,1.495514158E-2,8.922237396E0,-2.650051117E0
1.809795949E2,-8.015955985E-2,8.879166603E0,-2.636890650E0
1.809997067E2,1.112662554E-1,8.962317467E0,-2.449054003E0
1.810198185E2,3.140579760E-1,9.047860146E0,-2.438884497E0
1.810399303E2,2.003988922E-1,9.110074043E0,-2.768495798E0
1.810600420E2,2.542374134E-1,9.119047165E0,-2.946761131E0
1.810801538E2,4.791627228E-1,9.127422333E0,-2.855235577E0
1.811002656E2,6.299105883E-1,9.095717430E0,-2.914458036E0
1.811203773E2,4.031906128E-1,9.051449776E0,-2.970689297E0
1.811404891E2,3.337987661E-1,9.090332985E0,-2.770888567E0
1.811606009E2,5.383850932E-1,9.148359299E0,-2.673979282E0
1.811807127E2,6.574280262E-1,9.191430092E0,-2.563909531E0
1.812008244E2,6.705885530E-1,9.230911255E0,-2.590828657E0
1.812209362E2,7.782655358E-1,9.202198029E0,-2.765504837E0
1.812410480E2,6.502495408E-1,9.186046600E0,-2.845664263E0
1.812611597E2,6.101697683E-1,9.183652878E0,-2.740380049E0
1.812812715E2,5.449653864E-1,9.139386177E0,-2.601596355E0
1.813013833E2,2.398804724E-1,9.080163956E0,-2.598007202E0
1.813214950E2,8.673982322E-2,9.029315948E0,-2.553740025E0
1.813416068E2,1.740778536E-1,9.038289070E0,-2.525624275E0
1.813617186E2,1.770688742E-1,9.093922615E0,-2.707478762E0
1.813818304E2,1.914258152E-1,9.102895737E0,-2.913261652E0
1.814019422E2,4.438686073E-1,9.138189316E0,-2.791825771E0
1.814220540E2,5.700899959E-1,9.156135559E0,-2.579462767E0
1.814421657E2,3.894318938E-1,9.142376900E0,-2.639881611E0
1.814622775E2,3.152543902E-1,9.158528328E0,-2.871387243E0
1.814823893E2,3.607180119E-1,9.151947975E0,-2.933002472E0
1.815025010E2,3.768695593E-1,9.122037888E0,-2.775076151E0
1.815226128E2,3.337987661E-1,9.183054924E0,-2.723032236E0
1.815427246E2,3.972085714E-1,9.139386177E0,-2.766701221E0
1.815628363E2,3.032902777E-1,9.098110199E0,-2.772084951E0
1.815829481E2,1.752742529E-1,9.058030128E0,-2.559123755E0
1.816030599E2,1.651047617E-1,9.069993973E0,-2.392822742E0
1.816231717E2,3.248256743E-1,9.068798065E0,-2.510071039E0
1.816432834E2,2.273181528E-1,9.129815102E0,-2.813959360E0
1.816633952E2,8.733802289E-2,9.163313866E0,-2.909672260E0
1.816835070E2,-4.007977992E-2,9.156734467E0,-2.827718258E0
1.817036187E2,-1.076770201E-2,9.107083321E0,-2.538784742E0
1.817237305E2,1.519442350E-1,9.144171715E0,-2.185245275E0
1.817438423E2,1.758724600E-1,9.092127800E0,-2.158325911E0
1.817639541E2,3.212364316E-1,9.071788788E0,-2.334198475E0
1.817840658E2,6.041877270E-1,9.056833267E0,-2.532204628E0
1.818041776E2,7.250252366E-1,9.098708153E0,-2.657827854E0
1.818242894E2,7.226324677E-1,9.044271469E0,-2.686541557E0
1.818444011E2,6.305087805E-1,8.986245155E0,-2.535195589E0
1.818645129E2,4.348955154E-1,9.006584167E0,-2.750549555E0
1.818846247E2,2.656033039E-1,9.001798630E0,-3.059223652E0
1.819047365E2,1.399801224E-1,8.980861664E0,-3.153740168E0
1.819248482E2,2.297109663E-1,8.982656479E0,-2.874976397E0
1.819449600E2,4.923232496E-1,9.065208435E0,-2.713460922E0
1.819650718E2,3.984049559E-1,9.043673515E0,-2.931207657E0
1.819851836E2,4.606183618E-2,8.998209953E0,-2.916252613E0
1.820052954E2,1.028913707E-1,8.971290588E0,-2.722434044E0
1.820254071E2,2.440679073E-1,8.981459618E0,-2.767299414E0
1.820455189E2,1.196411327E-1,9.083154678E0,-2.982653379E0
1.820656307E2,4.725824669E-2,9.125029564E0,-3.019742250E0
1.820857424E2,2.883351147E-1,9.126823425E0,-2.789433002E0
1.821058542E2,4.821537733E-1,9.205188751E0,-2.937788010E0
1.821259660E2,3.948157430E-1,9.206384659E0,-3.150749207E0
1.821460778E2,2.470589429E-1,9.145368576E0,-2.912065268E0
1.821661895E2,7.058826834E-2,9.073583603E0,-2.415554523E0
1.821863013E2,9.391828626E-2,9.039485931E0,-2.239681959E0
1.822064131E2,2.165504545E-1,9.096913338E0,-2.459223509E0
1.822265248E2,1.130608693E-1,9.102895737E0,-2.732603550E0
1.822466366E2,2.452643216E-2,9.108279228E0,-2.774477959E0
1.822667484E2,2.309073806E-1,9.117850304E0,-2.555534601E0
1.822868602E2,1.567298770E-1,9.118449211E0,-2.404188633E0
1.823069719E2,6.041877344E-2,9.136993408E0,-2.410768747E0
1.823270837E2,2.117647976E-1,9.132805824E0,-2.493321180E0
1.823471955E2,2.327020019E-1,9.198608398E0,-2.504088879E0
1.823673073E2,3.930211067E-1,9.260822296E0,-2.568695068E0
1.823874191E2,5.599204898E-1,9.254839897E0,-2.525624275E0
1.824075308E2,6.957131624E-1,9.250652313E0,-2.478366137E0
1.824276426E2,5.312066078E-1,9.223732948E0,-2.456830740E0
1.824477544E2,4.971089065E-1,9.219545364E0,-2.458027124E0
1.824678661E2,6.293123364E-1,9.196813583E0,-2.496910334E0
1.824879779E2,5.802595019E-1,9.201599121E0,-2.591426849E0
1.825080897E2,5.964110494E-1,9.142974854E0,-2.592623234E0
1.825282015E2,5.030909777E-1,9.142974854E0,-2.461018085E0
1.825483132E2,4.253242314E-1,9.121439934E0,-2.568695068E0
1.825684250E2,4.695914388E-1,9.126823425E0,-2.662613392E0
1.825885368E2,5.276173949E-1,9.139386177E0,-2.602792740E0
1.826086485E2,4.683950245E-1,9.116056442E0,-2.536391973E0
1.826287603E2,4.707878530E-1,9.143573761E0,-2.650051117E0
1.826488721E2,4.851447940E-1,9.150154114E0,-2.618346214E0
1.826689838E2,4.157529473E-1,9.144769669E0,-2.458027124E0
1.826890957E2,3.894318938E-1,9.129216194E0,-2.449652195E0
1.827092074E2,3.140579760E-1,9.175278664E0,-2.453839540E0
1.827293192E2,4.378865361E-1,9.198608398E0,-2.469393015E0
1.827494310E2,4.624129832E-1,9.211171150E0,-2.618944407E0
1.827695428E2,2.955136001E-1,9.204590797E0,-2.639881611E0
1.827896545E2,2.506481707E-1,9.168698311E0,-2.399402857E0
1.828097663E2,1.704886109E-1,9.198608398E0,-2.239083767E0
1.828298781E2,6.340979785E-2,9.170493126E0,-2.598007202E0
1.828499898E2,-1.136590727E-2,9.181260109E0,-2.979662418E0
1.828701016E2,1.310070455E-1,9.242876053E0,-3.153141975E0
1.828902134E2,3.882354796E-1,9.280562401E0,-2.992822886E0
1.829103252E2,4.163511395E-1,9.233902931E0,-2.508874655E0
1.829304369E2,2.548356056E-1,9.143573761E0,-2.145763636E0
1.829505487E2,2.315055877E-1,9.043074608E0,-1.986042738E0
1.829706605E2,1.782652885E-1,8.986245155E0,-2.067996979E0
1.829907723E2,2.811566554E-2,8.953942299E0,-2.233101845E0
1.830108841E2,8.374879137E-3,8.997013092E0,-2.304886341E0
1.830309958E2,7.118647546E-2,9.023334503E0,-2.461616278E0
1.830511076E2,8.733802289E-2,9.097511292E0,-2.649452925E0
1.830712194E2,2.165504545E-1,9.151947975E0,-2.596810818E0
1.830913311E2,2.213360965E-1,9.150752068E0,-2.507678032E0
1.831114429E2,1.950150430E-1,9.145368576E0,-2.356332064E0
1.831315547E2,2.733799815E-1,9.151350021E0,-2.200200319E0
1.831516665E2,3.750749528E-1,9.184849739E0,-2.182852507E0
1.831717782E2,4.271188378E-1,9.214161873E0,-2.368296146E0
1.831918900E2,4.277170599E-1,9.245866776E0,-2.560320139E0
1.832120018E2,4.743770957E-1,9.296115875E0,-2.616551638E0
1.832321135E2,5.778666735E-1,9.338588715E0,-2.678765059E0
1.832522253E2,6.101697683E-1,9.302098274E0,-2.684746981E0
1.832723371E2,3.846462369E-1,9.228518486E0,-2.605185747E0
1.832924489E2,2.237289101E-1,9.196813583E0,-2.319841623E0
1.833125607E2,2.650051117E-1,9.186046600E0,-2.212164640E0
1.833326724E2,2.183450609E-1,9.148359299E0,-2.380260229E0
1.833527842E2,6.640082598E-2,9.092725754E0,-2.417947292E0
1.833728960E2,1.088734269E-1,9.120841980E0,-2.384447813E0
1.833930078E2,2.530409992E-1,9.159725189E0,-2.433500528E0
1.834131195E2,2.171486616E-1,9.183054924E0,-2.540579557E0
1.834332313E2,1.698904037E-1,9.134600639E0,-2.512463808E0
1.834533431E2,3.278166950E-1,9.113663673E0,-2.313859463E0
1.834734548E2,3.062812984E-1,9.170493126E0,-2.288734913E0
1.834935667E2,3.643072546E-1,9.190233231E0,-2.345564365E0
1.835136784E2,4.331009090E-1,9.181260109E0,-2.289931297E0
1.835337902E2,3.702892959E-1,9.196813583E0,-2.204387903E0
1.835539020E2,1.680957973E-1,9.282955170E0,-2.115255117E0
1.835740137E2,4.175475538E-1,9.315856934E0,-2.138585329E0
1.835941255E2,6.119644046E-1,9.336195946E0,-2.478366137E0
1.836142373E2,4.259224236E-1,9.305686951E0,-2.737389088E0
1.836343491E2,5.443671346E-1,9.257232666E0,-2.551347256E0
1.836544608E2,7.710871100E-1,9.253643036E0,-2.251047850E0
1.836745726E2,6.041877270E-1,9.205786705E0,-2.196611166E0
1.836946844E2,1.998006850E-1,9.138189316E0,-2.185843468E0
1.837147962E2,1.842473447E-1,9.099306107E0,-2.123031855E0
1.837349080E2,4.420739710E-1,9.138788223E0,-2.270190477E0
1.837550197E2,4.325026870E-1,9.203991890E0,-2.525624275E0
1.837751315E2,3.391826153E-1,9.223134995E0,-2.394617319E0
1.837952433E2,4.139583111E-1,9.210572243E0,-2.072782516E0
1.838153550E2,3.750749528E-1,9.258428574E0,-2.065604210E0
1.838354668E2,4.438686073E-1,9.279964447E0,-2.328814745E0
1.838555786E2,5.276173949E-1,9.281160355E0,-2.340778828E0
1.838756904E2,5.264210105E-1,9.260822296E0,-2.369492531E0
1.838958021E2,4.905286431E-1,9.254839897E0,-2.423331022E0
1.839159140E2,4.983053207E-1,9.244669914E0,-2.529213428E0
1.839360257E2,5.186443329E-1,9.203393936E0,-2.499901533E0
1.839561375E2,3.804588020E-1,9.161520004E0,-2.411366940E0
1.839762493E2,3.170489967E-1,9.154341698E0,-2.294716835E0
1.839963610E2,4.959124923E-1,9.170493126E0,-2.222932339E0
1.840164728E2,6.747759581E-1,9.199805260E0,-2.294716835E0
1.840365846E2,7.471588850E-1,9.207581520E0,-2.334198475E0
1.840566963E2,6.484549642E-1,9.197412491E0,-2.306680918E0
1.840768081E2,5.856433511E-1,9.172885895E0,-2.213959217E0
1.840969199E2,5.676971674E-1,9.156734467E0,-2.164308071E0
1.841170317E2,5.324030519E-1,9.189037323E0,-2.191825628E0
1.841371435E2,6.059823632E-1,9.200403214E0,-2.433500528E0
1.841572553E2,5.509474277E-1,9.233304024E0,-2.502294302E0
1.841773670E2,6.035895348E-1,9.242277145E0,-2.382055044E0
1.841974788E2,6.143572330E-1,9.242876053E0,-2.460419893E0
1.842175906E2,3.649054468E-1,9.248259544E0,-2.544766903E0
1.842377023E2,2.763710022E-1,9.211171150E0,-2.413161755E0
1.842578141E2,2.673979402E-1,9.192028046E0,-2.242074728E0
1.842779259E2,2.165504545E-1,9.213563919E0,-2.236690998E0
1.842980377E2,2.404786795E-1,9.253643036E0,-2.414358139E0
1.843181495E2,3.391826153E-1,9.238089561E0,-2.307877541E0
1.843382612E2,3.278166950E-1,9.211769104E0,-2.042274237E0
1.843583730E2,4.917250574E-1,9.201599121E0,-1.973480463E0
1.843784848E2,5.437689424E-1,9.141180992E0,-2.084746838E0
1.843985966E2,3.487538993E-1,9.128618240E0,-2.146361828E0
1.844187084E2,3.756731451E-1,9.123832703E0,-2.102692842E0
1.844388202E2,5.383850932E-1,9.171091080E0,-2.291725874E0
1.844589319E2,4.743770957E-1,9.160921097E0,-2.682354212E0
1.844790437E2,3.397808075E-1,9.151350021E0,-2.636292458E0
1.844991555E2,3.750749528E-1,9.131608963E0,-2.145763636E0
1.845192672E2,3.888336718E-1,9.153742790E0,-1.949552298E0
1.845393790E2,4.205385745E-1,9.173483849E0,-2.249253273E0
1.845594908E2,5.706881881E-1,9.250054359E0,-2.432304144E0
1.845796026E2,7.004988194E-1,9.265008926E0,-2.275574446E0
1.845997144E2,6.065805554E-1,9.281759262E0,-2.124228239E0
1.846198261E2,6.885347366E-1,9.285347939E0,-2.181656122E0
1.846399379E2,7.866404653E-1,9.314062119E0,-2.133201361E0
1.846600497E2,6.556333899E-1,9.300303459E0,-1.994417667E0
1.846801615E2,4.815555513E-1,9.309276581E0,-2.130210400E0
1.847002732E2,6.047859192E-1,9.376275063E0,-2.197209358E0
1.847203850E2,9.792626500E-1,9.385248184E0,-2.203191519E0
1.847404968E2,8.177471161E-1,9.388239861E0,-2.248655081E0
1.847606086E2,5.072783828E-1,9.323633194E0,-2.310868502E0
1.847807204E2,4.552344978E-1,9.281160355E0,-2.248056889E0
1.848008321E2,4.923232496E-1,9.281759262E0,-2.024926186E0
1.848209439E2,4.265206456E-1,9.225527763E0,-2.086541414E0
1.848410557E2,2.931207716E-1,9.195018768E0,-2.095514536E0
1.848611675E2,4.522434771E-1,9.209974289E0,-1.945364833E0
1.848812793E2,7.220342159E-1,9.293723106E0,-1.794018745E0
1.849013910E2,7.357929349E-1,9.332606316E0,-1.892722726E0
1.849215028E2,7.040880919E-1,9.311071396E0,-2.138585329E0
1.849416146E2,7.537391186E-1,9.307481766E0,-2.249253273E0
1.849617263E2,7.345965505E-1,9.269794464E0,-2.166102648E0
1.849818381E2,6.251249313E-1,9.234500885E0,-2.079362869E0
1.850019499E2,6.311069727E-1,9.215956688E0,-2.094916344E0
1.850220617E2,5.844469070E-1,9.198608398E0,-2.221735716E0
1.850421735E2,4.905286431E-1,9.183652878E0,-2.319841623E0
1.850622853E2,6.143572330E-1,9.193224907E0,-2.249253273E0
1.850823970E2,7.322037220E-1,9.221938133E0,-2.178664923E0
1.851025088E2,5.856433511E-1,9.229715347E0,-2.212164640E0
1.851226206E2,5.383850932E-1,9.235098839E0,-2.249851465E0
1.851427324E2,6.783652306E-1,9.245866776E0,-2.138585329E0
1.851628442E2,6.789634228E-1,9.254241943E0,-2.115853310E0
1.851829559E2,5.581258535E-1,9.291330338E0,-2.158924341E0
1.852030677E2,4.893322289E-1,9.305088997E0,-2.211566210E0
1.852231795E2,5.958128572E-1,9.330811501E0,-2.243869543E0
1.852432912E2,7.878368497E-1,9.363115311E0,-2.389831543E0
1.852634030E2,7.573283911E-1,9.331410408E0,-2.374876499E0
1.852835148E2,5.168496966E-1,9.270393372E0,-2.145165443E0
1.853036266E2,3.882354796E-1,9.160323143E0,-1.951945066E0
1.853237384E2,3.625126183E-1,9.142974854E0,-1.965105653E0
1.853438502E2,5.551348329E-1,9.182456970E0,-2.137388945E0
1.853639619E2,5.246263742E-1,9.133403778E0,-2.265404940E0
1.853840737E2,3.696911037E-1,9.078967094E0,-2.104487419E0
1.854041855E2,3.290131092E-1,9.019744873E0,-1.920838356E0
1.854242973E2,3.517449200E-1,9.026923180E0,-1.922034740E0
1.854444091E2,3.529413342E-1,9.067601204E0,-2.110469580E0
1.854645208E2,2.805584669E-1,9.114261627E0,-2.225923300E0
1.854846326E2,4.480560422E-1,9.180064201E0,-2.201396942E0
1.855047444E2,6.957131624E-1,9.276374817E0,-2.140978098E0
1.855248562E2,8.392825127E-1,9.362516403E0,-2.033899307E0
1.855449680E2,9.379864931E-1,9.403793335E0,-2.079961061E0
1.855650797E2,1.018744230E0,9.401400566E0,-2.095514536E0
1.855851915E2,9.732806087E-1,9.424132347E0,-2.129014015E0
1.856053033E2,8.895317912E-1,9.441479683E0,-2.282154560E0
1.856254150E2,9.302098155E-1,9.473184586E0,-2.232503414E0
1.856455268E2,8.991031051E-1,9.461220741E0,-2.039283037E0
1.856656386E2,9.176474810E-1,9.425328255E0,-2.009372711E0
1.856857504E2,8.805587292E-1,9.373284340E0,-2.031506538E0
1.857058622E2,7.974081635E-1,9.331410408E0,-2.092523336E0
1.857259740E2,6.257231236E-1,9.214759827E0,-2.018345833E0
1.857460857E2,4.307080805E-1,9.152546883E0,-1.967498422E0
1.857661975E2,5.395814776E-1,9.122636795E0,-1.988435626E0
1.857863093E2,5.365904570E-1,9.139386177E0,-2.160718918E0
1.858064211E2,4.498506486E-1,9.138189316E0,-2.270788670E0
1.858265329E2,4.773681164E-1,9.178867340E0,-2.126621008E0
1.858466446E2,6.921239495E-1,9.196813583E0,-2.033301115E0
1.858667564E2,7.663014531E-1,9.235696793E0,-2.067996979E0
1.858868682E2,7.411768436E-1,9.257232666E0,-2.072184324E0
1.859069800E2,8.285148144E-1,9.305088997E0,-2.002792597E0
1.859270918E2,9.349954724E-1,9.309276581E0,-2.066800594E0
1.859472035E2,8.865407705E-1,9.290133476E0,-2.210369825E0
1.859673153E2,8.261220455E-1,9.272188187E0,-2.249851465E0
1.859874271E2,7.806583643E-1,9.250652313E0,-2.175673962E0
1.860075389E2,7.040880919E-1,9.212965012E0,-2.056032896E0
1.860276507E2,6.903293133E-1,9.217751503E0,-2.062613010E0
1.860477624E2,6.723831892E-1,9.170493126E0,-2.112264156E0
1.860678742E2,5.521438122E-1,9.180064201E0,-2.099701881E0
1.860879860E2,6.293123364E-1,9.211769104E0,-2.268994093E0
1.861080978E2,6.622136831E-1,9.217751503E0,-2.364706993E0
1.861282096E2,6.628118753E-1,9.208179474E0,-2.291127682E0
1.861483213E2,6.843472719E-1,9.221938133E0,-2.143370867E0
1.861684331E2,8.787640929E-1,9.205188751E0,-2.035693884E0
1.861885449E2,7.890332937E-1,9.215956688E0,-2.060220242E0
1.862086567E2,8.033902049E-1,9.240483284E0,-1.966302037E0
1.862287685E2,1.147956610E0,9.265607834E0,-1.822134495E0
1.862488803E2,1.133001566E0,9.246464729E0,-2.037488461E0
1.862689920E2,8.949156404E-1,9.196813583E0,-2.221735716E0
1.862891038E2,8.416753411E-1,9.159725189E0,-2.102094650E0
1.863092156E2,8.811569214E-1,9.118449211E0,-2.014756680E0
1.863293273E2,7.399803996E-1,9.096913338E0,-2.254039049E0
1.863494392E2,6.765705943E-1,9.141180992E0,-2.352742910E0
1.863695509E2,1.021735311E0,9.217751503E0,-2.103291035E0
1.863896627E2,1.278963685E0,9.313464165E0,-1.993819475E0
1.864097745E2,1.217348576E0,9.315856934E0,-2.172683001E0
1.864298862E2,1.146760225E0,9.265008926E0,-2.242672920E0
1.864499981E2,1.085145116E0,9.202198029E0,-2.137388945E0
1.864701098E2,1.086939692E0,9.156135559E0,-2.021337032E0
1.864902216E2,9.828519225E-1,9.145966530E0,-2.113460541E0
1.865103334E2,7.136593461E-1,9.101100922E0,-2.371287346E0
1.865304452E2,4.444667995E-1,9.128618240E0,-2.395215511E0
1.865505569E2,6.508477330E-1,9.184849739E0,-2.312064886E0
1.865706687E2,8.793623447E-1,9.252447128E0,-2.330011129E0
1.865907805E2,8.745766878E-1,9.253643036E0,-2.402992249E0
1.866108923E2,9.092726111E-1,9.245268822E0,-2.178664923E0
1.866310041E2,1.019940615E0,9.193822861E0,-1.889731646E0
1.866511158E2,9.290133715E-1,9.171091080E0,-1.811366796E0
1.866712277E2,8.739784956E-1,9.145966530E0,-1.786840320E0
1.866913394E2,9.577272534E-1,9.116654396E0,-1.742573142E0
1.867114512E2,7.908278704E-1,9.101698875E0,-1.912463546E0
1.867315630E2,7.148557901E-1,9.093324661E0,-2.014158487E0
1.867516747E2,8.015955687E-1,9.171091080E0,-1.883749604E0
1.867717866E2,8.057830334E-1,9.216554642E0,-1.958525300E0
1.867918983E2,7.160521746E-1,9.239286423E0,-2.062613010E0
1.868120101E2,8.410771489E-1,9.255437851E0,-1.920240164E0
1.868321219E2,1.071984529E0,9.311071396E0,-1.820339799E0
1.868522336E2,1.088734269E0,9.354142189E0,-1.829312921E0
1.868723455E2,1.071386337E0,9.354740143E0,-1.865803480E0
1.868924572E2,1.131206870E0,9.317651749E0,-1.720439434E0
1.869125690E2,1.197607756E0,9.276374817E0,-1.621735573E0
1.869326808E2,1.168893814E0,9.260223389E0,-1.721635938E0
1.869527925E2,1.304088354E0,9.248857498E0,-1.776670814E0
1.869729044E2,1.107876897E0,9.195617676E0,-1.735992789E0
1.869930161E2,8.907282352E-1,9.130413055E0,-1.770688772E0
1.870131279E2,9.535398483E-1,9.125029564E0,-1.691725612E0
1.870332397E2,1.051645517E0,9.102297783E0,-1.575075507E0
1.870533515E2,1.191027522E0,9.107681274E0,-1.546361685E0
1.870734632E2,1.323230863E0,9.083752632E0,-1.439880967E0
1.870935750E2,1.353739381E0,9.030512810E0,-1.096511006E0
1.871136868E2,1.548156261E0,8.982057571E0,-1.364507079E0
1.871337986E2,1.676172256E0,8.934800148E0,-2.049452543E0
1.871539104E2,1.647458434E0,8.884550095E0,-2.534597397E0
1.871740222E2,1.878963947E0,8.698508263E0,-2.763111830E0
1.871941340E2,1.943570137E0,8.493324280E0,-3.274577856E0
1.872142457E2,2.452044964E0,8.391629219E0,-3.238685369E0
1.872343575E2,3.659224033E0,8.237890244E0,-2.909672260E0
1.872544693E2,3.774079561E0,8.134998322E0,-3.482155085E0
1.872745811E2,2.835494757E0,8.044071198E0,-4.246662140E0
1.872946929E2,2.369492531E0,7.806583881E0,-4.427918434E0
1.873148046E2,1.405783296E0,7.316055298E0,-4.131806374E0
1.873349164E2,1.291526079E0,7.449455261E0,-3.394817114E0
1.873550282E2,7.830511928E-1,7.324429989E0,-2.419741869E0
1.873751399E2,6.011967063E-1,6.976274490E0,-1.387837172E0
1.873952518E2,6.951149702E-1,6.945167542E0,-7.740781307E-1
1.874153635E2,5.814558864E-1,6.947560310E0,-7.226324677E-1
1.874354753E2,-4.139583111E-1,6.855436802E0,-6.687939167E-1
1.874555871E2,-1.628913999E0,6.675975323E0,-6.891329288E-1
1.874756988E2,-1.925025821E0,6.243472576E0,-1.674975902E-1
1.874958107E2,-2.271386862E0,6.535397053E0,-7.417750359E-2
1.875159224E2,-2.677568436E0,6.626922131E0,8.757730722E-1
1.875360342E2,-1.984248161E0,5.918048382E0,2.090728760E0
1.875561460E2,-6.897311211E-1,5.557330608E0,2.261815548E0
1.875762578E2,5.509474277E-1,5.717051506E0,3.480360508E0
1.875963696E2,9.080761671E-1,5.879165173E0,6.134000778E0
1.876164813E2,3.978067636E-1,5.670391560E0,6.917650223E0
1.876365931E2,1.782652885E-1,5.127220631E0,6.966104984E0
1.876567049E2,9.188438654E-1,4.981856823E0,7.590631485E0
1.876768167E2,2.146960020E0,4.891527653E0,8.160721779E0
1.876969285E2,2.504088879E0,4.277170658E0,8.303094864E0
1.877170403E2,2.299502611E0,3.463610888E0,8.252246857E0
1.877371520E2,2.257628202E0,2.722434044E0,8.928219795E0
1.877572638E2,2.485544443E0,2.399402857E0,8.694919586E0
1.877773756E2,2.925823927E0,1.697707653E0,1.104168034E1
1.877974874E2,4.194618225E0,9.672985673E-1,1.726900101E1
1.878175992E2,5.514857769E0,4.935196638E-1,2.120100594E1
1.878377109E2,6.096313953E0,8.027920127E-1,1.959841347E1
1.878578227E2,6.474380016E0,2.185245275E0,1.439103317E1
1.878779345E2,7.054639339E0,3.873979807E0,8.520243645E0
1.878980463E2,8.195417404E0,5.465805054E0,4.977071285E0
1.879181581E2,9.089735031E0,5.602196217E0,4.306482315E0
1.879382699E2,8.501698494E0,5.229514122E0,4.897509575E0
1.879583817E2,6.421737671E0,5.184050083E0,5.712863922E0
1.879784934E2,4.936393261E0,5.218746185E0,6.641279221E0
1.879986052E2,5.660820007E0,5.021936417E0,7.850253105E0
1.880187170E2,6.794419765E0,4.900500774E0,9.520442963E0
1.880388288E2,6.238088608E0,4.736592293E0,9.895518303E0
1.880589406E2,4.988437176E0,4.640879631E0,9.722636223E0
1.880790523E2,3.921836376E0,4.299304008E0,1.059900761E1
1.880991641E2,2.763710260E0,4.044468403E0,1.142453194E1
1.881192759E2,2.113460541E0,3.746562004E0,1.221894836E1
1.881393877E2,3.001796007E0,3.135794163E0,1.387717533E1
1.881594995E2,2.911466837E0,1.995614052E0,1.457707596E1
1.881796112E2,9.308080077E-1,1.017547846E0,1.118524933E1
1.881997230E2,-9.786644578E-1,8.835497499E-1,7.877770424E0
1.882198348E2,-2.522035122E0,1.604985833E0,7.123433113E0
1.882399466E2,-1.825723648E0,1.646261930E0,9.058030128E0
1.882600584E2,4.881358147E-1,1.529013634E0,1.244566917E1
1.882801702E2,1.512263894E0,1.400399446E0,1.428215981E1
1.883002820E2,1.194616675E0,1.313061476E0,1.164407349E1
1.883203937E2,-6.765705943E-1,1.559522152E0,8.148757935E0
1.883405055E2,-2.168495417E0,2.100898266E0,6.512664795E0
1.883606173E2,-2.260020971E0,3.736990690E0,5.077569485E0
1.883807291E2,5.048855543E-1,5.313262463E0,4.751547337E0
1.884008409E2,3.585046530E0,5.375475883E0,4.430311203E0
1.884209527E2,4.115056515E0,5.619544029E0,4.006183147E0
1.884410644E2,2.140978098E0,6.547959328E0,4.484747887E0
1.884611762E2,5.216353536E-1,7.028318405E0,5.761917114E0
1.884812880E2,5.042873621E-1,6.435496330E0,8.339585304E0
1.885013998E2,1.922633052E0,5.350949764E0,1.102792168E1
1.885215116E2,2.936591625E0,4.609772682E0,1.159442234E1
1.885416233E2,3.253042459E0,4.231108665E0,1.053918743E1
1.885617352E2,2.822932482E0,4.004388809E0,9.594022751E0
1.885818469E2,2.149353027E0,3.751347780E0,9.562915802E0
1.886019587E2,1.840678811E0,3.285345554E0,9.984052658E0
1.886220705E2,1.424925923E0,2.796013355E0,1.057507992E1
1.886421822E2,2.620140910E-1,2.486142635E0,1.149631596E1
1.886622941E2,-8.709874153E-1,2.118844509E0,1.319402409E1
1.886824058E2,3.391826153E-1,1.364507079E0,1.416969776E1
1.887025176E2,1.910070658E0,9.361918569E-1,1.371266842E1
1.887226294E2,2.613560438E0,1.415354609E0,1.238166046E1
1.887427412E2,2.384447813E0,2.260020971E0,1.048833942E1
1.887628530E2,1.784447432E0,2.931207657E0,9.248259544E0
1.887829647E2,1.845464468E0,3.373281717E0,8.196015358E0
1.888030765E2,2.134995937E0,3.812962770E0,6.710670948E0
1.888231883E2,2.449652195E0,4.292723656E0,6.559923172E0
1.888433001E2,3.218346357E0,4.514657974E0,7.356733322E0
1.888634119E2,3.371487141E0,4.539782524E0,7.959126472E0
1.888835236E2,2.832503796E0,4.650450706E0,7.929814339E0
1.889036355E2,2.170888424E0,4.804189682E0,7.672585964E0
1.889237472E2,1.913659930E0,4.855037212E0,7.368099213E0
1.889438590E2,1.960319996E0,4.837090969E0,7.201199532E0
1.889639708E2,2.023729801E0,4.868795872E0,7.206583500E0
1.889840825E2,2.155933142E0,4.904089928E0,7.366304398E0
1.890041944E2,2.232503414E0,4.755136967E0,7.689933777E0
1.890243061E2,2.012363911E0,4.563112736E0,8.306085587E0
1.890444179E2,1.615753531E0,4.483551502E0,8.708079338E0
1.890645297E2,1.390229940E0,4.344767570E0,9.052646637E0
1.890846415E2,1.419542074E0,4.203591347E0,9.453444481E0
1.891047533E2,1.526022673E0,4.149154663E0,9.565308571E0
1.891248650E2,1.450050473E0,4.158127785E0,9.280562401E0
1.891449769E2,1.281954765E0,4.199403763E0,8.913264275E0
1.891650886E2,1.353141189E0,4.269393921E0,8.740981102E0
1.891852004E2,1.505683661E0,4.401597023E0,8.831908226E0
1.892053122E2,1.627717614E0,4.463810444E0,8.853444099E0
1.892254240E2,1.630110383E0,4.441677094E0,8.714659691E0
1.892455358E2,1.688734531E0,4.482355118E0,8.487341881E0
1.892656475E2,1.887937069E0,4.553541660E0,8.598608017E0
1.892857593E2,2.003390789E0,4.641477585E0,8.872586250E0
1.893058711E2,1.835294962E0,4.671986103E0,8.800801277E0
1.893259829E2,1.783849239E0,4.681557655E0,8.517850876E0
1.893460947E2,1.951945066E0,4.696512699E0,8.200801849E0
1.893662065E2,1.995614052E0,4.662415028E0,8.054839134E0
1.893863182E2,1.829911113E0,4.613960266E0,8.006982803E0
1.894064300E2,1.770688772E0,4.543970108E0,8.053643227E0
1.894265418E2,1.654636860E0,4.512265205E0,8.286344528E0
1.894466536E2,1.631905079E0,4.535595417E0,8.599205971E0
1.894667654E2,1.771286964E0,4.537389755E0,8.793622971E0
1.894868772E2,1.886740685E0,4.545166492E0,8.760722160E0
1.895069890E2,1.990230203E0,4.601995945E0,8.632705688E0
1.895271007E2,2.103889227E0,4.676771641E0,8.642875671E0
1.895472125E2,2.140379906E0,4.706682205E0,8.666803360E0
1.895673243E2,2.009970903E0,4.682155609E0,8.717651367E0
1.895874361E2,2.005783558E0,4.640281200E0,8.722436905E0
1.896075479E2,2.070389748E0,4.627120972E0,8.739186287E0
1.896276596E2,2.180459738E0,4.618745804E0,8.574081421E0
1.896477715E2,2.310868502E0,4.630710125E0,8.435297966E0
1.896678832E2,2.332403898E0,4.622933388E0,8.476573944E0
1.896879950E2,2.283350945E0,4.625924587E0,8.517850876E0
1.897081068E2,2.170888424E0,4.646861553E0,8.583054543E0
1.897282186E2,2.140978098E0,4.636094093E0,8.589036942E0
1.897483304E2,2.300698996E0,4.656432629E0,8.549555779E0
1.897684421E2,2.365903378E0,4.717449665E0,8.525627136E0
1.897885539E2,2.249851465E0,4.698307037E0,8.592027664E0
1.898086657E2,2.175075769E0,4.646263599E0,8.620741844E0
1.898287775E2,2.166102648E0,4.654039860E0,8.669196129E0
1.898488893E2,2.068595171E0,4.698905468E0,8.804988861E0
1.898690010E2,2.058425665E0,4.728815556E0,8.909674644E0
1.898891129E2,2.101496458E0,4.700700283E0,8.754141808E0
1.899092246E2,2.032702923E0,4.735994339E0,8.677571297E0
1.899293364E2,1.909472466E0,4.752744198E0,8.602795601E0
1.899494482E2,1.814955950E0,4.716851711E0,8.468797684E0
1.899695600E2,1.843669891E0,4.682155609E0,8.265407562E0
1.899896718E2,1.847857237E0,4.628915310E0,8.238488197E0
1.900097835E2,1.722832322E0,4.593621254E0,8.241478920E0
1.900298954E2,1.661815286E0,4.600201607E0,8.398807526E0
1.900500071E2,1.749153376E0,4.658825874E0,8.621339798E0
1.900701189E2,1.726421595E0,4.673182487E0,8.547760963E0
1.900902307E2,1.700698733E0,4.696512699E0,8.383852005E0
1.901103425E2,1.631905079E0,4.795814991E0,8.416753769E0
1.901304543E2,1.639681697E0,4.829912663E0,8.525627136E0
1.901505660E2,1.677966833E0,4.768895626E0,8.508877754E0
1.901706779E2,1.789831281E0,4.733601570E0,8.542975426E0
1.901907896E2,1.736590981E0,4.680361271E0,8.511868477E0
1.902109014E2,1.590628862E0,4.594817638E0,8.273183823E0
1.902310132E2,1.437488198E0,4.594219685E0,8.189435959E0
1.902511250E2,1.514058471E0,4.613960266E0,8.334799767E0
1.902712368E2,1.435095429E0,4.651049137E0,8.587242126E0
1.902913485E2,1.250249863E0,4.719244480E0,8.713463783E0
1.903114603E2,1.271187067E0,4.756333351E0,9.065806389E0
1.903315721E2,1.503889084E0,4.801198483E0,9.500103951E0
1.903516839E2,1.706680775E0,4.880161762E0,9.307481766E0
1.903717957E2,1.684547186E0,5.012365341E0,8.553742409E0
1.903919075E2,1.602592945E0,5.041079044E0,7.938787460E0
1.904120193E2,1.537986755E0,4.961517811E0,7.780860901E0
1.904321310E2,1.297508121E0,4.946562767E0,7.855636597E0
1.904522428E2,1.071386337E0,5.012963295E0,7.956733704E0
1.904723546E2,1.108475089E0,5.136193752E0,8.053643227E0
1.904924664E2,1.317248821E0,5.325226784E0,8.365905762E0
1.905125782E2,1.571486235E0,5.571687698E0,8.594420433E0
1.905326899E2,1.697109461E0,5.807380676E0,8.821739197E0
1.905528018E2,1.430309772E0,5.898307800E0,9.040083885E0
1.905729135E2,1.013360381E0,5.853442192E0,9.254839897E0
1.905930253E2,6.113662124E-1,5.804987907E0,9.730413437E0
1.906131371E2,2.901297510E-1,5.883950710E0,1.014556789E1
1.906332489E2,3.020938635E-1,5.974878311E0,1.009472084E1
1.906533607E2,7.663014531E-1,5.816353798E0,1.032802105E1
1.906734724E2,9.224331379E-1,5.623731613E0,1.056251717E1
1.906935843E2,5.946164131E-1,5.429912567E0,1.018863869E1
1.907136960E2,3.774677813E-1,5.201996326E0,9.667601585E0
1.907338078E2,4.965106845E-1,4.914259434E0,9.148359299E0
1.907539196E2,5.377869010E-1,5.289932728E0,8.332406998E0
1.907740314E2,4.929214716E-1,6.007181168E0,7.856235027E0
1.907941432E2,1.444666624E0,5.466403484E0,7.360322475E0
1.908142549E2,1.511665702E0,5.696712494E0,5.958128452E0
1.908343668E2,9.266205430E-1,6.098108292E0,5.583651543E0
1.908544785E2,9.547362328E-1,5.802595139E0,6.568896294E0
1.908745903E2,1.390229940E0,5.338985443E0,7.395616531E0
1.908947021E2,1.554138303E0,5.102694511E0,7.552346706E0
1.909148139E2,1.232303619E0,4.887340069E0,7.311867714E0
1.909349257E2,1.048056364E0,4.474578381E0,6.892525673E0
1.909550374E2,9.792626500E-1,4.143770695E0,6.796214581E0
1.909751493E2,7.950153351E-1,4.019941807E0,6.774080753E0
1.909952610E2,6.687939167E-1,3.955335855E0,6.526423931E0
1.910153728E2,7.920243144E-1,4.060619831E0,6.234499454E0
1.910354846E2,1.014556766E0,4.122235298E0,6.332006931E0
1.910555964E2,4.671986103E-1,3.683152199E0,6.572485447E0
1.910757082E2,-1.644467354E0,4.376472473E0,5.605186939E0
1.910958199E2,-1.879562140E0,6.434299946E0,5.488536835E0
1.911159318E2,1.683948994E0,6.728617191E0,7.515855789E0
1.911360435E2,4.765904427E0,6.533602238E0,8.432905197E0
1.911561553E2,3.756133318E0,7.277770042E0,8.157132149E0
1.911762671E2,8.255237937E-1,7.771289825E0,7.709674358E0
1.911963789E2,-4.564309120E-1,7.508677483E0,8.157132149E0
1.912164907E2,-9.750752151E-2,7.384849072E0,9.156734467E0
1.912366024E2,8.871390224E-1,7.339983463E0,9.484550476E0
1.912567143E2,1.610967875E0,7.298707485E0,9.288937569E0
1.912768260E2,1.956132531E0,7.073781967E0,8.815756798E0
1.912969378E2,1.544566989E0,6.663413048E0,8.339585304E0
1.913170496E2,9.080761671E-1,6.370292187E0,8.107481003E0
1.913371614E2,9.403793216E-1,6.098706722E0,8.076375008E0
1.913572732E2,1.380658627E0,5.855237007E0,7.674380302E0
1.913773849E2,1.317847013E0,5.833701611E0,7.448258877E0
1.913974968E2,1.049850941E0,5.816951752E0,7.300501823E0
1.914176085E2,7.561319470E-1,5.797809124E0,7.264011383E0
1.914377203E2,5.204389095E-1,5.879165173E0,7.412964344E0
1.914578321E2,4.929214716E-1,6.092724800E0,7.695915699E0
1.914779439E2,4.540380836E-1,6.272186279E0,7.983054638E0
1.914980557E2,4.731806815E-1,6.311069489E0,7.567899704E0
1.915181675E2,3.912265003E-1,6.474977970E0,7.083951473E0
1.915382793E2,7.196413875E-1,6.561119556E0,7.467999458E0
1.915583910E2,7.782655358E-1,6.391827583E0,7.785646915E0
1.915785028E2,4.348955154E-1,6.302096844E0,7.725227833E0
1.915986146E2,2.171486616E-1,6.154938221E0,7.473981380E0
1.916187264E2,1.070788130E-1,6.065207005E0,7.418946743E0
1.916388382E2,3.032902777E-1,6.025725842E0,7.444071293E0
1.916589500E2,6.376872063E-1,5.986842155E0,7.311269760E0
1.916790618E2,5.928218365E-1,6.131010056E0,7.042077065E0
1.916991735E2,4.235295951E-1,6.279963017E0,7.012166977E0
1.917192854E2,5.246263742E-1,6.327221394E0,7.447660446E0
1.917393971E2,8.476574421E-1,6.343372822E0,7.689933777E0
1.917595089E2,9.643075466E-1,6.347560406E0,7.810173035E0
1.917796207E2,8.931210637E-1,6.366703033E0,7.797610760E0
1.917997325E2,9.302098155E-1,6.438487530E0,7.755736351E0
1.918198443E2,9.098708034E-1,6.416952133E0,7.620542049E0
1.918399560E2,6.334998012E-1,6.355337143E0,7.627720356E0
1.918600679E2,4.049852192E-1,6.242874146E0,7.607979774E0
1.918801796E2,5.192425251E-1,6.302096844E0,7.550551891E0
1.919002914E2,7.387840152E-1,6.180062771E0,7.651648521E0
1.919204032E2,7.854440212E-1,6.281159401E0,7.838887215E0
1.919405150E2,7.579265833E-1,6.310471535E0,7.808378696E0
1.919606268E2,6.065805554E-1,6.291328907E0,7.715058327E0
1.919807385E2,3.200400174E-1,6.297310829E0,7.676773071E0
1.920008504E2,2.333002090E-1,6.247660160E0,7.639684677E0
1.920209621E2,4.031906128E-1,6.266802311E0,7.689335346E0
1.920410739E2,4.540380836E-1,6.282355785E0,7.788637638E0
1.920611857E2,3.188436031E-1,6.302096844E0,7.629515171E0
1.920812975E2,1.950150430E-1,6.305087566E0,7.426723480E0
1.921014093E2,2.452643216E-1,6.290730953E0,7.487142086E0
1.921215211E2,2.925225794E-1,6.298507214E0,7.463811874E0
1.921416329E2,2.494517565E-1,6.233303070E0,7.408777237E0
1.921617446E2,1.160518974E-1,6.230311871E0,7.513463020E0
1.921818565E2,1.399801224E-1,6.311667919E0,7.569096088E0
1.922019682E2,2.907279432E-1,6.317649841E0,7.642077446E0
1.922220800E2,3.708875179E-1,6.379265308E0,7.638488293E0
1.922421918E2,2.362912297E-1,6.401997089E0,7.485945702E0
1.922623036E2,1.645065546E-1,6.386443615E0,7.416553974E0
1.922824154E2,1.890329868E-1,6.406782627E0,7.369893551E0
1.923025271E2,9.092725813E-2,6.357131481E0,7.274180889E0
1.923226390E2,5.802594870E-2,6.331408501E0,7.387241840E0
1.923427507E2,1.262213886E-1,6.355337143E0,7.509873867E0
1.923628625E2,1.286142170E-1,6.333801746E0,7.418946743E0
1.923829743E2,8.195417374E-2,6.381059647E0,7.352545738E0
1.924030861E2,2.931207791E-2,6.401997089E0,7.334001541E0
1.924231979E2,1.854437590E-2,6.333203316E0,7.411767960E0
1.924433097E2,1.417747438E-1,6.320641041E0,7.398009300E0
1.924634215E2,1.405783296E-1,6.318248272E0,7.319046497E0
1.924835332E2,-5.982056633E-2,6.381658077E0,7.285546780E0
1.925036450E2,5.084748194E-2,6.360122681E0,7.395018578E0
1.925237568E2,2.201396823E-1,6.378666878E0,7.466204643E0
1.925438686E2,2.530409992E-1,6.434299946E0,7.632505894E0
1.925639804E2,2.350948304E-1,6.450451851E0,7.625327587E0
1.925840922E2,1.489532143E-1,6.440880299E0,7.733603001E0
1.926042040E2,2.273181528E-1,6.421737671E0,7.593024254E0
1.926243158E2,3.379862010E-1,6.435496330E0,7.268198967E0
1.926444275E2,-5.102694035E-1,6.711867332E0,5.259424210E0
1.926645393E2,1.016949639E-1,6.408577442E0,6.771687984E0
1.926846511E2,9.326026440E-1,6.114858150E0,8.336593628E0
1.927047629E2,4.396811724E-1,6.204588890E0,8.483752251E0
1.927248747E2,4.307080805E-2,6.234499454E0,8.310273170E0
1.927449865E2,-1.716850251E-1,6.455237389E0,7.903493404E0
1.927650983E2,-2.051845491E-1,6.318248272E0,7.643273830E0
1.927852100E2,4.785645287E-3,6.415157318E0,7.566703320E0
1.928053218E2,2.195414752E-1,6.312864304E0,7.923233986E0
1.928254336E2,1.016949639E-1,6.065207005E0,8.258229256E0
1.928455454E2,-1.657029688E-1,6.184848309E0,8.118248940E0
1.928656572E2,-8.733802289E-2,6.291927338E0,7.837690353E0
1.928857690E2,-5.982056633E-2,6.319444656E0,7.774280548E0
1.929058808E2,-6.101697683E-2,6.367300987E0,7.557730198E0
1.929259925E2,5.443671346E-2,6.420541286E0,7.341179848E0
1.929461044E2,1.178465188E-1,6.419344902E0,7.265207767E0
1.929662161E2,2.333002165E-2,6.389434814E0,7.322037220E0
1.929863279E2,-4.067798331E-2,6.373282909E0,7.454838753E0
1.930064397E2,-4.187439568E-3,6.420541286E0,7.456035137E0
1.930265515E2,8.973085321E-3,6.435496330E0,7.413562775E0
1.930466633E2,-4.905286431E-2,6.435496330E0,7.401598454E0
1.930667751E2,-2.356930375E-1,6.440880299E0,7.356134892E0
1.930868869E2,-1.830509305E-1,6.475576401E0,7.298109055E0
1.931069986E2,4.307080805E-2,6.524031162E0,7.296314240E0
1.931271105E2,1.298106313E-1,6.530013084E0,7.356733322E0
1.931472222E2,-1.854437590E-2,6.515655994E0,7.355536938E0
1.931673340E2,-1.363908947E-1,6.537789822E0,7.272386074E0
1.931874458E2,-2.997010350E-1,6.514459610E0,7.197012424E0
1.932075576E2,-3.296113312E-1,6.528816700E0,7.180860519E0
1.932276694E2,-2.476571500E-1,6.457630157E0,7.212565422E0
1.932477812E2,-1.962114573E-1,6.464808464E0,7.345965385E0
1.932678930E2,-1.573280841E-1,6.498906136E0,7.287341595E0
1.932880047E2,-7.657032460E-2,6.559325218E0,7.235297680E0
1.933081166E2,-1.519442350E-1,6.584449768E0,7.488936901E0
1.933282283E2,-1.459621787E-1,6.585646152E0,7.628916740E0
1.933483401E2,-2.015953064E-1,6.594020844E0,7.674380302E0
1.933684519E2,-2.709871531E-1,6.601199627E0,7.665407181E0
1.933885637E2,-1.190429255E-1,6.648457527E0,7.598408222E0
1.934086755E2,-3.529413417E-2,6.695715904E0,7.557132244E0
1.934287873E2,-2.691925503E-2,6.685546398E0,7.426723480E0
1.934488991E2,-7.836493850E-2,6.658029079E0,7.430910587E0
1.934690108E2,-2.344966233E-1,6.702894211E0,7.485945702E0
1.934891227E2,-1.836491376E-1,6.755536556E0,7.305885792E0
1.935092344E2,-2.273181453E-2,6.720242500E0,7.124031067E0
1.935293462E2,-1.495514158E-2,6.734001160E0,6.892525673E0
1.935494580E2,-3.020938635E-1,6.727420807E0,6.713662148E0
1.935695698E2,-4.438686073E-1,6.687341213E0,6.686144829E0
1.935896816E2,-4.145565331E-1,6.660421848E0,6.738188744E0
1.936097934E2,-3.439682424E-1,6.659823418E0,6.701697826E0
1.936299052E2,-3.367897868E-1,6.687341213E0,6.676573277E0
1.936500170E2,-3.296113312E-1,6.751947403E0,6.699305058E0
1.936701287E2,-2.835494876E-1,6.751348972E0,6.710072994E0
1.936902405E2,-1.896311939E-1,6.766902447E0,6.845267296E0
1.937103523E2,4.342973232E-1,6.621538639E0,8.416753769E0
1.937304641E2,-3.062812984E-1,7.041478634E0,7.040880680E0
1.937505759E2,-2.279163599E-1,7.074379921E0,6.680162430E0
1.937706877E2,-2.398804724E-1,7.157530785E0,6.722036839E0
1.937907995E2,-2.141576260E-1,7.180262566E0,6.812366009E0
1.938109112E2,-2.201396823E-1,7.174878597E0,6.392425537E0
1.938310231E2,-1.196411327E-1,7.156932354E0,6.487540245E0
1.938511348E2,2.392822690E-2,7.140780926E0,5.509474277E0
1.938712466E2,9.511470050E-2,7.211967468E0,6.614359856E0
1.938913584E2,3.158525825E-1,6.788437843E0,7.788039684E0
1.939114702E2,-3.146561682E-1,6.824330330E0,7.539186001E0
1.939315820E2,-1.854437590E-2,6.807580471E0,7.874181271E0
1.939516938E2,-4.013960063E-1,7.143772125E0,6.390631199E0
1.939718056E2,-4.504488707E-1,7.256833076E0,5.985645771E0
1.939919174E2,4.905286431E-2,7.050451756E0,6.936792850E0
1.940120292E2,1.794616925E-3,7.071987152E0,7.416553974E0
1.940321409E2,-2.458625287E-1,7.013363361E0,7.225726128E0
1.940522528E2,-1.746760458E-1,6.951747894E0,6.994818687E0
1.940723645E2,8.733802289E-2,6.966104984E0,6.233901024E0
1.940924763E2,1.184447184E-1,7.180860519E0,6.590431690E0
1.941125881E2,1.034895778E-1,7.033702374E0,6.605985165E0
1.941326999E2,-1.459621787E-1,7.134799004E0,6.684948444E0
1.941528117E2,-1.483550072E-1,7.052246571E0,6.894320011E0
1.941729235E2,-2.572284266E-2,7.002595425E0,6.963113785E0
1.941930353E2,-3.589234129E-2,7.027719975E0,6.881757736E0
1.942131470E2,-8.135596663E-2,7.067201614E0,6.772884369E0
1.942332588E2,-1.974078640E-2,7.110870838E0,6.708278179E0
1.942533706E2,-3.589234129E-2,7.084549427E0,6.724429607E0
1.942734824E2,-1.758724600E-1,7.061817646E0,6.787839413E0
1.942935942E2,-1.525424421E-1,7.030711174E0,6.833901405E0
1.943137060E2,-4.187439755E-2,7.015756130E0,6.914659023E0
1.943338178E2,-4.187439755E-2,7.004988194E0,6.890132904E0
1.943539296E2,-1.339980662E-1,7.030112743E0,6.859025955E0
1.943740413E2,-2.398804724E-1,7.052844524E0,6.933801651E0
1.943941532E2,-1.860419661E-1,7.034300327E0,7.106683254E0
1.944142649E2,-5.922235921E-2,7.024729252E0,6.989434719E0
1.944343767E2,-1.136590764E-1,7.007979393E0,6.796214581E0
1.944544885E2,-2.039881349E-1,7.015756130E0,6.850651264E0
1.944746003E2,-2.285145670E-1,6.987041950E0,6.883552551E0
1.944947121E2,-3.302095234E-1,6.936194420E0,6.784848690E0
1.945148239E2,-3.852444589E-1,6.897311211E0,6.807580471E0
1.945349357E2,-3.601198196E-1,6.934998035E0,6.930810928E0
1.945550475E2,-2.141576260E-1,6.955935478E0,7.059424877E0
1.945751593E2,-1.106680483E-1,6.989434719E0,7.000202656E0
1.945952710E2,-1.908276081E-1,6.988238335E0,6.817749977E0
1.946153829E2,-2.386840582E-1,7.003791809E0,6.709474564E0
1.946354946E2,-2.685943544E-1,6.989434719E0,6.734001160E0
1.946556065E2,-2.159522474E-1,6.976872444E0,6.772286415E0
1.946757182E2,-2.333002090E-1,6.982256413E0,6.844070911E0
1.946958300E2,-2.626122832E-1,6.972086906E0,6.792625427E0
1.947159418E2,-1.082752272E-1,6.984649181E0,6.818946362E0
1.947360536E2,-1.734796464E-1,7.001997471E0,6.859025955E0
1.947561654E2,-3.337987661E-1,6.995417118E0,6.885945320E0
1.947762772E2,-3.523431420E-1,7.025925636E0,6.891329288E0
1.947963890E2,-3.403790295E-1,7.004390240E0,6.893722057E0
1.948165008E2,-3.314059377E-1,6.939784050E0,6.888338089E0
1.948366125E2,-1.818545163E-1,6.915855408E0,6.889534473E0
1.948567243E2,-1.668993831E-1,6.936194420E0,6.793223381E0
1.948768361E2,-2.763710022E-1,6.942176819E0,6.798008919E0
1.948969479E2,-2.997010350E-1,6.982256413E0,6.930810928E0
1.949170597E2,-2.285145670E-1,6.999006271E0,7.019345284E0
1.949371715E2,-1.998006850E-1,7.021738052E0,6.945765972E0
1.949572833E2,-1.639083475E-1,7.024130821E0,6.824928284E0
1.949773951E2,-9.332008660E-2,7.016952515E0,6.855436802E0
1.949975069E2,-1.310070455E-1,7.061817646E0,6.957131863E0
1.950176186E2,3.529413417E-2,7.067201614E0,7.095317364E0
1.950377305E2,9.930214286E-2,7.123433113E0,7.138388157E0
1.950578422E2,-1.615155302E-2,7.130611420E0,7.105486870E0
1.950779540E2,-7.357929647E-2,7.100102901E0,6.946962357E0
1.950980658E2,-1.172483116E-1,7.070790768E0,6.792026997E0
1.951181776E2,-5.503492057E-2,7.021139622E0,6.822535515E0
1.951382894E2,-9.870393574E-2,6.969694138E0,6.915855408E0
1.951584012E2,-2.051845491E-1,6.912266254E0,6.774679184E0
1.951785130E2,-2.446661144E-1,6.878168583E0,6.708278179E0
1.951986248E2,-2.745763958E-1,6.884150982E0,6.748358250E0
1.952187366E2,-4.450650215E-1,6.893722057E0,6.775277138E0
1.952388484E2,-5.006981492E-1,6.883552551E0,6.908079147E0
1.952589602E2,-3.858426511E-1,6.881159782E0,7.045068264E0
1.952790719E2,-1.830509305E-1,6.881159782E0,6.970890522E0
1.952991837E2,-2.249253243E-1,6.898507595E0,6.809374809E0
1.953192955E2,-2.865405083E-1,6.871588230E0,6.836892605E0
1.953394073E2,-2.333002090E-1,6.846463680E0,6.927819729E0
1.953595191E2,-1.824527234E-1,6.876972198E0,6.999604225E0
1.953796309E2,-7.836493850E-2,6.931408882E0,7.157530785E0
1.953997427E2,-1.058823988E-1,6.961319447E0,7.141977310E0
1.954198545E2,-1.034895778E-1,6.932007313E0,7.112067223E0
1.954399663E2,-1.944168359E-1,6.931408882E0,7.174280643E0
1.954600781E2,-2.177468538E-1,6.866204739E0,7.269395351E0
1.954801898E2,-1.064806059E-1,6.886543751E0,7.322037220E0
1.955003017E2,-5.682953820E-2,6.964908600E0,7.375875950E0
1.955204134E2,-1.286142170E-1,7.021139622E0,7.416553974E0
1.955405253E2,-2.482553422E-1,6.999006271E0,7.146762848E0
1.955606370E2,-2.093719840E-1,6.854240417E0,6.768098831E0
1.955807488E2,-1.639083475E-1,6.722036839E0,6.702894211E0
1.956008606E2,-3.116651475E-1,6.628716946E0,6.768098831E0
1.956209724E2,-4.695914388E-1,6.611967087E0,6.727420807E0
1.956410842E2,-5.312066078E-1,6.649653912E0,6.598806858E0
1.956611960E2,-4.444667995E-1,6.695715904E0,6.639484406E0
1.956813078E2,-2.578266263E-1,6.692724705E0,6.839883327E0
1.957014196E2,-3.936193287E-1,6.663413048E0,6.926623344E0
1.957215313E2,-5.784648657E-1,6.629314899E0,6.947560310E0
1.957416432E2,-5.569294691E-1,6.644868374E0,7.028318405E0
1.957617549E2,-4.313062727E-1,6.671189308E0,7.181458950E0
1.957818667E2,-2.135594189E-1,6.671787739E0,7.398607731E0
1.958019785E2,-2.051845491E-1,6.598806858E0,7.592426300E0
1.958220903E2,-3.786641955E-1,6.560521603E0,7.395616531E0
1.958422021E2,-4.779663086E-1,6.538387775E0,7.115656376E0
1.958623139E2,-5.479564071E-1,6.497709751E0,7.247261524E0
1.958824257E2,-5.742774606E-1,6.437889099E0,7.433303356E0
1.959025375E2,-4.995017350E-1,6.265007973E0,7.491927624E0
1.959226493E2,-3.200400174E-1,6.229115486E0,7.761120319E0
1.959427611E2,-1.292124242E-1,6.250052929E0,8.249854088E0
1.959628729E2,-3.577269912E-1,6.202196121E0,8.416155815E0
1.959829847E2,-6.628118753E-1,6.248856544E0,7.931010723E0
1.960030965E2,-5.318048596E-1,6.265605927E0,7.358527660E0
1.960232082E2,-2.566302419E-1,6.238088608E0,7.436294556E0
1.960433200E2,-2.015953064E-1,6.182455540E0,7.807780266E0
1.960634318E2,-1.752742529E-1,6.144170284E0,7.962715626E0
1.960835436E2,-2.297109663E-1,6.191428661E0,7.771887779E0
1.961036554E2,-3.278166950E-1,6.261418819E0,7.641479015E0
1.961237672E2,-2.578266263E-1,6.316453457E0,7.642675400E0
1.961438790E2,-1.674975902E-1,6.370292187E0,7.663014412E0
1.961639908E2,-1.280160099E-1,6.391827583E0,7.594819069E0
1.961841026E2,-1.639083475E-1,6.422336102E0,7.421339512E0
1.962042144E2,-1.543370634E-1,6.443871498E0,7.484150887E0
1.962243262E2,-4.067798331E-2,6.446264267E0,7.519444942E0
1.962444380E2,2.811566554E-2,6.487540245E0,7.357929707E0
1.962645497E2,-9.152546525E-2,6.415755749E0,7.454240799E0
1.962846616E2,1.016949583E-2,6.346364021E0,7.411767960E0
1.963047733E2,4.785645381E-2,6.440880299E0,7.381259441E0
1.963248852E2,-1.495514214E-1,6.438487530E0,7.554141045E0
1.963449969E2,-1.848455518E-1,6.482754707E0,7.700103283E0
1.963651087E2,-2.536391914E-1,6.517450809E0,7.743772507E0
1.963852205E2,-2.434697002E-1,6.354140759E0,7.904689789E0
1.964053323E2,-3.050848842E-1,6.396613121E0,8.098507881E0
1.964254441E2,2.273181453E-2,6.494120598E0,7.865208149E0
1.964455559E2,6.035895348E-1,6.412764549E0,6.864409924E0
1.964656677E2,3.062812984E-1,6.310471535E0,5.681757450E0
1.964857795E2,-6.155536175E-1,6.458826542E0,5.846263885E0
1.965058913E2,-5.796613097E-1,6.279364586E0,7.160521984E0
1.965260031E2,6.161518395E-2,6.257829189E0,7.748558044E0
1.965461148E2,6.550351977E-1,6.375077724E0,7.992625713E0
1.965662267E2,5.096712112E-1,6.386443615E0,8.063214302E0
1.965863384E2,7.178467698E-3,6.731608391E0,8.235497475E0
1.966064503E2,3.104687333E-1,6.523432732E0,8.595617294E0
1.966265620E2,7.130611539E-1,6.313462734E0,8.501100540E0
1.966466738E2,6.526423693E-1,6.471388817E0,7.962715626E0
1.966667856E2,7.956135273E-1,6.122634888E0,8.197810173E0
1.966868974E2,-1.357926875E-1,6.805785656E0,8.054839134E0
1.967070092E2,2.919243574E-1,6.761518478E0,7.551149845E0
1.967271210E2,4.133601189E-1,6.385845661E0,7.232904434E0
1.967472328E2,4.677968323E-1,6.626324177E0,7.074978352E0
1.967673446E2,5.395814776E-1,6.620940208E0,6.627520561E0
1.967874564E2,5.054838061E-1,6.489933014E0,6.696912289E0
1.968075682E2,2.889333367E-1,6.636493683E0,6.834499836E0
1.968276800E2,2.524427772E-1,6.722635269E0,6.889534473E0
1.968477918E2,5.246263742E-1,6.865606308E0,6.841678143E0
1.968679036E2,5.952146053E-1,7.057630539E0,6.698707104E0
1.968880154E2,7.507480979E-1,6.975676060E0,6.734599113E0
1.969081271E2,6.759724021E-1,6.971488953E0,6.930212498E0
1.969282390E2,6.640082598E-1,7.135396957E0,6.568896294E0
1.969483507E2,6.837490797E-1,7.091129780E0,7.058826923E0
1.969684625E2,6.215356588E-1,7.235297680E0,6.669394970E0
1.969885743E2,1.030708313E0,6.958926678E0,6.647859573E0
1.970086861E2,8.398807645E-1,6.948757172E0,6.802196503E0
1.970287979E2,2.267199457E-1,7.235895634E0,6.335596085E0
1.970489097E2,1.615155339E-1,6.917650223E0,6.896114826E0
1.970690215E2,3.972085714E-1,6.921837807E0,7.182057381E0
1.970891333E2,6.167500615E-1,6.999604225E0,6.876374245E0
1.971092451E2,5.850451589E-1,6.693323135E0,7.222136974E0
1.971293569E2,-3.391826153E-1,6.915855408E0,7.010970116E0
1.971494687E2,-3.068794906E-1,6.876972198E0,6.461817741E0
1.971695805E2,1.890329868E-1,6.857231617E0,6.769893646E0
1.971896923E2,6.801598072E-1,6.656832695E0,7.046264648E0
1.972098041E2,6.346961856E-1,6.573083878E0,6.696912289E0
1.972299159E2,2.673979402E-1,6.601199627E0,6.495316982E0
1.972500277E2,-3.924229145E-1,6.803392887E0,7.038487911E0
1.972701394E2,-3.529413342E-1,6.987041950E0,7.587640762E0
1.972902512E2,8.793623000E-2,6.866802692E0,7.296314240E0
1.973103630E2,4.462614357E-1,6.861418724E0,6.933203697E0
1.973304748E2,3.894318938E-1,6.884748936E0,7.079763889E0
1.973505866E2,7.238288224E-2,6.808178425E0,7.201199532E0
1.973706984E2,-2.147558331E-1,6.801000118E0,7.144370079E0
1.973908102E2,-1.657029688E-1,6.752545357E0,7.164111137E0
1.974109220E2,-3.649054468E-2,6.708278179E0,6.936792850E0
1.974310338E2,-1.980060786E-1,6.678368092E0,6.824330330E0
1.974511456E2,-3.595215976E-1,6.602396011E0,6.992425919E0
1.974712574E2,-4.187439680E-1,6.605386734E0,7.224529743E0
1.974913692E2,-2.566302419E-1,6.626324177E0,7.493722439E0
1.975114810E2,-2.321037948E-1,6.539584160E0,7.622934818E0
1.975315928E2,-3.433700502E-1,6.582056999E0,7.536194801E0
1.975517046E2,-3.876372576E-1,6.660421848E0,7.355536938E0
1.975718163E2,-3.511467278E-1,6.730412006E0,6.997211456E0
1.975919282E2,-1.956132501E-1,6.725626469E0,7.089933395E0
1.976120399E2,-7.657032460E-2,6.590431690E0,7.781459332E0
1.976321518E2,-1.483550072E-1,6.561717987E0,7.280761242E0
1.976522635E2,-1.310070455E-1,6.639484406E0,6.879963398E0
1.976723754E2,-1.657029688E-1,6.592226505E0,7.311867714E0
1.976924871E2,-2.243271172E-1,6.485147476E0,8.041080475E0
1.977125990E2,-4.157529473E-1,6.577271461E0,8.026723862E0
1.977327107E2,-4.031906128E-1,6.632904530E0,7.274180889E0
1.977528225E2,-2.961117923E-1,6.631708145E0,6.898507595E0
1.977729343E2,-2.333002090E-1,6.668796539E0,7.157530785E0
1.977930461E2,-1.417747438E-1,6.654439926E0,7.058228493E0
1.978131579E2,-8.255238086E-2,6.656832695E0,6.932605267E0
1.978332697E2,-1.220339537E-1,6.683153629E0,7.150352478E0
1.978533815E2,-1.268195957E-1,6.707680225E0,7.134799004E0
1.978734933E2,-1.429711580E-1,6.745965004E0,6.893123627E0
1.978936051E2,-7.477571070E-2,6.782455921E0,6.890132904E0
1.979137169E2,4.666004330E-2,6.786643028E0,7.101299286E0
1.979338287E2,1.674975827E-2,6.780661106E0,7.153343201E0
1.979539405E2,-2.392822690E-2,6.742974281E0,7.134799004E0
1.979740523E2,-1.232303679E-1,6.726822853E0,7.123433113E0
1.979941641E2,-7.357929647E-2,6.705287457E0,7.096513748E0
1.980142759E2,-1.328016520E-1,6.728019238E0,7.156334400E0
1.980343877E2,-2.171486616E-1,6.708876610E0,7.241279602E0
1.980544995E2,-1.968096644E-1,6.685546398E0,7.118647575E0
1.980746113E2,-2.129612118E-1,6.632306099E0,7.226324558E0
1.980947231E2,-3.978067636E-1,6.732206345E0,6.128018856E0
1.981148349E2,-2.889333367E-1,6.488736629E0,8.190033913E0
1.981349467E2,-3.702892959E-1,6.409175396E0,8.073383331E0
1.981550584E2,-2.446661144E-1,6.464808464E0,7.967501163E0
1.981751703E2,-5.264210105E-1,6.648457527E0,7.341778278E0
1.981952820E2,-3.684946895E-1,6.799803734E0,6.790830612E0
1.982153938E2,-1.639083475E-1,6.646663189E0,7.416553974E0
1.982355056E2,-1.381855011E-1,6.555137634E0,7.914859295E0
1.982556174E2,-2.338984162E-1,6.623332977E0,7.737790108E0
1.982757292E2,-1.980060786E-1,6.753143787E0,7.302894592E0
1.982958410E2,6.759724021E-2,6.719644070E0,7.093522549E0
1.983159528E2,2.817548811E-1,6.824330330E0,6.646064758E0
1.983360646E2,-6.819544733E-2,7.058228493E0,7.216155052E0
1.983561764E2,-3.409772366E-2,7.101299286E0,7.603193760E0
1.983762882E2,4.965107143E-2,7.365108013E0,7.712067604E0
1.983964000E2,-4.067798331E-2,7.677969456E0,7.838288784E0
1.984165118E2,-2.841476798E-1,7.857431412E0,8.142177582E0
1.984366236E2,-6.323033571E-1,8.003992081E0,8.298907280E0
1.984567354E2,-9.403793216E-1,8.271987915E0,8.434700012E0
1.984768472E2,-1.211964726E0,8.411968231E0,8.501100540E0
1.984969590E2,-1.748555183E0,8.394619942E0,8.208578110E0
1.985170708E2,-2.397608280E0,8.335397720E0,7.922037601E0
1.985371826E2,-2.734996319E0,8.049455643E0,7.905287743E0
1.985572944E2,-2.667398930E0,7.807780266E0,7.582854748E0
1.985774062E2,-2.803789854E0,8.246265411E0,7.352545738E0
1.985975180E2,-3.885943890E0,8.754739761E0,7.482356548E0
1.986176298E2,-3.884747505E0,7.789834023E0,7.420143127E0
1.986377416E2,-3.297907829E0,7.490133286E0,6.834499836E0
1.986578534E2,-2.495713949E0,7.540382385E0,5.787639618E0
1.986779652E2,-6.029912829E-1,7.275975227E0,6.866204739E0
1.986980770E2,1.153938770E0,6.600003242E0,8.837292671E0
1.987181888E2,1.293918848E0,6.097510338E0,8.532805443E0
1.987383006E2,1.454237938E0,5.449653625E0,7.167700291E0
1.987584124E2,2.382055044E0,4.643272400E0,5.949155331E0
1.987785242E2,3.151945591E0,3.915854216E0,5.549553871E0
1.987986360E2,3.361915827E0,3.725624800E0,6.153741837E0
1.988187478E2,3.018545866E0,3.681357622E0,7.297510624E0
1.988388596E2,2.332403898E0,3.388834953E0,7.507481098E0
1.988589713E2,4.354937077E-1,3.738187075E0,6.815955162E0
1.988790832E2,-1.350150228E0,4.700101852E0,6.075376511E0
1.988991949E2,-1.436890006E0,5.240281582E0,5.470590591E0
1.989193068E2,-1.010369420E0,5.701498032E0,4.820341110E0
1.989394186E2,-1.107278705E0,6.552744865E0,4.339384079E0
1.989595304E2,-8.715856671E-1,7.359126091E0,4.574478626E0
1.989796422E2,-1.328016520E-1,7.492526054E0,4.787439823E0
1.989997540E2,-1.974078715E-1,7.374081135E0,4.798207760E0
1.990198658E2,-5.018945336E-1,7.494918823E0,5.596213818E0
1.990399775E2,-2.374876440E-1,7.485945702E0,6.174080849E0
1.990600894E2,8.255238086E-2,7.481160164E0,6.146563053E0
1.990802011E2,7.639086246E-1,7.759923935E0,6.305685997E0
1.991003130E2,1.941177368E0,7.968697548E0,5.568098068E0
1.991204247E2,1.999203324E0,7.738388538E0,4.305285931E0
1.991405366E2,9.792626500E-1,6.606583118E0,5.126622677E0
1.991606484E2,-8.488538265E-1,6.382854462E0,4.937589645E0
1.991807602E2,-2.234298229E0,6.385845661E0,4.765904427E0
1.992008720E2,-2.054836512E0,6.228517532E0,6.534200668E0
1.992209837E2,-1.606182218E0,6.628716946E0,7.383054256E0
1.992410956E2,-1.463211060E0,7.229315281E0,6.852446079E0
1.992612073E2,-9.978070259E-1,7.537989616E0,5.711069584E0
1.992813192E2,-2.566302419E-1,7.738986492E0,5.670989513E0
1.993014310E2,2.973082066E-1,7.854440212E0,6.440880299E0
1.993215428E2,-1.046859920E-1,7.811967850E0,7.822137356E0
1.993416545E2,-7.304090858E-1,7.806583881E0,8.534600258E0
1.993617663E2,-1.167697430E0,7.803592682E0,7.696514130E0
1.993818782E2,-1.429711580E0,8.176275253E0,6.078367710E0
1.994019899E2,-8.051848412E-1,8.741579056E0,4.625924587E0
1.994221018E2,3.534198999E0,7.083951473E0,5.166104317E0
1.994422135E2,2.330011129E0,8.011768341E0,7.386643410E0
1.994623254E2,2.681756020E0,5.443073273E0,9.190832138E0
1.994824372E2,3.188436031E-1,5.514857769E0,9.500103951E0
1.995025490E2,-9.738788009E-1,6.444469452E0,1.005344391E1
1.995226608E2,8.051848412E-1,4.409972191E0,9.390034676E0
1.995427725E2,1.716850251E-1,4.324428558E0,8.740981102E0
1.995628844E2,-1.894517303E0,4.817948341E0,9.299106598E0
1.995829961E2,-2.643470764E0,4.917848587E0,1.057268715E1
1.996031080E2,-2.094317913E0,4.794020176E0,1.101057339E1
1.996232198E2,1.883749604E0,2.867797852E0,9.517452240E0
1.996433316E2,1.286740422E0,1.136590719E0,8.456833839E0
1.996634434E2,-3.391826153E0,5.718247890E0,1.013479996E1
1.996835552E2,-4.162314892E0,6.737590313E0,1.338006592E1
1.997036670E2,-8.733802438E-1,4.606183529E0,1.194437218E1
1.997237788E2,-1.514058471E0,5.309673309E0,9.818947792E0
1.997438906E2,-4.061816335E-1,5.126024246E0,7.982456207E0
1.997640024E2,-1.092323542E0,5.695516109E0,7.135995388E0
1.997841142E2,-2.276770830E0,5.254638672E0,6.943373203E0
1.998042260E2,-2.893520832E0,5.615356445E0,7.654639721E0
1.998243378E2,-2.874378204E0,4.677370071E0,8.077570915E0
1.998444496E2,-1.321436286E0,5.917450428E0,7.971688747E0
1.998645614E2,-9.391828626E-2,5.924030781E0,7.446464062E0
1.998846732E2,-1.202991605E0,5.854638577E0,6.558128834E0
1.999047850E2,-2.345564365E0,5.844469070E0,5.954539299E0
1.999248968E2,-2.724228621E0,5.359324455E0,5.216353416E0
1.999450086E2,-2.991626501E0,4.977071285E0,4.920241356E0
1.999651204E2,-2.586043119E0,5.024927616E0,5.324628353E0
1.999852322E2,-1.636092424E0,5.327619553E0,5.733801365E0
2.000053440E2,-4.773681164E-1,5.779264927E0,6.880561352E0
2.000254558E2,-2.321037948E-1,7.347760201E0,7.853243828E0
2.000455677E2,-8.219345808E-1,8.338987350E0,6.634698868E0
2.000656794E2,-1.028315544E0,8.402397156E0,3.976273060E0
2.000857912E2,-1.071386337E0,8.181658745E0,1.916052699E0
2.001059031E2,-1.918445587E0,8.322237015E0,1.443470240E0
2.001260148E2,-3.513859987E0,9.198010445E0,2.197209358E0
2.001461267E2,-3.270988464E0,9.382855415E0,3.452843189E0
2.001662384E2,-2.858824968E0,9.431908607E0,4.396811485E0
2.001863503E2,-2.251047850E0,9.390632629E0,4.566103935E0
2.002064621E2,-1.036690354E0,8.240283012E0,3.848855257E0
2.002265738E2,2.811566591E-1,7.661818027E0,4.225724697E0
2.002466857E2,6.221338734E-2,7.328617573E0,4.596612453E0
2.002667975E2,-2.847459018E-1,6.827321053E0,4.733601570E0
2.002869093E2,-1.761117458E0,6.222535133E0,5.882156372E0
2.003070211E2,-2.465205431E0,5.657230854E0,7.296314240E0
2.003271329E2,-2.539382935E0,5.178666592E0,7.697112083E0
2.003472447E2,-3.053241730E0,5.371288776E0,8.642276764E0
2.003673565E2,-2.520838737E0,5.588437080E0,9.510273933E0
2.003874683E2,-1.175474167E0,5.856433392E0,9.850054741E0
2.004075802E2,-2.161915302E0,3.684348583E0,9.837491989E0
2.004276919E2,-2.142772675E0,5.501697540E0,9.263813019E0
2.004478037E2,-1.969891191E0,7.304689407E0,8.937790871E0
2.004679156E2,-1.470987678E0,6.463612080E0,1.026700401E1
2.004880273E2,-1.892722726E0,8.087740898E0,1.128455162E1
2.005081392E2,-4.725824594E-1,6.330212116E0,1.034177971E1
2.005282510E2,2.721835673E-1,5.993422508E0,9.486345291E0
2.005483628E2,2.175075769E0,2.928814888E0,9.081958771E0
2.005684746E2,5.027918816E0,2.380858511E-1,9.542576790E0
2.005885864E2,5.864210129E0,-3.146561682E-1,1.007139015E1
2.006086982E2,2.386840582E0,2.200798512E0,1.130967617E1
2.006288100E2,-1.176670551E0,3.640679598E0,1.257368469E1
2.006489218E2,-1.399801224E-1,3.373281717E0,1.173380375E1
2.006690336E2,1.551147223E0,2.800200701E0,1.000379372E1
2.006891454E2,1.616351724E0,3.067000389E0,9.111868858E0
2.007092572E2,1.152742267E0,3.799802303E0,9.169296265E0
2.007293691E2,1.001994491E0,4.607379913E0,8.764310837E0
2.007494809E2,1.890329868E-1,5.523232937E0,7.646264553E0
2.007695927E2,-9.361918569E-1,6.099903107E0,6.044867992E0
2.007897045E2,-9.553344250E-1,5.771488190E0,5.141577721E0
2.008098163E2,-1.527219057E0,5.245067120E0,5.493322372E0
2.008299281E2,-2.280359983E0,5.885745525E0,7.182655334E0
2.008500399E2,-1.908276081E-1,6.541378975E0,9.437891006E0
2.008701517E2,1.051047325E0,6.609574318E0,1.016112137E1
2.008902635E2,-1.764706671E-1,5.881557941E0,9.523433685E0
2.009103753E2,-1.258026481E0,5.606981754E0,8.474779129E0
2.009304871E2,-3.181257725E0,5.282155991E0,7.240083218E0
2.009505990E2,-4.215555191E0,5.303092957E0,6.215955257E0
2.009707108E2,-4.255635262E0,5.361119270E0,5.602794170E0
2.009908225E2,-3.879363775E0,5.607579708E0,5.535795212E0
2.010109344E2,-3.156731367E0,6.065207005E0,5.453242779E0
2.010310462E2,-2.140978098E0,6.509075642E0,5.900102615E0
2.010511580E2,-1.576271892E0,6.508477688E0,6.657430649E0
2.010712698E2,-9.523434043E-1,6.342774391E0,7.163512707E0
2.010913816E2,-8.644071817E-1,6.368497372E0,7.245467186E0
2.011114934E2,-1.295115232E0,6.436692715E0,7.222136974E0
2.011316053E2,-1.106082320E0,6.521039963E0,6.905087948E0
2.011517171E2,9.272187948E-2,6.920042992E0,6.799205780E0
2.011718288E2,-6.370890141E-1,7.120441914E0,6.933801651E0
2.011919407E2,-9.463613629E-1,7.078567505E0,7.314858913E0
2.012120525E2,-1.371087432E0,7.057630539E0,6.910471916E0
2.012321643E2,-1.357926846E0,6.412166595E0,7.030112743E0
2.012522761E2,5.635097623E-1,4.811367989E0,7.649854183E0
2.012723879E2,-8.578268886E-1,7.166503906E0,8.229515076E0
2.012924997E2,-6.538388133E-1,8.068597794E0,7.470392227E0
2.013126116E2,1.375873014E-2,7.744968891E0,6.556932449E0
2.013327234E2,2.572284341E-1,7.493722439E0,5.790032387E0
2.013528352E2,-6.927221417E-1,7.338787079E0,5.343173027E0
2.013729470E2,-1.834696770E0,7.366902828E0,4.917848587E0
2.013930588E2,-2.755933523E0,7.626523972E0,4.176671982E0
2.014131706E2,-2.951546669E0,8.328817368E0,3.991228104E0
2.014332824E2,-2.682952404E0,8.462217331E0,4.539782524E0
2.014533942E2,-1.546959877E0,7.984848976E0,4.706682205E0
2.014735060E2,-5.557330847E-1,7.833503246E0,4.820939541E0
2.014936179E2,-9.332008660E-2,7.864609718E0,5.450850010E0
2.015137297E2,9.332008660E-2,7.486543655E0,6.352943897E0
2.015338415E2,-2.392822653E-1,7.103692055E0,7.314260483E0
2.015539533E2,-6.675975323E-1,7.140780926E0,7.972885132E0
2.015740651E2,-9.451649189E-1,6.951149940E0,7.967501163E0
2.015941769E2,-1.205982566E0,7.051050186E0,7.596015453E0
2.016142887E2,-1.342971683E0,7.023532867E0,6.822535515E0
2.016344006E2,-9.936196208E-1,6.933801651E0,5.952146530E0
2.016545124E2,-8.303094506E-1,7.124629498E0,6.040082455E0
2.016746242E2,-1.472782373E0,7.412366390E0,7.000202656E0
2.016947360E2,-2.052443504E0,6.994220734E0,7.435696602E0
2.017148478E2,-2.143969059E0,6.698108673E0,7.545766354E0
2.017349596E2,-2.060818434E0,6.752545357E0,7.531409264E0
2.017550715E2,-1.689931035E0,6.892525673E0,7.310671329E0
2.017751833E2,-1.311266780E0,7.098906517E0,6.768098831E0
2.017952951E2,-1.045065284E0,7.261020184E0,6.435496330E0
2.018154069E2,-1.015154958E0,7.399205685E0,6.293123722E0
2.018355187E2,-1.178465128E0,7.427919865E0,6.209374905E0
2.018556305E2,-1.215553880E0,7.435098171E0,6.002395630E0
2.018757423E2,-1.319043517E0,7.468597889E0,6.009573936E0
2.018958542E2,-1.267597795E0,7.549953461E0,6.185446739E0
2.019159660E2,-1.127617717E0,7.573882103E0,6.138188362E0
2.019360778E2,-1.101894855E0,7.584649563E0,5.780461311E0
2.019561896E2,-1.000798106E0,7.589435101E0,5.337789059E0
2.019763014E2,-8.554341197E-1,7.614559650E0,5.296513081E0
2.019964132E2,-6.436693072E-1,7.558926582E0,5.732604980E0
2.020165250E2,-6.257231236E-1,7.490133286E0,6.046662807E0
2.020366369E2,-8.458628058E-1,7.380661488E0,6.328417778E0
2.020567487E2,-1.114457130E0,7.429714203E0,6.297909260E0
2.020768605E2,-1.243071318E0,7.621140003E0,6.029314995E0
2.020969723E2,-1.213161111E0,7.673782349E0,5.974279881E0
2.021170842E2,-1.008574724E0,7.547560692E0,6.023931026E0
2.021371960E2,-1.006181955E0,7.444669247E0,6.312266350E0
2.021573078E2,-1.094118118E0,7.296314240E0,6.693323135E0
2.021774196E2,-1.220937729E0,7.208976269E0,6.840481758E0
2.021975314E2,-1.474576950E0,7.213163853E0,6.833901405E0
2.022176432E2,-1.587039590E0,7.295117855E0,6.533602238E0
2.022377550E2,-1.397408366E0,7.316055298E0,6.212964058E0
2.022578669E2,-1.218544960E0,7.409973621E0,6.056832314E0
2.022779787E2,-1.124626637E0,7.480561733E0,6.136991978E0
2.022980905E2,-1.247258782E0,7.426125050E0,6.449255466E0
2.023182023E2,-1.463211060E0,7.321439266E0,6.427719593E0
2.023383142E2,-1.520040631E0,7.280761242E0,6.292525291E0
2.023584260E2,-1.379462242E0,7.097112179E0,6.480959892E0
2.023785378E2,-1.039681435E0,6.765107632E0,6.754938126E0
2.023986496E2,-1.904686809E0,7.461419106E0,6.696912289E0
2.024187614E2,-1.748555183E0,7.293921471E0,6.283552170E0
2.024388732E2,-1.459621787E0,7.213163853E0,6.193223000E0
2.024589850E2,-1.346560955E0,7.310671329E0,6.206982136E0
2.024790969E2,-1.230509043E0,7.438089371E0,6.125626087E0
2.024992087E2,-1.057627559E0,7.540980339E0,6.031109333E0
2.025193205E2,-8.338986635E-1,7.460821152E0,6.229115486E0
2.025394323E2,-9.314061999E-1,7.458428383E0,6.477370739E0
2.025595442E2,-1.114457130E0,7.457829952E0,6.437291145E0
2.025796560E2,-1.188634634E0,7.427321434E0,6.268597126E0
2.025997678E2,-1.172483087E0,7.357331276E0,6.301498413E0
2.026198796E2,-1.184447169E0,7.360322475E0,6.305685997E0
2.026399915E2,-1.226919770E0,7.413562775E0,6.243472576E0
2.026601033E2,-1.266401410E0,7.406384468E0,6.437291145E0
2.026802151E2,-1.369292736E0,7.360322475E0,6.712465763E0
2.027003269E2,-1.475773335E0,7.333403111E0,6.716653347E0
2.027204387E2,-1.499103427E0,7.347161770E0,6.610172749E0
2.027405506E2,-1.463809252E0,7.299305439E0,6.562315941E0
2.027606624E2,-1.396211982E0,7.288537979E0,6.605985165E0
2.027807742E2,-1.022333503E0,7.456633568E0,6.440282345E0
2.028008860E2,-5.162515044E-1,7.685746193E0,6.848258495E0
2.028209979E2,-7.722834945E-1,7.904091358E0,6.221338749E0
2.028411097E2,-9.320043921E-1,7.953144073E0,5.564508915E0
2.028612215E2,-1.113260746E0,7.774280548E0,4.633102894E0
2.028813333E2,-1.964507341E0,6.820741177E0,3.849453449E0
2.029014452E2,-3.225524902E0,7.261020184E0,3.278765202E0
2.029215570E2,-2.852842808E0,7.252645493E0,3.990031719E0
2.029416687E2,-1.816152334E0,7.557132244E0,6.118447304E0
2.029617806E2,-3.625126183E-1,7.680362701E0,7.886743546E0
2.029818924E2,2.279163599E-1,7.676175117E0,8.752944946E0
2.030020043E2,-8.374879509E-2,7.603193760E0,8.717052460E0
2.030221160E2,-7.501499057E-1,7.402196884E0,7.674380302E0
2.030422279E2,-1.402792215E0,7.319046497E0,6.134599209E0
2.030623397E2,-1.832902193E0,7.309474945E0,5.044070244E0
2.030824516E2,-2.015953064E0,7.249056339E0,4.806582451E0
2.031025633E2,-1.907677889E0,7.247859955E0,5.343173027E0
2.031226752E2,-1.685145378E0,7.264609337E0,6.154938221E0
2.031427870E2,-1.460219979E0,7.298109055E0,6.634100914E0
2.031628988E2,-1.261017561E0,7.357331276E0,6.770491600E0
2.031830107E2,-1.152742267E0,7.375875950E0,6.686742783E0
2.032031225E2,-1.140778184E0,7.392625332E0,6.476772785E0
2.032232343E2,-1.120439172E0,7.415357590E0,6.346961975E0
2.032433461E2,-1.048654556E0,7.536793232E0,6.471388817E0
2.032634580E2,-8.183453679E-1,7.531409264E0,6.685546398E0
2.032835698E2,-8.225327730E-1,7.599006653E0,6.578467846E0
2.033036816E2,-9.864411354E-1,7.628318787E0,6.213562012E0
2.033237934E2,-1.073779106E0,7.600800991E0,5.920441628E0
2.033439053E2,-1.098903775E0,7.582854748E0,5.847460270E0
2.033640171E2,-9.786644578E-1,7.567301750E0,5.983851433E0
2.033841289E2,-9.954141974E-1,7.483552933E0,6.178267956E0
2.034042407E2,-1.125224829E0,7.459026337E0,6.108876228E0
2.034243525E2,-1.237089276E0,7.486543655E0,6.077769279E0
2.034444644E2,-1.167697430E0,7.463213921E0,6.106483459E0
2.034645762E2,-1.111466169E0,7.516454220E0,6.064010620E0
2.034846880E2,-1.144367456E0,7.513463020E0,6.217151642E0
2.035047998E2,-1.181456208E0,7.470990658E0,6.385845661E0
2.035249117E2,-1.260419369E0,7.459624767E0,6.439085960E0
2.035450235E2,-1.310070395E0,7.429714203E0,6.337390900E0
2.035651353E2,-1.281954765E0,7.467999458E0,6.241677761E0
2.035852472E2,-1.202393413E0,7.491927624E0,6.198009014E0
2.036053590E2,-1.174875975E0,7.528418064E0,6.240481377E0
2.036254708E2,-1.131206870E0,7.561917782E0,6.296114445E0
2.036455827E2,-1.137188911E0,7.515257835E0,6.349354744E0
2.036894117E2,-7.956135273E-1,8.239086151E0,4.336392879E0
2.037095236E2,-6.257231236E-1,8.179265976E0,4.432105541E0
2.037296355E2,-4.516452849E-1,8.313861847E0,5.231906891E0
2.037497474E2,-3.463610709E-1,8.246265411E0,5.749354839E0
2.037698593E2,-5.527420044E-1,8.186444283E0,5.608776093E0
2.037899713E2,-8.027920127E-1,8.152944565E0,5.127220631E0
2.038100832E2,-9.415757060E-1,8.080561638E0,4.926223755E0
2.038301951E2,-8.416753411E-1,8.066205025E0,5.045864582E0
2.038503070E2,-7.393822074E-1,8.093722343E0,5.326423168E0
2.038704189E2,-8.231309652E-1,8.107481003E0,5.564508915E0
2.038905308E2,-8.991031051E-1,8.111070633E0,5.641079426E0
2.039106427E2,-8.877372146E-1,8.145168304E0,5.542973518E0
2.039307547E2,-9.290133715E-1,8.123034477E0,5.453841209E0
2.039508666E2,-9.074779749E-1,8.061419487E0,5.353940487E0
2.039709785E2,-8.691928387E-1,8.082955360E0,5.278566837E0
2.039910904E2,-8.398807645E-1,8.077570915E0,5.257629395E0
2.040112023E2,-9.332008362E-1,8.032107353E0,5.271986485E0
2.040313142E2,-1.042074203E0,7.996813297E0,5.285745144E0
2.040514261E2,-1.051645517E0,7.998608112E0,5.300700188E0
2.040715380E2,-1.061815023E0,8.027919769E0,5.419743061E0
2.040916500E2,-1.031306505E0,8.028517723E0,5.556732178E0
2.041117619E2,-1.007976532E0,8.053643227E0,5.597410202E0
2.041318738E2,-9.625129104E-1,8.080561638E0,5.541777134E0
2.041519857E2,-9.565308690E-1,8.083553314E0,5.492125988E0
2.041720976E2,-1.013360381E0,8.070392609E0,5.452644825E0
2.041922096E2,-1.035493970E0,8.071588516E0,5.346164227E0
2.042123214E2,-9.834501147E-1,8.043473244E0,5.234897614E0
2.042324334E2,-9.571290612E-1,8.059624672E0,5.194818020E0
2.042525453E2,-8.985049129E-1,8.081758499E0,5.237290382E0
2.042726572E2,-8.321040869E-1,8.090133667E0,5.316852093E0
2.042927691E2,-8.590233326E-1,8.085348129E0,5.423332691E0
2.043128810E2,-9.002995491E-1,8.059026718E0,5.490331650E0
2.043329929E2,-9.128618240E-1,8.059026718E0,5.490929604E0
2.043531049E2,-9.020941257E-1,8.093722343E0,5.483751297E0
2.043732168E2,-9.098708034E-1,8.118846893E0,5.498108387E0
2.043933287E2,-9.583254457E-1,8.123034477E0,5.523830891E0
2.044134406E2,-9.978070259E-1,8.112865448E0,5.441278458E0
2.044335525E2,-1.022931695E0,8.090133667E0,5.317450047E0
2.044536645E2,-1.060618639E0,8.065009117E0,5.284548759E0
2.044737764E2,-1.010369420E0,8.075776100E0,5.289334297E0
2.044938883E2,-9.619147182E-1,8.034500122E0,5.288137913E0
2.045140002E2,-8.721838593E-1,8.062616348E0,5.194818020E0
2.045341121E2,-1.001396298E0,8.076375008E0,5.158925533E0
2.045542240E2,-1.098305583E0,8.013563156E0,5.273781300E0
2.045743359E2,-1.044467092E0,8.033902168E0,5.367101192E0
2.045944478E2,-9.643075466E-1,8.010572433E0,5.341378212E0
2.046145598E2,-1.081555843E0,8.017750740E0,5.415555954E0
2.046346717E2,-1.238285661E0,8.011170387E0,5.552545071E0
2.046547836E2,-1.140778184E0,7.934599876E0,5.675775528E0
2.046748955E2,-1.138983607E0,7.983652592E0,5.842674732E0
2.046950074E2,-1.034895778E0,7.942376614E0,5.818746567E0
2.047151193E2,-1.056431174E0,7.959724426E0,5.636891842E0
2.047352313E2,-1.149153113E0,7.959126472E0,5.459224701E0
2.047553432E2,-1.235892892E0,7.922037601E0,5.407779217E0
2.047754551E2,-1.112064362E0,7.868797302E0,5.450251579E0
2.047955670E2,-5.629115105E-1,7.913662910E0,5.489733219E0
2.048156789E2,-1.399801224E-1,8.139185905E0,5.333601475E0
2.048357909E2,-1.956132501E-1,8.116454124E0,5.266004562E0
2.048559028E2,-6.311069727E-1,8.008777618E0,5.173880577E0
2.048760147E2,-1.083948612E0,7.895118237E0,5.153541565E0
2.048961266E2,-1.523031592E0,7.810173035E0,5.347958565E0
2.049162385E2,-1.949552298E0,7.770691395E0,5.729015827E0
2.049363504E2,-2.130808592E0,7.768897057E0,5.977869034E0
2.049564624E2,-2.002792597E0,7.782057285E0,5.947958946E0
2.049765743E2,-1.831705689E0,7.844869137E0,5.720640659E0
2.049966862E2,-1.612762451E0,7.887939930E0,5.505885124E0
2.050167981E2,-1.347159147E0,7.904091358E0,5.416153908E0
2.050369100E2,-1.153340459E0,7.894520283E0,5.492724419E0
2.050570220E2,-1.152144074E0,7.886743546E0,5.591428280E0
2.050771339E2,-1.178465128E0,7.941778183E0,5.757131100E0
2.050972458E2,-1.130608678E0,7.939983845E0,5.891129494E0
2.051173577E2,-1.075573802E0,7.923233986E0,5.867799282E0
2.051374697E2,-1.002592683E0,7.930412292E0,5.823532104E0
2.051575815E2,-9.296116233E-1,7.990831375E0,5.749952793E0
2.051776935E2,-8.327022791E-1,8.030312538E0,5.722435474E0
2.051978054E2,-6.239284873E-1,8.019545555E0,5.781657696E0
2.052179173E2,-5.862415582E-2,7.963313580E0,5.871388435E0
2.052380292E2,4.654040039E-1,8.090731621E0,5.886941910E0
2.052581412E2,2.027917206E-1,8.347960472E0,5.442475319E0
2.052782530E2,-2.739782035E-1,8.331210136E0,5.028516769E0
2.052983650E2,-7.597211599E-1,8.217551231E0,5.047659397E0
2.053184769E2,-1.272981644E0,8.146365166E0,4.880760193E0
2.053385888E2,-1.476371527E0,8.018946648E0,4.849055290E0
2.053587008E2,-1.584048629E0,8.075178146E0,5.029713154E0
2.053788127E2,-1.389631748E0,8.128418922E0,4.995615482E0
2.053989246E2,-9.427721500E-1,8.120043755E0,5.150550842E0
2.054190365E2,-8.297112584E-1,8.188239098E0,5.270790100E0
2.054391484E2,-9.738788009E-1,8.160721779E0,5.164907455E0
2.054592603E2,-1.109671474E0,8.084151268E0,5.173282623E0
2.054793723E2,-1.169492126E0,8.081758499E0,5.371288776E0
2.054994842E2,-1.189831018E0,8.042875290E0,5.538187981E0
2.055195961E2,-1.138983607E0,7.955537319E0,5.669195175E0
2.055397080E2,-1.149751306E0,7.916055679E0,5.693721294E0
2.055598199E2,-1.323829174E0,7.968099594E0,5.532804012E0
2.055799318E2,-1.463809252E0,8.033902168E0,5.373681545E0
2.056000438E2,-1.481755376E0,8.039883614E0,5.337789059E0
2.056201557E2,-1.360319614E0,8.019545555E0,5.484349728E0
2.056402676E2,-1.134197950E0,8.006982803E0,5.509474277E0
2.056603796E2,-1.065404296E0,7.990232944E0,5.385047436E0
2.056804915E2,-1.270588875E0,7.969295979E0,5.285147190E0
2.057006034E2,-1.517049551E0,7.913064480E0,5.176273346E0
2.057207153E2,-1.648654819E0,7.890332699E0,5.115256786E0
2.057408272E2,-1.576271892E0,7.925626755E0,5.134399414E0
2.057609391E2,-1.403988719E0,7.994420528E0,5.200201988E0
2.057810511E2,-1.263410330E0,8.045268059E0,5.212165833E0
2.058011630E2,-1.220937729E0,8.049455643E0,5.251049519E0
2.058212749E2,-1.252044439E0,8.038089752E0,5.373681545E0
2.058413868E2,-1.266999602E0,8.015955925E0,5.611767292E0
2.058614988E2,-1.198804140E0,7.959126472E0,5.825924873E0
2.058816107E2,-1.189232826E0,7.939385414E0,5.787639618E0
2.059017226E2,-1.254437327E0,7.938787460E0,5.719444275E0
2.059218345E2,-1.289133191E0,7.944769382E0,5.785246849E0
2.059419464E2,-1.190429211E0,7.970492363E0,5.912066460E0
2.059620584E2,-1.069591761E0,8.036892891E0,5.900700569E0
2.059821703E2,-1.016949654E0,8.074580193E0,5.725426197E0
2.060022822E2,-1.058824062E0,8.102695465E0,5.441278458E0
2.060223941E2,-1.099501967E0,8.082356453E0,5.242674351E0
2.060425061E2,-1.092323542E0,8.065009117E0,5.140381336E0
2.060626180E2,-1.110269666E0,8.005187988E0,5.161318302E0
2.060827299E2,-1.152144074E0,7.958528042E0,5.210371494E0
2.061028418E2,-1.179661512E0,7.931608677E0,5.298307419E0
2.061229537E2,-1.118046403E0,7.969295979E0,5.371288776E0
2.061430657E2,-1.161715388E0,8.027321815E0,5.371886730E0
2.061631776E2,-1.321436286E0,8.013563156E0,5.310271740E0
2.061832895E2,-1.465005636E0,7.985447407E0,5.275575638E0
2.062034014E2,-1.604985833E0,7.907680511E0,5.383851051E0
2.062235134E2,-1.680957913E0,7.875975609E0,5.519643784E0
2.062436253E2,-1.661217093E0,7.895118237E0,5.649454117E0
2.062637372E2,-1.532602906E0,7.935198307E0,5.695516109E0
2.062838491E2,-1.360917926E0,7.971090317E0,5.681757450E0
2.063039610E2,-1.215553880E0,8.013563156E0,5.583053589E0
2.063240729E2,-1.200598717E0,8.011768341E0,5.495117188E0
2.063441849E2,-1.281954765E0,8.015357971E0,5.494519234E0
2.063642968E2,-1.290329576E0,8.041678429E0,5.509474277E0
2.063844087E2,-1.243669510E0,8.091927528E0,5.408377171E0
2.064045207E2,-1.124626637E0,8.070990562E0,5.166702271E0
2.064246326E2,-1.011565804E0,8.023732185E0,5.026721954E0
2.064447445E2,-1.040279627E0,8.017151833E0,5.137390137E0
2.064648564E2,-1.207179070E0,7.953742504E0,5.451447964E0
2.064849684E2,-1.360319614E0,7.881958008E0,5.737988472E0
2.065050803E2,-1.376471281E0,7.919644833E0,5.901896954E0
2.065251922E2,-1.429113269E0,7.972286701E0,5.835496426E0
2.065453041E2,-1.546959877E0,8.026723862E0,5.592026711E0
2.065654160E2,-1.483550072E0,8.050651550E0,5.285745144E0
2.065855279E2,-1.321436286E0,7.984848976E0,5.152345181E0
2.066056399E2,-1.255035520E0,7.948956966E0,5.373681545E0
2.066257518E2,-1.280758262E0,7.952546120E0,5.535795212E0
2.066458637E2,-1.338186026E0,8.024929047E0,5.430510998E0
2.066659757E2,-1.260419369E0,8.076972961E0,5.023731232E0
2.066860876E2,-1.156331539E0,8.042875290E0,4.683950424E0
2.067061995E2,-1.143769264E0,7.991429329E0,4.807180882E0
2.067263114E2,-1.219741344E0,7.950153351E0,5.298307419E0
2.067464234E2,-1.310668588E0,7.913064480E0,5.753541946E0
2.067665353E2,-1.331605792E0,7.932207108E0,5.900700569E0
2.067866472E2,-1.316052437E0,7.981858253E0,5.851049423E0
2.068067591E2,-1.277169108E0,8.001599312E0,5.783452511E0
2.068268711E2,-1.239482164E0,8.002795219E0,5.782256126E0
2.068469829E2,-1.253240824E0,7.986045361E0,5.818148136E0
2.068670949E2,-1.320838094E0,7.995018482E0,5.782256126E0
2.068872068E2,-1.330409408E0,7.996813297E0,5.695516109E0
2.069073187E2,-1.249053478E0,8.023134232E0,5.497509956E0
2.069274307E2,-1.152742267E0,8.026723862E0,5.300102234E0
2.069475426E2,-1.153938770E0,8.003992081E0,5.218746185E0
2.069676545E2,-1.222134113E0,7.956733704E0,5.231308460E0
2.069877664E2,-1.278365493E0,7.923832417E0,5.278566837E0
2.070078784E2,-1.319043517E0,7.956733704E0,5.325226784E0
2.070279903E2,-1.305284739E0,8.016553879E0,5.340181828E0
2.070481022E2,-1.229910851E0,8.047660828E0,5.274977684E0
2.070682141E2,-1.200598717E0,8.036892891E0,5.297111034E0
2.070883261E2,-1.232303619E0,8.003992081E0,5.466403484E0
2.071084380E2,-1.315454245E0,7.972885132E0,5.550750256E0
2.071285499E2,-1.403988719E0,7.956135273E0,5.501697540E0
2.071486618E2,-1.409372568E0,7.923233986E0,5.459224701E0
2.071687738E2,-1.416550994E0,7.889734268E0,5.559125423E0
2.071888857E2,-1.515853167E0,7.858029366E0,5.714060307E0
2.072089976E2,-1.685743570E0,7.853842258E0,5.747560024E0
2.072291095E2,-1.673779488E0,7.867002487E0,5.678168297E0
2.072492214E2,-1.505683661E0,7.949554920E0,5.606383324E0
2.072693334E2,-1.285543919E0,8.026124954E0,5.616552830E0
2.072894453E2,-1.159920812E0,8.057231903E0,5.548955917E0
2.073095572E2,-1.131805062E0,8.047062874E0,5.272584915E0
2.073296691E2,-1.143171072E0,7.994420528E0,5.046463013E0
2.073497811E2,-1.167099237E0,7.975875854E0,5.030311584E0
2.073698930E2,-1.150349498E0,8.002795219E0,5.166104317E0
2.073900049E2,-1.109671474E0,8.010572433E0,5.269593716E0
2.074101168E2,-1.042074203E0,7.970492363E0,5.333601475E0
2.074302288E2,-1.082154036E0,7.983054638E0,5.526822090E0
2.074503407E2,-1.222732425E0,8.022536278E0,5.757729530E0
2.074704526E2,-1.274178028E0,7.999804497E0,5.841478348E0
2.074905646E2,-1.261017561E0,7.960920811E0,5.720640659E0
2.075106765E2,-1.251446247E0,7.960920811E0,5.574678421E0
2.075307884E2,-1.262213945E0,7.993822098E0,5.560919762E0
2.075509003E2,-1.289133191E0,8.027321815E0,5.504090309E0
2.075710123E2,-1.264606714E0,8.013563156E0,5.347958565E0
2.075911242E2,-1.227517962E0,7.993224144E0,5.221737385E0
2.076112361E2,-1.215553880E0,7.950153351E0,5.191826820E0
2.076313480E2,-1.231107235E0,7.952546120E0,5.237290382E0
2.076514600E2,-1.284347534E0,7.998009682E0,5.318646431E0
2.076715719E2,-1.226919770E0,7.983054638E0,5.362315655E0
2.076916838E2,-1.231107235E0,7.954938889E0,5.400600910E0
2.077117958E2,-1.317847013E0,7.944769382E0,5.462215900E0
2.077319077E2,-1.392622828E0,7.944769382E0,5.521438122E0
2.077520196E2,-1.395613790E0,7.937591076E0,5.587839127E0
2.077721315E2,-1.387238979E0,7.932207108E0,5.621936798E0
2.077922435E2,-1.340578914E0,7.941778183E0,5.644070625E0
2.078123554E2,-1.261017561E0,8.002197266E0,5.627918720E0
2.078324673E2,-1.213759303E0,8.039285660E0,5.535196781E0
2.078525792E2,-1.149751306E0,8.024331093E0,5.473581791E0
2.078726912E2,-1.128814101E0,7.956733704E0,5.483751297E0
2.078928031E2,-1.221535921E0,7.903493404E0,5.602794170E0
2.079129150E2,-1.320838094E0,7.880163193E0,5.685346603E0
2.079330270E2,-1.369292736E0,7.914260864E0,5.689534187E0
2.079531389E2,-1.329811215E0,7.924430370E0,5.631507874E0
2.079732508E2,-1.284347534E0,7.959724426E0,5.555535793E0
2.079933627E2,-1.238285661E0,8.002795219E0,5.452644825E0
2.080134747E2,-1.253839016E0,8.015955925E0,5.396413326E0
2.080335865E2,-1.301097274E0,8.004590034E0,5.407180786E0
2.080536985E2,-1.308874011E0,7.966903210E0,5.419145107E0
2.080738104E2,-1.326820135E0,7.910671711E0,5.483751297E0
2.080939224E2,-1.410568953E0,7.892725468E0,5.636891842E0
2.081140342E2,-1.418345571E0,7.896913052E0,5.753541946E0
2.081341462E2,-1.304686546E0,7.977072716E0,5.672185898E0
2.081542582E2,-1.166501045E0,8.042875290E0,5.508875847E0
2.081743701E2,-1.145563841E0,8.056035995E0,5.369493961E0
2.081944820E2,-1.176072359E0,8.011768341E0,5.335994720E0
2.082145939E2,-1.246660590E0,7.936394691E0,5.383252621E0
2.082347059E2,-1.363908887E0,7.888537884E0,5.456233978E0
2.082548178E2,-1.433898926E0,7.935796261E0,5.398806095E0
2.082749297E2,-1.284347534E0,8.021938324E0,5.203192711E0
2.082950416E2,-1.102493048E0,8.041678429E0,5.109872818E0
2.083151536E2,-1.063011408E0,8.011768341E0,5.193023205E0
2.083352655E2,-1.217946768E0,7.963313580E0,5.466403484E0
2.083553774E2,-1.391426325E0,7.856832981E0,5.790630817E0
2.083754893E2,-1.408176184E0,7.761718273E0,5.863611698E0
2.083956013E2,-1.342373490E0,7.783253670E0,6.058028698E0
2.084157132E2,-1.345364571E0,7.865208149E0,6.137589931E0
2.084358251E2,-1.405783296E0,7.956135273E0,5.731408596E0
2.084559371E2,-1.384247899E0,8.019545555E0,5.261219025E0
2.084760490E2,-1.280160069E0,8.064410210E0,5.190032482E0
2.084961609E2,-1.179063320E0,8.056633949E0,5.367101192E0
2.085162728E2,-1.100100160E0,7.994420528E0,5.513063431E0
2.085363848E2,-1.080359459E0,7.946564198E0,5.498108387E0
2.085564967E2,-1.100100160E0,7.893921852E0,5.356931686E0
2.085766086E2,-1.095912814E0,7.863413334E0,5.255835056E0
2.085967205E2,-9.906286001E-1,7.901100159E0,5.364708424E0
2.086168325E2,-9.966106415E-1,7.940581799E0,5.418546677E0
2.086369444E2,-1.091725349E0,7.945367813E0,5.316852093E0
2.086570563E2,-9.918249846E-1,7.971090317E0,5.081757069E0
2.086771683E2,-1.042672515E0,8.037490845E0,4.878965378E0
2.086972802E2,-1.331007600E0,7.902296543E0,4.954339504E0
2.087173921E2,-1.333998680E0,7.824530125E0,5.448457241E0
2.087375040E2,-1.137787223E0,7.819744587E0,6.068796635E0
2.087576160E2,-1.088734269E0,7.836493969E0,6.366104603E0
2.087777279E2,-1.192223907E0,7.838288784E0,6.262615204E0
2.087978398E2,-1.016949654E0,7.730611801E0,5.712863922E0
2.088179517E2,-1.004985452E0,7.734799385E0,5.353342533E0
2.088380637E2,-1.191027522E0,7.625925541E0,5.340181828E0
2.088581756E2,-1.314257860E0,7.365706444E0,5.714060307E0
2.088782875E2,-1.475773335E0,7.174878597E0,6.270989895E0
2.088983995E2,-1.490130305E0,7.144370079E0,6.672984123E0
2.089185114E2,-1.272981644E0,7.066603661E0,6.887141705E0
2.089386233E2,-1.025922656E0,6.976274490E0,6.574280262E0
2.089587352E2,-9.780662656E-1,7.130013466E0,5.839085579E0
2.089788472E2,-6.191428304E-1,6.988836765E0,5.890531063E0
2.089989591E2,-3.954139352E-1,6.418746948E0,6.285346985E0
2.090190711E2,-1.021735311E0,6.807580471E0,7.869993687E0
2.090391830E2,-9.451649338E-2,6.619145870E0,8.251648903E0
2.090592949E2,5.018945336E-1,6.693921566E0,7.871788502E0
2.090794068E2,2.368894368E-1,7.081558704E0,7.704290867E0
2.090995188E2,-5.862415582E-2,7.310671329E0,7.705487251E0
2.091196307E2,2.416750938E-1,7.137789726E0,7.664809227E0
2.091397426E2,3.876372576E-1,6.889534473E0,7.545167923E0
2.091598546E2,-3.589233849E-3,6.675975323E0,7.405786037E0
2.091799665E2,-4.713860750E-1,6.549753666E0,7.475776196E0
2.092000784E2,-6.562315822E-1,6.513263226E0,7.658827305E0
2.092201903E2,-4.163511395E-1,6.598806858E0,7.895716667E0
2.092403023E2,7.058826834E-2,6.813562393E0,7.924430370E0
2.092604142E2,4.109672904E-1,6.899703979E0,7.436892986E0
2.092805261E2,7.298108935E-2,7.037889481E0,6.987041950E0
2.093006381E2,-2.877369225E-1,7.013363361E0,6.726822853E0
2.093207500E2,-4.169493318E-1,6.890730858E0,6.558128834E0
2.093408620E2,-5.246263742E-1,6.793821812E0,6.372684956E0
2.093609739E2,-6.616154313E-1,6.835696220E0,6.238088608E0
2.093810858E2,-6.478567123E-1,6.888936520E0,6.273981094E0
2.094011977E2,-5.108676553E-1,6.952346325E0,6.422934055E0
2.094213097E2,-3.194418252E-1,7.101299286E0,6.553941250E0
2.094414216E2,-5.084748194E-2,7.138388157E0,6.667002201E0
2.094615335E2,1.944168359E-1,7.062416077E0,6.640082836E0
2.094816454E2,3.607180119E-1,6.968497753E0,6.694519520E0
2.095017574E2,9.672985673E-1,6.343372822E0,6.961319447E0
2.095218693E2,2.656033039E-1,6.737590313E0,7.686942577E0
2.095419813E2,-9.326026440E-1,7.447062492E0,7.633104324E0
2.095620932E2,-5.078766346E-1,7.111468792E0,6.836892605E0
2.095822051E2,-2.602194548E-1,7.074379921E0,6.204588890E0
2.096023171E2,-2.452643216E-1,7.220940590E0,6.223133564E0
2.096224290E2,-2.817548811E-1,7.447660446E0,6.494120598E0
2.096425409E2,2.632104978E-2,7.527221680E0,6.567699909E0
2.096626528E2,-1.046859920E-1,7.362117290E0,6.579065800E0
2.096827648E2,-1.250249892E-1,7.293323517E0,6.623332977E0
2.097028767E2,-1.441675574E-1,7.252047062E0,6.490531445E0
2.097229887E2,-2.315055877E-1,7.231110096E0,6.407979012E0
2.097431006E2,-3.876372576E-1,7.179664135E0,6.362515450E0
2.097632125E2,-4.953143001E-1,7.158727169E0,6.379863262E0
2.097833245E2,-5.138586760E-1,7.187440872E0,6.398407936E0
2.098034364E2,-3.984049559E-1,7.216155052E0,6.457630157E0
2.098235483E2,-2.404786795E-1,7.217351437E0,6.566503525E0
2.098436602E2,-1.806581169E-1,7.208378315E0,6.836294174E0
2.098637722E2,-1.561316848E-1,7.185048103E0,7.041478634E0
2.098838841E2,-2.051845491E-1,7.155138016E0,7.048657417E0
2.099039961E2,-2.261217386E-1,7.126423836E0,6.999006271E0
2.099241080E2,-1.316052526E-1,7.115057945E0,6.848258495E0
2.099442199E2,3.649054468E-2,7.152745247E0,6.726822853E0
2.099643318E2,2.219343036E-1,7.225726128E0,6.681957245E0
2.099844438E2,2.757728100E-1,7.283751965E0,6.823731899E0
2.100045557E2,1.603191197E-1,7.299305439E0,6.942774773E0
2.100246677E2,-3.768695518E-2,7.277172089E0,6.913462639E0
2.100447796E2,-4.486542568E-2,7.271189690E0,6.831508636E0
2.100648915E2,4.546362907E-2,7.284948349E0,6.220740795E0
2.100850035E2,-2.087737769E-1,7.298109055E0,5.658427238E0
2.101051154E2,-5.904290080E-1,6.923034191E0,4.764708042E0
2.101252273E2,-1.195214868E0,6.379863262E0,3.784249067E0
2.101453392E2,-4.313062727E-1,6.517450809E0,3.723830223E0
2.101654512E2,1.854437590E-1,6.783053875E0,4.692325115E0
2.101855632E2,-6.879365444E-2,6.760920525E0,5.676971912E0
2.102056751E2,-4.366901219E-1,6.376274109E0,6.457031727E0
2.102257870E2,-4.468596280E-1,5.772086620E0,7.118647575E0
2.102458989E2,-7.884350419E-1,5.458626747E0,9.710672379E0
2.102660109E2,-6.400800347E-1,5.587240696E0,1.212024498E1
2.102861228E2,-1.914258152E-1,5.545964718E0,1.269153118E1
2.103062348E2,7.549355626E-1,5.019543648E0,1.161535931E1
2.103263467E2,1.099501967E0,5.214558601E0,9.893723488E0
2.103464586E2,2.565704107E0,5.783452511E0,5.062016487E0
2.103665705E2,3.035893679E0,6.456433773E0,4.996811867E0
2.103866825E2,-2.889333367E-1,8.085348129E0,6.298507214E0
2.104067944E2,-1.329811215E0,7.793423176E0,7.585247993E0
2.104269064E2,-1.872981906E0,6.600003242E0,9.817152977E0
2.104470183E2,-2.699103832E0,5.837889194E0,1.121157074E1
2.104671302E2,-2.543570518E0,5.587839127E0,1.041595650E1
2.104872422E2,-1.865205288E0,5.200799942E0,8.411968231E0
2.105073541E2,-1.585245013E0,5.394618511E0,7.978269100E0
2.105274660E2,-7.914260626E-1,5.565107346E0,7.794619560E0
2.105475780E2,7.597211599E-1,5.870790482E0,6.349953175E0
2.105676899E2,-4.181457460E-1,6.163312912E0,5.896512985E0
2.105878018E2,-1.774278045E0,7.399205685E0,6.149554253E0
2.106079138E2,-1.841875196E0,7.354938507E0,6.490531445E0
2.106280257E2,-1.435693622E0,6.836892605E0,7.320242882E0
2.106481377E2,-1.479362607E0,6.298507214E0,7.740182877E0
2.106682496E2,-1.077368379E0,6.348756790E0,7.508677483E0
2.106883615E2,-6.771687865E-1,6.586244106E0,7.110870838E0
2.107084735E2,5.383851007E-3,6.672984123E0,6.396613121E0
2.107285854E2,5.856433511E-1,6.634100914E0,5.408975601E0
2.107486974E2,2.650051117E-1,6.664011002E0,5.077569485E0
2.107688093E2,2.584248483E-1,6.600601196E0,6.335596085E0
2.107889212E2,1.734796353E-2,6.518647194E0,8.342576027E0
2.108090332E2,1.854437590E-2,6.473781586E0,9.649057388E0
2.108291451E2,-2.033899166E-2,6.439683914E0,9.329017639E0
2.108492571E2,-3.134597540E-1,6.432505608E0,7.893323898E0
2.108693690E2,1.944168359E-1,6.515655994E0,7.063014030E0
2.108894809E2,5.832505226E-1,6.624529362E0,6.976274490E0
2.109095928E2,1.668993831E-1,6.480361938E0,6.677171707E0
2.109297048E2,-5.042873621E-1,5.748157978E0,6.404987812E0
2.109498167E2,-8.877372146E-1,5.949753284E0,7.923832417E0
2.109699287E2,1.920240223E-1,6.807580471E0,9.373882294E0
2.109900406E2,3.690928817E-1,6.772286415E0,8.418548584E0
2.110101526E2,-8.434699476E-2,6.647261143E0,7.240083218E0
2.110302645E2,-4.845465720E-1,6.547959328E0,6.494719028E0
2.110503764E2,-1.519442350E-1,6.525227547E0,5.933601856E0
2.110704884E2,1.890329868E-1,7.056434155E0,5.646463394E0
2.110906003E2,5.874379873E-1,7.266404152E0,5.940182209E0
2.111107123E2,9.661021233E-1,7.184450150E0,7.491329670E0
2.111308242E2,1.188036442E0,7.275975227E0,7.499105930E0
2.111509361E2,5.832505226E-1,7.366902828E0,7.129415035E0
2.111710481E2,-1.148554832E-1,7.243073940E0,6.917650223E0
2.111911600E2,-3.780659735E-1,6.943971157E0,7.479963779E0
2.112112720E2,-4.480560422E-1,6.717849731E0,7.721638680E0
2.112313839E2,-6.592226624E-1,6.756732941E0,7.489534855E0
2.112514958E2,-7.316055298E-1,6.817151546E0,7.151548862E0
2.112716078E2,-6.957131624E-1,6.787241459E0,7.007979393E0
2.112917197E2,-4.995017350E-1,6.833303452E0,6.908079147E0
2.113118316E2,-3.894318938E-1,6.969096184E0,6.695117950E0
2.113319436E2,-3.768695593E-1,7.183851719E0,6.314060688E0
2.113520555E2,-4.354937077E-1,7.299305439E0,6.084349632E0
2.113721675E2,-3.397808075E-1,7.325028419E0,5.953342915E0
2.113922794E2,-2.165504545E-1,7.324429989E0,5.978467464E0
2.114123914E2,-2.362912297E-1,7.355536938E0,6.096911907E0
2.114325033E2,-2.237289101E-1,7.393223763E0,6.381658077E0
2.114526152E2,-6.281159073E-2,7.436294556E0,6.704689026E0
2.114727272E2,-1.914258115E-2,7.411170006E0,6.806982040E0
2.114928391E2,-4.426721856E-2,7.412366390E0,6.604788780E0
2.115129511E2,-8.374879509E-2,7.395616531E0,6.303293228E0
2.115330630E2,-1.393819153E-1,7.350750923E0,6.119045734E0
2.115531750E2,-2.123630047E-1,7.368099213E0,6.139384747E0
2.115732869E2,-2.853440940E-1,7.341179848E0,6.340980053E0
2.115933988E2,-2.566302419E-1,7.268796921E0,6.374479294E0
2.116135108E2,-5.742774159E-2,7.424928665E0,6.182455540E0
2.116336227E2,1.250249892E-1,7.539783955E0,6.227321148E0
2.116537347E2,2.632105052E-1,7.495516777E0,6.424728870E0
2.116738466E2,2.338984162E-1,7.527820110E0,6.477370739E0
2.116939586E2,1.028913707E-1,7.599006653E0,6.390631199E0
2.117140705E2,-4.845465720E-2,7.547560692E0,6.268597126E0
2.117341825E2,-1.764706671E-1,7.459624767E0,6.224329948E0
2.117542944E2,-3.631108403E-1,7.351349354E0,6.357131481E0
2.117744063E2,-5.174478889E-1,7.256833076E0,6.436692715E0
2.117945183E2,-5.276173949E-1,7.228717327E0,6.477370739E0
2.118146302E2,-5.168496966E-1,7.201199532E0,6.506682873E0
2.118347422E2,-4.953143001E-1,7.241279602E0,6.473183632E0
2.118548541E2,-5.144568682E-1,7.292725086E0,6.408577442E0
2.118749661E2,-4.869394004E-1,7.290930748E0,6.368497372E0
2.118950780E2,-4.474578202E-1,7.280761242E0,6.374479294E0
2.119151899E2,-3.930211067E-1,7.264609337E0,6.549155712E0
2.119353019E2,-4.432703853E-1,7.253243446E0,6.759125710E0
2.119554138E2,-4.773681164E-1,7.272984505E0,6.851249218E0
2.119755258E2,-3.870390654E-1,7.255038261E0,6.891927242E0
2.119956377E2,-2.201396823E-1,7.291528702E0,6.638886452E0
2.120157497E2,-1.310070455E-1,7.274778843E0,6.487540245E0
2.120358616E2,-2.368894368E-1,7.153941631E0,6.603592396E0
2.120559736E2,-3.690928817E-1,7.193423271E0,6.767500877E0
2.120760855E2,-4.498506486E-1,7.257431030E0,6.792026997E0
2.120961974E2,-4.073780477E-1,7.271788120E0,6.811169624E0
2.121163094E2,-3.403790295E-1,7.300501823E0,6.735795975E0
2.121364213E2,-2.985046208E-1,7.354938507E0,6.540780544E0
2.121565333E2,-2.368894368E-1,7.323233604E0,6.270989895E0
2.121766452E2,-2.434697002E-1,7.307680130E0,6.229713917E0
2.121967572E2,-3.379862010E-1,7.283154011E0,6.384648800E0
2.122168691E2,-4.881358147E-1,7.243073940E0,6.631109715E0
2.122369811E2,-5.676971674E-1,7.211369038E0,6.719046116E0
2.122570930E2,-5.437689424E-1,7.235895634E0,6.661618233E0
2.122772050E2,-4.677968323E-1,7.222136974E0,6.601199627E0
2.122973169E2,-3.667000830E-1,7.186244488E0,6.557530403E0
2.123174289E2,-3.445664644E-1,7.134200573E0,6.562914371E0
2.123375408E2,-3.948157430E-1,7.149155617E0,6.567101955E0
2.123576527E2,-5.036891699E-1,7.165905476E0,6.618547440E0
2.123777647E2,-5.730810165E-1,7.147361279E0,6.693921566E0
2.123978766E2,-5.407779217E-1,7.165905476E0,6.739385128E0
2.124179886E2,-4.522434771E-1,7.168896675E0,6.757331371E0
2.124381005E2,-4.139583111E-1,7.180860519E0,6.794419765E0
2.124582125E2,-4.163511395E-1,7.212565422E0,6.714260101E0
2.124783245E2,-4.067798555E-1,7.170691490E0,6.658627033E0
2.124984364E2,-4.432703853E-1,7.195217609E0,6.629314899E0
2.125185483E2,-4.594219327E-1,7.232306480E0,6.626324177E0
2.125386603E2,-4.953143001E-1,7.244270325E0,6.525227547E0
2.125587722E2,-5.647061467E-1,7.240681171E0,6.457031727E0
2.125788842E2,-5.108676553E-1,7.231708050E0,6.495316982E0
2.125989961E2,-4.325026870E-1,7.227520943E0,6.565307140E0
2.126191080E2,-4.175475538E-1,7.229315281E0,6.613761902E0
2.126392200E2,-3.768695593E-1,7.223333359E0,6.589235306E0
2.126593320E2,-3.038884699E-1,7.224529743E0,6.486343861E0
2.126794439E2,-2.584248483E-1,7.218547821E0,6.570691109E0
2.126995559E2,-2.895315289E-1,7.246065140E0,6.683752060E0
2.127196678E2,-4.163511395E-1,7.263412952E0,6.646663189E0
2.127397798E2,-4.773681164E-1,7.246065140E0,6.521039963E0
2.127598917E2,-4.767699242E-1,7.223333359E0,6.497709751E0
2.127800037E2,-4.325026870E-1,7.207181931E0,6.609574318E0
2.128001156E2,-4.366901219E-1,7.156334400E0,6.842874527E0
2.128202276E2,-5.724828243E-1,7.191030025E0,6.917650223E0
2.128403395E2,-6.269195080E-1,7.259225845E0,6.686742783E0
2.128604514E2,-4.941178858E-1,7.267600536E0,6.440282345E0
2.128805634E2,-4.498506486E-1,7.313064098E0,6.262615204E0
2.129006753E2,-4.833501875E-1,7.331010342E0,6.068796635E0
2.129207873E2,-5.611169338E-1,7.296314240E0,5.910870075E0
2.129408992E2,-5.994020700E-1,7.235297680E0,6.087340832E0
2.129610112E2,-6.424728632E-1,7.140780926E0,6.302694798E0
2.129811232E2,-6.376872063E-1,7.018746853E0,6.581458569E0
2.130012351E2,-5.814558864E-1,7.027719975E0,6.866802692E0
2.130213471E2,-4.893322289E-1,7.037291527E0,7.140780926E0
2.130414590E2,-4.157529473E-1,7.064210415E0,7.283154011E0
2.130615710E2,-3.559323549E-1,7.133602619E0,7.411170006E0
2.130816829E2,-3.667000830E-1,7.115656376E0,7.530810833E0
2.131017949E2,-4.450650215E-1,7.138986588E0,7.652246952E0
2.131219068E2,-4.103690982E-1,7.177271366E0,7.650452137E0
2.131420188E2,-3.140579760E-1,7.192226887E0,7.466803074E0
2.131621307E2,-2.596212626E-1,7.201199532E0,7.249654293E0
2.131822427E2,-2.697907388E-1,7.277172089E0,7.076174736E0
2.132023546E2,-2.279163599E-1,7.295716286E0,6.914659023E0
2.132224666E2,-1.579262912E-1,7.286743164E0,6.658627033E0
2.132425785E2,-1.381855011E-1,7.286144733E0,6.448058605E0
2.132626904E2,-2.871387303E-1,7.314858913E0,6.246463299E0
2.132828024E2,-4.863412082E-1,7.301100254E0,6.098108292E0
2.133029143E2,-6.388836503E-1,7.289734364E0,6.030511379E0
2.133230263E2,-7.334001660E-1,7.275975227E0,5.996413708E0
2.133431383E2,-7.698906660E-1,7.299305439E0,6.003592014E0
2.133632502E2,-7.698906660E-1,7.312466145E0,6.045466423E0
2.133833622E2,-8.213363886E-1,7.353144169E0,5.979065418E0
2.134034741E2,-9.038887620E-1,7.335795879E0,5.964110374E0
2.134235861E2,-1.022333503E0,7.275377274E0,5.997610092E0
2.134436980E2,-1.124028444E0,7.223333359E0,6.114260197E0
2.134638100E2,-1.207777262E0,7.200003147E0,6.242276192E0
2.134839220E2,-1.265205026E0,7.151548862E0,6.285346985E0
2.135040339E2,-1.260419369E0,7.113263607E0,6.314060688E0
2.135241459E2,-1.188036442E0,7.107281685E0,6.477370739E0
2.135442578E2,-1.122832060E0,7.158128738E0,6.710670948E0
2.135643698E2,-1.137188911E0,7.160521984E0,6.859624386E0
2.135844817E2,-1.167099237E0,7.139584541E0,6.916453838E0
2.136045937E2,-1.141376376E0,7.112067223E0,6.909275532E0
2.136247056E2,-1.068395257E0,7.149754047E0,6.830312252E0
2.136448176E2,-9.714859724E-1,7.147959232E0,6.864409924E0
2.136649295E2,-8.889335990E-1,7.201199532E0,6.897909641E0
2.136850415E2,-7.746763229E-1,7.240681171E0,6.815955162E0
2.137051534E2,-7.172485590E-1,7.245467186E0,6.690930367E0
2.137252654E2,-7.082754970E-1,7.302296638E0,6.580860615E0
2.137453773E2,-6.460621357E-1,7.325626373E0,6.391827583E0
2.137654893E2,-6.000002623E-1,7.323832035E0,6.258427620E0
2.137856012E2,-6.095715761E-1,7.338787079E0,6.254838467E0
2.138057132E2,-6.412764788E-1,7.323233604E0,6.355337143E0
2.138258251E2,-7.304090858E-1,7.284350395E0,6.425326824E0
2.138459371E2,-7.633104324E-1,7.225726128E0,6.485745907E0
2.138660490E2,-7.992027402E-1,7.211369038E0,6.587440968E0
2.138861610E2,-8.620143533E-1,7.215556622E0,6.642475605E0
2.139062729E2,-9.451649189E-1,7.223333359E0,6.646663189E0
2.139263849E2,-9.714859724E-1,7.211967468E0,6.647859573E0
2.139464969E2,-9.619147182E-1,7.207779884E0,6.681358814E0
2.139666088E2,-9.475577474E-1,7.198806763E0,6.711269379E0
2.139867208E2,-9.116654396E-1,7.194619656E0,6.650252342E0
2.140068327E2,-8.967102766E-1,7.206583500E0,6.644270420E0
2.140269447E2,-9.068797827E-1,7.225726128E0,6.607779503E0
2.140470566E2,-7.782655358E-1,7.209574699E0,6.473183632E0
2.140671686E2,-7.202396393E-1,7.238886833E0,6.464210510E0
2.140872805E2,-7.872386575E-1,7.255038261E0,6.538387775E0
2.141073925E2,-8.584251404E-1,7.259225845E0,6.539584160E0
2.141275045E2,-8.285148144E-1,7.258627415E0,6.435496330E0
2.141476164E2,-8.009973764E-1,7.252645493E0,6.394220352E0
2.141677284E2,-7.489534616E-1,7.302894592E0,6.464808464E0
2.141878403E2,-7.680960894E-1,7.270591736E0,6.586244106E0
2.142079523E2,-8.440681696E-1,7.275377274E0,6.573681831E0
2.142280642E2,-8.644071817E-1,7.237092018E0,6.474380016E0
2.142481762E2,-8.584251404E-1,7.205985546E0,6.424130440E0
2.142682882E2,-8.775677085E-1,7.228118896E0,6.474380016E0
2.142884001E2,-8.715856671E-1,7.255636692E0,6.418148518E0
2.143085121E2,-8.135597110E-1,7.225128174E0,6.380461693E0
2.143286240E2,-7.824530005E-1,7.205387115E0,6.553342819E0
2.143487360E2,-8.470591903E-1,7.177271366E0,6.855436802E0
2.143688479E2,-9.421738982E-1,7.171887875E0,7.006184578E0
2.143889599E2,-9.535398483E-1,7.195217609E0,6.999006271E0
2.144090718E2,-8.638089895E-1,7.214360237E0,6.790830612E0
2.144291838E2,-8.021938205E-1,7.231110096E0,6.604190350E0
2.144492958E2,-7.986045480E-1,7.246663570E0,6.527021885E0
2.144694077E2,-8.039883971E-1,7.263412952E0,6.494719028E0
2.144895197E2,-7.716853023E-1,7.223333359E0,6.490531445E0
2.145096316E2,-7.489534616E-1,7.186842918E0,6.541976929E0
2.145297436E2,-8.979067206E-1,7.179066181E0,6.649653912E0
2.145498555E2,-9.278169870E-1,7.194021225E0,6.671787739E0
2.145699675E2,-8.344969153E-1,7.282555580E0,6.592226505E0
2.145900795E2,-6.197410822E-1,7.334599495E0,6.308078766E0
2.146101914E2,-6.394818425E-1,7.347161770E0,6.162116528E0
2.146303034E2,-8.608179688E-1,7.339385033E0,6.056832314E0
2.146504153E2,-1.047458172E0,7.308278561E0,5.964110374E0
2.146705273E2,-1.034297585E0,7.261020184E0,6.063412666E0
2.146906392E2,-9.744769931E-1,7.193423271E0,6.333203316E0
2.147107512E2,-9.212366939E-1,7.177869797E0,6.580262184E0
2.147308632E2,-8.285148144E-1,7.218547821E0,6.626922131E0
2.147509751E2,-7.896314859E-1,7.213163853E0,6.535397053E0
2.147710871E2,-8.069794178E-1,7.139584541E0,6.519245148E0
2.147911990E2,-9.218349457E-1,7.068397999E0,6.718447685E0
2.148113110E2,-9.798609018E-1,7.063612461E0,6.988238335E0
2.148314230E2,-9.433703423E-1,7.082755089E0,7.094120979E0
2.148515349E2,-8.620143533E-1,7.124031067E0,7.088139057E0
2.148716469E2,-7.824530005E-1,7.195816040E0,7.017550468E0
2.148917588E2,-6.436693072E-1,7.208976269E0,6.967899323E0
2.149118708E2,-5.114658475E-1,7.186842918E0,6.893722057E0
2.149319828E2,-5.569294691E-1,7.230511665E0,6.850052834E0
2.149520947E2,-6.640082598E-1,7.229913712E0,6.818946362E0
2.149722067E2,-6.693921089E-1,7.235297680E0,6.747759819E0
2.149923186E2,-5.437689424E-1,7.253243446E0,6.599404812E0
2.150124306E2,-5.024927258E-1,7.234101295E0,6.401997089E0
2.150325425E2,-5.030909777E-1,7.250850677E0,6.383452415E0
2.150526545E2,-5.431707501E-1,7.244270325E0,6.447460651E0
2.150727665E2,-6.586244106E-1,7.206583500E0,6.539584160E0
2.150928784E2,-7.848458290E-1,7.182057381E0,6.572485447E0
2.151129904E2,-8.626125455E-1,7.200003147E0,6.524031162E0
2.151331024E2,-9.421738982E-1,7.274778843E0,6.339185238E0
2.151532143E2,-1.012762189E0,7.339983463E0,6.171089649E0
2.151733263E2,-1.082154036E0,7.241877556E0,6.218945980E0
2.151934382E2,-1.080957651E0,7.103094101E0,6.455835342E0
2.152135502E2,-1.045663476E0,6.963113785E0,6.814160824E0
2.152336622E2,-1.074377418E0,6.873981476E0,7.110272408E0
2.152537741E2,-1.073779106E0,6.917650223E0,7.128817081E0
2.152738861E2,-1.040279627E0,6.978068829E0,6.925426960E0
2.152939980E2,-9.284151793E-1,7.096513748E0,6.909873486E0
2.153141100E2,-8.279166222E-1,7.191030025E0,7.040880680E0
2.153342220E2,-8.045865893E-1,7.198208809E0,7.030112743E0
2.153543339E2,-8.943174481E-1,7.204789162E0,6.845865726E0
2.153744459E2,-9.008977413E-1,7.167700291E0,6.654439926E0
2.153945578E2,-8.219345808E-1,7.173084259E0,6.484549522E0
2.154146698E2,-6.873382926E-1,7.180262566E0,6.386443615E0
2.154347817E2,-6.000002623E-1,7.183253765E0,6.403193474E0
2.154548937E2,-5.676971674E-1,7.197610378E0,6.416952133E0
2.154750057E2,-5.988038778E-1,7.177869797E0,6.429514408E0
2.154951176E2,-6.544370055E-1,7.144968510E0,6.467799664E0
2.155152296E2,-6.711867452E-1,7.133004189E0,6.598208427E0
2.155353415E2,-6.891329288E-1,7.134799004E0,6.759724140E0
2.155554535E2,-7.130611539E-1,7.163512707E0,6.856035233E0
2.155755655E2,-7.585247755E-1,7.209574699E0,6.860820770E0
2.155956774E2,-7.926225066E-1,7.222734928E0,6.851249218E0
2.156157894E2,-7.812566161E-1,7.188637257E0,6.850052834E0
2.156359014E2,-8.291130662E-1,7.135396957E0,6.824928284E0
2.156560133E2,-9.194421172E-1,7.130013466E0,6.747161865E0
2.156761253E2,-9.158528447E-1,7.126423836E0,6.639484406E0
2.156962372E2,-8.183453679E-1,7.063014030E0,6.601199627E0
2.157163492E2,-8.446664214E-1,7.079763889E0,6.594020844E0
2.157364612E2,-9.032905698E-1,7.090531826E0,6.627520561E0
2.157565731E2,-9.595218897E-1,7.049853802E0,6.643074036E0
2.157766851E2,-1.000199914E0,7.042675018E0,6.611369133E0
2.157967971E2,-9.571290612E-1,7.068397999E0,6.622735023E0
2.158169090E2,-8.883354068E-1,7.085147858E0,6.718447685E0
2.158370210E2,-8.608179688E-1,7.124629498E0,6.774679184E0
2.158571329E2,-8.105686903E-1,7.135995388E0,6.746563435E0
2.158772449E2,-7.884350419E-1,7.124031067E0,6.659823418E0
2.158973568E2,-7.339983582E-1,7.120441914E0,6.655037880E0
2.159174688E2,-7.579265833E-1,7.165307522E0,6.647261143E0
2.159375808E2,-8.069794178E-1,7.156334400E0,6.569494724E0
2.159576927E2,-7.860422134E-1,7.132406235E0,6.558128834E0
2.159778047E2,-7.794619799E-1,7.162914753E0,6.629913330E0
2.159979166E2,-7.734799385E-1,7.174280643E0,6.680162430E0
2.160180286E2,-8.171489239E-1,7.153343201E0,6.639484406E0
2.160381406E2,-8.703892231E-1,7.142575741E0,6.588038921E0
2.160582525E2,-8.632107973E-1,7.112067223E0,6.600003242E0
2.160783645E2,-9.852447510E-1,7.117451191E0,6.618547440E0
2.160984765E2,-9.774680734E-1,7.091728210E0,6.739983082E0
2.161185884E2,-1.021137118E0,7.089335442E0,6.750751019E0
2.161387004E2,-1.061216831E0,7.072585583E0,6.699305058E0
2.161588124E2,-1.092921734E0,7.069594383E0,6.680162430E0
2.161789243E2,-9.696913958E-1,7.119245529E0,6.768098831E0
2.161990363E2,-7.992027402E-1,7.171887875E0,6.824330330E0
2.162191483E2,-7.435696125E-1,7.197610378E0,6.761518478E0
2.162392602E2,-8.189435601E-1,7.177271366E0,6.713063717E0
2.162593722E2,-8.662018180E-1,7.154539585E0,6.734599113E0
2.162794841E2,-8.183453679E-1,7.144968510E0,6.750152588E0
2.162995961E2,-7.908278704E-1,7.138388157E0,6.723233223E0
2.163197080E2,-7.944171429E-1,7.159923553E0,6.655037880E0
2.163398200E2,-7.722834945E-1,7.186244488E0,6.598208427E0
2.163599320E2,-7.513462901E-1,7.197012424E0,6.604190350E0
2.163800439E2,-7.399803996E-1,7.212565422E0,6.652047157E0
2.164001559E2,-7.728816867E-1,7.191030025E0,6.644868374E0
2.164202679E2,-8.069794178E-1,7.139584541E0,6.656234264E0
2.164403798E2,-8.087740541E-1,7.091129780E0,6.670591354E0
2.164604918E2,-8.560323119E-1,7.161119938E0,6.726822853E0
2.164806038E2,-9.104689956E-1,7.180262566E0,6.730412006E0
2.165007157E2,-9.403793216E-1,7.173084259E0,6.690331936E0
2.165208277E2,-9.451649189E-1,7.155138016E0,6.567101955E0
2.165409397E2,-9.655039310E-1,7.103094101E0,6.533602238E0
2.165610516E2,-1.021137118E0,7.085746288E0,6.626324177E0
2.165811636E2,-1.057029366E0,7.118647575E0,6.655636311E0
2.166012755E2,-1.006780148E0,7.148557663E0,6.628118515E0
2.166213875E2,-9.104689956E-1,7.169494629E0,6.541976929E0
2.166414995E2,-8.745766878E-1,7.166503906E0,6.598806858E0
2.166616114E2,-9.379864931E-1,7.166503906E0,6.675975323E0
2.166817234E2,-1.007976532E0,7.146762848E0,6.668796539E0
2.167018353E2,-9.960124493E-1,7.106683254E0,6.611369133E0
2.167219473E2,-9.541380405E-1,7.131807804E0,6.638886452E0
2.167420593E2,-8.793623447E-1,7.168896675E0,6.739385128E0
2.167621712E2,-8.350951076E-1,7.192226887E0,6.745367050E0
2.167822832E2,-8.488538265E-1,7.191628456E0,6.701099873E0
2.168023952E2,-8.943174481E-1,7.181458950E0,6.638886452E0
2.168225072E2,-8.913264275E-1,7.153343201E0,6.581458569E0
2.168426191E2,-9.050851464E-1,7.137789726E0,6.598208427E0
2.168627311E2,-9.337990284E-1,7.142575741E0,6.690331936E0
2.168828430E2,-9.290133715E-1,7.160521984E0,6.667600155E0
2.169029550E2,-8.949156404E-1,7.164709091E0,6.600601196E0
2.169230670E2,-9.056833982E-1,7.177869797E0,6.577869415E0
2.169431789E2,-9.385846853E-1,7.164111137E0,6.641877651E0
2.169632909E2,-9.475577474E-1,7.142575741E0,6.689135551E0
2.169834028E2,-9.571290612E-1,7.159325123E0,6.658029079E0
2.170035148E2,-9.367900491E-1,7.165905476E0,6.629913330E0
2.170236267E2,-9.379864931E-1,7.179066181E0,6.597609997E0
2.170437387E2,-9.361918569E-1,7.161119938E0,6.584449768E0
2.170638507E2,-9.349954724E-1,7.163512707E0,6.637690067E0
2.170839627E2,-9.194421172E-1,7.173682213E0,6.668796539E0
2.171040746E2,-9.457631707E-1,7.163512707E0,6.644270420E0
2.171241866E2,-9.104689956E-1,7.165307522E0,6.607181549E0
2.171442986E2,-8.518448472E-1,7.188637257E0,6.652645111E0
2.171644105E2,-8.925228715E-1,7.181458950E0,6.677171707E0
2.171845225E2,-9.397810698E-1,7.164709091E0,6.623332977E0
2.172046345E2,-9.481559992E-1,7.177271366E0,6.625725746E0
2.172247464E2,-9.379864931E-1,7.194619656E0,6.663413048E0
2.172448584E2,-9.074779749E-1,7.184450150E0,6.604788780E0
2.172649703E2,-9.026923180E-1,7.107281685E0,6.575476646E0
2.172850823E2,-9.786644578E-1,7.131807804E0,6.639484406E0
2.173051942E2,-1.047458172E0,7.156932354E0,6.668796539E0
2.173253062E2,-1.059422255E0,7.142575741E0,6.599404812E0
2.173454182E2,-9.828519225E-1,7.170093060E0,6.505486488E0
2.173655302E2,-8.817551732E-1,7.186244488E0,6.489933014E0
2.173856421E2,-8.679963946E-1,7.189833641E0,6.598208427E0
2.174057541E2,-8.835497499E-1,7.201797962E0,6.659823418E0
2.174258661E2,-8.356932998E-1,7.192824841E0,6.645466805E0
2.174459780E2,-8.548358679E-1,7.200003147E0,6.638886452E0
2.174660900E2,-8.614161611E-1,7.185646534E0,6.680162430E0
2.174862020E2,-8.901300430E-1,7.220342159E0,6.748956203E0
2.175063139E2,-8.787640929E-1,7.214958668E0,6.717849731E0
2.175264259E2,-8.847461939E-1,7.173682213E0,6.567101955E0
2.175465378E2,-9.332008362E-1,7.165905476E0,6.503093719E0
2.175666498E2,-9.469595551E-1,7.167700291E0,6.575476646E0
2.175867618E2,-9.445667267E-1,7.185048103E0,6.672984123E0
2.176068737E2,-9.672985673E-1,7.152745247E0,6.671787739E0
2.176269857E2,-1.005583763E0,7.133602619E0,6.596413612E0
2.176470977E2,-1.030110121E0,7.142575741E0,6.540780544E0
2.176672096E2,-1.013360381E0,7.132406235E0,6.567699909E0
2.176873216E2,-1.039681435E0,7.150352478E0,6.646064758E0
2.177074336E2,-1.034895778E0,7.157530785E0,6.683153629E0
2.177275455E2,-1.026520967E0,7.179664135E0,6.686742783E0
2.177476575E2,-9.948160052E-1,7.186842918E0,6.686144829E0
2.177677695E2,-9.361918569E-1,7.172485828E0,6.673582554E0
2.177878814E2,-9.260223508E-1,7.159923553E0,6.624529362E0
2.178079934E2,-9.451649189E-1,7.154539585E0,6.571289062E0
2.178281053E2,-9.032905698E-1,7.194619656E0,6.563512325E0
2.178482173E2,-8.548358679E-1,7.212565422E0,6.583253384E0
2.178683293E2,-8.500502706E-1,7.195217609E0,6.561717987E0
2.178884412E2,-8.901300430E-1,7.201797962E0,6.601199627E0
2.179085532E2,-9.122636318E-1,7.167700291E0,6.640681267E0
2.179286652E2,-9.487541914E-1,7.167101860E0,6.619743824E0
2.179487772E2,-9.475577474E-1,7.189833641E0,6.582056999E0
2.179688891E2,-9.343972206E-1,7.204190731E0,6.604788780E0
2.179890011E2,-9.361918569E-1,7.212565422E0,6.680760860E0
2.180091130E2,-9.577272534E-1,7.195217609E0,6.699903488E0
2.180292250E2,-9.924231768E-1,7.163512707E0,6.663413048E0
2.180493370E2,-1.021735311E0,7.149754047E0,6.655636311E0
2.180694489E2,-1.011565804E0,7.159325123E0,6.597609997E0
2.180895609E2,-9.637092948E-1,7.166503906E0,6.516852379E0
2.181096728E2,-9.439685345E-1,7.164111137E0,6.538986206E0
2.181297848E2,-1.006780148E0,7.179664135E0,6.644270420E0
2.181498968E2,-1.010967612E0,7.180262566E0,6.626922131E0
2.181700088E2,-9.134600163E-1,7.144968510E0,6.550950050E0
2.181901207E2,-8.967102766E-1,7.162914753E0,6.591628075E0
2.182102327E2,-9.768698215E-1,7.197610378E0,6.655037880E0
2.182303447E2,-1.030110121E0,7.185048103E0,6.638886452E0
2.182504566E2,-1.018146038E0,7.178467751E0,6.561717987E0
2.182705686E2,-9.613165259E-1,7.190432072E0,6.519843578E0
2.182906805E2,-9.122636318E-1,7.174878597E0,6.564708710E0
2.183107925E2,-9.326026440E-1,7.176673412E0,6.647261143E0
2.183309045E2,-9.547362328E-1,7.184450150E0,6.689733982E0
2.183510164E2,-9.565308690E-1,7.187440872E0,6.656832695E0
2.183711284E2,-9.349954724E-1,7.164111137E0,6.596413612E0
2.183912404E2,-9.595218897E-1,7.175477028E0,6.597609997E0
2.184113524E2,-9.930213690E-1,7.210172653E0,6.613163471E0
2.184314643E2,-9.451649189E-1,7.198806763E0,6.550950050E0
2.184515763E2,-9.110672474E-1,7.185646534E0,6.502495766E0
2.184716883E2,-9.385846853E-1,7.189235687E0,6.589833736E0
2.184918002E2,-9.631111026E-1,7.176074982E0,6.730412006E0
2.185119122E2,-9.852447510E-1,7.162316322E0,6.725028038E0
2.185320241E2,-9.804590940E-1,7.151548862E0,6.608976364E0
2.185521361E2,-9.990034699E-1,7.148557663E0,6.542575359E0
2.185722481E2,-1.021735311E0,7.159325123E0,6.614359856E0
2.185923600E2,-1.010369420E0,7.178467751E0,6.669992924E0
2.186124720E2,-9.523434043E-1,7.178467751E0,6.652047157E0
2.186325840E2,-9.607182741E-1,7.188637257E0,6.570092678E0
2.186526960E2,-1.005583763E0,7.186842918E0,6.519245148E0
2.186728079E2,-1.001994491E0,7.175477028E0,6.565905571E0
2.186929199E2,-9.284151793E-1,7.177869797E0,6.631708145E0
2.187130318E2,-9.038887620E-1,7.188039303E0,6.588637352E0
2.187331438E2,-9.254241586E-1,7.192226887E0,6.544968128E0
2.187532558E2,-9.607182741E-1,7.185646534E0,6.608976364E0
2.187733677E2,-9.475577474E-1,7.165905476E0,6.689135551E0
2.187934797E2,-9.589236975E-1,7.166503906E0,6.664011002E0
2.188135917E2,-9.762716293E-1,7.167700291E0,6.634100914E0
2.188337036E2,-9.888339639E-1,7.170093060E0,6.671787739E0
2.188538156E2,-9.942178130E-1,7.183851719E0,6.668796539E0
2.188739276E2,-1.009172916E0,7.162316322E0,6.616154671E0
2.188940396E2,-9.954141974E-1,7.176673412E0,6.599404812E0
2.189141515E2,-1.004387259E0,7.164111137E0,6.591030121E0
2.189342635E2,-1.001994491E0,7.168896675E0,6.619743824E0
2.189543754E2,-9.882357717E-1,7.184450150E0,6.597012043E0
2.189744874E2,-9.714859724E-1,7.152745247E0,6.571289062E0
2.189945993E2,-9.876375198E-1,7.153343201E0,6.582056999E0
2.190147113E2,-1.016949654E0,7.157530785E0,6.639484406E0
2.190348233E2,-1.005583763E0,7.177271366E0,6.630511761E0
2.190549353E2,-8.823533654E-1,7.140182972E0,6.615556240E0
2.190750473E2,-8.315058947E-1,7.165905476E0,6.640082836E0
2.190951592E2,-8.997012973E-1,7.197610378E0,6.697510719E0
2.191152712E2,-1.010369420E0,7.159923553E0,6.696314335E0
2.191353832E2,-1.053440213E0,7.121638298E0,6.656832695E0
2.191554951E2,-9.720842242E-1,7.128817081E0,6.650252342E0
2.191756071E2,-9.320043921E-1,7.153343201E0,6.674180508E0
2.191957190E2,-9.194421172E-1,7.158727169E0,6.672386169E0
2.192158310E2,-9.176474810E-1,7.167700291E0,6.664609432E0
2.192359430E2,-8.907282352E-1,7.179066181E0,6.626922131E0
2.192560549E2,-8.697910309E-1,7.163512707E0,6.608377934E0
2.192761669E2,-9.134600163E-1,7.167700291E0,6.641877651E0
2.192962789E2,-9.451649189E-1,7.177869797E0,6.640681267E0
2.193163909E2,-9.355936646E-1,7.150352478E0,6.590431690E0
2.193365028E2,-8.811569214E-1,7.153941631E0,6.571289062E0
2.193566148E2,-8.428717852E-1,7.180860519E0,6.682555676E0
2.193767267E2,-8.596215248E-1,7.171289444E0,6.714260101E0
2.193968387E2,-9.146564603E-1,7.141379356E0,6.662216663E0
2.194169507E2,-9.559326172E-1,7.122236729E0,6.607181549E0
2.194370626E2,-9.589236975E-1,7.113861561E0,6.650850773E0
2.194571746E2,-9.361918569E-1,7.109076023E0,6.678966045E0
2.194772866E2,-9.224331379E-1,7.131209850E0,6.705885410E0
2.194973986E2,-9.050851464E-1,7.153343201E0,6.717251301E0
2.195175105E2,-8.859425783E-1,7.149155617E0,6.707081795E0
2.195376225E2,-8.871390224E-1,7.172485828E0,6.683153629E0
2.195577345E2,-8.512466550E-1,7.166503906E0,6.658029079E0
2.195778464E2,-8.464609981E-1,7.164709091E0,6.674180508E0
2.195979584E2,-8.781659007E-1,7.156334400E0,6.685546398E0
2.196180704E2,-8.614161611E-1,7.156334400E0,6.657430649E0
2.196381823E2,-8.434699774E-1,7.158128738E0,6.586842537E0
2.196582943E2,-8.434699774E-1,7.130611420E0,6.586244106E0
2.196784063E2,-8.679963946E-1,7.119843960E0,6.638886452E0
2.196985183E2,-8.829515576E-1,7.122834682E0,6.674180508E0
2.197186302E2,-9.056833982E-1,7.114459991E0,6.710072994E0
2.197387422E2,-9.278169870E-1,7.152745247E0,6.729215622E0
2.197588541E2,-8.937192559E-1,7.138388157E0,6.659823418E0
2.197789661E2,-8.458628058E-1,7.085746288E0,6.574878216E0
2.197990781E2,-8.835497499E-1,7.104290485E0,6.795018196E0
2.198191901E2,-8.679963946E-1,7.115656376E0,6.798607349E0
2.198393020E2,-8.380861282E-1,7.116254330E0,6.671189308E0
2.198594140E2,-7.268198729E-1,7.089933395E0,6.605985165E0
2.198795260E2,-7.154539824E-1,7.148557663E0,6.653243542E0
2.198996379E2,-8.033902049E-1,7.116254330E0,6.688537598E0
2.199197499E2,-9.361918569E-1,7.102495670E0,6.582056999E0
2.199398618E2,-9.170492887E-1,7.140780926E0,6.523432732E0
2.199599738E2,-8.177471161E-1,7.170691490E0,6.519245148E0
2.199800858E2,-8.291130662E-1,7.185048103E0,6.605985165E0
2.200001978E2,-8.739784956E-1,7.158128738E0,6.696912289E0
2.200203097E2,-9.158528447E-1,7.121040344E0,6.758527756E0
2.200404217E2,-9.212366939E-1,7.085147858E0,6.795616150E0
2.200605337E2,-9.284151793E-1,7.134799004E0,6.765107632E0
2.200806457E2,-9.080761671E-1,7.153343201E0,6.687939167E0
2.201007576E2,-8.638089895E-1,7.141379356E0,6.607181549E0
2.201208696E2,-8.273184299E-1,7.159923553E0,6.593422890E0
2.201409815E2,-8.297112584E-1,7.153941631E0,6.661019802E0
2.201610935E2,-8.751748800E-1,7.137191772E0,6.699305058E0
2.201812055E2,-9.032905698E-1,7.127022266E0,6.687939167E0
2.202013175E2,-8.554341197E-1,7.111468792E0,6.674778938E0
2.202214295E2,-8.590233326E-1,7.121040344E0,6.714260101E0
2.202415414E2,-8.979067206E-1,7.138388157E0,6.736393929E0
2.202616534E2,-9.104689956E-1,7.156932354E0,6.738786697E0
2.202817653E2,-9.008977413E-1,7.168298244E0,6.725626469E0
2.203018773E2,-8.955138922E-1,7.171887875E0,6.675975323E0
2.203219893E2,-8.931210637E-1,7.162316322E0,6.653841496E0
2.203421013E2,-8.727820516E-1,7.141379356E0,6.675975323E0
2.203622132E2,-8.703892231E-1,7.143772125E0,6.681957245E0
2.203823252E2,-8.626125455E-1,7.144968510E0,6.684350014E0
2.204024372E2,-8.793623447E-1,7.156334400E0,6.675975323E0
2.204225491E2,-9.224331379E-1,7.132406235E0,6.665805817E0
2.204426611E2,-9.433703423E-1,7.131209850E0,6.656832695E0
2.204627731E2,-9.451649189E-1,7.126423836E0,6.688537598E0
2.204828850E2,-9.595218897E-1,7.121638298E0,6.727420807E0
2.205029970E2,-9.726824164E-1,7.139584541E0,6.716054916E0
2.205231090E2,-9.708877802E-1,7.154539585E0,6.675975323E0
2.205432210E2,-9.463613629E-1,7.165307522E0,6.656234264E0
2.205633329E2,-9.589236975E-1,7.170093060E0,6.644868374E0
2.205834449E2,-9.517452121E-1,7.176673412E0,6.653243542E0
2.206035568E2,-8.542376757E-1,7.134200573E0,6.589235306E0
2.206236688E2,-8.482556343E-1,7.145566463E0,6.526423931E0
2.206437808E2,-9.188438654E-1,7.174878597E0,6.566503525E0
2.206638928E2,-9.529415965E-1,7.171887875E0,6.607779503E0
2.206840048E2,-9.451649189E-1,7.171887875E0,6.576673031E0
2.207041167E2,-8.943174481E-1,7.173084259E0,6.510870457E0
2.207242287E2,-8.823533654E-1,7.177869797E0,6.555137634E0
2.207443407E2,-9.170492887E-1,7.204190731E0,6.662216663E0
2.207644526E2,-9.158528447E-1,7.194021225E0,6.701697826E0
2.207845646E2,-8.602197170E-1,7.190432072E0,6.683153629E0
2.208046766E2,-8.362914920E-1,7.168298244E0,6.706483841E0
2.208247886E2,-9.690931439E-1,7.173084259E0,6.732206345E0
2.208449005E2,-1.055234790E0,7.182655334E0,6.678966045E0
2.208650125E2,-9.912267923E-1,7.155138016E0,6.534798622E0
2.208851245E2,-9.547362328E-1,7.146762848E0,6.462415695E0
2.209052364E2,-9.481559992E-1,7.166503906E0,6.638886452E0
2.209253484E2,-9.780662656E-1,7.152745247E0,6.721438885E0
2.209454604E2,-1.066600680E0,7.138986588E0,6.675376892E0
2.209655724E2,-1.086341500E0,7.121638298E0,6.603592396E0
2.209856843E2,-1.024128079E0,7.134200573E0,6.573681831E0
2.210057963E2,-1.025324464E0,7.126423836E0,6.617351055E0
2.210259083E2,-1.051645517E0,7.152146816E0,6.700501442E0
2.210460202E2,-1.013360381E0,7.169494629E0,6.683153629E0
2.210661322E2,-9.762716293E-1,7.168896675E0,6.568896294E0
2.210862442E2,-9.678967595E-1,7.171887875E0,6.480361938E0
2.211063562E2,-9.445667267E-1,7.168298244E0,6.541378975E0
2.211264682E2,-9.104689956E-1,7.170093060E0,6.655636311E0
2.211465801E2,-8.608179688E-1,7.185048103E0,6.696912289E0
2.211666921E2,-8.368897438E-1,7.204789162E0,6.681957245E0
2.211868041E2,-8.542376757E-1,7.191030025E0,6.685546398E0
2.212069161E2,-9.188438654E-1,7.170093060E0,6.689135551E0
2.212270280E2,-9.649057388E-1,7.152146816E0,6.692724705E0
2.212471400E2,-9.948160052E-1,7.127620220E0,6.726224422E0
2.212672520E2,-9.840483069E-1,7.143173695E0,6.711269379E0
2.212873639E2,-9.547362328E-1,7.177869797E0,6.641279221E0
2.213074759E2,-9.661021233E-1,7.164111137E0,6.553342819E0
2.213275879E2,-9.888339639E-1,7.173682213E0,6.560521603E0
2.213476999E2,-9.786644578E-1,7.200003147E0,6.610770702E0
2.213678118E2,-9.194421172E-1,7.189833641E0,6.521637917E0
2.213879238E2,-8.428717852E-1,7.138986588E0,6.403791428E0
2.214080358E2,-8.578268886E-1,7.163512707E0,6.494719028E0
2.214281477E2,-9.230313301E-1,7.168298244E0,6.711269379E0
2.214482597E2,-1.001396298E0,7.146762848E0,6.748956203E0
2.214683717E2,-9.840483069E-1,7.153941631E0,6.645466805E0
2.214884837E2,-8.751748800E-1,7.191030025E0,6.621538639E0
2.215085957E2,-8.745766878E-1,7.203592777E0,6.705287457E0
2.215287076E2,-9.613165259E-1,7.191628456E0,6.753143787E0
2.215488196E2,-9.511470199E-1,7.179664135E0,6.693921566E0
2.215689316E2,-9.098708034E-1,7.164111137E0,6.617949009E0
2.215890436E2,-9.170492887E-1,7.153941631E0,6.622735023E0
2.216091555E2,-9.696913958E-1,7.201797962E0,6.634100914E0
2.216292675E2,-1.007378340E0,7.186244488E0,6.546762943E0
2.216493795E2,-1.001994491E0,7.161119938E0,6.437291145E0
2.216694914E2,-9.804590940E-1,7.175477028E0,6.473183632E0
2.216896034E2,-9.565308690E-1,7.174280643E0,6.597609997E0
2.217097154E2,-1.003190875E0,7.156932354E0,6.691528320E0
2.217298274E2,-1.077966571E0,7.130013466E0,6.675376892E0
2.217499393E2,-1.077966571E0,7.101897717E0,6.642475605E0
2.217700513E2,-1.043270707E0,7.122236729E0,6.675376892E0
2.217901633E2,-1.036690354E0,7.143173695E0,6.723233223E0
2.218102753E2,-1.030110121E0,7.147361279E0,6.700501442E0
2.218303873E2,-9.613165259E-1,7.167101860E0,6.650252342E0
2.218504992E2,-9.373882413E-1,7.176673412E0,6.631708145E0
2.218706112E2,-9.511470199E-1,7.183253765E0,6.614359856E0
2.218907232E2,-9.230313301E-1,7.188039303E0,6.567101955E0
2.219108351E2,-8.871390224E-1,7.180262566E0,6.552146435E0
2.219309471E2,-8.817551732E-1,7.190432072E0,6.572485447E0
2.219510591E2,-8.512466550E-1,7.222136974E0,6.581458569E0
2.219711711E2,-8.075776696E-1,7.202994347E0,6.591628075E0
2.219912830E2,-8.536394835E-1,7.190432072E0,6.637690067E0
2.220113950E2,-9.296116233E-1,7.165905476E0,6.671787739E0
2.220315070E2,-9.714859724E-1,7.144968510E0,6.676573277E0
2.220516190E2,-9.768698215E-1,7.152146816E0,6.671787739E0
2.220717310E2,-9.589236975E-1,7.179664135E0,6.712465763E0
2.220918429E2,-9.427721500E-1,7.200003147E0,6.669992924E0
2.221119549E2,-9.385846853E-1,7.187440872E0,6.550950050E0
2.221320669E2,-9.667003751E-1,7.134200573E0,6.515655994E0
2.221521789E2,-1.067198873E0,7.121638298E0,6.604190350E0
2.221722909E2,-1.097707391E0,7.142575741E0,6.699305058E0
2.221924028E2,-9.804590940E-1,7.146164894E0,6.637690067E0
2.222125148E2,-8.350951076E-1,7.153343201E0,6.510870457E0
2.222326267E2,-9.296116233E-1,7.189833641E0,6.585047722E0
2.222527387E2,-1.011565804E0,7.155735970E0,6.719644070E0
2.222728508E2,-1.097109199E0,7.143173695E0,6.652047157E0
2.222929627E2,-1.037288666E0,7.135396957E0,6.576074600E0
2.223130747E2,-9.876375198E-1,7.172485828E0,6.571289062E0
2.223331866E2,-9.661021233E-1,7.178467751E0,6.644270420E0
2.223532986E2,-9.541380405E-1,7.185646534E0,6.714260101E0
2.223734106E2,-9.415757060E-1,7.170691490E0,6.695117950E0
2.223935226E2,-9.577272534E-1,7.139584541E0,6.628118515E0
2.224136346E2,-9.834501147E-1,7.149155617E0,6.611369133E0
2.224337465E2,-9.780662656E-1,7.186842918E0,6.597609997E0
2.224538585E2,-9.595218897E-1,7.189235687E0,6.512066841E0
2.224739705E2,-9.583254457E-1,7.159923553E0,6.481558323E0
2.224940825E2,-1.002592683E0,7.150352478E0,6.594020844E0
2.225141945E2,-1.003789067E0,7.151548862E0,6.758527756E0
2.225343064E2,-9.912267923E-1,7.170691490E0,6.746563435E0
2.225544184E2,-9.690931439E-1,7.162914753E0,6.596413612E0
2.225745304E2,-9.702895880E-1,7.146164894E0,6.574878216E0
2.225946424E2,-9.960124493E-1,7.109674454E0,6.683752060E0
2.226147543E2,-1.027717352E0,7.133602619E0,6.757929325E0
2.226348663E2,-1.003190875E0,7.173682213E0,6.685546398E0
2.226549783E2,-9.026923180E-1,7.218547821E0,6.556334019E0
2.226750903E2,-8.225327730E-1,7.246663570E0,6.486942291E0
2.226952023E2,-8.602197170E-1,7.233502865E0,6.560521603E0
2.227153142E2,-9.391828775E-1,7.182655334E0,6.637091637E0
2.227354262E2,-9.577272534E-1,7.143173695E0,6.635895252E0
2.227555382E2,-9.924231768E-1,7.133602619E0,6.628118515E0
2.227756502E2,-1.019940615E0,7.117451191E0,6.649055958E0
2.227957622E2,-1.037886858E0,7.113861561E0,6.705885410E0
2.228158741E2,-1.045065284E0,7.127022266E0,6.747759819E0
2.228359861E2,-1.037288666E0,7.125825882E0,6.708278179E0
2.228560981E2,-1.030708313E0,7.135995388E0,6.634100914E0
2.228762101E2,-9.876375198E-1,7.119245529E0,6.623332977E0
2.228963221E2,-9.631111026E-1,7.143772125E0,6.669394970E0
2.229164340E2,-9.439685345E-1,7.155138016E0,6.684350014E0
2.229365460E2,-9.224331379E-1,7.171289444E0,6.629913330E0
2.229566580E2,-8.506484628E-1,7.177869797E0,6.597609997E0
2.229767700E2,-7.645068169E-1,7.191030025E0,6.631708145E0
2.229968820E2,-7.782655358E-1,7.194619656E0,6.702894211E0
2.230169939E2,-8.548358679E-1,7.168896675E0,6.693323135E0
2.230371059E2,-8.482556343E-1,7.110870838E0,6.672386169E0
2.230572179E2,-8.560323119E-1,7.118049145E0,6.687939167E0
2.230773299E2,-8.201399446E-1,7.165905476E0,6.719644070E0
2.230974418E2,-8.398807645E-1,7.161718369E0,6.725028038E0
2.231175538E2,-8.973084688E-1,7.175477028E0,6.678966045E0
2.231376658E2,-8.709874153E-1,7.185646534E0,6.611369133E0
2.231577778E2,-8.434699774E-1,7.173084259E0,6.611369133E0
2.231778898E2,-8.871390224E-1,7.152745247E0,6.628118515E0
2.231980017E2,-9.086744189E-1,7.116254330E0,6.672386169E0
2.232181138E2,-8.847461939E-1,7.109674454E0,6.680760860E0
2.232382257E2,-8.464609981E-1,7.128218651E0,6.662814617E0
2.232583377E2,-8.488538265E-1,7.149754047E0,6.717251301E0
2.232784497E2,-9.170492887E-1,7.173084259E0,6.683153629E0
2.232985617E2,-8.907282352E-1,7.160521984E0,6.579065800E0
2.233186737E2,-8.165507317E-1,7.154539585E0,6.552744865E0
2.233387857E2,-8.273184299E-1,7.151548862E0,6.623332977E0
2.233588976E2,-8.727820516E-1,7.133004189E0,6.678966045E0
2.233790096E2,-9.050851464E-1,7.117451191E0,6.704091072E0
2.233991216E2,-8.901300430E-1,7.128817081E0,6.717849731E0
2.234192336E2,-8.656035662E-1,7.141379356E0,6.669992924E0
2.234393455E2,-8.632107973E-1,7.155735970E0,6.631109715E0
2.234594575E2,-8.703892231E-1,7.134799004E0,6.674180508E0
2.234795695E2,-9.092726111E-1,7.127022266E0,6.707680225E0
2.234996815E2,-8.787640929E-1,7.091129780E0,6.726224422E0
2.235197935E2,-8.476574421E-1,7.100102901E0,6.750152588E0
2.235399054E2,-8.081758618E-1,7.106683254E0,6.776473522E0
2.235600174E2,-7.776673436E-1,7.112665176E0,6.711269379E0
2.235801294E2,-7.387840152E-1,7.134799004E0,6.616154671E0
2.236002414E2,-7.387840152E-1,7.142575741E0,6.547360897E0
2.236203534E2,-7.764709592E-1,7.146762848E0,6.519843578E0
2.236404653E2,-8.219345808E-1,7.129415035E0,6.527620316E0
2.236605774E2,-8.638089895E-1,7.134200573E0,6.588637352E0
2.236806893E2,-8.757730722E-1,7.165905476E0,6.600601196E0
2.237008013E2,-8.769695163E-1,7.159923553E0,6.547360897E0
2.237209133E2,-8.889335990E-1,7.140182972E0,6.563512325E0
2.237410253E2,-9.583254457E-1,7.144370079E0,6.716054916E0
2.237611373E2,-1.004387259E0,7.135995388E0,6.799803734E0
2.237812492E2,-9.511470199E-1,7.118647575E0,6.744170666E0
2.238013612E2,-8.512466550E-1,7.106084824E0,6.712465763E0
2.238214732E2,-8.512466550E-1,7.126423836E0,6.759724140E0
2.238415852E2,-9.206385016E-1,7.101299286E0,6.727420807E0
2.238616972E2,-9.607182741E-1,7.080362320E0,6.656832695E0
2.238818091E2,-9.541380405E-1,7.102495670E0,6.633502483E0
2.239019211E2,-9.044869542E-1,7.146762848E0,6.631708145E0
2.239220331E2,-8.386843204E-1,7.183253765E0,6.674778938E0
2.239421451E2,-8.285148144E-1,7.190432072E0,6.781259537E0
2.239622571E2,-8.309076428E-1,7.200601578E0,6.801000118E0
2.239823691E2,-8.338986635E-1,7.147361279E0,6.720840454E0
2.240024811E2,-8.985049129E-1,7.154539585E0,6.694519520E0
2.240225930E2,-9.391828775E-1,7.183253765E0,6.629314899E0
2.240427050E2,-9.355936646E-1,7.174878597E0,6.464210510E0
2.240628170E2,-9.014959335E-1,7.164709091E0,6.450451851E0
2.240829290E2,-8.578268886E-1,7.141379356E0,6.606583118E0
2.241030410E2,-8.739784956E-1,7.092326164E0,6.796812534E0
2.241231529E2,-9.116654396E-1,7.087540627E0,6.824928284E0
2.241432649E2,-9.080761671E-1,7.110870838E0,6.725626469E0
2.241633769E2,-8.793623447E-1,7.133004189E0,6.661019802E0
2.241834889E2,-8.584251404E-1,7.165905476E0,6.695715904E0
2.242036009E2,-8.488538265E-1,7.175477028E0,6.740581512E0
2.242237129E2,-8.650053740E-1,7.179664135E0,6.714858532E0
2.242438249E2,-8.560323119E-1,7.170093060E0,6.673582554E0
2.242639368E2,-8.422735929E-1,7.172485828E0,6.701697826E0
2.242840488E2,-8.177471161E-1,7.153941631E0,6.682555676E0
2.243041608E2,-8.572286963E-1,7.148557663E0,6.631708145E0
2.243242728E2,-9.242277741E-1,7.142575741E0,6.634698868E0
2.243443848E2,-9.200403094E-1,7.158727169E0,6.628118515E0
2.243644968E2,-8.500502706E-1,7.171887875E0,6.601199627E0
2.243846088E2,-8.309076428E-1,7.180262566E0,6.592824459E0
2.244047208E2,-8.949156404E-1,7.150352478E0,6.624529362E0
2.244248327E2,-9.415757060E-1,7.148557663E0,6.646064758E0
2.244449447E2,-9.272187948E-1,7.141977310E0,6.674180508E0
2.244650567E2,-9.092726111E-1,7.158727169E0,6.685546398E0
2.244851687E2,-8.901300430E-1,7.164709091E0,6.649055958E0
2.245052807E2,-8.673982024E-1,7.176074982E0,6.619145870E0
2.245253926E2,-8.841479421E-1,7.178467751E0,6.653243542E0
2.245455047E2,-9.320043921E-1,7.156334400E0,6.732804775E0
2.245656166E2,-9.451649189E-1,7.154539585E0,6.726822853E0
2.245857286E2,-8.865407705E-1,7.103094101E0,6.652047157E0
2.246058406E2,-8.727820516E-1,7.117451191E0,6.609574318E0
2.246259526E2,-9.595218897E-1,7.143173695E0,6.667600155E0
2.246460646E2,-1.037288666E0,7.107879639E0,6.706483841E0
2.246661765E2,-1.027717352E0,7.155735970E0,6.608377934E0
2.246862886E2,-9.326026440E-1,7.197012424E0,6.519245148E0
2.247064005E2,-8.679963946E-1,7.202994347E0,6.551548481E0
2.247265125E2,-9.104689956E-1,7.205387115E0,6.566503525E0
2.247466245E2,-9.278169870E-1,7.154539585E0,6.596413612E0
2.247667365E2,-9.182456732E-1,7.127620220E0,6.638886452E0
2.247868485E2,-9.050851464E-1,7.120441914E0,6.666403770E0
2.248069604E2,-9.355936646E-1,7.165905476E0,6.716054916E0
2.248270724E2,-9.786644578E-1,7.184450150E0,6.677769661E0
2.248471844E2,-9.649057388E-1,7.177869797E0,6.565307140E0
2.248672964E2,-9.230313301E-1,7.178467751E0,6.533602238E0
2.248874084E2,-9.104689956E-1,7.171289444E0,6.670591354E0
2.249075204E2,-8.925228715E-1,7.180860519E0,6.778866768E0
2.249276324E2,-9.146564603E-1,7.144968510E0,6.670591354E0
2.249477443E2,-9.726824164E-1,7.110272408E0,6.544968128E0
2.249678563E2,-1.016351461E0,7.115057945E0,6.547959328E0
2.249879683E2,-1.041476011E0,7.145566463E0,6.641877651E0
2.250080803E2,-9.870393276E-1,7.160521984E0,6.679564476E0
2.250281923E2,-9.134600163E-1,7.167101860E0,6.716054916E0
2.250483043E2,-8.991031051E-1,7.140780926E0,6.740581512E0
2.250684163E2,-9.870393276E-1,7.170093060E0,6.848258495E0
2.250885283E2,-1.006181955E0,7.164709091E0,6.744170666E0
2.251086402E2,-1.001994491E0,7.198208809E0,6.583851337E0
2.251287522E2,-8.997012973E-1,7.173682213E0,6.392425537E0
2.251488642E2,-8.961120844E-1,7.179664135E0,6.327221394E0
2.251689762E2,-8.793623447E-1,7.182655334E0,6.466004848E0
2.251890882E2,-8.213363886E-1,7.216753006E0,6.624529362E0
2.252092002E2,-8.422735929E-1,7.214360237E0,6.652047157E0
2.252293122E2,-9.218349457E-1,7.182057381E0,6.623931408E0
2.252494241E2,-9.702895880E-1,7.163512707E0,6.635297298E0
2.252695361E2,-9.840483069E-1,7.161119938E0,6.701697826E0
2.252896482E2,-9.822536707E-1,7.159325123E0,6.742375851E0
2.253097601E2,-9.696913958E-1,7.177869797E0,6.711269379E0
2.253298721E2,-9.547362328E-1,7.200003147E0,6.604788780E0
2.253499841E2,-9.475577474E-1,7.174878597E0,6.547959328E0
2.253700961E2,-9.391828775E-1,7.167101860E0,6.622735023E0
2.253902081E2,-9.361918569E-1,7.158727169E0,6.684948444E0
2.254103201E2,-9.451649189E-1,7.141977310E0,6.623332977E0
2.254304321E2,-8.937192559E-1,7.127022266E0,6.554539204E0
2.254505440E2,-9.433703423E-1,7.198806763E0,6.583851337E0
2.254706560E2,-1.019342422E0,7.186842918E0,6.613163471E0
2.254907680E2,-1.038485050E0,7.155735970E0,6.576673031E0
2.255108800E2,-1.006181955E0,7.143173695E0,6.534798622E0
2.255309920E2,-9.768698215E-1,7.141379356E0,6.608377934E0
2.255511040E2,-9.565308690E-1,7.166503906E0,6.714260101E0
2.255712160E2,-9.493523836E-1,7.175477028E0,6.730412006E0
2.255913279E2,-9.529415965E-1,7.178467751E0,6.713063717E0
2.256114399E2,-8.967102766E-1,7.175477028E0,6.630511761E0
2.256315519E2,-8.572286963E-1,7.189833641E0,6.611967087E0
2.256516639E2,-9.038887620E-1,7.210771084E0,6.597609997E0
2.256717759E2,-9.326026440E-1,7.186244488E0,6.561119556E0
2.256918879E2,-9.385846853E-1,7.183851719E0,6.535397053E0
2.257119999E2,-9.439685345E-1,7.188039303E0,6.586244106E0
2.257321118E2,-9.439685345E-1,7.194619656E0,6.648457527E0
2.257522239E2,-9.714859724E-1,7.185646534E0,6.600003242E0
2.257723359E2,-9.960124493E-1,7.149155617E0,6.525825500E0
2.257924478E2,-1.048056364E0,7.107281685E0,6.531807423E0
2.258125598E2,-1.101894855E0,7.087540627E0,6.646064758E0
2.258326718E2,-1.116850019E0,7.115057945E0,6.737590313E0
2.258527838E2,-1.054636598E0,7.153941631E0,6.669394970E0
2.258728958E2,-1.018146038E0,7.174878597E0,6.576673031E0
2.258930078E2,-1.001396298E0,7.175477028E0,6.582056999E0
2.259131198E2,-9.888339639E-1,7.176074982E0,6.655636311E0
2.259332317E2,-9.720842242E-1,7.170691490E0,6.673582554E0
2.259533437E2,-9.481559992E-1,7.167700291E0,6.648457527E0
2.259734558E2,-9.439685345E-1,7.181458950E0,6.635895252E0
2.259935677E2,-9.332008362E-1,7.200601578E0,6.650850773E0
2.260136797E2,-8.973084688E-1,7.214360237E0,6.628716946E0
2.260337917E2,-8.566305041E-1,7.213762283E0,6.600601196E0
2.260539037E2,-8.416753411E-1,7.174878597E0,6.619145870E0
2.260740157E2,-9.020941257E-1,7.142575741E0,6.661019802E0
2.260941277E2,-9.774680734E-1,7.112665176E0,6.693921566E0
2.261142397E2,-1.036690354E0,7.107281685E0,6.744170666E0
2.261343516E2,-1.010967612E0,7.167101860E0,6.740581512E0
2.261544636E2,-9.044869542E-1,7.208378315E0,6.657430649E0
2.261745756E2,-8.416753411E-1,7.204190731E0,6.602396011E0
2.261946876E2,-8.542376757E-1,7.186842918E0,6.617351055E0
2.262147996E2,-9.230313301E-1,7.161718369E0,6.683153629E0
2.262349116E2,-9.726824164E-1,7.136593342E0,6.710670948E0
2.262550236E2,-9.343972206E-1,7.106084824E0,6.653841496E0
2.262751355E2,-8.261220455E-1,7.155138016E0,6.620342255E0
2.262952476E2,-8.003991842E-1,7.217949390E0,6.639484406E0
2.263153596E2,-8.584251404E-1,7.189833641E0,6.634698868E0
2.263354715E2,-9.690931439E-1,7.159325123E0,6.586842537E0
2.263555835E2,-9.864411354E-1,7.121040344E0,6.577271461E0
2.263756955E2,-9.577272534E-1,7.125825882E0,6.619743824E0
2.263958075E2,-9.439685345E-1,7.155735970E0,6.677769661E0
2.264159195E2,-9.074779749E-1,7.168298244E0,6.714260101E0
2.264360315E2,-8.578268886E-1,7.163512707E0,6.712465763E0
2.264561435E2,-8.500502706E-1,7.144370079E0,6.728019238E0
2.264762555E2,-8.805587292E-1,7.156334400E0,6.768697262E0
2.264963675E2,-9.032905698E-1,7.154539585E0,6.737590313E0
2.265164795E2,-8.446664214E-1,7.133004189E0,6.664609432E0
2.265365914E2,-7.609176040E-1,7.170093060E0,6.675376892E0
2.265567034E2,-6.873382926E-1,7.198208809E0,6.750751019E0
2.265768154E2,-6.628118753E-1,7.219145775E0,6.756732941E0
2.265969274E2,-6.538388133E-1,7.231708050E0,6.683153629E0
2.266170394E2,-6.867401004E-1,7.243672371E0,6.579065800E0
2.266371514E2,-7.381857634E-1,7.271788120E0,6.519245148E0
2.266572634E2,-7.980063558E-1,7.273582458E0,6.463014126E0
2.266773754E2,-9.320043921E-1,7.235297680E0,6.390032768E0
2.266974874E2,-1.045065284E0,7.188039303E0,6.357729912E0
2.267175993E2,-1.100100160E0,7.134799004E0,6.422934055E0
2.267377113E2,-1.071386337E0,7.113263607E0,6.440282345E0
2.267578233E2,-1.089332461E0,7.094120979E0,6.440282345E0
2.267779353E2,-1.056431174E0,7.054639339E0,6.585646152E0
2.267980473E2,-1.044467092E0,6.990631580E0,6.821937561E0
2.268181593E2,-1.104885817E0,6.943971157E0,6.987041950E0
2.268382713E2,-1.084546804E0,6.952944279E0,6.976274490E0
2.268583833E2,-1.054038405E0,6.996613503E0,6.813562393E0
2.268784953E2,-9.966106415E-1,7.074379921E0,6.659823418E0
2.268986073E2,-8.781659007E-1,7.146762848E0,6.662814617E0
2.269187192E2,-7.076773047E-1,7.241877556E0,6.756134510E0
2.269388312E2,-5.587241054E-1,7.296314240E0,6.724429607E0
2.269589433E2,-5.832505226E-1,7.271189690E0,6.598208427E0
2.269790552E2,-6.801598072E-1,7.264609337E0,6.612565517E0
2.269991672E2,-7.052844763E-1,7.311867714E0,6.636493683E0
2.270192792E2,-6.616154313E-1,7.329215527E0,6.518647194E0
2.270393912E2,-5.748756528E-1,7.274180889E0,6.444469452E0
2.270595032E2,-5.940182209E-1,7.302296638E0,6.454638958E0
2.270796152E2,-7.387840152E-1,7.244270325E0,6.402595043E0
2.270997272E2,-8.745766878E-1,7.164709091E0,6.413960934E0
2.271198392E2,-1.048056364E0,7.187440872E0,6.664011002E0
2.271399512E2,-1.089930773E0,7.174878597E0,6.477969170E0
2.271600632E2,-9.864411354E-1,7.195217609E0,6.206982136E0
2.271801751E2,-1.013360381E0,7.179066181E0,6.272784710E0
2.272002871E2,-1.126421213E0,7.108478069E0,6.507879257E0
2.272203991E2,-1.204187989E0,7.036693096E0,6.668796539E0
2.272405111E2,-1.192223907E0,7.025925636E0,6.769893646E0
2.272606231E2,-1.119840980E0,7.113263607E0,6.855436802E0
2.272807351E2,-9.625129104E-1,7.179664135E0,6.968497753E0
2.273008471E2,-8.303094506E-1,7.258627415E0,6.992425919E0
2.273209591E2,-7.722834945E-1,7.287939548E0,6.902096748E0
2.273410711E2,-7.387840152E-1,7.271788120E0,6.832107067E0
2.273611830E2,-7.591229677E-1,7.227520943E0,6.753143787E0
2.273812950E2,-8.123632669E-1,7.217351437E0,6.572485447E0
2.274014071E2,-8.195417523E-1,7.267600536E0,6.343372822E0
2.274215190E2,-7.411768436E-1,7.315456867E0,6.303891182E0
2.274416310E2,-7.627122402E-1,7.301698208E0,6.374479294E0
2.274617430E2,-9.385846853E-1,7.198208809E0,6.384050846E0
2.274818550E2,-1.098903775E0,7.138388157E0,6.334399700E0
2.275019670E2,-1.197607756E0,7.134200573E0,6.394818306E0
2.275220790E2,-1.234098315E0,7.168896675E0,6.500700951E0
2.275421910E2,-1.177866936E0,7.176673412E0,6.540780544E0
2.275623030E2,-1.124028444E0,7.145566463E0,6.588038921E0
2.275824150E2,-1.157527924E0,7.057032108E0,6.711867332E0
2.276025270E2,-1.256231904E0,6.996613503E0,6.830312252E0
2.276226389E2,-1.271187067E0,7.024729252E0,6.937391281E0
2.276427510E2,-1.081555843E0,7.089335442E0,6.969694138E0
2.276628629E2,-9.116654396E-1,7.267600536E0,6.814160824E0
2.276829749E2,-6.693921089E-1,7.386643410E0,6.655636311E0
2.277030869E2,-5.324030519E-1,7.389036179E0,6.651448727E0
2.277231989E2,-6.777670383E-1,7.284948349E0,6.581458569E0
2.277433109E2,-9.349954724E-1,7.137191772E0,6.317051888E0
2.277634229E2,-1.009172916E0,7.080960274E0,6.200999737E0
2.277835349E2,-9.505487680E-1,7.204789162E0,6.407381058E0
2.278036469E2,-8.267202377E-1,7.302296638E0,6.590431690E0
2.278237589E2,-7.651050687E-1,7.304090977E0,6.521039963E0
2.278438709E2,-8.494520187E-1,7.227520943E0,6.455237389E0
2.278639828E2,-1.104885817E0,7.102495670E0,6.557530403E0
2.278840949E2,-1.357926846E0,7.003791809E0,6.731009960E0
2.279042068E2,-1.396211982E0,6.966702938E0,6.850052834E0
2.279243188E2,-1.191625714E0,7.038487911E0,6.857829571E0
2.279444308E2,-8.829515576E-1,7.130611420E0,6.860222340E0
2.279645428E2,-7.405785918E-1,7.212565422E0,6.918248653E0
2.279846548E2,-8.344969153E-1,7.334001541E0,6.885945320E0
2.280047668E2,-8.931210637E-1,7.300501823E0,6.643671989E0
2.280248788E2,-8.488538265E-1,7.258029461E0,6.377470493E0
2.280449908E2,-7.537391186E-1,7.240681171E0,6.297310829E0
2.280651028E2,-7.172485590E-1,7.197012424E0,6.396014690E0
2.280852148E2,-7.866404653E-1,7.200003147E0,6.485147476E0
2.281053267E2,-8.231309652E-1,7.238886833E0,6.529414654E0
2.281254387E2,-8.338986635E-1,7.244270325E0,6.548557281E0
2.281455508E2,-9.523434043E-1,7.199405193E0,6.534200668E0
2.281656627E2,-1.091127157E0,7.113861561E0,6.565905571E0
2.281857747E2,-1.215553880E0,7.046862602E0,6.655037880E0
2.282058867E2,-1.243071318E0,7.025925636E0,6.795018196E0
2.282259987E2,-1.191625714E0,7.110272408E0,6.822535515E0
2.282461107E2,-1.043868899E0,7.162316322E0,6.842874527E0
2.282662227E2,-9.176474810E-1,7.194021225E0,6.846463680E0
2.282863347E2,-9.074779749E-1,7.181458950E0,6.756134510E0
2.283064467E2,-9.714859724E-1,7.171289444E0,6.563512325E0
2.283265587E2,-9.870393276E-1,7.152745247E0,6.440282345E0
2.283466707E2,-8.985049129E-1,7.192824841E0,6.385247231E0
2.283667826E2,-8.063812256E-1,7.219744205E0,6.394220352E0
2.283868947E2,-7.878368497E-1,7.242475986E0,6.538986206E0
2.284070066E2,-7.507480979E-1,7.292725086E0,6.737590313E0
2.284271186E2,-7.686942816E-1,7.280761242E0,6.745367050E0
2.284472306E2,-8.943174481E-1,7.178467751E0,6.606583118E0
2.284673426E2,-1.006181955E0,7.090531826E0,6.583851337E0
2.284874546E2,-1.054038405E0,7.074379921E0,6.780063152E0
2.285075666E2,-1.089332461E0,7.149155617E0,6.840481758E0
2.285276786E2,-9.864411354E-1,7.207779884E0,6.647859573E0
2.285477906E2,-8.877372146E-1,7.234101295E0,6.467799664E0
2.285679026E2,-9.236295223E-1,7.213163853E0,6.530013084E0
2.285880146E2,-1.044467092E0,7.129415035E0,6.661019802E0
2.286081265E2,-1.138385415E0,7.094120979E0,6.632904530E0
2.286282386E2,-1.095912814E0,7.114459991E0,6.500700951E0
2.286483505E2,-1.009771109E0,7.171289444E0,6.445665836E0
2.286684625E2,-9.493523836E-1,7.222734928E0,6.523432732E0
2.286885745E2,-8.907282352E-1,7.230511665E0,6.601199627E0
2.287086865E2,-9.014959335E-1,7.186842918E0,6.603592396E0
2.287287985E2,-9.451649189E-1,7.149754047E0,6.609574318E0
2.287489105E2,-9.720842242E-1,7.169494629E0,6.732804775E0
2.287690225E2,-9.696913958E-1,7.238886833E0,6.805785656E0
2.287891345E2,-8.769695163E-1,7.223931789E0,6.708876610E0
2.288092465E2,-8.051848412E-1,7.213762283E0,6.570691109E0
2.288293585E2,-8.614161611E-1,7.189833641E0,6.570691109E0
2.288494704E2,-1.021137118E0,7.086942673E0,6.684948444E0
2.288695825E2,-1.153340459E0,7.049255371E0,6.698108673E0
2.288896945E2,-1.168893814E0,7.108478069E0,6.567699909E0
2.289098064E2,-1.061815023E0,7.232904434E0,6.390032768E0
2.289299184E2,-8.309076428E-1,7.315456867E0,6.463612080E0
2.289500304E2,-6.963114142E-1,7.260422230E0,6.672984123E0
2.289701424E2,-8.476574421E-1,7.158727169E0,6.750152588E0
2.289902544E2,-1.123430252E0,7.092326164E0,6.640082836E0
2.290103664E2,-1.238285661E0,7.102495670E0,6.509674072E0
2.290304784E2,-1.176072359E0,7.133602619E0,6.459424496E0
2.290505904E2,-1.013958573E0,7.178467751E0,6.515058041E0
2.290707024E2,-8.159525394E-1,7.208378315E0,6.638288021E0
2.290908143E2,-7.932206988E-1,7.205985546E0,6.721438885E0
2.291109264E2,-9.726824164E-1,7.195217609E0,6.742375851E0
2.291310384E2,-1.107278705E0,7.165905476E0,6.713063717E0
2.291511503E2,-1.141376376E0,7.135995388E0,6.620342255E0
2.291712624E2,-1.048056364E0,7.142575741E0,6.619145870E0
2.291913743E2,-9.332008362E-1,7.144968510E0,6.691528320E0
2.292114863E2,-9.499505758E-1,7.172485828E0,6.656234264E0
2.292315983E2,-9.553344250E-1,7.260422230E0,6.608976364E0
2.292517103E2,-8.703892231E-1,7.277770042E0,6.626324177E0
2.292718223E2,-7.938188910E-1,7.232306480E0,6.608377934E0
2.292919343E2,-8.057830334E-1,7.202396393E0,6.558726788E0
2.293120463E2,-8.703892231E-1,7.160521984E0,6.586244106E0
2.293321583E2,-9.367900491E-1,7.168298244E0,6.622735023E0
2.293522703E2,-9.888339639E-1,7.183253765E0,6.594020844E0
2.293723823E2,-1.006181955E0,7.174878597E0,6.614359856E0
2.293924942E2,-9.559326172E-1,7.128817081E0,6.719046116E0
2.294126063E2,-9.672985673E-1,7.148557663E0,6.763313293E0
2.294327183E2,-1.067198873E0,7.194619656E0,6.726224422E0
2.294528302E2,-1.083350420E0,7.159325123E0,6.667600155E0
2.294729422E2,-1.124626637E0,7.133004189E0,6.538387775E0
2.294930542E2,-1.117448211E0,7.126423836E0,6.438487530E0
2.295131662E2,-1.008574724E0,7.142575741E0,6.534798622E0
2.295332782E2,-9.445667267E-1,7.175477028E0,6.628118515E0
2.295533902E2,-9.487541914E-1,7.185048103E0,6.571887493E0
2.295735022E2,-8.877372146E-1,7.191030025E0,6.541976929E0
2.295936142E2,-7.998009920E-1,7.187440872E0,6.698108673E0
2.296137262E2,-8.542376757E-1,7.231110096E0,6.785446644E0
2.296338382E2,-8.721838593E-1,7.249654293E0,6.671787739E0
2.296539502E2,-8.261220455E-1,7.247261524E0,6.441478729E0
2.296740622E2,-8.620143533E-1,7.231110096E0,6.463014126E0
2.296941741E2,-8.799605370E-1,7.188637257E0,6.655636311E0
2.297142861E2,-9.302098155E-1,7.158727169E0,6.744768620E0
2.297343982E2,-9.942178130E-1,7.140182972E0,6.664011002E0
2.297545101E2,-1.004387259E0,7.140182972E0,6.622735023E0
2.297746221E2,-9.834501147E-1,7.189833641E0,6.622136593E0
2.297947341E2,-9.559326172E-1,7.204789162E0,6.632306099E0
2.298148461E2,-9.619147182E-1,7.183851719E0,6.605386734E0
2.298349581E2,-1.006780148E0,7.140780926E0,6.559325218E0
2.298550701E2,-1.064806104E0,7.115057945E0,6.554539204E0
2.298751821E2,-1.088734269E0,7.147361279E0,6.568298340E0
2.298952941E2,-9.200403094E-1,7.201199532E0,6.607181549E0
2.299154061E2,-7.357929349E-1,7.240681171E0,6.678966045E0
2.299355180E2,-7.262216806E-1,7.237690449E0,6.726822853E0
2.299556301E2,-8.129615188E-1,7.206583500E0,6.645466805E0
2.299757421E2,-9.367900491E-1,7.184450150E0,6.547959328E0
2.299958540E2,-9.762716293E-1,7.157530785E0,6.583851337E0
2.300159660E2,-9.768698215E-1,7.122236729E0,6.610172749E0
2.300360780E2,-9.870393276E-1,7.134799004E0,6.516254425E0
2.300561900E2,-9.469595551E-1,7.159923553E0,6.562914371E0
2.300763020E2,-8.811569214E-1,7.215556622E0,6.748358250E0
2.300964140E2,-8.620143533E-1,7.256234646E0,6.751947403E0
2.301165260E2,-9.128618240E-1,7.197610378E0,6.543173313E0
2.301366380E2,-9.218349457E-1,7.140182972E0,6.458826542E0
2.301567500E2,-9.667003751E-1,7.121040344E0,6.556334019E0
2.301768620E2,-9.577272534E-1,7.104888439E0,6.564708710E0
2.301969740E2,-8.356932998E-1,7.095317364E0,6.521039963E0
2.302170860E2,-6.975077987E-1,7.148557663E0,6.604788780E0
2.302371979E2,-7.645068169E-1,7.194619656E0,6.692724705E0
2.302573100E2,-9.439685345E-1,7.198806763E0,6.664011002E0
2.302774220E2,-9.942178130E-1,7.200003147E0,6.587440968E0
2.302975339E2,-9.098708034E-1,7.192226887E0,6.546164513E0
2.303176459E2,-8.817551732E-1,7.180860519E0,6.611369133E0
2.303377579E2,-9.415757060E-1,7.214958668E0,6.729813576E0
2.303578699E2,-9.182456732E-1,7.243073940E0,6.787839413E0
2.303779819E2,-8.392825127E-1,7.264609337E0,6.687341213E0
2.303980939E2,-8.117650747E-1,7.237690449E0,6.565905571E0
2.304182059E2,-8.823533654E-1,7.232306480E0,6.479165554E0
2.304383179E2,-9.218349457E-1,7.186244488E0,6.414559364E0
2.304584299E2,-1.006780148E0,7.117451191E0,6.397211552E0
2.304785418E2,-9.750752449E-1,7.135995388E0,6.456433773E0
2.304986539E2,-8.943174481E-1,7.197610378E0,6.592824459E0
2.305187659E2,-8.428717852E-1,7.211967468E0,6.735197544E0
2.305388778E2,-9.110672474E-1,7.203592777E0,6.760920525E0
2.305589898E2,-9.858429432E-1,7.195217609E0,6.724429607E0
2.305791018E2,-9.930213690E-1,7.175477028E0,6.697510719E0
2.305992138E2,-1.026520967E0,7.155138016E0,6.650850773E0
2.306193258E2,-1.072582722E0,7.127620220E0,6.591628075E0
2.306394378E2,-1.071386337E0,7.151548862E0,6.564708710E0
2.306595498E2,-9.792626500E-1,7.231110096E0,6.561717987E0
2.306796618E2,-8.632107973E-1,7.293323517E0,6.534798622E0
2.306997738E2,-8.530412912E-1,7.308876991E0,6.467799664E0
2.307198858E2,-8.685946465E-1,7.229913712E0,6.451648235E0
2.307399978E2,-9.774680734E-1,7.124629498E0,6.477969170E0
2.307601098E2,-1.088734269E0,7.070790768E0,6.518048763E0
2.307802217E2,-1.081555843E0,7.082755089E0,6.644270420E0
2.308003338E2,-9.744769931E-1,7.157530785E0,6.775277138E0
2.308204458E2,-8.751748800E-1,7.249654293E0,6.783053875E0
2.308405577E2,-9.475577474E-1,7.277172089E0,6.637690067E0
2.308606697E2,-9.385846853E-1,7.240083218E0,6.629913330E0
2.308807817E2,-9.361918569E-1,7.180860519E0,6.681957245E0
2.309008937E2,-1.057029366E0,7.138986588E0,6.620940208E0
2.309210057E2,-1.100698471E0,7.091728210E0,6.610770702E0
2.309411177E2,-1.087537885E0,7.130611420E0,6.690930367E0
2.309612297E2,-1.013360381E0,7.176074982E0,6.749554634E0
2.309813417E2,-8.673982024E-1,7.231110096E0,6.702296257E0
2.310014537E2,-7.280163169E-1,7.232904434E0,6.547360897E0
2.310215657E2,-7.932206988E-1,7.262216568E0,6.445665836E0
2.310416777E2,-9.110672474E-1,7.165307522E0,6.466603279E0
2.310617897E2,-1.068993568E0,7.106084824E0,6.493522644E0
2.310819016E2,-1.130608678E0,7.082755089E0,6.535397053E0
2.311020136E2,-1.061216831E0,7.111468792E0,6.641279221E0
2.311221257E2,-9.643075466E-1,7.197012424E0,6.770491600E0
2.311422376E2,-9.152546525E-1,7.231110096E0,6.774679184E0
2.311623496E2,-9.750752449E-1,7.206583500E0,6.671787739E0
2.311824616E2,-1.037288666E0,7.117451191E0,6.633502483E0
2.312025736E2,-1.056431174E0,7.094718933E0,6.704091072E0
2.312226856E2,-1.021137118E0,7.185646534E0,6.779464722E0
2.312427976E2,-8.626125455E-1,7.215556622E0,6.685546398E0
2.312629096E2,-7.722834945E-1,7.233502865E0,6.434898376E0
2.312830216E2,-8.243274093E-1,7.231708050E0,6.345765591E0
2.313031336E2,-9.212366939E-1,7.174280643E0,6.558726788E0
2.313232455E2,-1.000199914E0,7.119843960E0,6.734599113E0
2.313433576E2,-9.732806087E-1,7.121638298E0,6.667600155E0
2.313634696E2,-8.733802438E-1,7.150950432E0,6.566503525E0
2.313835815E2,-8.775677085E-1,7.179664135E0,6.662814617E0
2.314036935E2,-9.984052777E-1,7.188039303E0,6.798008919E0
2.314238055E2,-1.020538807E0,7.170093060E0,6.827321053E0
2.314439175E2,-1.034297585E0,7.150950432E0,6.686742783E0
2.314640295E2,-1.028315544E0,7.137789726E0,6.552146435E0
2.314841415E2,-1.018146038E0,7.134799004E0,6.546762943E0
2.315042535E2,-9.732806087E-1,7.164709091E0,6.686144829E0
2.315243655E2,-9.122636318E-1,7.192226887E0,6.731608391E0
2.315444775E2,-9.128618240E-1,7.222734928E0,6.601199627E0
2.315645895E2,-9.487541914E-1,7.219145775E0,6.425326824E0
2.315847015E2,-9.930213690E-1,7.170093060E0,6.378666878E0
2.316048135E2,-9.888339639E-1,7.112665176E0,6.493522644E0
2.316249254E2,-9.828519225E-1,7.104888439E0,6.681358814E0
2.316450374E2,-9.326026440E-1,7.146164894E0,6.811768055E0
2.316651495E2,-9.326026440E-1,7.173084259E0,6.803991318E0
2.316852614E2,-9.619147182E-1,7.181458950E0,6.713662148E0
2.317053734E2,-9.206385016E-1,7.189235687E0,6.648457527E0
2.317254854E2,-1.045663476E0,7.149754047E0,6.683752060E0
2.317455974E2,-1.036092162E0,7.135396957E0,6.780063152E0
2.317657094E2,-9.128618240E-1,7.174878597E0,6.689733982E0
2.317858214E2,-9.260223508E-1,7.173084259E0,6.519843578E0
2.318059334E2,-9.888339639E-1,7.171289444E0,6.434898376E0
2.318260454E2,-8.590233326E-1,7.177869797E0,6.512066841E0
2.318461574E2,-7.651050687E-1,7.240681171E0,6.594020844E0
2.318662693E2,-8.225327730E-1,7.247261524E0,6.501298904E0
2.318863813E2,-9.547362328E-1,7.191628456E0,6.415157318E0
2.319064934E2,-1.012163997E0,7.117451191E0,6.500102520E0
2.319266053E2,-1.014556766E0,7.105486870E0,6.620342255E0
2.319467173E2,-9.541380405E-1,7.129415035E0,6.756134510E0
2.319668293E2,-8.781659007E-1,7.168298244E0,6.893123627E0
2.319869413E2,-8.536394835E-1,7.200601578E0,6.810571671E0
2.320070533E2,-8.434699774E-1,7.200003147E0,6.689733982E0
2.320271653E2,-9.020941257E-1,7.194619656E0,6.710072994E0
2.320472773E2,-9.708877802E-1,7.179066181E0,6.698108673E0
2.320673893E2,-9.906286001E-1,7.126423836E0,6.498308182E0
2.320875013E2,-9.966106415E-1,7.132406235E0,6.398407936E0
2.321076133E2,-8.931210637E-1,7.206583500E0,6.579664230E0
2.321277253E2,-8.015955687E-1,7.244868755E0,6.736992359E0
2.321478373E2,-8.422735929E-1,7.240083218E0,6.662814617E0
2.321679492E2,-9.314061999E-1,7.201199532E0,6.489933014E0
2.321880612E2,-1.016351461E0,7.116852760E0,6.437291145E0
2.322081733E2,-1.068395257E0,7.088737011E0,6.463014126E0
2.322282852E2,-1.016351461E0,7.066005230E0,6.637091637E0
2.322483972E2,-9.661021233E-1,7.104888439E0,6.839285374E0
2.322685092E2,-9.649057388E-1,7.183253765E0,6.891927242E0
2.322886212E2,-9.481559992E-1,7.242475986E0,6.783652306E0
2.323087332E2,-9.667003751E-1,7.202994347E0,6.613761902E0
2.323288452E2,-1.028913736E0,7.130013466E0,6.527620316E0
2.323489572E2,-1.089332461E0,7.100701332E0,6.592824459E0
2.323690692E2,-1.007976532E0,7.163512707E0,6.702894211E0
2.323891812E2,-8.243274093E-1,7.243672371E0,6.770491600E0
2.324092932E2,-7.507480979E-1,7.296912670E0,6.653841496E0
2.324294051E2,-8.500502706E-1,7.261618614E0,6.452844620E0
2.324495172E2,-9.720842242E-1,7.198208809E0,6.409773827E0
2.324696291E2,-9.499505758E-1,7.138986588E0,6.512664795E0
2.324897411E2,-8.907282352E-1,7.104888439E0,6.637690067E0
2.325098531E2,-8.650053740E-1,7.112665176E0,6.705885410E0
2.325299651E2,-9.260223508E-1,7.148557663E0,6.823731899E0
2.325500771E2,-9.672985673E-1,7.215556622E0,6.888936520E0
2.325701891E2,-9.948160052E-1,7.183851719E0,6.762714863E0
2.325903011E2,-1.064806104E0,7.121040344E0,6.563512325E0
2.326104131E2,-1.083350420E0,7.095915318E0,6.558726788E0
2.326305251E2,-1.019940615E0,7.103094101E0,6.694519520E0
2.326506371E2,-9.176474810E-1,7.189235687E0,6.781259537E0
2.326707490E2,-8.099704385E-1,7.271189690E0,6.739385128E0
2.326908611E2,-7.794619799E-1,7.287341595E0,6.564708710E0
2.327109730E2,-8.069794178E-1,7.196413994E0,6.404389858E0
2.327310850E2,-9.176474810E-1,7.155138016E0,6.367899418E0
2.327511970E2,-9.780662656E-1,7.140780926E0,6.501897335E0
2.327713090E2,-9.349954724E-1,7.095317364E0,6.634698868E0
2.327914210E2,-9.595218897E-1,7.132406235E0,6.629314899E0
2.328115330E2,-9.457631707E-1,7.188039303E0,6.634100914E0
2.328316450E2,-9.355936646E-1,7.224529743E0,6.708876610E0
2.328517570E2,-9.684949517E-1,7.186842918E0,6.746563435E0
2.328718690E2,-1.049252748E0,7.100701332E0,6.674778938E0
2.328919810E2,-1.055234790E0,7.059424877E0,6.696314335E0
2.329120929E2,-9.732806087E-1,7.125825882E0,6.809374809E0
2.329322050E2,-8.548358679E-1,7.243672371E0,6.820741177E0
2.329523170E2,-7.651050687E-1,7.286743164E0,6.562914371E0
2.329724289E2,-7.453642488E-1,7.264609337E0,6.313462734E0
2.329925409E2,-8.147560954E-1,7.244868755E0,6.335596085E0
2.330126529E2,-8.883354068E-1,7.156334400E0,6.506084919E0
2.330327649E2,-9.098708034E-1,7.128817081E0,6.597012043E0
2.330528769E2,-8.297112584E-1,7.158128738E0,6.643671989E0
2.330729889E2,-8.021938205E-1,7.165307522E0,6.647859573E0
2.330931009E2,-8.751748800E-1,7.212565422E0,6.697510719E0
2.331132129E2,-9.146564603E-1,7.214958668E0,6.747759819E0
2.331333249E2,-9.690931439E-1,7.180262566E0,6.699305058E0
2.331534368E2,-1.022931695E0,7.101299286E0,6.596413612E0
2.331735489E2,-1.065404296E0,7.088737011E0,6.634698868E0
2.331936609E2,-1.017547846E0,7.146164894E0,6.774679184E0
2.332137728E2,-8.458628058E-1,7.218547821E0,6.753741741E0
2.332338848E2,-7.489534616E-1,7.253841877E0,6.617351055E0
2.332539968E2,-7.603194118E-1,7.250252724E0,6.514459610E0
2.332741088E2,-8.356932998E-1,7.199405193E0,6.445665836E0
2.332942208E2,-8.398807645E-1,7.150352478E0,6.448058605E0
2.333143328E2,-7.848458290E-1,7.122236729E0,6.552146435E0
2.333344448E2,-7.710871100E-1,7.103094101E0,6.632904530E0
2.333545568E2,-7.824530005E-1,7.147361279E0,6.601199627E0
2.333746688E2,-7.597211599E-1,7.202994347E0,6.572485447E0
2.333947808E2,-7.704889178E-1,7.204789162E0,6.586244106E0
2.334148927E2,-9.056833982E-1,7.141977310E0,6.601199627E0
2.334350048E2,-1.053440213E0,7.097112179E0,6.531807423E0
2.334551167E2,-1.021137118E0,7.095915318E0,6.597609997E0
2.334752287E2,-9.140582681E-1,7.176074982E0,6.819544315E0
2.334953407E2,-8.458628058E-1,7.274180889E0,6.919445038E0
2.335154527E2,-7.776673436E-1,7.340581894E0,6.741777897E0
2.335355647E2,-7.172485590E-1,7.286743164E0,6.513263226E0
2.335556767E2,-7.142575383E-1,7.189235687E0,6.481558323E0
2.335757887E2,-8.739784956E-1,7.124629498E0,6.489335060E0
2.335959007E2,-9.690931439E-1,7.091728210E0,6.461219311E0
2.336160127E2,-8.937192559E-1,7.152146816E0,6.437291145E0
2.336361247E2,-7.932206988E-1,7.218547821E0,6.446862221E0
2.336562366E2,-7.932206988E-1,7.265805721E0,6.555736065E0
2.336763487E2,-8.560323119E-1,7.279564857E0,6.687341213E0
2.336964607E2,-9.535398483E-1,7.209574699E0,6.762714863E0
2.337165726E2,-1.035493970E0,7.112067223E0,6.761518478E0
2.337366846E2,-1.076770186E0,7.066005230E0,6.702296257E0
2.337567966E2,-1.073779106E0,7.131209850E0,6.718447685E0
2.337769086E2,-1.036690354E0,7.228717327E0,6.728019238E0
2.337970206E2,-9.278169870E-1,7.251449108E0,6.601199627E0
2.338171326E2,-8.285148144E-1,7.262814999E0,6.440880299E0
2.338372446E2,-8.189435601E-1,7.202994347E0,6.380461693E0
2.338573566E2,-9.326026440E-1,7.123433113E0,6.457031727E0
2.338774686E2,-1.017547846E0,7.076174736E0,6.559325218E0
2.338975805E2,-9.930213690E-1,7.103692055E0,6.601199627E0
2.339176926E2,-8.871390224E-1,7.171289444E0,6.611369133E0
2.339378046E2,-7.836494446E-1,7.247859955E0,6.668796539E0
2.339579165E2,-7.992027402E-1,7.299903870E0,6.756732941E0
2.339780285E2,-8.829515576E-1,7.250850677E0,6.788437843E0
2.339981405E2,-1.007976532E0,7.145566463E0,6.750751019E0
2.340182525E2,-1.090528965E0,7.085147858E0,6.649653912E0
2.340383645E2,-1.088136077E0,7.106683254E0,6.611967087E0
2.340584765E2,-9.732806087E-1,7.177271366E0,6.661019802E0
2.340785885E2,-8.368897438E-1,7.290930748E0,6.649055958E0
2.340987005E2,-7.585247755E-1,7.309474945E0,6.565307140E0
2.341188125E2,-7.513462901E-1,7.232306480E0,6.470192432E0
2.341389245E2,-8.847461939E-1,7.144968510E0,6.446264267E0
2.341590364E2,-1.005583763E0,7.104290485E0,6.503692150E0
2.341791485E2,-1.022333503E0,7.118049145E0,6.608976364E0
2.341992604E2,-9.320043921E-1,7.170093060E0,6.689733982E0
2.342193724E2,-7.806583643E-1,7.246065140E0,6.712465763E0
2.342394844E2,-7.537391186E-1,7.285546780E0,6.670591354E0
2.342595964E2,-8.572286963E-1,7.235895634E0,6.663413048E0
2.342797084E2,-9.523434043E-1,7.182655334E0,6.677171707E0
2.342998204E2,-1.031904817E0,7.160521984E0,6.743572235E0
2.343199324E2,-1.003789067E0,7.146164894E0,6.738188744E0
2.343400443E2,-9.182456732E-1,7.153343201E0,6.611967087E0
2.343601564E2,-9.517452121E-1,7.155735970E0,6.678966045E0
2.343802684E2,-9.978070259E-1,7.173682213E0,6.689733982E0
2.344003803E2,-1.052842021E0,7.177869797E0,6.586244106E0
2.344204923E2,-1.042672515E0,7.175477028E0,6.476174355E0
2.344406043E2,-1.024726272E0,7.202994347E0,6.354140759E0
2.344607163E2,-9.702895880E-1,7.216753006E0,6.535995007E0
2.344808283E2,-9.343972206E-1,7.186244488E0,6.787839413E0
2.345009403E2,-9.631111026E-1,7.161119938E0,6.738188744E0
2.345210523E2,-9.672985673E-1,7.171887875E0,6.678966045E0
2.345411643E2,-9.164510965E-1,7.223333359E0,6.803392887E0
2.345612763E2,-8.853443861E-1,7.314260483E0,6.751947403E0
2.345813883E2,-8.602197170E-1,7.371688366E0,6.540780544E0
2.346015003E2,-7.465606928E-1,7.347760201E0,6.467201233E0
2.346216123E2,-8.656035662E-1,7.296912670E0,6.270989895E0
2.346417242E2,-9.936196208E-1,7.289734364E0,6.308676720E0
2.346618362E2,-1.075573802E0,7.223931789E0,6.409773827E0
2.346819483E2,-1.142572761E0,7.182057381E0,6.376872540E0
2.347020602E2,-1.131805062E0,7.196413994E0,6.375077724E0
2.347221722E2,-1.129412293E0,7.268796921E0,6.313462734E0
2.347422842E2,-1.022931695E0,7.324429989E0,6.414559364E0
2.347623962E2,-9.074779749E-1,7.335197926E0,6.521039963E0
2.347825082E2,-9.661021233E-1,7.313064098E0,6.486942291E0
2.348026202E2,-1.023529887E0,7.275975227E0,6.661019802E0
2.348227322E2,-9.535398483E-1,7.295117855E0,6.912266254E0
2.348428441E2,-9.463613629E-1,7.353742123E0,6.585646152E0
2.348629562E2,-8.524430394E-1,7.383652687E0,6.151947021E0
2.348830682E2,-7.674978375E-1,7.424330235E0,6.197410583E0
2.349031801E2,-7.585247755E-1,7.450651646E0,6.557530403E0
2.349232921E2,-9.104689956E-1,7.272984505E0,6.845865726E0
2.349434041E2,-1.003789067E0,7.348956585E0,7.004988194E0
2.349635161E2,-8.979067206E-1,7.495516777E0,6.477969170E0
2.349836281E2,-8.578268886E-1,7.380063057E0,5.913262844E0
2.350037401E2,-8.961120844E-1,7.570890903E0,5.928217888E0
2.350238521E2,-8.183453679E-1,7.484150887E0,6.046662807E0
2.350439641E2,-9.308080077E-1,7.498507977E0,6.107081413E0
2.350640761E2,-9.026923180E-1,7.462615490E0,6.391229153E0
2.350841880E2,-7.615157962E-1,7.569096088E0,6.981658459E0
2.351043001E2,-8.494520187E-1,7.676773071E0,6.996613503E0
2.351244121E2,-9.894321561E-1,7.570890903E0,6.304489613E0
2.351445240E2,-1.140179992E0,7.658827305E0,5.925227165E0
2.351646360E2,-1.177268744E0,7.725826263E0,5.764907837E0
2.351847480E2,-9.469595551E-1,7.443472862E0,5.669793129E0
2.352048600E2,-1.534397483E0,7.895716667E0,5.502893925E0
2.352249720E2,-1.599003673E0,7.843074322E0,5.446662426E0
2.352450840E2,-1.650449395E0,7.634898663E0,5.720042706E0
2.352651960E2,-1.634896040E0,7.727620602E0,5.971887112E0
2.352853080E2,-1.568495274E0,7.739584923E0,5.889334679E0
2.353054200E2,-1.344168067E0,7.739584923E0,5.629713535E0
2.353255320E2,-1.296909928E0,7.959724426E0,5.356333256E0
2.353456439E2,-1.125224829E0,8.006384850E0,5.219344616E0
2.353657560E2,-1.091725349E0,8.025527000E0,5.262415409E0
2.353858679E2,-1.032503009E0,8.014759064E0,5.496313572E0
2.354059799E2,-1.007378340E0,8.078767776E0,5.636293888E0
2.354260919E2,-1.055832982E0,8.167302132E0,5.548955917E0
2.354462039E2,-1.199402332E0,8.139784813E0,5.414957523E0
2.354663159E2,-1.337587833E0,8.049455643E0,5.349154949E0
2.354864279E2,-1.673779488E0,8.100302696E0,5.623133183E0
2.355065399E2,-1.878963947E0,8.017151833E0,5.961717606E0
2.355266518E2,-1.930409670E0,7.953742504E0,6.207580090E0
2.355467639E2,-1.664208174E0,7.985447407E0,6.089135647E0
2.355668759E2,-1.415952802E0,8.158329010E0,5.664409637E0
2.355869878E2,-1.244866014E0,8.269595146E0,5.068596363E0
2.356070998E2,-1.261017561E0,8.382656097E0,4.759922504E0
2.356272118E2,-1.156929731E0,8.389834404E0,4.618745804E0
2.356473238E2,-1.409970760E0,8.496315002E0,4.444668293E0
2.356674358E2,-1.503290772E0,8.395816803E0,4.261018753E0
2.356875478E2,-1.531406522E0,8.441280365E0,3.997808456E0
2.357076598E2,-1.539183140E0,8.547162056E0,3.795016766E0
2.357277718E2,-1.506880045E0,8.620741844E0,3.519243956E0
2.357478838E2,-1.347757339E0,8.723632812E0,3.306880951E0
2.357679958E2,-1.198205948E0,8.916853905E0,3.092125177E0
2.357881077E2,-1.183250785E0,8.976076126E0,2.829512835E0
2.358082198E2,-1.165304661E0,8.950951576E0,2.593819857E0
2.358283317E2,-1.089332461E0,8.973084450E0,2.458625317E0
2.358484437E2,-9.140582681E-1,8.996415138E0,2.529213428E0
2.358685557E2,-5.347958803E-1,8.979066849E0,2.824128866E0
2.358886677E2,-7.238288224E-2,9.102297783E0,3.092723370E0
2.359087797E2,1.124626622E-1,9.202198029E0,3.025125980E0
2.359288917E2,1.154536903E-1,9.186644554E0,2.804986238E0
2.359490037E2,-7.178467698E-3,9.244071960E0,2.621337175E0
2.359691157E2,1.070788130E-1,9.293125153E0,2.747558594E0
2.359892277E2,6.137589812E-1,9.395418167E0,3.047857761E0
2.360093397E2,1.141974568E0,9.494720459E0,3.293720484E0
2.360294516E2,6.233302951E-1,9.528220177E0,3.244069338E0
2.360495636E2,-4.313062727E-1,9.203991890E0,2.972483873E0
2.360696756E2,-1.217946768E0,9.008378983E0,2.842673302E0
2.360897876E2,-1.532602906E0,8.902496338E0,2.858226538E0
2.361098996E2,-1.619940877E0,8.851051331E0,2.969492912E0
2.361300116E2,-1.705484390E0,8.766105652E0,3.253640652E0
2.361501236E2,-1.820937991E0,8.739186287E0,3.404388428E0
2.361702356E2,-1.850250125E0,8.779864311E0,3.506083488E0
2.361903476E2,-1.741376638E0,8.868997574E0,3.743571043E0
2.362104596E2,-1.748555183E0,8.845666885E0,3.921238184E0
2.362305715E2,-1.889731646E0,8.784649849E0,3.916452408E0
2.362506836E2,-2.112264156E0,8.698508263E0,3.790829182E0
2.362707955E2,-2.289931297E0,8.621339798E0,3.721437454E0
2.362909075E2,-2.370090723E0,8.615956306E0,3.869194269E0
2.363110195E2,-2.229512453E0,8.627920151E0,4.067200184E0
2.363311315E2,-1.941177368E0,8.699705124E0,4.149154663E0
2.363512435E2,-1.633101463E0,8.770293236E0,4.087539196E0
2.363713555E2,-1.503889084E0,8.864809990E0,3.970290899E0
2.363914675E2,-1.442273855E0,8.895318031E0,3.852444410E0
2.364115795E2,-1.426122308E0,8.904889107E0,3.739981890E0
2.364316915E2,-1.469791293E0,8.870791435E0,3.588037491E0
2.364518035E2,-1.542174220E0,8.849854469E0,3.467798233E0
2.364719154E2,-1.554736495E0,8.852247238E0,3.447459221E0
2.364920274E2,-1.493121386E0,8.869595528E0,3.537189960E0
2.365121395E2,-1.331007600E0,8.901898384E0,3.640081406E0
2.365322514E2,-1.156331539E0,8.911469460E0,3.661018610E0
2.365523634E2,-1.087537885E0,8.914461136E0,3.542573929E0
2.365724754E2,-1.088136077E0,8.893523216E0,3.373281717E0
2.365925874E2,-1.147358418E0,8.879764557E0,3.238685369E0
2.366126994E2,-1.251446247E0,8.898308754E0,3.171088219E0
2.366328114E2,-1.319043517E0,8.912068367E0,3.192025423E0
2.366529234E2,-1.312463164E0,8.952746391E0,3.245863914E0
2.366730354E2,-1.291526079E0,8.985049248E0,3.300300598E0
2.366931474E2,-1.285543919E0,8.982057571E0,3.349951744E0
2.367132593E2,-1.284945726E0,8.989834785E0,3.379263878E0
2.367333713E2,-1.292124271E0,8.983852386E0,3.355335474E0
2.367534833E2,-1.289133191E0,8.934800148E0,3.394817114E0
2.367735953E2,-1.357926846E0,8.946763992E0,3.428914785E0
2.367937073E2,-1.356132269E0,8.970691681E0,3.509672642E0
2.368138193E2,-1.244267821E0,9.000602722E0,3.604787350E0
2.368339313E2,-1.104885817E0,9.000003815E0,3.636492252E0
2.368540433E2,-1.018744230E0,9.026923180E0,3.595216036E0
2.368741553E2,-1.035493970E0,9.017352104E0,3.558127165E0
2.368942673E2,-1.062413216E0,9.002995491E0,3.518047571E0
2.369143792E2,-1.144367456E0,9.007183075E0,3.539582968E0
2.369344912E2,-1.127617717E0,9.019146919E0,3.634697676E0
2.369546033E2,-1.191625714E0,9.046664238E0,3.711866140E0
2.369747152E2,-1.225723386E0,9.050851822E0,3.663411379E0
2.369948272E2,-1.200000525E0,9.032905579E0,3.561716557E0
2.370149392E2,-1.240080357E0,9.032905579E0,3.403790236E0
2.370350512E2,-1.301097274E0,9.042476654E0,3.276372433E0
2.370551632E2,-1.344168067E0,9.084351540E0,3.209971666E0
2.370752752E2,-1.392622828E0,9.124430656E0,3.192623615E0
2.370953872E2,-1.383051515E0,9.107681274E0,3.363112211E0
2.371154991E2,-1.416550994E0,9.034101486E0,3.638286829E0
2.371356112E2,-1.413560033E0,8.997013092E0,3.436691523E0
2.371557232E2,-1.426122308E0,9.021539688E0,2.979064226E0
2.371758351E2,-1.491924882E0,9.064610481E0,2.738585472E0
2.371959471E2,-1.515853167E0,9.099306107E0,2.720639229E0
2.372160591E2,-1.412363529E0,9.098110199E0,2.712862730E0
2.372361711E2,-1.385444283E0,9.157332420E0,2.675175667E0
2.372562831E2,-1.202991605E0,9.138189316E0,2.612962246E0
2.372763951E2,-1.073779106E0,9.145966530E0,2.444268227E0
2.372965071E2,-9.571290612E-1,9.181260109E0,2.226521492E0
2.373166191E2,-8.697910309E-1,9.275776863E0,1.966302037E0
2.373367311E2,-8.398807645E-1,9.358329773E0,1.731805444E0
2.373568431E2,-8.297112584E-1,9.420542717E0,1.575673699E0
2.373769551E2,-6.424728632E-1,9.419346809E0,1.525424480E0
2.373970671E2,-5.497509837E-1,9.489336014E0,1.449452281E0
2.374171790E2,-4.767699242E-1,9.439086914E0,1.493719578E0
2.374372910E2,-6.179464459E-1,9.410971642E0,1.442872047E0
2.374574030E2,-7.286145091E-1,9.381061554E0,1.569093466E0
2.374775150E2,-7.579265833E-1,9.340383530E0,1.821536183E0
2.374976270E2,-7.244270444E-1,9.381061554E0,1.920240164E0
2.375177390E2,-6.119644046E-1,9.513862610E0,1.853241086E0
2.375378510E2,-2.997010350E-1,9.512666702E0,1.811366796E0
2.375579630E2,4.426721856E-2,9.489934921E0,1.765903115E0
2.375780750E2,-3.409772366E-2,9.554540634E0,1.801795483E0
2.375981870E2,-4.247260094E-1,9.495318413E0,1.921436548E0
2.376182990E2,-9.266205430E-1,9.403793335E0,2.020140409E0
2.376384110E2,-1.228714466E0,9.334999084E0,2.254039049E0
2.376585229E2,-1.283749342E0,9.308678627E0,2.386242390E0
2.376786349E2,-1.281954765E0,9.273982048E0,2.251047850E0
2.376987470E2,-1.255035520E0,9.278169632E0,1.975275040E0
2.377188589E2,-1.088734269E0,9.306285858E0,1.885544300E0
2.377389709E2,-9.583254457E-1,9.343374252E0,1.770688772E0
2.377590829E2,-9.194421172E-1,9.311071396E0,1.756929994E0
2.377791949E2,-1.020538807E0,9.387042999E0,1.835294962E0
2.377993069E2,-1.079761267E0,9.461818695E0,1.950150490E0
2.378194189E2,-1.225723386E0,9.415159225E0,1.988435626E0
2.378395309E2,-1.481755376E0,9.332606316E0,1.926222205E0
2.378596428E2,-1.506281853E0,9.282357216E0,1.992024899E0
2.378797549E2,-1.342373490E0,9.254241943E0,2.120040894E0
2.378998668E2,-1.237089276E0,9.253045082E0,2.105085611E0
2.379199788E2,-1.133599758E0,9.275776863E0,1.932802439E0
2.379400908E2,-1.124028444E0,9.305088997E0,1.768894196E0
2.379602028E2,-1.200598717E0,9.343972206E0,1.670788407E0
2.379803148E2,-1.185045362E0,9.367302895E0,1.688734531E0
2.380004268E2,-1.034895778E0,9.352945328E0,1.797608018E0
2.380205388E2,-9.128618240E-1,9.357132912E0,1.930409670E0
2.380406508E2,-8.991031051E-1,9.367900848E0,2.015953064E0
2.380607628E2,-9.361918569E-1,9.416953087E0,2.109273195E0
2.380808748E2,-8.721838593E-1,9.430113792E0,2.146960020E0
2.381009867E2,-8.464609981E-1,9.441479683E0,2.063211441E0
2.381210988E2,-8.500502706E-1,9.467801094E0,1.876571178E0
2.381412108E2,-8.141579032E-1,9.458230019E0,1.706082582E0
2.381613227E2,-8.506484628E-1,9.433703423E0,1.648056626E0
2.381814347E2,-9.445667267E-1,9.381061554E0,1.731805444E0
2.382015467E2,-1.048056364E0,9.325428009E0,1.954337835E0
2.382216587E2,-1.194616675E0,9.274580956E0,2.173281193E0
2.382417707E2,-1.330409408E0,9.276973724E0,2.286940336E0
2.382618827E2,-1.309472203E0,9.326624870E0,2.243869543E0
2.382819947E2,-1.172483087E0,9.378069878E0,2.089532375E0
2.383021067E2,-1.086939692E0,9.376275063E0,1.846062660E0
2.383222187E2,-1.103689432E0,9.363713264E0,1.643869162E0
2.383423307E2,-1.143171072E0,9.323633194E0,1.582253933E0
2.383624427E2,-1.109073281E0,9.308678627E0,1.570888042E0
2.383825547E2,-9.858429432E-1,9.291330338E0,1.688734531E0
2.384026666E2,-8.907282352E-1,9.338588715E0,1.899302959E0
2.384227786E2,-8.434699774E-1,9.385248184E0,2.017149448E0
2.384428907E2,-8.721838593E-1,9.383454323E0,2.041077614E0
2.384630026E2,-9.577272534E-1,9.375677109E0,2.002792597E0
2.384831146E2,-1.003190875E0,9.376275063E0,1.965703845E0
2.385032266E2,-1.012163997E0,9.419346809E0,1.932802439E0
2.385233386E2,-9.643075466E-1,9.436694145E0,1.938186288E0
2.385434506E2,-8.979067206E-1,9.422935486E0,1.969292998E0
2.385635626E2,-8.907282352E-1,9.421140671E0,2.094916344E0
2.385836746E2,-9.457631707E-1,9.378069878E0,2.201995134E0
2.386037866E2,-1.068395257E0,9.346963882E0,2.249851465E0
2.386238986E2,-1.143171072E0,9.362516403E0,2.196012974E0
2.386440105E2,-1.101894855E0,9.373882294E0,2.086541414E0
2.386641225E2,-9.864411354E-1,9.393623352E0,1.955534339E0
2.386842346E2,-9.116654396E-1,9.403793335E0,1.847259045E0
2.387043465E2,-9.188438654E-1,9.374481201E0,1.773081541E0
2.387244585E2,-9.906286001E-1,9.326025963E0,1.753340840E0
2.387445705E2,-1.132403374E0,9.275178909E0,1.811964989E0
2.387646825E2,-1.257428288E0,9.268000603E0,1.933998942E0
2.387847945E2,-1.279561877E0,9.308678627E0,2.066202402E0
2.388049065E2,-1.109671474E0,9.360123634E0,2.164308071E0
2.388250185E2,-9.122636318E-1,9.401998520E0,2.222334146E0
2.388451305E2,-8.685946465E-1,9.399007797E0,2.199602127E0
2.388652425E2,-8.823533654E-1,9.407979965E0,2.089532375E0
2.388853545E2,-9.846464992E-1,9.404391289E0,1.978864312E0
2.389054665E2,-1.085743308E0,9.418747902E0,1.832303882E0
2.389255785E2,-1.085743308E0,9.394820213E0,1.720439434E0
2.389456904E2,-1.071386337E0,9.346963882E0,1.794616938E0
2.389658024E2,-1.048056364E0,9.331410408E0,2.024327993E0
2.389859145E2,-9.290133715E-1,9.364909172E0,2.261815548E0
2.390060264E2,-7.992027402E-1,9.424132347E0,2.306082726E0
2.390261384E2,-7.806583643E-1,9.414560318E0,2.198405743E0
2.390462504E2,-8.805587292E-1,9.419346809E0,1.967498422E0
2.390663624E2,-9.062815905E-1,9.427721024E0,1.831107497E0
2.390864744E2,-9.080761671E-1,9.407979965E0,1.864607096E0
2.391065864E2,-9.511470199E-1,9.390034676E0,2.012363911E0
2.391266984E2,-1.052842021E0,9.339784622E0,2.150549412E0
2.391468104E2,-1.115653515E0,9.278169632E0,2.236690998E0
2.391669224E2,-1.089930773E0,9.273982048E0,2.346760750E0
2.391870343E2,-1.029511929E0,9.313464165E0,2.353341103E0
2.392071464E2,-9.415757060E-1,9.339784622E0,2.216351986E0
2.392272584E2,-9.200403094E-1,9.361320496E0,1.985444546E0
2.392473703E2,-9.768698215E-1,9.375677109E0,1.791027784E0
2.392674823E2,-1.009172916E0,9.391230583E0,1.731207132E0
2.392875943E2,-8.889335990E-1,9.364311218E0,1.810768485E0
2.393077063E2,-8.177471161E-1,9.330811501E0,1.961516380E0
2.393278183E2,-8.566305041E-1,9.296115875E0,2.094317913E0
2.393479303E2,-9.756734371E-1,9.265607834E0,2.158325911E0
2.393680423E2,-1.027119160E0,9.253045082E0,2.130210400E0
2.393881543E2,-1.036092162E0,9.272188187E0,2.006979942E0
2.394082663E2,-1.022931695E0,9.285946846E0,1.856232166E0
2.394283783E2,-1.058824062E0,9.314062119E0,1.788634896E0
2.394484903E2,-8.841479421E-1,9.332606316E0,1.990230203E0
2.394686023E2,-7.465606928E-1,9.295517921E0,2.376671076E0
2.394887142E2,-7.058826685E-1,9.330811501E0,2.562713146E0
2.395088263E2,-6.867401004E-1,9.342776299E0,2.559123755E0
2.395289383E2,-7.022934556E-1,9.349954605E0,2.468196630E0
2.395490502E2,-7.058826685E-1,9.360123634E0,2.206780672E0
2.395691623E2,-7.674978375E-1,9.355937004E0,1.987837434E0
2.395892742E2,-7.860422134E-1,9.363713264E0,1.923829436E0
2.396093862E2,-7.525427341E-1,9.406784058E0,2.008176327E0
2.396294982E2,-6.771687865E-1,9.385847092E0,2.200200319E0
2.396496102E2,-6.879364848E-1,9.342177391E0,2.367697954E0
2.396697222E2,-7.495517135E-1,9.343972206E0,2.472383976E0
2.396898342E2,-8.033902049E-1,9.364311218E0,2.507678032E0
2.397099462E2,-7.884350419E-1,9.370891571E0,2.544766903E0
2.397300582E2,-7.663014531E-1,9.372088432E0,2.566900492E0
2.397501702E2,-8.303094506E-1,9.345767021E0,2.559721947E0
2.397702822E2,-8.799605370E-1,9.320642471E0,2.566900492E0
2.397903942E2,-8.919246197E-1,9.279366493E0,2.623131752E0
2.398105062E2,-7.603194118E-1,9.355338097E0,2.658426046E0
2.398306182E2,-6.574280262E-1,9.304491043E0,2.542374134E0
2.398507302E2,-7.166503668E-1,9.326624870E0,2.316850424E0
2.398708422E2,-6.963114142E-1,9.314062119E0,2.048256159E0
2.398909541E2,-6.765705943E-1,9.350552559E0,1.808973908E0
2.399110662E2,-6.652047038E-1,9.348159790E0,1.719243050E0
2.399311782E2,-7.082754970E-1,9.300303459E0,1.770090580E0
2.399512901E2,-7.926225066E-1,9.248259544E0,1.936391711E0
2.399714021E2,-8.267202377E-1,9.281759262E0,2.108076811E0
2.399915141E2,-8.147560954E-1,9.359525681E0,2.139781713E0
2.400116261E2,-8.470591903E-1,9.443274498E0,2.016551256E0
2.400317381E2,-9.020941257E-1,9.470193863E0,1.883151412E0
2.400518501E2,-9.355936646E-1,9.366703987E0,1.941775560E0
2.400719621E2,-9.008977413E-1,9.269794464E0,2.205584288E0
2.400920741E2,-8.733802438E-1,9.229715347E0,2.538186550E0
2.401121861E2,-8.189435601E-1,9.249456406E0,2.769093990E0
2.401322981E2,-8.769695163E-1,9.290133476E0,2.702095032E0
2.401524101E2,-9.391828775E-1,9.336793900E0,2.423929453E0
2.401725221E2,-9.433703423E-1,9.366106033E0,2.130210400E0
2.401926341E2,-8.703892231E-1,9.378668785E0,1.951346874E0
2.402127461E2,-8.021938205E-1,9.366703987E0,1.878963947E0
2.402328581E2,-7.734799385E-1,9.355338097E0,1.797608018E0
2.402529701E2,-6.460621357E-1,9.309874535E0,1.899901152E0
2.402730821E2,-5.802595019E-1,9.279964447E0,2.199003935E0
2.402931941E2,-5.431707501E-1,9.303294182E0,2.549552441E0
2.403133061E2,-4.773681164E-1,9.348757744E0,2.752942562E0
2.403334180E2,-4.247260094E-1,9.424730301E0,2.703889608E0
2.403535301E2,-4.540380836E-1,9.491130829E0,2.447259426E0
2.403736421E2,-4.983053207E-1,9.495916367E0,2.204387903E0
2.403937540E2,-4.965106845E-1,9.463015556E0,2.145763636E0
2.404138660E2,-4.420739710E-1,9.410373688E0,2.312663078E0
2.404339780E2,-4.480560422E-1,9.380462646E0,2.488535643E0
2.404540900E2,-5.659025311E-1,9.355937004E0,2.397010088E0
2.404742021E2,-7.130611539E-1,9.343374252E0,2.184647083E0
2.404943140E2,-7.639086246E-1,9.337990761E0,2.066202402E0
2.405144260E2,-8.315058947E-1,9.345169067E0,1.928615093E0
2.405345380E2,-8.685946465E-1,9.317651749E0,1.929811478E0
2.405546500E2,-8.195417523E-1,9.313464165E0,2.071586132E0
2.405747620E2,-6.514459848E-1,9.272188187E0,2.566302299E0
2.405948740E2,-3.355933726E-1,9.327820778E0,3.620340586E0
2.406149860E2,-8.572286963E-1,9.370293617E0,3.415156126E0
2.406350980E2,-1.435095429E0,9.332008362E0,2.394617319E0
2.406552100E2,-1.514058471E0,9.354142189E0,1.523031592E0
2.406753220E2,-1.256830096E0,9.379864693E0,1.053440213E0
2.406954340E2,-1.134197950E0,9.461818695E0,8.141579032E-1
2.407155460E2,-1.028315544E0,9.462417603E0,8.195417523E-1
2.407356580E2,-9.284151793E-1,9.452247620E0,1.036092162E0
2.407557700E2,-7.938188910E-1,9.362516403E0,1.372283816E0
2.407758820E2,-8.333004713E-1,9.321240425E0,1.739582062E0
2.407959940E2,-9.308080077E-1,9.336195946E0,2.020140409E0
2.408161060E2,-9.523434043E-1,9.333204269E0,2.186441660E0
2.408362180E2,-1.007378340E0,9.326025963E0,2.102692842E0
2.408563300E2,-1.019940615E0,9.293125153E0,1.899302959E0
2.408764420E2,-1.022931695E0,9.330213547E0,1.765903115E0
2.408965540E2,-9.804590940E-1,9.345767021E0,1.801795483E0
2.409166660E2,-9.134600163E-1,9.373882294E0,1.954337835E0
2.409367780E2,-9.044869542E-1,9.405587196E0,2.063809633E0
2.409568900E2,-9.385846853E-1,9.434301376E0,2.069193363E0
2.409770020E2,-9.625129104E-1,9.435498238E0,2.023729801E0
2.409971140E2,-9.002995491E-1,9.409774780E0,1.980060697E0
2.410172260E2,-8.979067206E-1,9.403793335E0,1.898106575E0
2.410373380E2,-8.446664214E-1,9.377471924E0,1.851446509E0
2.410574500E2,-6.717849374E-1,9.387641907E0,2.040479422E0
2.410775620E2,-7.369893789E-1,9.468399048E0,2.151745796E0
2.410976740E2,-8.105686903E-1,9.433105469E0,2.011765718E0
2.411177860E2,-8.679963946E-1,9.443274498E0,1.722234130E0
2.411378980E2,-9.038887620E-1,9.463015556E0,1.458425403E0
2.411580100E2,-7.280163169E-1,9.433703423E0,1.568495274E0
2.411781220E2,-5.688936114E-1,9.438488960E0,2.148754835E0
2.411982340E2,-7.854440212E-1,9.411569595E0,2.187039852E0
2.412183460E2,-1.030110121E0,9.384650230E0,1.862812400E0
2.412384580E2,-1.179661512E0,9.390632629E0,1.478764415E0
2.412585700E2,-1.240080357E0,9.422935486E0,1.164706469E0
2.412786820E2,-1.213759303E0,9.421739578E0,9.385846853E-1
2.412987940E2,-1.161117196E0,9.434301376E0,9.337990284E-1
2.413189060E2,-1.018744230E0,9.394820213E0,1.085743308E0
2.413390180E2,-9.248259664E-1,9.461818695E0,1.202393413E0
2.413591300E2,-7.998009920E-1,9.429515839E0,1.450050473E0
2.413792420E2,-8.237292171E-1,9.430712700E0,1.716252089E0
2.413993540E2,-7.770691514E-1,9.392427444E0,1.993819475E0
2.414194660E2,-8.141579032E-1,9.379864693E0,2.095514536E0
2.414395780E2,-8.273184299E-1,9.361918449E0,1.994417667E0
2.414596900E2,-8.003991842E-1,9.413364410E0,1.771885157E0
2.414798020E2,-6.867401004E-1,9.456435204E0,1.622333765E0
2.414999140E2,-6.831508875E-1,9.495916367E0,1.539183140E0
2.415200260E2,-6.861419082E-1,9.498309135E0,1.543370605E0
2.415401380E2,-7.148557901E-1,9.477372169E0,1.587637782E0
2.415602500E2,-7.585247755E-1,9.464211464E0,1.644467354E0
2.415803620E2,-7.794619799E-1,9.437292099E0,1.684547186E0
2.416004740E2,-7.824530005E-1,9.426525116E0,1.651047587E0
2.416205860E2,-7.417750359E-1,9.427123070E0,1.616949916E0
2.416406980E2,-7.429714203E-1,9.436096191E0,1.591227055E0
2.416608100E2,-7.842476368E-1,9.428917885E0,1.581655741E0
2.416809220E2,-8.039883971E-1,9.434899330E0,1.584048629E0
2.417010340E2,-7.615157962E-1,9.416355133E0,1.594816327E0
2.417211460E2,-7.609176040E-1,9.423533440E0,1.633101463E0
2.417412580E2,-8.338986635E-1,9.410373688E0,1.688136339E0
2.417613700E2,-7.471588850E-1,9.419944763E0,1.774278045E0
2.417814820E2,-7.208378315E-1,9.443872452E0,1.794616938E0
2.418015940E2,-7.160521746E-1,9.430113792E0,1.706082582E0
2.418217060E2,-7.692924738E-1,9.424730301E0,1.591825247E0
2.418418180E2,-7.842476368E-1,9.435498238E0,1.543968797E0
2.418619300E2,-6.753742099E-1,9.456435204E0,1.606780410E0
2.418820420E2,-5.826523304E-1,9.465408325E0,1.686341763E0
2.419021540E2,-5.605186820E-1,9.459425926E0,1.685145378E0
2.419222660E2,-5.563312769E-1,9.448657990E0,1.675574064E0
2.419423780E2,-5.898307562E-1,9.460622787E0,1.643869162E0
2.419624900E2,-4.917250574E-1,9.466006279E0,1.645065546E0
2.419826020E2,-4.797609448E-1,9.503094673E0,1.627717614E0
2.420027140E2,-4.648058116E-1,9.501898766E0,1.597209096E0
2.420228260E2,-4.396811724E-1,9.482157707E0,1.580459356E0
2.420429380E2,-4.869394004E-1,9.470791817E0,1.570888042E0
2.420630500E2,-5.623133183E-1,9.458827972E0,1.570289850E0
2.420831621E2,-6.311069727E-1,9.429515839E0,1.573280931E0
2.421032740E2,-6.795616150E-1,9.427123070E0,1.591227055E0
2.421233860E2,-6.658028960E-1,9.443872452E0,1.612164259E0
2.421434980E2,-5.443671346E-1,9.453444481E0,1.668395638E0
2.421636101E2,-3.667000830E-1,9.464810371E0,1.722832322E0
2.421837221E2,-5.300102234E-1,9.495318413E0,1.684547186E0
2.422038340E2,-5.736792088E-1,9.497113228E0,1.622333765E0
2.422239461E2,-5.120640397E-1,9.468399048E0,1.539781332E0
2.422440580E2,-3.798605800E-1,9.491130829E0,1.555334687E0
2.422641701E2,-4.001995921E-1,9.494720459E0,1.572682738E0
2.422842821E2,-4.181457460E-1,9.492327690E0,1.585245013E0
2.423043941E2,-3.762713671E-1,9.488140106E0,1.584048629E0
2.423245061E2,-3.541377485E-1,9.477970123E0,1.572084427E0
2.423446181E2,-3.505485058E-1,9.481559753E0,1.570888042E0
2.423647301E2,-3.661018610E-1,9.470193863E0,1.584646821E0
2.423848421E2,-3.571287692E-1,9.474381447E0,1.621735573E0
2.424049541E2,-3.134597540E-1,9.488140106E0,1.649253011E0
2.424250661E2,-3.290131092E-1,9.487542152E0,1.629512191E0
2.424451781E2,-3.756731451E-1,9.476774216E0,1.578066587E0
2.424652901E2,-4.241278172E-1,9.460622787E0,1.527219057E0
2.424854021E2,-4.091726840E-1,9.481559753E0,1.533201098E0
2.425055141E2,-3.613162339E-1,9.488140106E0,1.582852125E0
2.425256261E2,-3.248256743E-1,9.486345291E0,1.618146300E0
2.425457382E2,-3.308077157E-1,9.481559753E0,1.631306887E0
2.425658501E2,-3.367897868E-1,9.490532875E0,1.638485312E0
2.425859622E2,-3.583251834E-1,9.460622787E0,1.636690736E0
2.426060741E2,-3.535395563E-1,9.451051712E0,1.644467354E0
2.426261862E2,-3.631108403E-1,9.473783493E0,1.672582984E0
2.426462982E2,-3.583251834E-1,9.503094673E0,1.677368641E0
2.426664102E2,-3.026920557E-1,9.480961800E0,1.644467354E0
2.426865222E2,-2.650051117E-1,9.479764938E0,1.606780410E0
2.427066342E2,-2.464607358E-1,9.491728783E0,1.596012712E0
2.427267462E2,-2.518445849E-1,9.477970123E0,1.601396561E0
2.427468582E2,-3.170489967E-1,9.442676544E0,1.620539188E0
2.427669702E2,-3.421736360E-1,9.443872452E0,1.599601984E0
2.427870822E2,-3.236292601E-1,9.474979401E0,1.570888042E0
2.428071942E2,-2.937189937E-1,9.486943245E0,1.532602906E0
2.428273062E2,-2.697907388E-1,9.487542152E0,1.507478237E0
2.428474183E2,-2.111666054E-1,9.482755661E0,1.525424480E0
2.428675302E2,-1.818545163E-1,9.476176262E0,1.582253933E0
2.428876423E2,-1.932204217E-1,9.473184586E0,1.662413478E0
2.429077542E2,-2.572284341E-1,9.482157707E0,1.677368641E0
2.429278663E2,-2.943171859E-1,9.457631111E0,1.650449395E0
2.429479783E2,-3.110669553E-1,9.461818695E0,1.627717614E0
2.429680903E2,-2.805584669E-1,9.486345291E0,1.594218135E0
2.429882023E2,-1.956132501E-1,9.489934921E0,1.564307809E0
2.430083143E2,-2.009970993E-1,9.490532875E0,1.548754454E0
2.430284263E2,-2.590230405E-1,9.475577354E0,1.537388563E0
2.430485383E2,-3.122633696E-1,9.498309135E0,1.563111424E0
2.430686503E2,-2.805584669E-1,9.404391289E0,1.626521230E0
2.430887623E2,-3.254238665E-1,9.441479683E0,1.744367719E0
2.431088743E2,-2.751746178E-1,9.414560318E0,1.834696770E0
2.431289863E2,-1.716850251E-1,9.446265221E0,1.857428551E0
2.431490984E2,-1.154536903E-1,9.463613510E0,1.816750646E0
2.431692103E2,-9.690931439E-2,9.419944763E0,1.694716692E0
2.431893224E2,-9.930214286E-2,9.492327690E0,1.512263894E0
2.432094343E2,-6.400800496E-2,9.514460564E0,1.377667665E0
2.432295464E2,-7.357929647E-2,9.487542152E0,1.331605792E0
2.432496584E2,-1.495514214E-1,9.448060036E0,1.377069473E0
2.432697704E2,-2.380858511E-1,9.422935486E0,1.469791293E0
2.432898824E2,-2.213360965E-1,9.430113792E0,1.557129383E0
2.433099944E2,-2.003988922E-1,9.468399048E0,1.623530149E0
2.433301064E2,-2.117647976E-1,9.487542152E0,1.643869162E0
2.433502184E2,-2.219343036E-1,9.461220741E0,1.665404558E0
2.433703304E2,-2.243271172E-1,9.464211464E0,1.695314884E0
2.433904424E2,-1.830509305E-1,9.469595909E0,1.731805444E0
2.434105545E2,-1.710868180E-1,9.484550476E0,1.709671736E0
2.434306665E2,-1.902294010E-1,9.451649666E0,1.664208174E0
2.434507785E2,-2.494517565E-1,9.432506561E0,1.632503271E0
2.434708905E2,-2.638086975E-1,9.449256897E0,1.620539188E0
2.434910025E2,-1.908276081E-1,9.499505997E0,1.630110383E0
2.435111145E2,-5.922235921E-2,9.524630547E0,1.634896040E0
2.435312265E2,-4.666004330E-2,9.521040916E0,1.633101463E0
2.435513385E2,-7.058826834E-2,9.482755661E0,1.622333765E0
2.435714505E2,-1.226321608E-1,9.453444481E0,1.623530149E0
2.435915625E2,-1.369891018E-1,9.451051712E0,1.651047587E0
2.436116746E2,-1.052841991E-1,9.502496719E0,1.657627940E0
2.436317866E2,-8.853443712E-2,9.514460564E0,1.628315806E0
2.436518986E2,-1.369891018E-1,9.510871887E0,1.570289850E0
2.436720106E2,-1.860419661E-1,9.491728783E0,1.568495274E0
2.436921226E2,-1.501496136E-1,9.482755661E0,1.622931957E0
2.437122346E2,-1.034895778E-1,9.475577354E0,1.733600020E0
2.437323466E2,-1.531406492E-1,9.479166985E0,1.820937991E0
2.437524586E2,-2.368894368E-1,9.461818695E0,1.743769526E0
2.437725707E2,-3.098705411E-1,9.447462082E0,1.597807288E0
2.437926826E2,-3.517449200E-1,9.442676544E0,1.496112347E0
2.438127947E2,-2.799602449E-1,9.475577354E0,1.543370605E0
2.438329067E2,-1.848455518E-1,9.476176262E0,1.648654819E0
2.438530187E2,-1.764706671E-1,9.466604233E0,1.724626899E0
2.438731307E2,-2.566302419E-1,9.455837250E0,1.705484390E0
2.438932427E2,-3.320041299E-1,9.445667267E0,1.648056626E0
2.439133547E2,-3.726821244E-1,9.461220741E0,1.627717614E0
2.439334667E2,-3.170489967E-1,9.469595909E0,1.672582984E0
2.439535787E2,-2.566302419E-1,9.469595909E0,1.711466432E0
2.439736908E2,-2.757728100E-1,9.474381447E0,1.666002750E0
2.439938027E2,-2.548356056E-1,9.457033157E0,1.630708575E0
2.440139148E2,-2.685943544E-1,9.464810371E0,1.643869162E0
2.440340268E2,-2.488535494E-1,9.447462082E0,1.657627940E0
2.440541388E2,-2.632105052E-1,9.441479683E0,1.664208174E0
2.440742508E2,-2.656033039E-1,9.453444481E0,1.678565025E0
2.440943628E2,-2.279163599E-1,9.481559753E0,1.696511269E0
2.441144748E2,-1.794617027E-1,9.477372169E0,1.713859200E0
2.441345868E2,-1.710868180E-1,9.491728783E0,1.706680775E0
2.441546989E2,-1.908276081E-1,9.477970123E0,1.666002750E0
2.441748109E2,-1.872383654E-1,9.489934921E0,1.640878081E0
2.441949229E2,-1.333998591E-1,9.478569031E0,1.648056626E0
2.442150349E2,-8.793623000E-2,9.491130829E0,1.662413478E0
2.442351469E2,-8.494520187E-2,9.508479118E0,1.658226132E0
2.442552589E2,-9.690931439E-2,9.486345291E0,1.636092424E0
2.442753710E2,-8.614161611E-2,9.497113228E0,1.646261930E0
2.442954829E2,-6.520441920E-2,9.490532875E0,1.685145378E0
2.443155950E2,-1.100698411E-1,9.477372169E0,1.674377680E0
2.443357070E2,-2.063809484E-1,9.484550476E0,1.632503271E0
2.443558190E2,-2.554338276E-1,9.467801094E0,1.612164259E0
2.443759310E2,-2.105683982E-1,9.460622787E0,1.654038668E0
2.443960430E2,-1.034895778E-1,9.457033157E0,1.707278967E0
2.444161550E2,-1.375873089E-1,9.463015556E0,1.707877159E0
2.444362671E2,-2.578266263E-1,9.432506561E0,1.674377680E0
2.444563790E2,-3.421736360E-1,9.409774780E0,1.645663738E0
2.444764911E2,-3.541377485E-1,9.417551994E0,1.651047587E0
2.444966031E2,-3.463610709E-1,9.440881729E0,1.661815286E0
2.445167151E2,-3.379862010E-1,9.453444481E0,1.679163337E0
2.445368271E2,-2.907279432E-1,9.458827972E0,1.690529227E0
2.445569391E2,-1.788634956E-1,9.480961800E0,1.727019787E0
2.445770511E2,-7.896314561E-2,9.488140106E0,1.771885157E0
2.445971632E2,-1.028913707E-1,9.484550476E0,1.771885157E0
2.446172752E2,-1.836491376E-1,9.472586632E0,1.729412556E0
2.446373872E2,-2.147558331E-1,9.474381447E0,1.657627940E0
2.446574992E2,-1.986042857E-1,9.458230019E0,1.604387641E0
2.446776112E2,-1.369891018E-1,9.493523598E0,1.597807288E0
2.446977232E2,-5.443671346E-2,9.519845009E0,1.630708575E0
2.447178352E2,9.571290575E-3,9.513264656E0,1.703689694E0
2.447379473E2,-4.187439568E-3,9.505488396E0,1.749153376E0
2.447580592E2,-5.862415582E-2,9.500701904E0,1.748555183E0
2.447781713E2,-1.232303679E-1,9.494122505E0,1.709073544E0
2.447982833E2,-2.279163599E-1,9.479166985E0,1.654636860E0
2.448183953E2,-2.703889608E-1,9.457631111E0,1.645065546E0
2.448385073E2,-2.398804724E-1,9.457033157E0,1.689332843E0
2.448586193E2,-2.117647976E-1,9.451649666E0,1.730010748E0
2.448787314E2,-2.291127741E-1,9.452247620E0,1.714457393E0
2.448988434E2,-3.014956415E-1,9.436096191E0,1.639083505E0
2.449189554E2,-3.224328458E-1,9.428318977E0,1.585843205E0
2.449390674E2,-3.463610709E-1,9.431908607E0,1.587039590E0
2.449591794E2,-3.445664644E-1,9.424132347E0,1.625923038E0
2.449792914E2,-3.421736360E-1,9.432506561E0,1.676770449E0
2.449994035E2,-3.164508045E-1,9.461818695E0,1.716850281E0
2.450195154E2,-2.709871531E-1,9.477970123E0,1.780260086E0
2.450396275E2,-2.213360965E-1,9.483952522E0,1.830509305E0
2.450597395E2,-1.884347796E-1,9.502496719E0,1.821536183E0
2.450798515E2,-1.698904037E-1,9.495916367E0,1.801795483E0
2.450999635E2,-2.039881349E-1,9.496515274E0,1.774278045E0
2.451200755E2,-1.950150430E-1,9.488140106E0,1.738983870E0
2.451401876E2,-1.633101404E-1,9.484550476E0,1.674975872E0
2.451602996E2,-1.824527234E-1,9.490532875E0,1.573280931E0
2.451804116E2,-1.758724600E-1,9.470193863E0,1.533799291E0
2.452005236E2,-1.567298770E-1,9.455837250E0,1.552343726E0
2.452206357E2,-1.621137410E-1,9.431310654E0,1.566102386E0
2.452407476E2,-1.812563092E-1,9.431310654E0,1.556531072E0
2.452608597E2,-2.153540403E-1,9.440881729E0,1.521835208E0
2.452809717E2,-2.368894368E-1,9.449854851E0,1.493121386E0
2.453010837E2,-2.261217386E-1,9.497113228E0,1.526022673E0
2.453211957E2,-1.962114573E-1,9.487542152E0,1.640279889E0
2.453413077E2,-2.123630047E-1,9.485747337E0,1.719841242E0
2.453614198E2,-2.027917206E-1,9.444471359E0,1.773081541E0
2.453815317E2,-2.333002090E-1,9.441479683E0,1.813759565E0
2.454016438E2,-2.578266263E-1,9.473184586E0,1.816152334E0
2.454217558E2,-2.853440940E-1,9.445667267E0,1.774876237E0
2.454418678E2,-3.308077157E-1,9.434301376E0,1.688136339E0
2.454619798E2,-3.361915946E-1,9.443872452E0,1.591825247E0
2.454820918E2,-3.547359705E-1,9.449256897E0,1.558325768E0
2.455022039E2,-3.146561682E-1,9.450452805E0,1.609173179E0
2.455223159E2,-1.710868180E-1,9.459425926E0,1.698904037E0
2.455424279E2,-9.152546525E-2,9.486345291E0,1.712662816E0
2.455625399E2,-1.387837082E-1,9.486345291E0,1.657627940E0
2.455826520E2,-1.932204217E-1,9.495318413E0,1.627717614E0
2.456027639E2,-2.249253243E-1,9.495318413E0,1.630110383E0
2.456228760E2,-2.069791555E-1,9.466604233E0,1.632503271E0
2.456429880E2,-1.890329868E-1,9.482755661E0,1.627717614E0
2.456631000E2,-1.752742529E-1,9.487542152E0,1.612762451E0
2.456832120E2,-1.268195957E-1,9.476176262E0,1.637887120E0
2.457033240E2,-1.172483116E-1,9.464211464E0,1.701296926E0
2.457234361E2,-2.015953064E-1,9.458230019E0,1.743171334E0
2.457435481E2,-3.182454109E-1,9.428318977E0,1.710269928E0
2.457636601E2,-4.055834413E-1,9.441479683E0,1.662413478E0
2.457837721E2,-3.661018610E-1,9.449854851E0,1.651645780E0
2.458038841E2,-2.781656384E-1,9.459425926E0,1.697109461E0
2.458239962E2,-2.135594189E-1,9.473184586E0,1.736590981E0
2.458441082E2,-2.416750938E-1,9.461220741E0,1.731805444E0
2.458642202E2,-3.092723191E-1,9.451649666E0,1.674975872E0
2.458843322E2,-3.332005441E-1,9.446864128E0,1.622333765E0
2.459044442E2,-2.733799815E-1,9.462417603E0,1.595414519E0
2.459245562E2,-2.021935135E-1,9.470193863E0,1.618146300E0
2.459446683E2,-1.668993831E-1,9.474979401E0,1.650449395E0
2.459647803E2,-1.788634956E-1,9.466604233E0,1.667797327E0
2.459848923E2,-1.842473447E-1,9.470791817E0,1.682752490E0
2.460050043E2,-1.561316848E-1,9.512666702E0,1.715055585E0
2.460251163E2,-1.286142170E-1,9.515059471E0,1.728216171E0
2.460452284E2,-1.357926875E-1,9.488140106E0,1.731207132E0
2.460653404E2,-1.710868180E-1,9.487542152E0,1.691725612E0
2.460854524E2,-1.710868180E-1,9.494720459E0,1.655833244E0
2.461055644E2,-1.645065546E-1,9.480961800E0,1.663609982E0
2.461256764E2,-1.998006850E-1,9.473783493E0,1.681556106E0
2.461457885E2,-2.147558331E-1,9.453444481E0,1.697109461E0
2.461659005E2,-2.135594189E-1,9.454042435E0,1.738385677E0
2.461860125E2,-2.057827413E-1,9.442676544E0,1.773081541E0
2.462061245E2,-1.794617027E-1,9.470193863E0,1.782054663E0
2.462262365E2,-1.609173268E-1,9.477372169E0,1.737189293E0
2.462463486E2,-1.986042857E-1,9.461818695E0,1.668993831E0
2.462664605E2,-2.015953064E-1,9.472586632E0,1.670190215E0
2.462865726E2,-1.950150430E-1,9.482755661E0,1.737787485E0
2.463066846E2,-1.651047617E-1,9.488738060E0,1.770090580E0
2.463267966E2,-6.281159073E-2,9.474381447E0,1.749751568E0
2.463469087E2,-6.101697683E-2,9.479166985E0,1.725823283E0
2.463670207E2,-7.477571070E-2,9.470193863E0,1.673181176E0
2.463871327E2,-1.561316848E-1,9.399007797E0,1.616949916E0
2.464072447E2,-2.877369225E-1,9.409176826E0,1.550549030E0
2.464273567E2,-2.913261652E-1,9.407382011E0,1.592423439E0
2.464474687E2,-2.003988922E-1,9.454640388E0,1.668395638E0
2.464675808E2,-1.369891018E-1,9.473184586E0,1.765304923E0
2.464876928E2,-8.315058798E-2,9.462417603E0,1.798206210E0
2.465078048E2,-8.015955985E-2,9.479166985E0,1.727617979E0
2.465279168E2,-6.640082598E-2,9.476774216E0,1.668993831E0
2.465480288E2,-7.597211748E-2,9.489934921E0,1.696511269E0
2.465681409E2,-1.232303679E-1,9.495318413E0,1.746162295E0
2.465882529E2,-6.281159073E-2,9.495916367E0,1.760519266E0
2.466083649E2,-1.316052489E-2,9.526425362E0,1.802393675E0
2.466284770E2,1.196411345E-2,9.512067795E0,1.849053741E0
2.466485889E2,-2.811566554E-2,9.513264656E0,1.896311998E0
2.466687010E2,-1.082752272E-1,9.488140106E0,1.905285001E0
2.466888130E2,-1.920240223E-1,9.438488960E0,1.860419631E0
2.467089250E2,-1.998006850E-1,9.421140671E0,1.769492388E0
2.467290370E2,-1.381855011E-1,9.445069313E0,1.693520188E0
2.467491490E2,-7.956135273E-2,9.442078590E0,1.661815286E0
2.467692611E2,-1.040877849E-1,9.444471359E0,1.681556106E0
2.467893731E2,-1.238285750E-1,9.449256897E0,1.727019787E0
2.468094851E2,-1.184447184E-1,9.456435204E0,1.763510346E0
2.468295971E2,-1.597209126E-1,9.425328255E0,1.786242127E0
2.468497091E2,-2.201396823E-1,9.403194427E0,1.771286964E0
2.468698212E2,-1.878365725E-1,9.401400566E0,1.740180254E0
2.468899332E2,-1.244267747E-1,9.437292099E0,1.696511269E0
2.469100452E2,-1.220339537E-1,9.437891006E0,1.636092424E0
2.469301572E2,-1.645065546E-1,9.425328255E0,1.599003673E0
2.469502692E2,-1.657029688E-1,9.402596474E0,1.630110383E0
2.469703813E2,-1.627119333E-1,9.398408890E0,1.706082582E0
2.469904933E2,-1.567298770E-1,9.382855415E0,1.816152334E0
2.470106053E2,-2.039881349E-1,9.382257462E0,1.858624935E0
2.470307174E2,-2.584248483E-1,9.418747902E0,1.863410592E0
2.470508293E2,-1.974078715E-1,9.443872452E0,1.855633974E0
2.470709414E2,-9.451649338E-2,9.500103951E0,1.855035782E0
2.470910534E2,-6.640082598E-2,9.515657425E0,1.820339799E0
2.471111654E2,-9.511470050E-2,9.507282257E0,1.716252089E0
2.471312775E2,-1.274178028E-1,9.457631111E0,1.645663738E0
2.471513895E2,-1.591227055E-1,9.446265221E0,1.688734531E0
2.471715015E2,-9.870393574E-2,9.470193863E0,1.819143414E0
2.471916135E2,-6.580262445E-3,9.489336014E0,1.902294040E0
2.472117255E2,7.597211748E-2,9.477970123E0,1.888535261E0
2.472318376E2,7.716853172E-2,9.498908043E0,1.811964989E0
2.472519496E2,3.290131316E-2,9.472586632E0,1.711466432E0
2.472720616E2,-8.793623000E-2,9.454640388E0,1.657627940E0
2.472921736E2,-2.321037948E-1,9.449854851E0,1.651047587E0
2.473122857E2,-3.254238665E-1,9.421140671E0,1.682154298E0
2.473323977E2,-3.349951804E-1,9.431908607E0,1.761715651E0
2.473525097E2,-2.542374134E-1,9.436694145E0,1.819143414E0
2.473726217E2,-1.501496136E-1,9.452845573E0,1.847259045E0
2.473927337E2,-9.451649338E-2,9.449256897E0,1.810768485E0
2.474128458E2,-9.870393574E-2,9.480961800E0,1.776670814E0
2.474329578E2,-7.896314561E-2,9.507282257E0,1.761117458E0
2.474530698E2,-1.022931710E-1,9.510273933E0,1.717448473E0
2.474731818E2,-1.818545163E-1,9.468997002E0,1.637288928E0
2.474932939E2,-2.620140910E-1,9.446265221E0,1.597807288E0
2.475134059E2,-2.249253243E-1,9.439684868E0,1.664208174E0
2.475335179E2,-1.555334777E-1,9.448657990E0,1.779661894E0
2.475536299E2,-8.913264424E-2,9.461818695E0,1.851446509E0
2.475737420E2,-1.268195957E-1,9.437891006E0,1.816152334E0
2.475938540E2,-2.464607358E-1,9.434301376E0,1.704287887E0
2.476139660E2,-3.134597540E-1,9.434899330E0,1.646261930E0
2.476340780E2,-3.367897868E-1,9.424132347E0,1.701296926E0
2.476541900E2,-3.535395563E-1,9.386445045E0,1.709671736E0
2.476743021E2,-3.427718580E-1,9.458230019E0,1.645663738E0
2.476944141E2,-2.488535494E-1,9.415757179E0,1.642074585E0
2.477145261E2,-2.566302419E-1,9.442676544E0,1.733600020E0
2.477346382E2,-2.392822653E-1,9.448657990E0,1.861616015E0
2.477547501E2,-2.458625287E-1,9.442676544E0,1.977667928E0
2.477748622E2,-3.302095234E-1,9.456435204E0,2.005185366E0
2.477949742E2,-3.870390654E-1,9.432506561E0,1.962114573E0
2.478150862E2,-4.073780477E-1,9.433703423E0,1.886740685E0
2.478351983E2,-3.864408433E-1,9.441479683E0,1.837089539E0
2.478553103E2,-3.062812984E-1,9.445667267E0,1.823929071E0
2.478754223E2,-2.165504545E-1,9.458230019E0,1.823929071E0
2.478955343E2,-2.267199457E-1,9.455238342E0,1.842473388E0
2.479156463E2,-2.685943544E-1,9.442078590E0,1.863410592E0
2.479357584E2,-2.691925466E-1,9.437891006E0,1.872383714E0
2.479558704E2,-2.422732860E-1,9.438488960E0,1.828116536E0
2.479759824E2,-2.356930375E-1,9.437891006E0,1.764706731E0
2.479960945E2,-2.374876440E-1,9.460023880E0,1.742573142E0
2.480162064E2,-2.045863420E-1,9.467801094E0,1.789233088E0
2.480363185E2,-1.280160099E-1,9.456435204E0,1.817947030E0
2.480564305E2,-2.751746029E-2,9.464211464E0,1.801795483E0
2.480765425E2,2.333002165E-2,9.400801659E0,1.731207132E0
2.480966546E2,-1.214357466E-1,9.430712700E0,1.508674622E0
2.481167666E2,-2.057827413E-1,9.410373688E0,1.386042476E0
2.481368786E2,-2.817548811E-1,9.372088432E0,1.485942841E0
2.481569906E2,-3.786641955E-1,9.427123070E0,1.804786444E0
2.481771026E2,-4.079762697E-1,9.428318977E0,2.140978098E0
2.481972147E2,-3.607180119E-1,9.400801659E0,2.312663078E0
2.482173267E2,-3.296113312E-1,9.445667267E0,2.185843468E0
2.482374387E2,-2.955136001E-1,9.404391289E0,2.088335991E0
2.482575508E2,-3.278166950E-1,9.430113792E0,2.091326952E0
2.482776627E2,-3.852444589E-1,9.489934921E0,2.166102648E0
2.482977748E2,-2.877369225E-1,9.436694145E0,2.330609322E0
2.483178868E2,-3.744767308E-1,9.424730301E0,2.328814745E0
2.483379988E2,-3.990031779E-1,9.384052277E0,2.218744755E0
2.483581109E2,-3.631108403E-1,9.382257462E0,2.088934183E0
2.483782229E2,-2.967100143E-1,9.409176826E0,2.016551256E0
2.483983349E2,-2.093719840E-1,9.411569595E0,1.999801517E0
2.484184470E2,-2.147558331E-1,9.416953087E0,1.990230203E0
2.484385589E2,-2.781656384E-1,9.400801659E0,1.998605132E0
2.484586710E2,-3.122633696E-1,9.413962364E0,2.023729801E0
2.484787830E2,-2.853440940E-1,9.409176826E0,2.071586132E0
2.484988950E2,-2.632105052E-1,9.390632629E0,2.120040894E0
2.485190071E2,-2.231307179E-1,9.400203705E0,2.123031855E0
2.485391191E2,-1.962114573E-1,9.415757179E0,2.089532375E0
2.485592311E2,-1.932204217E-1,9.420542717E0,2.051845312E0
2.485793431E2,-2.093719840E-1,9.429515839E0,2.035095692E0
2.485994551E2,-2.117647976E-1,9.423533440E0,2.050050735E0
2.486195672E2,-2.153540403E-1,9.413364410E0,2.067996979E0
2.486396792E2,-2.309073806E-1,9.407382011E0,2.071586132E0
2.486597912E2,-2.644068897E-1,9.402596474E0,2.082353830E0
2.486799033E2,-2.883351147E-1,9.397810936E0,2.062014818E0
2.487000153E2,-2.823530734E-1,9.387042999E0,2.055434704E0
2.487201273E2,-2.889333367E-1,9.392427444E0,2.039881229E0
2.487402393E2,-2.973082066E-1,9.396614075E0,2.056631088E0
2.487603513E2,-2.769692242E-1,9.401400566E0,2.103889227E0
2.487804634E2,-2.883351147E-1,9.399605751E0,2.129014015E0
2.488005754E2,-3.110669553E-1,9.388239861E0,2.121835470E0
2.488206874E2,-3.254238665E-1,9.387042999E0,2.114656925E0
2.488407995E2,-2.739782035E-1,9.376873970E0,2.119442701E0
2.488609115E2,-2.147558331E-1,9.388239861E0,2.107478619E0
2.488810235E2,-1.986042857E-1,9.418747902E0,1.981257200E0
2.489011355E2,-2.333002090E-1,9.426525116E0,1.889133453E0
2.489212475E2,-2.632105052E-1,9.413962364E0,1.900499344E0
2.489413596E2,-2.201396823E-1,9.418149948E0,2.017747641E0
2.489614716E2,-1.549352705E-1,9.419944763E0,2.120639086E0
2.489815836E2,-1.202393398E-1,9.374481201E0,2.163111687E0
2.490016957E2,-1.908276081E-1,9.372686386E0,2.168495417E0
2.490218077E2,-2.572284341E-1,9.390632629E0,2.151147604E0
2.490419197E2,-2.745763958E-1,9.403793335E0,2.097907305E0
2.490620317E2,-2.925225794E-1,9.397810936E0,2.029711723E0
2.490821437E2,-3.373879790E-1,9.384650230E0,2.014756680E0
2.491022558E2,-3.014956415E-1,9.391230583E0,2.057827473E0
2.491223678E2,-1.896311939E-1,9.412167549E0,2.129612207E0
2.491424798E2,-1.429711580E-1,9.411569595E0,2.152343988E0
2.491625918E2,-1.824527234E-1,9.395418167E0,2.133799553E0
2.491827039E2,-2.309073806E-1,9.393623352E0,2.120040894E0
2.492028159E2,-2.602194548E-1,9.396614075E0,2.133201361E0
2.492229279E2,-2.165504545E-1,9.423533440E0,2.103291035E0
2.492430399E2,-1.459621787E-1,9.410373688E0,2.030908108E0
2.492631520E2,-1.274178028E-1,9.451051712E0,1.950748682E0
2.492832640E2,-7.357929647E-2,9.444471359E0,1.933998942E0
2.493033760E2,-8.733802289E-2,9.431908607E0,1.987837434E0
2.493234880E2,-1.686939895E-1,9.375079155E0,2.063809633E0
2.493436001E2,-2.715853751E-1,9.362516403E0,2.142174482E0
2.493637121E2,-2.919243574E-1,9.357132912E0,2.150549412E0
2.493838241E2,-2.458625287E-1,9.379864693E0,2.084746838E0
2.494039361E2,-2.219343036E-1,9.406186104E0,1.999801517E0
2.494240482E2,-2.195414752E-1,9.422337532E0,1.953739643E0
2.494441602E2,-2.428714931E-1,9.409774780E0,1.986042738E0
2.494642722E2,-2.656033039E-1,9.399007797E0,2.044068813E0
2.494843842E2,-2.650051117E-1,9.381061554E0,2.133201361E0
2.495044963E2,-2.745763958E-1,9.370293617E0,2.172683001E0
2.495246083E2,-2.679961324E-1,9.378668785E0,2.151745796E0
2.495447203E2,-2.231307179E-1,9.405587196E0,2.085943222E0
2.495648324E2,-1.836491376E-1,9.424132347E0,2.040479422E0
2.495849443E2,-1.932204217E-1,9.413364410E0,2.018944025E0
2.496050564E2,-2.237289101E-1,9.430113792E0,2.004587173E0
2.496251684E2,-1.980060786E-1,9.392427444E0,2.078166485E0
2.496452804E2,-1.812563092E-1,9.373882294E0,2.202593327E0
2.496653925E2,-1.890329868E-1,9.389435768E0,2.227119684E0
2.496855045E2,-1.860419661E-1,9.385847092E0,2.190030813E0
2.497056165E2,-1.250249892E-1,9.413364410E0,2.143969059E0
2.497257286E2,-8.733802289E-2,9.412766457E0,2.103889227E0
2.497458406E2,-8.554340899E-2,9.411569595E0,2.089532375E0
2.497659526E2,-1.322034448E-1,9.406784058E0,2.087737799E0
2.497860646E2,-8.255238086E-2,9.398408890E0,2.134995937E0
2.498061766E2,-4.546362907E-2,9.398408890E0,2.190629244E0
2.498262887E2,-3.768695518E-2,9.385248184E0,2.207977057E0
2.498464007E2,-4.067798331E-2,9.401998520E0,2.178664923E0
2.498665127E2,-3.409772366E-2,9.409176826E0,2.120639086E0
2.498866248E2,-4.486542568E-2,9.413962364E0,2.065006018E0
2.499067368E2,-6.879365444E-2,9.412167549E0,2.062014818E0
2.499268488E2,-7.896314561E-2,9.431908607E0,2.076371908E0
2.499469609E2,-5.144568533E-2,9.409176826E0,2.099103689E0
2.499670729E2,9.571290575E-3,9.393025398E0,2.144567251E0
2.499871849E2,-1.196411322E-3,9.412167549E0,2.189432621E0
2.500072969E2,-2.811566554E-2,9.376873970E0,2.215155602E0
2.500274089E2,-7.836493850E-2,9.351749420E0,2.202593327E0
2.500475210E2,-1.256231815E-1,9.343972206E0,2.178664923E0
2.500676330E2,-1.328016520E-1,9.353543282E0,2.120639086E0
2.500877450E2,-1.166501045E-1,9.382855415E0,2.021337032E0
2.501078571E2,-2.931207791E-2,9.397810936E0,1.977069736E0
2.501279691E2,7.657032460E-2,9.412167549E0,2.056032896E0
2.501480811E2,8.015955985E-2,9.426525116E0,2.187039852E0
2.501681932E2,3.708875179E-2,9.425328255E0,2.276172638E0
2.501883051E2,-6.161518395E-2,9.439086914E0,2.298306227E0
2.502084172E2,-1.680957973E-1,9.411569595E0,2.222932339E0
2.502285292E2,-1.734796464E-1,9.380462646E0,2.169692039E0
2.502486412E2,-8.135596663E-2,9.377471924E0,2.202593327E0
2.502687533E2,2.931207791E-2,9.387042999E0,2.241476536E0
2.502888653E2,3.589234129E-2,9.378069878E0,2.215155602E0
2.503089773E2,-2.931207791E-2,9.361918449E0,2.134995937E0
2.503290893E2,-1.178465188E-1,9.345767021E0,2.062613010E0
2.503492014E2,-1.609173268E-1,9.340981483E0,2.038684845E0
2.503693134E2,-1.387837082E-1,9.345767021E0,2.057827473E0
2.503894254E2,-4.905286431E-2,9.366106033E0,2.091326952E0
2.504095374E2,2.512463741E-2,9.381061554E0,2.126621008E0
2.504296495E2,5.802594870E-2,9.400801659E0,2.149353027E0
2.504497615E2,9.451649338E-2,9.422337532E0,2.185843468E0
2.504698735E2,9.930214286E-2,9.410373688E0,2.246262312E0
2.504899855E2,1.016949639E-1,9.382855415E0,2.274976015E0
2.505100976E2,1.322034448E-1,9.375677109E0,2.279163599E0
2.505302096E2,1.692921966E-1,9.359525681E0,2.213959217E0
2.505503216E2,1.597209126E-1,9.371489525E0,2.099701881E0
2.505704337E2,1.262213886E-1,9.384650230E0,2.006979942E0
2.505905457E2,6.819544733E-2,9.391828537E0,1.979462504E0
2.506106577E2,3.469592705E-2,9.390034676E0,2.039881229E0
2.506307698E2,6.580262445E-3,9.375079155E0,2.133201361E0
2.506508817E2,-4.067798331E-2,9.367900848E0,2.238485575E0
2.506709938E2,-8.135596663E-2,9.358927727E0,2.282154560E0
2.506911058E2,-1.166501045E-1,9.366703987E0,2.286940336E0
2.507112178E2,-9.451649338E-2,9.396614075E0,2.258824587E0
2.507313299E2,-4.127619043E-2,9.397810936E0,2.199602127E0
2.507514419E2,-2.512463741E-2,9.348757744E0,2.129612207E0
2.507715539E2,-3.828516230E-2,9.338588715E0,2.121237278E0
2.507916660E2,-1.854437590E-2,9.358927727E0,2.155334949E0
2.508117780E2,2.572284266E-2,9.394221306E0,2.191227436E0
2.508318900E2,9.032905847E-2,9.405587196E0,2.163709879E0
2.508520021E2,1.429711580E-1,9.413962364E0,2.107478619E0
2.508721140E2,1.274178028E-1,9.400203705E0,2.097309113E0
2.508922261E2,4.845465720E-2,9.380462646E0,2.136192322E0
2.509123381E2,-3.828516230E-2,9.367302895E0,2.164906263E0
2.509324501E2,-8.075776696E-2,9.387042999E0,2.197807550E0
2.509525622E2,-5.204389244E-2,9.409176826E0,2.207977057E0
2.509726742E2,-5.982056609E-4,9.416355133E0,2.215753794E0
2.509927862E2,6.400800496E-2,9.420542717E0,2.215753794E0
2.510128983E2,1.016949639E-1,9.398408890E0,2.173281193E0
2.510330103E2,6.101697683E-2,9.382257462E0,2.152942181E0
2.510531223E2,-1.375873014E-2,9.378668785E0,2.182852507E0
2.510732343E2,-4.067798331E-2,9.396016121E0,2.178066730E0
2.510933463E2,8.973085321E-3,9.393623352E0,2.128415823E0
2.511134584E2,2.392822690E-2,9.394820213E0,2.070389748E0
2.511335704E2,1.674975827E-2,9.397212982E0,2.076970100E0
2.511536824E2,4.546362907E-2,9.393025398E0,2.177468538E0
2.511737945E2,3.170489892E-2,9.379864693E0,2.269592285E0
2.511939065E2,1.555334684E-2,9.382855415E0,2.325225353E0
2.512140185E2,-3.708875179E-2,9.361918449E0,2.269592285E0
2.512341305E2,-7.537391037E-2,9.379266739E0,2.194218397E0
2.512542426E2,-5.443671346E-2,9.384650230E0,2.163111687E0
2.512743546E2,-9.571290575E-3,9.408578873E0,2.176870346E0
2.512944666E2,2.572284266E-2,9.414560318E0,2.201995134E0
2.513145787E2,1.256231871E-2,9.403194427E0,2.206182480E0
2.513346907E2,-1.794617064E-2,9.385248184E0,2.189432621E0
2.513548027E2,-2.691925503E-2,9.377471924E0,2.176272154E0
2.513749147E2,2.991028363E-3,9.387042999E0,2.189432621E0
2.513950267E2,2.153540403E-2,9.395418167E0,2.178664923E0
2.514151388E2,7.357929647E-2,9.409774780E0,2.142772675E0
2.514352508E2,9.032905847E-2,9.407382011E0,2.100300074E0
2.514553628E2,3.888336942E-2,9.415159225E0,2.088335991E0
2.514754749E2,1.435693540E-2,9.391230583E0,2.126621008E0
2.514955869E2,3.290131316E-2,9.401400566E0,2.190030813E0
2.515156989E2,6.460621208E-2,9.431310654E0,2.191825628E0
2.515358110E2,3.529413417E-2,9.387042999E0,2.147558212E0
2.515559230E2,-9.092725813E-2,9.373882294E0,2.124228239E0
2.515760350E2,-1.351944804E-1,9.345767021E0,2.169692039E0
2.515961470E2,-8.614161611E-2,9.348757744E0,2.243869543E0
2.516162590E2,-7.118647546E-2,9.361320496E0,2.263610125E0
2.516363711E2,-7.417750359E-2,9.368498802E0,2.212762833E0
2.516564831E2,-7.836493850E-2,9.394820213E0,2.182852507E0
2.516765951E2,-3.888336942E-2,9.401400566E0,2.212762833E0
2.516967072E2,-2.632104978E-2,9.414560318E0,2.236690998E0
2.517168192E2,1.226321608E-1,9.369695663E0,2.206182480E0
2.517369312E2,6.101697683E-2,9.387641907E0,2.111067772E0
2.517570433E2,6.759724021E-2,9.358329773E0,2.096710920E0
2.517771553E2,7.058826834E-2,9.349954605E0,2.076970100E0
2.517972673E2,-0.000000000E0,9.377471924E0,2.078764677E0
2.518173793E2,2.033899166E-2,9.368498802E0,2.072782516E0
2.518374914E2,-5.982056609E-4,9.385248184E0,2.075175524E0
2.518576034E2,-3.529413417E-2,9.393623352E0,2.116451740E0
2.518777154E2,-2.991028363E-3,9.378069878E0,2.198405743E0
2.518978274E2,4.905286431E-2,9.397212982E0,2.216351986E0
2.519179395E2,-1.136590727E-2,9.413364410E0,2.067996979E0
2.519380515E2,-7.357929647E-2,9.358927727E0,1.928615093E0
2.519581635E2,-1.986042857E-1,9.404391289E0,1.544566989E0
2.519782755E2,-2.135594189E-1,9.301499367E0,8.548358679E-1
2.519983876E2,-1.788634956E-1,9.158528328E0,6.394818425E-1
2.520184996E2,-2.913261652E-1,8.911469460E0,4.935196638E-1
2.520386116E2,-1.818545163E-1,8.675776482E0,7.645068169E-1
2.520587237E2,-1.621137410E-1,8.706883430E0,1.279561877E0
2.520788357E2,-1.112662554E-1,8.787641525E0,1.781456470E0
2.520989477E2,1.184447184E-1,8.809176445E0,2.383251429E0
2.521190597E2,5.760720372E-1,8.806185722E0,2.840280533E0
2.521391717E2,6.939185858E-1,8.833105087E0,3.048455954E0
2.521592838E2,9.110672474E-1,8.626724243E0,3.260220766E0
2.521793958E2,1.603789330E0,8.565108299E0,3.396013498E0
2.521995078E2,2.152343988E0,8.526823044E0,3.754936934E0
2.522196199E2,2.280958176E0,8.127222061E0,4.646263599E0
2.522397319E2,1.457827210E0,7.524230957E0,5.450850010E0
2.522598439E2,7.363911867E-1,7.214958668E0,5.606383324E0
2.522799560E2,1.016949639E-1,7.148557663E0,6.158527374E0
2.523000680E2,-1.704886109E-1,6.838088989E0,7.017550468E0
2.523201800E2,-3.415754437E-1,6.712465763E0,7.444669247E0
2.523402921E2,-8.925228715E-1,6.549753666E0,8.164310455E0
2.523604041E2,-1.308275819E0,6.242276192E0,8.821739197E0
2.523805161E2,-1.890928149E0,5.709274769E0,9.361320496E0
2.524006281E2,-1.730010748E0,5.648856163E0,9.536594391E0
2.524207401E2,-1.302891970E0,5.543571949E0,9.559326172E0
2.524408522E2,-1.231107235E0,5.335396290E0,9.275178909E0
2.524609642E2,1.116251707E0,3.253640652E0,8.240283012E0
2.524810762E2,4.247260094E-2,3.714258909E0,7.219744205E0
2.525011883E2,-4.505684853E0,6.741179466E0,8.695517540E0
2.525213003E2,-3.754936934E0,6.836892605E0,1.038544846E1
2.525414123E2,-3.810569942E-1,4.766502857E0,9.851250648E0
2.525615243E2,1.204786181E0,3.801596880E0,9.937990189E0
2.525816364E2,8.147560954E-1,3.932005882E0,1.069352436E1
2.526017484E2,5.359922647E-1,4.170091629E0,1.163270760E1
2.526218604E2,1.192822099E0,3.994219303E0,1.112901783E1
2.526419725E2,7.842476368E-1,3.798605919E0,1.088016415E1
2.526620845E2,-1.968096644E-1,3.598805189E0,1.008754253E1
2.526821965E2,-4.241278172E-1,3.239283562E0,9.112466812E0
2.527023086E2,-5.240281820E-1,3.996013880E0,9.298508644E0
2.527224206E2,-2.775674164E-1,4.676173687E0,9.039485931E0
2.527425326E2,3.225524902E0,6.588637352E0,4.920839787E0
2.527626446E2,-1.125823021E0,8.791230202E0,6.392425537E0
2.527827566E2,2.956930637E0,5.495117188E0,6.729813576E0
2.528028687E2,1.518844128E0,6.126224041E0,7.845467091E0
2.528229807E2,1.285543919E0,6.228517532E0,7.703094482E0
2.528430927E2,9.954141974E-1,6.091528416E0,6.513861656E0
2.528632048E2,8.231309652E-1,6.099903107E0,5.319842815E0
2.528833168E2,7.579265833E-1,6.631708145E0,4.974080086E0
2.529034288E2,5.264210105E-1,7.066603661E0,4.429712772E0
2.529235409E2,1.878365725E-1,7.015157700E0,3.865006685E0
2.529436529E2,-7.896314561E-2,6.798008919E0,4.197608948E0
2.529637649E2,8.644071817E-1,6.537191391E0,5.687141418E0
2.529838770E2,1.729412556E0,6.318248272E0,7.179066181E0
2.530039890E2,1.037288666E0,6.201598167E0,7.779664516E0
2.530241010E2,-6.460621208E-2,5.885745525E0,7.302296638E0
2.530442130E2,-5.922235847E-1,4.682754040E0,6.951747894E0
2.530643251E2,-8.673982024E-1,3.432504177E0,7.579864025E0
2.530844371E2,-1.190429255E-1,2.725425005E0,8.109873772E0
2.531045491E2,-3.822534084E-1,2.430509567E0,8.718249321E0
2.531246611E2,-7.280163169E-1,1.924427629E0,9.587442398E0
2.531447732E2,-6.221339107E-1,9.804590940E-1,1.028913784E1
2.531648852E2,-1.411765367E-1,3.050848842E-2,9.710672379E0
2.531849972E2,5.401797295E-1,-6.251249313E-1,8.645268440E0
2.532051092E2,9.355936646E-1,-5.533402562E-1,7.502695560E0
2.532252213E2,2.383251429E0,-2.386840582E-1,7.079763889E0
2.532453333E2,3.592823267E0,3.996013701E-1,8.344968796E0
2.532654453E2,4.029513359E0,1.565504193E0,8.954540253E0
2.532855574E2,3.571886063E0,1.892124534E0,9.466006279E0
2.533056694E2,1.986042738E0,1.521237016E0,9.497711182E0
2.533257814E2,1.065404296E0,1.052842021E0,9.482157707E0
2.533458935E2,4.666004181E-1,6.526423693E-1,9.792028427E0
2.533660055E2,8.847461939E-1,6.418746710E-1,1.075155067E1
2.533861175E2,4.378865361E-1,9.696913958E-1,1.091605663E1
2.534062296E2,5.407779217E-1,1.020538807E0,1.018624592E1
2.534263415E2,6.885347366E-1,8.542376757E-1,8.672785759E0
2.534464536E2,7.178468257E-2,1.788634896E0,7.492526054E0
2.534665656E2,-9.984052777E-1,2.392224550E0,7.850851059E0
2.534866776E2,-1.216152072E0,3.082553864E0,9.104690552E0
2.535067897E2,-2.008774519E0,6.116652966E0,1.094776154E1
2.535269017E2,-1.247856975E0,8.868398666E0,1.197248840E1
2.535470137E2,1.622931957E0,1.392622828E0,1.350150204E1
2.535671258E2,2.749353170E0,-4.706083775E0,1.201436234E1
2.535872378E2,4.313062727E-1,-4.646263599E0,1.036630630E1
2.536073498E2,-1.194616675E0,-3.362514019E0,1.023888779E1
2.536274618E2,-3.601198196E-1,-2.398804665E0,1.153101254E1
2.536475739E2,1.246062398E0,-1.864607096E0,1.232303619E1
2.536676859E2,2.157727718E0,-1.522433400E0,1.148076344E1
2.536877979E2,2.883949518E0,-1.324427366E0,1.089153004E1
2.537079100E2,2.547757864E0,-7.226324677E-1,1.229372501E1
2.537280220E2,1.910070658E0,-7.280163169E-1,1.459442329E1
2.537481340E2,1.396211982E0,-1.897508383E0,1.559043598E1
2.537682460E2,5.312066078E-1,-3.004786968E0,1.456092358E1
2.537883581E2,-5.060819983E-1,-2.937788010E0,1.277109241E1
2.538084701E2,-8.225327730E-1,-2.330011129E0,1.126840019E1
2.538285821E2,-6.364908218E-1,-1.584646821E0,1.040399265E1
2.538486941E2,-4.815555513E-1,-1.001994491E0,9.561120987E0
2.538688062E2,-4.139583111E-1,-6.394818425E-1,9.069396019E0
2.538889182E2,-4.683950245E-1,-4.492524564E-1,8.905488014E0
2.539090302E2,-6.059823632E-1,-1.848455518E-1,8.626125336E0
2.539291423E2,-6.293123364E-1,1.190429255E-1,8.310871124E0
2.539492543E2,-5.012963414E-1,3.732803464E-1,8.448458672E0
2.539693663E2,-3.050848842E-1,4.743770957E-1,8.741579056E0
2.539894784E2,-3.068794906E-1,5.174478889E-1,9.069396019E0
2.540095904E2,-4.133601189E-1,5.581258535E-1,9.278169632E0
2.540297024E2,-1.286142170E-1,5.186443329E-1,9.552147865E0
2.540498145E2,1.818545163E-1,5.497509837E-1,9.833903313E0
2.540699265E2,4.486542344E-1,6.825526357E-1,1.020718288E1
2.540900385E2,6.843472719E-1,8.333004713E-1,1.026819992E1
2.541101505E2,8.632107973E-1,9.990034699E-1,9.990034103E0
2.541302626E2,9.762716293E-1,1.200598717E0,1.006600666E1
2.541503746E2,8.620143533E-1,1.400997639E0,1.013479996E1
2.541704866E2,7.136593461E-1,1.493121386E0,9.908080101E0
2.541905986E2,7.615157962E-1,1.503889084E0,9.603593826E0
2.542107107E2,7.609176040E-1,1.542174220E0,9.361918449E0
2.542308227E2,6.125625968E-1,1.581057549E0,9.257232666E0
2.542509347E2,6.077769399E-1,1.639681697E0,9.089137077E0
2.542710467E2,6.137589812E-1,1.714457393E0,9.030512810E0
2.542911588E2,6.652047038E-1,1.815554142E0,9.192625999E0
2.543112708E2,8.638089895E-1,1.826920033E0,9.426525116E0
2.543313828E2,1.040877819E0,1.883151412E0,9.626325607E0
2.543514949E2,1.191027522E0,1.909472466E0,9.817152977E0
2.543716069E2,1.139581800E0,1.911267042E0,9.967901230E0
2.543917189E2,9.427721500E-1,1.885544300E0,1.001635551E1
2.544118310E2,8.422735929E-1,1.798804402E0,9.830911636E0
2.544319430E2,8.428717852E-1,1.708475351E0,9.865608215E0
2.544520550E2,8.015955687E-1,1.625324726E0,9.925428391E0
2.544721671E2,7.788637877E-1,1.580459356E0,9.967302322E0
2.544922791E2,6.987041831E-1,1.658824325E0,9.961918831E0
2.545123911E2,6.514459848E-1,1.744367719E0,9.826126099E0
2.545325032E2,5.347958803E-1,1.808375716E0,9.720842361E0
2.545526152E2,4.546363056E-1,1.822732687E0,9.652048111E0
2.545727272E2,3.762713671E-1,1.872981906E0,9.394221306E0
2.545928392E2,3.978067636E-1,1.896910191E0,9.171689034E0
2.546129512E2,3.391826153E-1,1.840678811E0,9.104690552E0
2.546330633E2,4.037888348E-1,1.697707653E0,9.178269386E0
2.546531753E2,5.054838061E-1,1.712662816E0,9.415159225E0
2.546732873E2,6.305087805E-1,1.699502230E0,9.559925079E0
2.546933993E2,4.265206456E-1,1.603789330E0,9.416355133E0
2.547135114E2,-6.041877344E-2,1.316052437E0,9.266205788E0
2.547336234E2,-3.613162339E-1,1.027119160E0,9.430712700E0
2.547537354E2,-4.025924206E-1,1.020538807E0,9.716055870E0
2.547738475E2,-2.943171859E-1,1.176670551E0,9.929018021E0
2.547939595E2,3.888336942E-2,1.284347534E0,1.010249710E1
2.548140715E2,5.605186820E-1,1.414756417E0,1.041715336E1
2.548341836E2,1.124028444E0,1.513460279E0,1.076949692E1
2.548542956E2,1.597209096E0,1.577468276E0,1.086281681E1
2.548744076E2,1.910070658E0,1.674975872E0,1.061575794E1
2.548945197E2,1.977069736E0,1.822732687E0,1.054636574E1
2.549146317E2,1.878365755E0,1.920240164E0,1.041356373E1
2.549347437E2,1.816750646E0,1.994417667E0,1.016411209E1
2.549548557E2,1.570888042E0,2.057827473E0,9.818349838E0
2.549749677E2,1.378864050E0,1.999203324E0,9.266803741E0
2.549950798E2,1.221535921E0,1.972882271E0,8.855836868E0
2.550151918E2,1.070189953E0,1.986042738E0,8.788837433E0
2.550353038E2,8.739784956E-1,1.979462504E0,8.826524734E0
2.550554159E2,8.273184299E-1,1.923231244E0,8.897112846E0
2.550755279E2,9.768698215E-1,1.811366796E0,9.082556725E0
2.550956399E2,1.057627559E0,1.733600020E0,9.480961800E0
2.551157520E2,1.154536963E0,1.660618901E0,9.933204651E0
2.551358640E2,1.217946768E0,1.568495274E0,1.000379372E1
2.551559760E2,1.083948612E0,1.515853167E0,9.984650612E0
2.551760880E2,9.559326172E-1,1.564307809E0,1.005224800E1
2.551962001E2,9.278169870E-1,1.621735573E0,1.005583763E1
2.552163121E2,9.846464992E-1,1.617548108E0,9.923633575E0
2.552364241E2,1.226321578E0,1.582253933E0,9.722636223E0
2.552565362E2,1.278963685E0,1.607976794E0,9.572486877E0
2.552766482E2,1.082154036E0,1.579262972E0,9.658030510E0
2.552967602E2,9.391828775E-1,1.570888042E0,9.694520950E0
2.553168723E2,9.984052777E-1,1.593021631E0,9.597013474E0
2.553369843E2,1.074975610E0,1.533799291E0,9.488738060E0
2.553570963E2,1.038485050E0,1.426122308E0,9.625128746E0
2.553772083E2,8.883354068E-1,1.348355532E0,9.892526627E0
2.553973203E2,7.752745152E-1,1.298704505E0,9.966106415E0
2.554174324E2,8.219345808E-1,1.228714466E0,9.904491425E0
2.554375444E2,1.245464206E0,1.112662554E0,1.001815033E1
2.554576564E2,1.503889084E0,1.194018483E0,1.024786091E1
2.554777685E2,1.456032634E0,1.226919770E0,1.028853893E1
2.554978805E2,1.296311617E0,1.205384374E0,1.015872860E1
2.555179925E2,1.231107235E0,1.214955688E0,1.000139999E1
2.555381046E2,1.365703583E0,1.232303619E0,9.910472870E0
2.555582166E2,1.393221021E0,1.313659668E0,9.853643417E0
2.555783286E2,1.369890928E0,1.335195065E0,9.800403595E0
2.555984407E2,1.456032634E0,1.366899967E0,9.769296646E0
2.556185527E2,1.369890928E0,1.418345571E0,9.699306488E0
2.556386647E2,1.336989641E0,1.426122308E0,9.583852768E0
2.556587767E2,1.377667665E0,1.446461320E0,9.504291534E0
2.556788888E2,1.502692580E0,1.457229018E0,9.588040352E0
2.556990008E2,1.492523074E0,1.466202021E0,9.702896118E0
2.557191128E2,1.402194023E0,1.427318692E0,9.784252167E0
2.557392249E2,1.341177106E0,1.390229940E0,9.836296082E0
2.557593369E2,1.273579836E0,1.417149186E0,9.755537987E0
2.557794489E2,1.277169108E0,1.401595831E0,9.643074989E0
2.557995610E2,1.351944804E0,1.360917926E0,9.684351921E0
2.558196730E2,1.231107235E0,1.346560955E0,9.769894600E0
2.558397850E2,1.075573802E0,1.333998680E0,9.784850121E0
2.558598970E2,1.036092162E0,1.313659668E0,9.747162819E0
2.558800090E2,1.067797065E0,1.263410330E0,9.734601021E0
2.559001211E2,1.090528965E0,1.222732425E0,9.766305923E0
2.559202331E2,1.112662554E0,1.227517962E0,9.874580383E0
2.559403451E2,1.121635556E0,1.253839016E0,9.983454704E0
2.559604572E2,1.156929731E0,1.277767301E0,9.922437668E0
2.559805692E2,1.177866936E0,1.278963685E0,9.794421196E0
2.560006812E2,1.164108157E0,1.276570916E0,9.732208252E0
2.560207933E2,1.133001566E0,1.305284739E0,9.740582466E0
2.560409053E2,1.177866936E0,1.348953724E0,9.757332802E0
2.560610173E2,1.238883972E0,1.353141189E0,9.721440315E0
2.560811293E2,1.331605792E0,1.343569875E0,9.767501831E0
2.561012414E2,1.340578914E0,1.338186026E0,9.844670296E0
2.561213534E2,1.278963685E0,1.328614831E0,9.829116821E0
2.561414654E2,1.192223907E0,1.310668588E0,9.755537987E0
2.561615775E2,1.120439172E0,1.291526079E0,9.722636223E0
2.561816895E2,1.123430252E0,1.268195987E0,9.738788605E0
2.562018015E2,1.158126116E0,1.257428288E0,9.780064583E0
2.562219136E2,1.122233868E0,1.273579836E0,9.774082184E0
2.562420256E2,1.135992527E0,1.290927768E0,9.761520386E0
2.562621376E2,1.218544960E0,1.279561877E0,9.801599503E0
2.562822497E2,1.220339537E0,1.278365493E0,9.793225288E0
2.563023616E2,1.249053478E0,1.270588875E0,9.833304405E0
2.563224737E2,1.254437327E0,1.294517040E0,9.832108498E0
2.563425857E2,1.268195987E0,1.305882931E0,9.772886276E0
2.563626977E2,1.297508121E0,1.304686546E0,9.725028992E0
2.563828098E2,1.241276741E0,1.286142230E0,9.747760773E0
2.564029218E2,1.223330617E0,1.276570916E0,9.796813965E0
2.564230338E2,1.240678549E0,1.267597795E0,9.801001549E0
2.564431459E2,1.231107235E0,1.244866014E0,9.814760208E0
2.564632579E2,1.228116274E0,1.232901812E0,9.860821724E0
2.564833699E2,1.243071318E0,1.249651670E0,9.823733330E0
2.565034820E2,1.225125194E0,1.243669510E0,9.776474953E0
2.565235940E2,1.233500123E0,1.226919770E0,9.808179855E0
2.565437060E2,1.219741344E0,1.264606714E0,9.863214493E0
2.565638180E2,1.283151150E0,1.287338614E0,9.830911636E0
2.565839301E2,1.361516118E0,1.289133191E0,9.773484230E0
2.566040421E2,1.332203984E0,1.286142230E0,9.759127617E0
2.566241541E2,1.270588875E0,1.290927768E0,9.783055305E0
2.566442662E2,1.235294700E0,1.261615753E0,9.709476471E0
2.566643782E2,1.191625714E0,1.262812138E0,9.661619186E0
2.566844902E2,1.212562919E0,1.245464206E0,9.715457916E0
2.567046023E2,1.258026481E0,1.241874933E0,9.807581902E0
2.567247143E2,1.297508121E0,1.243071318E0,9.882955551E0
2.567448263E2,1.305882931E0,1.251446247E0,9.832706451E0
2.567649384E2,1.316052437E0,1.250249863E0,9.809974670E0
2.567850504E2,1.292722464E0,1.250249863E0,9.793823242E0
2.568051624E2,1.235892892E0,1.252044439E0,9.785448074E0
2.568252745E2,1.213759303E0,1.266401410E0,9.766305923E0
2.568453865E2,1.283151150E0,1.273579836E0,9.742975235E0
2.568654985E2,1.347159147E0,1.293918848E0,9.779465675E0
2.568856105E2,1.384846091E0,1.286740422E0,9.787840843E0
2.569057225E2,1.350748420E0,1.283151150E0,9.752547264E0
2.569258346E2,1.286740422E0,1.281954765E0,9.749555588E0
2.569459466E2,1.250249863E0,1.274178028E0,9.759725571E0
2.569660586E2,1.272383451E0,1.267597795E0,9.735796928E0
2.569861707E2,1.350150228E0,1.280758262E0,9.725627899E0
2.570062827E2,1.348953724E0,1.271785259E0,9.777072906E0
2.570263947E2,1.344766378E0,1.257428288E0,9.822537422E0
2.570465067E2,1.310668588E0,1.263410330E0,9.845269203E0
2.570666188E2,1.275972724E0,1.268794179E0,9.795019150E0
2.570867308E2,1.289731383E0,1.260419369E0,9.739984512E0
2.571068428E2,1.337587833E0,1.261017561E0,9.796216011E0
2.571269549E2,1.310668588E0,1.271785259E0,9.800403595E0
2.571470669E2,1.290329576E0,1.262213945E0,9.741181374E0
2.571671789E2,1.329213023E0,1.280160069E0,9.686744690E0
2.571872910E2,1.329811215E0,1.281954765E0,9.684949875E0
2.572074030E2,1.307677627E0,1.266401410E0,9.632905960E0
2.572275150E2,1.335195065E0,1.264606714E0,9.710672379E0
2.572476271E2,1.319641709E0,1.270588875E0,9.809376717E0
2.572677391E2,1.264008522E0,1.264008522E0,9.742377281E0
2.572878511E2,1.296311617E0,1.223928809E0,9.759127617E0
2.573079632E2,1.335195065E0,1.228116274E0,9.907482147E0
2.573280752E2,1.340578914E0,1.279561877E0,9.927821159E0
2.573481872E2,1.412961721E0,1.286142230E0,9.832706451E0
2.573682992E2,1.439282775E0,1.264008522E0,9.798010826E0
2.573884113E2,1.363310695E0,1.253240824E0,9.756733894E0
2.574085233E2,1.328016520E0,1.233500123E0,9.716654778E0
2.574286353E2,1.253839016E0,1.271187067E0,9.698110580E0
2.574487474E2,1.220339537E0,1.261615753E0,9.600004196E0
2.574688593E2,1.281954765E0,1.250249863E0,9.617352486E0
2.574889714E2,1.344766378E0,1.235294700E0,9.812965393E0
2.575090834E2,1.356730461E0,1.238285661E0,9.867402077E0
2.575291954E2,1.384846091E0,1.259821177E0,9.848259926E0
2.575493075E2,1.402792215E0,1.245464206E0,9.863214493E0
2.575694195E2,1.358525038E0,1.239482164E0,9.835099220E0
2.575895315E2,1.304686546E0,1.271187067E0,9.789037704E0
2.576096436E2,1.351346612E0,1.274178028E0,9.736394882E0
2.576297556E2,1.406979680E0,1.268195987E0,9.723833084E0
2.576498676E2,1.410568953E0,1.274776220E0,9.811769485E0
2.576699797E2,1.396211982E0,1.271187067E0,9.781859398E0
2.576900917E2,1.387837172E0,1.269990563E0,9.717850685E0
2.577102037E2,1.332802176E0,1.276570916E0,9.719047546E0
2.577303158E2,1.313659668E0,1.256830096E0,9.705288887E0
2.577504278E2,1.366899967E0,1.244267821E0,9.731011391E0
2.577705398E2,1.390828133E0,1.235294700E0,9.824930191E0
2.577906518E2,1.332802176E0,1.239482164E0,9.878767967E0
2.578107639E2,1.301695466E0,1.240080357E0,9.816555023E0
2.578308759E2,1.354337573E0,1.243071318E0,9.795618057E0
2.578509879E2,1.344168067E0,1.251446247E0,9.772886276E0
2.578711000E2,1.381256819E0,1.228116274E0,9.747162819E0
2.578912120E2,1.422533035E0,1.264606714E0,9.812965393E0
2.579113240E2,1.380658627E0,1.277169108E0,9.801001549E0
2.579314361E2,1.317847013E0,1.292124271E0,9.724431038E0
2.579515481E2,1.395613790E0,1.277767301E0,9.700503349E0
2.579716601E2,1.418943882E0,1.274776220E0,9.738788605E0
2.579917722E2,1.386042476E0,1.260419369E0,9.752547264E0
2.580118842E2,1.375274777E0,1.268794179E0,9.789037704E0
2.580319962E2,1.378864050E0,1.256231904E0,9.825528145E0
2.580521083E2,1.360917926E0,1.247856975E0,9.809974670E0
2.580722203E2,1.366899967E0,1.255035520E0,9.795019150E0
2.580923323E2,1.371087432E0,1.261017561E0,9.784850121E0
2.581124443E2,1.352542996E0,1.274178028E0,9.756135941E0
2.581325563E2,1.357926846E0,1.285543919E0,9.733404160E0
2.581526684E2,1.386042476E0,1.305882931E0,9.744770050E0
2.581727804E2,1.469193101E0,1.289731383E0,9.733404160E0
2.581928924E2,1.502094388E0,1.270588875E0,9.793225288E0
2.582130045E2,1.413560033E0,1.284945726E0,9.831509590E0
2.582331165E2,1.304686546E0,1.292722464E0,9.736993790E0
2.582532285E2,1.262812138E0,1.289731383E0,9.592227936E0
2.582733405E2,1.331007600E0,1.256231904E0,9.598209381E0
2.582934526E2,1.399203062E0,1.230509043E0,9.784850121E0
2.583135646E2,1.375274777E0,1.230509043E0,9.924231529E0
2.583336766E2,1.381256819E0,1.261615753E0,9.926624298E0
2.583537887E2,1.415354609E0,1.284347534E0,9.839286804E0
2.583739007E2,1.390229940E0,1.278365493E0,9.715457916E0
2.583940127E2,1.363310695E0,1.245464206E0,9.701699257E0
2.584141248E2,1.336989641E0,1.271785259E0,9.739386559E0
2.584342368E2,1.377069473E0,1.291526079E0,9.717252731E0
2.584543488E2,1.403988719E0,1.283749342E0,9.722636223E0
2.584744609E2,1.433300734E0,1.275972724E0,9.803394318E0
2.584945729E2,1.445264935E0,1.267597795E0,9.864411354E0
2.585146849E2,1.410568953E0,1.275374413E0,9.822537422E0
2.585347970E2,1.347159147E0,1.279561877E0,9.749555588E0
2.585549090E2,1.313659668E0,1.264008522E0,9.696315765E0
2.585750210E2,1.344766378E0,1.243669510E0,9.695118904E0
2.585951330E2,1.375872970E0,1.258026481E0,9.734002113E0
2.586152451E2,1.392622828E0,1.272981644E0,9.749555588E0
2.586353571E2,1.378265858E0,1.286740422E0,9.794421196E0
2.586554691E2,1.377667665E0,1.265205026E0,9.799804688E0
2.586755812E2,1.371685624E0,1.255633712E0,9.815358162E0
2.586956932E2,1.392024517E0,1.261615753E0,9.789635658E0
2.587158052E2,1.382453322E0,1.273579836E0,9.744770050E0
2.587359173E2,1.395015597E0,1.285543919E0,9.687940598E0
2.587560292E2,1.399801254E0,1.286740422E0,9.690333366E0
2.587761413E2,1.377069473E0,1.269990563E0,9.686744690E0
2.587962533E2,1.366899967E0,1.279561877E0,9.662816048E0
2.588163653E2,1.470389485E0,1.243071318E0,9.812965393E0
2.588364774E2,1.494317770E0,1.261017561E0,9.877572060E0
2.588565894E2,1.439282775E0,1.265205026E0,9.789635658E0
2.588767014E2,1.439880967E0,1.283749342E0,9.761520386E0
2.588968135E2,1.433898926E0,1.265803218E0,9.799804688E0
2.589169255E2,1.368694544E0,1.250848055E0,9.787242889E0
2.589370375E2,1.334596872E0,1.238285661E0,9.728020668E0
2.589571496E2,1.339382529E0,1.244866014E0,9.708877563E0
2.589772616E2,1.350150228E0,1.231107235E0,9.723833084E0
2.589973736E2,1.321436286E0,1.204187989E0,9.779465675E0
2.590174857E2,1.335793257E0,1.249651670E0,9.824930191E0
2.590375977E2,1.468594909E0,1.275972724E0,9.808777809E0
2.590577097E2,1.537388563E0,1.271785259E0,9.733404160E0
2.590778217E2,1.497906923E0,1.238285661E0,9.821340561E0
2.590979338E2,1.380658627E0,1.212562919E0,9.816555023E0
2.591180458E2,1.298704505E0,1.220937729E0,9.777671814E0
2.591381578E2,1.278963685E0,1.239482164E0,9.722038269E0
2.591582699E2,1.286740422E0,1.202393413E0,9.682557106E0
2.591783819E2,1.325623751E0,1.166501045E0,9.731011391E0
2.591984939E2,1.368096352E0,1.176670551E0,9.838089943E0
2.592186060E2,1.394417405E0,1.225125194E0,9.884750366E0
2.592387180E2,1.393221021E0,1.254437327E0,9.840482712E0
2.592588300E2,1.395613790E0,1.235892892E0,9.745966911E0
2.592789421E2,1.388435364E0,1.216152072E0,9.762716293E0
2.592990541E2,1.319641709E0,1.256830096E0,9.756733894E0
2.593191661E2,1.377667665E0,1.279561877E0,9.684351921E0
2.593392782E2,1.463809252E0,1.259222865E0,9.707083702E0
2.593593902E2,1.453639746E0,1.258026481E0,9.786644936E0
2.593795022E2,1.407577872E0,1.252044439E0,9.818947792E0
2.593996142E2,1.402194023E0,1.256231904E0,9.786046028E0
2.594197262E2,1.363908887E0,1.246660590E0,9.731609344E0
2.594398383E2,1.365703583E0,1.213161111E0,9.698708534E0
2.594599503E2,1.349551916E0,1.213161111E0,9.751350403E0
2.594800623E2,1.351944804E0,1.222732425E0,9.778867722E0
2.595001743E2,1.342373490E0,1.237089276E0,9.785448074E0
2.595202864E2,1.377667665E0,1.228714466E0,9.802198410E0
2.595403984E2,1.413560033E0,1.217946768E0,9.798010826E0
2.595605104E2,1.390229940E0,1.225125194E0,9.834501266E0
2.595806225E2,1.348355532E0,1.228714466E0,9.821938515E0
2.596007345E2,1.331007600E0,1.239482164E0,9.753145218E0
2.596208465E2,1.363310695E0,1.245464206E0,9.656833649E0
2.596409586E2,1.374676585E0,1.235294700E0,9.678369522E0
2.596610706E2,1.376471281E0,1.231107235E0,9.785448074E0
2.596811826E2,1.378864050E0,1.223330617E0,9.844072342E0
2.597012947E2,1.407577872E0,1.220339537E0,9.852447510E0
2.597214067E2,1.399801254E0,1.229312658E0,9.847063065E0
2.597415187E2,1.390229940E0,1.226321578E0,9.753743172E0
2.597616308E2,1.375274777E0,1.249053478E0,9.697511673E0
2.597817428E2,1.410568953E0,1.238883972E0,9.742377281E0
2.598018548E2,1.426720500E0,1.235294700E0,9.800403595E0
2.598219668E2,1.392024517E0,1.241276741E0,9.795618057E0
2.598420789E2,1.391426325E0,1.240678549E0,9.775279045E0
2.598621909E2,1.378864050E0,1.242473125E0,9.742377281E0
2.598823029E2,1.408774376E0,1.195214868E0,9.735796928E0
2.599024150E2,1.400997639E0,1.229312658E0,9.853643417E0
2.599225270E2,1.407577872E0,1.265803218E0,9.860821724E0
2.599426390E2,1.449452281E0,1.260419369E0,9.740582466E0
2.599627511E2,1.459023595E0,1.231107235E0,9.733404160E0
2.599828631E2,1.374078393E0,1.224527001E0,9.799206734E0
2.600029751E2,1.296909928E0,1.211964726E0,9.778269768E0
2.600230872E2,1.287936807E0,1.220937729E0,9.693922997E0
2.600431992E2,1.328614831E0,1.218544960E0,9.650852203E0
2.600633112E2,1.372283816E0,1.205384374E0,9.732806206E0
2.600834233E2,1.445264935E0,1.202991605E0,9.826724052E0
2.601035352E2,1.460818172E0,1.236491084E0,9.863813400E0
2.601236473E2,1.443470240E0,1.242473125E0,9.844072342E0
2.601437593E2,1.435693622E0,1.232303619E0,9.784850121E0
2.601638713E2,1.382453322E0,1.222732425E0,9.741779327E0
2.601839834E2,1.325623751E0,1.247856975E0,9.711869240E0
2.602040954E2,1.364507079E0,1.243071318E0,9.703494072E0
2.602242074E2,1.467398524E0,1.234696507E0,9.763314247E0
2.602443195E2,1.482951880E0,1.253240824E0,9.831509590E0
2.602644315E2,1.433300734E0,1.238285661E0,9.811170578E0
2.602845435E2,1.380060434E0,1.237687469E0,9.749555588E0
2.603046555E2,1.363908887E0,1.224527001E0,9.723833084E0
2.603247676E2,1.357926846E0,1.207777262E0,9.741181374E0
2.603448796E2,1.378864050E0,1.204187989E0,9.774082184E0
2.603649916E2,1.411765337E0,1.208973646E0,9.765109062E0
2.603851037E2,1.387238979E0,1.222134113E0,9.778867722E0
2.604052157E2,1.391426325E0,1.229312658E0,9.774680138E0
2.604253277E2,1.424925923E0,1.242473125E0,9.795019150E0
2.604454398E2,1.422533035E0,1.235294700E0,9.789635658E0
2.604655518E2,1.445863128E0,1.229312658E0,9.790832520E0
2.604856638E2,1.446461320E0,1.259821177E0,9.756733894E0
2.605057759E2,1.425524116E0,1.249053478E0,9.732208252E0
2.605258879E2,1.399801254E0,1.251446247E0,9.710672379E0
2.605459999E2,1.408774376E0,1.231107235E0,9.704689980E0
2.605661120E2,1.413560033E0,1.220339537E0,9.765707016E0
2.605862240E2,1.419542074E0,1.209571838E0,9.829715729E0
2.606063360E2,1.374078393E0,1.207777262E0,9.805189133E0
2.606264480E2,1.347159147E0,1.213161111E0,9.782457352E0
2.606465601E2,1.373480201E0,1.229312658E0,9.746564865E0
2.606666721E2,1.408774376E0,1.223928809E0,9.701101303E0
2.606867841E2,1.389033556E0,1.210170031E0,9.728020668E0
2.607068962E2,1.378265858E0,1.205982566E0,9.766903877E0
2.607270082E2,1.390828133E0,1.254437327E0,9.758528709E0
2.607471202E2,1.415354609E0,1.265803218E0,9.734002113E0
2.607672323E2,1.448255897E0,1.234696507E0,9.765707016E0
2.607873443E2,1.436291814E0,1.208375454E0,9.833304405E0
2.608074563E2,1.362712502E0,1.200000525E0,9.829715729E0
2.608275683E2,1.293918848E0,1.222732425E0,9.772886276E0
2.608476803E2,1.349551916E0,1.241276741E0,9.691530228E0
2.608677924E2,1.430907965E0,1.224527001E0,9.676574707E0
2.608879044E2,1.438684583E0,1.189831018E0,9.769894600E0
2.609080164E2,1.456032634E0,1.196411371E0,9.860821724E0
2.609281285E2,1.482353687E0,1.244866014E0,9.845269203E0
2.609482405E2,1.454237938E0,1.255035520E0,9.762118340E0
2.609683525E2,1.359123230E0,1.246660590E0,9.731609344E0
2.609884646E2,1.291526079E0,1.256830096E0,9.717252731E0
2.610085766E2,1.299900889E0,1.241874933E0,9.660423279E0
2.610286886E2,1.360917926E0,1.229910851E0,9.686744690E0
2.610488007E2,1.405185103E0,1.218544960E0,9.787840843E0
2.610689127E2,1.399203062E0,1.209571838E0,9.881759644E0
2.610890247E2,1.367498159E0,1.222134113E0,9.886545181E0
2.611091367E2,1.355534077E0,1.220937729E0,9.793225288E0
2.611292488E2,1.365105271E0,1.212562919E0,9.744770050E0
2.611493608E2,1.357926846E0,1.202991605E0,9.725627899E0
2.611694728E2,1.355534077E0,1.200598717E0,9.734002113E0
2.611895849E2,1.396211982E0,1.220937729E0,9.765707016E0
2.612096969E2,1.409372568E0,1.241874933E0,9.753145218E0
2.612298089E2,1.418345571E0,1.245464206E0,9.770493507E0
2.612499210E2,1.444666624E0,1.237687469E0,9.780662537E0
2.612700330E2,1.470389485E0,1.237089276E0,9.757930756E0
2.612901450E2,1.503889084E0,1.222732425E0,9.767501831E0
2.613102571E2,1.490130305E0,1.226321578E0,9.800403595E0
2.613303691E2,1.417149186E0,1.234098315E0,9.856036186E0
2.613504811E2,1.390229940E0,1.223330617E0,9.819545746E0
2.613705932E2,1.351944804E0,1.222732425E0,9.762118340E0
2.613907052E2,1.327418327E0,1.197009563E0,9.793225288E0
2.614108172E2,1.341177106E0,1.189831018E0,9.805189133E0
2.614309292E2,1.338186026E0,1.198205948E0,9.757930756E0
2.614510413E2,1.317847013E0,1.205384374E0,9.771689415E0
2.614711533E2,1.323829174E0,1.204187989E0,9.775876999E0
2.614912653E2,1.355534077E0,1.233500123E0,9.769894600E0
2.615113774E2,1.416550994E0,1.266999602E0,9.768698692E0
2.615314894E2,1.548156261E0,1.258624673E0,9.777072906E0
2.615516014E2,1.554138303E0,1.264606714E0,9.793225288E0
2.615717135E2,1.432702541E0,1.277767301E0,9.801001549E0
2.615918255E2,1.320239902E0,1.271785259E0,9.721440315E0
2.616119375E2,1.311864972E0,1.260419369E0,9.619745255E0
2.616320495E2,1.331605792E0,1.223928809E0,9.594620705E0
2.616521615E2,1.396810174E0,1.198804140E0,9.726225853E0
2.616722736E2,1.376471281E0,1.194616675E0,9.905687332E0
2.616923856E2,1.356132269E0,1.198804140E0,9.960124016E0
2.617124976E2,1.367498159E0,1.204187989E0,9.872187614E0
2.617326097E2,1.363310695E0,1.208973646E0,9.766305923E0
2.617527217E2,1.323230863E0,1.210170031E0,9.745368004E0
2.617728337E2,1.320239902E0,1.237687469E0,9.720243454E0
2.617929458E2,1.393819213E0,1.253839016E0,9.696913719E0
2.618130578E2,1.450648785E0,1.264606714E0,9.737591743E0
2.618331698E2,1.449452281E0,1.269392371E0,9.792626381E0
2.618532818E2,1.481755376E0,1.254437327E0,9.801599503E0
2.618733939E2,1.448255897E0,1.269990563E0,9.740582466E0
2.618935059E2,1.372882009E0,1.258026481E0,9.704092026E0
2.619136179E2,1.409372568E0,1.211964726E0,9.753145218E0
2.619337300E2,1.386640668E0,1.214955688E0,9.789635658E0
2.619538420E2,1.348953724E0,1.214357495E0,9.784252167E0
2.619739540E2,1.349551916E0,1.217348576E0,9.789635658E0
2.619940661E2,1.366899967E0,1.216750264E0,9.811769485E0
2.620141781E2,1.356730461E0,1.226321578E0,9.773484230E0
2.620342901E2,1.362712502E0,1.225723386E0,9.762716293E0
2.620544022E2,1.400399446E0,1.223928809E0,9.801599503E0
2.620745142E2,1.427916884E0,1.244267821E0,9.784252167E0
2.620946262E2,1.399203062E0,1.251446247E0,9.738788605E0
2.621147383E2,1.390828133E0,1.260419369E0,9.731011391E0
2.621348503E2,1.418943882E0,1.257428288E0,9.736394882E0
2.621549623E2,1.394417405E0,1.256231904E0,9.728020668E0
2.621750743E2,1.390229940E0,1.231705427E0,9.746564865E0
2.621951864E2,1.402194023E0,1.223330617E0,9.818947792E0
2.622152984E2,1.379462242E0,1.222134113E0,9.817750931E0
2.622354104E2,1.351346612E0,1.228116274E0,9.799206734E0
2.622555225E2,1.387837172E0,1.244267821E0,9.781859398E0
2.622756345E2,1.387238979E0,1.235892892E0,9.741779327E0
2.622957465E2,1.351346612E0,1.222732425E0,9.732806206E0
2.623158586E2,1.382453322E0,1.245464206E0,9.789635658E0
2.623359706E2,1.436890006E0,1.269990563E0,9.794421196E0
2.623560826E2,1.471585870E0,1.266401410E0,9.778269768E0
2.623761946E2,1.441675663E0,1.243669510E0,9.797411919E0
2.623963066E2,1.359123230E0,1.243071318E0,9.783055305E0
2.624164187E2,1.320239902E0,1.250249863E0,9.693324089E0
2.624365307E2,1.329811215E0,1.268794179E0,9.600603104E0
2.624566427E2,1.355534077E0,1.225125194E0,9.634700775E0
2.624767548E2,1.383649707E0,1.193420291E0,9.797411919E0
2.624968668E2,1.447059512E0,1.197009563E0,9.936794281E0
2.625169788E2,1.450050473E0,1.234696507E0,9.954740524E0
2.625370909E2,1.385444283E0,1.244267821E0,9.856036186E0
2.625572029E2,1.380658627E0,1.221535921E0,9.738189697E0
2.625773149E2,1.341775298E0,1.226919770E0,9.706484795E0
2.625974270E2,1.331605792E0,1.262812138E0,9.687342644E0
2.626175390E2,1.398006678E0,1.272383451E0,9.659825325E0
2.626376510E2,1.460219979E0,1.257428288E0,9.739386559E0
2.626577630E2,1.471585870E0,1.250848055E0,9.844670296E0
2.626778751E2,1.465005636E0,1.243071318E0,9.859625816E0
2.626979871E2,1.409372568E0,1.272981644E0,9.763913155E0
2.627180991E2,1.346560955E0,1.246660590E0,9.710074425E0
2.627382112E2,1.311864972E0,1.210170031E0,9.703494072E0
2.627583232E2,1.355534077E0,1.193420291E0,9.741779327E0
2.627784352E2,1.392622828E0,1.216152072E0,9.802796364E0
2.627985473E2,1.369292736E0,1.240080357E0,9.837491989E0
2.628186593E2,1.379462242E0,1.240678549E0,9.816555023E0
2.628387713E2,1.395015597E0,1.230509043E0,9.780662537E0
2.628588834E2,1.388435364E0,1.246062398E0,9.775279045E0
2.628789954E2,1.393819213E0,1.249053478E0,9.756733894E0
2.628991074E2,1.429113269E0,1.262213945E0,9.711270332E0
2.629192195E2,1.436291814E0,1.263410330E0,9.702896118E0
2.629393315E2,1.403988719E0,1.255633712E0,9.765707016E0
2.629594435E2,1.372882009E0,1.237089276E0,9.812965393E0
2.629795555E2,1.391426325E0,1.232901812E0,9.792626381E0
2.629996671E2,1.381855130E0,1.235892892E0,9.758528709E0
2.630197791E2,1.377667665E0,1.229910851E0,9.753145218E0
2.630398911E2,1.369292736E0,1.236491084E0,9.754940033E0
2.630600032E2,1.357328653E0,1.244267821E0,9.760921478E0
2.630801152E2,1.368096352E0,1.246062398E0,9.758528709E0
2.631002272E2,1.380658627E0,1.240080357E0,9.798010826E0
2.631203393E2,1.572084427E0,1.265205026E0,9.790832520E0
2.631404513E2,1.609771490E0,1.290329576E0,9.753145218E0
2.631605633E2,1.432702541E0,1.228714466E0,9.774680138E0
2.631806753E2,1.322632670E0,1.205384374E0,9.824331284E0
2.632007874E2,1.311864972E0,1.246062398E0,9.799804688E0
2.632208994E2,1.349551916E0,1.240080357E0,9.711270332E0
2.632410114E2,1.372283816E0,1.187438250E0,9.746564865E0
2.632611235E2,1.283151150E0,1.179063320E0,9.841081619E0
2.632812355E2,1.200598717E0,1.189831018E0,9.803992271E0
2.633013475E2,1.234696507E0,1.220339537E0,9.680762291E0
2.633214595E2,1.331605792E0,1.230509043E0,9.665806770E0
2.633415716E2,1.396810174E0,1.208973646E0,9.775279045E0
2.633616836E2,1.438684583E0,1.227517962E0,9.860821724E0
2.633817956E2,1.506281853E0,1.278365493E0,9.852447510E0
2.634019077E2,1.515853167E0,1.303490162E0,9.795019150E0
2.634220197E2,1.465005636E0,1.285543919E0,9.715457916E0
2.634421317E2,1.393819213E0,1.251446247E0,9.689735413E0
2.634622438E2,1.326221943E0,1.268794179E0,9.669994354E0
2.634823558E2,1.371087432E0,1.266999602E0,9.671789169E0
2.635024678E2,1.433898926E0,1.234696507E0,9.780662537E0
2.635225798E2,1.384846091E0,1.213759303E0,9.895518303E0
2.635426919E2,1.362712502E0,1.208973646E0,9.897313118E0
2.635628039E2,1.354935765E0,1.222732425E0,9.819545746E0
2.635829159E2,1.336391449E0,1.228116274E0,9.726225853E0
2.636030280E2,1.333998680E0,1.216750264E0,9.680762291E0
2.636231400E2,1.360917926E0,1.226321578E0,9.704689980E0
2.636432520E2,1.418943882E0,1.232901812E0,9.781260490E0
2.636633641E2,1.457229018E0,1.247258782E0,9.833903313E0
2.636834761E2,1.432702541E0,1.271785259E0,9.822537422E0
2.637035881E2,1.435693622E0,1.259821177E0,9.768698692E0
2.637237002E2,1.462014675E0,1.240080357E0,9.758528709E0
2.637438122E2,1.442273855E0,1.246660590E0,9.772287369E0
2.637639242E2,1.417149186E0,1.243071318E0,9.768099785E0
2.637840363E2,1.365703583E0,1.247856975E0,9.733404160E0
2.638041483E2,1.374676585E0,1.244267821E0,9.716055870E0
2.638242603E2,1.390828133E0,1.240080357E0,9.745966911E0
2.638443723E2,1.409372568E0,1.218544960E0,9.771689415E0
2.638644844E2,1.381256819E0,1.205982566E0,9.817750931E0
2.638845964E2,1.363310695E0,1.228116274E0,9.857233047E0
2.639047084E2,1.395015597E0,1.231705427E0,9.759725571E0
2.639248205E2,1.438086390E0,1.224527001E0,9.713065147E0
2.639449325E2,1.399801254E0,1.226919770E0,9.816555023E0
2.639650445E2,1.377069473E0,1.238285661E0,9.847661972E0
2.639851566E2,1.420738459E0,1.235294700E0,9.805787086E0
2.640052686E2,1.447657704E0,1.239482164E0,9.798608780E0
2.640253806E2,1.440479279E0,1.253240824E0,9.771091461E0
2.640454927E2,1.434497118E0,1.247856975E0,9.724431038E0
2.640656047E2,1.424327731E0,1.224527001E0,9.759725571E0
2.640857167E2,1.414158225E0,1.280160069E0,9.783653259E0
2.641058288E2,1.474576950E0,1.290329576E0,9.701699257E0
2.641259408E2,1.518245935E0,1.271785259E0,9.702297211E0
2.641460528E2,1.457827210E0,1.241874933E0,9.780662537E0
2.641661648E2,1.332802176E0,1.243071318E0,9.809376717E0
2.641862769E2,1.255035520E0,1.222134113E0,9.768698692E0
2.642063889E2,1.275972724E0,1.219741344E0,9.681958199E0
2.642265009E2,1.367498159E0,1.212562919E0,9.687342644E0
2.642466130E2,1.422533035E0,1.209571838E0,9.751350403E0
2.642667250E2,1.439282775E0,1.222134113E0,9.822537422E0
2.642868370E2,1.454836130E0,1.237687469E0,9.827920914E0
2.643069491E2,1.433300734E0,1.237089276E0,9.790233612E0
2.643270611E2,1.364507079E0,1.230509043E0,9.774082184E0
2.643471731E2,1.348953724E0,1.255633712E0,9.765707016E0
2.643672852E2,1.408774376E0,1.270588875E0,9.683155060E0
2.643873972E2,1.451246977E0,1.272383451E0,9.689137459E0
2.644075092E2,1.477568030E0,1.257428288E0,9.779465675E0
2.644276212E2,1.459621787E0,1.250249863E0,9.839286804E0
2.644477333E2,1.430907965E0,1.225723386E0,9.809376717E0
2.644678453E2,1.378265858E0,1.231705427E0,9.746564865E0
2.644879573E2,1.366301775E0,1.219741344E0,9.719047546E0
2.645080694E2,1.354935765E0,1.236491084E0,9.658030510E0
2.645281814E2,1.348953724E0,1.209571838E0,9.681360245E0
2.645482934E2,1.349551916E0,1.220937729E0,9.760921478E0
2.645684054E2,1.355534077E0,1.222134113E0,9.786644936E0
2.645885175E2,1.348953724E0,1.231107235E0,9.790832520E0
2.646086295E2,1.407577872E0,1.224527001E0,9.828518867E0
2.646287415E2,1.430309772E0,1.247856975E0,9.824930191E0
2.646488535E2,1.423729420E0,1.258624673E0,9.782457352E0
2.646689656E2,1.430907965E0,1.269392371E0,9.736394882E0
2.646890776E2,1.456630826E0,1.249651670E0,9.715457916E0
2.647091896E2,1.435095429E0,1.241874933E0,9.750154495E0
2.647293017E2,1.400399446E0,1.226919770E0,9.772886276E0
2.647494137E2,1.399801254E0,1.228116274E0,9.756733894E0
2.647695257E2,1.383051515E0,1.227517962E0,9.747162819E0
2.647896378E2,1.359721422E0,1.213759303E0,9.726225853E0
2.648097498E2,1.355534077E0,1.218544960E0,9.748957634E0
2.648298618E2,1.370489120E0,1.194018483E0,9.832706451E0
2.648499739E2,1.377069473E0,1.207777262E0,9.873982430E0
2.648700859E2,1.411765337E0,1.253839016E0,9.829116821E0
2.648901979E2,1.442872047E0,1.281954765E0,9.719047546E0
2.649103100E2,1.473380566E0,1.240080357E0,9.748957634E0
2.649304220E2,1.453041553E0,1.227517962E0,9.801001549E0
2.649505340E2,1.395015597E0,1.228116274E0,9.779465675E0
2.649706460E2,1.328614831E0,1.229910851E0,9.707681656E0
2.649907581E2,1.324427366E0,1.231705427E0,9.671789169E0
2.650108701E2,1.387837172E0,1.213759303E0,9.706484795E0
2.650309821E2,1.409970760E0,1.206580877E0,9.783055305E0
2.650510942E2,1.410568953E0,1.214955688E0,9.826126099E0
2.650712062E2,1.432104349E0,1.233500123E0,9.844670296E0
2.650913182E2,1.433898926E0,1.227517962E0,9.809376717E0
2.651114303E2,1.358525038E0,1.210768223E0,9.790233612E0
2.651315423E2,1.319043517E0,1.250249863E0,9.754940033E0
2.651516543E2,1.383649707E0,1.245464206E0,9.693324089E0
2.651717664E2,1.447657704E0,1.232901812E0,9.729815483E0
2.651918784E2,1.459023595E0,1.228714466E0,9.798608780E0
2.652119904E2,1.436291814E0,1.231705427E0,9.854840279E0
2.652321025E2,1.405783296E0,1.235892892E0,9.824331284E0
2.652522145E2,1.381256819E0,1.229910851E0,9.729815483E0
2.652723265E2,1.352542996E0,1.225723386E0,9.689735413E0
2.652924385E2,1.348953724E0,1.225125194E0,9.720842361E0
2.653125506E2,1.383051515E0,1.217348576E0,9.783653259E0
2.653326626E2,1.389631748E0,1.217946768E0,9.795618057E0
2.653527746E2,1.406381488E0,1.230509043E0,9.789037704E0
2.653728867E2,1.415952802E0,1.222134113E0,9.802198410E0
2.653929987E2,1.416550994E0,1.213161111E0,9.820742607E0
2.654131107E2,1.399203062E0,1.226321578E0,9.878767967E0
2.654332228E2,1.384247899E0,1.239482164E0,9.803394318E0
2.654533348E2,1.389033556E0,1.255035520E0,9.682557106E0
2.654734468E2,1.390828133E0,1.271187067E0,9.621540070E0
2.654935589E2,1.406381488E0,1.248455167E0,9.662218094E0
2.655136709E2,1.396810174E0,1.240080357E0,9.747760773E0
2.655337829E2,1.380658627E0,1.243071318E0,9.799206734E0
2.655538950E2,1.381855130E0,1.235294700E0,9.811170578E0
2.655740070E2,1.361516118E0,1.225125194E0,9.799206734E0
2.655941190E2,1.339980721E0,1.216152072E0,9.801599503E0
2.656142310E2,1.353739381E0,1.233500123E0,9.765109062E0
2.656343431E2,1.414756417E0,1.231107235E0,9.732806206E0
2.656544551E2,1.427916884E0,1.204187989E0,9.778269768E0
2.656745671E2,1.375872970E0,1.215553880E0,9.828518867E0
2.656946792E2,1.393819213E0,1.257428288E0,9.836894035E0
2.657147912E2,1.450648785E0,1.287338614E0,9.765707016E0
2.657349032E2,1.510469317E0,1.253839016E0,9.728020668E0
2.657550153E2,1.452443361E0,1.246660590E0,9.753743172E0
2.657751273E2,1.359721422E0,1.247856975E0,9.768099785E0
2.657952393E2,1.319043517E0,1.238285661E0,9.701101303E0
2.658153514E2,1.313061476E0,1.238285661E0,9.643074989E0
2.658354634E2,1.339382529E0,1.210170031E0,9.725627899E0
2.658555754E2,1.368096352E0,1.190429211E0,9.849455833E0
2.658756875E2,1.411765337E0,1.198205948E0,9.914062500E0
2.658957995E2,1.416550994E0,1.248455167E0,9.884152412E0
2.659159115E2,1.398006678E0,1.255035520E0,9.786046028E0
2.659360235E2,1.361516118E0,1.238285661E0,9.707083702E0
2.659561356E2,1.329811215E0,1.243669510E0,9.665806770E0
2.659762476E2,1.366899967E0,1.268794179E0,9.644271851E0
2.659963596E2,1.419542074E0,1.264606714E0,9.699306488E0
2.660164717E2,1.472184181E0,1.234696507E0,9.823733330E0
2.660365837E2,1.466202021E0,1.225723386E0,9.908679008E0
2.660566957E2,1.425524116E0,1.226321578E0,9.870991707E0
2.660768078E2,1.379462242E0,1.232303619E0,9.795019150E0
2.660969198E2,1.309472203E0,1.229910851E0,9.696913719E0
2.661170318E2,1.344168067E0,1.194018483E0,9.701699257E0
2.661371439E2,1.347757339E0,1.215553880E0,9.760323524E0
2.661572559E2,1.381256819E0,1.222134113E0,9.782457352E0
2.661773679E2,1.394417405E0,1.243669510E0,9.781859398E0
2.661974800E2,1.357328653E0,1.252044439E0,9.764511108E0
2.662175920E2,1.424327731E0,1.223330617E0,9.782457352E0
2.662377040E2,1.450050473E0,1.229910851E0,9.779465675E0
2.662578160E2,1.421336651E0,1.236491084E0,9.780064583E0
2.662779281E2,1.405185103E0,1.250249863E0,9.793225288E0
2.662980401E2,1.371685624E0,1.252044439E0,9.722636223E0
2.663181521E2,1.374676585E0,1.243669510E0,9.696315765E0
2.663382642E2,1.374078393E0,1.230509043E0,9.720243454E0
2.663583762E2,1.374676585E0,1.212562919E0,9.748957634E0
2.663784882E2,1.379462242E0,1.210768223E0,9.799804688E0
2.663986003E2,1.381855130E0,1.214357495E0,9.857233047E0
2.664187123E2,1.379462242E0,1.218544960E0,9.857831001E0
2.664388243E2,1.393819213E0,1.220339537E0,9.781260490E0
2.664589364E2,1.426720500E0,1.235892892E0,9.697511673E0
2.664790484E2,1.385444283E0,1.229910851E0,9.718449593E0
2.664991604E2,1.382453322E0,1.227517962E0,9.819545746E0
2.665192725E2,1.467398524E0,1.263410330E0,9.841081619E0
2.665393845E2,1.512263894E0,1.272383451E0,9.791430473E0
2.665594965E2,1.480558991E0,1.231107235E0,9.796216011E0
2.665796085E2,1.359123230E0,1.188036442E0,9.786644936E0
2.665997206E2,1.332802176E0,1.202991605E0,9.653244972E0
2.666198326E2,1.262812138E0,1.323829174E0,9.854242325E0
2.666399446E2,1.199402332E0,1.193420291E0,9.747162819E0
2.666600567E2,1.251446247E0,1.204786181E0,9.718449593E0
2.666801687E2,1.409372568E0,1.188634634E0,9.748359680E0
2.667002807E2,1.392622828E0,1.262812138E0,9.740582466E0
2.667203928E2,1.379462242E0,1.250249863E0,9.683753014E0
2.667405048E2,1.322034478E0,1.261615753E0,9.642477036E0
2.667606168E2,1.179661512E0,1.275972724E0,9.839884758E0
2.667807289E2,1.293918848E0,1.161117196E0,9.786644936E0
2.668008409E2,1.178465128E0,1.269990563E0,9.846465111E0
2.668209529E2,1.255633712E0,1.220937729E0,9.820742607E0
2.668410650E2,1.231107235E0,1.167697430E0,9.830313683E0
2.668611770E2,1.109073281E0,1.168295622E0,9.876375198E0
2.668812890E2,1.018146038E0,1.112064362E0,9.841081619E0
2.669014010E2,9.302098155E-1,1.103689432E0,9.726225853E0
2.669215131E2,1.056431174E0,1.142572761E0,9.650253296E0
2.669416251E2,1.159322619E0,1.177268744E0,9.644271851E0
2.669617371E2,1.256830096E0,1.211964726E0,9.763913155E0
2.669818492E2,1.298106313E0,1.241874933E0,9.830911636E0
2.670019612E2,1.321436286E0,1.221535921E0,9.859625816E0
2.670220732E2,1.545763373E0,1.249651670E0,9.950552940E0
2.670421853E2,1.759921074E0,1.304686546E0,9.908679008E0
2.670622973E2,1.995015860E0,1.345364571E0,9.857233047E0
2.670824093E2,2.196611166E0,1.457229018E0,1.036510944E1
2.671025214E2,2.242672920E0,1.602592945E0,1.195394325E1
2.671226334E2,2.048854351E0,1.552941918E0,1.265922832E1
2.671427454E2,2.028515339E0,1.618744493E0,1.139222908E1
2.671628575E2,2.373081923E0,1.450050473E0,9.640084267E0
2.671829695E2,2.764906645E0,1.473978758E0,8.073383331E0
2.672030815E2,2.673979282E0,1.952543259E0,7.267002583E0
2.672231935E2,2.358724833E0,2.415554523E0,7.081558704E0
2.672433056E2,2.082952023E0,2.597409010E0,7.357331276E0
2.672634176E2,2.111067772E0,2.615953445E0,7.665407181E0
2.672835296E2,2.397010088E0,2.557329178E0,7.904091358E0
2.673036417E2,3.110669374E0,2.497508526E0,8.462815285E0
2.673237537E2,3.789632797E0,2.572284460E0,8.883952141E0
2.673438657E2,4.068994999E0,2.711666346E0,9.367900848E0
2.673639778E2,3.919443607E0,2.635095835E0,9.636494637E0
2.673840898E2,3.625724554E0,2.432902336E0,9.373882294E0
2.674042018E2,3.572484255E0,2.376072884E0,9.074779510E0
2.674243139E2,3.384049416E0,2.381456852E0,9.046066284E0
2.674444259E2,3.571886063E0,2.321636200E0,9.304491043E0
2.674645379E2,3.330809116E0,2.222334146E0,9.508479118E0
2.674846500E2,2.456232548E0,2.176870346E0,9.449854851E0
2.675047620E2,2.628515720E0,2.330011129E0,9.305088997E0
2.675248740E2,3.485744476E0,2.222334146E0,8.931210518E0
2.675449860E2,3.531806231E0,2.514856577E0,8.964112282E0
2.675650981E2,3.530609846E0,2.567498684E0,9.214161873E0
2.675852101E2,3.600599766E0,2.305484533E0,9.037691116E0
2.676053221E2,3.773481369E0,2.183450699E0,8.330612183E0
2.676254342E2,3.984647989E0,2.380858421E0,7.890930653E0
2.676455462E2,4.685744762E0,2.363510609E0,7.645666599E0
2.676656582E2,5.295914650E0,2.291127682E0,7.306483746E0
2.676857703E2,5.678168297E0,2.227717876E0,7.062416077E0
2.677058823E2,6.056832314E0,2.133799553E0,7.086942673E0
2.677259943E2,5.901896954E0,1.907079697E0,7.197610378E0
2.677461064E2,5.562116146E0,1.488335729E0,7.292127132E0
2.677662184E2,5.298905849E0,1.275374413E0,7.665407181E0
2.677863304E2,4.796412945E0,1.778465390E0,1.002114105E1
2.678064425E2,4.819743156E0,2.809772015E0,1.111226845E1
2.678265545E2,4.991427898E0,1.863410592E0,1.003489971E1
2.678466665E2,5.175076962E0,1.375872970E0,8.927022934E0
2.678667785E2,5.638686657E0,1.451246977E0,8.355138779E0
2.678868906E2,5.374877930E0,1.710269928E0,8.082955360E0
2.679070026E2,5.268397331E0,1.557129383E0,7.632505894E0
2.679271146E2,6.233303070E0,8.410771489E-1,6.985247612E0
2.679472267E2,6.398407936E0,7.806583643E-1,7.280761242E0
2.679673387E2,5.894120216E0,9.906286001E-1,7.794619560E0
2.679874507E2,5.510670662E0,8.015955687E-1,7.852645874E0
2.680075628E2,4.823332310E0,4.486542344E-1,9.382257462E0
2.680276748E2,5.462814331E0,1.764706671E-1,8.222934723E0
2.680477868E2,5.456831932E0,5.497509837E-1,8.060821533E0
2.680678989E2,5.635097504E0,6.191428304E-1,7.812565804E0
2.680880109E2,4.767699242E0,7.818548083E-1,7.869993687E0
2.681081229E2,4.528416634E0,8.662018180E-1,7.737790108E0
2.681282350E2,4.131806374E0,5.964110494E-1,7.283154011E0
2.681483470E2,3.380460262E0,2.632104978E-2,7.498507977E0
2.681684591E2,3.592823267E0,-5.665007830E-1,8.734400749E0
2.681885710E2,4.331008911E0,-9.756734371E-1,1.195932770E1
2.682086831E2,4.600799561E0,-5.425725579E-1,1.330947781E1
2.682287952E2,5.748756409E0,-3.320041299E-1,9.936196327E0
2.682489072E2,6.140581131E0,9.128618240E-1,9.592227936E0
2.682690192E2,5.810969830E0,2.809772015E0,1.164526939E1
2.682891313E2,2.702693224E0,2.999403238E0,9.193224907E0
2.683092432E2,2.282154560E0,2.731407166E0,7.111468792E0
2.683293553E2,2.860021353E0,2.871387243E0,7.604988575E0
2.683494673E2,2.438884497E0,3.806980848E0,8.106883049E0
2.683695794E2,3.051447153E0,3.765704632E0,8.038687706E0
2.683896914E2,4.432105541E0,3.434298754E0,8.568697929E0
2.684098034E2,4.948357105E0,4.018147469E0,9.853643417E0
2.684299155E2,5.173880577E0,4.395017147E0,9.345169067E0
2.684500275E2,4.284946918E0,4.585246563E0,8.252845764E0
2.684701395E2,3.622135162E0,4.613960266E0,7.343572617E0
2.684902516E2,3.555734396E0,4.536193371E0,7.272984505E0
2.685103636E2,1.869392633E0,3.884747505E0,8.030911446E0
2.685304756E2,-8.673982322E-2,3.223730326E0,7.731808186E0
2.685505877E2,-1.192223907E0,3.805186272E0,7.877171993E0
2.685706997E2,-2.691925526E0,1.370489120E0,5.894718647E0
2.685908117E2,-4.314857483E0,1.157527924E0,4.417748928E0
2.686109238E2,2.021935135E-1,2.482553482E0,8.694320679E0
2.686310358E2,8.117650747E-1,2.407777786E0,1.329153156E1
2.686511478E2,-1.916052699E0,2.672782898E0,1.351884937E1
2.686712598E2,-2.825325251E0,2.274976015E0,1.291526031E1
2.686913719E2,-2.802593470E0,1.746162295E0,1.231825066E1
2.687114839E2,-2.735594511E0,2.265404940E0,1.238525009E1
2.687315959E2,-2.319243431E0,2.838485956E0,1.145444202E1
2.687517080E2,-2.272583246E0,3.068196774E0,9.814162254E0
2.687718200E2,-2.679363251E0,3.139981508E0,8.346165657E0
2.687919320E2,-3.702893019E0,3.385245800E0,7.094120979E0
2.688120441E2,-3.978665829E0,4.001397610E0,6.615556240E0
2.688321561E2,-3.576671600E0,4.518247128E0,5.994020939E0
2.688522681E2,-2.705085993E0,4.405784607E0,5.450850010E0
2.688723802E2,-1.823330879E0,4.013361931E0,5.584847927E0
2.688924922E2,-1.592423439E0,3.999603033E0,5.970092297E0
2.689126042E2,-1.965105653E0,4.198207378E0,6.564110756E0
2.689327163E2,-2.158325911E0,3.945166349E0,7.406982422E0
2.689528283E2,-2.207378864E0,3.381656647E0,8.880363464E0
2.689729403E2,-2.399402857E0,2.480160713E0,1.050209904E1
2.689930523E2,-2.676970243E0,1.928016901E0,1.118046379E1
2.690131644E2,-3.589832067E0,1.682154298E0,1.145803165E1
2.690332764E2,-4.011567116E0,1.364507079E0,1.125583744E1
2.690533884E2,-4.168296814E0,1.205384374E0,1.070548820E1
2.690735005E2,-4.107280254E0,1.262812138E0,1.003250694E1
2.690936125E2,-3.863810301E0,1.280758262E0,9.278169632E0
2.691137245E2,-3.833301783E0,1.405783296E0,8.784649849E0
2.691338366E2,-3.905086517E0,1.549950838E0,8.724829674E0
2.691539486E2,-3.854837179E0,1.406381488E0,9.115457535E0
2.691740606E2,-4.054637909E0,1.351346612E0,9.485747337E0
2.691941727E2,-4.266402721E0,1.461416483E0,9.681360245E0
2.692142847E2,-4.295116425E0,1.576870084E0,9.662218094E0
2.692343967E2,-4.216153622E0,1.686939955E0,9.445069313E0
2.692545088E2,-4.121636868E0,1.764706731E0,9.223134995E0
2.692746208E2,-4.018745422E0,1.835294962E0,8.900103569E0
2.692947328E2,-3.943371773E0,1.889133453E0,8.478368759E0
2.693148448E2,-3.917648792E0,1.927418590E0,8.136793137E0
2.693349569E2,-3.907479286E0,1.927418590E0,8.046463966E0
2.693550689E2,-3.954737663E0,1.899901152E0,8.263612747E0
2.693751809E2,-4.030111313E0,1.841875196E0,8.724231720E0
2.693952930E2,-4.141975880E0,1.855035782E0,8.970093727E0
2.694154050E2,-4.285545349E0,1.811964989E0,8.899505615E0
2.694355170E2,-4.438685894E0,1.783849239E0,8.838488579E0
2.694556291E2,-4.543372154E0,1.771885157E0,8.786444664E0
2.694757411E2,-4.628317356E0,1.733001828E0,8.738588333E0
2.694958531E2,-4.674378872E0,1.704886079E0,8.644669533E0
2.695159652E2,-4.686941147E0,1.691127419E0,8.503493309E0
2.695360772E2,-4.700101852E0,1.697109461E0,8.444271088E0
2.695561892E2,-4.691128731E0,1.701296926E0,8.450253487E0
2.695763013E2,-4.674977303E0,1.670788407E0,8.446065903E0
2.695964133E2,-4.699503899E0,1.633101463E0,8.438288689E0
2.696165253E2,-4.682754040E0,1.614557028E0,8.574680328E0
2.696366373E2,-4.631308079E0,1.613360643E0,8.770891190E0
2.696567494E2,-4.611567497E0,1.536192179E0,8.874979019E0
2.696768614E2,-4.695914268E0,1.504487276E0,8.847461700E0
2.696969734E2,-4.778466702E0,1.518245935E0,8.747561455E0
2.697170855E2,-4.804189682E0,1.564906001E0,8.581260681E0
2.697371975E2,-4.783252239E0,1.572682738E0,8.425726891E0
2.697573095E2,-4.731806755E0,1.579262972E0,8.381459236E0
2.697774216E2,-4.674378872E0,1.590030670E0,8.453842163E0
2.697975336E2,-4.648656368E0,1.585245013E0,8.549555779E0
2.698176457E2,-4.618745804E0,1.590030670E0,8.666205406E0
2.698377577E2,-4.586442947E0,1.597209096E0,8.709276199E0
2.698578697E2,-4.597210407E0,1.578664780E0,8.715258598E0
2.698779817E2,-4.659423828E0,1.582852125E0,8.673981667E0
2.698980938E2,-4.753342152E0,1.554138303E0,8.638090134E0
2.699182058E2,-4.783252239E0,1.500299811E0,8.579465866E0
2.699383179E2,-4.790431023E0,1.458425403E0,8.498707771E0
2.699584299E2,-4.794020176E0,1.481755376E0,8.503493309E0
2.699785419E2,-4.812564373E0,1.515853167E0,8.599205971E0
2.699986539E2,-4.797011375E0,1.489532113E0,8.696115494E0
2.700187660E2,-4.777270317E0,1.500898004E0,8.674580574E0
2.700388780E2,-4.767100811E0,1.525424480E0,8.573483467E0
2.700589901E2,-4.717449665E0,1.576870084E0,8.541778564E0
2.700791021E2,-4.658227444E0,1.613360643E0,8.579465866E0
2.700992141E2,-4.650450706E0,1.595414519E0,8.574081421E0
2.701193261E2,-4.723432064E0,1.560120344E0,8.520243645E0
2.701394382E2,-4.794618607E0,1.498505235E0,8.473583221E0
2.701595502E2,-4.853242397E0,1.417747378E0,8.443074226E0
2.701796622E2,-4.928018093E0,1.391426325E0,8.476573944E0
2.701997743E2,-4.960321426E0,1.411167145E0,8.571688652E0
2.702198863E2,-4.932205677E0,1.459023595E0,8.615358353E0
2.702399983E2,-4.889134884E0,1.495514154E0,8.584251404E0
2.702601104E2,-4.829314232E0,1.533799291E0,8.543573380E0
2.702802224E2,-4.770092010E0,1.526620865E0,8.571688652E0
2.703003344E2,-4.769493580E0,1.434497118E0,8.735597610E0
2.703204465E2,-4.875376225E0,1.350748420E0,8.846264839E0
2.703405585E2,-5.064409256E0,1.423729420E0,8.759525299E0
2.703606705E2,-5.196014404E0,1.518245935E0,8.514859200E0
2.703807826E2,-5.164309502E0,1.575673699E0,8.289934158E0
2.704008946E2,-5.036891460E0,1.591227055E0,8.143971443E0
2.704210066E2,-4.928018093E0,1.597209096E0,8.082955360E0
2.704411186E2,-4.928018093E0,1.614557028E0,8.107481003E0
2.704612307E2,-4.993820667E0,1.622333765E0,8.184051514E0
2.704813427E2,-5.069194794E0,1.624128342E0,8.284550667E0
2.705014547E2,-5.103890896E0,1.617548108E0,8.382656097E0
2.705215668E2,-5.083551884E0,1.599601984E0,8.448458672E0
2.705416788E2,-5.050052166E0,1.590030670E0,8.490931511E0
2.705617908E2,-5.018945694E0,1.569093466E0,8.432307243E0
2.705819029E2,-5.043471813E0,1.565504193E0,8.308478355E0
2.706020149E2,-5.093122959E0,1.545165181E0,8.252246857E0
2.706221269E2,-5.169095039E0,1.524826288E0,8.250452042E0
2.706422390E2,-5.239683151E0,1.519442320E0,8.314460754E0
2.706623510E2,-5.210371494E0,1.494317770E0,8.380861282E0
2.706824630E2,-5.135595798E0,1.530808330E0,8.434700012E0
2.707025751E2,-5.051248550E0,1.591825247E0,8.476573944E0
2.707226871E2,-4.983651161E0,1.627119422E0,8.461020470E0
2.707427992E2,-4.975874901E0,1.630110383E0,8.385048866E0
2.707629112E2,-4.996213913E0,1.593619823E0,8.308478355E0
2.707830232E2,-5.020740032E0,1.542174220E0,8.316255569E0
2.708031353E2,-5.082355499E0,1.495514154E0,8.356932640E0
2.708232473E2,-5.195415974E0,1.465603828E0,8.395816803E0
2.708433593E2,-5.275575638E0,1.474576950E0,8.407780647E0
2.708634714E2,-5.248656273E0,1.487737536E0,8.394619942E0
2.708835834E2,-5.176871777E0,1.526620865E0,8.368897438E0
2.709036954E2,-5.094917774E0,1.584048629E0,8.317451477E0
2.709238075E2,-5.023132801E0,1.634896040E0,8.299505234E0
2.709439195E2,-4.987240791E0,1.661815286E0,8.351549149E0
2.709640315E2,-4.960321426E0,1.635494232E0,8.397610664E0
2.709841435E2,-5.000999451E0,1.578664780E0,8.376075745E0
2.710042556E2,-5.096712112E0,1.539183140E0,8.347960472E0
2.710243676E2,-5.159523964E0,1.503290772E0,8.343772888E0
2.710444796E2,-5.148756027E0,1.488933921E0,8.370692253E0
2.710645917E2,-5.142175674E0,1.508076429E0,8.386843681E0
2.710847037E2,-5.118247509E0,1.543370605E0,8.418548584E0
2.711048157E2,-5.081757069E0,1.592423439E0,8.403593063E0
2.711249278E2,-5.052444935E0,1.615155339E0,8.407182693E0
2.711450398E2,-4.974080086E0,1.644467354E0,8.433503151E0
2.711651518E2,-4.905884743E0,1.645663738E0,8.400602341E0
2.711852639E2,-4.953142643E0,1.662413478E0,8.395217896E0
2.712053759E2,-4.990231514E0,1.619940877E0,8.413763046E0
2.712254879E2,-5.034498692E0,1.556531072E0,8.420941353E0
2.712456000E2,-5.109274387E0,1.512862086E0,8.373682976E0
2.712657120E2,-5.151747227E0,1.447657704E0,8.316853523E0
2.712858240E2,-5.179862976E0,1.450648785E0,8.338388443E0
2.713059360E2,-5.167898655E0,1.525424480E0,8.398807526E0
2.713260481E2,-5.096114159E0,1.624128342E0,8.457431793E0
2.713461601E2,-4.989035130E0,1.668395638E0,8.423334122E0
2.713662721E2,-4.886742115E0,1.679163337E0,8.344968796E0
2.713863842E2,-4.844867706E0,1.639083505E0,8.319844246E0
2.714064962E2,-4.934000492E0,1.602592945E0,8.360522270E0
2.714266082E2,-5.100899696E0,1.574477315E0,8.434102058E0
2.714467203E2,-5.181059361E0,1.531406522E0,8.456234932E0
2.714668323E2,-5.182853699E0,1.503889084E0,8.404789925E0
2.714869443E2,-5.139782906E0,1.514058471E0,8.353343964E0
2.715070564E2,-5.077569485E0,1.524826288E0,8.327022552E0
2.715271684E2,-5.050052166E0,1.557129383E0,8.331808090E0
2.715472805E2,-5.003392220E0,1.627119422E0,8.385048866E0
2.715673925E2,-4.942375183E0,1.663609982E0,8.435297966E0
2.715875045E2,-4.917848587E0,1.673181176E0,8.456234932E0
2.716076166E2,-4.948955536E0,1.640279889E0,8.425726891E0
2.716277286E2,-5.018945694E0,1.587637782E0,8.383852005E0
2.716478406E2,-5.057230473E0,1.521835208E0,8.398807526E0
2.716679527E2,-5.085944653E0,1.491326690E0,8.411369324E0
2.716880647E2,-5.097908497E0,1.496710539E0,8.425128937E0
2.717081767E2,-5.085346222E0,1.526022673E0,8.422137260E0
2.717282888E2,-5.069792747E0,1.588235974E0,8.441280365E0
2.717484008E2,-5.021338463E0,1.630110383E0,8.450253487E0
2.717685128E2,-4.944767952E0,1.648056626E0,8.438887596E0
2.717886248E2,-4.872385025E0,1.644467354E0,8.398209572E0
2.718087369E2,-4.853840828E0,1.630708575E0,8.380861282E0
2.718288489E2,-4.904688358E0,1.609173179E0,8.375477791E0
2.718489609E2,-4.970490932E0,1.551147223E0,8.367700577E0
2.718690730E2,-5.076373100E0,1.488933921E0,8.342576027E0
2.718891850E2,-5.181657314E0,1.493719578E0,8.382656097E0
2.719092970E2,-5.209773064E0,1.570888042E0,8.468797684E0
2.719294091E2,-5.098506927E0,1.625324726E0,8.516654015E0
2.719495211E2,-4.987240791E0,1.664806366E0,8.465806961E0
2.719696331E2,-4.923232555E0,1.631905079E0,8.368298531E0
2.719897452E2,-4.919643402E0,1.586441398E0,8.312665939E0
2.720098572E2,-4.954339504E0,1.542174220E0,8.315058708E0
2.720299692E2,-5.003990173E0,1.528415442E0,8.382656097E0
2.720500813E2,-5.026124001E0,1.570888042E0,8.492725372E0
2.720701933E2,-5.050650597E0,1.612164259E0,8.540582657E0
2.720903053E2,-5.036891460E0,1.621137381E0,8.465208054E0
2.721104173E2,-5.015954494E0,1.612762451E0,8.350353241E0
2.721305294E2,-4.967499733E0,1.597209096E0,8.282156944E0
2.721506414E2,-4.951946259E0,1.560120344E0,8.299505234E0
2.721707535E2,-5.059025288E0,1.584646821E0,8.368897438E0
2.721908655E2,-5.149354458E0,1.606780410E0,8.459824562E0
2.722109776E2,-5.124229908E0,1.611566067E0,8.474181175E0
2.722310896E2,-5.032105923E0,1.630110383E0,8.431708336E0
2.722512016E2,-4.947160721E0,1.622333765E0,8.352746010E0
2.722713136E2,-4.918447018E0,1.596012712E0,8.297710419E0
2.722914257E2,-4.916652203E0,1.581655741E0,8.301300049E0
2.723115377E2,-4.967499733E0,1.594816327E0,8.400602341E0
2.723316497E2,-5.026721954E0,1.604985833E0,8.497511864E0
2.723517618E2,-5.064409256E0,1.585843205E0,8.510671616E0
2.723718738E2,-5.068596363E0,1.542772412E0,8.448458672E0
2.723919858E2,-5.085346222E0,1.519442320E0,8.387441635E0
2.724120979E2,-5.079364300E0,1.497906923E0,8.402397156E0
2.724322099E2,-5.042275429E0,1.492523074E0,8.435297966E0
2.724523219E2,-5.027320385E0,1.533799291E0,8.438887596E0
2.724724340E2,-4.976472855E0,1.627119422E0,8.449654579E0
2.724925460E2,-4.914259434E0,1.683350682E0,8.493324280E0
2.725126580E2,-4.857429981E0,1.700100541E0,8.512466431E0
2.725327701E2,-4.869394302E0,1.661217093E0,8.458627701E0
2.725528821E2,-4.936393261E0,1.613958836E0,8.341380119E0
2.725729941E2,-5.026124001E0,1.549352646E0,8.269595146E0
2.725931061E2,-5.074578762E0,1.520040631E0,8.347960472E0
2.726132182E2,-5.076373100E0,1.509871125E0,8.477770805E0
2.726333303E2,-5.056034088E0,1.498505235E0,8.504091263E0
2.726534422E2,-5.035695076E0,1.524227977E0,8.444271088E0
2.726735543E2,-5.036293507E0,1.518245935E0,8.402995110E0
2.726936664E2,-5.113461971E0,1.623530149E0,8.471788406E0
2.727137783E2,-5.006981373E0,1.646860242E0,8.506484032E0
2.727338904E2,-4.860421181E0,1.657627940E0,8.449056625E0
2.727540025E2,-4.820341110E0,1.649253011E0,8.361120224E0
2.727741145E2,-4.866403103E0,1.583450437E0,8.292924881E0
2.727942265E2,-4.981258392E0,1.558923960E0,8.306085587E0
2.728143385E2,-5.097310543E0,1.575673699E0,8.380263329E0
2.728344506E2,-5.060221672E0,1.549352646E0,8.468199730E0
2.728545626E2,-4.965705395E0,1.561915040E0,8.490332603E0
2.728746746E2,-4.895715237E0,1.579262972E0,8.437690735E0
2.728947867E2,-4.868197441E0,1.570888042E0,8.355736732E0
2.729148987E2,-4.938786030E0,1.567298889E0,8.355138779E0
2.729350107E2,-5.000999451E0,1.547558069E0,8.414361000E0
2.729551228E2,-5.032105923E0,1.548156261E0,8.465806961E0
2.729752348E2,-5.098506927E0,1.563709617E0,8.490931511E0
2.729953468E2,-5.094917774E0,1.524227977E0,8.484351158E0
2.730154589E2,-5.032105923E0,1.482951880E0,8.441280365E0
2.730355709E2,-4.984249592E0,1.512862086E0,8.404789925E0
2.730556829E2,-4.939982414E0,1.558325768E0,8.439485550E0
2.730757950E2,-4.887938499E0,1.569691658E0,8.446663857E0
2.730959070E2,-4.879563808E0,1.553540111E0,8.432307243E0
2.731160190E2,-4.874179840E0,1.561915040E0,8.429914474E0
2.731361311E2,-4.890331268E0,1.582253933E0,8.513064384E0
2.731562431E2,-4.900500774E0,1.532004714E0,8.609973907E0
2.731763552E2,-4.956732273E0,1.487737536E0,8.645866394E0
2.731964672E2,-5.012963295E0,1.470389485E0,8.568697929E0
2.732165792E2,-5.056632519E0,1.477568030E0,8.434102058E0
2.732366913E2,-5.090730190E0,1.507478237E0,8.325227737E0
2.732568033E2,-5.070989609E0,1.508076429E0,8.315656662E0
2.732769153E2,-5.045864582E0,1.480558991E0,8.370692253E0
2.732970273E2,-5.021936417E0,1.453639746E0,8.479565620E0
2.733171394E2,-5.017749310E0,1.466800332E0,8.548956871E0
2.733372514E2,-4.994419098E0,1.523629785E0,8.549555779E0
2.733573634E2,-4.953142643E0,1.569691658E0,8.502895355E0
2.733774755E2,-4.904688358E0,1.585245013E0,8.422736168E0
2.733975875E2,-4.893322468E0,1.593021631E0,8.356932640E0
2.734176995E2,-4.926821709E0,1.575075507E0,8.321639061E0
2.734378116E2,-4.984249592E0,1.582852125E0,8.374878883E0
2.734579236E2,-5.020142078E0,1.553540111E0,8.454441071E0
2.734780356E2,-5.039284706E0,1.489532113E0,8.484351158E0
2.734981477E2,-5.085944653E0,1.463809252E0,8.426922798E0
2.735182597E2,-5.100301266E0,1.468594909E0,8.362915039E0
2.735383717E2,-5.091926575E0,1.506281853E0,8.377870560E0
2.735584838E2,-5.053641319E0,1.569093466E0,8.431708336E0
2.735785958E2,-4.971687317E0,1.579262972E0,8.448458672E0
2.735987079E2,-4.909473896E0,1.566700578E0,8.401200294E0
2.736188199E2,-4.945366383E0,1.561316729E0,8.392227173E0
2.736389319E2,-5.005186558E0,1.552941918E0,8.378468513E0
2.736590440E2,-5.018347263E0,1.522433400E0,8.401200294E0
2.736791560E2,-5.031507969E0,1.508076429E0,8.451449394E0
2.736992680E2,-5.002793789E0,1.520040631E0,8.545966148E0
2.737193801E2,-4.950749874E0,1.532602906E0,8.580661774E0
2.737394921E2,-4.947759151E0,1.552343726E0,8.460422516E0
2.737596041E2,-4.961517811E0,1.563709617E0,8.345566750E0
2.737797161E2,-4.942973614E0,1.551745534E0,8.323433876E0
2.737998282E2,-4.963910580E0,1.532602906E0,8.392825127E0
2.738199402E2,-5.059025288E0,1.563709617E0,8.484351158E0
2.738400522E2,-5.099104881E0,1.606780410E0,8.535796165E0
2.738601643E2,-5.011168957E0,1.610369682E0,8.478368759E0
2.738802763E2,-4.913661480E0,1.612164259E0,8.361719131E0
2.739003883E2,-4.885545731E0,1.572682738E0,8.288139343E0
2.739205004E2,-4.976472855E0,1.523629785E0,8.287541389E0
2.739406124E2,-5.093721390E0,1.473380566E0,8.359326363E0
2.739607244E2,-5.139782906E0,1.482353687E0,8.444271088E0
2.739808365E2,-5.099104881E0,1.524227977E0,8.459824562E0
2.740009485E2,-5.020142078E0,1.574477315E0,8.435895920E0
2.740210606E2,-4.944767952E0,1.598405480E0,8.413164139E0
2.740411726E2,-4.896911621E0,1.613360643E0,8.426324844E0
2.740612846E2,-4.847260475E0,1.643869162E0,8.445467949E0
2.740813967E2,-4.862215519E0,1.638485312E0,8.441878319E0
2.741015087E2,-4.920241356E0,1.618146300E0,8.441280365E0
2.741216207E2,-5.003990173E0,1.565504193E0,8.467002869E0
2.741417328E2,-5.032704353E0,1.519442320E0,8.477770805E0
2.741618448E2,-5.049454212E0,1.501496196E0,8.471190453E0
2.741819568E2,-5.065605640E0,1.520638824E0,8.421539307E0
2.742020689E2,-5.036293507E0,1.547558069E0,8.411369324E0
2.742221809E2,-4.981856823E0,1.572682738E0,8.413164139E0
2.742422929E2,-4.948955536E0,1.582852125E0,8.425726891E0
2.742624050E2,-4.937589645E0,1.601994753E0,8.429914474E0
2.742825170E2,-4.950151920E0,1.604985833E0,8.420342445E0
2.743026290E2,-4.968098164E0,1.579861164E0,8.429914474E0
2.743227410E2,-4.968696117E0,1.570289850E0,8.448458672E0
2.743428531E2,-4.965106964E0,1.558923960E0,8.449654579E0
2.743629651E2,-4.983053207E0,1.546361685E0,8.438887596E0
2.743830771E2,-5.003392220E0,1.530808330E0,8.432307243E0
2.744031892E2,-5.018945694E0,1.567897081E0,8.449654579E0
2.744233013E2,-4.969294548E0,1.600798368E0,8.441280365E0
2.744434133E2,-4.898705959E0,1.597807288E0,8.411369324E0
2.744635253E2,-4.905286312E0,1.578066587E0,8.404191017E0
2.744836373E2,-4.988437176E0,1.551147223E0,8.405387878E0
2.745037494E2,-5.051248550E0,1.529013634E0,8.383852005E0
2.745238614E2,-5.039284706E0,1.529611826E0,8.353343964E0
2.745439734E2,-4.969294548E0,1.536192179E0,8.366504669E0
2.745640855E2,-4.936991215E0,1.546959877E0,8.428717613E0
2.745841975E2,-4.957928658E0,1.535593987E0,8.501698494E0
2.746043095E2,-4.985445976E0,1.523031592E0,8.501698494E0
2.746244216E2,-4.974678040E0,1.549950838E0,8.469993591E0
2.746445336E2,-4.934598446E0,1.567298889E0,8.433503151E0
2.746646456E2,-4.942973614E0,1.578066587E0,8.425726891E0
2.746847577E2,-4.963910580E0,1.557129383E0,8.450851440E0
2.747048697E2,-5.008177757E0,1.524826288E0,8.470592499E0
2.747249817E2,-5.033302307E0,1.477568030E0,8.476573944E0
2.747450938E2,-5.030909538E0,1.482353687E0,8.456234932E0
2.747652058E2,-5.032704353E0,1.491924882E0,8.418548584E0
2.747853179E2,-5.029115200E0,1.475175142E0,8.405387878E0
2.748054299E2,-5.020142078E0,1.462014675E0,8.378468513E0
2.748255419E2,-5.002793789E0,1.476969719E0,8.366504669E0
2.748456540E2,-4.987838745E0,1.493719578E0,8.408378601E0
2.748657660E2,-4.977071285E0,1.511665702E0,8.514261246E0
2.748858780E2,-4.917250633E0,1.518844128E0,8.599804878E0
2.749059901E2,-4.926821709E0,1.513460279E0,8.559126854E0
2.749261021E2,-4.896911621E0,1.515853167E0,8.467600822E0
2.749462141E2,-4.914857864E0,1.519442320E0,8.459226608E0
2.749663261E2,-4.931607246E0,1.515254974E0,8.481359482E0
2.749864382E2,-4.942973614E0,1.489532113E0,8.487939835E0
2.750065502E2,-4.978267670E0,1.490728498E0,8.452047348E0
2.750266622E2,-4.987240791E0,1.479960799E0,8.387441635E0
2.750467743E2,-4.999204636E0,1.466202021E0,8.369495392E0
2.750668863E2,-4.984847546E0,1.451246977E0,8.388637543E0
2.750869983E2,-4.966901779E0,1.470987678E0,8.450851440E0
2.751071104E2,-4.956732273E0,1.493719578E0,8.511868477E0
2.751272225E2,-4.934598446E0,1.479960799E0,8.508877754E0
2.751473344E2,-4.925027370E0,1.404586911E0,8.370692253E0
2.751674465E2,-5.064409256E0,1.396211982E0,8.346763611E0
2.751875585E2,-5.099104881E0,1.476371527E0,8.398807526E0
2.752076706E2,-4.980062008E0,1.495514154E0,8.532207489E0
2.752277826E2,-4.832903385E0,1.506281853E0,8.517251968E0
2.752478946E2,-4.808975220E0,1.508674622E0,8.453842163E0
2.752680067E2,-4.834099770E0,1.476371527E0,8.373085022E0
2.752881187E2,-4.910071850E0,1.425524116E0,8.338987350E0
2.753082307E2,-4.962115765E0,1.379462242E0,8.419146538E0
2.753283428E2,-5.007579803E0,1.377667665E0,8.577671051E0
2.753484548E2,-5.041079044E0,1.371685624E0,8.687741280E0
2.753685668E2,-5.008776188E0,1.358525038E0,8.702097893E0
2.753886789E2,-4.979464054E0,1.346560955E0,8.616554260E0
2.754087909E2,-4.919643402E0,1.326820135E0,8.466404915E0
2.754289029E2,-4.892126083E0,1.322034478E0,8.378468513E0
2.754490150E2,-4.933402061E0,1.357328653E0,8.407182693E0
2.754691270E2,-4.954339504E0,1.365703583E0,8.499305725E0
2.754892390E2,-4.972285271E0,1.361516118E0,8.554341316E0
2.755093510E2,-4.955535889E0,1.362712502E0,8.597412109E0
2.755294631E2,-4.922634602E0,1.365703583E0,8.581260681E0
2.755495752E2,-4.895116806E0,1.347159147E0,8.500502586E0
2.755696872E2,-4.904089928E0,1.354337573E0,8.451449394E0
2.755897992E2,-4.911268711E0,1.343569875E0,8.455636978E0
2.756099113E2,-4.898108006E0,1.340578914E0,8.510671616E0
2.756300233E2,-4.910670280E0,1.346560955E0,8.546564102E0
2.756501353E2,-4.925027370E0,1.357926846E0,8.556135178E0
2.756702473E2,-4.919643402E0,1.363310695E0,8.541778564E0
2.756903594E2,-4.887340069E0,1.372283816E0,8.533403397E0
2.757104714E2,-4.867001057E0,1.383051515E0,8.527421951E0
2.757305834E2,-4.854438782E0,1.376471281E0,8.534002304E0
2.757506955E2,-4.864608288E0,1.375872970E0,8.544171333E0
2.757708075E2,-4.901099205E0,1.364507079E0,8.537590981E0
2.757909195E2,-4.908277512E0,1.344168067E0,8.501100540E0
2.758110316E2,-4.904688358E0,1.344168067E0,8.483154297E0
2.758311436E2,-4.887340069E0,1.360319614E0,8.498109818E0
2.758512556E2,-4.862813950E0,1.371685624E0,8.539385796E0
2.758713677E2,-4.861617565E0,1.372882009E0,8.574680328E0
2.758914797E2,-4.890331268E0,1.360917926E0,8.553144455E0
2.759115918E2,-4.890929699E0,1.351944804E0,8.532805443E0
2.759317038E2,-4.910071850E0,1.375274777E0,8.535198212E0
2.759518158E2,-4.907679081E0,1.404586911E0,8.572287560E0
2.759719279E2,-4.847858906E0,1.409970760E0,8.578269005E0
2.759920399E2,-4.774279594E0,1.377667665E0,8.531010628E0
2.760121519E2,-4.832305431E0,1.374676585E0,8.471190453E0
2.760322640E2,-4.922634602E0,1.381855130E0,8.429315567E0
2.760523760E2,-4.923232555E0,1.323230863E0,8.432307243E0
2.760724880E2,-4.948357105E0,1.316052437E0,8.532805443E0
2.760926001E2,-4.935196877E0,1.326820135E0,8.614161491E0
2.761127121E2,-4.878965378E0,1.334596872E0,8.622536659E0
2.761328241E2,-4.832305431E0,1.371087432E0,8.565108299E0
2.761529361E2,-4.821537495E0,1.395015597E0,8.477172852E0
2.761730482E2,-4.807778835E0,1.387238979E0,8.446065903E0
2.761931602E2,-4.817350388E0,1.358525038E0,8.481958389E0
2.762132723E2,-4.917250633E0,1.369890928E0,8.549555779E0
2.762333843E2,-4.952544689E0,1.361516118E0,8.590831757E0
2.762534964E2,-4.918447018E0,1.340578914E0,8.601000786E0
2.762736084E2,-4.901697159E0,1.346560955E0,8.567501068E0
2.762937204E2,-4.851448059E0,1.345364571E0,8.534600258E0
2.763138325E2,-4.829314232E0,1.344766378E0,8.489734650E0
2.763339445E2,-4.849055290E0,1.362712502E0,8.478368759E0
2.763540565E2,-4.862215519E0,1.374676585E0,8.502895355E0
2.763741685E2,-4.858027935E0,1.373480201E0,8.572885513E0
2.763942806E2,-4.862813950E0,1.375872970E0,8.608778000E0
2.764143926E2,-4.853840828E0,1.376471281E0,8.595617294E0
2.764345046E2,-4.838287354E0,1.363310695E0,8.542975426E0
2.764546167E2,-4.845465660E0,1.367498159E0,8.480163574E0
2.764747287E2,-4.864010334E0,1.359721422E0,8.451449394E0
2.764948407E2,-4.875376225E0,1.362712502E0,8.474181175E0
2.765149528E2,-4.883152962E0,1.354935765E0,8.528019905E0
2.765350648E2,-4.894518852E0,1.354337573E0,8.572885513E0
2.765551769E2,-4.877170563E0,1.345962763E0,8.565707207E0
2.765752889E2,-4.856831551E0,1.345962763E0,8.543573380E0
2.765954009E2,-4.829314232E0,1.355534077E0,8.527421951E0
2.766155130E2,-4.823332310E0,1.365703583E0,8.549555779E0
2.766356250E2,-4.831707001E0,1.365703583E0,8.575278282E0
2.766557370E2,-4.892724037E0,1.360917926E0,8.590232849E0
2.766758491E2,-4.869992256E0,1.318445325E0,8.580661774E0
2.766959611E2,-4.899304390E0,1.354935765E0,8.549555779E0
2.767160731E2,-4.880161762E0,1.348355532E0,8.574081421E0
2.767361852E2,-4.864010334E0,1.334596872E0,8.562715530E0
2.767562972E2,-4.864010334E0,1.333400369E0,8.535796165E0
2.767764092E2,-4.867001057E0,1.377069473E0,8.532805443E0
2.767965213E2,-4.852644444E0,1.393221021E0,8.504690170E0
2.768166333E2,-4.795814991E0,1.372882009E0,8.489734650E0
2.768367453E2,-4.822135925E0,1.346560955E0,8.493324280E0
2.768568573E2,-4.867001057E0,1.313061476E0,8.508278847E0
2.768769694E2,-4.932205677E0,1.334596872E0,8.517251968E0
2.768970815E2,-4.970490932E0,1.322632670E0,8.539385796E0
2.769171935E2,-4.966901779E0,1.290329576E0,8.563912392E0
2.769373055E2,-4.971687317E0,1.266401410E0,8.525627136E0
2.769574176E2,-4.923830986E0,1.269392371E0,8.480761528E0
2.769775296E2,-4.864010334E0,1.328016520E0,8.495717049E0
2.769976416E2,-4.834099770E0,1.357926846E0,8.544769287E0
2.770177536E2,-4.800600529E0,1.359123230E0,8.604590416E0
2.770378657E2,-4.843671322E0,1.341775298E0,8.556734085E0
2.770579777E2,-4.915455818E0,1.350748420E0,8.501100540E0
2.770780897E2,-4.911866665E0,1.331605792E0,8.504091263E0
2.770982018E2,-4.865804672E0,1.323829174E0,8.564510345E0
2.771183138E2,-4.861019135E0,1.320239902E0,8.580063820E0
2.771384258E2,-4.904089928E0,1.301695466E0,8.557929993E0
2.771585379E2,-4.924428940E0,1.302293777E0,8.493324280E0
2.771786500E2,-4.931009293E0,1.343569875E0,8.450253487E0
2.771987620E2,-4.889134884E0,1.353141189E0,8.484949112E0
2.772188740E2,-4.870590687E0,1.341177106E0,8.698508263E0
2.772389860E2,-4.831707001E0,1.310668588E0,8.874381065E0
2.772590981E2,-4.760520458E0,1.315454245E0,8.668000221E0
2.772792101E2,-4.788636208E0,1.381256819E0,8.386843681E0
2.772993221E2,-4.817350388E0,1.400399446E0,8.297112465E0
2.773194342E2,-4.821537495E0,1.362114310E0,8.383254051E0
2.773395462E2,-4.889732838E0,1.337587833E0,8.511270523E0
2.773596582E2,-4.941776752E0,1.313061476E0,8.584251404E0
2.773797703E2,-4.948955536E0,1.306481123E0,8.598608017E0
2.773998823E2,-4.929214478E0,1.334596872E0,8.610571861E0
2.774199943E2,-4.867001057E0,1.360917926E0,8.592027664E0
2.774401064E2,-4.794618607E0,1.382453322E0,8.535198212E0
2.774602184E2,-4.769493580E0,1.383649707E0,8.488538742E0
2.774803304E2,-4.812564373E0,1.381855130E0,8.572885513E0
2.775004425E2,-4.912465096E0,1.390828133E0,8.777471542E0
2.775205545E2,-4.883750916E0,1.438086390E0,9.104690552E0
2.775406666E2,-4.794618607E0,1.518245935E0,9.147162437E0
2.775607786E2,-4.846064091E0,1.478764415E0,8.772686005E0
2.775808906E2,-4.838287354E0,1.478166223E0,8.324629784E0
2.776010027E2,-4.798805714E0,1.537388563E0,8.121239662E0
2.776211147E2,-4.710869789E0,1.520638824E0,7.951349735E0
2.776412267E2,-4.812564373E0,1.543370605E0,8.026124954E0
2.776613388E2,-4.931009293E0,1.558923960E0,8.222336769E0
2.776814508E2,-4.913661480E0,1.506880045E0,8.360522270E0
2.777015628E2,-4.888536453E0,1.467398524E0,8.537590981E0
2.777216748E2,-5.018347263E0,1.429113269E0,8.687741280E0
2.777417869E2,-5.172086239E0,1.459621787E0,8.633902550E0
2.777618989E2,-5.130211830E0,1.551147223E0,8.344968796E0
2.777820109E2,-4.981258392E0,1.433898926E0,8.266604424E0
2.778021230E2,-4.845465660E0,1.328016520E0,8.286344528E0
2.778222351E2,-5.095515728E0,1.487139225E0,8.204390526E0
2.778423471E2,-5.082953453E0,1.411765337E0,8.125427246E0
2.778624591E2,-5.425725460E0,1.221535921E0,8.136195183E0
2.778825711E2,-5.927021503E0,9.792626500E-1,7.668398380E0
2.779026832E2,-5.923432350E0,8.464609981E-1,7.900502205E0
2.779227952E2,-5.760122299E0,6.729813814E-1,8.996415138E0
2.779429072E2,-5.536991596E0,8.961120844E-1,9.873982430E0
2.779630193E2,-5.315655708E0,1.067797065E0,1.028674412E1
2.779831313E2,-4.839483738E0,7.441678643E-1,1.065703392E1
2.780032433E2,-4.685146809E0,4.253242314E-1,1.082094193E1
2.780233554E2,-4.558925152E0,6.323033571E-1,1.146401310E1
2.780434674E2,-3.792025566E0,1.381855011E-1,1.208614731E1
2.780635794E2,-3.221337557E0,-4.516452849E-1,1.290509033E1
2.780836915E2,-2.179263115E0,-8.327022791E-1,1.351286793E1
2.781038035E2,-1.335195065E0,-8.153542876E-1,1.390588856E1
2.781239156E2,-1.390828133E0,-5.401797295E-1,1.370788288E1
2.781440276E2,-1.694716692E0,-3.643072546E-1,1.253300667E1
2.781641396E2,-2.120639086E0,-3.236292601E-1,1.209212875E1
2.781842517E2,-2.286342144E0,-2.039881349E-1,1.213699436E1
2.782043637E2,-2.943171740E0,-8.673982322E-2,1.204546928E1
2.782244757E2,-3.628117323E0,8.973085321E-3,1.033340454E1
2.782445878E2,-1.744367719E0,2.177468538E0,4.861019135E0
2.782646998E2,-4.914259434E0,4.681557655E0,7.000801086E0
2.782848118E2,-3.680759430E0,2.208575249E0,8.557332039E0
2.783049239E2,-4.315455437E0,2.645265341E0,8.562117577E0
2.783250359E2,-4.636692047E0,3.436093330E0,8.006384850E0
2.783451479E2,-4.676173687E0,2.891128063E0,5.639284611E0
2.783652600E2,-6.332605362E0,4.740181446E0,5.204987526E0
2.783853720E2,-4.247260094E0,4.852644444E0,6.333801746E0
2.784054841E2,-2.048854351E0,4.077968121E0,7.144370079E0
2.784255961E2,-8.237292171E-1,3.878167391E0,6.381059647E0
2.784457081E2,-7.884350419E-1,3.253042459E0,5.962316036E0
2.784658202E2,-2.298306227E0,2.862414122E0,6.614958286E0
2.784859322E2,-4.038486481E0,2.387438774E0,6.808178425E0
2.785060442E2,-5.048855782E0,1.542174220E0,6.630511761E0
2.785261563E2,-6.192625046E0,3.230310604E-2,5.985645771E0
2.785462683E2,-5.708078384E0,1.280160099E-1,6.419943333E0
2.785663803E2,-1.420140266E0,5.210371017E-1,6.423532486E0
2.785864923E2,2.130210400E0,-7.298108935E-1,5.071587563E0
2.786066044E2,5.457430363E0,-2.286342144E0,5.039882660E0
2.786267165E2,7.555337429E0,-1.903490424E0,7.350750923E0
2.786468285E2,5.346762180E0,-1.040877819E0,1.310608768E1
2.786669405E2,3.005983353E0,-3.810569942E-1,1.543430424E1
2.786870526E2,2.749353170E0,-1.055234790E0,1.139462185E1
2.787071646E2,3.407379389E0,-1.677966833E0,8.063812256E0
2.787272766E2,4.576871395E0,-1.844268084E0,7.302296638E0
2.787473886E2,4.671986103E0,-1.831107497E0,7.957331657E0
2.787675007E2,3.637688637E0,-2.207977057E0,9.442078590E0
2.787876127E2,2.763111830E0,-2.659024239E0,1.080598736E1
2.788077248E2,2.383251429E0,-2.735594511E0,1.054816055E1
2.788278368E2,3.384647608E0,-2.767299414E0,9.763913155E0
2.788479489E2,4.845465660E0,-2.268994093E0,9.266803741E0
2.788680609E2,5.368297577E0,-1.549352646E0,8.901898384E0
2.788881729E2,7.213163853E0,-1.335195065E0,1.128096199E1
2.789082850E2,6.388836384E0,-1.083948612E0,1.063729286E1
2.789283970E2,4.865804672E0,-9.822536707E-1,8.861220360E0
2.789485090E2,2.416152716E0,-6.478567123E-1,4.520041943E0
2.789686210E2,5.879763603E0,-1.294517040E0,7.874181271E0
2.789887331E2,7.424928665E0,-1.216152072E0,7.882555962E0
2.790088451E2,8.822337151E0,-8.237292171E-1,7.182655334E0
2.790289572E2,6.738188744E0,-3.457628787E-1,6.449255466E0
2.790490692E2,3.592823267E0,5.892325640E-1,6.064609051E0
2.790691813E2,2.662613392E0,9.720842242E-1,5.976074696E0
2.790892933E2,8.404789567E-1,8.147560954E-1,4.353142738E0
2.791094053E2,-2.033301115E0,1.884347796E-1,1.127438164E1
2.791295173E2,-1.853839397E0,1.064806059E-1,1.479601860E1
2.791496294E2,1.122832060E0,4.247260094E-2,4.920839787E0
2.791697414E2,-6.592226624E-1,8.584251404E-1,1.266820145E1
2.791898535E2,1.016351461E0,5.862415582E-2,1.190489101E1
2.792099655E2,-1.639083475E-1,4.749752879E-1,7.319644451E0
2.792300776E2,5.563312769E-1,1.555334777E-1,1.119182968E1
2.792501896E2,3.308077157E-1,2.542374134E-1,1.000558758E1
2.792703016E2,1.998006850E-1,2.662015259E-1,9.273384094E0
2.792904136E2,3.726821244E-1,2.614158690E-1,1.039621639E1
2.793105257E2,3.086741269E-1,2.380858511E-1,9.867402077E0
2.793306377E2,2.410768867E-1,3.008974493E-1,9.797411919E0
2.793507497E2,3.798605800E-1,2.231307179E-1,1.001396275E1
2.793708618E2,2.578266263E-1,2.847459018E-1,9.905687332E0
2.793909739E2,3.314059377E-1,2.446661144E-1,9.917651176E0
2.794110859E2,2.895315289E-1,2.823530734E-1,9.945767403E0
2.794311979E2,3.146561682E-1,2.344966233E-1,9.883553505E0
2.794513100E2,2.949153781E-1,2.757728100E-1,9.964311600E0
2.794714220E2,3.164508045E-1,2.512463629E-1,9.914062500E0
2.794915340E2,2.799602449E-1,2.691925466E-1,9.923633575E0
2.795116460E2,3.218346536E-1,2.464607358E-1,9.918250084E0
2.795317581E2,2.895315289E-1,2.662015259E-1,9.931410789E0
2.795518702E2,3.080759048E-1,2.506481707E-1,9.921838760E0
2.795719822E2,2.973082066E-1,2.763710022E-1,9.929018021E0
2.795920942E2,3.128615618E-1,2.518445849E-1,9.915258408E0
2.796122063E2,2.967100143E-1,2.620140910E-1,9.933803558E0
2.796323183E2,3.188436031E-1,2.494517565E-1,9.930213928E0
2.796524303E2,2.925225794E-1,2.626122832E-1,9.929615974E0
2.796725423E2,3.092723191E-1,2.494517565E-1,9.920044899E0
2.796926544E2,3.038884699E-1,2.614158690E-1,9.926026344E0
2.797127665E2,3.062812984E-1,2.500499785E-1,9.929018021E0
2.797328785E2,2.985046208E-1,2.590230405E-1,9.930213928E0
2.797529905E2,3.014956415E-1,2.590230405E-1,9.927223206E0
2.797731026E2,2.943171859E-1,2.560320199E-1,9.924830437E0
2.797932146E2,3.032902777E-1,2.548356056E-1,9.932008743E0
2.798133266E2,3.038884699E-1,2.542374134E-1,9.925428391E0
2.798334386E2,2.955136001E-1,2.542374134E-1,9.927821159E0
2.798535507E2,3.062812984E-1,2.608176768E-1,9.931410789E0
2.798736628E2,3.044866920E-1,2.572284341E-1,9.929615974E0
2.798937748E2,3.074777126E-1,2.548356056E-1,9.926624298E0
2.799138868E2,3.020938635E-1,2.608176768E-1,9.931410789E0
2.799339989E2,3.032902777E-1,2.518445849E-1,9.924830437E0
2.799541109E2,3.026920557E-1,2.590230405E-1,9.928419113E0
2.799742229E2,3.080759048E-1,2.578266263E-1,9.927223206E0
2.799943350E2,3.020938635E-1,2.608176768E-1,9.921838760E0
2.800144470E2,3.032902777E-1,2.566302419E-1,9.919445992E0
2.800345591E2,3.056831062E-1,2.626122832E-1,9.927821159E0
2.800546711E2,3.026920557E-1,2.548356056E-1,9.922437668E0
2.800747831E2,3.044866920E-1,2.512463629E-1,9.926026344E0
2.800948952E2,3.110669553E-1,2.566302419E-1,9.924231529E0
2.801150072E2,2.979064286E-1,2.572284341E-1,9.925428391E0
2.801351193E2,3.074777126E-1,2.524427772E-1,9.927223206E0
2.801552313E2,3.002992272E-1,2.614158690E-1,9.932606697E0
2.801753433E2,3.086741269E-1,2.584248483E-1,9.922437668E0
2.801954554E2,3.044866920E-1,2.542374134E-1,9.930213928E0
2.802155674E2,3.080759048E-1,2.572284341E-1,9.924830437E0
2.802356795E2,2.967100143E-1,2.608176768E-1,9.922437668E0
2.802557915E2,3.050848842E-1,2.512463629E-1,9.924231529E0
2.802759035E2,2.991028428E-1,2.590230405E-1,9.925428391E0
2.802960156E2,3.008974493E-1,2.506481707E-1,9.924830437E0
2.803161276E2,3.068794906E-1,2.572284341E-1,9.928419113E0
2.803362396E2,2.979064286E-1,2.494517565E-1,9.924830437E0
2.803563517E2,2.991028428E-1,2.590230405E-1,9.920642853E0
2.803764638E2,3.008974493E-1,2.602194548E-1,9.917651176E0
2.803965758E2,3.050848842E-1,2.620140910E-1,9.929615974E0
2.804166878E2,3.032902777E-1,2.500499785E-1,9.925428391E0
2.804367998E2,3.080759048E-1,2.548356056E-1,9.920642853E0
2.804569119E2,2.973082066E-1,2.566302419E-1,9.929018021E0
2.804770239E2,2.997010350E-1,2.566302419E-1,9.929018021E0
2.804971360E2,3.032902777E-1,2.644068897E-1,9.928419113E0
2.805172480E2,3.008974493E-1,2.644068897E-1,9.925428391E0
2.805373601E2,2.979064286E-1,2.578266263E-1,9.928419113E0
2.805574721E2,3.026920557E-1,2.685943544E-1,9.927821159E0
2.805775841E2,3.038884699E-1,2.590230405E-1,9.926624298E0
2.805976962E2,3.026920557E-1,2.608176768E-1,9.926624298E0
2.806178082E2,3.086741269E-1,2.632105052E-1,9.926624298E0
2.806379203E2,3.086741269E-1,2.566302419E-1,9.933803558E0
2.806580323E2,3.062812984E-1,2.554338276E-1,9.925428391E0
2.806781443E2,3.038884699E-1,2.542374134E-1,9.933803558E0
2.806982564E2,3.008974493E-1,2.584248483E-1,9.925428391E0
2.807183684E2,2.961117923E-1,2.608176768E-1,9.927821159E0
2.807384805E2,3.050848842E-1,2.566302419E-1,9.929615974E0
2.807585925E2,3.050848842E-1,2.602194548E-1,9.927223206E0
2.807787045E2,2.961117923E-1,2.566302419E-1,9.929018021E0
2.807988166E2,3.050848842E-1,2.608176768E-1,9.927821159E0
2.808189286E2,2.979064286E-1,2.608176768E-1,9.924231529E0
2.808390407E2,3.038884699E-1,2.596212626E-1,9.923633575E0
2.808591527E2,3.074777126E-1,2.584248483E-1,9.925428391E0
2.808792647E2,3.062812984E-1,2.566302419E-1,9.931410789E0
2.808993768E2,3.050848842E-1,2.524427772E-1,9.926624298E0
2.809194889E2,3.068794906E-1,2.590230405E-1,9.931410789E0
2.809396009E2,3.056831062E-1,2.590230405E-1,9.935597420E0
2.809597129E2,3.110669553E-1,2.590230405E-1,9.919445992E0
2.809798250E2,3.032902777E-1,2.536391914E-1,9.921838760E0
2.809999370E2,3.128615618E-1,2.620140910E-1,9.922437668E0
2.810200491E2,3.008974493E-1,2.578266263E-1,9.921838760E0
2.810401611E2,2.949153781E-1,2.608176768E-1,9.929018021E0
2.810602731E2,3.032902777E-1,2.584248483E-1,9.928419113E0
2.810803852E2,2.967100143E-1,2.560320199E-1,9.916455269E0
2.811004972E2,3.044866920E-1,2.578266263E-1,9.924231529E0
2.811206093E2,2.937189937E-1,2.590230405E-1,9.918848038E0
2.811407213E2,3.032902777E-1,2.590230405E-1,9.926026344E0
2.811608334E2,3.032902777E-1,2.584248483E-1,9.929018021E0
2.811809454E2,3.056831062E-1,2.632105052E-1,9.921240807E0
2.812010575E2,3.020938635E-1,2.584248483E-1,9.921838760E0
2.812211695E2,3.032902777E-1,2.572284341E-1,9.927821159E0
2.812412815E2,3.002992272E-1,2.542374134E-1,9.929018021E0
2.812613936E2,2.967100143E-1,2.548356056E-1,9.930213928E0
2.812815056E2,3.002992272E-1,2.572284341E-1,9.923633575E0
2.813016177E2,2.949153781E-1,2.542374134E-1,9.928419113E0
2.813217297E2,3.026920557E-1,2.572284341E-1,9.918848038E0
2.813418418E2,3.044866920E-1,2.566302419E-1,9.930811882E0
2.813619538E2,3.032902777E-1,2.614158690E-1,9.931410789E0
2.813820658E2,3.050848842E-1,2.590230405E-1,9.927821159E0
2.814021779E2,2.985046208E-1,2.578266263E-1,9.926026344E0
2.814222900E2,3.044866920E-1,2.602194548E-1,9.930811882E0
2.814424020E2,3.008974493E-1,2.614158690E-1,9.926624298E0
2.814625140E2,2.955136001E-1,2.500499785E-1,9.925428391E0
2.814826260E2,3.008974493E-1,2.530409992E-1,9.926026344E0
2.815027381E2,2.997010350E-1,2.620140910E-1,9.925428391E0
2.815228502E2,2.991028428E-1,2.578266263E-1,9.924830437E0
2.815429622E2,3.038884699E-1,2.560320199E-1,9.923035622E0
2.815630742E2,2.997010350E-1,2.542374134E-1,9.924830437E0
2.815831863E2,2.997010350E-1,2.602194548E-1,9.926624298E0
2.816032983E2,3.068794906E-1,2.548356056E-1,9.930213928E0
2.816234104E2,2.985046208E-1,2.578266263E-1,9.932008743E0
2.816435224E2,3.026920557E-1,2.614158690E-1,9.921240807E0
2.816636345E2,3.110669553E-1,2.596212626E-1,9.927821159E0
2.816837465E2,3.050848842E-1,2.596212626E-1,9.923035622E0
2.817038585E2,3.014956415E-1,2.608176768E-1,9.922437668E0
2.817239706E2,2.973082066E-1,2.560320199E-1,9.932008743E0
2.817440827E2,2.949153781E-1,2.554338276E-1,9.921838760E0
2.817641947E2,2.985046208E-1,2.626122832E-1,9.927821159E0
2.817843067E2,3.074777126E-1,2.614158690E-1,9.930811882E0
2.818044188E2,3.074777126E-1,2.578266263E-1,9.927821159E0
2.818245308E2,3.014956415E-1,2.530409992E-1,9.926624298E0
2.818446429E2,2.985046208E-1,2.554338276E-1,9.921838760E0
2.818647549E2,3.026920557E-1,2.596212626E-1,9.930213928E0
2.818848670E2,3.026920557E-1,2.590230405E-1,9.917053223E0
2.819049790E2,3.020938635E-1,2.560320199E-1,9.923633575E0
2.819250910E2,3.014956415E-1,2.650051117E-1,9.921838760E0
2.819452031E2,3.080759048E-1,2.602194548E-1,9.923633575E0
2.819653152E2,3.044866920E-1,2.614158690E-1,9.921838760E0
2.819854272E2,3.014956415E-1,2.572284341E-1,9.923633575E0
2.820055393E2,3.050848842E-1,2.662015259E-1,9.927821159E0
2.820256513E2,3.014956415E-1,2.560320199E-1,9.929615974E0
2.820457633E2,2.979064286E-1,2.530409992E-1,9.926624298E0
2.820658754E2,3.032902777E-1,2.566302419E-1,9.926026344E0
2.820859875E2,2.985046208E-1,2.590230405E-1,9.923633575E0
2.821060995E2,2.949153781E-1,2.518445849E-1,9.930213928E0
2.821262115E2,2.991028428E-1,2.590230405E-1,9.919445992E0
2.821463236E2,3.014956415E-1,2.560320199E-1,9.927821159E0
2.821664356E2,2.991028428E-1,2.626122832E-1,9.915857315E0
2.821865477E2,2.973082066E-1,2.602194548E-1,9.920044899E0
2.822066597E2,2.967100143E-1,2.566302419E-1,9.924231529E0
2.822267718E2,3.014956415E-1,2.608176768E-1,9.924231529E0
2.822468838E2,2.931207716E-1,2.620140910E-1,9.930811882E0
2.822669959E2,3.032902777E-1,2.608176768E-1,9.929018021E0
2.822871079E2,3.062812984E-1,2.572284341E-1,9.925428391E0
2.823072200E2,3.008974493E-1,2.560320199E-1,9.924830437E0
2.823273320E2,3.038884699E-1,2.518445849E-1,9.922437668E0
2.823474441E2,3.020938635E-1,2.560320199E-1,9.923633575E0
2.823675561E2,2.973082066E-1,2.572284341E-1,9.924231529E0
2.823876682E2,3.008974493E-1,2.590230405E-1,9.922437668E0
2.824077802E2,3.074777126E-1,2.614158690E-1,9.918848038E0
2.824278922E2,3.014956415E-1,2.602194548E-1,9.930811882E0
2.824480043E2,3.020938635E-1,2.602194548E-1,9.929615974E0
2.824681164E2,3.080759048E-1,2.650051117E-1,9.920044899E0
2.824882284E2,3.050848842E-1,2.584248483E-1,9.923035622E0
2.825083405E2,3.044866920E-1,2.596212626E-1,9.923035622E0
2.825284525E2,3.020938635E-1,2.614158690E-1,9.927223206E0
2.825485645E2,3.014956415E-1,2.644068897E-1,9.923633575E0
2.825686766E2,3.044866920E-1,2.596212626E-1,9.928419113E0
2.825887886E2,3.020938635E-1,2.548356056E-1,9.924231529E0
2.826089007E2,3.050848842E-1,2.626122832E-1,9.926026344E0
2.826290128E2,3.062812984E-1,2.560320199E-1,9.922437668E0
2.826491248E2,3.020938635E-1,2.590230405E-1,9.928419113E0
2.826692369E2,3.038884699E-1,2.554338276E-1,9.920044899E0
2.826893489E2,3.074777126E-1,2.560320199E-1,9.923035622E0
2.827094609E2,3.056831062E-1,2.590230405E-1,9.924231529E0
2.827295730E2,2.985046208E-1,2.602194548E-1,9.919445992E0
2.827496851E2,3.014956415E-1,2.530409992E-1,9.927223206E0
2.827697971E2,3.038884699E-1,2.530409992E-1,9.926624298E0
2.827899092E2,3.002992272E-1,2.578266263E-1,9.927223206E0
2.828100212E2,3.008974493E-1,2.554338276E-1,9.922437668E0
2.828301333E2,3.050848842E-1,2.566302419E-1,9.917651176E0
2.828502453E2,3.050848842E-1,2.536391914E-1,9.923633575E0
2.828703573E2,3.038884699E-1,2.548356056E-1,9.925428391E0
2.828904694E2,3.026920557E-1,2.554338276E-1,9.925428391E0
2.829105815E2,3.008974493E-1,2.596212626E-1,9.927223206E0
2.829306935E2,3.038884699E-1,2.596212626E-1,9.924231529E0
2.829508056E2,2.997010350E-1,2.566302419E-1,9.922437668E0
2.829709176E2,3.062812984E-1,2.602194548E-1,9.922437668E0
2.829910297E2,3.014956415E-1,2.656033039E-1,9.923633575E0
2.830111417E2,3.008974493E-1,2.620140910E-1,9.923035622E0
2.830312538E2,2.961117923E-1,2.590230405E-1,9.927223206E0
2.830513658E2,2.973082066E-1,2.560320199E-1,9.929018021E0
2.830714779E2,2.961117923E-1,2.644068897E-1,9.923035622E0
2.830915900E2,3.062812984E-1,2.584248483E-1,9.926026344E0
2.831117020E2,3.008974493E-1,2.596212626E-1,9.926624298E0
2.831318140E2,2.991028428E-1,2.554338276E-1,9.923035622E0
2.831519261E2,2.955136001E-1,2.667997181E-1,9.929018021E0
2.831720381E2,2.961117923E-1,2.650051117E-1,9.924231529E0
2.831921502E2,2.991028428E-1,2.554338276E-1,9.927223206E0
2.832122622E2,2.985046208E-1,2.554338276E-1,9.929018021E0
2.832323743E2,3.044866920E-1,2.608176768E-1,9.926026344E0
2.832524864E2,2.973082066E-1,2.596212626E-1,9.923633575E0
2.832725984E2,3.026920557E-1,2.602194548E-1,9.924830437E0
2.832927105E2,2.991028428E-1,2.560320199E-1,9.921240807E0
2.833128225E2,3.020938635E-1,2.560320199E-1,9.924830437E0
2.833329345E2,2.949153781E-1,2.608176768E-1,9.924830437E0
2.833530466E2,3.002992272E-1,2.620140910E-1,9.921240807E0
2.833731586E2,2.979064286E-1,2.566302419E-1,9.929615974E0
2.833932707E2,3.092723191E-1,2.602194548E-1,9.926026344E0
2.834133828E2,3.068794906E-1,2.596212626E-1,9.927223206E0
2.834334948E2,2.985046208E-1,2.578266263E-1,9.927223206E0
2.834536069E2,3.032902777E-1,2.548356056E-1,9.923035622E0
2.834737190E2,2.997010350E-1,2.626122832E-1,9.918250084E0
2.834938310E2,3.020938635E-1,2.572284341E-1,9.927821159E0
2.835139430E2,3.002992272E-1,2.578266263E-1,9.930811882E0
2.835340551E2,3.008974493E-1,2.584248483E-1,9.925428391E0
2.835541671E2,2.979064286E-1,2.596212626E-1,9.927223206E0
2.835742792E2,3.074777126E-1,2.548356056E-1,9.927223206E0
2.835943913E2,3.050848842E-1,2.500499785E-1,9.932008743E0
2.836145033E2,3.062812984E-1,2.596212626E-1,9.926026344E0
2.836346154E2,3.062812984E-1,2.602194548E-1,9.919445992E0
2.836547274E2,2.997010350E-1,2.590230405E-1,9.922437668E0
2.836748395E2,3.026920557E-1,2.578266263E-1,9.921240807E0
2.836949515E2,2.973082066E-1,2.626122832E-1,9.927223206E0
2.837150636E2,3.038884699E-1,2.572284341E-1,9.927223206E0
2.837351756E2,2.997010350E-1,2.608176768E-1,9.923035622E0
2.837552877E2,3.050848842E-1,2.554338276E-1,9.923035622E0
2.837753997E2,3.080759048E-1,2.638086975E-1,9.923633575E0
2.837955118E2,2.991028428E-1,2.548356056E-1,9.923035622E0
2.838156239E2,3.014956415E-1,2.578266263E-1,9.920642853E0
2.838357359E2,3.026920557E-1,2.614158690E-1,9.914660454E0
2.838558480E2,3.002992272E-1,2.554338276E-1,9.919445992E0
2.838759601E2,2.973082066E-1,2.560320199E-1,9.929615974E0
2.838960721E2,3.020938635E-1,2.548356056E-1,9.921240807E0
2.839161841E2,3.044866920E-1,2.614158690E-1,9.918250084E0
2.839362962E2,2.991028428E-1,2.608176768E-1,9.925428391E0
2.839564082E2,3.068794906E-1,2.566302419E-1,9.922437668E0
2.839765203E2,2.979064286E-1,2.638086975E-1,9.926624298E0
2.839966323E2,3.044866920E-1,2.590230405E-1,9.932606697E0
2.840167444E2,3.032902777E-1,2.644068897E-1,9.924830437E0
2.840368565E2,2.973082066E-1,2.536391914E-1,9.926026344E0
2.840569685E2,2.991028428E-1,2.602194548E-1,9.929615974E0
2.840770806E2,3.044866920E-1,2.578266263E-1,9.918848038E0
2.840971927E2,2.997010350E-1,2.584248483E-1,9.924830437E0
2.841173047E2,2.979064286E-1,2.620140910E-1,9.920044899E0
2.841374168E2,3.068794906E-1,2.584248483E-1,9.925428391E0
2.841575288E2,3.008974493E-1,2.590230405E-1,9.933803558E0
2.841776409E2,2.949153781E-1,2.584248483E-1,9.921838760E0
2.841977529E2,3.026920557E-1,2.542374134E-1,9.921838760E0
2.842178650E2,2.997010350E-1,2.608176768E-1,9.926624298E0
2.842379770E2,2.973082066E-1,2.572284341E-1,9.922437668E0
2.842580891E2,2.937189937E-1,2.584248483E-1,9.921240807E0
2.842782011E2,3.014956415E-1,2.566302419E-1,9.927223206E0
2.842983132E2,3.008974493E-1,2.584248483E-1,9.925428391E0
2.843184253E2,2.997010350E-1,2.614158690E-1,9.921838760E0
2.843385373E2,3.026920557E-1,2.614158690E-1,9.927223206E0
2.843586494E2,3.032902777E-1,2.566302419E-1,9.921240807E0
2.843787615E2,3.008974493E-1,2.602194548E-1,9.923633575E0
2.843988735E2,3.026920557E-1,2.536391914E-1,9.924830437E0
2.844189856E2,2.955136001E-1,2.554338276E-1,9.924231529E0
2.844390976E2,3.008974493E-1,2.590230405E-1,9.931410789E0
2.844592097E2,3.044866920E-1,2.614158690E-1,9.926026344E0
2.844793217E2,3.002992272E-1,2.530409992E-1,9.926026344E0
2.844994338E2,3.020938635E-1,2.584248483E-1,9.924231529E0
2.845195458E2,3.014956415E-1,2.596212626E-1,9.930811882E0
2.845396579E2,3.068794906E-1,2.542374134E-1,9.926624298E0
2.845597700E2,3.020938635E-1,2.578266263E-1,9.927821159E0
2.845798820E2,3.002992272E-1,2.578266263E-1,9.924231529E0
2.845999941E2,2.997010350E-1,2.584248483E-1,9.923633575E0
2.846201061E2,2.907279432E-1,2.650051117E-1,9.926624298E0
2.846402182E2,3.032902777E-1,2.578266263E-1,9.920642853E0
2.846603303E2,3.008974493E-1,2.566302419E-1,9.926026344E0
2.846804423E2,2.979064286E-1,2.596212626E-1,9.932606697E0
2.847005544E2,3.038884699E-1,2.476571500E-1,9.928419113E0
2.847206664E2,3.074777126E-1,2.560320199E-1,9.927821159E0
2.847407785E2,3.044866920E-1,2.584248483E-1,9.924830437E0
2.847608906E2,3.026920557E-1,2.656033039E-1,9.924231529E0
2.847810026E2,2.991028428E-1,2.572284341E-1,9.922437668E0
2.848011147E2,2.997010350E-1,2.608176768E-1,9.923633575E0
2.848212267E2,3.062812984E-1,2.608176768E-1,9.929018021E0
2.848413388E2,3.008974493E-1,2.578266263E-1,9.920044899E0
2.848614508E2,3.044866920E-1,2.560320199E-1,9.924231529E0
2.848815629E2,2.973082066E-1,2.614158690E-1,9.929615974E0
2.849016750E2,3.002992272E-1,2.602194548E-1,9.920044899E0
2.849217870E2,3.092723191E-1,2.632105052E-1,9.920642853E0
2.849418991E2,2.955136001E-1,2.620140910E-1,9.926624298E0
2.849620111E2,2.979064286E-1,2.524427772E-1,9.928419113E0
2.849821232E2,2.997010350E-1,2.572284341E-1,9.932606697E0
2.850022353E2,3.044866920E-1,2.620140910E-1,9.925428391E0
2.850223473E2,2.991028428E-1,2.584248483E-1,9.926624298E0
2.850424594E2,2.967100143E-1,2.626122832E-1,9.923633575E0
2.850625715E2,3.002992272E-1,2.554338276E-1,9.922437668E0
2.850826835E2,3.032902777E-1,2.578266263E-1,9.922437668E0
2.851027956E2,3.002992272E-1,2.638086975E-1,9.927821159E0
2.851229076E2,2.973082066E-1,2.632105052E-1,9.930213928E0
2.851430197E2,3.056831062E-1,2.614158690E-1,9.923633575E0
2.851631317E2,2.979064286E-1,2.560320199E-1,9.921240807E0
2.851832438E2,3.038884699E-1,2.620140910E-1,9.924231529E0
2.852033559E2,2.985046208E-1,2.560320199E-1,9.927223206E0
2.852234679E2,3.026920557E-1,2.638086975E-1,9.927223206E0
2.852435800E2,3.014956415E-1,2.596212626E-1,9.923633575E0
2.852636920E2,3.056831062E-1,2.578266263E-1,9.927223206E0
2.852838041E2,2.979064286E-1,2.644068897E-1,9.923633575E0
2.853039161E2,2.967100143E-1,2.602194548E-1,9.930213928E0
2.853240282E2,2.979064286E-1,2.560320199E-1,9.929018021E0
2.853441403E2,2.991028428E-1,2.644068897E-1,9.927223206E0
2.853642523E2,3.020938635E-1,2.596212626E-1,9.929018021E0
2.853843644E2,3.020938635E-1,2.614158690E-1,9.926026344E0
2.854044765E2,2.943171859E-1,2.578266263E-1,9.925428391E0
2.854245885E2,3.032902777E-1,2.614158690E-1,9.920642853E0
2.854447006E2,3.038884699E-1,2.530409992E-1,9.926624298E0
2.854648127E2,3.050848842E-1,2.608176768E-1,9.927821159E0
2.854849247E2,2.943171859E-1,2.554338276E-1,9.929018021E0
2.855050368E2,3.038884699E-1,2.638086975E-1,9.928419113E0
2.855251489E2,3.008974493E-1,2.608176768E-1,9.930213928E0
2.855452609E2,3.020938635E-1,2.560320199E-1,9.929018021E0
2.855653730E2,2.943171859E-1,2.542374134E-1,9.926026344E0
2.855854850E2,2.961117923E-1,2.590230405E-1,9.929018021E0
2.856055971E2,2.985046208E-1,2.554338276E-1,9.928419113E0
2.856257092E2,3.026920557E-1,2.584248483E-1,9.926624298E0
2.856458212E2,3.056831062E-1,2.620140910E-1,9.918250084E0
2.856659333E2,3.050848842E-1,2.602194548E-1,9.927821159E0
2.856860453E2,3.038884699E-1,2.554338276E-1,9.926026344E0
2.857061574E2,3.002992272E-1,2.536391914E-1,9.932008743E0
2.857262694E2,3.080759048E-1,2.572284341E-1,9.927821159E0
2.857463815E2,2.985046208E-1,2.620140910E-1,9.926624298E0
2.857664936E2,3.020938635E-1,2.572284341E-1,9.924231529E0
2.857866056E2,3.014956415E-1,2.548356056E-1,9.922437668E0
2.858067177E2,3.026920557E-1,2.602194548E-1,9.921240807E0
2.858268297E2,3.008974493E-1,2.590230405E-1,9.924830437E0
2.858469418E2,3.014956415E-1,2.566302419E-1,9.926624298E0
2.858670539E2,3.008974493E-1,2.518445849E-1,9.926026344E0
2.858871659E2,3.008974493E-1,2.584248483E-1,9.921240807E0
2.859072780E2,3.032902777E-1,2.566302419E-1,9.925428391E0
2.859273901E2,3.056831062E-1,2.608176768E-1,9.923035622E0
2.859475021E2,3.014956415E-1,2.566302419E-1,9.924830437E0
2.859676142E2,2.949153781E-1,2.518445849E-1,9.929615974E0
2.859877263E2,2.979064286E-1,2.572284341E-1,9.915857315E0
2.860078383E2,3.026920557E-1,2.590230405E-1,9.923633575E0
2.860279504E2,2.979064286E-1,2.590230405E-1,9.926026344E0
2.860480625E2,3.008974493E-1,2.608176768E-1,9.920044899E0
2.860681745E2,3.044866920E-1,2.608176768E-1,9.920642853E0
2.860882866E2,2.955136001E-1,2.608176768E-1,9.917053223E0
2.861083986E2,3.020938635E-1,2.554338276E-1,9.924830437E0
2.861285107E2,2.949153781E-1,2.620140910E-1,9.932606697E0
2.861486228E2,2.973082066E-1,2.650051117E-1,9.926624298E0
2.861687348E2,3.038884699E-1,2.590230405E-1,9.926026344E0
2.861888469E2,2.991028428E-1,2.572284341E-1,9.930213928E0
2.862089590E2,2.925225794E-1,2.560320199E-1,9.926624298E0
2.862290710E2,3.008974493E-1,2.620140910E-1,9.925428391E0
2.862491831E2,2.925225794E-1,2.536391914E-1,9.925428391E0
2.862692952E2,2.979064286E-1,2.614158690E-1,9.918848038E0
2.862894072E2,2.985046208E-1,2.620140910E-1,9.927821159E0
2.863095193E2,2.979064286E-1,2.650051117E-1,9.925428391E0
2.863296314E2,2.943171859E-1,2.590230405E-1,9.929018021E0
2.863497434E2,2.979064286E-1,2.590230405E-1,9.929018021E0
2.863698555E2,2.997010350E-1,2.560320199E-1,9.927223206E0
2.863899676E2,2.967100143E-1,2.530409992E-1,9.921240807E0
2.864100796E2,3.068794906E-1,2.590230405E-1,9.923633575E0
2.864301917E2,3.020938635E-1,2.620140910E-1,9.926026344E0
2.864503037E2,3.014956415E-1,2.650051117E-1,9.925428391E0
2.864704158E2,2.991028428E-1,2.596212626E-1,9.924830437E0
2.864905279E2,2.961117923E-1,2.554338276E-1,9.924830437E0
2.865106399E2,2.973082066E-1,2.536391914E-1,9.923633575E0
2.865307520E2,3.014956415E-1,2.554338276E-1,9.924830437E0
2.865508641E2,3.068794906E-1,2.608176768E-1,9.922437668E0
2.865709761E2,3.044866920E-1,2.554338276E-1,9.924830437E0
2.865910882E2,3.086741269E-1,2.536391914E-1,9.925428391E0
2.866112003E2,3.050848842E-1,2.524427772E-1,9.923035622E0
2.866313123E2,2.985046208E-1,2.578266263E-1,9.926624298E0
2.866514244E2,3.050848842E-1,2.524427772E-1,9.930213928E0
2.866715364E2,3.008974493E-1,2.650051117E-1,9.922437668E0
2.866916485E2,3.014956415E-1,2.638086975E-1,9.921240807E0
2.867117606E2,3.020938635E-1,2.572284341E-1,9.925428391E0
2.867318726E2,2.967100143E-1,2.644068897E-1,9.926624298E0
2.867519847E2,2.955136001E-1,2.542374134E-1,9.930811882E0
2.867720968E2,3.038884699E-1,2.590230405E-1,9.926624298E0
2.867922088E2,3.056831062E-1,2.632105052E-1,9.925428391E0
2.868123209E2,3.002992272E-1,2.584248483E-1,9.929018021E0
2.868324330E2,3.032902777E-1,2.614158690E-1,9.931410789E0
2.868525450E2,3.002992272E-1,2.590230405E-1,9.929615974E0
2.868726571E2,3.008974493E-1,2.572284341E-1,9.927223206E0
2.868927691E2,2.925225794E-1,2.626122832E-1,9.927821159E0
2.869128812E2,2.949153781E-1,2.638086975E-1,9.925428391E0
2.869329933E2,2.949153781E-1,2.584248483E-1,9.928419113E0
2.869531053E2,2.991028428E-1,2.596212626E-1,9.918848038E0
2.869732174E2,3.002992272E-1,2.554338276E-1,9.920044899E0
2.869933295E2,3.032902777E-1,2.632105052E-1,9.920642853E0
2.870134415E2,3.020938635E-1,2.572284341E-1,9.922437668E0
2.870335536E2,2.997010350E-1,2.548356056E-1,9.921240807E0
2.870536657E2,2.967100143E-1,2.632105052E-1,9.929018021E0
2.870737777E2,3.026920557E-1,2.572284341E-1,9.924830437E0
2.870938898E2,3.014956415E-1,2.548356056E-1,9.923035622E0
2.871140019E2,2.973082066E-1,2.602194548E-1,9.929018021E0
2.871341139E2,3.002992272E-1,2.656033039E-1,9.925428391E0
2.871542260E2,2.973082066E-1,2.614158690E-1,9.930811882E0
2.871743381E2,3.002992272E-1,2.560320199E-1,9.929018021E0
2.871944501E2,3.002992272E-1,2.542374134E-1,9.921240807E0
2.872145622E2,3.020938635E-1,2.584248483E-1,9.917651176E0
2.872346742E2,3.020938635E-1,2.572284341E-1,9.923035622E0
2.872547863E2,2.931207716E-1,2.560320199E-1,9.924830437E0
2.872748984E2,3.008974493E-1,2.590230405E-1,9.924231529E0
2.872950104E2,2.973082066E-1,2.548356056E-1,9.936196327E0
2.873151225E2,3.032902777E-1,2.626122832E-1,9.921240807E0
2.873352346E2,2.961117923E-1,2.596212626E-1,9.924830437E0
2.873553467E2,2.985046208E-1,2.530409992E-1,9.921838760E0
2.873754587E2,3.008974493E-1,2.626122832E-1,9.923633575E0
2.873955708E2,3.044866920E-1,2.524427772E-1,9.922437668E0
2.874156829E2,2.955136001E-1,2.602194548E-1,9.918848038E0
2.874357949E2,2.985046208E-1,2.620140910E-1,9.924231529E0
2.874559070E2,3.074777126E-1,2.620140910E-1,9.926624298E0
2.874760191E2,3.056831062E-1,2.560320199E-1,9.923633575E0
2.874961311E2,2.955136001E-1,2.542374134E-1,9.925428391E0
2.875162432E2,2.997010350E-1,2.536391914E-1,9.931410789E0
2.875363552E2,2.955136001E-1,2.626122832E-1,9.919445992E0
2.875564673E2,2.997010350E-1,2.560320199E-1,9.918848038E0
2.875765794E2,2.973082066E-1,2.620140910E-1,9.926026344E0
2.875966914E2,3.056831062E-1,2.590230405E-1,9.930213928E0
2.876168035E2,3.044866920E-1,2.644068897E-1,9.921240807E0
2.876369156E2,2.973082066E-1,2.602194548E-1,9.936794281E0
2.876570277E2,2.979064286E-1,2.566302419E-1,9.924830437E0
2.876771397E2,2.997010350E-1,2.614158690E-1,9.923035622E0
2.876972518E2,2.949153781E-1,2.679961324E-1,9.927223206E0
2.877173639E2,2.979064286E-1,2.632105052E-1,9.928419113E0
2.877374759E2,3.014956415E-1,2.578266263E-1,9.927223206E0
2.877575880E2,3.014956415E-1,2.620140910E-1,9.930213928E0
2.877777001E2,2.949153781E-1,2.620140910E-1,9.925428391E0
2.877978121E2,2.973082066E-1,2.608176768E-1,9.924231529E0
2.878179242E2,3.002992272E-1,2.614158690E-1,9.925428391E0
2.878380363E2,2.997010350E-1,2.602194548E-1,9.927223206E0
2.878581483E2,2.997010350E-1,2.542374134E-1,9.923633575E0
2.878782604E2,3.008974493E-1,2.596212626E-1,9.930811882E0
2.878983725E2,3.008974493E-1,2.566302419E-1,9.924231529E0
2.879184845E2,2.955136001E-1,2.608176768E-1,9.923633575E0
2.879385966E2,2.979064286E-1,2.584248483E-1,9.918848038E0
2.879587086E2,2.973082066E-1,2.602194548E-1,9.930213928E0
2.879788207E2,3.032902777E-1,2.572284341E-1,9.927821159E0
2.879989328E2,2.949153781E-1,2.554338276E-1,9.934401512E0
2.880190448E2,2.991028428E-1,2.584248483E-1,9.926624298E0
2.880391569E2,3.002992272E-1,2.518445849E-1,9.928419113E0
2.880592690E2,3.002992272E-1,2.554338276E-1,9.925428391E0
2.880793810E2,2.997010350E-1,2.548356056E-1,9.920642853E0
2.880994931E2,3.056831062E-1,2.602194548E-1,9.929615974E0
2.881196052E2,3.026920557E-1,2.542374134E-1,9.923035622E0
2.881397172E2,3.056831062E-1,2.518445849E-1,9.926624298E0
2.881598293E2,3.068794906E-1,2.566302419E-1,9.926026344E0
2.881799414E2,3.062812984E-1,2.542374134E-1,9.926026344E0
2.882000534E2,2.979064286E-1,2.644068897E-1,9.935597420E0
2.882201655E2,2.955136001E-1,2.536391914E-1,9.925428391E0
2.882402776E2,3.038884699E-1,2.626122832E-1,9.922437668E0
2.882603896E2,2.967100143E-1,2.578266263E-1,9.920044899E0
2.882805017E2,3.008974493E-1,2.602194548E-1,9.927821159E0
2.883006138E2,3.026920557E-1,2.602194548E-1,9.930811882E0
2.883207258E2,2.991028428E-1,2.614158690E-1,9.932008743E0
2.883408379E2,2.991028428E-1,2.578266263E-1,9.926624298E0
2.883609500E2,3.032902777E-1,2.620140910E-1,9.923633575E0
2.883810620E2,3.008974493E-1,2.620140910E-1,9.923633575E0
2.884011741E2,2.997010350E-1,2.596212626E-1,9.926026344E0
2.884212862E2,3.080759048E-1,2.560320199E-1,9.929018021E0
2.884413982E2,2.985046208E-1,2.620140910E-1,9.920044899E0
2.884615103E2,3.038884699E-1,2.578266263E-1,9.931410789E0
2.884816224E2,2.943171859E-1,2.614158690E-1,9.930811882E0
2.885017344E2,3.038884699E-1,2.602194548E-1,9.922437668E0
2.885218465E2,2.979064286E-1,2.530409992E-1,9.926624298E0
2.885419586E2,3.050848842E-1,2.554338276E-1,9.924830437E0
2.885620706E2,2.955136001E-1,2.626122832E-1,9.930213928E0
2.885821827E2,2.997010350E-1,2.662015259E-1,9.929615974E0
2.886022948E2,3.032902777E-1,2.548356056E-1,9.932008743E0
2.886224069E2,3.032902777E-1,2.554338276E-1,9.922437668E0
2.886425189E2,2.985046208E-1,2.542374134E-1,9.934401512E0
2.886626310E2,2.943171859E-1,2.572284341E-1,9.932606697E0
2.886827431E2,2.985046208E-1,2.620140910E-1,9.930811882E0
2.887028551E2,3.020938635E-1,2.560320199E-1,9.923633575E0
2.887229672E2,3.002992272E-1,2.596212626E-1,9.924231529E0
2.887430793E2,2.997010350E-1,2.578266263E-1,9.924830437E0
2.887631913E2,2.949153781E-1,2.608176768E-1,9.929018021E0
2.887833034E2,2.949153781E-1,2.614158690E-1,9.934401512E0
2.888034155E2,2.997010350E-1,2.614158690E-1,9.924231529E0
2.888235276E2,3.002992272E-1,2.524427772E-1,9.929018021E0
2.888436396E2,3.068794906E-1,2.584248483E-1,9.929018021E0
2.888637517E2,3.002992272E-1,2.667997181E-1,9.935597420E0
2.888838638E2,2.991028428E-1,2.614158690E-1,9.930811882E0
2.889039758E2,2.949153781E-1,2.620140910E-1,9.925428391E0
2.889240879E2,2.979064286E-1,2.572284341E-1,9.924231529E0
2.889442000E2,2.967100143E-1,2.554338276E-1,9.924231529E0
2.889643120E2,2.967100143E-1,2.596212626E-1,9.922437668E0
2.889844241E2,2.997010350E-1,2.614158690E-1,9.930811882E0
2.890045361E2,2.955136001E-1,2.602194548E-1,9.923035622E0
2.890246482E2,3.008974493E-1,2.602194548E-1,9.926026344E0
2.890447603E2,2.997010350E-1,2.620140910E-1,9.929018021E0
2.890648723E2,3.038884699E-1,2.596212626E-1,9.929018021E0
2.890849844E2,2.997010350E-1,2.590230405E-1,9.930213928E0
2.891050965E2,3.002992272E-1,2.524427772E-1,9.923035622E0
2.891252085E2,2.973082066E-1,2.554338276E-1,9.920044899E0
2.891453206E2,2.955136001E-1,2.596212626E-1,9.927223206E0
2.891654327E2,2.985046208E-1,2.644068897E-1,9.930213928E0
2.891855447E2,2.991028428E-1,2.620140910E-1,9.924830437E0
2.892056568E2,2.997010350E-1,2.560320199E-1,9.930811882E0
2.892257689E2,3.008974493E-1,2.608176768E-1,9.928419113E0
2.892458809E2,2.961117923E-1,2.590230405E-1,9.921838760E0
2.892659930E2,3.002992272E-1,2.626122832E-1,9.925428391E0
2.892861051E2,3.032902777E-1,2.662015259E-1,9.927223206E0
2.893062172E2,2.985046208E-1,2.572284341E-1,9.927821159E0
2.893263292E2,3.020938635E-1,2.626122832E-1,9.927821159E0
2.893464413E2,2.979064286E-1,2.548356056E-1,9.927821159E0
2.893665534E2,2.925225794E-1,2.578266263E-1,9.924231529E0
2.893866654E2,2.967100143E-1,2.632105052E-1,9.922437668E0
2.894067775E2,2.979064286E-1,2.542374134E-1,9.925428391E0
2.894268896E2,2.985046208E-1,2.578266263E-1,9.923633575E0
2.894470016E2,2.997010350E-1,2.650051117E-1,9.931410789E0
2.894671137E2,2.919243574E-1,2.572284341E-1,9.932008743E0
2.894872258E2,2.991028428E-1,2.584248483E-1,9.927223206E0
2.895073379E2,2.973082066E-1,2.524427772E-1,9.932606697E0
2.895274499E2,3.002992272E-1,2.542374134E-1,9.930811882E0
2.895475620E2,2.997010350E-1,2.620140910E-1,9.918848038E0
2.895676741E2,2.979064286E-1,2.626122832E-1,9.930213928E0
2.895877861E2,2.997010350E-1,2.608176768E-1,9.926624298E0
2.896078982E2,2.949153781E-1,2.602194548E-1,9.933204651E0
2.896280103E2,2.931207716E-1,2.662015259E-1,9.933204651E0
2.896481223E2,2.985046208E-1,2.656033039E-1,9.934999466E0
2.896682344E2,3.032902777E-1,2.602194548E-1,9.924830437E0
2.896883465E2,3.044866920E-1,2.644068897E-1,9.926624298E0
2.897084585E2,3.026920557E-1,2.608176768E-1,9.927821159E0
2.897285706E2,2.997010350E-1,2.590230405E-1,9.923633575E0
2.897486827E2,3.056831062E-1,2.536391914E-1,9.929018021E0
2.897687947E2,3.008974493E-1,2.614158690E-1,9.923035622E0
2.897889068E2,3.008974493E-1,2.602194548E-1,9.926624298E0
2.898090189E2,3.086741269E-1,2.650051117E-1,9.926026344E0
2.898291309E2,2.961117923E-1,2.584248483E-1,9.925428391E0
2.898492430E2,2.997010350E-1,2.584248483E-1,9.923633575E0
2.898693551E2,2.997010350E-1,2.626122832E-1,9.929615974E0
2.898894671E2,2.979064286E-1,2.572284341E-1,9.930811882E0
2.899095792E2,3.014956415E-1,2.590230405E-1,9.929615974E0
2.899296913E2,3.014956415E-1,2.548356056E-1,9.924231529E0
2.899498033E2,2.991028428E-1,2.554338276E-1,9.926624298E0
2.899699154E2,2.973082066E-1,2.614158690E-1,9.930811882E0
2.899900275E2,2.913261652E-1,2.512463629E-1,9.925428391E0
2.900101395E2,3.002992272E-1,2.578266263E-1,9.930213928E0
2.900302516E2,3.008974493E-1,2.542374134E-1,9.923035622E0
2.900503637E2,3.038884699E-1,2.566302419E-1,9.931410789E0
2.900704758E2,2.991028428E-1,2.566302419E-1,9.924830437E0
2.900905878E2,3.014956415E-1,2.602194548E-1,9.927223206E0
2.901106999E2,3.008974493E-1,2.584248483E-1,9.926624298E0
2.901308120E2,3.008974493E-1,2.608176768E-1,9.927821159E0
2.901509240E2,3.020938635E-1,2.584248483E-1,9.928419113E0
2.901710361E2,2.997010350E-1,2.644068897E-1,9.921240807E0
2.901911482E2,3.008974493E-1,2.608176768E-1,9.928419113E0
2.902112603E2,2.955136001E-1,2.638086975E-1,9.918848038E0
2.902313723E2,3.020938635E-1,2.572284341E-1,9.922437668E0
2.902514844E2,2.997010350E-1,2.554338276E-1,9.927223206E0
2.902715965E2,2.961117923E-1,2.632105052E-1,9.926624298E0
2.902917085E2,3.038884699E-1,2.554338276E-1,9.925428391E0
2.903118206E2,2.973082066E-1,2.602194548E-1,9.928419113E0
2.903319327E2,3.002992272E-1,2.608176768E-1,9.925428391E0
2.903520447E2,3.020938635E-1,2.602194548E-1,9.924830437E0
2.903721568E2,3.008974493E-1,2.566302419E-1,9.927821159E0
2.903922689E2,3.026920557E-1,2.524427772E-1,9.926624298E0
2.904123809E2,3.062812984E-1,2.566302419E-1,9.927821159E0
2.904324930E2,2.973082066E-1,2.608176768E-1,9.928419113E0
2.904526051E2,2.955136001E-1,2.608176768E-1,9.927821159E0
2.904727171E2,3.008974493E-1,2.608176768E-1,9.933803558E0
2.904928292E2,2.997010350E-1,2.584248483E-1,9.933204651E0
2.905129413E2,2.997010350E-1,2.650051117E-1,9.930213928E0
2.905330533E2,3.026920557E-1,2.578266263E-1,9.926624298E0
2.905531654E2,3.008974493E-1,2.632105052E-1,9.927821159E0
2.905732775E2,2.979064286E-1,2.608176768E-1,9.926624298E0
2.905933895E2,2.919243574E-1,2.608176768E-1,9.931410789E0
2.906135016E2,2.991028428E-1,2.590230405E-1,9.930213928E0
2.906336137E2,2.979064286E-1,2.626122832E-1,9.931410789E0
2.906537257E2,3.002992272E-1,2.662015259E-1,9.929615974E0
2.906738378E2,3.032902777E-1,2.536391914E-1,9.920642853E0
2.906939499E2,2.931207716E-1,2.608176768E-1,9.924231529E0
2.907140620E2,3.008974493E-1,2.596212626E-1,9.931410789E0
2.907341740E2,2.961117923E-1,2.542374134E-1,9.927821159E0
2.907542861E2,3.068794906E-1,2.566302419E-1,9.927821159E0
2.907743982E2,2.979064286E-1,2.578266263E-1,9.921838760E0
2.907945102E2,3.032902777E-1,2.566302419E-1,9.930811882E0
2.908146223E2,2.991028428E-1,2.566302419E-1,9.925428391E0
2.908347344E2,3.050848842E-1,2.554338276E-1,9.926624298E0
2.908548465E2,2.991028428E-1,2.632105052E-1,9.929615974E0
2.908749585E2,3.008974493E-1,2.608176768E-1,9.929018021E0
2.908950706E2,3.026920557E-1,2.590230405E-1,9.930213928E0
2.909151827E2,2.949153781E-1,2.673979402E-1,9.927223206E0
2.909352947E2,3.002992272E-1,2.614158690E-1,9.924231529E0
2.909554068E2,2.979064286E-1,2.578266263E-1,9.924830437E0
2.909755189E2,3.002992272E-1,2.596212626E-1,9.930213928E0
2.909956309E2,2.955136001E-1,2.626122832E-1,9.923633575E0
2.910157430E2,3.050848842E-1,2.602194548E-1,9.932008743E0
2.910358551E2,2.979064286E-1,2.542374134E-1,9.922437668E0
2.910559671E2,3.044866920E-1,2.632105052E-1,9.925428391E0
2.910760792E2,3.038884699E-1,2.578266263E-1,9.924231529E0
2.910961913E2,3.002992272E-1,2.584248483E-1,9.923035622E0
2.911163033E2,3.026920557E-1,2.560320199E-1,9.924231529E0
2.911364154E2,3.002992272E-1,2.530409992E-1,9.923633575E0
2.911565275E2,3.032902777E-1,2.602194548E-1,9.923035622E0
2.911766395E2,3.020938635E-1,2.614158690E-1,9.926026344E0
2.911967516E2,2.961117923E-1,2.584248483E-1,9.929615974E0
2.912168637E2,3.038884699E-1,2.614158690E-1,9.934999466E0
2.912369757E2,2.973082066E-1,2.584248483E-1,9.925428391E0
2.912570878E2,3.032902777E-1,2.530409992E-1,9.929018021E0
2.912771999E2,3.032902777E-1,2.572284341E-1,9.927821159E0
2.912973119E2,3.014956415E-1,2.632105052E-1,9.926026344E0
2.913174240E2,3.020938635E-1,2.590230405E-1,9.931410789E0
2.913375361E2,3.008974493E-1,2.548356056E-1,9.926026344E0
2.913576481E2,3.026920557E-1,2.614158690E-1,9.933803558E0
2.913777602E2,2.973082066E-1,2.590230405E-1,9.930811882E0
2.913978723E2,2.979064286E-1,2.620140910E-1,9.930213928E0
2.914179844E2,2.961117923E-1,2.578266263E-1,9.929615974E0
2.914380964E2,3.014956415E-1,2.590230405E-1,9.933204651E0
2.914582085E2,3.026920557E-1,2.608176768E-1,9.929615974E0
2.914783206E2,2.943171859E-1,2.566302419E-1,9.927223206E0
2.914984327E2,2.985046208E-1,2.626122832E-1,9.926026344E0
2.915185447E2,3.032902777E-1,2.536391914E-1,9.930811882E0
2.915386568E2,2.991028428E-1,2.608176768E-1,9.936196327E0
2.915587689E2,3.014956415E-1,2.530409992E-1,9.929615974E0
2.915788809E2,3.032902777E-1,2.673979402E-1,9.930811882E0
2.915989930E2,2.997010350E-1,2.584248483E-1,9.935597420E0
2.916191051E2,3.002992272E-1,2.590230405E-1,9.926026344E0
2.916392171E2,2.997010350E-1,2.572284341E-1,9.925428391E0
2.916593292E2,2.967100143E-1,2.584248483E-1,9.926026344E0
2.916794413E2,3.038884699E-1,2.566302419E-1,9.930213928E0
2.916995533E2,3.014956415E-1,2.596212626E-1,9.925428391E0
2.917196654E2,3.098705411E-1,2.572284341E-1,9.927223206E0
2.917397775E2,2.997010350E-1,2.524427772E-1,9.928419113E0
2.917598895E2,3.062812984E-1,2.578266263E-1,9.930811882E0
2.917800016E2,3.026920557E-1,2.518445849E-1,9.923035622E0
2.918001136E2,2.973082066E-1,2.596212626E-1,9.923035622E0
2.918202257E2,2.997010350E-1,2.644068897E-1,9.928419113E0
2.918403378E2,2.961117923E-1,2.626122832E-1,9.932008743E0
2.918604498E2,3.062812984E-1,2.614158690E-1,9.932008743E0
2.918805619E2,3.008974493E-1,2.662015259E-1,9.927821159E0
2.919006740E2,3.032902777E-1,2.578266263E-1,9.926624298E0
2.919207861E2,3.002992272E-1,2.578266263E-1,9.930213928E0
2.919408981E2,3.044866920E-1,2.536391914E-1,9.930213928E0
2.919610102E2,2.955136001E-1,2.614158690E-1,9.927223206E0
2.919811223E2,3.014956415E-1,2.614158690E-1,9.929615974E0
2.920012343E2,3.092723191E-1,2.632105052E-1,9.926026344E0
2.920213464E2,3.038884699E-1,2.542374134E-1,9.926026344E0
2.920414585E2,2.943171859E-1,2.584248483E-1,9.925428391E0
2.920615706E2,3.074777126E-1,2.614158690E-1,9.926624298E0
2.920816826E2,3.002992272E-1,2.614158690E-1,9.927223206E0
2.921017947E2,3.002992272E-1,2.548356056E-1,9.924231529E0
2.921219068E2,2.895315289E-1,2.524427772E-1,9.916455269E0
2.921420188E2,2.805584669E-1,2.626122832E-1,9.989436150E0
2.921621309E2,3.720839322E-1,2.602194548E-1,9.997811317E0
2.921822430E2,2.715853751E-1,2.709871531E-1,9.753743172E0
2.922023551E2,3.152543902E-1,2.404786795E-1,9.996016502E0
2.922224671E2,4.894518852E0,-7.489534616E-1,1.006301594E1
2.922425792E2,3.787838221E0,-1.293918848E0,8.754141808E0
2.922626913E2,-3.909872293E0,8.566305041E-1,1.086879826E1
2.922828033E2,-4.226921082E0,1.804786444E0,1.029930687E1
2.923029154E2,-1.220339537E-1,-3.409772366E-2,9.891330719E0
2.923230275E2,1.788634896E0,-3.571287692E-1,1.025922680E1
2.923431395E2,2.290529490E0,1.351944804E-1,1.052483082E1
2.923632516E2,1.389631748E0,3.182454109E-1,9.777671814E0
2.923833636E2,-1.806581169E-1,-7.561319470E-1,1.005045319E1
2.924034757E2,9.684949517E-1,-2.161915302E0,1.036630630E1
2.924235878E2,-2.494517565E0,3.288336515E0,1.197428226E1
2.924436998E2,-2.197807550E0,5.554937840E0,9.872187614E0
2.924638119E2,-3.599403381E0,3.308077157E-1,1.035613632E1
2.924839240E2,-8.349754333E0,-1.009771109E0,7.449455261E0
2.925040360E2,-7.906484127E0,7.782655358E-1,4.254438877E0
2.925241481E2,-8.836693764E0,-3.887140274E0,4.493721008E0
2.925442602E2,-7.213762283E0,-4.479962349E0,8.999405861E0
2.925643723E2,1.170688510E0,-1.435693622E0,1.155254745E1
2.925844843E2,1.235892892E0,5.060819983E-1,1.286022568E1
2.926045964E2,-4.832903385E0,2.050648928E0,1.019402313E1
2.926247085E2,-9.354142189E0,1.441077471E0,7.378268719E0
2.926448205E2,-1.079103184E1,-5.353940725E-1,5.085944653E0
2.926649326E2,-1.055593681E1,-2.088934183E0,3.856033802E0
2.926850447E2,-9.313464165E0,-7.345965505E-1,1.771885157E0
2.927051568E2,-1.431805229E1,3.451646566E-1,5.710471153E0
2.927252688E2,-1.439881039E1,-1.252044439E0,1.216690540E1
2.927453809E2,-5.256433010E0,-3.474378586E0,1.172782230E1
2.927654930E2,-4.610969067E0,-3.793820381E0,3.643072367E0
2.927856050E2,-1.081316566E1,-2.114656925E0,-1.110269666E0
2.928057171E2,-1.376650715E1,-1.244267821E0,7.842476368E-1
2.928258292E2,-1.539781380E1,-3.720839262E0,-1.501496136E-1
2.928459413E2,-1.405244923E1,-4.103690624E0,-6.019145489E0
2.928660533E2,-9.034101486E0,-4.296911240E0,-7.460222721E0
2.928861654E2,-8.268398285E0,-3.265604734E0,-7.889136314E0
2.929062775E2,-1.051645565E1,-2.559123755E0,-3.865604877E0
2.929263895E2,-1.090648556E1,-2.935993433E0,-4.320839405E0
2.929465016E2,-9.202198029E0,-1.865205288E0,-5.765506268E0
2.929666136E2,-8.597412109E0,-1.347757339E0,-6.343372822E0
2.929867257E2,-7.358527660E0,-5.120640397E-1,-4.630710125E0
2.930068378E2,-6.095117569E0,4.049852192E-1,-6.472585201E-1
2.930269498E2,-6.478567123E0,1.066002488E0,7.393822074E-1
2.930470619E2,-6.330212116E0,7.022934556E-1,1.965105653E0
2.930671740E2,-5.527420521E0,1.834098577E0,4.144967079E0
2.930872860E2,-6.339783669E0,1.378265858E0,4.350749969E0
2.931073981E2,-4.976472855E0,2.057827473E0,4.199403763E0
2.931275102E2,-1.811366796E0,2.632104874E0,4.725226402E0
2.931476222E2,1.372882009E0,1.676770449E0,5.382056236E0
2.931677343E2,2.985644341E0,2.608774900E0,6.736992359E0
2.931878464E2,2.720041037E0,3.667000771E0,7.533204079E0
2.932079584E2,2.642872572E0,4.034897327E0,8.267800331E0
2.932280705E2,1.948355794E0,4.391427994E0,8.784649849E0
2.932481826E2,1.840080619E0,4.911866665E0,9.087342262E0
2.932682946E2,3.592823267E0,5.440082073E0,9.207581520E0
2.932884067E2,4.640281200E0,5.690730572E0,8.481958389E0
2.933085188E2,5.866602898E0,5.209175110E0,7.868797302E0
2.933286309E2,7.278368473E0,5.501697540E0,6.259026051E0
2.933487429E2,6.304489613E0,5.066802025E0,5.288137913E0
2.933688550E2,3.813561201E0,3.388834953E0,4.635495663E0
2.933889671E2,3.130410194E0,2.181057930E0,4.668995380E0
2.934090791E2,6.649653912E0,2.421536446E0,7.376473904E0
2.934291912E2,8.243872643E0,3.569493294E0,9.554540634E0
2.934493033E2,7.034300327E0,2.750549555E0,1.026999474E1
2.934694154E2,4.291527271E0,2.290529490E0,1.007198906E1
2.934895274E2,2.961716175E0,2.005185366E0,1.063071251E1
2.935096395E2,3.863212109E0,1.082154036E0,1.236610699E1
2.935297516E2,3.958326817E0,1.300499082E0,1.471406460E1
2.935498636E2,2.126621008E0,1.631306887E0,1.348893929E1
2.935699757E2,1.543968797E0,6.029314995E0,5.684150219E0
2.935900878E2,4.471587181E0,5.397011280E0,8.060222626E0
2.936101998E2,2.725425005E0,2.624328136E0,7.311867714E0
2.936303119E2,3.329612732E0,2.842075109E0,5.806782246E0
2.936504240E2,2.903690338E0,2.218744755E0,6.755536556E0
2.936705360E2,3.027518749E0,1.820937991E0,6.585646152E0
2.936906481E2,4.704887390E0,1.510469317E0,4.270590305E0
2.937107602E2,4.839483738E0,1.786242127E0,3.397808075E0
2.937308722E2,3.751347780E0,1.289731383E0,2.035693884E0
2.937509843E2,1.533201098E0,5.802595019E-1,1.544566989E0
2.937710964E2,-5.808576941E-1,1.639083475E-1,1.715055585E0
2.937912084E2,-1.110867858E0,1.114457130E0,2.451446772E0
2.938113205E2,-7.052844763E-1,4.125226021E0,6.317649841E0
2.938314326E2,-1.571486235E0,7.229913712E0,1.026819992E1
2.938515446E2,-1.436291814E0,8.379066467E0,9.215357780E0
2.938716567E2,2.333002090E0,1.075155067E1,1.173081303E1
2.938917688E2,1.398006678E0,1.002413273E1,1.928016853E1
2.939118808E2,-3.975674868E0,5.062016487E0,2.530768776E1
2.939319929E2,-3.330210924E0,2.874378204E0,2.390310097E1
2.939521050E2,-1.265803218E0,3.237488985E0,1.759622002E1
2.939722170E2,-1.622333765E0,4.444069862E0,8.922835350E0
2.939923291E2,-1.643869162E0,6.982854843E0,4.770689964E0
2.940124411E2,-3.732205153E0,7.056434155E0,7.220940590E0
2.940325532E2,-5.069792747E0,4.572684288E0,9.471988678E0
2.940526653E2,-4.189832687E0,4.329812527E0,1.087478065E1
2.940727774E2,-3.445664644E0,4.727021217E0,1.127198887E1
2.940928894E2,-3.269792080E0,4.164707661E0,1.049192905E1
2.941130015E2,-2.449652195E0,3.691527128E0,9.260223389E0
2.941331136E2,-3.934398651E0,4.115056515E0,8.290532112E0
2.941532257E2,-1.591227055E0,3.639483213E0,8.920442581E0
2.941733377E2,3.852444589E-1,3.802195072E0,6.975078106E0
2.941934498E2,-3.571287692E-1,5.121836662E0,5.514857769E0
2.942135619E2,-7.513462901E-1,5.790630817E0,5.870790482E0
2.942336739E2,-8.919246197E-1,5.969494343E0,6.701697826E0
2.942537860E2,-6.795616150E-1,6.039484501E0,7.310671329E0
2.942738981E2,-5.228317380E-1,6.200999737E0,7.377072334E0
2.942940101E2,-2.063809484E-1,6.206982136E0,7.302296638E0
2.943141222E2,3.218346536E-1,5.896512985E0,7.286144733E0
2.943342343E2,8.787640929E-1,5.434698582E0,7.201797962E0
2.943543463E2,3.194418252E-1,5.311468124E0,7.484749317E0
2.943744584E2,-2.225325108E-1,5.651248932E0,7.969295979E0
2.943945705E2,6.747759581E-1,5.566303730E0,7.860422611E0
2.944146826E2,9.379864931E-1,4.793421745E0,7.546962738E0
2.944347946E2,7.016952634E-1,4.399204254E0,7.487740040E0
2.944549067E2,2.075773716E0,4.462016106E0,6.924828529E0
2.944750188E2,2.815753937E0,4.724628448E0,7.446464062E0
2.944951308E2,1.802991867E0,4.811367989E0,7.430910587E0
2.945152429E2,1.323230863E0,4.794020176E0,7.453642368E0
2.945353550E2,9.457631707E-1,5.025525570E0,8.084151268E0
2.945554670E2,8.727820516E-1,5.077569485E0,8.157132149E0
2.945755791E2,4.642075896E-1,5.350351334E0,8.283951759E0
2.945956911E2,-2.093719840E-1,5.708078384E0,8.519046783E0
2.946158032E2,-5.892325640E-1,5.660820007E0,8.840283394E0
2.946359153E2,-5.126622319E-1,5.465207100E0,8.770293236E0
2.946560273E2,-1.746760458E-1,5.376672268E0,8.490332603E0
2.946761394E2,1.339980662E-1,5.352744102E0,8.344370842E0
2.946962515E2,2.099701911E-1,5.392824173E0,8.267202377E0
2.947163635E2,7.716853172E-2,5.488536835E0,7.976474285E0
2.947364756E2,-1.920240223E-1,5.546562672E0,8.069794655E0
2.947565877E2,-1.495514214E-1,5.433502197E0,8.502895355E0
2.947766997E2,3.589233849E-3,5.321039200E0,8.643473625E0
2.947968118E2,9.571290761E-2,5.260022163E0,8.463413239E0
2.948169239E2,7.058826834E-2,5.176273346E0,8.304290771E0
2.948370359E2,2.213360928E-2,5.056632519E0,8.292924881E0
2.948571480E2,-1.585244983E-1,5.024927616E0,8.272585869E0
2.948772601E2,-5.288137794E-1,5.100301266E0,8.022536278E0
2.948973721E2,-7.597211599E-1,5.102694511E0,8.084749222E0
2.949174842E2,-7.465606928E-1,4.950749874E0,8.359924316E0
2.949375963E2,-4.438686073E-1,4.938187599E0,8.608179092E0
2.949577083E2,-1.160518974E-1,4.882554531E0,8.497511864E0
2.949778204E2,-4.845465720E-2,4.816154003E0,8.912666321E0
2.949979325E2,-5.443671346E-1,5.249852657E0,8.915657043E0
2.950180445E2,-3.786641955E-1,5.497509956E0,8.809774399E0
2.950381566E2,-8.602197170E-1,5.309075356E0,9.365508080E0
2.950582687E2,-7.399803996E-1,5.077569485E0,9.242277145E0
2.950783808E2,-6.376872063E-1,4.969892502E0,9.163313866E0
2.950984928E2,-9.421738982E-1,4.835894585E0,9.108877182E0
2.951186049E2,-1.117448211E0,4.772484779E0,9.019146919E0
2.951387170E2,-1.293918848E0,4.778466702E0,8.982656479E0
2.951588290E2,-1.288534999E0,4.798805714E0,8.828917503E0
2.951789411E2,-1.274776220E0,4.932205677E0,8.334200859E0
2.951990532E2,-1.373480201E0,4.990829945E0,8.089534760E0
2.952191652E2,-1.333998680E0,4.960919380E0,8.169694901E0
2.952392773E2,-1.177268744E0,4.946562767E0,8.312665939E0
2.952593894E2,-1.174875975E0,4.849653244E0,8.591429710E0
2.952795014E2,-1.150349498E0,4.847858906E0,8.675776482E0
2.952996135E2,-1.218544960E0,5.013561726E0,8.641080856E0
2.953197256E2,-1.366899967E0,5.242674351E0,8.734998703E0
2.953398377E2,-1.194616675E0,5.372485161E0,8.695517540E0
2.953599497E2,-9.499505758E-1,5.411368370E0,8.691927910E0
2.953800618E2,-1.096511006E0,5.559723377E0,8.898308754E0
2.954001739E2,-1.234098315E0,5.581857204E0,8.760722160E0
2.954202859E2,-1.286740422E0,5.499902725E0,8.362317085E0
2.954403980E2,-1.534397483E0,5.484947681E0,8.255238533E0
2.954605101E2,-1.567897081E0,5.431707382E0,8.166703224E0
2.954806221E2,-1.496710539E0,5.486144066E0,7.962715626E0
2.955007342E2,-1.478166223E0,5.535795212E0,7.684549809E0
2.955208463E2,-1.445863128E0,5.648856163E0,7.326822758E0
2.955409583E2,-1.734198213E0,5.827121258E0,7.520043373E0
2.955610704E2,-1.725823283E0,5.930012703E0,7.476972580E0
2.955811825E2,-1.408176184E0,5.973681927E0,7.277172089E0
2.956012945E2,-1.385444283E0,6.022734642E0,7.237690449E0
2.956214066E2,-1.395015597E0,6.133402824E0,7.244270325E0
2.956415186E2,-1.350150228E0,6.212365627E0,7.323832035E0
2.956616307E2,-1.293918848E0,6.232704639E0,7.247261524E0
2.956817428E2,-1.313659668E0,6.285346985E0,7.116852760E0
2.957018548E2,-1.467398524E0,6.373881340E0,7.027122021E0
2.957219669E2,-1.519442320E0,6.419344902E0,7.090531826E0
2.957420790E2,-1.487737536E0,6.368497372E0,7.229913712E0
2.957621910E2,-1.475175142E0,6.300900459E0,7.322635651E0
2.957823031E2,-1.465005636E0,6.278168201E0,7.347161770E0
2.958024152E2,-1.536790371E0,6.272186279E0,7.371089935E0
2.958225272E2,-1.680359721E0,6.273382664E0,7.440482140E0
2.958426393E2,-1.645663738E0,6.237490654E0,7.498507977E0
2.958627514E2,-1.579861164E0,6.224329948E0,7.491329670E0
2.958828634E2,-1.555932879E0,6.247061729E0,7.507481098E0
2.959029755E2,-1.551745534E0,6.251847267E0,7.497909546E0
2.959230876E2,-1.465005636E0,6.240481377E0,7.433303356E0
2.959431996E2,-1.398006678E0,6.202196121E0,7.509275436E0
2.959633117E2,-1.488335729E0,6.235097408E0,7.642077446E0
2.959834238E2,-1.575075507E0,6.223731518E0,7.704290867E0
2.960035358E2,-1.469791293E0,6.182455540E0,7.668996811E0
2.960236479E2,-1.400997639E0,6.172883987E0,7.572087288E0
2.960437600E2,-1.319043517E0,6.119643688E0,7.569096088E0
2.960638720E2,-1.345364571E0,6.130411625E0,7.587042332E0
2.960839841E2,-1.365703583E0,6.153741837E0,7.568498135E0
2.961040962E2,-1.274776220E0,6.114858150E0,7.499704361E0
2.961242083E2,-1.277767301E0,6.121438503E0,7.605587006E0
2.961443203E2,-1.313061476E0,6.128616810E0,7.600203037E0
2.961644324E2,-1.310668588E0,6.108876228E0,7.600203037E0
2.961845445E2,-1.296311617E0,6.111268997E0,7.615158081E0
2.962046565E2,-1.196411371E0,6.084948063E0,7.594819069E0
2.962247686E2,-1.155733347E0,6.081358910E0,7.444669247E0
2.962448807E2,-1.310070395E0,6.128616810E0,7.396812916E0
2.962649927E2,-1.448255897E0,6.166304111E0,7.490731239E0
2.962851048E2,-1.358525038E0,6.125626087E0,7.599006653E0
2.963052169E2,-1.341775298E0,6.098108292E0,7.716853142E0
2.963253290E2,-1.356132269E0,6.118447304E0,7.744370461E0
2.963454410E2,-1.381855130E0,6.148357868E0,7.682157040E0
2.963655531E2,-1.475773335E0,6.226124287E0,7.637889862E0
2.963856652E2,-1.456630826E0,6.259624004E0,7.586444378E0
2.964057772E2,-1.453041553E0,6.275177479E0,7.515257835E0
2.964258893E2,-1.429711580E0,6.249454498E0,7.476374149E0
2.964460014E2,-1.395613790E0,6.193821430E0,7.415955544E0
2.964661134E2,-1.502094388E0,6.251847267E0,7.432106972E0
2.964862255E2,-1.481157184E0,6.240481377E0,7.455437183E0
2.965063376E2,-1.430309772E0,6.212964058E0,7.421937466E0
2.965264496E2,-1.471585870E0,6.252445698E0,7.377072334E0
2.965465617E2,-1.413560033E0,6.226722717E0,7.319644451E0
2.965666738E2,-1.438684583E0,6.270989895E0,7.304090977E0
2.965867858E2,-1.508674622E0,6.266802311E0,7.423133850E0
2.966068979E2,-1.387837172E0,6.190232277E0,7.570292473E0
2.966270100E2,-1.281954765E0,6.136393547E0,7.614559650E0
2.966471220E2,-1.379462242E0,6.169294834E0,7.579265594E0
2.966672341E2,-1.469193101E0,6.205785751E0,7.573283672E0
2.966873461E2,-1.454237938E0,6.186044693E0,7.624131203E0
2.967074582E2,-1.429113269E0,6.191428661E0,7.631309509E0
2.967275703E2,-1.405783296E0,6.215356827E0,7.581658363E0
2.967476823E2,-1.450648785E0,6.237490654E0,7.438089371E0
2.967677944E2,-1.482951880E0,6.297909260E0,7.398009300E0
2.967879065E2,-1.454237938E0,6.266802311E0,7.483552933E0
2.968080185E2,-1.461416483E0,6.261418819E0,7.549953461E0
2.968281306E2,-1.496112347E0,6.275177479E0,7.432705402E0
2.968482427E2,-1.506880045E0,6.239883423E0,7.158727169E0
2.968683547E2,-1.594218135E0,6.288337708E0,7.001399040E0
2.968884668E2,-1.556531072E0,6.235097408E0,7.220940590E0
2.969085789E2,-1.369292736E0,6.097510338E0,7.535596848E0
2.969286909E2,-1.437488198E0,6.148955822E0,7.582854748E0
2.969488030E2,-1.608574986E0,6.200999737E0,7.540382385E0
2.969689151E2,-1.584646821E0,6.172883987E0,7.644470215E0
2.969890271E2,-1.484746456E0,6.139384747E0,7.731209755E0
2.970091392E2,-1.482353687E0,6.115456581E0,7.756334782E0
2.970292513E2,-1.505683661E0,6.126822472E0,7.801798344E0
2.970493634E2,-1.534995675E0,6.134000778E0,7.835297585E0
2.970694754E2,-1.516451359E0,6.159125328E0,7.722835064E0
2.970895875E2,-1.500299811E0,6.188437462E0,7.657630444E0
2.971096996E2,-1.463809252E0,6.197410583E0,7.573882103E0
2.971298116E2,-1.417149186E0,6.205785751E0,7.462615490E0
2.971499237E2,-1.409970760E0,6.178866386E0,7.347760201E0
2.971700358E2,-1.485344648E0,6.169294834E0,7.285546780E0
2.971901478E2,-1.509871125E0,6.128616810E0,7.328617573E0
2.972102599E2,-1.548156261E0,6.105287075E0,7.435696602E0
2.972303720E2,-1.671984792E0,6.148357868E0,7.570890903E0
2.972504840E2,-1.621735573E0,6.157330990E0,7.592426300E0
2.972705961E2,-1.522433400E0,6.174080849E0,7.511070251E0
2.972907082E2,-1.508674622E0,6.229713917E0,7.517052174E0
2.973108202E2,-1.530210137E0,6.256034851E0,7.598408222E0
2.973309323E2,-1.542174220E0,6.239284992E0,7.649854183E0
2.973510444E2,-1.480558991E0,6.184250355E0,7.601997375E0
2.973711564E2,-1.524227977E0,6.145965099E0,7.576274872E0
2.973912685E2,-1.554138303E0,6.150152206E0,7.511668682E0
2.974113806E2,-1.543968797E0,6.145366669E0,7.484749317E0
2.974314926E2,-1.521237016E0,6.162714481E0,7.531409264E0
2.974516047E2,-1.521835208E0,6.211169243E0,7.554141045E0
2.974717168E2,-1.478764415E0,6.181857109E0,7.496115208E0
2.974918289E2,-1.367498159E0,6.146563053E0,7.395616531E0
2.975119409E2,-1.440479279E0,6.178866386E0,7.413562775E0
2.975320530E2,-1.510469317E0,6.186044693E0,7.438687325E0
2.975521651E2,-1.500299811E0,6.154339790E0,7.478168964E0
2.975722771E2,-1.532602906E0,6.151947021E0,7.537989616E0
2.975923892E2,-1.529611826E0,6.140581131E0,7.586444378E0
2.976125013E2,-1.540977836E0,6.183651924E0,7.555337429E0
2.976326133E2,-1.563111424E0,6.236892223E0,7.484150887E0
2.976527254E2,-1.502094388E0,6.233303070E0,7.495516777E0
2.976728375E2,-1.457229018E0,6.194419384E0,7.618747234E0
2.976929495E2,-1.427916884E0,6.141777515E0,7.700103283E0
2.977130616E2,-1.489532113E0,6.126224041E0,7.666603565E0
2.977331736E2,-1.590628862E0,6.148955822E0,7.582854748E0
2.977532857E2,-1.602592945E0,6.157928944E0,7.466204643E0
2.977733978E2,-1.616351724E0,6.203392506E0,7.411767960E0
2.977935098E2,-1.591825247E0,6.229713917E0,7.463811874E0
2.978136219E2,-1.460219979E0,6.198009014E0,7.497909546E0
2.978337340E2,-1.411765337E0,6.217749596E0,7.479963779E0
2.978538460E2,-1.430309772E0,6.169294834E0,7.447062492E0
2.978739581E2,-1.456032634E0,6.186044693E0,7.448856831E0
2.978940702E2,-1.431506157E0,6.142375946E0,7.453642368E0
2.979141822E2,-1.508674622E0,6.156732559E0,7.497909546E0
2.979342943E2,-1.514058471E0,6.144768715E0,7.555337429E0
2.979544064E2,-1.447657704E0,6.129215240E0,7.586444378E0
2.979745184E2,-1.398006678E0,6.144768715E0,7.540980339E0
2.979946305E2,-1.455434322E0,6.119643688E0,7.561917782E0
2.980147426E2,-1.503889084E0,6.129813194E0,7.588837147E0
2.980348546E2,-1.587637782E0,6.162714481E0,7.570890903E0
2.980549667E2,-1.661815286E0,6.217151642E0,7.543971539E0
2.980750788E2,-1.654636860E0,6.251249313E0,7.596015453E0
2.980951908E2,-1.555334687E0,6.249454498E0,7.602595806E0
2.981153029E2,-1.561915040E0,6.288337708E0,7.535596848E0
2.981354150E2,-1.641476393E0,6.302096844E0,7.435098171E0
2.981555270E2,-1.603789330E0,6.267400742E0,7.442874908E0
2.981756391E2,-1.490728498E0,6.191428661E0,7.521239758E0
2.981957511E2,-1.469791293E0,6.123831272E0,7.522436142E0
2.982158632E2,-1.525424480E0,6.159723759E0,7.447660446E0
2.982359753E2,-1.513460279E0,6.166304111E0,7.409375191E0
2.982560873E2,-1.434497118E0,6.159125328E0,7.442874908E0
2.982761994E2,-1.356730461E0,6.146563053E0,7.506284714E0
2.982963115E2,-1.412363529E0,6.221937180E0,7.487142086E0
2.983164235E2,-1.562513232E0,6.245266914E0,7.434499741E0
2.983365356E2,-1.518245935E0,6.224329948E0,7.463811874E0
2.983566477E2,-1.462014675E0,6.172286034E0,7.508677483E0
2.983767597E2,-1.473380566E0,6.180660725E0,7.502097130E0
2.983968718E2,-1.553540111E0,6.242874146E0,7.508079052E0
2.984169839E2,-1.646860242E0,6.291328907E0,7.537391186E0
2.984370959E2,-1.612762451E0,6.291927338E0,7.533802032E0
2.984572080E2,-1.507478237E0,6.258427620E0,7.461419106E0
2.984773201E2,-1.488933921E0,6.244070530E0,7.432705402E0
2.984974321E2,-1.488335729E0,6.219544411E0,7.432705402E0
2.985175442E2,-1.512862086E0,6.205785751E0,7.454240799E0
2.985376563E2,-1.472184181E0,6.172286034E0,7.502097130E0
2.985577683E2,-1.387837172E0,6.147161484E0,7.512865067E0
2.985778804E2,-1.498505235E0,6.186044693E0,7.514061451E0
2.985979925E2,-1.493719578E0,6.196812630E0,7.459026337E0
2.986181045E2,-1.408774376E0,6.178866386E0,7.462017536E0
2.986382166E2,-1.469193101E0,6.211767673E0,7.551748276E0
2.986583287E2,-1.508674622E0,6.224927902E0,7.606783390E0
2.986784407E2,-1.437488198E0,6.193821430E0,7.558926582E0
2.986985528E2,-1.411765337E0,6.192625046E0,7.502097130E0
2.987186649E2,-1.515853167E0,6.215955257E0,7.411170006E0
2.987387769E2,-1.596610904E0,6.208178520E0,7.412964344E0
2.987588890E2,-1.576870084E0,6.208776474E0,7.494918823E0
2.987790011E2,-1.561316729E0,6.235097408E0,7.483552933E0
2.987991131E2,-1.543968797E0,6.242276192E0,7.452445984E0
2.988192252E2,-1.497906923E0,6.242874146E0,7.432705402E0
2.988393373E2,-1.552941918E0,6.245266914E0,7.493124008E0
2.988594493E2,-1.561915040E0,6.259026051E0,7.450651646E0
2.988795614E2,-1.490130305E0,6.215356827E0,7.417151928E0
2.988996734E2,-1.407577872E0,6.183651924E0,7.439285755E0
2.989197855E2,-1.433300734E0,6.175875187E0,7.508677483E0
2.989398976E2,-1.528415442E0,6.198009014E0,7.566703320E0
2.989600097E2,-1.516451359E0,6.181259155E0,7.591827869E0
2.989801217E2,-1.445863128E0,6.152545452E0,7.629515171E0
2.990002338E2,-1.538584948E0,6.157330990E0,7.644470215E0
2.990203459E2,-1.623530149E0,6.234499454E0,7.564310551E0
2.990404579E2,-1.613360643E0,6.263811588E0,7.466803074E0
2.990605700E2,-1.486541033E0,6.228517532E0,7.408777237E0
2.990806821E2,-1.472782373E0,6.212365627E0,7.442276478E0
2.991007941E2,-1.484746456E0,6.233901024E0,7.412366390E0
2.991209062E2,-1.473978758E0,6.218348026E0,7.333403111E0
2.991410182E2,-1.561316729E0,6.213562012E0,7.298707485E0
2.991611303E2,-1.560718536E0,6.179464340E0,7.355536938E0
2.991812424E2,-1.519442320E0,6.166304111E0,7.472187042E0
2.992013544E2,-1.541576028E0,6.206383705E0,7.634898663E0
2.992214665E2,-1.525424480E0,6.199803352E0,7.733004570E0
2.992415786E2,-1.485942841E0,6.204588890E0,7.713861942E0
2.992616906E2,-1.505085468E0,6.202196121E0,7.601997375E0
2.992818027E2,-1.588834286E0,6.212964058E0,7.481758118E0
2.993019148E2,-1.553540111E0,6.202794552E0,7.401598454E0
2.993220268E2,-1.427916884E0,6.149554253E0,7.427919865E0
2.993421389E2,-1.441675663E0,6.143572330E0,7.474579811E0
2.993622510E2,-1.489532113E0,6.172286034E0,7.384250641E0
2.993823630E2,-1.530210137E0,6.220740795E0,7.265207767E0
2.994024751E2,-1.599601984E0,6.256034851E0,7.303493023E0
2.994225871E2,-1.652842283E0,6.265007973E0,7.472187042E0
2.994426992E2,-1.572084427E0,6.185446739E0,7.632505894E0
2.994628113E2,-1.590030670E0,6.169893265E0,7.755736351E0
2.994829233E2,-1.677966833E0,6.190232277E0,7.792825222E0
2.995030354E2,-1.665404558E0,6.205187321E0,7.752147198E0
2.995231475E2,-1.577468276E0,6.194419384E0,7.734799385E0
2.995432595E2,-1.589432478E0,6.200999737E0,7.649255753E0
2.995633716E2,-1.551745534E0,6.199803352E0,7.629515171E0
2.995834837E2,-1.460219979E0,6.212365627E0,7.517052174E0
2.996035957E2,-1.419542074E0,6.181857109E0,7.461419106E0
2.996237078E2,-1.360319614E0,6.190830231E0,7.435098171E0
2.996438199E2,-1.351346612E0,6.156134605E0,7.311867714E0
2.996639319E2,-1.316052437E0,6.165107727E0,7.257431030E0
2.996840440E2,-1.310070395E0,6.143572330E0,7.278966427E0
2.997041561E2,-1.321436286E0,6.151348591E0,7.255038261E0
2.997242681E2,-1.418943882E0,6.192026615E0,7.236494064E0
2.997443802E2,-1.430309772E0,6.211169243E0,7.355536938E0
2.997644922E2,-1.388435364E0,6.191428661E0,7.554141045E0
2.997846043E2,-1.388435364E0,6.166902065E0,7.663014412E0
2.998047164E2,-1.453639746E0,6.173482418E0,7.607979774E0
2.998248284E2,-1.522433400E0,6.188437462E0,7.566703320E0
2.998449405E2,-1.521835208E0,6.165107727E0,7.573283672E0
2.998650526E2,-1.526620865E0,6.151947021E0,7.587042332E0
2.998851646E2,-1.537388563E0,6.166304111E0,7.576872826E0
2.999052767E2,-1.557727575E0,6.206982136E0,7.605587006E0
2.999253888E2,-1.599601984E0,6.257231236E0,7.640881062E0
2.999455008E2,-1.620539188E0,6.279963017E0,7.612765312E0
2.999656129E2,-1.558923960E0,6.246463299E0,7.526623726E0
2.999857250E2,-1.475773335E0,6.195616245E0,7.405188084E0
3.000058370E2,-1.469193101E0,6.187839508E0,7.339983463E0
3.000259491E2,-1.529611826E0,6.188437462E0,7.431509018E0
3.000460611E2,-1.515853167E0,6.159723759E0,7.537391186E0
3.000661732E2,-1.445264935E0,6.115456581E0,7.596015453E0
3.000862853E2,-1.400997639E0,6.087340832E0,7.607979774E0
3.001063973E2,-1.494915962E0,6.112465382E0,7.575676441E0
3.001265094E2,-1.539183140E0,6.169893265E0,7.548757076E0
3.001466215E2,-1.493719578E0,6.163312912E0,7.538587570E0
3.001667335E2,-1.497308731E0,6.171089649E0,7.575078487E0
3.001868456E2,-1.532602906E0,6.171089649E0,7.573283672E0
3.002069577E2,-1.569691658E0,6.178866386E0,7.563114166E0
3.002270697E2,-1.621137381E0,6.187839508E0,7.595417500E0
3.002471818E2,-1.679761529E0,6.241677761E0,7.557132244E0
3.002672939E2,-1.681556106E0,6.273981094E0,7.505088329E0
3.002874059E2,-1.592423439E0,6.240481377E0,7.516454220E0
3.003075180E2,-1.589432478E0,6.250650883E0,7.540382385E0
3.003276301E2,-1.587039590E0,6.242874146E0,7.503293514E0
3.003477421E2,-1.503889084E0,6.203392506E0,7.448856831E0
3.003678542E2,-1.533201098E0,6.170491219E0,7.478168964E0
3.003879663E2,-1.483550072E0,6.164509296E0,7.502695560E0
3.004080783E2,-1.427916884E0,6.147161484E0,7.515855789E0
3.004281904E2,-1.482951880E0,6.134599209E0,7.528418064E0
3.004483025E2,-1.494915962E0,6.125027657E0,7.506284714E0
3.004684145E2,-1.447657704E0,6.105885029E0,7.546364307E0
3.004885266E2,-1.445264935E0,6.183651924E0,7.559525013E0
3.005086386E2,-1.549950838E0,6.235695839E0,7.545167923E0
3.005287507E2,-1.527817249E0,6.288936138E0,7.531409264E0
3.005488628E2,-1.420738459E0,6.239284992E0,7.539783955E0
3.005689748E2,-1.486541033E0,6.241677761E0,7.506284714E0
3.005890869E2,-1.541576028E0,6.236892223E0,7.441678524E0
3.006091990E2,-1.498505235E0,6.193821430E0,7.376473904E0
3.006293110E2,-1.431506157E0,6.162714481E0,7.360322475E0
3.006494231E2,-1.502094388E0,6.193821430E0,7.396812916E0
3.006695352E2,-1.539781332E0,6.215955257E0,7.424330235E0
3.006896472E2,-1.410568953E0,6.181857109E0,7.456633568E0
3.007097593E2,-1.400997639E0,6.203392506E0,7.487142086E0
3.007298714E2,-1.518245935E0,6.236293793E0,7.491329670E0
3.007499834E2,-1.536192179E0,6.263811588E0,7.483552933E0
3.007700955E2,-1.478764415E0,6.220142365E0,7.545167923E0
3.007902075E2,-1.473978758E0,6.198009014E0,7.563712597E0
3.008103196E2,-1.444666624E0,6.181259155E0,7.490133286E0
3.008304317E2,-1.500299811E0,6.196812630E0,7.436892986E0
3.008505437E2,-1.520638824E0,6.214758396E0,7.451249599E0
3.008706558E2,-1.457229018E0,6.180062771E0,7.495516777E0
3.008907678E2,-1.445863128E0,6.172286034E0,7.521239758E0
3.009108799E2,-1.524826288E0,6.214160442E0,7.523632526E0
3.009309920E2,-1.502094388E0,6.227321148E0,7.502695560E0
3.009511040E2,-1.445264935E0,6.203392506E0,7.485347271E0
3.009712161E2,-1.503889084E0,6.202196121E0,7.526623726E0
3.009913282E2,-1.560718536E0,6.225526333E0,7.543373585E0
3.010114402E2,-1.502094388E0,6.209374905E0,7.526623726E0
3.010315523E2,-1.472782373E0,6.180660725E0,7.486543655E0
3.010516643E2,-1.533799291E0,6.201598167E0,7.470392227E0
3.010717764E2,-1.540977836E0,6.205187321E0,7.475776196E0
3.010918885E2,-1.516451359E0,6.207580090E0,7.511668682E0
3.011120005E2,-1.473380566E0,6.194419384E0,7.488338470E0
3.011321126E2,-1.489532113E0,6.202196121E0,7.466803074E0
3.011522247E2,-1.530210137E0,6.204588890E0,7.521239758E0
3.011723367E2,-1.503889084E0,6.198606968E0,7.625925541E0
3.011924488E2,-1.457827210E0,6.191428661E0,7.674978733E0
3.012125608E2,-1.479960799E0,6.209374905E0,7.645068169E0
3.012326729E2,-1.591227055E0,6.219544411E0,7.582854748E0
3.012527850E2,-1.605584025E0,6.241079807E0,7.508677483E0
3.012728970E2,-1.543370605E0,6.209972858E0,7.463213921E0
3.012930091E2,-1.430907965E0,6.148357868E0,7.488936901E0
3.013131211E2,-1.351944804E0,6.145965099E0,7.483552933E0
3.013332332E2,-1.377069473E0,6.186643124E0,7.405188084E0
3.013533453E2,-1.429113269E0,6.207580090E0,7.342376232E0
3.013734573E2,-1.386042476E0,6.172883987E0,7.390830994E0
3.013935694E2,-1.367498159E0,6.141777515E0,7.444071293E0
3.014136815E2,-1.402792215E0,6.174080849E0,7.472784996E0
3.014337935E2,-1.494317770E0,6.185446739E0,7.514061451E0
3.014539056E2,-1.564307809E0,6.215955257E0,7.593024254E0
3.014740177E2,-1.499103427E0,6.195017815E0,7.628318787E0
3.014941297E2,-1.436890006E0,6.154339790E0,7.628318787E0
3.015142418E2,-1.445264935E0,6.163312912E0,7.579864025E0
3.015343539E2,-1.487139225E0,6.188437462E0,7.536194801E0
3.015544659E2,-1.451246977E0,6.172883987E0,7.586444378E0
3.015745780E2,-1.448854089E0,6.174678802E0,7.622934818E0
3.015946901E2,-1.517647743E0,6.214160442E0,7.581060410E0
3.016148021E2,-1.503290772E0,6.224927902E0,7.510472298E0
3.016349142E2,-1.472782373E0,6.185446739E0,7.489534855E0
3.016550263E2,-1.426720500E0,6.142973900E0,7.487142086E0
3.016751383E2,-1.408774376E0,6.148357868E0,7.475177765E0
3.016952504E2,-1.463211060E0,6.196214199E0,7.496713161E0
3.017153624E2,-1.434497118E0,6.196214199E0,7.503891945E0
3.017354745E2,-1.395613790E0,6.162116528E0,7.552346706E0
3.017555866E2,-1.307677627E0,6.113063812E0,7.631309509E0
3.017756986E2,-1.277169108E0,6.072385788E0,7.639684677E0
3.017958107E2,-1.364507079E0,6.095715523E0,7.565506935E0
3.018159227E2,-1.454237938E0,6.103492260E0,7.424928665E0
3.018360348E2,-1.218544960E0,6.005386829E0,7.465606689E0
3.018561468E2,-1.179063320E0,6.046064377E0,7.539186001E0
3.018762589E2,-1.247258782E0,6.053841114E0,7.537989616E0
3.018963710E2,-1.198205948E0,6.033502102E0,7.563712597E0
3.019164830E2,-1.066002488E0,5.858228207E0,7.704888821E0
3.019365951E2,-1.110269666E0,5.805585861E0,7.911269665E0
3.019567071E2,-1.301695466E0,5.876772404E0,8.082356453E0
3.019768192E2,-1.381256819E0,5.975476265E0,8.154141426E0
3.019969313E2,-1.192223907E0,5.953342915E0,8.245068550E0
3.020170433E2,-1.068993568E0,5.938985825E0,8.285148621E0
3.020371554E2,-1.009771109E0,5.909673691E0,8.234899521E0
3.020572675E2,-9.876375198E-1,5.837889194E0,8.133204460E0
3.020773795E2,-9.870393276E-1,5.787639618E0,7.966304779E0
3.020974916E2,-9.870393276E-1,5.763113499E0,7.792825222E0
3.021176036E2,-1.013360381E0,5.765506268E0,7.584649563E0
3.021377157E2,-1.001994491E0,5.824728489E0,7.386643410E0
3.021578278E2,-8.398807645E-1,5.758327484E0,7.463811874E0
3.021779398E2,-7.974081635E-1,5.715256691E0,7.743174076E0
3.021980519E2,-8.219345808E-1,5.696712494E0,7.984848976E0
3.022181640E2,-6.783652306E-1,5.707480431E0,7.935796261E0
3.022382760E2,-6.209374666E-1,5.605785370E0,7.944769382E0
3.022583881E2,-5.665007830E-1,5.507081509E0,8.114061356E0
3.022785002E2,-4.875376225E-1,5.452046394E0,8.294121742E0
3.022986122E2,-4.510470629E-1,5.395814896E0,8.270193100E0
3.023187243E2,-4.833501875E-1,5.367101192E0,8.200202942E0
3.023388364E2,-4.462614357E-1,5.277370453E0,8.411369324E0
3.023589484E2,-3.230310678E-1,5.245665550E0,8.469395638E0
3.023790605E2,-2.614158690E-1,5.167898655E0,8.446065903E0
3.023991725E2,-1.447657645E-1,4.805386066E0,7.933403492E0
3.024192846E2,5.802594870E-2,5.140979290E0,8.024929047E0
3.024393966E2,-1.220339537E-1,5.077569485E0,8.057829857E0
3.024595087E2,-2.021935135E-1,4.842474937E0,8.105088234E0
3.024796208E2,-1.148554832E-1,4.593023300E0,8.111070633E0
3.024997328E2,-9.571290575E-3,4.492524624E0,8.448458672E0
3.025198449E2,-6.520441920E-2,4.378267288E0,8.702695847E0
3.025399569E2,8.434699476E-2,3.876372576E0,8.486743927E0
3.025600690E2,5.982056856E-1,3.660420418E0,8.519644737E0
3.025801810E2,3.146561682E-1,3.506681681E0,8.397012711E0
3.026002931E2,2.470589429E-1,3.198007345E0,8.702695847E0
3.026204052E2,4.151547253E-1,2.945564747E0,9.374481201E0
3.026405172E2,5.312066078E-1,2.687139750E0,1.027777100E1
3.026606293E2,3.194418252E-1,2.474178553E0,1.063190937E1
3.026807414E2,2.488535494E-1,2.385046005E0,1.062712383E1
3.027008534E2,3.445664644E-1,2.293520451E0,1.076411247E1
3.027209655E2,-1.441675574E-1,2.051247120E0,1.128395367E1
3.027410776E2,4.947160780E-1,2.034497499E0,1.112303638E1
3.027611896E2,8.045865893E-1,2.031506538E0,1.088614655E1
3.027813017E2,5.144568682E-1,2.054238319E0,1.117747307E1
3.028014138E2,3.696911037E-1,2.290529490E0,1.111226845E1
3.028215258E2,5.437689424E-1,2.523829699E0,1.035673428E1
3.028416379E2,3.254238665E-1,2.625524759E0,9.696315765E0
3.028617500E2,-2.069791555E-1,2.826521635E0,9.189635277E0
3.028818620E2,-1.016949583E-2,3.280559778E0,8.676374435E0
3.029019741E2,4.133601189E-1,3.667598963E0,6.760322094E0
3.029220861E2,3.559323549E-1,4.030709743E0,6.195017815E0
3.029421982E2,-4.767699242E-1,4.247858524E0,7.165307522E0
3.029623102E2,-1.800599098E-1,4.358526230E0,7.509275436E0
3.029824223E2,-2.811566554E-2,3.894318819E0,8.326424599E0
3.030025344E2,2.584248483E-1,3.780659676E0,9.336793900E0
3.030226464E2,2.667997181E-1,3.790230989E0,9.960722923E0
3.030427585E2,2.883351147E-1,3.757329702E0,1.024965572E1
3.030628705E2,3.092723191E-1,3.746562004E0,1.015513897E1
3.030829826E2,2.949153781E-1,3.709473372E0,9.883553505E0
3.031030946E2,2.901297510E-1,3.683750391E0,9.790233612E0
3.031232067E2,3.272185028E-1,3.650250912E0,9.635298729E0
3.031433188E2,3.296113312E-1,3.681357622E0,9.250054359E0
3.031634308E2,4.929214716E-1,3.600599766E0,9.190832138E0
3.031835429E2,7.190431952E-1,3.474378586E0,9.343374252E0
3.032036550E2,7.615157962E-1,3.515654564E0,9.416355133E0
3.032237670E2,5.473581553E-1,3.634099483E0,9.437292099E0
3.032438791E2,3.008974493E-1,3.763311863E0,9.339784622E0
3.032639911E2,8.015955985E-2,3.946960926E0,9.034700394E0
3.032841032E2,-3.589233849E-3,4.018745422E0,8.757132530E0
3.033042153E2,3.230310604E-2,3.851248026E0,8.659027100E0
3.033243273E2,4.438686073E-1,3.609572887E0,8.846264839E0
3.033444394E2,8.919246197E-1,3.296113253E0,9.399605751E0
3.033645515E2,6.717849374E-1,3.181855917E0,9.637093544E0
3.033846635E2,3.248256743E-1,3.256033421E0,9.779465675E0
3.034047756E2,2.727817893E-1,3.356531858E0,9.772287369E0
3.034248876E2,4.785645306E-1,3.293122053E0,9.649057388E0
3.034449997E2,8.261220455E-1,3.165704250E0,9.690931320E0
3.034651118E2,9.493523836E-1,3.079562664E0,9.758528709E0
3.034852238E2,7.345965505E-1,3.117249727E0,9.695717812E0
3.035053359E2,8.644071817E-1,2.996412039E0,9.767501831E0
3.035254479E2,1.097707391E0,2.813959360E0,9.823733330E0
3.035455600E2,9.816554785E-1,2.761317253E0,9.681360245E0
3.035656720E2,8.309076428E-1,2.882753134E0,9.339784622E0
3.035857841E2,9.332008362E-1,2.948555708E0,8.930013657E0
3.036058961E2,8.787640929E-1,2.996412039E0,8.734400749E0
3.036260082E2,5.826523304E-1,3.074777126E0,8.720044136E0
3.036461203E2,5.383850932E-1,3.096312523E0,8.943174362E0
3.036662323E2,7.238288522E-1,3.029911757E0,9.203991890E0
3.036863444E2,9.349954724E-1,2.990430117E0,9.401400566E0
3.037064565E2,8.638089895E-1,3.014358282E0,9.558728218E0
3.037265685E2,5.132604837E-1,3.186043262E0,9.635298729E0
3.037466806E2,5.306084156E-1,3.232703447E0,9.696913719E0
3.037667927E2,6.604190469E-1,3.172882795E0,9.708279610E0
3.037869047E2,7.064808607E-1,3.195016384E0,9.552745819E0
3.038070168E2,6.053841114E-1,3.198605776E0,9.343374252E0
3.038271289E2,5.748756528E-1,3.202793121E0,9.206384659E0
3.038472409E2,5.581258535E-1,3.214757204E0,9.098708153E0
3.038673530E2,5.910272002E-1,3.154936552E0,9.107083321E0
3.038874650E2,7.710871100E-1,3.109472990E0,9.107681274E0
3.039075771E2,8.865407705E-1,3.090928555E0,9.233902931E0
3.039276891E2,7.597211599E-1,3.085544825E0,9.411569595E0
3.039478012E2,8.350951076E-1,3.028715372E0,9.533005714E0
3.039679133E2,9.613165259E-1,2.933600664E0,9.520442963E0
3.039880253E2,1.543370634E-1,3.156731367E0,8.058428764E0
3.040081374E2,6.424728632E-1,3.307479143E0,8.805587769E0
3.040282494E2,1.156929731E0,2.795415163E0,1.079222870E1
3.040483615E2,9.176474810E-1,2.525624275E0,1.128993511E1
3.040684735E2,7.106683254E-1,2.920439959E0,1.027537823E1
