"Time (s)","Acceleration x (m/s^2)","Acceleration y (m/s^2)","Acceleration z (m/s^2)"
2.316846200E-2,2.286462545E0,4.022258759E0,6.136339188E0
4.315747600E-2,1.630451322E0,3.881000996E0,7.287950039E0
6.314648900E-2,2.090138197E0,3.799597979E0,8.236053467E0
8.313550300E-2,3.816357613E0,3.782838583E0,8.485051155E0
1.031550340E-1,4.065354347E0,3.392583847E0,9.440337181E0
1.231745660E-1,3.476380825E0,3.062183857E0,9.442731857E0
1.431635790E-1,2.619256735E0,3.052607059E0,8.573636055E0
1.631525930E-1,2.262520552E0,3.378218651E0,7.565677166E0
1.831416070E-1,2.217030764E0,3.538630009E0,7.055712223E0
2.031306200E-1,2.839523315E0,3.124433279E0,7.333439827E0
2.230891160E-1,2.930502892E0,2.604891539E0,7.206547260E0
2.431086480E-1,2.406172752E0,2.722207308E0,7.180211067E0
2.630976610E-1,2.118868589E0,2.827552319E0,7.354987621E0
2.830561570E-1,2.138022184E0,2.389413357E0,7.522581577E0
3.030756890E-1,2.777273893E0,1.774103403E0,6.871358871E0
3.230341850E-1,2.233790159E0,2.111685991E0,6.639121532E0
3.430231980E-1,1.501164436E0,2.454056740E0,7.046135426E0
3.629816950E-1,1.199495077E0,2.080561161E0,7.010222435E0
3.830012260E-1,6.464344263E-2,1.561019540E0,4.963180065E0
4.030207570E-1,5.147533417E-1,1.015141487E0,4.587290287E0
4.230097710E-1,2.118868589E0,1.273715258E0,9.572018623E0
4.429987840E-1,2.633621931E0,1.060631394E0,1.072602367E1
4.630183160E-1,2.554613113E0,8.020575643E-1,1.144907284E1
4.830378470E-1,2.547430515E0,7.852981687E-1,1.370919895E1
5.030268610E-1,2.547430515E0,5.770025849E-1,1.585679817E1
5.230158740E-1,1.685518026E0,-9.145850539E-1,1.498530865E1
5.430354050E-1,-1.197100803E-2,-4.594472885E0,1.536598682E1
5.630549370E-1,-1.984793186E0,-8.075642586E0,1.560301208E1
5.830744680E-1,-2.566584110E0,-8.173804283E0,1.438675785E1
6.030939990E-1,3.816357613E0,-4.788403511E-1,1.126711273E1
6.230524950E-1,2.511517525E0,-4.644751251E-1,1.080024433E1
6.430720270E-1,2.430114746E0,-1.192312479E0,1.240914726E1
6.630610400E-1,2.839523315E0,-3.471592367E-1,1.152808094E1
6.830500540E-1,2.442085743E0,-8.858546615E-2,9.662998199E0
7.030695850E-1,2.025494576E0,-6.464344263E-2,8.293514252E0
7.230891160E-1,1.149216771E0,8.092401624E-1,7.031770229E0
7.430781300E-1,3.663128614E-1,8.834604025E-1,7.460332394E0
7.630671440E-1,-4.213795066E-1,5.530605912E-1,8.154650688E0
7.830561570E-1,-6.200982332E-1,3.303998411E-1,8.121131897E0
8.030756890E-1,1.130063176E0,1.268926859E0,7.967903137E0
8.230647020E-1,1.316810966E0,1.501164436E0,7.795520782E0
8.430231980E-1,2.825157940E-1,1.565807939E0,7.649474621E0
8.630122120E-1,-7.158663273E-1,9.050082564E-1,6.868964672E0
8.830317430E-1,-1.551442742E0,6.919242740E-1,6.433219910E0
9.030207570E-1,5.650315881E-1,2.238578558E0,7.244854450E0
9.229792530E-1,7.757213712E-1,3.227383852E0,6.327875137E0
9.429682670E-1,-1.221042871E0,2.446874142E0,5.430049419E0
9.629267630E-1,-4.932055473E-1,2.482787132E0,5.408501625E0
9.829462940E-1,-1.410184860E0,3.110068083E0,5.944802761E0
1.002965825E0,-1.532289028E0,2.911349297E0,7.671022415E0
1.022954839E0,-1.826775908E0,2.791639090E0,9.083600998E0
1.042943853E0,-1.525106430E0,2.892195702E0,9.370905876E0
1.062932866E0,-9.169792533E-1,3.201047659E0,9.141061783E0
1.082921880E0,-7.302315235E-1,4.074931145E0,8.623914719E0
1.102941411E0,-1.951274395E0,4.548983097E0,1.052969933E1
1.122930425E0,-1.855506301E0,3.833117008E0,1.282573891E1
1.142919439E0,-1.649604917E0,3.552995205E0,1.325908947E1
1.162877935E0,-8.140285611E-1,3.339911461E0,1.264377880E1
1.182897466E0,-1.843535304E-1,3.608062029E0,1.233013916E1
1.202855962E0,-5.985504389E-1,3.639186621E0,1.175074196E1
1.222844976E0,-1.003170490E0,3.615244627E0,1.077151299E1
1.242833989E0,-1.350329757E0,3.689464808E0,9.655815125E0
1.262823003E0,-1.094150186E0,3.217807055E0,8.595184326E0
1.282812017E0,-2.896983922E-1,2.576161146E0,7.979874134E0
1.302801030E0,4.405331016E-1,2.161964178E0,7.252037048E0
1.322790044E0,-2.585737705E-1,1.987187386E0,6.349422932E0
1.342779058E0,-1.101332784E0,2.020706177E0,5.310339451E0
1.362768071E0,-9.289502501E-1,2.085349798E0,5.200206280E0
1.382757085E0,-3.950432837E-1,2.001552582E0,5.564124584E0
1.402715581E0,-3.112462163E-2,1.654393315E0,7.249642849E0
1.422735112E0,3.591302633E-1,1.173158884E0,7.663839817E0
1.442693609E0,5.889736414E-1,9.888052940E-1,6.813898087E0
1.462682622E0,7.374141216E-1,1.422155857E0,5.372588634E0
1.482671636E0,1.149216816E-1,1.525106430E0,5.348646641E0
1.502660650E0,-8.643068075E-1,1.709460020E0,6.545747280E0
1.522649663E0,-3.303998411E-1,1.781286120E0,8.362946510E0
1.542669195E0,4.548983276E-1,2.219424963E0,9.308655739E0
1.562627691E0,-3.112462163E-2,2.925714493E0,1.001255131E1
1.582647222E0,8.020575643E-1,3.576937437E0,1.193748951E1
1.602636236E0,1.915361404E0,3.940855980E0,1.294066048E1
1.622625249E0,1.204283476E0,4.381389141E0,1.214817905E1
1.642583745E0,-1.927332401E0,3.129221678E0,1.320162773E1
1.662603277E0,-2.279279947E0,2.422932148E0,1.664448929E1
1.682592290E0,-1.613691926E0,2.066195965E0,1.754231644E1
1.702581304E0,-1.532289088E-1,2.434903145E0,1.387200451E1
1.722570318E0,-5.698199868E-1,2.765302896E0,1.056321812E1
1.742589849E0,-2.047042370E0,2.952050686E0,1.060870743E1
1.762548345E0,-2.837129116E0,2.686294317E0,1.158075333E1
1.782567876E0,-2.020706177E0,2.683900118E0,1.116655636E1
1.802526372E0,-1.055842996E0,2.588132143E0,8.616731644E0
1.822545904E0,-1.055842996E0,2.703053713E0,7.113173485E0
1.842504400E0,-1.707065821E0,2.738966703E0,7.426813602E0
1.862523931E0,-1.709460020E0,2.573766708E0,7.740454197E0
1.882482427E0,-1.383848548E0,2.358288765E0,7.474697590E0
1.902501958E0,-9.385270476E-1,2.154781580E0,6.536170483E0
1.922490972E0,-7.469909191E-1,2.006340981E0,6.198588371E0
1.942479986E0,-4.261679053E-1,2.106897593E0,6.306327343E0
1.962438482E0,1.101332754E-1,2.233790159E0,6.548141479E0
1.982458013E0,-2.705447972E-1,2.068590164E0,5.911283970E0
2.002416509E0,-1.817199111E0,2.226607561E0,6.294356346E0
2.022436040E0,-1.958456993E0,2.202665567E0,6.715735912E0
2.042394536E0,-1.259350061E0,1.862688899E0,6.926425457E0
2.062383550E0,-8.092401624E-1,1.572990537E0,6.924031258E0
2.082372564E0,-3.782838583E-1,1.527500629E0,7.479485989E0
2.102361577E0,-4.094084799E-1,1.604115129E0,7.603984833E0
2.122350591E0,-5.817909837E-1,2.257732153E0,8.927978516E0
2.142339605E0,-5.315127969E-1,2.858676910E0,1.021605873E1
2.162298101E0,-7.924807668E-1,3.129221678E0,1.181538582E1
2.182317632E0,-1.094150186E0,2.779668093E0,1.489672279E1
2.202276128E0,-1.412579060E0,2.037465572E0,1.673307610E1
2.222295659E0,-1.709460020E0,1.915361404E0,1.646253014E1
2.242284673E0,-1.762132406E0,2.015917778E0,1.440591145E1
2.262304204E0,-9.409212470E-1,2.214636564E0,1.287601662E1
2.282262700E0,2.394201700E-3,2.248155355E0,1.158314800E1
2.302251714E0,-2.394201607E-2,2.545036316E0,1.033098030E1
2.322271245E0,-2.609679997E-1,2.779668093E0,9.114726067E0
2.342229741E0,-1.963245422E-1,2.664746523E0,8.530540466E0
2.362249273E0,1.580173075E-1,2.233790159E0,7.618350029E0
2.382207769E0,5.530605912E-1,1.922544003E0,7.393294811E0
2.402196782E0,1.055842996E0,1.561019540E0,7.520187378E0
2.422216314E0,8.858546019E-1,1.429338455E0,7.311892033E0
2.442174810E0,7.398083210E-1,1.642422318E0,6.560112476E0
2.462163823E0,2.992752194E-1,1.874659896E0,6.311115742E0
2.482122320E0,5.722141862E-1,1.903390408E0,6.370970726E0
2.502111333E0,7.685387731E-1,1.812410712E0,5.853823185E0
2.522100347E0,3.615244627E-1,1.980004787E0,5.537788391E0
2.542089361E0,2.059013397E-1,2.133233786E0,5.446808815E0
2.562078374E0,1.316810995E-1,1.956062794E0,5.786785603E0
2.582067388E0,-2.035071403E-1,1.838746905E0,6.007051945E0
2.602056402E0,-5.793967843E-1,1.723825216E0,6.828263283E0
2.622045415E0,6.224924326E-2,1.721431017E0,8.736441612E0
2.642034429E0,5.506663918E-1,1.819593310E0,9.995792389E0
2.662023443E0,4.285621047E-1,1.934514999E0,1.157357121E1
2.681981939E0,-4.070142806E-1,2.683900118E0,1.237323475E1
2.701970952E0,-4.788403511E-1,3.768473387E0,1.416170311E1
2.721959966E0,-5.913678408E-1,3.861847401E0,1.325190639E1
2.741918462E0,-1.091755986E0,4.836287498E0,1.175313568E1
2.761876958E0,-4.094084740E0,4.458003521E0,1.008437729E1
2.781865972E0,-5.092466831E0,4.556165695E0,1.113064384E1
2.801824468E0,-3.280056238E0,3.172317266E0,1.360864258E1
2.821813482E0,-9.983820915E-1,2.487575531E0,1.284968090E1
2.841802495E0,-4.022258818E-1,2.954444885E0,1.004367638E1
2.861791509E0,-7.733271718E-1,3.134010077E0,8.736441612E0
2.881780523E0,-5.889736414E-1,2.820369720E0,9.425971985E0
2.901739019E0,-7.948749661E-1,2.640804529E0,9.888052940E0
2.921758550E0,5.506663769E-2,2.571372509E0,7.800309181E0
2.941717046E0,8.571242094E-1,2.398990154E0,6.459556103E0
2.961706060E0,1.651999205E-1,2.102109194E0,7.618350029E0
2.981725591E0,1.915361360E-2,1.821987510E0,8.743624687E0
3.001684087E0,3.280056417E-1,1.685518026E0,7.647080421E0
3.021703618E0,-2.274491638E-1,1.862688899E0,6.564900875E0
3.041692632E0,5.027823523E-2,2.111685991E0,5.530605793E0
3.061681646E0,2.226607651E-1,2.006340981E0,5.348646641E0
3.081670659E0,-6.105214357E-1,1.886630893E0,7.472303391E0
3.101659673E0,-5.027823523E-2,1.572990537E0,8.762778282E0
3.121648687E0,-1.149216816E-1,1.527500629E0,8.264783859E0
3.141607183E0,-5.650315881E-1,1.860294700E0,7.759607792E0
3.161626714E0,-1.139639974E0,1.654393315E0,8.564059258E0
3.181585210E0,-8.403648138E-1,1.570596337E0,9.849745750E0
3.201604741E0,-8.188169599E-1,1.747767210E0,1.199734497E1
3.221593755E0,-1.537077546E0,2.221819162E0,1.214817905E1
3.241582769E0,-1.956062794E0,2.547430515E0,1.278503704E1
3.261571782E0,-3.567360640E-1,2.315192938E0,1.244984913E1
3.281530279E0,-2.106897533E-1,2.408566952E0,1.234689808E1
3.301519292E0,-1.168370485E0,2.688688517E0,1.304839897E1
3.321477788E0,-1.393425345E0,2.540247917E0,1.310825443E1
3.341497320E0,-7.230489254E-1,2.614468336E0,1.240675354E1
3.361455816E0,-7.158663273E-1,2.762908697E0,1.108275986E1
3.381475347E0,-9.576806799E-3,2.671929121E0,9.981427193E0
3.401494878E0,1.436520964E-1,2.652775526E0,8.355764389E0
3.421453374E0,-1.819593310E-1,2.382230759E0,7.960720539E0
3.441472905E0,-1.771709323E-1,1.987187386E0,8.497021675E0
3.461461919E0,3.926490843E-1,1.750161409E0,9.406818390E0
3.481450933E0,2.777273953E-1,1.812410712E0,8.588001251E0
3.501439946E0,1.556231081E-1,2.030282974E0,6.694188118E0
3.521428960E0,-5.051765442E-1,2.451662540E0,6.828263283E0
3.541387456E0,4.525041282E-1,2.422932148E0,7.742848396E0
3.561406987E0,6.344634295E-1,2.442085743E0,6.912060261E0
3.581365484E0,-3.232172430E-1,2.664746523E0,6.430825710E0
3.601385015E0,3.663128614E-1,2.169146776E0,6.871358871E0
3.621374029E0,3.974374831E-1,2.037465572E0,7.350199223E0
3.641363042E0,2.633621916E-2,2.001552582E0,6.619967937E0
3.661352056E0,-3.615244627E-1,2.061407566E0,6.528987885E0
3.681341070E0,1.101332754E-1,1.745373011E0,6.816292286E0
3.701330083E0,2.849099934E-1,1.659181833E0,7.462726593E0
3.721319097E0,3.447650373E-1,1.680729628E0,7.275979042E0
3.741308111E0,2.609679997E-1,1.905784607E0,7.697358608E0
3.761266607E0,3.471592367E-1,2.480392933E0,9.069235802E0
3.781286138E0,-1.867477298E-1,2.738966703E0,1.036689377E1
3.801275152E0,-1.460463107E-1,2.961627483E0,1.166215611E1
3.821294683E0,-8.164227605E-1,3.019088268E0,1.303403378E1
3.841283696E0,-1.592144132E0,2.564189911E0,1.296220779E1
3.861272710E0,-1.790862918E0,2.748543501E0,1.374990082E1
3.881261724E0,-1.929726601E0,2.662352324E0,1.390552330E1
3.901281255E0,-1.788468719E0,2.578555346E0,1.376905441E1
3.921239751E0,-1.549048543E0,2.523488522E0,1.379060173E1
3.941228765E0,-1.254561663E0,2.540247917E0,1.269884586E1
3.961217779E0,-1.594538331E0,2.786850691E0,1.105402946E1
3.981206792E0,-1.335964561E0,2.528276920E0,9.962273598E0
4.001195806E0,-1.302445769E0,2.372653961E0,1.017775154E1
4.021184820E0,-1.067813993E0,2.207453966E0,9.536105156E0
4.041143316E0,-1.053448796E0,2.001552582E0,8.944737434E0
4.061162847E0,-8.403648138E-1,1.900996208E0,7.975085735E0
4.081121343E0,-9.983820915E-1,1.699883223E0,7.503427982E0
4.101140874E0,-8.451532125E-1,1.637633920E0,7.666234016E0
4.121099370E0,-5.770025849E-1,1.575384736E0,7.582436562E0
4.141118902E0,-8.619126081E-1,1.604115129E0,6.787561893E0
4.161107915E0,-9.193734527E-1,1.589749932E0,6.153098583E0
4.181096929E0,-1.019929886E0,1.592144132E0,6.361393929E0
4.201055425E0,-8.403648138E-1,1.522712231E0,7.070077419E0
4.221074956E0,-6.057330370E-1,1.663970232E0,6.751648903E0
4.241033452E0,-8.164227605E-1,1.714248419E0,6.186617374E0
4.261052984E0,-1.103726983E0,1.620874524E0,6.677428722E0
4.281041997E0,-9.816226959E-1,1.685518026E0,8.097189903E0
4.301000493E0,-9.935936928E-1,1.877054095E0,7.812280178E0
4.321020025E0,-1.283292055E0,2.015917778E0,7.163451672E0
4.341009038E0,-1.405396342E0,1.707065821E0,8.224082947E0
4.360998052E0,-1.429338455E0,1.489193439E0,9.962273598E0
4.380987066E0,-9.481038451E-1,1.647210717E0,1.030703831E1
4.400976079E0,-1.319205165E0,2.410961151E0,8.726864815E0
4.420934575E0,-1.065419793E0,2.645592928E0,8.868123055E0
4.440954107E0,-1.139639974E0,2.832340717E0,1.165736771E1
4.460943120E0,-1.041477680E0,2.683900118E0,1.306994724E1
4.480932134E0,-5.243301988E-1,2.566584110E0,1.268926907E1
4.500921148E0,-1.460463107E-1,2.647987127E0,1.323275280E1
4.520910161E0,2.394201607E-2,2.545036316E0,1.327105999E1
4.540899175E0,1.604115069E-1,2.159569979E0,1.306515884E1
4.560888189E0,-1.388636976E-1,2.049436569E0,1.330936718E1
4.580877202E0,1.244984865E-1,2.030282974E0,1.229901409E1
4.600866216E0,4.596867263E-1,2.128445387E0,1.063504410E1
4.620855230E0,6.655880809E-1,2.202665567E0,9.282320023E0
4.640844243E0,5.889736414E-1,2.327163935E0,8.872911453E0
4.660802739E0,3.639186621E-1,2.317587137E0,8.542511940E0
4.680822271E0,1.795651317E-1,2.300827742E0,8.508993149E0
4.700811284E0,7.541735172E-1,2.240972757E0,7.939172745E0
4.720800298E0,5.147533417E-1,2.269703150E0,8.346187592E0
4.740758794E0,3.280056417E-1,2.193088770E0,8.295908928E0
4.760778325E0,3.327940404E-1,2.260126352E0,7.275979042E0
4.780767339E0,6.200982332E-1,2.181117773E0,6.892906666E0
4.800756353E0,6.177040339E-1,1.999158382E0,7.671022415E0
4.820714849E0,9.576807022E-1,1.728613615E0,7.790732384E0
4.840734380E0,8.738836050E-1,1.831564307E0,6.639121532E0
4.860692876E0,8.379706144E-1,2.027888775E0,5.494692802E0
4.880712407E0,5.578489900E-1,2.149993181E0,5.310339451E0
4.900670904E0,4.357447028E-1,2.063801765E0,5.789179802E0
4.920690435E0,5.554547906E-1,1.565807939E0,7.302315235E0
4.940648931E0,5.985504389E-1,1.058237195E0,7.750030994E0
4.960607427E0,6.224924326E-1,9.744400978E-1,7.580042362E0
4.980626958E0,4.261679053E-1,1.383848548E0,7.266402245E0
5.000585454E0,1.843535304E-1,1.891419291E0,7.836222172E0
5.020604986E0,3.878606856E-1,2.679111719E0,9.050082207E0
5.040563482E0,-6.224924326E-2,2.875436306E0,1.137724686E1
5.060552495E0,-2.489969730E-1,2.712630510E0,1.325190639E1
5.080510991E0,-1.553836942E0,2.580949545E0,1.596932507E1
5.100530523E0,-7.517793179E-1,2.348711967E0,1.669955635E1
5.120550054E0,-1.280897856E0,3.062183857E0,1.582327938E1
5.140539068E0,-2.319981337E0,3.002328873E0,1.474828243E1
5.160528081E0,-3.591302633E0,3.442862034E0,1.346259594E1
5.180517095E0,-3.189076662E0,3.557783842E0,1.156159973E1
5.200506109E0,-2.011129379E0,2.930502892E0,1.035492229E1
5.220495122E0,-1.819593310E0,2.612074137E0,9.612719536E0
5.240484136E0,-1.707065821E0,2.552218914E0,9.210494041E0
5.260473150E0,-1.343147159E0,2.573766708E0,7.637503624E0
5.280462163E0,-9.983820915E-1,2.466027737E0,6.672640324E0
5.300451177E0,-9.050082564E-1,2.425326347E0,6.100425720E0
5.320440191E0,-7.661445141E-1,2.353500366E0,5.691017628E0
5.340429204E0,-1.003170490E0,2.202665567E0,5.353435040E0
5.360418218E0,-8.331822157E-1,1.886630893E0,6.069301128E0
5.380376714E0,-4.908113480E-1,1.575384736E0,6.363788128E0
5.400396245E0,-3.782838583E-1,1.608903527E0,6.026205540E0
5.420385259E0,-5.722141862E-1,1.900996208E0,5.437232018E0
5.440374273E0,-9.768342972E-1,2.149993181E0,5.331887245E0
5.460363286E0,-1.046266198E0,2.169146776E0,5.578489780E0
5.480352300E0,-1.118092179E0,1.977610588E0,6.584054470E0
5.500341314E0,-6.224924326E-1,1.747767210E0,7.510610580E0
5.520330327E0,-1.247379065E0,1.869871497E0,7.872135162E0
5.540319341E0,-1.328781962E0,1.891419291E0,7.575253963E0
5.560308355E0,-9.888052940E-1,1.544260144E0,8.841787338E0
5.580297368E0,-5.003881454E-1,1.314416766E0,1.087925243E1
5.600286382E0,-9.361328483E-1,1.836352706E0,1.073560047E1
5.620275396E0,-1.340752959E0,2.312798738E0,1.167173290E1
5.640233892E0,-1.611297727E0,2.410961151E0,1.294305420E1
5.660222905E0,-1.350329757E0,1.817199111E0,1.406593513E1
5.680211919E0,-1.041477680E0,1.747767210E0,1.509544182E1
5.700200933E0,-7.422025204E-1,1.170764685E0,1.535641003E1
5.720189946E0,-6.177040339E-1,1.091755986E0,1.523909378E1
5.740178960E0,-7.182605099E-3,1.355118155E0,1.335485744E1
5.760167974E0,3.160346150E-1,1.642422318E0,1.200213337E1
5.780156987E0,4.740519226E-1,1.606509328E0,1.029506683E1
5.800115484E0,6.512228847E-1,1.537077546E0,8.734047890E0
5.820135015E0,-1.795651317E-1,1.201889277E0,8.611943245E0
5.840093511E0,-1.221042871E-1,1.125274777E0,9.660603523E0
5.860113042E0,4.165911078E-1,1.259350061E0,8.341399193E0
5.880071538E0,3.040636182E-1,1.534683347E0,6.914454460E0
5.900060552E0,5.267243981E-1,1.582567334E0,7.323863029E0
5.920019048E0,3.902548850E-1,1.460463047E0,7.826645374E0
5.940038579E0,3.232172430E-1,1.659181833E0,8.535328865E0
5.959997075E0,2.992752194E-1,1.328781962E0,8.133103371E0
5.980016607E0,3.926490843E-1,1.256955862E0,7.608773232E0
5.999975103E0,1.149216816E-1,1.300051570E0,6.672640324E0
6.019964116E0,-1.699883193E-1,1.446097851E0,5.786785603E0
6.039922612E0,-3.112462163E-2,1.391031146E0,5.691017628E0
6.059942144E0,3.687070608E-1,1.295263171E0,6.074089527E0
6.079900640E0,9.576806426E-2,1.161187768E0,6.861782074E0
6.099889654E0,1.364694983E-1,8.475474119E-1,6.950367451E0
6.119878667E0,4.692635238E-1,8.259995580E-1,7.429207802E0
6.139867681E0,4.716577232E-1,1.027112484E0,8.571242332E0
6.159856695E0,7.709329724E-1,1.189918280E0,9.641449928E0
6.179845708E0,7.110779285E-1,1.561019540E0,9.995792389E0
6.199834722E0,1.675941199E-1,2.092532396E0,1.134612179E1
6.219823736E0,-3.256114423E-1,2.592920542E0,1.283292103E1
6.239782232E0,-4.596867263E-1,2.291250944E0,1.344583702E1
6.259771245E0,-1.213860273E0,1.403002143E0,1.368525696E1
6.279729741E0,-1.728613615E0,1.616086125E0,1.563174248E1
6.299749273E0,-1.628057122E0,1.034295082E0,1.570117474E1
6.319707769E0,-1.496376038E0,1.438915253E0,1.403241634E1
6.339696782E0,-1.376665950E0,1.862688899E0,1.183693314E1
6.359685796E0,-1.228225470E0,2.130839586E0,1.013465595E1
6.379674810E0,-1.096544385E0,2.111685991E0,9.356540680E0
6.399663823E0,-9.026140571E-1,1.726219416E0,1.003409958E1
6.419652837E0,-6.177040339E-1,1.453280449E0,1.053209305E1
6.439641851E0,-5.746083856E-1,1.690306425E0,8.935160637E0
6.459630864E0,-6.512228847E-1,1.774103403E0,6.797138691E0
6.479619878E0,-9.002198577E-1,1.826775908E0,5.755661011E0
6.499608892E0,-9.193734527E-1,1.656787634E0,6.241683960E0
6.519567388E0,-4.548983276E-1,1.338358760E0,6.718130112E0
6.539586919E0,-4.955997467E-1,1.407790542E0,6.746860504E0
6.559545415E0,-5.506663918E-1,1.620874524E0,5.856217384E0
6.579564946E0,-5.889736414E-1,1.860294700E0,5.054159641E0
6.599523443E0,-5.027823448E-1,1.889025092E0,5.465962410E0
6.619512456E0,-7.302315235E-1,1.939303398E0,7.264008045E0
6.639470952E0,-3.734954596E-1,1.618480325E0,8.298302650E0
6.659490484E0,-9.026140571E-1,1.716642618E0,7.580042362E0
6.679448980E0,-9.672574997E-1,1.606509328E0,7.596801758E0
6.699468511E0,-1.206677675E0,1.338358760E0,9.493009567E0
6.719427007E0,-6.344634295E-1,1.180341482E0,1.180820274E1
6.739446538E0,-6.320692301E-1,1.484405041E0,1.219845772E1
6.759405034E0,-1.204283476E0,2.274491549E0,1.078108978E1
6.779424566E0,-1.063025594E0,2.446874142E0,1.086249352E1
6.799413579E0,-8.068459630E-1,1.596932530E0,1.290474701E1
6.819402593E0,-4.979939461E-1,1.453280449E0,1.541865921E1
6.839391607E0,-7.350199223E-1,1.539471745E0,1.491108799E1
6.859411138E0,-6.512228847E-1,1.862688899E0,1.303164005E1
6.879369634E0,-8.619125932E-2,2.207453966E0,1.278982544E1
6.899389165E0,-2.609679997E-1,1.948880196E0,1.201410389E1
6.919347661E0,-8.403648138E-1,2.123656988E0,1.113782597E1
6.939367193E0,-7.829039693E-1,2.106897593E0,9.955090523E0
6.959386724E0,-1.316810995E-1,1.762132406E0,8.374917984E0
6.979345220E0,6.057330370E-1,1.419761658E0,7.474697590E0
6.999364751E0,2.346317619E-1,1.613691926E0,6.382941723E0
7.019353765E0,-5.865794420E-1,1.819593310E0,6.078877926E0
7.039342779E0,-5.554547906E-1,1.728613615E0,6.706159115E0
7.059331792E0,2.250549644E-1,1.558625340E0,7.359776020E0
7.079320806E0,1.213860273E0,1.522712231E0,6.564900875E0
7.099309820E0,1.355118155E0,1.656787634E0,4.699818134E0
7.119298833E0,4.070142806E-1,2.063801765E0,4.850652695E0
7.139287847E0,7.182605099E-3,2.363077164E0,5.815515995E0
7.159246343E0,2.154781520E-1,2.336740971E0,5.224148273E0
7.179265874E0,4.405331016E-1,2.116474390E0,4.503493309E0
7.199285405E0,-2.777273953E-1,2.080561161E0,5.216965675E0
7.219243902E0,-3.327940404E-1,2.212242365E0,6.983886242E0
7.239263433E0,-3.974374831E-1,2.020706177E0,8.339004517E0
7.259252446E0,-7.086837292E-1,2.398990154E0,9.392453194E0
7.279241460E0,-5.793967843E-1,3.026270866E0,1.214339066E1
7.299230474E0,-1.101332784E0,3.007117271E0,1.376905441E1
7.319188970E0,-2.308010340E0,2.284068346E0,1.448492050E1
7.339208501E0,-2.542642117E0,2.454056740E0,1.600763321E1
7.359166997E0,-2.877830505E0,1.991975784E0,1.577060699E1
7.379156011E0,-2.889801502E0,1.790862918E0,1.542105293E1
7.399114507E0,-2.901772499E0,1.704671621E0,1.503798103E1
7.419103521E0,-2.533065319E0,1.637633920E0,1.372356415E1
7.439092534E0,-1.855506301E0,1.412579060E0,1.156159973E1
7.459112066E0,-1.323993564E0,2.080561161E0,1.004846478E1
7.479070562E0,1.388636976E-1,2.260126352E0,8.604761124E0
7.499090093E0,-2.178723514E-1,2.521094322E0,6.763619900E0
7.519109624E0,-7.230489254E-1,2.600103140E0,6.526593685E0
7.539068120E0,-1.735796213E0,2.798821688E0,6.742072105E0
7.559057134E0,-9.026140571E-1,2.525882721E0,6.246472359E0
7.579015630E0,1.628057212E-1,2.075772762E0,5.841852188E0
7.599035161E0,5.291185975E-1,1.606509328E0,6.950367451E0
7.618993657E0,-1.843535304E-1,1.577778935E0,7.627926826E0
7.639013189E0,-1.213860273E0,1.788468719E0,8.003816605E0
7.659002202E0,-7.757213712E-1,2.056619167E0,8.118738174E0
7.678991216E0,-4.692635238E-1,1.991975784E0,7.407660007E0
7.698980230E0,-7.589619160E-1,1.790862918E0,8.597578049E0
7.718969243E0,-1.515529633E0,1.572990537E0,8.714894295E0
7.738958257E0,-1.048660398E0,1.663970232E0,9.200917244E0
7.758947271E0,-9.050082564E-1,1.912967205E0,1.079545593E1
7.778936284E0,-1.118092179E0,2.336740971E0,1.054885292E1
7.798925298E0,-1.982398987E0,2.181117773E0,1.173637676E1
7.818914312E0,-2.008735180E0,1.300051570E0,1.607227516E1
7.838903325E0,-1.510741234E0,1.793257117E0,1.555033970E1
7.858861821E0,-2.837129116E0,2.865859509E0,1.089361763E1
7.878881353E0,-4.209006786E0,3.416525841E0,9.339780807E0
7.898839849E0,-2.475604534E0,2.628833532E0,1.237802315E1
7.918828862E0,-1.240196466E0,1.651999116E0,1.338598156E1
7.938817876E0,-1.041477680E0,1.606509328E0,1.085052204E1
7.958806890E0,-1.237802267E0,1.783680320E0,8.075642586E0
7.978765386E0,-1.642422318E0,2.109291792E0,6.557718277E0
7.998754400E0,-2.286462545E0,2.415749550E0,7.216124058E0
8.018773931E0,-1.266532660E0,2.276885748E0,9.797073364E0
8.038732427E0,-2.226607651E-1,2.166752577E0,1.045069027E1
8.058751958E0,-1.934514999E0,2.588132143E0,-6.344634295E-1
8.078740972E0,-2.018311977E0,3.488351822E0,6.378153324E0
8.098760503E0,1.963245422E-1,1.924938202E0,1.263899040E1
8.118718999E0,-8.140286058E-2,2.264914751E0,1.286643982E1
8.138738530E0,-4.932055473E-1,2.734178305E0,1.033337498E1
8.158697027E0,-5.602431893E-1,2.916137695E0,7.601590633E0
8.177501408E0,3.153163671E0,3.560178041E0,5.164293289E0
8.197459904E0,2.772485495E0,3.689464808E0,6.950367451E0
8.217418400E0,2.616862535E0,3.548206806E0,7.955932140E0
8.237346379E0,2.868253708E0,3.476380825E0,7.489062786E0
8.257335392E0,3.356670856E0,3.502717018E0,6.157886982E0
8.277293888E0,3.210624456E0,3.119644880E0,5.418078423E0
8.297252385E0,2.432508945E0,3.122039080E0,5.930437565E0
8.317210881E0,1.750161409E0,2.997540474E0,6.524199486E0
8.337169377E0,1.065419793E0,2.806004286E0,7.146692276E0
8.357127873E0,1.647210717E0,3.148375273E0,7.161057472E0
8.377086369E0,2.312798738E0,3.292027235E0,8.341399193E0
8.397044865E0,1.944091797E0,2.880224705E0,9.837775230E0
8.417003361E0,1.197100878E0,3.124433279E0,1.118570995E1
8.436961857E0,5.267243981E-1,3.169923067E0,1.284489250E1
8.456920353E0,6.967126727E-1,3.253720045E0,1.373792934E1
8.476878849E0,5.099649429E-1,3.021482468E0,1.275391293E1
8.496837345E0,2.466027737E-1,3.354276657E0,1.101093388E1
8.516765324E0,-1.987187415E-1,2.863465309E0,1.149935055E1
8.536723820E0,-8.762778044E-1,2.408566952E0,1.213620853E1
8.556682316E0,-1.089361787E0,2.865859509E0,1.227986050E1
8.576610295E0,-4.189853072E-1,2.896984100E0,1.132696819E1
8.596599308E0,7.158663273E-1,2.439691544E0,1.042195988E1
8.616618840E0,5.602431893E-1,2.226607561E0,9.430760384E0
8.636577336E0,-8.619125932E-2,2.573766708E0,6.955155849E0
8.656535832E0,-5.363011956E-1,2.985569477E0,7.266402245E0
8.676494328E0,-7.374141216E-1,2.226607561E0,8.604761124E0
8.696452824E0,-1.094150186E0,2.480392933E0,8.259995461E0
8.716411320E0,-3.016694188E-1,2.592920542E0,8.061277390E0
8.736369816E0,5.746084079E-2,2.832340717E0,8.650250435E0
8.756328312E0,5.961562395E-1,2.688688517E0,8.202534676E0
8.776256291E0,2.753331959E-1,1.685518026E0,6.856993675E0
8.796214787E0,2.992752194E-1,1.347935557E0,8.300697327E0
8.816173283E0,-8.212111592E-1,6.512228847E-1,9.464279175E0
8.836131779E0,-1.163581967E0,1.628057212E-1,9.490615845E0
8.856090275E0,-4.714183331E0,-1.211466074E0,8.341399193E0
8.876048771E0,-5.844246387E0,-1.970427990E0,6.090848923E0
8.895976750E0,-4.740519524E0,-1.508347034E0,6.754043102E0
8.915935246E0,-2.640804529E0,-6.344634295E-1,8.714894295E0
8.935893742E0,-2.451662540E0,-4.094084799E-1,1.101811600E1
8.955852238E0,-1.079784989E0,-3.423708379E-1,1.174116516E1
8.975810734E0,-3.782838583E-1,6.703764945E-2,1.012747288E1
8.995769230E0,-4.213795066E-1,7.852981687E-1,8.303091049E0
9.015697209E0,-1.197100803E-2,9.409212470E-1,8.882488251E0
9.035655705E0,4.572925270E-1,3.782838583E-1,1.090798283E1
9.055614201E0,-4.309562966E-2,-2.873041928E-1,1.278264332E1
9.075572697E0,6.919242740E-1,8.379705995E-2,1.387439919E1
9.095531193E0,3.423708379E-1,4.333505034E-1,1.367328548E1
9.115550724E0,1.508347094E-1,8.523358107E-1,1.223197651E1
9.135509220E0,1.867477298E-1,1.216254473E0,1.059913063E1
9.155437199E0,1.482010841E0,9.193734527E-1,1.027112484E1
9.175395695E0,1.999158382E0,1.051054597E0,1.081939793E1
9.195354191E0,1.398213744E0,1.436521053E0,9.751583099E0
9.215373722E0,8.140285611E-1,1.213860273E0,8.475474358E0
9.235332219E0,1.556231081E-1,1.714248419E0,8.901641846E0
9.255290715E0,3.064578176E-1,1.539471745E0,8.671798706E0
9.275249211E0,1.115697980E0,1.630451322E0,7.386112213E0
9.295207707E0,1.608903527E0,1.422155857E0,6.579266071E0
9.315227238E0,1.465251446E0,1.338358760E0,7.278373241E0
9.335155217E0,1.391031146E0,1.302445769E0,8.080430984E0
9.355113713E0,1.065419793E0,1.474828243E0,7.580042362E0
9.375072209E0,6.153098345E-1,1.826775908E0,6.540958881E0
9.395030705E0,1.079784989E0,1.881842494E0,6.397306919E0
9.414989201E0,1.230619669E0,1.855506301E0,6.131550789E0
9.434947697E0,1.094150186E0,2.066195965E0,5.765237808E0
9.454906193E0,4.333505034E-1,1.965639591E0,5.928043365E0
9.474834172E0,1.723825186E-1,1.831564307E0,7.316680431E0
9.494792668E0,6.320692301E-1,1.539471745E0,8.176198959E0
9.514751164E0,9.313444495E-1,1.608903527E0,7.790732384E0
9.534679142E0,1.237802267E0,1.956062794E0,7.711723804E0
9.554637638E0,1.304839969E0,2.207453966E0,9.054870605E0
9.574596135E0,5.722141862E-1,2.372653961E0,1.108036518E1
9.594554631E0,3.734954596E-1,2.360682964E0,1.278264332E1
9.614513127E0,1.915361285E-1,2.025494576E0,1.289517021E1
9.634471623E0,1.115697980E0,2.619256735E0,1.287122822E1
9.654430119E0,-1.675941236E-2,2.298433542E0,1.249055004E1
9.674388615E0,-1.989581585E0,2.559401512E0,1.287122822E1
9.694316594E0,-2.269703150E0,2.245761156E0,1.459984207E1
9.714275090E0,-4.213795066E-1,1.462857246E0,1.463096619E1
9.734233586E0,6.248866320E-1,1.204283476E0,1.205480576E1
9.754161564E0,2.489969730E-1,1.838746905E0,9.074024200E0
9.774181095E0,1.867477298E-1,2.293645144E0,8.006210327E0
9.794139592E0,-9.816227108E-2,2.571372509E0,7.433996201E0
9.814098088E0,-6.081272364E-1,2.786850691E0,7.031770229E0
9.834056584E0,-5.985504389E-1,2.604891539E0,7.077260017E0
9.854015080E0,-1.244984865E-1,2.272097349E0,7.386112213E0
9.873943058E0,2.011129409E-1,1.783680320E0,7.206547260E0
9.893901554E0,5.195417404E-1,1.465251446E0,7.184999466E0
9.913860051E0,5.698199868E-1,1.505952835E0,7.199364662E0
9.933818547E0,2.178723514E-1,1.721431017E0,6.830657482E0
9.953746525E0,-3.351882473E-2,2.018311977E0,6.730101109E0
9.973705021E0,-1.604115069E-1,2.054224968E0,6.737283707E0
9.993755070E0,3.160346150E-1,1.982398987E0,7.275979042E0
1.001377460E1,-3.327940404E-1,1.900996208E0,8.683769226E0
1.003373310E1,-7.948749661E-1,2.193088770E0,9.988609314E0
1.005372211E1,-1.268926859E-1,2.664746523E0,1.093431950E1
1.007374164E1,2.418143749E-1,2.729389906E0,1.093431950E1
1.009373066E1,4.309563041E-1,2.387019157E0,1.044829655E1
1.011371967E1,-1.364694983E-1,2.351106167E0,1.088882923E1
1.013373920E1,-3.687070608E-1,2.398990154E0,1.294544888E1
1.015375873E1,-4.477157295E-1,1.977610588E0,1.475546551E1
1.017374775E1,8.547300100E-1,1.817199111E0,1.439633465E1
1.019373676E1,1.221042871E0,2.042253971E0,1.236605167E1
1.021369526E1,6.536170840E-1,2.169146776E0,1.016817474E1
1.023371479E1,-1.436521020E-2,2.104503393E0,9.768342972E0
1.025370380E1,-2.992752194E-1,2.063801765E0,9.251194954E0
1.027366230E1,1.077390760E-1,1.666364431E0,8.192957878E0
1.029368183E1,7.110779285E-1,1.388636947E0,7.716512203E0
1.031364032E1,1.170764685E0,1.213860273E0,7.062894821E0
1.033365986E1,7.565677166E-1,1.314416766E0,6.596025467E0
1.035367939E1,9.313444495E-1,1.587355733E0,6.217741966E0
1.037366840E1,8.714894056E-1,1.508347034E0,6.392518520E0
1.039362690E1,9.097966552E-1,1.441309452E0,6.859387875E0
1.041364643E1,9.169792533E-1,1.414973259E0,6.210559368E0
1.043366596E1,1.987187415E-1,1.843535304E0,5.032611847E0
1.045362446E1,-4.429273009E-1,2.336740971E0,4.678270340E0
1.047364399E1,-4.525041282E-1,2.149993181E0,6.351817131E0
1.049363300E1,-1.005564690E0,1.491587639E0,8.995016098E0
1.051359150E1,6.105214357E-1,1.489193439E0,9.730035782E0
1.053358051E1,1.185129881E0,1.601720929E0,6.358999729E0
1.055356952E1,-1.867477298E-1,1.671152830E0,8.240841866E0
1.057352802E1,-1.635239720E0,1.989581585E0,1.251209831E1
1.059354755E1,-2.190694571E0,2.264914751E0,1.408508873E1
1.061353656E1,-2.568978310E0,2.413355350E0,1.567244434E1
1.063352558E1,-2.547430515E0,2.379836559E0,1.459984207E1
1.065354511E1,-3.459621429E0,2.308010340E0,1.195185471E1
1.067356464E1,-3.021482468E0,2.039859772E0,1.310585976E1
1.069352314E1,-2.437297344E0,1.599326730E0,1.396298409E1
1.071354267E1,-2.061407566E0,1.491587639E0,1.291671848E1
1.073353168E1,-2.377442360E0,1.900996208E0,1.157117653E1
1.075349018E1,-1.235408068E0,1.692700624E0,9.184157372E0
1.077347919E1,-8.954314590E-1,1.403002143E0,7.812280178E0
1.079349872E1,-9.433154464E-1,1.810016513E0,8.006210327E0
1.081345722E1,-1.120486379E0,1.915361404E0,7.726089001E0
1.083347675E1,-4.261679053E-1,1.948880196E0,6.490680695E0
1.085343525E1,1.795651317E-1,1.575384736E0,6.143521786E0
1.087345478E1,1.221042871E-1,1.630451322E0,6.349422932E0
1.089344379E1,-8.619125932E-2,1.821987510E0,6.141127586E0
1.091343280E1,-2.992752194E-1,1.857900500E0,6.488286495E0
1.093339130E1,-4.309562966E-2,1.443703651E0,6.904877663E0
1.095341083E1,-1.675941199E-1,1.388636947E0,7.424419403E0
1.097339985E1,-3.495534360E-1,1.431732655E0,7.551311970E0
1.099338886E1,-6.536170840E-1,1.290474772E0,9.555258751E0
1.101337787E1,-4.285621047E-1,1.070208192E0,1.147301483E1
1.103336689E1,-2.513911724E-1,9.672574997E-1,1.128866100E1
1.105335590E1,-7.852981687E-1,1.977610588E0,1.094389629E1
1.107331440E1,-1.340752959E0,2.298433542E0,1.099656868E1
1.109333393E1,-1.096544385E0,1.644816518E0,1.181299114E1
1.111335346E1,-4.070142806E-1,6.943184733E-1,1.400129128E1
1.113331196E1,-2.489969730E-1,6.823474765E-1,1.491587639E1
1.115330097E1,-5.243301988E-1,1.163581967E0,1.283292103E1
1.117328998E1,-7.685387731E-1,2.135627985E0,1.094629002E1
1.119330951E1,-7.086837292E-1,1.807622313E0,1.024478912E1
1.121329853E1,-8.092401624E-1,1.716642618E0,1.035252857E1
1.123328754E1,-6.105214357E-1,1.429338455E0,1.018014526E1
1.125327655E1,-2.346317619E-1,1.395819545E0,9.701305389E0
1.127326557E1,9.337386489E-2,1.479616642E0,8.236053467E0
1.129325458E1,-7.422025502E-2,1.532289028E0,7.309497833E0
1.131324360E1,-1.460463107E-1,1.889025092E0,7.177816868E0
1.133320209E1,2.154781483E-2,1.673547029E0,7.510610580E0
1.135322162E1,-3.591302410E-2,1.561019540E0,7.728483200E0
1.137318012E1,-4.309562966E-2,1.532289028E0,7.168240070E0
1.139319965E1,-3.112462163E-2,1.553836942E0,6.244078159E0
1.141315815E1,1.532289088E-1,1.443703651E0,5.334281445E0
1.143317768E1,-1.771709323E-1,1.453280449E0,5.904101372E0
1.145316669E1,-3.495534360E-1,1.328781962E0,6.792350292E0
1.147315570E1,-2.609679997E-1,1.295263171E0,6.526593685E0
1.149314472E1,-1.508347094E-1,1.154005170E0,6.093243122E0
1.151313373E1,1.197100803E-2,9.002198577E-1,5.817910194E0
1.153312275E1,-3.519476354E-1,7.374141216E-1,7.321468830E0
1.155311176E1,9.576806799E-3,9.768342972E-1,9.713275909E0
1.157310077E1,1.915361360E-2,1.182735682E0,1.277785492E1
1.159305927E1,-2.729389966E-1,1.422155857E0,1.285925770E1
1.161307880E1,-1.084573388E0,1.561019540E0,1.266293240E1
1.163309833E1,-1.371877551E0,9.624691010E-1,1.352963352E1
1.165308735E1,-1.663970232E0,7.972691655E-1,1.515529633E1
1.167307636E1,-1.323993564E0,1.448492050E0,1.550245571E1
1.169306537E1,-1.869871497E0,1.417367458E0,1.319444561E1
1.171305439E1,-2.542642117E0,1.594538331E0,1.231816769E1
1.173307392E1,-2.451662540E0,1.240196466E0,1.272996998E1
1.175309345E1,-2.068590164E0,1.079784989E0,1.245463753E1
1.177308246E1,-1.968033791E0,1.074996591E0,1.149695683E1
1.179307148E1,-1.714248419E0,1.237802267E0,1.032379818E1
1.181306049E1,-1.233013868E0,1.479616642E0,8.049305916E0
1.183304950E1,-1.173158884E0,1.553836942E0,6.251260757E0
1.185306904E1,-1.065419793E0,1.685518026E0,5.626373768E0
1.187308857E1,-9.193734527E-1,1.419761658E0,6.177040577E0
1.189307758E1,-1.142034173E0,1.340752959E0,5.849034786E0
1.191306659E1,-1.086967587E0,1.098938584E0,6.074089527E0
1.193305561E1,-5.985504389E-1,1.120486379E0,6.356605530E0
1.195304462E1,-6.368576288E-1,9.888052940E-1,6.363788128E0
1.197303364E1,-7.876923680E-1,1.017535686E0,6.464344501E0
1.199302265E1,-7.541735172E-1,1.367089152E0,7.252037048E0
1.201304218E1,-9.935936928E-1,1.352723956E0,7.055712223E0
1.203303119E1,-1.637633920E0,8.379706144E-1,7.503427982E0
1.205298969E1,-1.048660398E0,8.499416113E-1,9.497797966E0
1.207300922E1,-9.744400978E-1,7.350199223E-1,1.112346077E1
1.209299823E1,-9.935936928E-1,1.426944256E0,1.102769279E1
1.211298725E1,-1.675941229E0,1.613691926E0,1.047702694E1
1.213297626E1,-1.424550056E0,1.209071875E0,1.109712505E1
1.215299579E1,-1.515529633E0,7.422025502E-2,1.388636971E1
1.217298481E1,-1.544260144E0,2.298433632E-1,1.743218231E1
1.219297382E1,-1.723825216E0,4.548983276E-2,1.675701714E1
1.221299335E1,-1.151610970E0,6.751648784E-1,1.445379543E1
1.223301288E1,-1.206677675E0,1.177947283E0,1.148019695E1
1.225300190E1,-4.908113480E-1,1.663970232E0,9.698910713E0
1.227299091E1,-4.788403399E-3,1.776497602E0,8.851364136E0
1.229301044E1,-5.027823523E-2,2.085349798E0,8.513781548E0
1.231299946E1,-1.005564705E-1,2.047042370E0,8.904036522E0
1.233298847E1,1.436520964E-1,1.850717902E0,9.057265282E0
1.235297748E1,2.250549644E-1,1.728613615E0,8.269572258E0
1.237296650E1,-4.788403399E-3,1.551442742E0,7.817068577E0
1.239295551E1,1.963245422E-1,1.386242747E0,7.819462776E0
1.241294452E1,-5.267243832E-2,1.276109457E0,7.807491779E0
1.243293354E1,-2.657563984E-1,1.321599364E0,7.783549786E0
1.245292255E1,-3.639186621E-1,1.412579060E0,7.486668587E0
1.247288105E1,-3.351882398E-1,1.491587639E0,6.653486729E0
1.249290058E1,4.788403399E-3,1.570596337E0,6.818686485E0
1.251292011E1,-2.035071403E-1,1.683123827E0,7.527369976E0
1.253287860E1,-1.460463107E-1,1.709460020E0,6.734889507E0
1.255289814E1,-1.244984865E-1,1.309628367E0,6.947973251E0
1.257288715E1,6.943184882E-2,1.175553083E0,7.357381821E0
1.259287616E1,2.394201700E-3,1.304839969E0,7.685387611E0
1.261283466E1,1.939303428E-1,1.142034173E0,8.068459511E0
1.263285419E1,3.830722719E-2,7.637503147E-1,8.573636055E0
1.265281269E1,-5.506663769E-2,4.812345505E-1,9.756371498E0
1.267283222E1,2.154781520E-1,8.140285611E-1,1.045069027E1
1.269279072E1,2.346317619E-1,1.678335428E0,1.039801788E1
1.271281025E1,-3.974374831E-1,2.063801765E0,1.112106705E1
1.273276874E1,-7.086837292E-1,1.764526606E0,1.169328117E1
1.275275776E1,-8.331822157E-1,1.221042871E0,1.301248646E1
1.277274677E1,-1.283292055E0,6.320692301E-1,1.356075859E1
1.279276630E1,-1.810016513E0,6.368576288E-1,1.396298409E1
1.281272480E1,-1.795651317E0,1.103726983E0,1.330936718E1
1.283274433E1,-1.826775908E0,1.228225470E0,1.123598862E1
1.285270282E1,-1.915361404E0,1.228225470E0,1.047463226E1
1.287272236E1,-1.869871497E0,1.189918280E0,1.060391903E1
1.289268085E1,-2.047042370E0,1.149216771E0,1.021366405E1
1.291270038E1,-1.740584612E0,1.149216771E0,1.034774017E1
1.293268940E1,-1.549048543E0,1.115697980E0,1.043632507E1
1.295267841E1,-1.357512355E0,1.132457376E0,1.023760605E1
1.297266742E1,-1.149216771E0,1.290474772E0,9.318233490E0
1.299265644E1,-1.110909581E0,1.343147159E0,8.082824707E0
1.301261493E1,-1.043871999E0,1.323993564E0,7.405265808E0
1.303263447E1,-9.241618514E-1,1.379060149E0,7.656657219E0
1.305259296E1,-6.057330370E-1,1.388636947E0,7.582436562E0
1.307261249E1,-4.932055473E-1,1.225831270E0,7.319074631E0
1.309257099E1,-5.506663918E-1,1.295263171E0,7.089231014E0
1.311259052E1,-5.865794420E-1,1.407790542E0,6.390124321E0
1.313254902E1,-4.860229492E-1,1.620874524E0,6.447585106E0
1.315253803E1,-7.589619160E-1,1.635239720E0,6.548141479E0
1.317252704E1,-8.810662031E-1,1.225831270E0,6.962338448E0
1.319248554E1,-6.512228847E-1,6.823474765E-1,7.812280178E0
1.321250507E1,-3.040636182E-1,8.714894056E-1,7.529764175E0
1.323246357E1,-5.722141862E-1,1.312022567E0,7.354987621E0
1.325245258E1,-8.283938169E-1,1.431732655E0,8.322244644E0
1.327244159E1,-3.232172430E-1,1.496376038E0,1.056800652E1
1.329243061E1,3.471592367E-1,1.819593310E0,1.025436592E1
1.331241962E1,3.303998411E-1,2.760514498E0,8.853757858E0
1.333240864E1,-5.027823448E-1,3.095702887E0,8.858546257E0
1.335239765E1,-7.972691655E-1,1.843535304E0,1.102529907E1
1.337238666E1,2.753331959E-1,7.900865376E-2,1.576581860E1
1.339237568E1,1.122880578E0,1.484405100E-1,1.757344055E1
1.341236469E1,1.101332754E-1,1.805228114E0,1.364216137E1
1.343235370E1,-8.259995580E-1,2.760514498E0,1.069968700E1
1.345234272E1,-8.978256583E-1,2.779668093E0,9.967061996E0
1.347230121E1,-3.064578176E-1,1.970427990E0,1.085291672E1
1.349232074E1,-5.506663769E-2,1.412579060E0,1.170525169E1
1.351234028E1,-1.771709323E-1,1.438915253E0,1.106360626E1
1.353232929E1,-2.466027737E-1,1.572990537E0,8.853757858E0
1.355231830E1,-5.243301988E-1,1.903390408E0,7.362170219E0
1.357233783E1,-6.919242740E-1,1.989581585E0,7.156269073E0
1.359232685E1,-7.206547260E-1,1.845929503E0,7.548917770E0
1.361234638E1,-6.392518282E-1,1.613691926E0,7.692570210E0
1.363230488E1,-6.224924326E-1,1.426944256E0,7.156269073E0
1.365229389E1,-5.315127969E-1,1.316810966E0,6.200982571E0
1.367228290E1,-5.865794420E-1,1.647210717E0,5.480327606E0
1.369230243E1,-6.703764796E-1,1.941697598E0,5.269638062E0
1.371226093E1,-8.643068075E-1,1.922544003E0,5.760449409E0
1.373228046E1,-6.392518282E-1,1.788468719E0,6.284779549E0
1.375223896E1,-3.950432837E-1,1.776497602E0,5.609614372E0
1.377222797E1,-5.937620401E-1,1.912967205E0,5.171475887E0
1.379218647E1,-5.458779931E-1,1.601720929E0,6.825869083E0
1.381220600E1,-7.374141216E-1,9.600749016E-1,9.749189377E0
1.383219501E1,-2.059013397E-1,8.044517636E-1,1.194467258E1
1.385215351E1,3.280056417E-1,1.266532660E0,1.153286934E1
1.387217304E1,-4.477157295E-1,1.867477298E0,1.025436592E1
1.389213154E1,-7.996633649E-1,2.403778553E0,1.062786102E1
1.391215107E1,-7.972691655E-1,2.391807556E0,1.286643982E1
1.393214008E1,-1.065419793E0,2.147598982E0,1.350808620E1
1.395212909E1,-1.491587639E0,1.860294700E0,1.359906578E1
1.397211811E1,-2.573766708E0,1.714248419E0,1.397016716E1
1.399210712E1,-2.568978310E0,1.292868972E0,1.387918758E1
1.401209614E1,-2.200271368E0,1.261744261E0,1.359188271E1
1.403208515E1,-1.857900500E0,1.484405041E0,1.234210968E1
1.405207416E1,-1.582567334E0,1.687912226E0,1.073081207E1
1.407206318E1,-1.465251446E0,1.630451322E0,9.514557838E0
1.409205219E1,-1.314416766E0,1.587355733E0,8.082824707E0
1.411204120E1,-8.738836050E-1,1.939303398E0,7.608773232E0
1.413203022E1,-6.584054828E-1,1.956062794E0,7.132327080E0
1.415198871E1,-9.433154464E-1,1.872265697E0,6.299144745E0
1.417200824E1,-6.512228847E-1,2.154781580E0,5.544970989E0
1.419199726E1,-6.655880809E-1,2.214636564E0,6.239289761E0
1.421201679E1,-1.350329757E0,2.420537949E0,6.861782074E0
1.423203632E1,-1.221042871E0,2.284068346E0,6.947973251E0
1.425199482E1,-1.106121182E0,2.293645144E0,7.659051418E0
1.427201435E1,-1.292868972E0,2.296039343E0,7.769184589E0
1.429197284E1,-1.338358760E0,2.118868589E0,8.003816605E0
1.431199238E1,-1.379060149E0,1.874659896E0,8.643068314E0
1.433195087E1,-1.254561663E0,1.790862918E0,1.002212811E1
1.435197040E1,-1.359906554E0,1.896207690E0,1.080503273E1
1.437192890E1,-1.285686255E0,2.329558372E0,1.085531044E1
1.439188739E1,-1.541865945E0,2.676717520E0,1.031422138E1
1.441190693E1,-1.501164436E0,2.537853718E0,1.086967564E1
1.443186542E1,-1.541865945E0,1.934514999E0,1.201889229E1
1.445185444E1,-1.649604917E0,1.599326730E0,1.316810894E1
1.447181293E1,-1.675941229E0,1.182735682E0,1.434126854E1
1.449180194E1,-1.403002143E0,1.821987510E0,1.369483376E1
1.451179096E1,-1.247379065E0,2.245761156E0,1.144907284E1
1.453177997E1,-1.218648672E0,2.264914751E0,9.576807022E0
1.455176899E1,-1.125274777E0,1.759738207E0,9.718064308E0
1.457172748E1,-5.386953950E-1,1.479616642E0,1.012029076E1
1.459174701E1,-2.633621916E-2,1.300051570E0,9.610325813E0
1.461170551E1,-6.224924326E-2,1.498770237E0,7.625532627E0
1.463172504E1,-2.609679997E-1,1.750161409E0,6.117185116E0
1.465168354E1,1.651999205E-1,1.577778935E0,5.343858242E0
1.467167255E1,-1.436521020E-2,1.412579060E0,6.497863293E0
1.469169208E1,-1.747767180E-1,1.798045516E0,7.026981831E0
1.471165058E1,-1.221042871E-1,1.824381709E0,6.100425720E0
1.473167011E1,4.309563041E-1,1.831564307E0,4.936843872E0
1.475165912E1,8.571242094E-1,2.221819162E0,4.639962673E0
1.477164814E1,2.729389966E-1,2.626439333E0,5.626373768E0
1.479163715E1,2.873042040E-2,2.705447912E0,6.370970726E0
1.481162616E1,4.692635238E-1,1.589749932E0,8.283937454E0
1.483161518E1,2.442085743E-1,1.134851575E0,9.241618156E0
1.485160419E1,-2.873041928E-1,1.685518026E0,9.672574997E0
1.487159320E1,-6.464344859E-1,1.647210717E0,1.233492756E1
1.489155170E1,-3.878606856E-1,1.991975784E0,1.408748245E1
1.491157123E1,-8.547300100E-1,2.695871115E0,1.276827812E1
1.493156025E1,-1.929726601E0,3.380612850E0,1.128866100E1
1.495154926E1,-2.600103140E0,3.849876404E0,1.082658005E1
1.497153827E1,-3.038241863E0,3.454833031E0,1.118570995E1
1.499152729E1,-2.741360903E0,2.870647907E0,1.247618484E1
1.501151630E1,-1.951274395E0,2.346317768E0,1.346977901E1
1.503150531E1,-1.695094824E0,2.324769735E0,1.222239971E1
1.505152485E1,-2.454056740E0,2.552218914E0,1.115219116E1
1.507148334E1,-2.224213362E0,2.355894566E0,1.097980881E1
1.509150287E1,-1.312022567E0,2.427720547E0,1.006761837E1
1.511146137E1,-1.082179189E0,2.430114746E0,8.360552788E0
1.513148090E1,-1.132457376E0,2.705447912E0,7.378929615E0
1.515143940E1,-1.000776291E0,2.643198729E0,7.479485989E0
1.517142841E1,-9.313444495E-1,2.305616140E0,7.314286232E0
1.519138691E1,-6.655880809E-1,2.085349798E0,7.407660007E0
1.521140644E1,-2.202665508E-1,2.123656988E0,7.606379032E0
1.523136493E1,-4.572925270E-1,2.051830769E0,7.079654217E0
1.525135395E1,-8.858546019E-1,2.173935175E0,7.127538681E0
1.527134296E1,-1.393425345E0,2.384624958E0,7.137115479E0
1.529133197E1,-9.385270476E-1,2.217030764E0,7.266402245E0
1.531132099E1,-7.852981687E-1,1.814804912E0,8.264783859E0
1.533127948E1,-1.510741234E0,1.946485996E0,8.913613319E0
1.535129902E1,-1.912967205E0,2.573766708E0,8.418013573E0
1.537128803E1,-1.795651317E0,2.726995707E0,9.445125580E0
1.539127704E1,-1.953668594E0,2.782062292E0,1.121683502E1
1.541126606E1,-1.364694953E0,2.521094322E0,1.097262669E1
1.543125507E1,-1.541865945E0,2.185906172E0,1.092713642E1
1.545124408E1,-1.103726983E0,2.547430515E0,1.229662037E1
1.547120258E1,-3.663128614E0,2.772485495E0,6.112396717E0
1.549122211E1,-2.291250944E0,2.370259762E0,1.363737297E1
1.551118061E1,-9.361328483E-1,1.697489023E0,1.561019516E1
1.553114632E1,-9.888052940E-1,1.690306425E0,1.308910084E1
1.555113534E1,-1.752555609E0,2.274491549E0,9.035717010E0
1.557109383E1,-1.561019540E0,2.906560898E0,5.425261021E0
1.560269449E1,4.510675907E0,2.406172752E0,8.425195694E0
1.562268350E1,4.041412354E0,2.636016130E0,9.390059471E0
1.564267251E1,4.374206543E0,2.559401512E0,8.746018410E0
1.566269205E1,4.922478676E0,2.568978310E0,7.826645374E0
1.568268106E1,4.558559895E0,2.583343744E0,7.680599213E0
1.570263956E1,3.426102638E0,2.487575531E0,7.678205013E0
1.572265909E1,3.033453465E0,2.442085743E0,8.456320763E0
1.574264810E1,3.361459255E0,2.439691544E0,8.860940933E0
1.576269815E1,3.454833031E0,2.341529369E0,8.365341187E0
1.578268716E1,3.485957623E0,2.293645144E0,8.022970200E0
1.580270669E1,3.375824451E0,2.161964178E0,7.874529362E0
1.582269571E1,3.567360640E0,2.140416384E0,8.336610794E0
1.584271524E1,3.828328609E0,2.073378563E0,8.403648376E0
1.586270425E1,2.985569477E0,2.111685991E0,8.394071579E0
1.588269327E1,2.226607561E0,1.805228114E0,7.654263020E0
1.590271280E1,2.217030764E0,1.991975784E0,7.290344238E0
1.592273233E1,2.882618904E0,2.181117773E0,8.214506149E0
1.594275186E1,2.695871115E0,1.692700624E0,8.159439087E0
1.596274087E1,2.315192938E0,1.956062794E0,7.283161640E0
1.598272989E1,1.616086125E0,2.056619167E0,6.339846134E0
1.600271890E1,1.807622313E0,2.324769735E0,6.509834290E0
1.602270791E1,1.374271750E0,2.099714994E0,7.137115479E0
1.604272745E1,1.786074519E0,1.924938202E0,7.903259754E0
1.606271646E1,2.274491549E0,1.764526606E0,7.469909191E0
1.608273599E1,8.427590132E-1,1.347935557E0,7.335834026E0
1.610275552E1,1.307234168E0,9.840168953E-1,7.915230751E0
1.612274454E1,1.719036818E0,9.121908545E-1,1.043153667E1
1.614270303E1,1.276109457E0,-6.464344263E-2,1.046505547E1
1.616272256E1,2.176329374E0,1.029506698E-1,9.603142738E0
1.618271158E1,2.133233786E0,7.302315235E-1,1.167412758E1
1.620270059E1,1.709460020E0,8.188169599E-1,1.382651520E1
1.622272012E1,5.123591423E-1,-1.532289088E-1,1.816720200E1
1.624270914E1,1.422155857E0,-1.604115069E-1,1.477940750E1
1.626266763E1,1.355118155E0,-9.074024558E-1,1.386721611E1
1.628268716E1,-1.438915253E0,-2.097320795E0,1.408030033E1
1.630267618E1,-5.913678408E-1,-1.628057122E0,1.140837097E1
1.632266519E1,-3.902548850E-1,-1.096544385E0,1.087685871E1
1.634268472E1,-8.259995580E-1,-4.261679053E-1,9.947908401E0
1.636267374E1,-1.156399369E0,7.422025502E-2,8.999804497E0
1.638266275E1,-2.315192938E0,2.394201756E-1,9.050082207E0
1.640268228E1,-2.080561161E0,4.046200812E-1,9.287108421E0
1.642270181E1,-1.139639974E0,3.399766386E-1,8.887276649E0
1.644269083E1,-9.959878922E-1,5.602431893E-1,9.002198219E0
1.646267984E1,-7.374141216E-1,9.648633003E-1,8.698134422E0
1.648266885E1,-1.355118155E0,1.091755986E0,7.848193169E0
1.650265787E1,-1.671152830E0,1.436521053E0,7.094019413E0
1.652264688E1,-1.237802267E0,1.508347034E0,7.115567684E0
1.654266641E1,-3.734954596E-1,1.333570361E0,7.089231014E0
1.656265542E1,-7.422025502E-2,1.137245774E0,7.503427982E0
1.658264444E1,-1.273715258E0,2.245761156E0,8.599972725E0
1.660263345E1,-7.445967197E-1,1.546654344E0,9.095572472E0
1.662262247E1,-9.337386489E-2,1.845929503E0,9.198522568E0
1.664261148E1,1.484405100E-1,1.628057122E0,7.781155586E0
1.666263101E1,-1.891419291E-1,1.776497602E0,6.919242859E0
1.668262002E1,-2.130839527E-1,1.537077546E0,7.651868820E0
1.670260904E1,1.388636976E-1,1.398213744E0,8.334216118E0
1.672259805E1,1.460463107E-1,1.537077546E0,8.350975990E0
1.674261758E1,-3.926490843E-1,1.798045516E0,7.972691536E0
1.676260660E1,-4.094084799E-1,1.719036818E0,7.800309181E0
1.678256509E1,-2.968810201E-1,1.704671621E0,8.786720276E0
1.680258462E1,2.561795712E-1,1.577778935E0,8.068459511E0
1.682351968E1,1.101332754E-1,1.958456993E0,7.864952564E0
1.684262369E1,-3.806780577E-1,1.970427990E0,8.729259491E0
1.686264322E1,-5.410895944E-1,1.915361404E0,9.157821655E0
1.688260171E1,-9.576806799E-3,1.757344007E0,8.884882927E0
1.690252969E1,1.221042871E-1,1.508347034E0,9.454702377E0
1.692248819E1,1.086967587E0,1.637633920E0,1.021605873E1
1.694244668E1,1.175553083E0,2.336740971E0,1.089122391E1
1.696237466E1,1.254561663E0,2.923320293E0,1.097023201E1
1.698236368E1,1.572990537E0,3.227383852E0,1.099417400E1
1.700232217E1,8.212111592E-1,2.767697096E0,1.160230160E1
1.702225015E1,6.464344263E-2,2.248155355E0,1.300530338E1
1.704217813E1,1.074996591E0,1.450886250E0,1.436281586E1
1.706213662E1,2.451662540E0,7.781155705E-1,1.463814926E1
1.708209512E1,2.932897091E0,7.661445141E-1,1.275630665E1
1.710205362E1,2.384624958E0,1.280897856E0,1.058955383E1
1.712198160E1,1.249773264E0,1.764526606E0,9.562441826E0
1.714194009E1,1.127668977E0,2.116474390E0,9.002198219E0
1.716189859E1,1.553836942E0,2.102109194E0,8.398859978E0
1.718182657E1,2.212242365E0,1.776497602E0,8.243236542E0
1.720178506E1,3.007117271E0,1.316810966E0,8.262390137E0
1.722174356E1,3.033453465E0,1.233013868E0,8.899248123E0
1.724170206E1,2.832340717E0,1.328781962E0,9.686940193E0
1.726166055E1,2.501940727E0,1.443703651E0,8.954314232E0
1.728164957E1,2.166752577E0,1.747767210E0,8.719682693E0
1.730160806E1,2.118868589E0,1.867477298E0,8.082824707E0
1.732156656E1,1.980004787E0,1.970427990E0,7.967903137E0
1.734152505E1,1.924938202E0,1.898601890E0,8.652645111E0
1.736154458E1,2.118868589E0,1.769315004E0,8.743624687E0
1.738153360E1,1.798045516E0,1.865083098E0,8.564059258E0
1.740155313E1,1.733402014E0,1.860294700E0,8.494627953E0
1.742154214E1,1.532289028E0,1.920149803E0,8.705317497E0
1.744153116E1,8.930372596E-1,1.944091797E0,8.978256226E0
1.746155069E1,1.142034173E0,1.783680320E0,8.904036522E0
1.748153970E1,1.357512355E0,1.685518026E0,8.315062523E0
1.750155923E1,1.084573388E0,1.831564307E0,7.900865555E0
1.752154825E1,7.541735172E-1,1.695094824E0,8.607154846E0
1.754156778E1,9.289502501E-1,1.666364431E0,9.442731857E0
1.756155679E1,1.027112484E0,1.625662923E0,9.057265282E0
1.758151529E1,1.096544385E0,1.728613615E0,7.833827972E0
1.760153482E1,6.536170840E-1,1.989581585E0,6.744466305E0
1.762152383E1,2.011129409E-1,2.236184359E0,6.684611320E0
1.764154336E1,8.355764151E-1,2.054224968E0,7.402871609E0
1.766156290E1,1.462857246E0,2.011129379E0,7.364564419E0
1.768155191E1,1.158793569E0,2.181117773E0,7.134721279E0
1.770154092E1,7.972691655E-1,2.477998734E0,7.457938194E0
1.772152994E1,4.620809257E-1,2.616862535E0,7.625532627E0
1.774151895E1,2.705447972E-1,2.545036316E0,7.989450932E0
1.776150796E1,8.858546019E-1,2.293645144E0,8.911218643E0
1.778152749E1,1.307234168E0,2.403778553E0,9.639056206E0
1.780151651E1,1.187524080E0,2.580949545E0,9.950302124E0
1.782150552E1,7.733271718E-1,2.782062292E0,1.041238308E1
1.784152505E1,-1.053448766E-1,2.731784105E0,1.136767006E1
1.786154458E1,-1.252167463E0,2.403778553E0,1.229662037E1
1.788153360E1,-1.312022567E0,2.255337954E0,1.306037045E1
1.790155313E1,-1.199495077E0,1.675941229E0,1.347217274E1
1.792154214E1,-1.886630893E0,1.072602391E0,1.295741940E1
1.794156167E1,-2.521094322E0,1.161187768E0,1.295263100E1
1.796155069E1,-1.762132406E0,1.051054597E0,1.287601662E1
1.798153970E1,-8.619126081E-1,1.051054597E0,1.180102062E1
1.800152872E1,1.915361360E-2,1.314416766E0,1.022324085E1
1.802151773E1,-5.291185975E-1,1.649604917E0,8.501810074E0
1.804150674E1,-7.302315235E-1,2.195482969E0,7.386112213E0
1.806149576E1,-1.247379065E0,2.580949545E0,7.340622425E0
1.808148477E1,-1.532289028E0,2.626439333E0,7.809885979E0
1.810150430E1,-7.469909191E-1,2.420537949E0,7.972691536E0
1.812149332E1,-4.932055473E-1,2.183511972E0,7.984662533E0
1.814151285E1,-9.241618514E-1,2.020706177E0,7.836222172E0
1.816150186E1,-1.575384736E0,2.059013367E0,8.214506149E0
1.818149087E1,-1.905784607E0,1.838746905E0,9.114726067E0
1.820147989E1,-1.857900500E0,1.592144132E0,9.691728592E0
1.822146890E1,-1.465251446E0,1.525106430E0,1.010353088E1
1.824145791E1,-1.187524080E0,1.477222443E0,9.773131371E0
1.826144693E1,-1.575384736E0,1.450886250E0,9.200917244E0
1.828143594E1,-2.111685991E0,1.391031146E0,9.275136948E0
1.830142496E1,-1.862688899E0,1.209071875E0,9.871294022E0
1.832141397E1,-1.690306425E0,1.072602391E0,1.023281765E1
1.834143350E1,-1.991975784E0,1.101332784E0,1.033337498E1
1.836142251E1,-1.726219416E0,1.259350061E0,1.039562416E1
1.838144205E1,-1.802833915E0,1.268926859E0,9.727641106E0
1.840143106E1,-1.879448295E0,1.352723956E0,9.289502144E0
1.842142007E1,-9.169792533E-1,1.596932530E0,8.221688271E0
1.844140909E1,-6.224924326E-1,1.788468719E0,6.993463039E0
1.846139810E1,-4.979939461E-1,2.128445387E0,6.174646378E0
1.848138711E1,1.149216816E-1,2.482787132E0,5.456385612E0
1.850140665E1,4.860229492E-1,2.521094322E0,5.430049419E0
1.852145669E1,2.466027737E-1,2.894589901E0,5.779603004E0
1.854144571E1,3.351882473E-2,2.944868088E0,6.110002518E0
1.856143472E1,-4.309562966E-2,3.093308687E0,6.670246124E0
1.858142374E1,-4.788403213E-2,3.232172251E0,7.984662533E0
1.860141275E1,-3.567360640E-1,3.390189648E0,9.251194954E0
1.862140176E1,-9.576806799E-3,3.327940464E0,1.021605873E1
1.864142129E1,1.388636976E-1,3.521870613E0,1.097023201E1
1.866141031E1,-1.173158810E-1,3.610456228E0,1.162624359E1
1.868142984E1,-1.086967587E0,3.253720045E0,1.279700851E1
1.870141885E1,-1.249773264E0,2.920926094E0,1.277306652E1
1.872140787E1,1.436520964E-1,2.597708941E0,1.179144382E1
1.874142740E1,2.212242365E0,2.114080191E0,1.087207031E1
1.876141641E1,2.930502892E0,1.879448295E0,1.033337498E1
1.878143594E1,1.833958507E0,2.073378563E0,1.063983250E1
1.880142496E1,8.212111592E-1,2.315192938E0,1.113782597E1
1.882144449E1,9.576806799E-3,2.391807556E0,1.150174522E1
1.884143350E1,6.679822803E-1,2.252943754E0,1.032858658E1
1.886142251E1,1.364694953E0,1.924938202E0,8.616731644E0
1.888141153E1,2.013523579E0,1.587355733E0,7.881711960E0
1.890140054E1,1.819593310E0,1.484405041E0,8.269572258E0
1.892138956E1,8.427590132E-1,1.719036818E0,9.265560150E0
1.894137857E1,7.637503147E-1,1.953668594E0,9.258378029E0
1.896139810E1,1.297657371E0,2.003946781E0,8.300697327E0
1.898138711E1,1.869871497E0,1.893813491E0,7.747636795E0
1.900137613E1,2.121262789E0,2.025494576E0,7.450755596E0
1.902139566E1,1.546654344E0,2.097320795E0,7.934384346E0
1.904138467E1,5.841852427E-1,2.128445387E0,9.198522568E0
1.906137369E1,-1.460463107E-1,2.169146776E0,9.670180321E0
1.908136270E1,1.939303428E-1,2.035071373E0,8.939949036E0
1.910135171E1,6.751648784E-1,1.745373011E0,8.044517517E0
1.912137124E1,1.120486379E0,1.453280449E0,8.010998726E0
1.914136026E1,1.462857246E0,1.209071875E0,8.832210541E0
1.916137979E1,1.383848548E0,9.313444495E-1,9.375694275E0
1.918136880E1,1.458068848E0,1.058237195E0,8.951920509E0
1.920135782E1,1.288080573E0,1.201889277E0,7.534552574E0
1.922137735E1,1.338358760E0,1.185129881E0,6.576871872E0
1.924136636E1,2.044648170E0,1.216254473E0,6.603208065E0
1.926138589E1,2.118868589E0,1.084573388E0,7.163451672E0
1.928137491E1,1.695094824E0,1.182735682E0,8.013393402E0
1.930136392E1,1.608903527E0,1.288080573E0,8.063671112E0
1.932138345E1,2.114080191E0,1.805228114E0,8.947132111E0
1.934140298E1,3.402160645E0,1.391031146E0,8.609549522E0
1.936139200E1,4.501099110E0,1.501164436E0,7.855375767E0
1.938138101E1,4.134786129E0,1.908178806E0,8.463502884E0
1.940137002E1,2.911349297E0,3.105279684E0,1.098459721E1
1.942132852E1,7.613561153E-1,3.900154591E0,1.441309452E1
1.944131753E1,6.416460276E-1,3.785232782E0,1.433887386E1
1.946133707E1,6.727706790E-1,3.131615877E0,1.311783123E1
1.948132608E1,9.792284966E-1,2.111685991E0,1.451604462E1
1.950134561E1,2.566584110E0,1.118092179E0,1.517684460E1
1.952133462E1,2.200271368E0,1.357512355E0,1.380496693E1
1.954132364E1,1.108515382E0,1.723825216E0,1.336203957E1
1.956134317E1,7.876923680E-1,1.920149803E0,1.242351246E1
1.958136270E1,-5.027823523E-2,1.968033791E0,1.069011021E1
1.960135171E1,-1.206677675E0,2.126051188E0,8.355764389E0
1.962134073E1,-1.651999116E0,2.530671120E0,6.955155849E0
1.964136026E1,-1.584961534E0,2.396595955E0,6.368576527E0
1.966134927E1,-1.048660398E0,2.195482969E0,5.779603004E0
1.968133829E1,-9.576807022E-1,2.257732153E0,5.638344765E0
1.970135782E1,-9.552865028E-1,2.118868589E0,7.316680431E0
1.972134683E1,-6.200982332E-1,1.661576033E0,8.906430244E0
1.974136636E1,-9.552865028E-1,1.496376038E0,8.492233276E0
1.976135538E1,-1.754949808E0,1.872265697E0,7.307103634E0
1.978134439E1,-2.073378563E0,1.738190413E0,7.848193169E0
1.980133340E1,-1.948880196E0,1.666364431E0,9.253589630E0
1.982132242E1,-2.274491549E0,2.070984364E0,9.471462250E0
1.984131143E1,-2.870647907E0,2.413355350E0,8.499416351E0
1.986130044E1,-2.489969730E0,2.454056740E0,8.015787125E0
1.988131998E1,-1.264138460E0,2.085349798E0,7.326257229E0
1.990130899E1,-6.081272364E-1,1.838746905E0,7.168240070E0
1.992129800E1,-5.770025849E-1,2.291250944E0,7.323863029E0
1.994131753E1,-7.757213712E-1,2.568978310E0,7.266402245E0
1.996130655E1,-7.062895298E-1,2.815581083E0,6.725312710E0
1.998132608E1,-5.027823523E-2,2.705447912E0,6.701370716E0
2.000131509E1,7.110779285E-1,2.398990154E0,7.860164165E0
2.002130411E1,1.403002143E0,2.267308950E0,9.313444138E0
2.004129312E1,2.214636564E0,2.257732153E0,9.442731857E0
2.006125162E1,2.015917778E0,2.772485495E0,9.490615845E0
2.008127115E1,1.989581585E0,3.292027235E0,9.988609314E0
2.010126016E1,1.575384736E0,3.485957623E0,1.004846478E1
2.012127969E1,5.027823448E-1,3.383007050E0,1.105163479E1
2.014126870E1,8.236053586E-1,2.724601507E0,1.363737297E1
2.016125772E1,1.721431017E0,1.924938202E0,1.475546551E1
2.018127725E1,2.212242365E0,1.759738207E0,1.374750614E1
2.020132730E1,1.728613615E0,2.070984364E0,1.148738003E1
2.022131631E1,5.458779931E-1,2.724601507E0,1.003170490E1
2.024130533E1,3.471592367E-1,2.889801502E0,9.150638580E0
2.026132486E1,1.060631394E0,2.559401512E0,9.038111687E0
2.028131387E1,1.687912226E0,2.135627985E0,9.002198219E0
2.030130289E1,2.164358377E0,1.968033791E0,8.137891769E0
2.032129190E1,2.190694571E0,2.013523579E0,7.374141216E0
2.034128091E1,1.905784607E0,2.224213362E0,7.551311970E0
2.036126993E1,1.702277422E0,2.300827742E0,7.666234016E0
2.038125894E1,1.534683347E0,2.169146776E0,7.979874134E0
2.040127847E1,1.537077546E0,2.011129379E0,8.408436775E0
2.042126748E1,1.635239720E0,1.628057122E0,8.257601738E0
2.044128702E1,1.735796213E0,1.546654344E0,7.508216381E0
2.046127603E1,1.668758631E0,1.644816518E0,7.196970463E0
2.048129556E1,1.771709204E0,1.759738207E0,7.613561630E0
2.050128458E1,1.577778935E0,1.845929503E0,7.450755596E0
2.052130411E1,1.223437071E0,1.999158382E0,6.904877663E0
2.054129312E1,9.217676520E-1,1.948880196E0,6.600813866E0
2.056128213E1,9.672574997E-1,1.819593310E0,6.296750546E0
2.058130166E1,1.393425345E0,1.771709204E0,6.033388138E0
2.060129068E1,2.023100376E0,1.738190413E0,5.652710438E0
2.062131021E1,2.817975283E0,2.032677174E0,5.252878666E0
2.064129922E1,3.679888010E0,2.566584110E0,5.035006046E0
2.066128824E1,2.832340717E0,2.671929121E0,7.898471355E0
2.068127725E1,9.385270476E-1,2.370259762E0,1.193509579E1
2.070126626E1,1.460463107E-1,2.513911724E0,1.464533138E1
2.072125528E1,5.626373887E-1,1.922544003E0,1.520796967E1
2.074127481E1,7.302315235E-1,1.453280449E0,1.528458405E1
2.076126382E1,6.703764945E-2,1.170764685E0,1.492545319E1
2.078125284E1,-1.223437071E0,1.194706678E0,1.584243298E1
2.080124185E1,-1.261744261E0,1.221042871E0,1.638112831E1
2.082120035E1,-1.819593310E-1,1.036689281E0,1.512896061E1
2.084121988E1,4.237737060E-1,1.156399369E0,1.319923401E1
2.086120889E1,2.298433632E-1,1.549048543E0,1.155441761E1
2.088119790E1,-1.699883193E-1,1.879448295E0,9.765948296E0
2.090118692E1,-5.865794420E-1,1.786074519E0,8.860940933E0
2.092117593E1,-1.063025594E0,1.987187386E0,9.033323288E0
2.094116495E1,-1.041477680E0,1.788468719E0,8.887276649E0
2.096118448E1,-6.895300746E-1,1.778891921E0,8.520963669E0
2.098120401E1,-8.307880163E-1,1.800439715E0,7.795520782E0
2.100119302E1,-1.115697980E0,2.070984364E0,7.034164429E0
2.102118204E1,-1.142034173E0,2.106897593E0,6.655880928E0
2.104117105E1,-9.983820915E-1,1.927332401E0,7.575253963E0
2.106116006E1,-1.359906554E0,1.800439715E0,9.114726067E0
2.108117959E1,-1.424550056E0,1.927332401E0,9.117119789E0
2.110119912E1,-1.405396342E0,2.056619167E0,7.601590633E0
2.112121866E1,-1.314416766E0,2.044648170E0,6.928819656E0
2.114123819E1,-8.810662031E-1,1.905784607E0,7.975085735E0
2.116122720E1,-9.361328483E-1,1.788468719E0,8.927978516E0
2.118121622E1,-8.116343617E-1,1.860294700E0,9.064447403E0
2.120120523E1,-8.020575643E-1,1.891419291E0,8.652645111E0
2.122119424E1,-9.433154464E-1,2.049436569E0,8.018181801E0
2.124121377E1,-1.034295082E0,2.351106167E0,7.606379032E0
2.126123331E1,-8.331822157E-1,2.205059767E0,7.623138428E0
2.128125284E1,-6.320692301E-1,1.991975784E0,8.164227486E0
2.130127237E1,-1.819593310E-1,1.915361404E0,8.511386871E0
2.132126138E1,-8.858546615E-2,1.987187386E0,8.125920296E0
2.134125040E1,-2.466027737E-1,2.181117773E0,7.647080421E0
2.136123941E1,-2.346317619E-1,2.209848166E0,8.207323074E0
2.138122842E1,2.274491638E-1,1.881842494E0,8.789113998E0
2.140124795E1,4.740519226E-1,1.774103403E0,9.303867340E0
2.142126748E1,6.512228847E-1,1.991975784E0,9.787496567E0
2.144125650E1,4.429273009E-1,2.147598982E0,1.015141487E1
2.146124551E1,8.427590132E-1,2.341529369E0,9.758766174E0
2.148123453E1,7.015010715E-1,2.367865562E0,9.706093788E0
2.150122354E1,6.943184882E-2,1.999158382E0,1.110191345E1
2.152121255E1,5.171475410E-1,1.810016513E0,1.213381386E1
2.154117105E1,9.816226959E-1,1.651999116E0,1.238999367E1
2.156116006E1,1.680729628E0,1.575384736E0,1.223915863E1
2.158117959E1,1.977610588E0,1.537077546E0,1.189918232E1
2.160116861E1,1.865083098E0,1.697489023E0,1.150174522E1
2.162115762E1,1.584961534E0,1.802833915E0,1.127908421E1
2.164111612E1,1.161187768E0,1.860294700E0,1.105402946E1
2.166113565E1,1.051054597E0,1.793257117E0,1.043871975E1
2.168115518E1,1.276109457E0,1.709460020E0,9.586383820E0
2.170117471E1,1.438915253E0,1.740584612E0,8.829815865E0
2.172116373E1,1.541865945E0,1.714248419E0,8.228871346E0
2.174112222E1,1.319205165E0,1.884236693E0,8.154650688E0
2.176111124E1,1.367089152E0,1.893813491E0,8.588001251E0
2.178113077E1,1.525106430E0,1.699883223E0,8.918401718E0
2.180111978E1,1.594538331E0,1.623268723E0,8.827422142E0
2.182110879E1,1.625662923E0,1.675941229E0,8.226476669E0
2.184109781E1,1.367089152E0,2.013523579E0,7.769184589E0
2.186108682E1,8.882488012E-1,2.042253971E0,8.092401505E0
2.188107583E1,2.035071403E-1,1.944091797E0,9.181763649E0
2.190106485E1,-7.422025502E-2,1.762132406E0,9.459490776E0
2.192102334E1,5.267243832E-2,1.709460020E0,9.083600998E0
2.194104288E1,2.466027737E-1,1.735796213E0,7.781155586E0
2.196106241E1,2.394201607E-2,1.805228114E0,6.672640324E0
2.198108194E1,-3.567360640E-1,1.948880196E0,6.497863293E0
2.200107095E1,-1.747767180E-1,1.951274395E0,6.830657482E0
2.202102945E1,5.817909837E-1,1.754949808E0,6.804321289E0
2.204101846E1,8.762778044E-1,1.683123827E0,6.184223175E0
2.206103799E1,6.679822803E-1,1.833958507E0,5.844246387E0
2.208102701E1,9.265560508E-1,1.656787634E0,6.986280441E0
2.210101602E1,1.177947283E0,1.460463047E0,8.101978302E0
2.212100503E1,1.424550056E0,1.690306425E0,7.951143742E0
2.214096353E1,1.707065821E0,2.305616140E0,7.785943985E0
2.216098306E1,8.499416113E-1,2.329558372E0,8.255207062E0
2.218100259E1,-1.180341482E0,2.621650934E0,1.086488724E1
2.220102212E1,-2.454056740E0,2.382230759E0,1.356554699E1
2.222101114E1,-2.233790159E0,1.805228114E0,1.507389355E1
2.224100015E1,-1.302445769E0,1.379060149E0,1.550963879E1
2.226101968E1,-8.044517636E-1,9.600749016E-1,1.421198082E1
2.228100870E1,-3.591302633E-1,1.012747288E0,1.334288597E1
2.230099771E1,-6.033388376E-1,1.154005170E0,1.403002167E1
2.232098672E1,-1.386242747E0,1.343147159E0,1.396777248E1
2.234094522E1,-1.482010841E0,1.649604917E0,1.270842266E1
2.236096475E1,-1.333570361E0,1.810016513E0,1.095347309E1
2.238098428E1,-1.532289028E0,1.915361404E0,8.997409821E0
2.240097330E1,-2.070984364E0,2.049436569E0,7.716512203E0
2.242096231E1,-1.879448295E0,2.171540976E0,7.055712223E0
2.244095132E1,-1.719036818E0,2.312798738E0,6.785167694E0
2.246097085E1,-1.460463047E0,2.319981337E0,6.349422932E0
2.248095987E1,-1.201889277E0,2.267308950E0,6.172252178E0
2.250094888E1,-7.469909191E-1,2.061407566E0,6.222530365E0
2.252096841E1,-1.034295082E0,2.073378563E0,6.318298340E0
2.254098794E1,-1.295263171E0,2.173935175E0,6.900089264E0
2.256097696E1,-1.280897856E0,2.051830769E0,7.963114738E0
2.258099649E1,-1.240196466E0,1.879448295E0,8.834604263E0
2.260095498E1,-1.465251446E0,1.975216389E0,8.944737434E0
2.262097452E1,-1.790862918E0,2.056619167E0,8.731653214E0
2.264099405E1,-2.262520552E0,2.135627985E0,8.350975990E0
2.266101358E1,-2.422932148E0,2.185906172E0,7.991845131E0
2.268100259E1,-1.821987510E0,2.114080191E0,8.274360657E0
2.270099161E1,-1.541865945E0,1.960851192E0,8.374917984E0
2.272098062E1,-1.482010841E0,1.726219416E0,8.085219383E0
2.274096963E1,-1.534683347E0,1.247379065E0,7.261613846E0
2.276095865E1,-8.667010069E-1,9.433154464E-1,7.426813602E0
2.278097818E1,1.173158810E-1,4.596867263E-1,8.755595207E0
2.280096719E1,1.604115069E-1,2.873041928E-1,1.053448772E1
2.282095620E1,-3.687070608E-1,9.648633003E-1,1.143710136E1
2.284094522E1,-7.876923680E-1,1.889025092E0,1.078827286E1
2.286093423E1,-1.221042871E0,2.118868589E0,1.023521233E1
2.288095376E1,-1.659181833E0,2.171540976E0,1.036210537E1
2.290097330E1,-1.359906554E0,2.413355350E0,1.176989555E1
2.292096231E1,-8.762778044E-1,1.968033791E0,1.382412052E1
2.294095132E1,1.053448766E-1,1.398213744E0,1.489672279E1
2.296094034E1,9.385270476E-1,1.019929886E0,1.417846203E1
2.298092935E1,5.243301988E-1,9.696516991E-1,1.267011547E1
2.300094888E1,-5.243301988E-1,1.340752959E0,1.148498535E1
2.302096841E1,-9.169792533E-1,1.572990537E0,1.133893967E1
2.304098794E1,-6.177040339E-1,1.357512355E0,1.075235939E1
2.306100748E1,-1.987187415E-1,1.328781962E0,9.315838814E0
2.308099649E1,5.506663769E-2,1.374271750E0,7.807491779E0
2.310098550E1,-2.322375625E-1,1.561019540E0,7.046135426E0
2.312097452E1,-2.657563984E-1,1.704671621E0,7.915230751E0
2.314096353E1,1.508347094E-1,1.484405041E0,8.585607529E0
2.316098306E1,3.184288144E-1,1.400607944E0,8.698134422E0
2.318097208E1,5.841852427E-1,1.314416766E0,8.796297073E0
2.320096109E1,5.195417404E-1,1.410184860E0,9.117119789E0
2.322095010E1,1.101332754E-1,1.568202138E0,8.401253700E0
2.324096963E1,-3.447650373E-1,1.675941229E0,7.852981567E0
2.326098916E1,-7.852981687E-1,1.623268723E0,8.049305916E0
2.328097818E1,-5.674257874E-1,1.623268723E0,8.135497093E0
2.330093667E1,-2.537853718E-1,1.539471745E0,7.168240070E0
2.332092569E1,-1.508347094E-1,1.630451322E0,5.801150799E0
2.334094522E1,-5.075707436E-1,1.675941229E0,5.413290024E0
2.336093423E1,-2.825157940E-1,1.654393315E0,6.600813866E0
2.338092325E1,-4.309562966E-2,1.470039845E0,7.733271599E0
2.340091226E1,2.705447972E-1,1.616086125E0,8.224082947E0
2.342090127E1,7.805097699E-1,1.673547029E0,8.508993149E0
2.344092081E1,6.536170840E-1,1.884236693E0,8.633491516E0
2.346094034E1,3.016694188E-1,2.008735180E0,8.429984093E0
2.348092935E1,7.134721279E-1,2.528276920E0,8.762778282E0
2.350091836E1,1.204283476E0,2.636016130E0,9.768342972E0
2.352090738E1,-3.351882473E-2,2.492363930E0,1.073081207E1
2.354089639E1,-2.870647907E0,2.403778553E0,1.139640045E1
2.356088541E1,-3.895366192E0,2.138022184E0,1.104924107E1
2.358087442E1,-2.284068346E0,1.740584612E0,1.053448772E1
2.360086343E1,-1.575384736E0,1.074996591E0,1.149935055E1
2.362085245E1,-8.547300100E-1,2.322375625E-1,1.258152962E1
2.364084146E1,-1.201889277E0,-1.005564705E-1,1.408030033E1
2.366083047E1,-1.699883223E0,-3.375824392E-1,1.550245571E1
2.368081949E1,-1.661576033E0,-2.059013397E-1,1.534683323E1
2.370080850E1,-1.244984865E0,3.902548850E-1,1.344344234E1
2.372079751E1,-8.810662031E-1,9.600749016E-1,1.070447540E1
2.374078653E1,-9.504981041E-1,1.323993564E0,8.990227699E0
2.376080606E1,-8.954314590E-1,1.515529633E0,8.147468567E0
2.378082559E1,-8.930372596E-1,1.697489023E0,7.357381821E0
2.380081460E1,-4.908113480E-1,1.886630893E0,6.859387875E0
2.382080362E1,2.633621916E-2,1.891419291E0,6.816292286E0
2.384082315E1,4.477157295E-1,1.860294700E0,7.108384609E0
2.386084268E1,3.280056417E-1,1.776497602E0,7.278373241E0
2.388083169E1,5.626373887E-1,1.826775908E0,7.149086475E0
2.390079019E1,6.200982332E-1,1.788468719E0,6.833051682E0
2.392080972E1,1.699883193E-1,1.661576033E0,6.643909931E0
2.394082925E1,3.112462163E-2,1.328781962E0,7.316680431E0
2.396081827E1,-1.819593310E-1,9.169792533E-1,8.961497307E0
2.398080728E1,-7.517793179E-1,8.954314590E-1,1.072123528E1
2.400079629E1,-1.010353088E0,9.121908545E-1,1.037168217E1
2.402078531E1,-1.204283476E0,9.983820915E-1,9.191340446E0
2.404077432E1,-1.015141487E0,9.097966552E-1,8.602366447E0
2.406076333E1,-6.847416759E-1,6.224924326E-1,8.695740700E0
2.408075235E1,-8.403648138E-1,4.812345505E-1,9.035717010E0
2.410074136E1,-1.271321058E0,5.099649429E-1,9.248801231E0
2.412073038E1,-1.300051570E0,5.458779931E-1,9.157821655E0
2.414068887E1,-7.924807668E-1,5.003881454E-1,9.193734169E0
2.416073892E1,-1.580173075E-1,4.692635238E-1,8.894459724E0
2.418072793E1,-8.188169599E-1,6.368576288E-1,8.585607529E0
2.420074747E1,-1.944091797E0,1.173158884E0,8.947132111E0
2.422076700E1,-2.667140722E0,1.204283476E0,1.029746151E1
2.424075601E1,-2.133233786E0,8.786720037E-1,1.163103199E1
2.426074502E1,-1.371877551E0,4.237737060E-1,1.330936718E1
2.428073404E1,-7.709329724E-1,5.027823523E-2,1.350808620E1
2.430069253E1,-4.955997467E-1,1.747767180E-1,1.247379112E1
2.432071207E1,-1.254561663E0,7.493851185E-1,1.193509579E1
2.434073160E1,-1.845929503E0,9.481038451E-1,1.140597725E1
2.436072061E1,-1.872265697E0,9.385270476E-1,1.115458584E1
2.438070962E1,-1.355118155E0,8.738836050E-1,1.122880554E1
2.440072916E1,-3.232172430E-1,7.134721279E-1,1.075954247E1
2.442074869E1,2.801215947E-1,7.493851185E-1,9.744400978E0
2.444073770E1,7.685387731E-1,9.169792533E-1,8.729259491E0
2.446069620E1,9.457096457E-1,9.983820915E-1,8.427590370E0
2.448071573E1,1.005564690E0,1.110909581E0,8.576030731E0
2.450073526E1,1.070208192E0,1.199495077E0,8.781931877E0
2.452072427E1,1.031900883E0,1.264138460E0,8.757989883E0
2.454071329E1,1.086967587E0,1.302445769E0,8.252813339E0
2.456070230E1,1.072602391E0,1.276109457E0,8.058882713E0
2.458069131E1,8.571242094E-1,1.211466074E0,7.936778545E0
2.460071084E1,3.830722570E-1,1.211466074E0,8.068459511E0
2.462073038E1,-2.681505978E-1,1.259350061E0,8.875306129E0
2.464071939E1,-3.375824392E-1,1.218648672E0,9.423578262E0
2.466070840E1,2.298433632E-1,1.067813993E0,8.882488251E0
2.468069742E1,6.607996821E-1,1.010353088E0,7.939172745E0
2.470068643E1,8.140285611E-1,1.223437071E0,7.299921036E0
2.472067544E1,8.379706144E-1,1.338358760E0,7.704541206E0
2.474063394E1,4.381389022E-1,1.472434044E0,8.425195694E0
2.476065347E1,2.418143749E-1,1.558625340E0,8.068459511E0
2.478061197E1,1.024718285E0,1.663970232E0,7.515398979E0
2.480063150E1,1.905784607E0,1.752555609E0,7.680599213E0
2.482058999E1,2.030282974E0,2.231395960E0,7.967903137E0
2.484060953E1,1.412579060E0,2.736572504E0,8.963891029E0
2.486056802E1,1.079784989E0,2.647987127E0,1.047942066E1
2.488058755E1,-1.771709323E-1,1.833958507E0,1.227028370E1
2.490054605E1,-7.517793179E-1,1.790862918E0,1.428859615E1
2.492056558E1,9.576806799E-3,1.424550056E0,1.458068848E1
2.494052408E1,3.016694188E-1,1.170764685E0,1.314416695E1
2.496054361E1,1.197100803E-2,1.379060149E0,1.190636539E1
2.498053262E1,-6.560112834E-1,1.616086125E0,1.254082870E1
2.500052164E1,-1.201889277E0,1.491587639E0,1.299333286E1
2.502051065E1,-1.582567334E0,1.307234168E0,1.257913589E1
2.504049966E1,-1.719036818E0,1.582567334E0,1.152329254E1
2.506048868E1,-1.328781962E0,1.833958507E0,1.045069027E1
2.508047769E1,-1.103726983E0,1.857900500E0,1.052012253E1
2.510046670E1,-1.592144132E0,1.874659896E0,1.032140350E1
2.512045572E1,-1.817199111E0,2.118868589E0,9.229647636E0
2.514044473E1,-1.551442742E0,2.284068346E0,8.149862289E0
2.516043374E1,-1.307234168E0,2.456450939E0,7.412448406E0
2.518042276E1,-1.350329757E0,2.643198729E0,7.122750282E0
2.520041177E1,-1.051054597E0,2.566584110E0,7.352593422E0
2.522040079E1,-5.650315881E-1,2.169146776E0,7.896077156E0
2.524035928E1,-1.843535304E-1,1.975216389E0,8.556877136E0
2.526037881E1,-4.237737060E-1,1.798045516E0,9.160215378E0
2.528033731E1,-5.195417404E-1,1.671152830E0,9.136273384E0
2.530035684E1,-5.506663769E-2,1.616086125E0,8.743624687E0
2.532031534E1,3.663128614E-1,1.766920805E0,8.111555099E0
2.534030435E1,2.944868207E-1,1.881842494E0,7.903259754E0
2.536029336E1,3.711012602E-1,2.023100376E0,8.343792915E0
2.538025186E1,-3.136404157E-1,2.035071373E0,9.248801231E0
2.540027139E1,-6.344634295E-1,2.114080191E0,9.449913979E0
2.542022989E1,-5.985504389E-2,1.994369984E0,9.030928612E0
2.544024942E1,3.136404157E-1,2.049436569E0,9.220070839E0
2.546020791E1,6.464344859E-1,2.140416384E0,9.598354340E0
2.548022745E1,1.292868853E-1,2.430114746E0,9.476250648E0
2.550018594E1,-5.410895944E-1,2.791639090E0,9.014169693E0
2.552020547E1,-1.158793569E0,3.172317266E0,8.054094315E0
2.554016397E1,-1.707065821E0,3.426102638E0,7.577648163E0
2.556015298E1,-1.302445769E0,3.301604033E0,7.951143742E0
2.558011148E1,-1.465251446E0,2.987963676E0,8.623914719E0
2.560010049E1,-1.235408068E0,2.875436306E0,8.429984093E0
2.562005899E1,-8.236053586E-1,2.758120298E0,7.515398979E0
2.564004800E1,-1.098938584E0,2.846705914E0,6.399701118E0
2.566000650E1,-1.189918280E0,3.069366693E0,5.870582581E0
2.567996499E1,-4.118026793E-1,2.932897091E0,6.646304131E0
2.569998453E1,2.609679997E-1,2.329558372E0,7.359776020E0
2.571997354E1,4.165911078E-1,2.305616140E0,7.467514992E0
2.573996255E1,5.315127969E-1,2.633621931E0,7.161057472E0
2.575992105E1,6.895300746E-1,2.736572504E0,6.749254704E0
2.577994058E1,1.364694983E-1,2.636016130E0,7.601590633E0
2.579989908E1,-2.928108692E0,3.007117271E0,1.354399872E1
2.581988809E1,6.871358752E-1,4.089296341E0,1.088643551E1
2.583987710E1,5.219359994E-1,3.677493811E0,9.050082207E0
2.585989664E1,-9.528923035E-1,3.792415380E0,7.426813602E0
2.587985513E1,-2.549824715E0,3.952826977E0,8.394071579E0
2.589984415E1,-2.772485495E0,3.428496838E0,1.099178028E1
2.591986368E1,-1.582567334E0,2.111685991E0,1.485602188E1
2.593982217E1,-1.486799240E0,1.501164436E0,1.452801609E1
2.595984170E1,-2.300827742E0,2.106897593E0,1.230380249E1
2.597980020E1,-2.765302896E0,1.953668594E0,1.059194851E1
2.599978921E1,-2.882618904E0,1.697489023E0,1.075714779E1
2.601974771E1,-1.546654344E0,1.431732655E0,1.083376312E1
2.603973672E1,-1.637633920E0,1.675941229E0,1.096065521E1
2.605972574E1,-1.525106430E0,2.327163935E0,8.372523308E0
2.607971475E1,-1.314416766E0,2.487575531E0,7.216124058E0
2.609970376E1,-1.865083098E0,2.774879694E0,7.833827972E0
2.611969278E1,-1.781286120E0,2.698265314E0,8.674192429E0
2.613968179E1,-1.357512355E0,2.437297344E0,9.880870819E0
2.615967081E1,-9.457096457E-1,2.312798738E0,8.841787338E0
2.617965982E1,-1.587355733E0,2.434903145E0,7.764396191E0
2.619967935E1,-2.743755102E0,2.698265314E0,7.955932140E0
2.621963785E1,-2.219424963E0,2.308010340E0,9.167398453E0
2.623962686E1,-1.654393315E0,2.118868589E0,1.040280628E1
2.625961587E1,-1.903390408E0,1.980004787E0,1.031661510E1
2.627960489E1,-2.509123325E0,2.217030764E0,9.102754593E0
2.629956338E1,-2.789244890E0,2.276885748E0,6.959944248E0
2.631955240E1,-2.293645144E0,2.647987127E0,8.013393402E0
2.633954141E1,-1.968033791E0,2.049436569E0,9.615114212E0
2.635953042E1,-2.080561161E0,1.798045516E0,1.056800652E1
2.637951944E1,-2.123656988E0,2.154781580E0,1.077869606E1
2.639950845E1,-2.640804529E0,1.941697598E0,9.555258751E0
2.641949747E1,-2.468421936E0,2.293645144E0,6.828263283E0
2.643945596E1,-2.439691544E0,2.164358377E0,7.316680431E0
2.645291550E1,4.230554581E0,2.930502892E0,3.667917013E0
2.647293503E1,3.696647406E0,2.985569477E0,5.070919037E0
2.649292404E1,2.149993181E0,3.179499865E0,7.819462776E0
2.651294357E1,2.226607561E0,2.971204281E0,8.942343712E0
2.653293259E1,3.830722809E0,3.011905670E0,7.874529362E0
2.655289108E1,4.175487995E0,3.102885485E0,6.691793919E0
2.657288010E1,3.948038578E0,3.098097086E0,7.393294811E0
2.659289963E1,3.842693806E0,2.999934673E0,8.678980827E0
2.661288864E1,3.476380825E0,2.717418909E0,9.837775230E0
2.663284714E1,3.550601006E0,2.753331900E0,1.037168217E1
2.665283615E1,4.872200489E0,3.057395458E0,1.039322948E1
2.667285568E1,5.360617638E0,3.203441858E0,1.010592556E1
2.669284470E1,4.774038315E0,3.148375273E0,9.698910713E0
2.671280319E1,3.873818398E0,2.887407303E0,1.035971069E1
2.673279221E1,3.840299606E0,2.367865562E0,1.071165848E1
2.675281174E1,4.589684486E0,1.908178806E0,1.078108978E1
2.677280075E1,4.862623692E0,1.855506301E0,1.015620327E1
2.679275925E1,4.304774761E0,2.161964178E0,9.844957352E0
2.681274826E1,4.005499363E0,2.217030764E0,9.495404243E0
2.683276779E1,3.981557369E0,2.133233786E0,9.165003777E0
2.685275681E1,3.098097086E0,2.293645144E0,9.028534889E0
2.687274582E1,2.518700123E0,2.288856745E0,9.076418877E0
2.689273483E1,3.134010077E0,2.097320795E0,8.949525833E0
2.691269333E1,3.093308687E0,1.896207690E0,9.270348549E0
2.693268234E1,2.456450939E0,1.872265697E0,9.437943459E0
2.695270187E1,2.231395960E0,1.810016513E0,9.184157372E0
2.697269089E1,1.920149803E0,2.178723574E0,9.119514465E0
2.699264938E1,1.388636947E0,2.466027737E0,8.475474358E0
2.701263840E1,1.290474772E0,2.458845139E0,8.327033043E0
2.703265793E1,1.410184860E0,2.454056740E0,9.102754593E0
2.705264694E1,1.561019540E0,2.432508945E0,9.248801231E0
2.707260544E1,1.654393315E0,2.262520552E0,8.226476669E0
2.709262497E1,1.359906554E0,2.686294317E0,6.773196697E0
2.711261398E1,6.081272364E-1,3.069366693E0,6.256049156E0
2.713260300E1,1.067813993E0,2.858676910E0,6.505045891E0
2.715262253E1,-1.537077546E0,3.813963413E0,8.757989883E0
2.717261154E1,-3.940855980E0,3.473986626E0,1.159990692E1
2.719260056E1,-6.392518282E-1,1.687912226E0,3.835511208E0
2.721258957E1,2.240972757E0,2.755726099E0,3.588908434E0
2.723260910E1,4.046200812E-1,2.037465572E0,5.473145008E0
2.725259811E1,6.224924326E-1,1.498770237E0,5.774814606E0
2.727258713E1,8.834604025E-1,1.996764183E0,7.376535416E0
2.729257614E1,6.224924326E-1,2.667140722E0,8.066065788E0
2.731256515E1,-7.781155705E-1,2.738966703E0,9.220070839E0
2.733255417E1,2.202665508E-1,3.076549292E0,8.951920509E0
2.735254318E1,1.367089152E0,3.004723072E0,1.108994198E1
2.737253220E1,6.440402865E-1,4.702212334E0,1.005804157E1
2.739252121E1,1.810016513E0,7.608773232E0,1.084094524E1
2.741251022E1,-1.465251446E0,4.271255970E0,1.231816769E1
2.743246872E1,-5.200206280E0,4.596867263E-1,1.353681660E1
2.745245773E1,-3.541024208E0,2.662352324E0,1.467406178E1
2.747247726E1,-1.637633920E0,3.383007050E0,1.476025391E1
2.749246628E1,-2.894589901E0,2.760514498E0,1.363258457E1
2.751242477E1,-3.603273630E0,1.817199111E0,1.271560478E1
2.753244431E1,-2.035071373E0,1.819593310E0,9.622296333E0
2.755243332E1,-2.375048161E0,2.868253708E0,7.898471355E0
2.757242233E1,-4.120420933E0,1.738190413E0,8.473079681E0
2.759244186E1,-3.066972494E0,1.587355733E0,9.871294022E0
2.761243088E1,-5.554547906E-1,3.258508444E0,9.821015358E0
2.763241989E1,-1.022324085E0,2.671929121E0,7.994239330E0
2.765240890E1,-2.923320293E0,2.554613113E0,7.939172745E0
2.767236740E1,-2.681505919E0,2.750937700E0,7.845798969E0
2.769238693E1,-2.070984364E0,2.679111719E0,7.196970463E0
2.771237594E1,-1.572990537E0,2.844311714E0,6.521805286E0
2.773236496E1,-1.225831270E0,2.686294317E0,7.139509678E0
2.775235397E1,-1.074996591E0,2.564189911E0,5.892130375E0
2.777234299E1,-9.050082564E-1,2.408566952E0,5.695806026E0
2.779233200E1,-1.007958889E0,1.810016513E0,6.426037312E0
2.781232101E1,-6.033388376E-1,2.209848166E0,8.286332130E0
2.783234055E1,-6.105214357E-1,2.363077164E0,8.755595207E0
2.785232956E1,-1.007958889E0,2.245761156E0,8.013393402E0
2.787231857E1,-3.256114423E-1,1.920149803E0,7.805097580E0
2.789230759E1,-9.097966552E-1,1.826775908E0,8.197746277E0
2.791229660E1,-1.647210717E0,1.989581585E0,8.441955566E0
2.793231613E1,-1.340752959E0,2.363077164E0,7.802703381E0
2.795230515E1,-9.552865028E-1,2.755726099E0,7.046135426E0
2.797232468E1,-7.254431248E-1,2.949656487E0,7.752425194E0
2.799231369E1,-1.922544003E0,2.123656988E0,8.872911453E0
2.801233322E1,-2.794033289E0,2.748543501E0,9.868899345E0
2.803232224E1,-2.047042370E0,3.612850428E0,1.047942066E1
2.805234177E1,-9.217676520E-1,3.232172251E0,8.695740700E0
2.807233078E1,7.972691655E-1,3.213018656E0,8.513781548E0
2.809235031E1,-2.633621991E-1,2.422932148E0,1.095347309E1
2.811236984E1,-1.125274777E0,1.642422318E0,1.477222443E1
2.813235886E1,-6.703764945E-2,1.338358760E0,1.584961510E1
2.815237839E1,1.611297727E0,4.932055473E-1,1.409705925E1
2.817236740E1,2.315192938E0,5.339069963E-1,1.174116516E1
2.819238693E1,2.138022184E0,1.599326730E0,1.103726959E1
2.821237594E1,1.565807939E0,1.723825216E0,1.103726959E1
2.823236496E1,9.911994934E-1,1.774103403E0,9.957485199E0
2.825235397E1,3.639186621E-1,1.798045516E0,9.574412346E0
2.827234299E1,1.086967587E0,1.716642618E0,9.160215378E0
2.829236252E1,1.130063176E0,1.738190413E0,8.195352554E0
2.831235153E1,9.911994934E-1,2.078166962E0,7.656657219E0
2.833234055E1,1.422155857E0,2.035071373E0,8.329427719E0
2.835236008E1,1.496376038E0,2.121262789E0,8.432378769E0
2.837234909E1,1.206677675E0,2.054224968E0,8.068459511E0
2.839230759E1,5.339069963E-1,2.279279947E0,8.508993149E0
2.841229660E1,7.254431248E-1,2.324769735E0,9.208099365E0
2.843231613E1,1.400607944E0,2.147598982E0,8.836998940E0
2.845230515E1,1.197100878E0,1.850717902E0,8.154650688E0
2.847226364E1,8.212111592E-1,1.778891921E0,8.075642586E0
2.849228317E1,8.906430602E-1,1.565807939E0,9.378087997E0
2.851227219E1,8.140285611E-1,1.527500629E0,9.600749016E0
2.853226120E1,4.812345505E-1,1.541865945E0,9.109937668E0
2.855221970E1,9.648633003E-1,1.134851575E0,8.712499619E0
2.857223923E1,1.297657371E0,1.149216771E0,8.204929352E0
2.859222824E1,6.392518282E-1,1.575384736E0,7.371747017E0
2.861221725E1,5.123591423E-1,1.740584612E0,6.830657482E0
2.863220627E1,8.667010069E-1,1.671152830E0,7.426813602E0
2.865219528E1,1.206677675E0,1.702277422E0,7.328651428E0
2.867218430E1,1.350329757E0,1.728613615E0,7.089231014E0
2.869217331E1,1.039083481E0,1.917755604E0,7.304709435E0
2.871216232E1,6.033388376E-1,1.946485996E0,7.671022415E0
2.873215134E1,5.674257874E-1,1.912967205E0,8.159439087E0
2.875214035E1,9.145850539E-1,1.802833915E0,8.427590370E0
2.877212936E1,2.849099934E-1,2.195482969E0,9.241618156E0
2.879214890E1,-1.221042871E-1,2.975992680E0,9.473855972E0
2.881213791E1,-4.788403213E-2,3.505111217E0,1.006043530E1
2.883215744E1,-2.873041928E-1,3.632004023E0,1.058716011E1
2.885214645E1,-8.834604025E-1,2.719813108E0,1.124556541E1
2.887213547E1,-1.599326730E0,1.395819545E0,1.427901936E1
2.889212448E1,-1.302445769E0,1.146822572E0,1.668758583E1
2.891211349E1,-1.343147159E0,1.707065821E0,1.584722137E1
2.893210251E1,-1.503558636E0,1.879448295E0,1.249533844E1
2.895206100E1,-1.403002143E0,2.181117773E0,1.108754826E1
2.897205002E1,-9.409212470E-1,1.970427990E0,1.162145519E1
2.899206955E1,-7.445967197E-1,1.889025092E0,1.118810463E1
2.901205856E1,-5.386953950E-1,2.003946781E0,9.461885452E0
2.903204758E1,-7.038952708E-1,2.015917778E0,8.006210327E0
2.905203659E1,-6.727706790E-1,1.877054095E0,7.345410824E0
2.907199509E1,-6.296750307E-1,1.829170108E0,6.902483463E0
2.909198410E1,-7.422025204E-1,1.855506301E0,6.895300865E0
2.911200363E1,-4.501099288E-1,1.929726601E0,7.043741226E0
2.913199265E1,-5.051765442E-1,1.984793186E0,7.173028469E0
2.915198166E1,-2.418143749E-1,2.015917778E0,7.335834026E0
2.917197067E1,-9.576806799E-3,1.810016513E0,6.797138691E0
2.919192917E1,8.379705995E-2,1.745373011E0,6.818686485E0
2.921194870E1,1.005564705E-1,1.747767210E0,7.295132637E0
2.923196823E1,2.130839527E-1,1.673547029E0,7.575253963E0
2.925195724E1,3.974374831E-1,1.675941229E0,8.312667847E0
2.927194626E1,3.016694188E-1,1.728613615E0,8.487444878E0
2.929193527E1,2.226607651E-1,1.687912226E0,8.346187592E0
2.931189377E1,-5.746084079E-2,1.843535304E0,7.726089001E0
2.933188278E1,-3.303998411E-1,1.826775908E0,7.405265808E0
2.935190231E1,-3.639186621E-1,1.728613615E0,8.204929352E0
2.937189133E1,-6.871358752E-1,1.450886250E0,8.856152534E0
2.939184982E1,-1.273715258E0,1.453280449E0,9.270348549E0
2.941183884E1,-1.750161409E0,1.522712231E0,9.947908401E0
2.943185837E1,-1.616086125E0,1.750161409E0,1.011071396E1
2.945184738E1,-1.798045516E0,2.130839586E0,9.574412346E0
2.947183640E1,-1.948880196E0,2.154781580E0,1.069968700E1
2.949182541E1,-1.379060149E0,1.414973259E0,1.361343098E1
2.951184494E1,-1.074996591E0,9.792284966E-1,1.540429401E1
2.953183395E1,-5.530605912E-1,6.847416759E-1,1.446097851E1
2.955182297E1,-4.261679053E-1,3.064578176E-1,1.264377880E1
2.957181198E1,-4.548983276E-2,-5.578489900E-1,1.336922264E1
2.959177048E1,1.070208192E0,-6.655880809E-1,1.558864689E1
2.961175949E1,1.338358760E0,-4.548983276E-1,1.512177753E1
2.963177902E1,9.935936928E-1,1.939303428E-1,1.148019695E1
2.965176804E1,4.189853072E-1,7.685387731E-1,8.169015884E0
2.967172653E1,2.585737705E-1,9.744400978E-1,6.574477673E0
2.969171555E1,1.723825186E-1,1.127668977E0,6.428431511E0
2.971173508E1,6.416460276E-1,1.264138460E0,6.722918510E0
2.973169357E1,5.554547906E-1,1.398213744E0,7.120356083E0
2.975171310E1,8.738836050E-1,1.608903527E0,7.654263020E0
2.977170212E1,1.491587639E0,1.649604917E0,7.908048153E0
2.979169113E1,1.699883223E0,1.774103403E0,8.125920296E0
2.981168015E1,1.338358760E0,1.551442742E0,8.537723541E0
2.983166916E1,1.005564690E0,1.259350061E0,9.078812599E0
2.985165817E1,8.930372596E-1,1.110909581E0,1.008677197E1
2.987161667E1,8.690952063E-1,1.118092179E0,1.025436592E1
2.989160568E1,8.523358107E-1,9.696516991E-1,9.636661530E0
2.991162521E1,8.547300100E-1,9.672574997E-1,8.473079681E0
2.993158371E1,1.005564690E0,9.816226959E-1,7.448361397E0
2.995160324E1,1.290474772E0,1.127668977E0,7.905653954E0
2.997162277E1,1.561019540E0,1.180341482E0,8.523358345E0
2.999161179E1,1.845929503E0,1.271321058E0,8.532935143E0
3.001163132E1,1.912967205E0,1.424550056E0,7.929595947E0
3.003165085E1,2.049436569E0,1.532289028E0,7.762001991E0
3.005163986E1,1.673547029E0,1.592144132E0,7.809885979E0
3.007162888E1,1.206677675E0,1.434126854E0,7.838616371E0
3.009161789E1,1.300051570E0,1.295263171E0,7.979874134E0
3.011160690E1,1.424550056E0,1.486799240E0,7.295132637E0
3.013156540E1,1.125274777E0,1.752555609E0,6.318298340E0
3.015158493E1,3.495534360E-1,2.015917778E0,5.817910194E0
3.017154343E1,-2.130839527E-1,1.944091797E0,7.036558628E0
3.019153244E1,-2.609679997E-1,1.733402014E0,8.530540466E0
3.021152145E1,2.873042040E-2,1.857900500E0,9.323021889E0
3.023147995E1,-3.495534360E-1,2.257732153E0,1.019451046E1
3.025149948E1,-6.799532771E-1,2.231395960E0,1.092474270E1
3.027145798E1,-1.484405041E0,1.927332401E0,1.012747288E1
3.029144699E1,-1.041477680E0,7.829039693E-1,1.116176796E1
3.031146652E1,-1.182735682E0,-6.440402865E-1,1.571793461E1
3.033142502E1,-5.123591423E-1,-1.053448796E0,1.878490639E1
3.035144455E1,2.466027737E-1,-7.589619160E-1,1.683363152E1
3.037140305E1,-6.224924326E-2,-2.825157940E-1,1.322317600E1
3.039136154E1,1.101332754E-1,-1.580173075E-1,1.135809326E1
3.041135056E1,-1.053448766E-1,-3.974374831E-1,1.051533413E1
3.043130905E1,-4.908113480E-1,-1.915361285E-1,1.033098030E1
3.045132858E1,-6.512228847E-1,-4.070143029E-2,9.981427193E0
3.047128708E1,-1.819593310E-1,6.129156351E-1,8.856152534E0
3.049127609E1,-4.740519226E-1,1.055842996E0,7.594407558E0
3.051126511E1,-8.259995580E-1,1.400607944E0,7.374141216E0
3.053122360E1,-9.792284966E-1,1.594538331E0,7.979874134E0
3.055124313E1,-9.672574997E-1,1.391031146E0,8.453926086E0
3.057120163E1,-7.900865674E-1,1.113303781E0,8.410830498E0
3.059122116E1,-8.259995580E-1,1.137245774E0,8.152256966E0
3.061117966E1,-7.493851185E-1,1.151610970E0,7.869740963E0
3.063119919E1,-7.805097699E-1,1.120486379E0,7.551311970E0
3.065115768E1,-7.948749661E-1,1.321599364E0,7.192182064E0
3.067111618E1,-7.493851185E-1,1.403002143E0,7.855375767E0
3.069113571E1,-7.996633649E-1,1.568202138E0,8.669404030E0
3.071109421E1,-6.631938815E-1,1.563413739E0,8.101978302E0
3.073108322E1,-6.177040339E-1,1.707065821E0,7.383718014E0
3.075107224E1,-5.410895944E-1,1.838746905E0,7.225700855E0
3.077109177E1,-6.320692301E-1,1.692700624E0,7.982268333E0
3.079105026E1,-5.602431893E-1,1.395819545E0,8.726864815E0
3.081103928E1,-6.775590777E-1,1.460463047E0,8.643068314E0
3.083105881E1,-6.607996821E-1,1.687912226E0,8.475474358E0
3.085104782E1,-7.086837292E-1,1.273715258E0,9.040505409E0
3.087103683E1,-6.009446383E-1,1.549048543E0,1.026633644E1
3.089102585E1,-3.447650373E-1,1.687912226E0,1.081460953E1
3.091098434E1,-4.884171486E-1,2.226607561E0,1.193270111E1
3.093100388E1,-8.810662031E-1,2.080561161E0,1.263180828E1
3.095096237E1,-1.333570361E0,1.204283476E0,1.281616211E1
3.097098190E1,-2.585737705E-1,6.775590777E-1,1.356794071E1
3.099094040E1,6.703764796E-1,6.081272364E-1,1.370680428E1
3.101092941E1,1.015141487E0,2.370259613E-1,1.292390060E1
3.103091843E1,1.345541358E0,4.620809257E-1,1.208353615E1
3.105090744E1,1.819593310E0,4.070142806E-1,1.220324612E1
3.107089645E1,1.659181833E0,6.655880809E-1,1.176989555E1
3.109088547E1,1.403002143E0,1.144428372E0,1.043153667E1
3.111087448E1,1.474828243E0,1.201889277E0,8.365341187E0
3.113086349E1,1.151610970E0,1.340752959E0,7.304709435E0
3.115085251E1,1.065419793E0,1.649604917E0,7.465120792E0
3.117084152E1,6.871358752E-1,1.874659896E0,7.711723804E0
3.119083054E1,1.094150186E0,2.030282974E0,8.073247910E0
3.121081955E1,1.228225470E0,1.924938202E0,8.813055992E0
3.123080856E1,9.265560508E-1,1.972822189E0,8.355764389E0
3.125079758E1,8.020575643E-1,2.250549555E0,7.517793179E0
3.127078659E1,9.193734527E-1,2.221819162E0,7.170634270E0
3.129077560E1,1.328781962E0,2.061407566E0,8.228871346E0
3.131073410E1,1.333570361E0,1.805228114E0,9.967061996E0
3.133075363E1,8.523358107E-1,1.829170108E0,1.102769279E1
3.135071213E1,6.895300746E-1,1.908178806E0,1.001255131E1
3.137073166E1,7.350199223E-1,2.049436569E0,8.116343498E0
3.139069015E1,6.631938815E-1,1.807622313E0,6.995857239E0
3.141067917E1,7.637503147E-1,2.262520552E0,8.269572258E0
3.143063766E1,9.265560508E-1,1.656787634E0,9.406818390E0
3.145065720E1,6.871358752E-1,1.881842494E0,9.085995674E0
3.147061569E1,5.889736414E-1,1.977610588E0,8.180987358E0
3.149060471E1,4.788403511E-1,1.948880196E0,7.314286232E0
3.151059372E1,6.033388376E-1,1.800439715E0,7.271190643E0
3.153055222E1,5.602431893E-1,1.958456993E0,7.484274387E0
3.155057175E1,8.882488012E-1,2.197877169E0,7.007828236E0
3.157053024E1,9.864110947E-1,2.358288765E0,6.232107162E0
3.159054977E1,1.170764685E0,2.363077164E0,6.270414352E0
3.161050827E1,9.672574997E-1,2.286462545E0,7.115567684E0
3.163049728E1,6.967126727E-1,2.073378563E0,8.295908928E0
3.165051682E1,9.121908545E-1,1.898601890E0,8.456320763E0
3.167047531E1,1.843535304E-1,2.164358377E0,8.497021675E0
3.169049484E1,-2.920926213E-1,2.552218914E0,8.518569946E0
3.171045334E1,-1.012747288E0,3.117250681E0,1.024239445E1
3.173047287E1,-1.055842996E0,2.638410330E0,1.175553036E1
3.175043137E1,-2.621650934E0,1.601720929E0,1.244266605E1
3.177045090E1,-3.026270866E0,1.005564690E0,1.373792934E1
3.179043991E1,-3.354276657E0,1.312022567E0,1.370441055E1
3.181042892E1,-3.423708439E0,1.455674648E0,1.304121685E1
3.183041794E1,-2.657563925E0,1.328781962E0,1.352723980E1
3.185040695E1,-2.722207308E0,1.120486379E0,1.344823074E1
3.187039597E1,-2.382230759E0,1.405396342E0,1.236844635E1
3.189035446E1,-1.654393315E0,1.781286120E0,1.074038887E1
3.191037399E1,-1.120486379E0,1.929726601E0,9.447520256E0
3.193033249E1,-4.979939461E-1,2.202665567E0,8.030152321E0
3.195035202E1,-8.906430602E-1,2.152387381E0,7.268796444E0
3.197034103E1,-1.149216771E0,2.140416384E0,7.304709435E0
3.199033005E1,-1.661576033E0,2.274491549E0,7.668628216E0
3.201031906E1,-1.656787634E0,2.138022184E0,7.778761387E0
3.203030807E1,-1.357512355E0,1.821987510E0,7.204153061E0
3.205029709E1,-1.663970232E0,1.572990537E0,7.034164429E0
3.207028610E1,-1.204283476E0,1.467645645E0,7.915230751E0
3.209027512E1,-1.486799240E0,1.565807939E0,9.184157372E0
3.211026413E1,-8.834604025E-1,1.434126854E0,9.107542992E0
3.213025314E1,-9.217676520E-1,1.580173135E0,8.441955566E0
3.215024216E1,-1.101332784E0,1.508347034E0,8.183381081E0
3.217023117E1,-9.935936928E-1,1.786074519E0,7.666234016E0
3.219022018E1,-7.709329724E-1,1.572990537E0,8.125920296E0
3.221020920E1,-4.644751251E-1,1.316810966E0,8.647856712E0
3.223019821E1,-3.375824392E-1,1.192312479E0,9.287108421E0
3.225018723E1,-7.062895298E-1,1.345541358E0,9.267954826E0
3.227017624E1,-7.206547260E-1,1.434126854E0,7.943961143E0
3.229016525E1,-6.081272364E-1,1.601720929E0,6.734889507E0
3.231015427E1,-9.983820915E-1,1.479616642E0,6.727706909E0
3.233011276E1,-1.007958889E0,1.369483352E0,8.185775757E0
3.235013229E1,-1.218648672E0,1.027112484E0,8.887276649E0
3.237009079E1,-1.063025594E0,1.206677675E0,9.244012833E0
3.239011032E1,-1.233013868E0,1.376665950E0,9.801861763E0
3.241006882E1,-1.484405041E0,1.956062794E0,1.035252857E1
3.243008835E1,-1.355118155E0,1.968033791E0,1.066377449E1
3.245004684E1,-1.182735682E0,1.142034173E0,1.198776817E1
3.247006638E1,-9.050082564E-1,9.385270476E-1,1.411142445E1
3.249005539E1,-7.062895298E-1,8.882488012E-1,1.455674648E1
3.251001389E1,-2.202665508E-1,6.799532771E-1,1.360864258E1
3.253003342E1,3.160346150E-1,7.685387731E-1,1.308670616E1
3.254999191E1,8.020575643E-1,8.475474119E-1,1.332373238E1
3.257001144E1,8.906430602E-1,9.026140571E-1,1.243787766E1
3.258996994E1,7.733271718E-1,9.600749016E-1,1.102051067E1
3.260995895E1,6.727706790E-1,1.173158884E0,9.789890289E0
3.262994797E1,7.254431248E-1,1.355118155E0,8.626308441E0
3.264993698E1,5.339069963E-1,1.565807939E0,8.592789650E0
3.266992599E1,4.046200812E-1,1.697489023E0,8.429984093E0
3.268991501E1,2.873042040E-2,1.920149803E0,8.449137688E0
3.270990402E1,9.816227108E-2,1.984793186E0,8.391676903E0
3.272986252E1,9.576806426E-2,1.819593310E0,8.006210327E0
3.274988205E1,9.816227108E-2,2.039859772E0,7.572859764E0
3.276984054E1,1.963245422E-1,2.092532396E0,7.649474621E0
3.278986008E1,-5.985504389E-2,2.078166962E0,7.996633530E0
3.280984909E1,-3.351882473E-2,2.061407566E0,8.161833763E0
3.282983810E1,-2.154781520E-1,1.886630893E0,7.802703381E0
3.284982712E1,-1.005564705E-1,1.637633920E0,7.431602001E0
3.286981613E1,-1.125274822E-1,1.553836942E0,7.424419403E0
3.288983566E1,-2.729389966E-1,1.668758631E0,7.343016624E0
3.290979416E1,-3.639186621E-1,1.747767210E0,6.665457726E0
3.292981369E1,-4.070142806E-1,1.692700624E0,6.421248913E0
3.294983322E1,-1.053448766E-1,1.561019540E0,7.268796444E0
3.296979172E1,2.394201607E-2,1.527500629E0,7.371747017E0
3.298981125E1,9.576806426E-2,1.601720929E0,6.502651691E0
3.300976974E1,8.379705995E-2,1.606509328E0,6.256049156E0
3.302978928E1,4.764461517E-1,1.503558636E0,7.706935406E0
3.304974777E1,4.118026793E-1,1.606509328E0,1.001973438E1
3.306973678E1,8.858546615E-2,2.501940727E0,1.114261436E1
3.308969528E1,-1.197100803E-2,2.636016130E0,1.131978607E1
3.310968430E1,-4.357447028E-1,2.085349798E0,1.173637676E1
3.312964279E1,-1.525106430E0,1.273715258E0,1.291671848E1
3.314966232E1,-1.910573006E0,8.259995580E-1,1.418564510E1
3.316965134E1,-1.376665950E0,8.786720037E-1,1.500206757E1
3.318964035E1,-1.819593310E0,1.252167463E0,1.387200451E1
3.320959885E1,-1.654393315E0,1.596932530E0,1.182017422E1
3.322958786E1,-1.606509328E0,1.707065821E0,1.129584408E1
3.324960739E1,-1.168370485E0,1.443703651E0,1.181299114E1
3.326956589E1,-1.130063176E0,1.326387763E0,1.162863731E1
3.328958542E1,-1.055842996E0,1.501164436E0,1.082418633E1
3.330954391E1,-1.180341482E0,1.666364431E0,9.991003990E0
3.332956345E1,-9.457096457E-1,1.819593310E0,8.552088737E0
3.334952194E1,-9.600749016E-1,1.771709204E0,6.940790653E0
3.336951096E1,-9.385270476E-1,1.884236693E0,6.143521786E0
3.338949997E1,-8.643068075E-1,1.752555609E0,6.737283707E0
3.340945846E1,-3.758896589E-1,1.697489023E0,6.967126846E0
3.342947800E1,-4.381389022E-1,1.814804912E0,6.792350292E0
3.344943649E1,-4.501099288E-1,1.829170108E0,6.133944988E0
3.346942551E1,-7.685387731E-1,1.881842494E0,5.667075634E0
3.348944504E1,-6.224924326E-1,2.011129379E0,6.030993938E0
3.350940353E1,-5.937620401E-1,1.956062794E0,6.823474884E0
3.352942306E1,-6.272808313E-1,2.279279947E0,6.813898087E0
3.354938156E1,-1.103726983E0,2.018311977E0,6.895300865E0
3.356940109E1,-1.012747288E0,1.613691926E0,8.106766701E0
3.358935959E1,-1.086967587E0,1.331176162E0,1.007001209E1
3.360937912E1,-9.864110947E-1,1.426944256E0,1.100853920E1
3.362933762E1,-9.074024558E-1,1.589749932E0,1.034295177E1
3.364932663E1,-7.422025204E-1,2.085349798E0,1.004367638E1
3.366931564E1,-1.082179189E0,2.308010340E0,1.052251625E1
3.368927414E1,-1.079784989E0,1.644816518E0,1.163103199E1
3.370929367E1,-7.517793179E-1,1.163581967E0,1.376426601E1
3.372925217E1,-5.793967843E-1,1.350329757E0,1.525106525E1
3.374921066E1,-5.195417404E-1,1.022324085E0,1.462617779E1
3.376923019E1,-1.604115069E-1,9.792284966E-1,1.360145950E1
3.378921921E1,2.370259613E-1,1.211466074E0,1.233971596E1
3.380920822E1,-4.548983276E-2,1.391031146E0,1.150413895E1
3.382919724E1,-3.854664862E-1,1.781286120E0,1.026633644E1
3.384918625E1,-5.315127969E-1,1.690306425E0,9.612719536E0
3.386917526E1,-1.867477298E-1,1.520318031E0,9.837775230E0
3.388916428E1,-3.184288144E-1,1.814804912E0,9.397241592E0
3.390915329E1,-4.309563041E-1,2.123656988E0,8.204929352E0
3.392914230E1,-8.283938169E-1,2.133233786E0,6.816292286E0
3.394913132E1,-5.578489900E-1,2.008735180E0,7.307103634E0
3.396908981E1,-1.149216816E-1,2.056619167E0,8.269572258E0
3.398910934E1,-3.112462163E-2,1.982398987E0,8.432378769E0
3.400906784E1,-1.939303428E-1,1.829170108E0,7.256825447E0
3.402905685E1,-3.375824392E-1,2.061407566E0,6.086060524E0
3.404907639E1,-1.556231081E-1,2.396595955E0,6.859387875E0
3.406903488E1,2.944868207E-1,2.075772762E0,8.133103371E0
3.408905441E1,4.596867263E-1,1.810016513E0,6.770802498E0
3.410901291E1,5.578489900E-1,1.221042871E0,5.877765179E0
3.412903244E1,7.565677166E-1,1.711854219E0,5.710171223E0
3.414899094E1,5.027823523E-2,1.637633920E0,5.437232018E0
3.416901047E1,-9.720458984E-1,1.915361404E0,6.737283707E0
3.418896896E1,5.027823448E-1,1.795651317E0,7.252037048E0
3.420898849E1,-4.285621047E-1,2.104503393E0,9.691728592E0
3.422894699E1,1.474828243E0,2.154781580E0,1.205241108E1
3.424896652E1,2.296039343E0,1.604115129E0,1.276348972E1
3.426895554E1,1.290474772E0,1.644816518E0,1.297417927E1
3.428894455E1,1.139639974E0,2.619256735E0,1.223915863E1
3.430893356E1,4.548983276E-1,2.712630510E0,1.072123528E1
3.432895309E1,-5.626373887E-1,2.913743496E0,1.047223854E1
3.434891159E1,-1.556231141E0,3.418920040E0,1.131499767E1
3.436893112E1,-1.857900500E0,3.280056238E0,1.126950741E1
3.438892014E1,-2.049436569E0,2.973598480E0,1.088643551E1
3.440887863E1,-3.620033026E0,2.813186884E0,1.443943024E1
3.442889816E1,-1.752555609E0,2.674323320E0,1.357751751E1
3.444885666E1,-6.703764945E-2,1.685518026E0,9.852140427E0
3.446887619E1,5.482721925E-1,1.424550056E0,9.095572472E0
3.448886520E1,3.591302410E-2,1.520318031E0,9.598354340E0
3.450885422E1,-1.958456993E0,2.518700123E0,1.220324612E1
3.452884323E1,-1.661576033E0,2.456450939E0,1.064462090E1
3.454883224E1,-1.142034173E0,2.221819162E0,7.333439827E0
3.456879074E1,-9.074024558E-1,2.293645144E0,6.023811340E0
3.458877975E1,-9.097966552E-1,2.159569979E0,6.555324078E0
3.460879928E1,-1.860294700E0,2.300827742E0,7.103596210E0
3.462875778E1,-2.375048161E0,2.832340717E0,7.196970463E0
3.464877731E1,-2.195482969E0,2.468421936E0,7.565677166E0
3.466876633E1,-7.182605099E-3,2.719813108E0,8.106766701E0
3.468875534E1,-1.611297727E0,2.068590164E0,6.732495308E0
3.470871384E1,-1.546654344E0,2.717418909E0,6.648698330E0
3.472873337E1,-1.517923832E0,2.949656487E0,7.338228226E0
3.474869186E1,-1.920149803E0,2.499546528E0,8.906430244E0
3.476868088E1,-1.651999116E0,2.566584110E0,9.911994934E0
3.478863937E1,-1.793257117E0,2.545036316E0,9.548076630E0
3.480862839E1,-1.781286120E0,2.540247917E0,8.008605003E0
3.482861740E1,-1.898601890E0,2.937685490E0,7.237671852E0
3.484863693E1,-1.711854219E0,2.782062292E0,8.927978516E0
3.486859543E1,-1.323993564E0,2.638410330E0,1.107078838E1
3.488861496E1,-1.027112484E0,2.631227732E0,1.122401714E1
3.490857346E1,-1.316810966E0,3.021482468E0,9.988609314E0
3.492859299E1,-1.156399369E0,3.708618402E0,9.035717010E0
3.494855148E1,-7.996633649E-1,3.933673382E0,9.404424667E0
3.496857101E1,-3.926490843E-1,3.694253206E0,1.039322948E1
3.498856003E1,-6.560112834E-1,3.083731890E0,1.160230160E1
3.500857956E1,1.436521020E-2,3.126827478E0,1.126711273E1
3.502853806E1,3.016694188E-1,2.580949545E0,1.095107841E1
3.504855759E1,2.561795712E-1,2.070984364E0,1.200931549E1
3.506851608E1,2.394201700E-3,1.843535304E0,1.238999367E1
3.508850510E1,2.346317619E-1,1.637633920E0,1.160469532E1
3.510849411E1,3.447650373E-1,1.740584612E0,9.423578262E0
3.512845261E1,-1.197100878E-1,1.965639591E0,8.489839554E0
3.514847214E1,-2.035071403E-1,1.953668594E0,8.616731644E0
3.516843063E1,-3.184288144E-1,1.829170108E0,9.538499832E0
3.518845016E1,-5.985504389E-2,1.563413739E0,9.217676163E0
3.520840866E1,-6.823474765E-1,1.764526606E0,8.571242332E0
3.522842819E1,-9.744400978E-1,2.183511972E0,8.437167168E0
3.524838669E1,-1.007958889E0,2.104503393E0,8.705317497E0
3.526837570E1,-5.817909837E-1,1.946485996E0,8.664615631E0
3.528836472E1,-7.374141216E-1,1.946485996E0,3.825934410E0
3.530832321E1,-9.528923035E-1,2.540247917E0,7.841010571E0
3.532831223E1,-9.385270476E-1,2.468421936E0,9.452308655E0
3.534830124E1,-8.236053586E-1,2.499546528E0,1.054406452E1
3.536829025E1,-4.477157295E-1,2.547430515E0,9.734824181E0
3.538824875E1,-3.615244627E-1,2.559401512E0,8.238448143E0
3.540823776E1,-2.322375625E-1,2.456450939E0,6.797138691E0
3.542818441E1,2.533065319E0,4.580107689E0,6.428431511E0
3.544820394E1,1.735796213E0,4.357447147E0,8.535328865E0
3.546819295E1,1.673547029E0,4.039018154E0,9.014169693E0
3.548818196E1,1.606509328E0,3.497928619E0,8.049305916E0
3.550820150E1,1.338358760E0,3.737348795E0,7.860164165E0
3.552822103E1,1.541865945E0,3.969586372E0,7.395689011E0
3.554821004E1,1.498770237E0,3.991134167E0,7.836222172E0
3.556819905E1,1.666364431E0,4.098873138E0,8.099584579E0
3.558815755E1,1.474828243E0,4.161122322E0,8.379706383E0
3.560814656E1,6.033388376E-1,3.234566450E0,7.184999466E0
3.562813558E1,3.423708379E-1,2.940079689E0,7.472303391E0
3.564815511E1,4.812345505E-1,3.145981073E0,7.254431248E0
3.566814412E1,1.096544385E0,3.392583847E0,7.177816868E0
3.568813314E1,1.031900883E0,3.375824451E0,7.177816868E0
3.570812215E1,-9.337386489E-2,3.074155092E0,6.847416878E0
3.572811116E1,-4.836287498E-1,2.643198729E0,6.902483463E0
3.574813070E1,-1.053448766E-1,2.952050686E0,7.338228226E0
3.576811971E1,6.129156351E-1,3.557783842E0,8.492233276E0
3.578813924E1,-1.125274822E-1,3.256114244E0,8.724471092E0
3.580815877E1,-4.070142806E-1,3.430891037E0,8.923190117E0
3.582814778E1,-7.805097699E-1,3.775655985E0,1.034055710E1
3.584816732E1,-1.302445769E0,3.938461781E0,1.160709000E1
3.586815633E1,-7.781155705E-1,3.459621429E0,1.258871269E1
3.588814534E1,-3.495534360E-1,3.191470861E0,1.338358784E1
3.590816487E1,-1.063025594E0,3.335123062E0,1.341231823E1
3.592815389E1,-1.386242747E0,3.545812607E0,1.230619717E1
3.594817342E1,-1.359906554E0,4.347870350E0,1.031422138E1
3.596816243E1,-1.323993564E0,4.582501888E0,8.664615631E0
3.598818196E1,-1.482010841E0,3.679888010E0,9.914389610E0
3.600820150E1,-1.455674648E0,2.731784105E0,1.161427212E1
3.602819051E1,-1.343147159E0,2.547430515E0,1.162863731E1
3.604821004E1,-1.280897856E0,2.568978310E0,9.509769440E0
3.606819905E1,-1.300051570E0,2.765302896E0,7.405265808E0
3.608818807E1,-1.357512355E0,3.114856482E0,6.842628479E0
3.610817708E1,-1.060631394E0,3.385401249E0,7.532158375E0
3.612816610E1,-9.002198577E-1,3.184288263E0,7.805097580E0
3.614815511E1,-7.781155705E-1,3.076549292E0,8.003816605E0
3.616814412E1,-1.103726983E0,2.870647907E0,7.771578789E0
3.618816365E1,-1.242590666E0,3.021482468E0,7.920019150E0
3.620815267E1,-1.357512355E0,3.014299870E0,7.608773232E0
3.622817220E1,-9.217676520E-1,2.980781078E0,8.080430984E0
3.624816121E1,-5.650315881E-1,2.949656487E0,7.864952564E0
3.626818074E1,-5.171475410E-1,3.045424461E0,7.211335659E0
3.628820028E1,-9.313444495E-1,3.059789658E0,7.206547260E0
3.630818929E1,-8.044517636E-1,3.222595453E0,7.999027729E0
3.632817830E1,-8.427590132E-1,3.256114244E0,8.097189903E0
3.634816732E1,-1.118092179E0,3.296815634E0,7.690176010E0
3.636815633E1,-1.388636947E0,3.730166197E0,7.278373241E0
3.638814534E1,-1.431732655E0,3.869029999E0,7.086836815E0
3.640813436E1,-1.156399369E0,3.670311213E0,7.462726593E0
3.642815389E1,-1.661576033E0,3.394978046E0,8.465897560E0
3.644814290E1,-1.450886250E0,3.229778051E0,9.279925346E0
3.646813192E1,-6.512228847E-1,3.055001259E0,9.746794701E0
3.648815145E1,-4.716577232E-1,2.808398485E0,9.354146004E0
3.650814046E1,-9.457096457E-1,2.975992680E0,9.267954826E0
3.652809896E1,-1.747767180E-1,3.684676409E0,8.963891029E0
3.654811849E1,9.457096457E-1,3.813963413E0,8.353369713E0
3.656810750E1,5.746083856E-1,4.489128113E0,8.829815865E0
3.658806600E1,7.900865376E-2,4.393360138E0,9.725247383E0
3.660808553E1,1.077390790E0,4.429273129E0,9.679757118E0
3.662807454E1,1.630451322E0,4.690241337E0,8.547300339E0
3.664806356E1,-6.296750307E-1,4.553771496E0,8.087613106E0
3.666805257E1,-1.077390790E0,2.722207308E0,1.206198788E1
3.668804158E1,-8.140285611E-1,2.365471363E0,1.271560478E1
3.670803060E1,3.423708379E-1,2.674323320E0,1.416409683E1
3.672805013E1,8.116343617E-1,2.791639090E0,1.366849709E1
3.674803914E1,1.357512355E0,2.961627483E0,1.211466026E1
3.676805867E1,7.637503147E-1,2.695871115E0,1.082418633E1
3.678804769E1,4.740519226E-1,2.971204281E0,9.552865028E0
3.680800618E1,1.891419291E-1,2.896984100E0,8.492233276E0
3.682802571E1,4.716577232E-1,3.189076662E0,7.979874134E0
3.684801473E1,9.050082564E-1,3.430891037E0,7.568071365E0
3.686803426E1,6.248866320E-1,3.055001259E0,7.125144482E0
3.688802327E1,6.344634295E-1,2.837129116E0,7.656657219E0
3.690801229E1,7.374141216E-1,2.791639090E0,7.982268333E0
3.692803182E1,7.996633649E-1,3.076549292E0,8.559270859E0
3.694802083E1,1.043871999E0,2.762908697E0,8.592789650E0
3.696800985E1,1.297657371E0,2.535459518E0,8.216899872E0
3.698799886E1,1.211466074E0,2.597708941E0,8.451532364E0
3.700795736E1,1.144428372E0,2.731784105E0,8.686163902E0
3.702797689E1,7.134721279E-1,2.377442360E0,8.796297073E0
3.704796590E1,8.978256583E-1,2.487575531E0,8.916007042E0
3.706798543E1,8.475474119E-1,2.231395960E0,9.208099365E0
3.708797445E1,8.643068075E-1,2.229001760E0,9.109937668E0
3.710796346E1,1.017535686E0,2.363077164E0,8.992621422E0
3.712798299E1,9.720458984E-1,2.305616140E0,8.631096840E0
3.714797200E1,1.029506683E0,2.353500366E0,7.422025204E0
3.716799153E1,7.350199223E-1,2.540247917E0,5.916072369E0
3.718798055E1,7.709329724E-1,2.492363930E0,5.714959621E0
3.720800008E1,6.943184733E-1,2.480392933E0,6.591237068E0
3.722798909E1,1.628057212E-1,2.427720547E0,7.254431248E0
3.724797811E1,3.112462163E-2,2.525882721E0,7.273584843E0
3.726796712E1,-2.106897533E-1,2.506729126E0,6.672640324E0
3.728795613E1,-6.368576288E-1,2.317587137E0,6.739677906E0
3.730794515E1,-7.278373241E-1,2.121262789E0,7.115567684E0
3.732793416E1,-6.631938815E-1,2.173935175E0,8.130708694E0
3.734798421E1,-9.600749016E-1,2.070984364E0,9.579200745E0
3.736797322E1,-1.333570361E0,2.511517525E0,1.097741508E1
3.738799276E1,-1.821987510E0,2.504334927E0,1.149216843E1
3.740801229E1,-1.702277422E0,1.802833915E0,1.239238834E1
3.742800130E1,-1.845929503E0,1.084573388E0,1.398213768E1
3.744799031E1,-2.418143749E0,1.948880196E0,1.438196945E1
3.746797933E1,-3.138798475E0,2.363077164E0,1.333091545E1
3.748796834E1,-3.605667830E0,1.515529633E0,1.477701283E1
3.750795736E1,-4.355052948E0,4.884171486E-1,1.634521484E1
3.752797689E1,-3.189076662E0,8.499416113E-1,1.543302441E1
3.754796590E1,-2.269703150E0,1.398213744E0,1.316571522E1
3.756798543E1,-1.833958507E0,1.690306425E0,1.023281765E1
3.758797445E1,-1.247379065E0,1.831564307E0,8.183381081E0
3.760796346E1,-1.230619669E0,2.233790159E0,6.612784863E0
3.762795247E1,-6.655880809E-1,2.578555346E0,5.863399982E0
3.764794149E1,-5.386953950E-1,2.813186884E0,5.949591160E0
3.766796102E1,-6.799532771E-1,2.750937700E0,6.131550789E0
3.768795003E1,-5.243301988E-1,2.719813108E0,7.129932880E0
3.770796956E1,-7.086837292E-1,2.540247917E0,8.214506149E0
3.772795858E1,-9.864110947E-1,2.317587137E0,8.892065048E0
3.774794759E1,-1.113303781E0,2.408566952E0,9.011775017E0
3.776796712E1,-1.218648672E0,2.406172752E0,8.963891029E0
3.778795613E1,-9.983820915E-1,2.485181332E0,9.093177795E0
3.780797567E1,-1.027112484E0,2.319981337E0,9.255983353E0
3.782796468E1,-9.433154464E-1,1.912967205E0,9.368511200E0
3.784798421E1,-8.595184088E-1,2.080561161E0,9.114726067E0
3.786797322E1,-8.092401624E-1,2.293645144E0,8.068459511E0
3.788796224E1,-9.241618514E-1,2.343923569E0,7.558494568E0
3.790795125E1,-9.409212470E-1,2.372653961E0,7.568071365E0
3.792794027E1,-6.464344859E-1,2.243366957E0,8.274360657E0
3.794792928E1,-5.937620401E-1,1.850717902E0,8.274360657E0
3.796791829E1,-6.440402865E-1,1.352723956E0,7.529764175E0
3.798790731E1,-3.327940404E-1,1.477222443E0,6.809109688E0
3.800789632E1,-4.644751251E-1,1.738190413E0,6.370970726E0
3.802791585E1,-3.854664862E-1,1.953668594E0,6.624756336E0
3.804790487E1,-3.806780577E-1,2.279279947E0,7.477091789E0
3.806789388E1,-6.344634295E-1,2.485181332E0,7.625532627E0
3.808791341E1,-8.188169599E-1,2.808398485E0,6.828263283E0
3.810790242E1,-9.504981041E-1,3.035847664E0,7.323863029E0
3.812792195E1,-5.147533417E-1,3.287238836E0,8.805873871E0
3.814791097E1,-5.506663918E-1,2.985569477E0,1.044350815E1
3.816789998E1,-3.303998411E-1,3.031059265E0,1.084333992E1
3.818788900E1,-1.244984865E-1,2.868253708E0,1.010592556E1
3.820787801E1,3.303998411E-1,2.020706177E0,1.066616821E1
3.822786702E1,8.116343617E-1,6.536170840E-1,1.309628296E1
3.824785604E1,1.288080573E0,4.309563041E-1,1.507149982E1
3.826787557E1,6.392518282E-1,8.858546019E-1,1.405396366E1
3.828786458E1,4.189853072E-1,5.339069963E-1,1.211466026E1
3.830785360E1,1.019929886E0,7.493851185E-1,1.210029507E1
3.832787313E1,9.145850539E-1,9.504981041E-1,1.237323475E1
3.834786214E1,5.267243981E-1,9.696516991E-1,1.191833591E1
3.836785115E1,6.943184733E-1,1.814804912E0,1.071165848E1
3.838784017E1,3.830722570E-1,1.656787634E0,9.100360870E0
3.840785970E1,5.650315881E-1,1.908178806E0,8.145073891E0
3.842784871E1,7.661445439E-2,2.054224968E0,8.678980827E0
3.844783773E1,3.902548850E-1,1.841141105E0,9.490615845E0
3.846785726E1,6.224924326E-1,1.702277422E0,9.835380554E0
3.848784627E1,5.147533417E-1,1.709460020E0,9.473855972E0
3.850786580E1,8.259995580E-1,1.781286120E0,8.892065048E0
3.852785482E1,1.055842996E0,1.889025092E0,7.908048153E0
3.854790487E1,1.113303781E0,1.774103403E0,8.410830498E0
3.856789388E1,1.319205165E0,1.606509328E0,9.311050415E0
3.858791341E1,1.434126854E0,1.537077546E0,9.406818390E0
3.860790242E1,1.503558636E0,1.419761658E0,9.040505409E0
3.862792195E1,1.266532660E0,1.482010841E0,8.607154846E0
3.864794149E1,9.409212470E-1,1.683123827E0,8.930372238E0
3.866799153E1,6.679822803E-1,1.719036818E0,8.992621422E0
3.868798055E1,6.320692301E-1,1.879448295E0,8.523358345E0
3.870796956E1,4.572925270E-1,1.903390408E0,8.518569946E0
3.872798909E1,4.501099288E-1,1.872265697E0,8.607154846E0
3.874797811E1,2.394201756E-1,1.817199111E0,8.748413086E0
3.876799764E1,2.298433632E-1,1.649604917E0,8.710105896E0
3.878798665E1,6.177040339E-1,1.766920805E0,8.547300339E0
3.880797567E1,8.188169599E-1,2.138022184E0,8.082824707E0
3.882796468E1,6.224924326E-1,2.461239338E0,7.230489254E0
3.884795369E1,-1.915361360E-2,2.403778553E0,6.742072105E0
3.886794271E1,1.173158810E-1,2.410961151E0,7.029376030E0
3.888796224E1,9.576806426E-2,2.221819162E0,7.711723804E0
3.890795125E1,-1.604115069E-1,2.281674147E0,7.924807549E0
3.892797078E1,-3.423708379E-1,2.353500366E0,8.058882713E0
3.894795980E1,-5.147533417E-1,2.090138197E0,8.228871346E0
3.896794881E1,-5.985504389E-1,1.956062794E0,8.882488251E0
3.898793782E1,-3.830722570E-1,2.291250944E0,9.121908188E0
3.900792684E1,-6.584054828E-1,2.803610086E0,8.671798706E0
3.902791585E1,-8.331822157E-1,3.564966440E0,8.995016098E0
3.904787435E1,-1.599326730E0,3.311181068E0,1.088643551E1
3.906789388E1,-1.879448295E0,2.659958124E0,1.188481712E1
3.908788289E1,-1.965639591E0,1.580173135E0,1.269884586E1
3.910787191E1,-2.209848166E0,6.967126727E-1,1.465490818E1
3.912789144E1,-1.915361404E0,6.943184733E-1,1.597650814E1
3.914791097E1,-1.927332401E0,1.441309452E0,1.434366226E1
3.916793050E1,-2.157175779E0,2.439691544E0,1.057279491E1
3.918791951E1,-2.145204782E0,3.234566450E0,8.372523308E0
3.920790853E1,-2.178723574E0,2.999934673E0,8.382100105E0
3.922789754E1,-2.413355350E0,2.331952572E0,9.892841339E0
3.924788655E1,-2.329558372E0,1.922544003E0,1.108515358E1
3.926787557E1,-2.130839586E0,1.884236693E0,1.084333992E1
3.928786458E1,-2.054224968E0,1.984793186E0,9.346963882E0
3.930788411E1,-1.747767210E0,2.331952572E0,7.477091789E0
3.932787313E1,-1.553836942E0,2.535459518E0,6.610390663E0
3.934786214E1,-1.419761658E0,2.624045134E0,6.835445881E0
3.936788167E1,-1.395819545E0,2.707842112E0,7.034164429E0
3.938787068E1,-1.474828243E0,2.880224705E0,7.156269073E0
3.940789022E1,-1.489193439E0,2.978386879E0,7.438784599E0
3.942787923E1,-1.575384736E0,2.810792685E0,7.833827972E0
3.944789876E1,-2.056619167E0,2.461239338E0,8.508993149E0
3.946788778E1,-2.264914751E0,2.272097349E0,9.615114212E0
3.948787679E1,-2.351106167E0,2.135627985E0,1.021845245E1
3.950786580E1,-2.329558372E0,1.989581585E0,1.018732834E1
3.952785482E1,-2.324769735E0,1.956062794E0,9.825803757E0
3.954784383E1,-2.370259762E0,1.929726601E0,9.215282440E0
3.956783284E1,-2.238578558E0,1.798045516E0,8.506598473E0
3.958785237E1,-2.015917778E0,1.934514999E0,7.941566944E0
3.960784139E1,-2.154781580E0,2.044648170E0,7.441178799E0
3.962786092E1,-1.984793186E0,2.176329374E0,7.544129372E0
3.964784993E1,-1.726219416E0,2.114080191E0,7.687781811E0
3.966783895E1,-1.558625340E0,2.142810583E0,7.841010571E0
3.968785848E1,-1.192312479E0,2.470816135E0,7.709329605E0
3.970784749E1,-8.906430602E-1,2.674323320E0,7.465120792E0
3.972786702E1,-6.703764796E-1,2.786850691E0,6.991068840E0
3.974785604E1,-4.237737060E-1,3.105279684E0,7.362170219E0
3.976787557E1,-4.165911078E-1,3.205836058E0,7.280767441E0
3.978786458E1,-2.873041928E-1,3.198653460E0,7.362170219E0
3.980785360E1,-5.315127969E-1,3.045424461E0,7.592013359E0
3.982784261E1,-6.440402865E-1,3.093308687E0,7.862558365E0
3.984783162E1,-8.906430602E-1,3.043030262E0,8.250418663E0
3.986782064E1,-8.571242094E-1,3.234566450E0,9.088389397E0
3.988780965E1,-8.786720037E-1,3.509899616E0,1.020887566E1
3.990779866E1,-6.847416759E-1,3.675099611E0,1.040759468E1
3.992778768E1,-4.548983276E-1,4.070142746E0,9.720458984E0
3.994774617E1,-7.469909191E-1,3.883395195E0,9.847352028E0
3.996776570E1,-8.786720037E-1,3.368641853E0,1.186805820E1
3.998775472E1,-9.457096457E-1,2.791639090E0,1.440591145E1
4.000777425E1,-1.146822572E0,1.944091797E0,1.601721001E1
4.002776326E1,-8.882488012E-1,1.532289028E0,1.550245571E1
4.004775228E1,-3.160346150E-1,1.323993564E0,1.337879944E1
4.006774129E1,-1.556231081E-1,1.778891921E0,1.105163479E1
4.008776082E1,-1.915361285E-1,2.090138197E0,9.081207275E0
4.010774984E1,2.394201607E-2,2.219424963E0,8.204929352E0
4.012773885E1,2.609679997E-1,2.154781580E0,8.140285492E0
4.014775838E1,1.460463107E-1,2.159569979E0,7.991845131E0
4.016774739E1,3.112462163E-1,2.602497339E0,7.975085735E0
4.018773641E1,5.027823523E-2,2.707842112E0,7.433996201E0
4.020775594E1,0.000000000E0,2.770091295E0,7.326257229E0
4.022774495E1,2.035071403E-1,2.762908697E0,7.747636795E0
4.024776448E1,2.657563984E-1,2.794033289E0,8.585607529E0
4.026775350E1,2.226607651E-1,2.748543501E0,8.535328865E0
4.028774251E1,7.661445439E-2,2.772485495E0,7.948749542E0
4.030773153E1,-2.825157940E-1,2.609679937E0,8.147468567E0
4.032772054E1,-3.447650373E-1,2.418143749E0,8.750806808E0
4.034770955E1,-7.661445141E-1,2.178723574E0,9.215282440E0
4.036769857E1,-7.757213712E-1,2.085349798E0,9.406818390E0
4.038768758E1,-7.230489254E-1,1.968033791E0,8.836998940E0
4.040767659E1,-5.746083856E-1,1.968033791E0,8.037335396E0
4.042769612E1,-3.902548850E-1,2.118868589E0,7.687781811E0
4.044768514E1,4.788403399E-3,2.152387381E0,7.836222172E0
4.046767415E1,-1.987187415E-1,2.126051188E0,7.699752808E0
4.048769368E1,6.943184882E-2,2.291250944E0,7.357381821E0
4.050768270E1,2.920926213E-1,2.501940727E0,6.995857239E0
4.052764119E1,5.027823448E-1,2.786850691E0,6.653486729E0
4.054763021E1,-4.070143029E-2,2.815581083E0,7.165845871E0
4.056764974E1,-1.915361360E-2,2.401384354E0,7.915230751E0
4.058763875E1,4.309562966E-2,2.319981337E0,9.030928612E0
4.060759725E1,6.224924326E-2,2.418143749E0,9.433155060E0
4.062758626E1,-1.053448766E-1,2.645592928E0,8.923190117E0
4.064760579E1,-3.758896589E-1,3.098097086E0,9.028534889E0
4.066759481E1,-6.224924326E-1,3.643975019E0,9.327810287E0
4.068755330E1,-9.720458984E-1,4.010287762E0,9.303867340E0
4.070757283E1,-2.389413357E0,2.925714493E0,9.907206535E0
4.072756185E1,-2.528276920E0,1.843535304E0,1.322078133E1
4.074752034E1,-1.994369984E0,2.415749550E0,1.499727917E1
4.076753987E1,-2.640804529E0,3.256114244E0,1.348653793E1
4.078752889E1,-3.239354849E0,3.318363667E0,1.092713642E1
4.080748738E1,-3.241749048E0,3.059789658E0,1.075954247E1
4.082750692E1,-3.488351822E0,2.370259762E0,1.258871269E1
4.084752645E1,-3.193865061E0,1.860294700E0,1.376187134E1
4.086751546E1,-2.636016130E0,1.879448295E0,1.314656162E1
4.088747396E1,-1.996764183E0,1.810016513E0,1.078108978E1
4.090749349E1,-1.731007814E0,2.224213362E0,7.692570210E0
4.092745198E1,-1.307234168E0,2.829946518E0,5.875370979E0
4.094744100E1,-1.213860273E0,3.076549292E0,5.353435040E0
4.096746053E1,-1.072602391E0,3.179499865E0,6.442796707E0
4.098744954E1,-1.158793569E0,3.076549292E0,7.328651428E0
4.100743856E1,-1.462857246E0,3.004723072E0,7.546523571E0
4.102745809E1,-1.649604917E0,2.832340717E0,7.316680431E0
4.104747762E1,-1.584961534E0,2.822763920E0,8.087613106E0
4.106746663E1,-1.915361404E0,2.894589901E0,9.224859238E0
4.108742513E1,-2.039859772E0,2.825158119E0,9.821015358E0
4.110744466E1,-1.838746905E0,2.681505919E0,9.648633003E0
4.112746419E1,-1.939303398E0,2.808398485E0,9.392453194E0
4.114745320E1,-1.912967205E0,2.889801502E0,9.181763649E0
4.116744222E1,-1.867477298E0,2.674323320E0,9.112331390E0
4.118743123E1,-1.853112102E0,2.592920542E0,9.433155060E0
4.120742025E1,-1.999158382E0,2.499546528E0,9.172186852E0
4.122743978E1,-2.312798738E0,2.276885748E0,8.817844391E0
4.124742879E1,-2.439691544E0,2.343923569E0,8.590395927E0
4.126741780E1,-2.466027737E0,2.372653961E0,8.109161377E0
4.128740682E1,-2.164358377E0,2.286462545E0,7.498639584E0
4.130742635E1,-1.781286120E0,2.425326347E0,7.010222435E0
4.132744588E1,-1.601720929E0,2.422932148E0,6.809109688E0
4.134743489E1,-1.189918280E0,2.624045134E0,7.137115479E0
4.136742391E1,-8.738836050E-1,2.715024710E0,7.225700855E0
4.138744344E1,-4.189853072E-1,2.837129116E0,7.012616634E0
4.140746297E1,-1.915361285E-1,3.215412855E0,6.916848660E0
4.142745198E1,-3.591302410E-2,3.483563423E0,7.232883453E0
4.144747152E1,-1.364694983E-1,3.244143248E0,7.663839817E0
4.146746053E1,-1.436520964E-1,2.954444885E0,8.573636055E0
4.148744954E1,-2.609679997E-1,2.813186884E0,8.406042099E0
4.150746907E1,-6.129156351E-1,3.129221678E0,8.671798706E0
4.152748861E1,-1.063025594E0,3.375824451E0,9.777919769E0
4.154747762E1,-1.051054597E0,3.667917013E0,1.055124664E1
4.156743612E1,-1.106121182E0,3.368641853E0,1.072362900E1
4.158745565E1,-1.005564690E0,2.906560898E0,1.107797146E1
4.160747518E1,-6.847416759E-1,3.368641853E0,1.118092155E1
4.162746419E1,-1.149216771E0,4.012681961E0,1.083855152E1
4.164745320E1,-9.720458984E-1,3.550601006E0,1.049857426E1
4.166744222E1,-3.232172430E-1,2.892195702E0,1.115458584E1
4.168743123E1,8.236053586E-1,2.389413357E0,1.263180828E1
4.170745076E1,1.364694953E0,2.197877169E0,1.335964584E1
4.172747029E1,1.575384736E0,2.030282974E0,1.198776817E1
4.174745931E1,1.800439715E0,2.336740971E0,1.060391903E1
4.176744832E1,1.338358760E0,2.533065319E0,9.483432770E0
4.178743734E1,7.829039693E-1,2.779668093E0,8.497021675E0
4.180742635E1,3.711012602E-1,2.750937700E0,7.979874134E0
4.182738485E1,5.626373887E-1,2.731784105E0,7.764396191E0
4.184740438E1,1.891419291E-1,2.375048161E0,8.030152321E0
4.186739339E1,-7.182604820E-2,2.300827742E0,8.257601738E0
4.188735189E1,-1.053448766E-1,2.348711967E0,8.456320763E0
4.190737142E1,-6.224924326E-2,2.477998734E0,8.743624687E0
4.192736043E1,-1.412578970E-1,2.624045134E0,8.702922821E0
4.194731893E1,2.394201700E-3,2.655169725E0,8.279149055E0
4.196733846E1,5.985504389E-2,2.604891539E0,8.777143478E0
4.198732747E1,-2.298433632E-1,2.523488522E0,1.001015759E1
4.200731649E1,8.858546615E-2,2.473210335E0,1.036689377E1
4.202730550E1,7.613561153E-1,2.217030764E0,8.997409821E0
4.204729451E1,1.024718285E0,2.353500366E0,7.496245384E0
4.206731404E1,5.482721925E-1,2.590526342E0,6.998251438E0
4.208730306E1,7.398083210E-1,2.494758129E0,7.527369976E0
4.210729207E1,6.584054828E-1,2.444479942E0,8.559270859E0
4.212728109E1,6.248866320E-1,2.482787132E0,8.829815865E0
4.214730062E1,8.451532125E-1,2.643198729E0,8.492233276E0
4.216732015E1,8.547300100E-1,2.681505919E0,7.936778545E0
4.218730916E1,6.272808313E-1,2.518700123E0,7.905653954E0
4.220732869E1,6.607996821E-1,2.346317768E0,8.415618896E0
4.222729074E1,8.571242094E-1,2.384624958E0,8.645462036E0
4.224727975E1,5.961562395E-1,2.523488522E0,8.544905663E0
4.226729929E1,9.337386489E-2,2.813186884E0,8.295908928E0
4.228731882E1,2.106897533E-1,2.542642117E0,8.887276649E0
4.230730783E1,5.315127969E-1,2.602497339E0,8.796297073E0
4.232729684E1,5.027823523E-2,3.016694069E0,7.266402245E0
4.234728586E1,-2.418143749E-1,3.581725836E0,6.476315498E0
4.236727487E1,-6.416460276E-1,3.957615376E0,6.811503887E0
4.238726389E1,-1.278503656E0,4.390965939E0,7.460332394E0
4.240725290E1,-2.667140722E0,4.168305397E0,9.332598686E0
4.242724191E1,-3.313575268E0,3.318363667E0,1.178426075E1
4.244723093E1,-2.923320293E0,2.748543501E0,1.295502567E1
4.246721994E1,-2.889801502E0,2.161964178E0,1.351287460E1
4.248720895E1,-2.822763920E0,2.054224968E0,1.373314095E1
4.250719797E1,-2.966415882E0,2.221819162E0,1.267490387E1
4.252718698E1,-2.612074137E0,2.494758129E0,1.176271248E1
4.254717599E1,-2.501940727E0,2.628833532E0,1.076672459E1
4.256716501E1,-2.724601507E0,2.861071110E0,9.390059471E0
4.258712350E1,-3.236960649E0,2.901772499E0,8.865729332E0
4.260714304E1,-3.191470861E0,2.731784105E0,8.906430244E0
4.262716257E1,-3.351882458E0,2.413355350E0,9.097966194E0
4.264718210E1,-3.502717018E0,2.128445387E0,8.966285706E0
4.266717111E1,-3.043030262E0,2.070984364E0,8.734047890E0
4.268716013E1,-2.683900118E0,2.097320795E0,7.989450932E0
4.270714914E1,-2.341529369E0,2.346317768E0,7.589619160E0
4.272713815E1,-2.114080191E0,2.521094322E0,7.074865818E0
4.274715768E1,-2.039859772E0,2.585737944E0,6.947973251E0
4.276717722E1,-1.690306425E0,2.643198729E0,7.520187378E0
4.278716623E1,-1.680729628E0,2.602497339E0,8.090007782E0
4.280715524E1,-1.778891921E0,2.554613113E0,8.389283180E0
4.282717477E1,-1.956062794E0,2.360682964E0,8.621520042E0
4.284719431E1,-1.984793186E0,2.279279947E0,9.222464561E0
4.286718332E1,-1.972822189E0,2.212242365E0,9.878476143E0
4.288717233E1,-2.099714994E0,2.202665567E0,9.725247383E0
4.290713083E1,-1.991975784E0,2.298433542E0,8.971074104E0
4.292715036E1,-2.025494576E0,2.286462545E0,8.128314972E0
4.294713937E1,-1.991975784E0,2.207453966E0,7.943961143E0
4.296715890E1,-1.896207690E0,2.018311977E0,7.874529362E0
4.298714792E1,-1.819593310E0,1.898601890E0,7.465120792E0
4.300713693E1,-1.659181833E0,2.126051188E0,6.931213856E0
4.302712595E1,-1.740584612E0,2.269703150E0,6.675034523E0
4.304711496E1,-1.747767210E0,2.475604534E0,6.722918510E0
4.306710397E1,-1.431732655E0,2.454056740E0,6.811503887E0
4.308709299E1,-1.288080573E0,2.542642117E0,6.962338448E0
4.310711252E1,-1.278503656E0,2.643198729E0,7.275979042E0
4.312713205E1,-1.067813993E0,2.578555346E0,7.999027729E0
4.314712106E1,-8.643068075E-1,2.595314741E0,9.088389397E0
4.316711008E1,-5.650315881E-1,2.789244890E0,9.955090523E0
4.318706857E1,-6.584054828E-1,2.844311714E0,9.809044838E0
4.320708810E1,-9.385270476E-1,3.117250681E0,1.023521233E1
4.322707712E1,-1.003170490E0,3.512293816E0,1.030943298E1
4.324703561E1,-1.015141487E0,3.246537447E0,1.104924107E1
4.326705515E1,-9.888052940E-1,2.437297344E0,1.233253288E1
4.328704416E1,-7.852981687E-1,2.317587137E0,1.378102493E1
4.330700265E1,-1.082179189E0,1.656787634E0,1.465011978E1
4.332702219E1,-4.477157295E-1,1.259350061E0,1.455195808E1
4.334701120E1,-7.422025502E-2,1.223437071E0,1.347935581E1
4.336700021E1,-1.149216816E-1,1.482010841E0,1.172679996E1
4.338698923E1,-1.484405100E-1,1.855506301E0,9.770736694E0
4.340697824E1,0.000000000E0,1.939303398E0,8.334216118E0
4.342699777E1,8.619125932E-2,2.056619167E0,7.606379032E0
4.344701730E1,-1.412578970E-1,2.166752577E0,7.508216381E0
4.346700632E1,4.070143029E-2,2.152387381E0,7.486668587E0
4.348699533E1,2.202665508E-1,2.015917778E0,7.678205013E0
4.350698434E1,1.484405100E-1,2.116474390E0,8.530540466E0
4.352697336E1,3.471592367E-1,2.130839586E0,9.062053680E0
4.354699289E1,7.158663273E-1,2.272097349E0,9.346963882E0
4.356701242E1,7.685387731E-1,2.056619167E0,9.576807022E0
4.358700143E1,7.493851185E-1,1.932120800E0,1.015141487E1
4.360699045E1,8.571242094E-1,1.920149803E0,1.047223854E1
4.362697946E1,9.361328483E-1,1.991975784E0,1.024718285E1
4.364696848E1,8.762778044E-1,1.970427990E0,9.725247383E0
4.366695749E1,8.355764151E-1,1.972822189E0,9.543288231E0
4.368694650E1,1.146822572E0,1.838746905E0,9.725247383E0
4.370696603E1,1.453280449E0,2.106897593E0,1.000536919E1
4.372698557E1,1.259350061E0,2.245761156E0,9.763554573E0
4.374697458E1,1.201889277E0,2.209848166E0,9.454702377E0
4.376699411E1,9.457096457E-1,2.032677174E0,9.631873131E0
4.378698312E1,9.145850539E-1,1.769315004E0,9.962273598E0
4.380697214E1,7.805097699E-1,1.656787634E0,9.878476143E0
4.382696115E1,4.405331016E-1,1.549048543E0,9.445125580E0
4.384695016E1,-1.436520964E-1,1.532289028E0,8.813055992E0
4.386693918E1,-1.771709323E-1,1.640028119E0,8.444349289E0
4.388689767E1,-3.782838583E-1,1.649604917E0,8.070854187E0
4.390691721E1,-5.363011956E-1,1.929726601E0,7.910442352E0
4.392693674E1,-7.302315235E-1,2.260126352E0,7.311892033E0
4.394692575E1,-9.313444495E-1,2.420537949E0,6.198588371E0
4.396691476E1,-8.595184088E-1,2.229001760E0,6.244078159E0
4.398693430E1,-6.607996821E-1,1.845929503E0,6.955155849E0
4.400695383E1,-1.747767180E-1,2.135627985E0,7.311892033E0
4.402694284E1,-1.029506698E-1,2.389413357E0,7.208941460E0
4.404696237E1,6.703764945E-2,2.619256735E0,7.141903877E0
4.406695139E1,3.375824392E-1,2.444479942E0,7.429207802E0
4.408694040E1,1.221042871E-1,2.425326347E0,7.450755596E0
4.410692941E1,9.576806799E-3,2.705447912E0,7.333439827E0
4.412694894E1,3.112462163E-2,2.820369720E0,7.821856976E0
4.414693796E1,-5.506663769E-2,2.588132143E0,8.559270859E0
4.416689645E1,1.412578970E-1,2.513911724E0,9.770736694E0
4.418688547E1,2.489969730E-1,2.296039343E0,1.042435455E1
4.420687448E1,-5.746084079E-2,2.513911724E0,1.019451046E1
4.422689401E1,-1.675941236E-2,2.844311714E0,1.011071396E1
4.424691354E1,-5.770025849E-1,3.004723072E0,9.742006302E0
4.426690256E1,-1.592144132E0,2.990357876E0,1.113064384E1
4.428689157E1,-2.449268341E0,2.767697096E0,1.310825443E1
4.430688058E1,-3.416525841E0,2.664746523E0,1.433408546E1
4.432686960E1,-4.007893562E0,1.898601890E0,1.467406178E1
4.434688913E1,-3.809175014E0,1.630451322E0,1.467166805E1
4.436690866E1,-3.265691042E0,1.434126854E0,1.404438686E1
4.438689767E1,-2.516305923E0,1.987187386E0,1.229901409E1
4.440688669E1,-1.963245392E0,2.082955360E0,9.536105156E0
4.442690622E1,-1.587355733E0,2.588132143E0,7.501033783E0
4.444692575E1,-1.328781962E0,2.643198729E0,6.737283707E0
4.446691476E1,-1.254561663E0,2.777273893E0,6.742072105E0
4.448690378E1,-1.103726983E0,2.856282711E0,6.337451935E0
4.450689279E1,-1.307234168E0,2.810792685E0,6.354211330E0
4.452688180E1,-1.470039845E0,2.674323320E0,6.912060261E0
4.454687082E1,-1.541865945E0,2.619256735E0,7.577648163E0
4.456685983E1,-1.589749932E0,2.767697096E0,7.912836552E0
4.458684885E1,-1.821987510E0,2.789244890E0,7.948749542E0
4.460680734E1,-1.975216389E0,2.588132143E0,8.537723541E0
4.462682687E1,-2.267308950E0,2.360682964E0,8.937555313E0
4.464684640E1,-2.432508945E0,2.240972757E0,9.512163162E0
4.466683542E1,-2.561795712E0,2.047042370E0,1.011071396E1
4.468682443E1,-2.485181332E0,1.886630893E0,1.014662647E1
4.470684396E1,-2.396595955E0,2.090138197E0,8.963891029E0
4.472686349E1,-2.516305923E0,2.109291792E0,8.111555099E0
4.474685251E1,-2.403778553E0,2.178723574E0,8.188169479E0
4.476684152E1,-2.351106167E0,2.195482969E0,8.863334656E0
4.478683054E1,-2.056619167E0,1.841141105E0,8.836998940E0
4.480681955E1,-1.714248419E0,1.982398987E0,7.979874134E0
4.482680856E1,-1.740584612E0,2.288856745E0,7.115567684E0
4.484679758E1,-1.446097851E0,2.370259762E0,6.646304131E0
4.486678659E1,-1.192312479E0,2.573766708E0,7.015010834E0
4.488677560E1,-9.481038451E-1,2.719813108E0,7.797914982E0
4.490679514E1,-5.554547906E-1,2.873042107E0,7.790732384E0
4.492681467E1,-5.985504389E-1,2.657563925E0,7.098807812E0
4.494680368E1,-4.620809257E-1,2.705447912E0,7.278373241E0
4.496679269E1,-1.628057212E-1,3.086126089E0,7.577648163E0
4.498678171E1,-6.105214357E-1,3.799597979E0,8.183381081E0
4.500677072E1,-1.060631394E0,4.122815132E0,8.513781548E0
4.502672922E1,-1.333570361E0,4.242525578E0,8.765172005E0
4.504674875E1,-1.189918280E0,4.209006786E0,9.662998199E0
4.506673776E1,-1.288080573E0,4.709394932E0,1.113543224E1
4.508672678E1,-1.484405041E0,3.881000996E0,1.235647488E1
4.510668527E1,-9.050082564E-1,2.118868589E0,1.371638107E1
4.512670480E1,5.171475410E-1,1.125274777E0,1.541865921E1
4.514669382E1,1.285686255E0,1.221042871E-1,1.524867058E1
4.516668283E1,2.370259613E-1,3.758896589E-1,1.490869427E1
4.518670236E1,7.661445439E-2,7.996633649E-1,1.395819569E1
4.520672189E1,1.915361285E-1,1.122880578E0,1.236844635E1
4.522671091E1,-1.460463107E-1,1.604115129E0,1.019451046E1
4.524669992E1,-3.878606856E-1,2.202665567E0,7.841010571E0
4.526668893E1,-6.560112834E-1,2.480392933E0,5.920860767E0
4.528667795E1,-7.589619160E-1,2.808398485E0,5.501875401E0
4.530669748E1,-9.864110947E-1,2.887407303E0,6.574477673E0
4.532671701E1,-1.158793569E0,2.889801502E0,7.177816868E0
4.534670602E1,-1.211466074E0,2.930502892E0,7.510610580E0
4.536666452E1,-7.517793179E-1,2.724601507E0,7.177816868E0
4.538665353E1,-1.003170490E0,2.461239338E0,6.799532890E0
4.540667307E1,-1.333570361E0,1.912967205E0,6.052541733E0
4.542666208E1,-1.350329757E0,1.218648672E0,6.337451935E0
4.544665109E1,-1.156399369E0,7.158663273E-1,8.683769226E0
4.546667062E1,-6.224924326E-1,9.313444495E-1,1.019690514E1
4.548669015E1,-4.764461517E-1,8.451532125E-1,9.279925346E0
4.550667917E1,-4.333505034E-1,1.266532660E0,7.254431248E0
4.552666818E1,-2.082955539E-1,2.018311977E0,6.457161903E0
4.554665720E1,3.471592367E-1,2.264914751E0,6.737283707E0
4.556664621E1,5.913678408E-1,1.716642618E0,7.568071365E0
4.558663522E1,6.895300746E-1,1.309628367E0,8.298302650E0
4.560665475E1,1.034295082E0,1.503558636E0,8.204929352E0
4.562664377E1,1.120486379E0,1.908178806E0,8.444349289E0
4.564663278E1,9.074024558E-1,2.329558372E0,8.621520042E0
4.566668283E1,6.560112834E-1,2.609679937E0,8.961497307E0
4.568667184E1,2.202665508E-1,2.482787132E0,9.212887764E0
4.570666086E1,-2.705447972E-1,3.620033026E0,1.006282997E1
4.572664987E1,-9.457096457E-1,3.696647406E0,1.111627865E1
4.574663889E1,-8.116343617E-1,2.796427488E0,1.271321106E1
4.576659738E1,-7.661445141E-1,1.582567334E0,1.556709957E1
4.578661691E1,-3.327940404E-1,4.860229492E-1,1.879687691E1
4.580657541E1,-1.077390790E0,8.116343617E-1,1.855027390E1
4.582656442E1,-4.070142806E-1,1.903390408E0,1.438675785E1
4.584658395E1,-7.182605099E-3,2.616862535E0,1.026154804E1
4.586657297E1,-1.460463107E-1,2.703053713E0,8.305485725E0
4.588656198E1,4.788403213E-2,2.554613113E0,8.418013573E0
4.590655099E1,1.316810995E-1,2.398990154E0,8.633491516E0
4.592654001E1,-7.182605099E-3,2.152387381E0,9.332598686E0
4.594655954E1,-3.639186621E-1,1.879448295E0,9.402029991E0
4.596657907E1,-7.589619160E-1,1.831564307E0,8.444349289E0
4.598656808E1,-1.041477680E0,1.668758631E0,7.651868820E0
4.600655710E1,-1.335964561E0,1.623268723E0,8.020575523E0
4.602654611E1,-1.477222443E0,1.685518026E0,8.537723541E0
4.604653513E1,-1.613691926E0,1.774103403E0,9.287108421E0
4.606655466E1,-1.908178806E0,1.977610588E0,9.222464561E0
4.608657419E1,-2.173935175E0,2.027888775E0,8.863334656E0
4.610656320E1,-2.027888775E0,1.857900500E0,8.956708908E0
4.612655222E1,-2.126051188E0,1.568202138E0,9.856928825E0
4.614654123E1,-1.680729628E0,1.419761658E0,1.071405220E1
4.616656076E1,-1.716642618E0,1.333570361E0,1.123598862E1
4.618654977E1,-1.798045516E0,1.412579060E0,1.070926380E1
4.620653879E1,-1.838746905E0,1.369483352E0,9.564835548E0
4.622652780E1,-1.841141105E0,1.546654344E0,8.456320763E0
4.624651682E1,-1.750161409E0,1.838746905E0,7.972691536E0
4.626653635E1,-1.790862918E0,1.941697598E0,7.886500359E0
4.628655588E1,-1.685518026E0,2.121262789E0,7.809885979E0
4.630660593E1,-1.635239720E0,2.379836559E0,7.682993412E0
4.632659494E1,-1.589749932E0,2.480392933E0,7.711723804E0
4.634661447E1,-1.244984865E0,2.609679937E0,7.802703381E0
4.636663400E1,-1.046266198E0,2.559401512E0,7.680599213E0
4.638662302E1,-9.720458984E-1,2.552218914E0,8.525752068E0
4.640661203E1,-1.000776291E0,2.451662540E0,9.387664795E0
4.642660104E1,-9.911994934E-1,2.274491549E0,9.806650162E0
4.644659006E1,-9.385270476E-1,2.061407566E0,1.007719517E1
4.646654855E1,-7.709329724E-1,1.893813491E0,9.706093788E0
4.648656808E1,-8.068459630E-1,2.142810583E0,9.560047150E0
4.650655710E1,-8.116343617E-1,2.360682964E0,9.854534149E0
4.652654611E1,-6.871358752E-1,2.870647907E0,9.469067574E0
4.654653513E1,-8.810662031E-1,3.236960649E0,8.449137688E0
4.656649362E1,-8.283938169E-1,3.483563423E0,7.642292023E0
4.658651315E1,-8.307880163E-1,3.564966440E0,7.817068577E0
4.660650217E1,-5.817909837E-1,3.234566450E0,8.906430244E0
4.662649118E1,-7.015010715E-1,3.071760893E0,9.821015358E0
4.664644968E1,-6.991068721E-1,2.935291290E0,1.005085850E1
4.666643869E1,-6.871358752E-1,3.016694069E0,9.284713745E0
4.668645822E1,-6.009446383E-1,3.047818661E0,8.264783859E0
4.670644724E1,-3.806780577E-1,3.117250681E0,7.594407558E0
4.672643625E1,-2.250549644E-1,3.380612850E0,7.333439827E0
4.674645578E1,-2.849099934E-1,3.581725836E0,7.177816868E0
4.676647531E1,-8.379705995E-2,3.780444384E0,6.742072105E0
4.678646432E1,-2.873042040E-2,3.701435804E0,6.579266071E0
4.680645334E1,-3.591302410E-2,3.198653460E0,6.842628479E0
4.682641183E1,-2.394201607E-2,2.832340717E0,8.013393402E0
4.684643137E1,-1.532289088E-1,2.995146275E0,8.616731644E0
4.686642038E1,-1.628057212E-1,3.174711466E0,7.618350029E0
4.688640939E1,-2.130839527E-1,3.327940464E0,8.178592682E0
4.690639841E1,-1.508347094E-1,3.246537447E0,8.949525833E0
4.692638742E1,-8.403648138E-1,3.564966440E0,9.698910713E0
4.694640695E1,-1.252167463E0,4.405331135E0,9.133879662E0
4.696642648E1,-1.922544003E0,4.216189384E0,8.638279915E0
4.698638498E1,-1.889025092E0,3.366247654E0,1.042195988E1
4.700640451E1,-1.812410712E0,2.054224968E0,1.288080502E1
4.702639352E1,-3.445256233E0,1.601720929E0,1.394622517E1
4.704638254E1,-3.624821424E0,1.781286120E0,1.269405746E1
4.706637155E1,-2.825158119E0,2.899378300E0,1.118331623E1
4.708636057E1,-1.357512355E0,4.103661537E0,1.098220348E1
4.710634958E1,-7.182604820E-2,4.194641590E0,1.148019695E1
4.712630807E1,-5.267243832E-2,3.043030262E0,1.067813969E1
4.714632761E1,-6.967126727E-1,2.571372509E0,9.832986832E0
4.716628610E1,-6.679822803E-1,2.461239338E0,8.525752068E0
4.718630563E1,1.532289088E-1,2.671929121E0,8.178592682E0
4.720632516E1,2.106897533E-1,2.825158119E0,8.274360657E0
4.722631418E1,5.578489900E-1,2.849100113E0,7.733271599E0
4.724630319E1,2.873041928E-1,2.750937700E0,6.998251438E0
4.726629221E1,-1.077390760E-1,2.748543501E0,7.256825447E0
4.728628122E1,3.399766386E-1,3.375824451E0,8.240841866E0
4.730627023E1,9.504981041E-1,3.943250179E0,8.365341187E0
4.732622873E1,7.038952708E-1,4.158728123E0,8.008605003E0
4.734621774E1,4.429273009E-1,3.952826977E0,7.728483200E0
4.736623727E1,1.963245422E-1,3.737348795E0,7.852981567E0
4.738622629E1,1.221042871E-1,4.058171749E0,8.554482460E0
4.740618478E1,4.357447028E-1,4.290409565E0,8.712499619E0
4.742620432E1,9.409212470E-1,4.304774761E0,8.250418663E0
4.744622385E1,1.582567334E0,4.742913723E0,8.360552788E0
4.746621286E1,1.881842494E0,4.821922302E0,8.817844391E0
4.748620187E1,1.493981838E0,4.328716755E0,9.349357605E0
4.750619089E1,1.544260144E0,4.086902142E0,1.002452278E1
4.752617990E1,1.759738207E0,4.153939724E0,1.071405220E1
4.754616891E1,1.613691926E0,4.192247391E0,1.041956615E1
4.756615793E1,1.697489023E0,4.204218388E0,9.299078941E0
4.758611642E1,1.917755604E0,4.149151325E0,8.772355080E0
4.760613596E1,1.968033791E0,4.084507942E0,9.102754593E0
4.762612497E1,2.317587137E0,3.981557369E0,9.255983353E0
4.764611398E1,2.470816135E0,4.180276394E0,9.035717010E0
4.766613351E1,2.298433542E0,3.871424198E0,8.489839554E0
4.768615305E1,2.427720547E0,3.308786631E0,8.674192429E0
4.770614206E1,2.576161146E0,2.734178305E0,9.588777542E0
4.772613107E1,3.155557871E0,2.726995707E0,1.046745014E1
4.774612009E1,2.722207308E0,2.600103140E0,1.023042393E1
4.776607858E1,2.011129379E0,2.226607561E0,9.935936928E0
4.778609811E1,2.580949545E0,3.153163671E0,4.319139957E0
4.780605661E1,3.361459255E0,2.724601507E0,9.018958092E0
4.782607614E1,3.059789658E0,2.600103140E0,1.098699188E1
4.784603464E1,2.437297344E0,2.485181332E0,9.655815125E0
4.786605417E1,1.953668594E0,2.281674147E0,7.455543995E0
4.788601266E1,2.865859509E0,2.580949545E0,5.726930618E0
4.790097707E1,-1.910573006E0,1.702277422E0,8.372523308E0
4.792099660E1,-1.429338455E0,1.460463047E0,9.236829758E0
4.794098561E1,-1.254561663E0,1.328781962E0,1.014423275E1
4.796094411E1,-1.829170108E0,1.225831270E0,9.684545517E0
4.798093312E1,-1.738190413E0,1.285686255E0,9.354146004E0
4.800092214E1,-1.726219416E0,1.393425345E0,9.433155060E0
4.802091115E1,-1.889025092E0,1.412579060E0,9.847352028E0
4.804090016E1,-1.398213744E0,1.381454349E0,1.019929886E1
4.806088918E1,-1.561019540E0,1.304839969E0,1.002931118E1
4.808087819E1,-1.987187386E0,1.553836942E0,8.825027466E0
4.810086720E1,-2.193088770E0,1.604115129E0,8.532935143E0
4.812085622E1,-1.625662923E0,1.558625340E0,8.820239067E0
4.814087575E1,-1.201889277E0,1.474828243E0,9.327810287E0
4.816089528E1,-1.572990537E0,1.431732655E0,9.586383820E0
4.818088429E1,-1.491587639E0,1.582567334E0,8.714894295E0
4.820084279E1,-1.091755986E0,1.620874524E0,8.959102631E0
4.822086232E1,-1.120486379E0,1.501164436E0,9.490615845E0
4.824085133E1,-8.954314590E-1,1.714248419E0,9.557653427E0
4.826084035E1,-8.403648138E-1,1.869871497E0,9.176975250E0
4.828085988E1,-1.426944256E0,2.013523579E0,8.626308441E0
4.830084889E1,-1.685518026E0,2.183511972E0,8.341399193E0
4.832080739E1,-1.455674648E0,2.291250944E0,8.702922821E0
4.834079640E1,-7.422025204E-1,2.178723574E0,8.906430244E0
4.836081593E1,-1.067813993E0,1.860294700E0,8.942343712E0
4.838080495E1,-1.170764685E0,2.011129379E0,9.021351814E0
4.840076344E1,-1.034295082E0,2.159569979E0,9.504981041E0
4.842075246E1,-1.450886250E0,1.917755604E0,9.715670586E0
4.844077199E1,-1.582567334E0,2.025494576E0,8.973467827E0
4.846076100E1,-1.391031146E0,2.272097349E0,8.192957878E0
4.848071950E1,-1.271321058E0,2.243366957E0,8.104372978E0
4.850073903E1,-1.266532660E0,2.104503393E0,8.315062523E0
4.852072804E1,-1.592144132E0,2.066195965E0,8.554482460E0
4.854071706E1,-1.371877551E0,2.082955360E0,8.180987358E0
4.856073659E1,-7.948749661E-1,1.759738207E0,7.364564419E0
4.858072560E1,-5.027823448E-1,1.568202138E0,6.861782074E0
4.860074513E1,-6.488286853E-1,1.762132406E0,6.435614109E0
4.862073415E1,-8.858546019E-1,1.549048543E0,6.239289761E0
4.864072316E1,-1.139639974E0,1.237802267E0,6.770802498E0
4.866071217E1,1.213860273E0,1.204283476E0,6.538564682E0
4.868070119E1,-2.944868207E-1,1.501164436E0,6.818686485E0
4.870069020E1,-2.130839527E-1,2.250549555E0,7.366958618E0
4.872070973E1,-3.998316824E-1,2.255337954E0,7.915230751E0
4.874069875E1,-5.722141862E-1,2.200271368E0,8.427590370E0
4.876071828E1,1.316810995E-1,2.753331900E0,9.119514465E0
4.878070729E1,9.265560508E-1,3.050212860E0,1.034295177E1
4.880069631E1,1.086967587E0,2.698265314E0,1.290953541E1
4.882068532E1,7.900865376E-2,2.013523579E0,1.419282722E1
4.884067433E1,-1.244984865E-1,1.625662923E0,1.360624790E1
4.886069386E1,9.050082564E-1,1.762132406E0,1.323993587E1
4.888068288E1,8.427590132E-1,1.429338455E0,1.327105999E1
4.890073293E1,3.734954596E-1,1.194706678E0,1.395580196E1
4.892072194E1,7.613561153E-1,1.295263171E0,1.387200451E1
4.894071095E1,6.344634295E-1,1.312022567E0,1.276348972E1
4.896069997E1,-1.053448766E-1,1.541865945E0,1.153526402E1
4.898068898E1,-5.363011956E-1,1.807622313E0,9.469067574E0
4.900067799E1,-4.094084799E-1,1.941697598E0,7.896077156E0
4.902069753E1,1.364694983E-1,1.975216389E0,7.489062786E0
4.904068654E1,4.788403399E-3,2.003946781E0,7.757213593E0
4.906070607E1,-3.830722719E-2,2.104503393E0,8.066065788E0
4.908072560E1,6.631938815E-1,2.188300371E0,8.133103371E0
4.910071462E1,6.033388376E-1,2.243366957E0,7.721300602E0
4.912073415E1,6.703764945E-2,2.327163935E0,7.872135162E0
4.914072316E1,7.110779285E-1,2.087743998E0,8.104372978E0
4.916071217E1,6.488286853E-1,1.654393315E0,8.640673637E0
4.918070119E1,3.998316824E-1,1.690306425E0,9.361329079E0
4.920065968E1,4.094084799E-1,1.575384736E0,9.306262016E0
4.922067922E1,5.051765442E-1,1.520318031E0,8.889671326E0
4.924063771E1,6.967126727E-1,1.383848548E0,8.571242332E0
4.926065724E1,6.368576288E-1,1.204283476E0,8.621520042E0
4.928064626E1,4.716577232E-1,1.343147159E0,8.228871346E0
4.930063527E1,4.405331016E-1,1.493981838E0,7.601590633E0
4.932065480E1,7.086837292E-1,1.572990537E0,7.596801758E0
4.934064382E1,6.464344859E-1,1.683123827E0,7.180211067E0
4.936063283E1,6.105214357E-1,1.807622313E0,6.471527100E0
4.938062184E1,5.315127969E-1,1.819593310E0,6.303933144E0
4.940064137E1,3.854664862E-1,1.953668594E0,6.169857979E0
4.942063039E1,4.955997467E-1,2.142810583E0,6.078877926E0
4.944061940E1,4.453215301E-1,1.908178806E0,7.036558628E0
4.946060841E1,4.668693244E-1,1.740584612E0,9.059659004E0
4.948056691E1,2.849099934E-1,1.874659896E0,1.050815105E1
4.950055592E1,-1.364694983E-1,2.430114746E0,9.409213066E0
4.952057546E1,-1.154005170E0,2.997540474E0,8.858546257E0
4.954059499E1,-1.498770237E0,2.245761156E0,1.152329254E1
4.956061452E1,-2.272097349E0,1.041477680E0,1.583285618E1
4.958060353E1,-1.798045516E0,9.409212470E-1,1.765723801E1
4.960062306E1,-2.545036316E0,1.098938584E0,1.596932507E1
4.962061208E1,-3.066972494E0,1.654393315E0,1.239238834E1
4.964063161E1,-3.007117271E0,2.276885748E0,1.052491093E1
4.966062062E1,-2.923320293E0,1.865083098E0,1.094629002E1
4.968060964E1,-2.920926094E0,1.527500629E0,1.242830086E1
4.970059865E1,-2.655169725E0,1.575384736E0,1.260786629E1
4.972058766E1,-2.339135170E0,1.711854219E0,1.086967564E1
4.974057668E1,-2.066195965E0,1.910573006E0,8.951920509E0
4.976059621E1,-1.977610588E0,2.159569979E0,7.213729858E0
4.978058522E1,-2.073378563E0,2.185906172E0,6.866570473E0
4.980057424E1,-1.946485996E0,2.104503393E0,7.268796444E0
4.982059377E1,-1.857900500E0,2.106897593E0,8.008605003E0
4.984058278E1,-1.795651317E0,1.886630893E0,7.759607792E0
4.986060231E1,-2.195482969E0,1.661576033E0,7.599195957E0
4.988059132E1,-2.224213362E0,1.546654344E0,7.433996201E0
4.990061086E1,-2.123656988E0,1.268926859E0,7.568071365E0
4.992059987E1,-2.286462545E0,1.252167463E0,7.630321026E0
4.994064992E1,-1.592144132E0,1.142034173E0,7.668628216E0
4.996063893E1,-1.261744261E0,8.643068075E-1,7.613561630E0
4.998062795E1,-2.015917778E0,1.254561663E0,7.726089001E0
5.000064748E1,-1.843535304E0,1.900996208E0,7.666234016E0
5.002063649E1,-1.745373011E0,1.951274395E0,7.618350029E0
5.004065602E1,-1.316810966E0,1.867477298E0,7.666234016E0
5.006064504E1,-1.702277422E0,1.958456993E0,7.699752808E0
5.008066457E1,-1.776497602E0,2.116474390E0,8.238448143E0
5.010065358E1,-1.577778935E0,2.104503393E0,8.655038834E0
5.012067311E1,-1.446097851E0,2.109291792E0,8.652645111E0
5.014066213E1,-1.259350061E0,2.200271368E0,8.240841866E0
5.016065114E1,-1.359906554E0,1.812410712E0,8.781931877E0
5.018064015E1,-9.983820915E-1,1.872265697E0,9.390059471E0
5.020059865E1,-6.871358752E-1,1.850717902E0,8.690952301E0
5.022058766E1,-5.315127969E-1,1.936909199E0,8.030152321E0
5.024060719E1,-4.285621047E-1,2.073378563E0,6.914454460E0
5.026059621E1,-4.429273009E-1,2.075772762E0,8.884882927E0
5.028061574E1,-3.016694188E-1,2.001552582E0,1.150653362E1
5.030060475E1,-1.221042871E-1,2.260126352E0,1.182256794E1
5.032056325E1,-7.661445439E-2,2.070984364E0,1.132936287E1
5.034058278E1,-9.337386489E-2,1.520318031E0,1.208114147E1
5.036054128E1,-1.316810995E-1,1.321599364E0,1.361821938E1
5.038056081E1,-5.386953950E-1,1.053448796E0,1.450886250E1
5.040054982E1,-5.075707436E-1,8.690952063E-1,1.372835255E1
5.042056935E1,-3.184288144E-1,1.017535686E0,1.276827812E1
5.044055837E1,4.429273009E-1,1.381454349E0,1.236605167E1
5.046054738E1,8.355764151E-1,1.424550056E0,1.133893967E1
5.048056691E1,1.221042871E0,1.553836942E0,1.002691650E1
5.050055592E1,1.206677675E0,1.472434044E0,9.464279175E0
5.052057546E1,8.619126081E-1,1.424550056E0,9.380482674E0
5.054056447E1,7.637503147E-1,1.393425345E0,9.210494041E0
5.056055348E1,3.519476354E-1,1.472434044E0,8.140285492E0
5.058054250E1,4.788403213E-2,1.486799240E0,7.826645374E0
5.060053151E1,2.633621916E-2,1.563413739E0,7.627926826E0
5.062052052E1,-2.873041928E-1,1.671152830E0,7.323863029E0
5.064050954E1,-4.812345505E-1,1.795651317E0,7.328651428E0
5.066052907E1,-6.751648784E-1,1.762132406E0,7.489062786E0
5.068051808E1,-5.027823448E-1,1.683123827E0,7.678205013E0
5.070050710E1,-5.434837937E-1,1.752555609E0,7.486668587E0
5.072052663E1,-6.033388376E-1,1.788468719E0,7.426813602E0
5.074051564E1,-3.782838583E-1,1.647210717E0,8.094796181E0
5.076053517E1,-3.591302633E-1,1.434126854E0,8.645462036E0
5.078052419E1,-5.722141862E-1,1.446097851E0,8.025363922E0
5.080051320E1,-3.160346150E-1,1.620874524E0,7.323863029E0
5.082050221E1,3.112462163E-2,1.886630893E0,6.718130112E0
5.084046071E1,4.405331016E-1,2.209848166E0,6.646304131E0
5.086048024E1,6.177040339E-1,2.149993181E0,6.801927090E0
5.088049977E1,4.237737060E-1,1.982398987E0,6.725312710E0
5.090048879E1,2.346317619E-1,1.728613615E0,7.374141216E0
5.092047780E1,3.687070608E-1,1.357512355E0,9.212887764E0
5.094046681E1,-2.346317619E-1,1.221042871E0,1.012747288E1
5.096048634E1,-1.144428372E0,1.833958507E0,1.040520096E1
5.098047536E1,-1.403002143E0,2.351106167E0,9.715670586E0
5.100049489E1,-2.056619167E0,2.047042370E0,1.041477776E1
5.102048390E1,-3.354276657E0,1.101332784E0,1.283531570E1
5.104050343E1,-3.675099611E0,5.243301988E-1,1.527500725E1
5.106049245E1,-2.717418909E0,3.926490843E-1,1.518881512E1
5.108045094E1,-2.185906172E0,3.184288144E-1,1.353681660E1
5.110047048E1,-2.308010340E0,7.924807668E-1,1.229422569E1
5.112045949E1,-2.458845139E0,9.935936928E-1,1.274194145E1
5.114047902E1,-2.274491549E0,9.121908545E-1,1.288319969E1
5.116046803E1,-1.994369984E0,1.223437071E0,1.257674122E1
5.118045705E1,-1.515529633E0,1.369483352E0,1.103487587E1
5.120047658E1,-1.194706678E0,1.623268723E0,9.342175484E0
5.122046559E1,-1.180341482E0,1.824381709E0,8.243236542E0
5.124045461E1,-9.648633003E-1,1.795651317E0,7.649474621E0
5.126044362E1,-1.005564690E0,1.788468719E0,7.422025204E0
5.128043263E1,-1.077390790E0,1.989581585E0,7.012616634E0
5.130042165E1,-1.015141487E0,2.121262789E0,7.115567684E0
5.132041066E1,-3.543418646E-1,1.920149803E0,7.750030994E0
5.134043019E1,-7.278373241E-1,1.678335428E0,8.420407295E0
5.136041921E1,-1.678335428E0,1.905784607E0,8.197746277E0
5.138043874E1,-1.812410712E0,2.042253971E0,7.481880188E0
5.140045827E1,-1.381454349E0,1.965639591E0,7.508216381E0
5.142047780E1,-1.132457376E0,1.726219416E0,8.398859978E0
5.144049733E1,-1.225831270E0,1.388636947E0,9.076418877E0
5.146048634E1,-1.144428372E0,1.376665950E0,8.856152534E0
5.148047536E1,-9.696516991E-1,1.575384736E0,8.018181801E0
5.150046437E1,-1.165976286E0,1.678335428E0,7.182605267E0
5.152045338E1,-9.600749016E-1,1.702277422E0,6.902483463E0
5.154044240E1,-1.031900883E0,1.680729628E0,7.419631004E0
5.156046193E1,-7.709329724E-1,1.584961534E0,7.891288757E0
5.158045094E1,-8.283938169E-1,1.630451322E0,7.843404770E0
5.160043996E1,-1.015141487E0,1.666364431E0,7.972691536E0
5.162045949E1,-7.757213712E-1,1.723825216E0,7.963114738E0
5.164047902E1,-4.788403213E-2,1.745373011E0,8.954314232E0
5.166046803E1,-9.097966552E-2,2.123656988E0,1.022084713E1
5.168048757E1,-8.738836050E-1,2.767697096E0,1.079066753E1
5.170047658E1,-8.068459630E-1,2.715024710E0,1.018493366E1
5.172046559E1,-4.429273009E-1,2.255337954E0,1.114979744E1
5.174045461E1,-1.867477298E-1,2.176329374E0,1.352005672E1
5.176044362E1,-5.889736414E-1,2.032677174E0,1.348653793E1
5.178046315E1,-9.145850539E-1,1.613691926E0,1.265096188E1
5.180045216E1,-8.619125932E-2,1.663970232E0,1.388636971E1
5.182044118E1,9.672574997E-1,1.596932530E0,1.390552330E1
5.184046071E1,1.302445769E0,1.520318031E0,1.252167511E1
5.186044972E1,1.288080573E0,1.412579060E0,1.126711273E1
5.188046925E1,7.230489254E-1,1.438915253E0,9.971850395E0
5.190045827E1,6.727706790E-1,1.522712231E0,8.762778282E0
5.192047780E1,5.985504389E-1,1.517923832E0,7.766790390E0
5.194046681E1,-2.154781483E-2,1.551442742E0,7.156269073E0
5.196045583E1,-1.795651317E-1,1.589749932E0,6.617573261E0
5.198044484E1,1.675941236E-2,1.599326730E0,6.876147270E0
5.200043385E1,2.370259613E-1,1.620874524E0,7.785943985E0
5.202045338E1,-1.675941199E-1,1.900996208E0,7.568071365E0
5.204047292E1,-7.757213712E-1,2.181117773E0,6.854599476E0
5.206046193E1,-6.272808313E-1,2.329558372E0,5.884947777E0
5.208045094E1,-1.963245422E-1,2.200271368E0,6.083666325E0
5.210043996E1,-1.987187415E-1,1.869871497E0,7.302315235E0
5.212042897E1,-7.230489254E-1,1.599326730E0,8.580819130E0
5.214041799E1,-9.744400978E-1,1.369483352E0,8.825027466E0
5.216040700E1,-3.471592367E-1,1.271321058E0,7.558494568E0
5.218039601E1,2.154781483E-2,1.154005170E0,7.086836815E0
5.220035451E1,-9.576806426E-2,1.376665950E0,6.667851925E0
5.222037404E1,2.394201607E-2,1.355118155E0,6.603208065E0
5.224036305E1,6.224924326E-2,1.448492050E0,6.493074894E0
5.226035207E1,-2.322375625E-1,1.414973259E0,7.632715225E0
5.228037160E1,8.379705995E-2,1.695094824E0,9.955090523E0
5.230036061E1,1.915361360E-2,2.537853718E0,1.195185471E1
5.232034963E1,-5.410895944E-1,2.992752075E0,1.187763500E1
5.234033864E1,-1.872265697E0,3.129221678E0,1.080742645E1
5.236035817E1,-2.901772499E0,2.312798738E0,1.199255657E1
5.238034718E1,-3.124433279E0,1.106121182E0,1.755668068E1
5.240033620E1,-1.941697598E0,5.913678408E-1,2.001791954E1
5.242032521E1,-1.750161409E0,9.624691010E-1,1.705868721E1
5.244031423E1,-1.927332401E0,1.946485996E0,1.278264332E1
5.246030324E1,-2.343923569E0,2.319981337E0,1.086009884E1
5.248032277E1,-1.788468719E0,2.353500366E0,1.093192482E1
5.250031178E1,-1.137245774E0,2.157175779E0,1.070926380E1
5.252030080E1,-8.547300100E-1,2.142810583E0,9.251194954E0
5.254028981E1,-1.063025594E0,2.178723574E0,7.316680431E0
5.256027882E1,-1.146822572E0,1.977610588E0,5.990292549E0
5.258029836E1,-1.869871497E0,2.085349798E0,6.186617374E0
5.260028737E1,-1.719036818E0,2.092532396E0,6.507440090E0
5.262027638E1,-1.314416766E0,2.164358377E0,7.101202011E0
5.264029591E1,-1.118092179E0,2.073378563E0,6.983886242E0
5.266031545E1,-1.266532660E0,2.106897593E0,6.842628479E0
5.268033498E1,-1.474828243E0,2.027888775E0,7.096413612E0
5.270032399E1,-1.074996591E0,1.838746905E0,7.845798969E0
5.272031300E1,-1.118092179E0,1.699883223E0,8.650250435E0
5.274030202E1,-1.268926859E0,1.697489023E0,8.813055992E0
5.276026051E1,-1.563413739E0,1.553836942E0,8.614337921E0
5.278024953E1,-1.467645645E0,1.613691926E0,8.104372978E0
5.280026906E1,-1.707065821E0,1.735796213E0,7.395689011E0
5.282022756E1,-1.271321058E0,1.838746905E0,7.352593422E0
5.284021657E1,-8.212111592E-1,1.896207690E0,7.924807549E0
5.286023610E1,-1.096544385E0,2.073378563E0,7.510610580E0
5.288022511E1,-1.707065821E0,2.173935175E0,6.749254704E0
5.290018361E1,-1.441309452E0,2.209848166E0,6.833051682E0
5.292020314E1,-6.727706790E-1,2.027888775E0,9.004592896E0
5.294019216E1,-8.092401624E-1,1.977610588E0,1.068053341E1
5.296018117E1,-1.077390790E0,2.159569979E0,1.099417400E1
5.298020070E1,-1.369483352E0,2.913743496E0,9.624691010E0
5.300022023E1,-8.643068075E-1,3.612850428E0,8.037335396E0
5.302023976E1,2.106897533E-1,3.438073635E0,9.093177795E0
5.304025929E1,5.339069963E-1,2.245761156E0,1.320881081E1
5.306024831E1,3.327940404E-1,6.368576288E-1,1.829888344E1
5.308020680E1,8.978256583E-1,6.895300746E-1,1.693418884E1
5.310022633E1,-1.149216816E-1,1.221042871E-1,1.325430107E1
5.312021535E1,-1.422155857E0,5.889736414E-1,1.087446404E1
5.314023488E1,-6.392518282E-1,1.599326730E0,9.514557838E0
5.316025441E1,4.285621047E-1,9.624691010E-1,1.004128170E1
5.318024342E1,9.552865028E-1,6.272808313E-1,1.204283428E1
5.320023244E1,6.655880809E-1,3.926490843E-1,1.249055004E1
5.322022145E1,3.232172430E-1,5.315127969E-1,1.053448772E1
5.324021047E1,3.351882473E-2,8.690952063E-1,8.504204750E0
5.326023000E1,-4.812345505E-1,1.309628367E0,7.479485989E0
5.328024953E1,-6.919242740E-1,1.484405041E0,7.026981831E0
5.330023854E1,-9.720458984E-1,1.771709204E0,7.225700855E0
5.332019704E1,-7.924807668E-1,1.714248419E0,7.682993412E0
5.334021657E1,-8.068459630E-1,1.774103403E0,7.697358608E0
5.336023610E1,-1.079784989E0,1.915361404E0,7.484274387E0
5.338022511E1,-1.094150186E0,2.133233786E0,7.824251175E0
5.340021413E1,-3.447650373E-1,1.805228114E0,8.872911453E0
5.342020314E1,-2.274491638E-1,1.632845521E0,9.938331604E0
5.344019216E1,-2.466027737E-1,1.630451322E0,9.701305389E0
5.346021169E1,-4.548983276E-2,1.553836942E0,9.236829758E0
5.348023122E1,4.189853072E-1,1.601720929E0,9.006986618E0
5.350018971E1,4.453215301E-1,1.668758631E0,8.892065048E0
5.352020924E1,4.477157295E-1,1.651999116E0,8.892065048E0
5.354019826E1,4.453215301E-1,1.721431017E0,8.856152534E0
5.356018727E1,3.974374831E-1,1.829170108E0,8.511386871E0
5.358017629E1,5.626373887E-1,1.838746905E0,8.178592682E0
5.360016530E1,4.836287498E-1,1.441309452E0,8.880094528E0
5.362015431E1,6.464344859E-1,1.582567334E0,9.217676163E0
5.364014333E1,2.801215947E-1,1.735796213E0,9.023746490E0
5.366013234E1,3.591302410E-2,1.905784607E0,7.915230751E0
5.368009084E1,-1.532289088E-1,2.023100376E0,7.527369976E0
5.370011037E1,-1.149216816E-1,2.109291792E0,7.704541206E0
5.372012990E1,-2.466027737E-1,2.217030764E0,7.747636795E0
5.374014943E1,-4.644751251E-1,2.252943754E0,7.309497833E0
5.376016896E1,-5.817909837E-1,2.226607561E0,7.058106422E0
5.378015798E1,-6.536170840E-1,2.138022184E0,7.182605267E0
5.380014699E1,-6.392518282E-1,2.025494576E0,7.857769966E0
5.382013600E1,-4.285621047E-1,1.944091797E0,8.858546257E0
5.384012502E1,-4.908113480E-1,2.075772762E0,1.010113716E1
5.386011403E1,-6.129156351E-1,2.300827742E0,1.054645824E1
5.388010304E1,-9.935936928E-1,1.987187386E0,1.007240677E1
5.390009206E1,-1.817199111E0,1.400607944E0,1.036689377E1
5.392008107E1,-2.983175278E0,7.230489254E-1,1.293587208E1
5.394007008E1,-2.899378300E0,5.554547906E-1,1.574427032E1
5.396005910E1,-2.166752577E0,8.307880163E-1,1.415930843E1
5.398007863E1,-2.006340981E0,1.070208192E0,1.171482849E1
5.400009816E1,-2.817975283E0,1.223437071E0,1.044111347E1
5.402008717E1,-3.648763418E0,9.528923035E-1,1.154962921E1
5.404007619E1,-2.985569477E0,7.015010715E-1,1.252406883E1
5.406009572E1,-2.128445387E0,6.416460276E-1,1.167173290E1
5.408011525E1,-1.740584612E0,1.094150186E0,1.026154804E1
5.410010426E1,-1.371877551E0,1.474828243E0,9.193734169E0
5.412009328E1,-1.711854219E0,1.534683347E0,8.291120529E0
5.414008229E1,-2.724601507E0,1.886630893E0,7.975085735E0
5.416007130E1,-2.983175278E0,2.094926596E0,7.685387611E0
5.418009084E1,-2.068590164E0,1.869871497E0,7.637503624E0
5.420007985E1,-1.376665950E0,1.558625340E0,7.589619160E0
5.422003835E1,-1.271321058E0,1.268926859E0,7.910442352E0
5.424005788E1,-1.790862918E0,1.194706678E0,7.905653954E0
5.426004689E1,-1.956062794E0,1.357512355E0,9.124302864E0
5.428003591E1,-1.417367458E0,1.340752959E0,9.411606789E0
5.430005544E1,-1.209071875E0,1.417367458E0,9.045293808E0
5.432004445E1,-1.453280449E0,1.455674648E0,9.033323288E0
5.434003346E1,-1.558625340E0,1.644816518E0,8.628703117E0
5.435999196E1,-1.309628367E0,1.812410712E0,8.159439087E0
5.438001149E1,-7.541735172E-1,1.855506301E0,8.331821442E0
5.440003102E1,-7.541735172E-1,1.707065821E0,8.655038834E0
5.442002004E1,-1.405396342E0,1.520318031E0,8.846575737E0
5.443997853E1,-1.580173135E0,1.347935557E0,9.054870605E0
5.445999806E1,-1.072602391E0,1.728613615E0,8.358158112E0
5.448001759E1,-6.536170840E-1,1.884236693E0,7.513004780E0
5.450000661E1,-8.164227605E-1,1.836352706E0,7.642292023E0
5.451999562E1,-1.347935557E0,1.855506301E0,8.726864815E0
5.453998464E1,-1.194706678E0,1.728613615E0,9.493009567E0
5.455997365E1,-8.212111592E-1,1.798045516E0,9.289502144E0
5.457999318E1,-3.184288144E-1,2.178723574E0,8.396465302E0
5.460001271E1,-1.963245422E-1,2.169146776E0,7.920019150E0
5.462000173E1,-4.429273009E-1,2.037465572E0,8.643068314E0
5.463999074E1,-2.609679997E-1,1.793257117E0,1.014423275E1
5.466001027E1,2.059013397E-1,1.537077546E0,1.101811600E1
5.467996877E1,1.915361285E-1,1.707065821E0,1.093431950E1
5.469995778E1,-3.950432837E-1,2.087743998E0,9.967061996E0
5.471997731E1,-4.596867263E-1,2.530671120E0,9.593565941E0
5.473996632E1,1.197100803E-2,2.703053713E0,9.773131371E0
5.475995534E1,6.344634295E-1,1.905784607E0,1.086488724E1
5.477991383E1,7.374141216E-1,1.446097851E0,1.259110641E1
5.479993337E1,3.256114423E-1,1.321599364E0,1.307712936E1
5.481992238E1,4.237737060E-1,1.225831270E0,1.192551899E1
5.483991139E1,5.386953950E-1,1.304839969E0,1.057997704E1
5.485990041E1,6.440402865E-1,1.300051570E0,1.006761837E1
5.487988942E1,6.727706790E-1,1.508347034E0,9.751583099E0
5.489987843E1,5.961562395E-1,1.764526606E0,9.263166428E0
5.491983693E1,4.357447028E-1,1.855506301E0,8.566453934E0
5.493985646E1,5.506663918E-1,1.850717902E0,8.200140953E0
5.495987599E1,1.027112484E0,1.707065821E0,8.810662270E0
5.497986501E1,1.151610970E0,1.503558636E0,1.045069027E1
5.499985402E1,1.187524080E0,1.620874524E0,1.039562416E1
5.501984303E1,1.077390790E0,1.802833915E0,9.016563416E0
5.503983205E1,7.829039693E-1,1.927332401E0,8.142680168E0
5.505979054E1,6.727706790E-1,1.958456993E0,8.195352554E0
5.507981007E1,7.230489254E-1,1.759738207E0,9.244012833E0
5.509976857E1,6.895300746E-1,1.668758631E0,9.622296333E0
5.511978810E1,5.219359994E-1,1.757344007E0,9.150638580E0
5.513977712E1,2.681505978E-1,1.922544003E0,8.884882927E0
5.515976613E1,1.628057212E-1,2.135627985E0,8.645462036E0
5.517978566E1,4.141969085E-1,2.152387381E0,8.904036522E0
5.519980519E1,5.554547906E-1,2.106897593E0,9.251194954E0
5.521979421E1,1.891419291E-1,2.231395960E0,9.062053680E0
5.523978322E1,7.661445439E-2,2.334346771E0,8.568847656E0
5.525980275E1,1.532289088E-1,2.286462545E0,8.542511940E0
5.527979176E1,4.477157295E-1,2.082955360E0,9.251194954E0
5.529975026E1,4.716577232E-1,1.908178806E0,9.677363396E0
5.531976979E1,4.070142806E-1,1.896207690E0,9.469067574E0
5.533975881E1,2.178723514E-1,1.970427990E0,8.707711220E0
5.535974782E1,-4.309562966E-2,2.099714994E0,7.960720539E0
5.537976735E1,9.576806799E-3,2.142810583E0,7.481880188E0
5.539972585E1,1.029506698E-1,2.188300371E0,7.431602001E0
5.541974538E1,7.422025502E-2,2.312798738E0,7.460332394E0
5.543976491E1,-1.125274822E-1,2.425326347E0,7.254431248E0
5.545975392E1,-3.184288144E-1,2.564189911E0,6.986280441E0
5.547974294E1,-3.064578176E-1,2.554613113E0,6.854599476E0
5.549976247E1,-1.867477298E-1,2.343923569E0,7.369352818E0
5.551972096E1,-2.681505978E-1,2.171540976E0,7.790732384E0
5.553970998E1,-1.891419291E-1,2.205059767E0,7.754819393E0
5.555972951E1,-2.274491638E-1,2.243366957E0,7.838616371E0
5.557971852E1,-3.471592367E-1,2.245761156E0,8.214506149E0
5.559970754E1,-8.140285611E-1,2.221819162E0,8.951920509E0
5.561969655E1,-9.720458984E-1,2.782062292E0,9.296685219E0
5.563965505E1,-1.089361787E0,3.143586874E0,1.006282997E1
5.565964406E1,-1.632845521E0,2.123656988E0,1.188481712E1
5.567960256E1,-2.200271368E0,8.379706144E-1,1.498291397E1
5.569962209E1,-1.122880578E0,2.394201700E-3,1.735317421E1
5.571961110E1,-8.451532125E-1,7.422025502E-2,1.607706451E1
5.573960011E1,-1.446097851E0,8.092401624E-1,1.263899040E1
5.575958913E1,-1.865083098E0,1.623268723E0,9.198522568E0
5.577960866E1,-2.159569979E0,1.821987510E0,8.532935143E0
5.579962819E1,-2.152387381E0,1.503558636E0,9.911994934E0
5.581961720E1,-1.833958507E0,1.010353088E0,1.136288166E1
5.583957570E1,-1.601720929E0,1.043871999E0,1.108515358E1
5.585959523E1,-1.376665950E0,1.297657371E0,9.516951561E0
5.587955373E1,-1.520318031E0,1.403002143E0,8.353369713E0
5.589957326E1,-1.616086125E0,1.398213744E0,8.190564156E0
5.591959279E1,-1.601720929E0,1.429338455E0,8.063671112E0
5.593958180E1,-1.661576033E0,1.587355733E0,7.817068577E0
5.595957082E1,-1.642422318E0,1.505952835E0,7.752425194E0
5.597959035E1,-1.723825216E0,1.407790542E0,8.022970200E0
5.599957936E1,-2.018311977E0,1.434126854E0,8.030152321E0
5.601953786E1,-2.082955360E0,1.479616642E0,8.164227486E0
5.603955739E1,-2.317587137E0,1.398213744E0,8.614337921E0
5.605954640E1,-2.516305923E0,1.024718285E0,9.562441826E0
5.607953542E1,-2.899378300E0,7.972691655E-1,1.023760605E1
5.609955495E1,-2.992752075E0,4.860229492E-1,1.063983250E1
5.611957448E1,-2.784456491E0,4.285621047E-1,1.085531044E1
5.613956349E1,-2.612074137E0,4.979939461E-1,1.097502041E1
5.615955251E1,-2.317587137E0,6.153098345E-1,1.069011021E1
5.617954152E1,-2.159569979E0,7.757213712E-1,9.581595421E0
5.619953053E1,-2.130839586E0,8.930372596E-1,8.367734909E0
5.621948903E1,-1.953668594E0,1.055842996E0,8.051700592E0
5.623950856E1,-1.704671621E0,1.096544385E0,8.226476669E0
5.625949757E1,-1.501164436E0,1.209071875E0,8.195352554E0
5.627948659E1,-1.470039845E0,1.290474772E0,8.013393402E0
5.629950612E1,-1.199495077E0,1.347935557E0,8.087613106E0
5.631952565E1,-8.092401624E-1,1.271321058E0,8.449137688E0
5.633951466E1,-5.674257874E-1,1.462857246E0,8.532935143E0
5.635950368E1,-5.841852427E-1,1.879448295E0,7.477091789E0
5.637946217E1,-8.116343617E-1,1.987187386E0,6.888118267E0
5.639948171E1,-4.453215301E-1,1.810016513E0,6.959944248E0
5.641947072E1,-1.173158810E-1,1.570596337E0,8.094796181E0
5.643945973E1,5.027823523E-2,1.702277422E0,8.803479195E0
5.645941823E1,-8.858546615E-2,1.759738207E0,7.682993412E0
5.647940724E1,-7.829039693E-1,1.759738207E0,7.515398979E0
5.649939626E1,-1.074996591E0,1.352723956E0,9.382876396E0
5.651938527E1,-6.153098345E-1,1.302445769E0,1.119528675E1
5.653940480E1,-1.005564705E-1,1.223437071E0,1.101332760E1
5.655942433E1,4.788403213E-2,1.843535304E0,9.425971985E0
5.657941335E1,2.394201700E-3,2.777273893E0,8.774748802E0
5.659937184E1,-8.379706144E-1,3.201047659E0,8.848969460E0
5.661939137E1,-2.082955360E0,3.383007050E0,9.478644371E0
5.663941091E1,-1.027112484E0,1.577778935E0,1.143710136E1
5.665936940E1,-1.170764685E0,4.740519226E-1,1.589989376E1
5.667938893E1,2.106897533E-1,3.519476354E-1,1.698686028E1
5.669937795E1,2.126051188E0,2.202665508E-1,1.292629528E1
5.671936696E1,1.577778935E0,5.027823448E-1,9.722852707E0
5.673935597E1,6.224924326E-2,1.754949808E0,8.580819130E0
5.675934499E1,-1.795651317E-1,1.549048543E0,8.240841866E0
5.677933400E1,-9.337386489E-2,1.304839969E0,8.540117264E0
5.679932301E1,5.410895944E-1,1.426944256E0,8.894459724E0
5.681934255E1,1.266532660E0,1.304839969E0,7.661445618E0
5.683933156E1,4.572925270E-1,1.659181833E0,7.410054207E0
5.685932057E1,-1.580173075E-1,2.042253971E0,9.028534889E0
5.687930959E1,1.675941199E-1,2.013523579E0,1.006761837E1
5.689932912E1,2.585737705E-1,1.912967205E0,1.036210537E1
5.691934865E1,2.825157940E-1,1.865083098E0,9.670180321E0
5.693930715E1,8.619125932E-2,1.963245392E0,9.423578262E0
5.695932668E1,2.130839527E-1,1.833958507E0,9.955090523E0
5.697931569E1,4.118026793E-1,1.611297727E0,1.100375080E1
5.699930470E1,4.812345505E-1,1.568202138E0,1.132217979E1
5.701926320E1,1.651999205E-1,1.778891921E0,1.009634876E1
5.703928273E1,-1.412578970E-1,2.061407566E0,8.846575737E0
5.705924123E1,-1.819593310E-1,2.109291792E0,8.176198959E0
5.707926076E1,-5.506663769E-2,1.991975784E0,8.726864815E0
5.709921925E1,-1.795651317E-1,1.999158382E0,8.980650902E0
5.711917775E1,-4.405331016E-1,1.982398987E0,8.413225174E0
5.713919728E1,-5.985504389E-1,1.805228114E0,7.979874134E0
5.715921681E1,-6.224924326E-1,1.668758631E0,8.013393402E0
5.717917531E1,-2.849099934E-1,1.601720929E0,8.044517517E0
5.719919484E1,-1.675941199E-1,1.561019540E0,7.742848396E0
5.721918385E1,-3.232172430E-1,1.611297727E0,7.194576263E0
5.723917287E1,-4.836287498E-1,1.845929503E0,6.900089264E0
5.725916188E1,-4.764461517E-1,1.915361404E0,6.739677906E0
5.727915090E1,-4.309563041E-1,1.989581585E0,6.890512466E0
5.729913991E1,-5.746083856E-1,1.989581585E0,7.733271599E0
5.731912892E1,-5.793967843E-1,1.922544003E0,7.467514992E0
5.733911794E1,-6.272808313E-1,2.032677174E0,7.386112213E0
5.735907643E1,-5.793967843E-1,1.850717902E0,8.298302650E0
5.737909596E1,-4.141969085E-1,1.810016513E0,9.919178009E0
5.739911549E1,-6.584054828E-1,1.929726601E0,1.050096893E1
5.741910451E1,-1.347935557E0,2.480392933E0,1.057279491E1
5.743906300E1,-2.260126352E0,2.214636564E0,1.083855152E1
5.745908254E1,-3.215412855E0,1.134851575E0,1.216493893E1
5.747904103E1,-3.782838583E0,2.250549644E-1,1.469082165E1
5.749906056E1,-3.809175014E0,7.781155705E-1,1.438436413E1
5.751901906E1,-3.464409828E0,6.344634295E-1,1.199495029E1
5.753900807E1,-3.241749048E0,9.983820915E-1,1.054166985E1
5.755896657E1,-4.261679173E0,1.230619669E0,1.042195988E1
5.757898610E1,-4.089296341E0,1.077390790E0,1.114261436E1
5.759900563E1,-3.143586874E0,1.180341482E0,1.171961689E1
5.761899465E1,-2.442085743E0,1.529894829E0,1.044829655E1
5.763898366E1,-2.248155355E0,1.690306425E0,8.559270859E0
5.765897267E1,-2.504334927E0,1.884236693E0,7.469909191E0
5.767896169E1,-2.408566952E0,1.865083098E0,7.596801758E0
5.769898122E1,-2.379836559E0,1.817199111E0,7.963114738E0
5.771900075E1,-2.528276920E0,1.757344007E0,8.149862289E0
5.773898976E1,-2.715024710E0,1.656787634E0,7.764396191E0
5.775897878E1,-2.614468336E0,1.594538331E0,7.438784599E0
5.777896779E1,-2.662352324E0,1.484405041E0,7.783549786E0
5.779895680E1,-2.640804529E0,1.266532660E0,8.844181061E0
5.781894582E1,-2.683900118E0,1.173158884E0,9.414001465E0
5.783893483E1,-2.779668093E0,1.170764685E0,9.823410034E0
5.785895436E1,-2.755726099E0,1.276109457E0,9.677363396E0
5.787894338E1,-2.767697096E0,1.264138460E0,9.358934402E0
5.789899342E1,-2.734178305E0,1.156399369E0,9.366117477E0
5.791898244E1,-2.834734917E0,1.079784989E0,9.411606789E0
5.793900197E1,-2.822763920E0,9.720458984E-1,9.440337181E0
5.795899098E1,-2.667140722E0,9.241618514E-1,9.418789864E0
5.797898000E1,-2.387019157E0,9.792284966E-1,9.105149269E0
5.799896901E1,-2.229001760E0,1.089361787E0,8.647856712E0
5.801898854E1,-2.169146776E0,1.223437071E0,8.185775757E0
5.803894704E1,-2.018311977E0,1.486799240E0,8.042123795E0
5.805896657E1,-1.798045516E0,1.769315004E0,7.568071365E0
5.807898610E1,-1.503558636E0,1.838746905E0,7.328651428E0
5.809897511E1,-1.252167463E0,1.843535304E0,7.584830761E0
5.811893361E1,-9.600749016E-1,1.893813491E0,8.044517517E0
5.813895314E1,-9.864110947E-1,2.039859772E0,7.855375767E0
5.815897267E1,-9.911994934E-1,2.126051188E0,7.501033783E0
5.817896169E1,-6.895300746E-1,2.020706177E0,7.232883453E0
5.819895070E1,-5.865794420E-1,1.865083098E0,7.841010571E0
5.821893971E1,-8.116343617E-1,2.027888775E0,7.802703381E0
5.823892873E1,-7.565677166E-1,1.944091797E0,7.551311970E0
5.825891774E1,-7.445967197E-1,1.709460020E0,8.001421928E0
5.827890675E1,-4.070142806E-1,1.843535304E0,9.943120003E0
5.829889577E1,-6.847416759E-1,2.549824715E0,1.116895103E1
5.831888478E1,-1.012747288E0,3.059789658E0,1.125274754E1
5.833887380E1,-1.022324085E0,3.339911461E0,1.091995430E1
5.835886281E1,-1.881842494E0,2.652775526E0,1.067574501E1
5.837888234E1,-1.175553083E0,2.219424963E0,1.201171017E1
5.839890187E1,-9.361328483E-1,1.414973259E0,1.484405041E1
5.841889089E1,-2.968810201E-1,8.403648138E-1,1.510741234E1
5.843887990E1,-2.825157940E-1,1.211466074E0,1.330218506E1
5.845883840E1,-7.541735172E-1,2.025494576E0,1.193748951E1
5.847885793E1,-1.477222443E0,2.284068346E0,9.957485199E0
5.849884694E1,-1.805228114E0,2.372653961E0,9.004592896E0
5.851880544E1,-1.043871999E0,2.056619167E0,9.358934402E0
5.853882497E1,-2.849099934E-1,1.525106430E0,8.930372238E0
5.855881398E1,-1.125274822E-1,1.537077546E0,8.516175270E0
5.857877248E1,-2.202665508E-1,1.582567334E0,8.341399193E0
5.859879201E1,-1.843535304E-1,1.625662923E0,9.042900085E0
5.861878102E1,1.268926859E-1,1.711854219E0,9.071630478E0
5.863873952E1,4.884171486E-1,1.778891921E0,8.418013573E0
5.865875905E1,8.355764151E-1,1.833958507E0,8.090007782E0
5.867874806E1,5.506663918E-1,1.951274395E0,8.336610794E0
5.869873708E1,1.963245422E-1,2.142810583E0,8.418013573E0
5.871872609E1,-4.692635238E-1,2.403778553E0,8.719682693E0
5.873871510E1,-7.086837292E-1,2.693476915E0,9.485827446E0
5.875867360E1,-1.161187768E0,2.865859509E0,9.739612579E0
5.877869313E1,-1.458068848E0,2.995146275E0,1.023281765E1
5.879871266E1,-8.762778044E-1,2.918531895E0,8.987833023E0
5.881870168E1,-4.812345505E-1,2.856282711E0,8.853757858E0
5.883869069E1,-2.657563984E-1,2.889801502E0,8.516175270E0
5.885867970E1,-2.394201700E-3,2.729389906E0,8.748413086E0
5.887866872E1,-5.195417404E-1,2.652775526E0,9.361329079E0
5.889868825E1,-1.113303781E0,2.987963676E0,8.702922821E0
5.891870778E1,-1.213860273E0,2.858676910E0,8.762778282E0
5.893869679E1,-9.792284966E-1,2.920926094E0,9.090784073E0
5.895868581E1,-6.033388376E-1,2.987963676E0,8.339004517E0
5.897867482E1,-1.098938584E0,3.057395458E0,8.145073891E0
5.899866383E1,-1.369483352E0,3.172317266E0,8.779537201E0
5.901868337E1,-1.223437071E0,2.973598480E0,9.662998199E0
5.903870290E1,-1.072602391E0,2.827552319E0,9.488221169E0
5.905869191E1,-9.888052940E-1,3.002328873E0,8.473079681E0
5.907868092E1,-1.204283476E0,3.186682463E0,7.852981567E0
5.909866994E1,-1.462857246E0,3.251325846E0,7.527369976E0
5.911865895E1,-1.692700624E0,3.205836058E0,7.814674377E0
5.913867848E1,-1.503558636E0,3.069366693E0,8.348581314E0
5.915869801E1,-1.333570361E0,3.014299870E0,8.497021675E0
5.917871755E1,-1.017535686E0,3.181894064E0,7.611167431E0
5.919873708E1,-1.053448796E0,3.181894064E0,6.564900875E0
5.921869557E1,-1.678335428E0,3.069366693E0,6.955155849E0
5.923871510E1,-1.582567334E0,3.141192675E0,8.568847656E0
5.925870412E1,-9.026140571E-1,2.985569477E0,8.894459724E0
5.927869313E1,-1.812410712E0,3.754108191E0,4.663905144E0
5.929871266E1,-1.446097851E0,2.966415882E0,9.186552048E0
5.931873219E1,-1.414973259E0,2.856282711E0,1.162863731E1
5.933872121E1,-1.702277422E0,3.093308687E0,1.047942066E1
5.935871022E1,-2.284068346E0,4.003105164E0,8.951920509E0
5.937869924E1,-1.216254473E0,4.946420670E0,6.818686485E0
5.940829574E1,3.828328609E0,4.237737179E0,6.715735912E0
5.942831527E1,3.078943491E0,4.201824188E0,9.234436035E0
5.944830428E1,3.299209833E0,4.398148537E0,9.694122314E0
5.946826278E1,4.515464306E0,3.873818398E0,8.087613106E0
5.948828231E1,4.378994942E0,3.402160645E0,8.078036308E0
5.950830184E1,2.954444885E0,3.315969467E0,7.967903137E0
5.952829085E1,1.738190413E0,3.816357613E0,8.690952301E0
5.954827987E1,2.626439333E0,3.960009575E0,7.608773232E0
5.956826888E1,3.236960649E0,3.730166197E0,7.939172745E0
5.958825789E1,2.540247917E0,3.344699860E0,9.255983353E0
5.960821639E1,1.874659896E0,3.452438831E0,8.944737434E0
5.962823592E1,1.235408068E0,3.778050184E0,7.802703381E0
5.964822494E1,2.138022184E0,4.323928356E0,6.773196697E0
5.966818343E1,2.724601507E0,4.424484730E0,6.715735912E0
5.968820296E1,2.911349297E0,4.163516521E0,8.305485725E0
5.970822249E1,1.003170490E0,3.648763418E0,8.429984093E0
5.972821151E1,5.578489900E-1,3.268085241E0,7.125144482E0
5.974820052E1,8.595184088E-1,3.457227230E0,5.640739441E0
5.976822005E1,6.129156351E-1,3.299209833E0,5.307945251E0
5.978823958E1,-1.364694983E-1,3.007117271E0,6.761225700E0
5.980822860E1,-8.978256583E-1,2.190694571E0,8.453926086E0
5.982821761E1,-1.029506683E0,1.980004787E0,7.280767441E0
5.984820662E1,-3.782838583E-1,2.803610086E0,6.402095318E0
5.986819564E1,-1.690306425E0,2.726995707E0,6.852205276E0
5.988818465E1,-8.092401624E-1,2.418143749E0,5.631162167E0
5.990814315E1,1.628057212E-1,2.439691544E0,5.590460777E0
5.992813216E1,-6.033388376E-1,2.080561161E0,8.106766701E0
5.994809066E1,-1.292868853E-1,2.724601507E0,9.440337181E0
5.996804915E1,3.926490843E-1,4.587290287E0,8.588001251E0
5.998800765E1,-8.786720037E-1,4.793191910E0,1.037886429E1
6.000802718E1,-4.764461517E-1,4.041412354E0,1.337640476E1
6.002804671E1,-4.477157295E-1,3.493140221E0,1.497573185E1
6.004803573E1,-1.259350061E0,4.031835556E0,1.346977901E1
6.006802474E1,-2.535459518E0,3.658340216E0,1.178426075E1
6.008801375E1,-3.172317266E0,3.648763418E0,1.190636539E1
6.010797225E1,-2.413355350E0,3.600879431E0,1.276109505E1
6.012799178E1,-1.762132406E0,3.830722809E0,1.280658531E1
6.014798079E1,-8.738836050E-1,3.734954596E0,1.138921738E1
6.016796981E1,-5.219359994E-1,3.347094059E0,9.615114212E0
6.018798934E1,-7.302315235E-1,3.069366693E0,8.147468567E0
6.020797835E1,-8.068459630E-1,3.162740469E0,8.099584579E0
6.022796737E1,2.154781483E-2,3.134010077E0,7.769184589E0
6.024795638E1,1.060631394E0,2.947262287E0,7.620744228E0
6.026791488E1,3.136404157E-1,2.614468336E0,6.902483463E0
6.028790389E1,-2.298433632E-1,2.604891539E0,5.760449409E0
6.030789290E1,-3.591302633E-1,3.043030262E0,4.714183331E0
6.032788192E1,-5.985504389E-1,3.280056238E0,4.441244125E0
6.034787093E1,-4.932055473E-1,3.354276657E0,5.030217648E0
6.036789046E1,1.675941199E-1,3.174711466E0,5.901707172E0
6.038790999E1,1.675941199E-1,3.229778051E0,6.435614109E0
6.040789901E1,-2.154781483E-2,3.430891037E0,6.445190907E0
6.042785750E1,-3.567360640E-1,3.296815634E0,7.019799232E0
6.044787704E1,-4.740519226E-1,3.026270866E0,7.965508938E0
6.046786605E1,-3.734954596E-1,2.640804529E0,8.896853447E0
6.048785506E1,4.836287498E-1,2.920926094E0,9.179368973E0
6.050787459E1,-1.843535304E-1,2.755726099E0,9.737217903E0
6.052789412E1,-8.212111592E-1,3.275267839E0,1.016817474E1
6.054791366E1,-1.031900883E0,3.586514235E0,1.080263805E1
6.056787215E1,-8.427590132E-1,3.792415380E0,1.202128696E1
6.058789168E1,-8.954314590E-1,4.019864559E0,1.265096188E1
6.060788070E1,-7.278373241E-1,3.241749048E0,1.292868900E1
6.062786971E1,-2.992752194E-1,2.779668093E0,1.409945393E1
6.064785872E1,-2.825157940E-1,2.643198729E0,1.534683323E1
6.066781722E1,4.692635238E-1,2.537853718E0,1.505713463E1
6.068780623E1,5.865794420E-1,2.470816135E0,1.229662037E1
6.070782577E1,6.536170840E-1,2.880224705E0,9.873687744E0
6.072781478E1,6.895300746E-1,2.851494312E0,8.949525833E0
6.074780379E1,4.548983276E-1,2.446874142E0,8.856152534E0
6.076779281E1,4.932055473E-1,2.545036316E0,8.063671112E0
6.078778182E1,3.974374831E-1,2.549824715E0,7.838616371E0
6.080777083E1,3.591302633E-1,2.305616140E0,7.223306656E0
6.082775985E1,5.339069963E-1,2.461239338E0,6.287173748E0
6.084774886E1,5.578489900E-1,2.437297344E0,5.197812080E0
6.086773788E1,1.340752989E-1,2.518700123E0,5.279214859E0
6.088772689E1,7.182605099E-3,2.403778553E0,5.951985359E0
6.090771590E1,2.106897533E-1,2.252943754E0,6.433219910E0
6.092770492E1,3.854664862E-1,2.209848166E0,5.904101372E0
6.094769393E1,3.064578176E-1,2.264914751E0,4.896142483E0
6.096768294E1,6.703764945E-2,2.312798738E0,4.644751072E0
6.098767196E1,4.788403399E-3,2.564189911E0,5.707777023E0
6.100766097E1,-5.003881454E-1,2.063801765E0,7.232883453E0
6.102768050E1,-2.944868207E-1,1.886630893E0,7.826645374E0
6.104766952E1,3.711012602E-1,1.836352706E0,8.111555099E0
6.106765853E1,2.633621991E-1,2.250549555E0,9.366117477E0
6.108767806E1,1.197100878E-1,3.433285236E0,1.188960552E1
6.110769759E1,-3.351882398E-1,3.993528366E0,1.294784260E1
6.112768661E1,-3.806780577E-1,4.175487995E0,1.354878712E1
6.114767562E1,-1.628057212E-1,3.890577793E0,1.357272911E1
6.116766463E1,-2.154781483E-2,4.481945515E0,1.394383049E1
6.118765365E1,-1.125274777E0,3.964797974E0,1.345301914E1
6.120764266E1,-9.600749016E-1,3.402160645E0,1.431014347E1
6.122763167E1,-5.243301988E-1,3.476380825E0,1.497333717E1
6.124762069E1,-7.086837292E-1,3.569754839E0,1.403241634E1
6.126760970E1,-5.171475410E-1,3.538630009E0,1.064462090E1
6.128759871E1,-5.123591423E-1,3.397372246E0,8.523358345E0
6.130761825E1,-3.854664862E-1,3.045424461E0,8.149862289E0
6.132760726E1,-6.703764945E-2,2.693476915E0,8.315062523E0
6.134756576E1,2.968810201E-1,2.561795712E0,7.326257229E0
6.136755477E1,-4.788403213E-2,2.430114746E0,6.074089527E0
6.138757430E1,-3.471592367E-1,2.128445387E0,4.876988888E0
6.140753280E1,-5.386953950E-1,1.798045516E0,4.405331135E0
6.142755233E1,-5.985504389E-2,2.418143749E0,4.831499100E0
6.144754134E1,2.154781520E-1,2.466027737E0,4.881777287E0
6.146753036E1,1.580173075E-1,2.135627985E0,4.718971729E0
6.148751937E1,5.027823523E-2,2.217030764E0,4.079719543E0
6.150753890E1,1.886630893E0,2.422932148E0,6.311115742E0
6.152752791E1,-4.141969085E-1,3.411737442E0,4.352658749E0
6.154751693E1,-1.091755986E0,2.798821688E0,6.509834290E0
6.156750594E1,-1.347935557E0,2.109291792E0,8.056488991E0
6.158746444E1,-1.683123827E0,2.432508945E0,1.083376312E1
6.160748397E1,-1.055842996E0,2.990357876E0,1.189439392E1
6.162747298E1,-9.217676520E-1,3.490746021E0,1.182496262E1
6.164746200E1,-1.733402014E0,4.113238335E0,1.160230160E1
6.166745101E1,-1.939303398E0,4.484339714E0,1.206917095E1
6.168747054E1,-1.723825216E0,3.902548790E0,1.301248646E1
6.170749007E1,-9.409212470E-1,2.937685490E0,1.493024158E1
6.172744857E1,-3.591302410E-2,2.703053713E0,1.617761993E1
6.174746810E1,2.968810201E-1,2.513911724E0,1.501403904E1
6.176745711E1,-2.537853718E-1,2.944868088E0,1.247139645E1
6.178741561E1,-1.079784989E0,3.282450438E0,1.064701462E1
6.180743514E1,-1.345541358E0,2.908955097E0,9.773131371E0
6.182742415E1,-9.097966552E-1,2.293645144E0,9.076418877E0
6.184741317E1,-7.493851185E-1,2.047042370E0,7.862558365E0
6.186743270E1,-8.499416113E-1,2.047042370E0,6.131550789E0
6.188742171E1,-7.062895298E-1,2.059013367E0,4.412513733E0
6.190741073E1,-1.185129881E0,1.752555609E0,4.572925091E0
6.192739974E1,2.394201607E-2,2.171540976E0,5.731719017E0
6.194738875E1,-2.154781483E-2,2.085349798E0,6.763619900E0
6.196737777E1,-3.711012602E-1,2.118868589E0,6.126761913E0
6.198736678E1,-5.482721925E-1,2.092532396E0,4.424484730E0
6.200735579E1,-5.243301988E-1,2.042253971E0,4.211400986E0
6.202734481E1,-8.379705995E-2,2.236184359E0,5.896918774E0
6.204733382E1,-3.806780577E-1,2.178723574E0,6.962338448E0
6.206729232E1,-7.374141216E-1,1.771709204E0,6.648698330E0
6.208728133E1,-1.364694953E0,1.984793186E0,8.128314972E0
6.210730086E1,-1.594538331E0,2.475604534E0,1.038365269E1
6.212728988E1,-1.431732655E0,2.849100113E0,1.251449203E1
6.214727889E1,-1.596932530E0,2.612074137E0,1.519839191E1
6.216726790E1,-2.248155355E0,3.167528868E0,1.505473995E1
6.218722640E1,-3.359065056E0,3.349488258E0,1.357751751E1
6.220721541E1,-2.712630510E0,2.501940727E0,1.426704788E1
6.222723495E1,-2.401384354E0,2.466027737E0,1.615607262E1
6.224722396E1,-2.501940727E0,2.535459518E0,1.624705315E1
6.226721297E1,-1.934514999E0,2.542642117E0,1.357751751E1
6.228723250E1,-1.944091797E0,2.291250944E0,1.117613316E1
6.230725204E1,-1.853112102E0,1.980004787E0,1.043632507E1
6.232724105E1,-1.422155857E0,1.881842494E0,1.047702694E1
6.234719954E1,-9.265560508E-1,1.843535304E0,9.507374763E0
6.236721908E1,-4.620809257E-1,1.702277422E0,7.086836815E0
6.238720809E1,-4.094084799E-1,1.663970232E0,5.164293289E0
6.240722762E1,-2.394201756E-1,1.613691926E0,3.974374771E0
6.242724715E1,2.442085743E-1,1.659181833E0,4.304774761E0
6.244723617E1,4.285621047E-1,2.015917778E0,5.442020416E0
6.246722518E1,-8.379705995E-2,2.037465572E0,5.765237808E0
6.248721419E1,-1.508347094E-1,2.262520552E0,5.664681435E0
6.250720321E1,-3.351882473E-2,2.367865562E0,5.655104637E0
6.252719222E1,4.812345505E-1,2.772485495E0,6.193799973E0
6.254715072E1,-4.788403399E-3,2.712630510E0,7.187393665E0
6.256713973E1,-5.386953950E-1,2.382230759E0,7.735665798E0
6.258715926E1,-2.082955539E-1,2.506729126E0,9.038111687E0
6.260714828E1,2.394201607E-2,2.391807556E0,1.101093388E1
6.262710677E1,-3.782838583E-1,2.123656988E0,1.142513084E1
6.264712630E1,-6.248866320E-1,2.449268341E0,1.233971596E1
6.266711532E1,-8.667010069E-1,2.779668093E0,1.257434750E1
6.268710433E1,-1.019929886E0,3.258508444E0,1.241872406E1
6.270709334E1,-1.400607944E0,2.695871115E0,1.289277649E1
6.272708236E1,-1.379060149E0,2.128445387E0,1.297417927E1
6.274707137E1,-1.537077546E0,1.833958507E0,1.362540150E1
6.276706038E1,-2.049436569E0,1.762132406E0,1.305558205E1
6.278707992E1,-1.867477298E0,2.238578558E0,1.144907284E1
6.280706893E1,-1.527500629E0,2.513911724E0,9.744400978E0
6.282702743E1,-8.212111592E-1,2.806004286E0,8.626308441E0
6.284704696E1,-4.189853072E-1,2.774879694E0,8.446743965E0
6.286703597E1,-2.657563984E-1,2.219424963E0,8.834604263E0
6.288705550E1,-4.788403399E-3,1.709460020E0,8.916007042E0
6.290704452E1,7.876923680E-1,2.003946781E0,8.954314232E0
6.292703353E1,7.302315235E-1,2.051830769E0,7.723694801E0
6.294702254E1,4.213795066E-1,1.675941229E0,6.823474884E0
6.296701156E1,7.110779285E-1,2.032677174E0,6.500257492E0
6.298700057E1,7.015010715E-1,2.487575531E0,6.387730122E0
6.300698958E1,1.604115069E-1,2.542642117E0,6.842628479E0
6.302697860E1,-2.202665508E-1,2.308010340E0,6.600813866E0
6.304696761E1,-6.081272364E-1,2.245761156E0,5.245696068E0
6.306695662E1,-3.040636182E-1,2.571372509E0,4.235342979E0
6.308694564E1,-5.027823448E-1,2.070984364E0,4.733336926E0
6.310696517E1,-1.747767180E-1,2.173935175E0,6.512228489E0
6.312695418E1,-1.723825186E-1,2.300827742E0,7.843404770E0
6.314694320E1,-1.244984865E-1,2.106897593E0,8.825027466E0
6.316693221E1,1.460463107E-1,1.819593310E0,9.528923035E0
6.318689071E1,-3.088520169E-1,1.817199111E0,9.411606789E0
6.320691024E1,-8.331822157E-1,3.100491285E0,1.027830791E1
6.322689925E1,4.860229492E-1,4.953603268E0,1.237802315E1
6.324691878E1,2.011129409E-1,5.142745018E0,1.430774975E1
6.326693831E1,-2.403778553E0,3.359065056E0,1.562456036E1
6.328692733E1,-1.132457376E0,3.514688015E0,1.544020653E1
6.330688582E1,-1.192312479E0,3.521870613E0,1.488235760E1
6.332690536E1,-1.525106430E0,3.488351822E0,1.436281586E1
6.334689437E1,-1.429338455E0,3.871424198E0,1.301727486E1
6.336688338E1,-1.233013868E0,4.000710964E0,1.092474270E1
6.338690291E1,-1.249773264E0,3.703830004E0,9.186552048E0
6.340689193E1,-1.228225470E0,3.258508444E0,9.006986618E0
6.342685042E1,-3.687070608E-1,3.110068083E0,9.533711433E0
6.344686996E1,-2.394201700E-3,2.705447912E0,9.085995674E0
6.346685897E1,-2.394201700E-3,2.415749550E0,7.886500359E0
6.348684798E1,-1.843535304E-1,2.250549555E0,6.124367714E0
6.350686751E1,-1.364694983E-1,2.248155355E0,4.788403511E0
6.352685653E1,2.226607651E-1,2.398990154E0,4.362235546E0
6.354687606E1,3.998316824E-1,2.638410330E0,4.642356873E0
6.356686507E1,2.705447972E-1,2.755726099E0,4.635174274E0
6.358685409E1,1.197100803E-2,2.676717520E0,4.091690540E0
6.360684310E1,-2.825157940E-1,2.820369720E0,4.146757126E0
6.362686263E1,-3.040636182E-1,3.129221678E0,4.999093056E0
6.364685164E1,-1.508347094E-1,3.227383852E0,6.356605530E0
6.366684066E1,-9.337386489E-1,3.404554844E0,6.806715488E0
6.368682967E1,-1.113303781E0,3.414131641E0,7.278373241E0
6.370684920E1,-3.902548850E-1,3.411737442E0,9.021351814E0
6.372683822E1,-1.077390760E-1,3.550601006E0,1.087207031E1
6.374679671E1,-9.169792533E-1,3.758896589E0,1.165976238E1
6.376678573E1,-1.465251446E0,3.881000996E0,1.215057373E1
6.378677474E1,-1.956062794E0,3.502717018E0,1.377384281E1
6.380679427E1,-7.398083210E-1,3.265691042E0,1.508347034E1
6.382675277E1,-3.974374831E-1,3.119644880E0,1.565568447E1
6.384677230E1,-7.445967197E-1,2.535459518E0,1.472194672E1
6.386679183E1,2.202665508E-1,2.609679937E0,1.391510010E1
6.388678084E1,6.919242740E-1,2.494758129E0,1.252167511E1
6.390676986E1,6.057330370E-1,2.185906172E0,1.101811600E1
6.392675887E1,6.607996821E-1,2.200271368E0,9.811438560E0
6.394671737E1,3.806780577E-1,2.243366957E0,9.148244858E0
6.396670638E1,7.278373241E-1,2.068590164E0,9.303867340E0
6.398672591E1,1.079784989E0,2.042253971E0,9.071630478E0
6.400671493E1,6.272808313E-1,1.922544003E0,8.013393402E0
6.402670394E1,2.896983922E-1,1.910573006E0,6.806715488E0
6.404672347E1,2.585737705E-1,1.920149803E0,5.997475147E0
6.406674300E1,5.075707436E-1,2.130839586E0,6.136339188E0
6.408673202E1,7.685387731E-1,2.420537949E0,6.426037312E0
6.410672103E1,5.099649429E-1,2.456450939E0,6.224924564E0
6.412671004E1,2.035071403E-1,2.209848166E0,5.968744755E0
6.414669906E1,3.351882398E-1,2.097320795E0,5.822698593E0
6.416668807E1,8.379706144E-1,2.427720547E0,6.296750546E0
6.418667708E1,9.696516991E-1,2.722207308E0,6.720524311E0
6.420666610E1,6.057330370E-1,2.597708941E0,6.246472359E0
6.422665511E1,1.867477298E-1,2.248155355E0,5.920860767E0
6.424664412E1,6.464344859E-1,2.128445387E0,6.332663536E0
6.426663314E1,1.043871999E0,2.197877169E0,7.307103634E0
6.428662215E1,1.024718285E0,2.274491549E0,8.250418663E0
6.430661117E1,2.039859772E0,2.497152328E0,9.739612579E0
6.432660018E1,1.431732655E0,2.566584110E0,1.064222622E1
6.434658919E1,9.145850539E-1,3.055001259E0,1.082897472E1
6.436657821E1,1.197100878E-1,3.538630009E0,1.126471901E1
6.438656722E1,-1.675941236E-2,3.869029999E0,1.207635307E1
6.440658675E1,-1.292868853E-1,3.552995205E0,1.334049225E1
6.442660628E1,-2.394201756E-1,3.265691042E0,1.490390587E1
6.444659530E1,-7.038952708E-1,3.028665066E0,1.648407936E1
6.446658431E1,-4.812345505E-1,3.088520288E0,1.657984734E1
6.448660384E1,-7.852981687E-1,3.303998232E0,1.482010841E1
6.450662337E1,-1.132457376E0,3.160346270E0,1.277067184E1
6.452661239E1,-9.959878922E-1,2.600103140E0,1.086488724E1
6.454660140E1,-6.631938815E-1,2.173935175E0,9.691728592E0
6.456662093E1,-3.399766386E-1,2.130839586E0,9.095572472E0
6.458664046E1,-7.182605099E-3,2.035071373E0,8.377311707E0
6.460662948E1,1.221042871E-1,2.214636564E0,6.756437302E0
6.462661849E1,-8.619125932E-2,2.367865562E0,5.260061264E0
6.464660750E1,-1.484405100E-1,2.291250944E0,4.374206543E0
6.466659652E1,4.309562966E-2,2.195482969E0,4.084507942E0
6.468658553E1,2.394201756E-1,2.200271368E0,4.347870350E0
6.470657454E1,1.963245422E-1,2.161964178E0,5.020640850E0
6.472653304E1,2.346317619E-1,2.334346771E0,5.532999992E0
6.474655257E1,7.900865376E-2,2.573766708E0,5.669469833E0
6.476654159E1,-2.513911724E-1,2.597708941E0,5.111620426E0
6.478653060E1,-5.578489900E-1,2.978386879E0,4.984727859E0
6.480655013E1,-3.471592367E-1,3.107673883E0,6.224924564E0
6.482656966E1,-1.125274822E-1,3.086126089E0,9.014169693E0
6.484655868E1,2.968810201E-1,2.887407303E0,1.052969933E1
6.486654769E1,-3.758896589E-1,2.815581083E0,1.068292809E1
6.488656722E1,-4.548983276E-1,3.598485231E0,1.075954247E1
6.490655623E1,6.751648784E-1,4.589684486E0,1.253364563E1
6.492657577E1,-2.394201607E-2,5.042188644E0,1.612973595E1
6.494659530E1,-1.771709323E-1,5.178658485E0,1.742739487E1
6.496658431E1,1.082179189E0,4.489128113E0,1.650083733E1
6.498654281E1,1.046266198E0,3.790021181E0,1.403002167E1
6.500656234E1,1.364694953E0,3.409343243E0,1.246421432E1
6.502658187E1,1.742978811E0,3.148375273E0,1.169567490E1
6.504657088E1,1.845929503E0,2.916137695E0,1.080503273E1
6.506652938E1,1.958456993E0,2.765302896E0,9.792284966E0
6.508654891E1,1.800439715E0,2.693476915E0,8.133103371E0
6.510656844E1,1.271321058E0,2.521094322E0,7.010222435E0
6.512655746E1,1.271321058E0,2.578555346E0,6.691793919E0
6.514654647E1,1.041477680E0,2.760514498E0,6.150704384E0
6.516656600E1,1.323993564E0,3.155557871E0,6.143521786E0
6.518655501E1,1.723825216E0,3.562572241E0,5.884947777E0
6.520657454E1,1.841141105E0,3.715801001E0,5.123591423E0
6.522659408E1,2.255337954E0,3.957615376E0,4.793191910E0
6.524658309E1,2.394201756E0,3.653551817E0,4.424484730E0
6.526657210E1,1.000776291E0,2.782062292E0,5.015852451E0
6.528656112E1,7.733271718E-1,2.655169725E0,5.477933407E0
6.530658065E1,1.225831270E0,2.798821688E0,5.121197224E0
6.532656966E1,1.130063176E0,2.794033289E0,4.515464306E0
6.534655868E1,5.961562395E-1,2.767697096E0,4.807557106E0
6.536657821E1,7.350199223E-1,2.940079689E0,5.544970989E0
6.538659774E1,9.911994934E-1,2.815581083E0,6.936002254E0
6.540658675E1,9.504981041E-1,2.360682964E0,8.250418663E0
6.542657577E1,9.169792533E-1,2.949656487E0,7.204153061E0
6.544656478E1,1.039083481E0,3.699041605E0,6.512228489E0
6.546655379E1,7.422025204E-1,4.113238335E0,9.193734169E0
6.548654281E1,8.906430602E-1,4.757278919E0,1.287601662E1
6.550650130E1,-9.337386489E-2,5.099649429E0,1.408030033E1
6.552655135E1,-1.175553083E0,4.582501888E0,1.399171448E1
6.554650985E1,-1.154005170E0,4.065354347E0,1.541387081E1
6.556649886E1,7.637503147E-1,3.624821424E0,1.700840950E1
6.558651839E1,1.625662923E0,4.019864559E0,1.556709957E1
6.560650741E1,5.913678408E-1,3.129221678E0,1.386961079E1
6.562649642E1,7.661445141E-1,2.887407303E0,1.261026001E1
6.564648543E1,1.450886250E0,3.167528868E0,1.163821411E1
6.566647445E1,1.443703651E0,3.196259260E0,1.050096893E1
6.568649398E1,1.410184860E0,3.248931646E0,8.789113998E0
6.570651351E1,1.331176162E0,3.011905670E0,6.888118267E0
6.572650252E1,1.498770237E0,2.908955097E0,6.042964935E0
6.574649154E1,2.044648170E0,2.990357876E0,5.233725071E0
6.576651107E1,1.637633920E0,2.995146275E0,5.116408825E0
6.578646956E1,1.110909581E0,2.542642117E0,5.446808815E0
6.580645858E1,1.125274777E0,2.391807556E0,6.042964935E0
6.582647811E1,1.443703651E0,2.765302896E0,6.660669327E0
6.584646712E1,1.187524080E0,3.033453465E0,6.284779549E0
6.586642562E1,5.913678408E-1,2.928108692E0,5.188235283E0
6.588644515E1,3.471592367E-1,2.806004286E0,4.917690277E0
6.590646468E1,5.674257874E-1,3.023876667E0,6.016628742E0
6.592645370E1,6.751648784E-1,3.134010077E0,8.169015884E0
6.594644271E1,8.690952063E-1,2.784456491E0,9.418789864E0
6.596649276E1,8.786720037E-1,3.124433279E0,9.809044838E0
6.598648177E1,9.193734527E-1,3.658340216E0,1.015380955E1
6.600650130E1,1.970427990E0,4.668693542E0,1.140118885E1
6.602652083E1,2.806004286E0,4.666299343E0,1.342907715E1
6.604650985E1,2.147598982E0,3.533841610E0,1.410903072E1
6.606649886E1,1.594538331E0,3.440467834E0,1.328303146E1
6.608648788E1,2.298433542E0,3.342305660E0,1.261744308E1
6.610647689E1,3.268085241E0,3.260902643E0,1.361821938E1
6.612646590E1,3.809175014E0,3.148375273E0,1.314656162E1
6.614645492E1,3.667917013E0,2.896984100E0,1.136767006E1
6.616644393E1,3.122039080E0,2.949656487E0,9.787496567E0
6.618643294E1,2.607285738E0,2.973598480E0,9.054870605E0
6.620642196E1,2.432508945E0,2.827552319E0,8.853757858E0
6.622641097E1,2.106897593E0,2.779668093E0,7.936778545E0
6.624643050E1,1.874659896E0,2.789244890E0,7.055712223E0
6.626645003E1,2.267308950E0,2.892195702E0,7.419631004E0
6.628643905E1,2.336740971E0,2.956839085E0,7.611167431E0
6.630639754E1,1.924938202E0,2.791639090E0,7.019799232E0
6.632641707E1,1.802833915E0,2.789244890E0,6.224924564E0
6.634643661E1,2.087743998E0,2.856282711E0,6.521805286E0
6.636642562E1,2.212242365E0,3.145981073E0,6.624756336E0
6.638641463E1,2.379836559E0,3.256114244E0,6.596025467E0
6.640643416E1,1.800439715E0,2.844311714E0,6.785167694E0
6.642645370E1,1.570596337E0,2.535459518E0,6.897695065E0
6.644644271E1,1.458068848E0,2.427720547E0,6.586448669E0
6.646643172E1,1.467645645E0,2.533065319E0,5.983109951E0
6.648645125E1,1.496376038E0,2.765302896E0,6.100425720E0
6.650647078E1,1.635239720E0,2.892195702E0,6.876147270E0
6.652645980E1,1.362300754E0,2.717418909E0,6.521805286E0
6.654644881E1,1.127668977E0,2.444479942E0,6.071695328E0
6.656646834E1,1.462857246E0,2.308010340E0,6.545747280E0
6.658648788E1,1.570596337E0,3.294421434E0,7.316680431E0
6.660647689E1,1.723825216E0,4.283226967E0,8.724471092E0
6.662643538E1,1.680729628E0,5.264849663E0,1.056082344E1
6.664645492E1,2.466027737E0,5.664681435E0,1.198776817E1
6.666644393E1,2.612074137E0,5.331887245E0,1.279222012E1
6.668640243E1,1.637633920E0,4.671087742E0,1.319444561E1
6.670642196E1,1.295263171E0,4.695029736E0,1.434366226E1
6.672641097E1,1.247379065E0,4.419696331E0,1.518642139E1
6.674639998E1,1.228225470E0,4.695029736E0,1.385763931E1
6.676641952E1,9.097966552E-1,5.200206280E0,1.143231297E1
6.678643905E1,8.164227605E-1,4.642356873E0,1.061349583E1
6.680642806E1,7.350199223E-1,4.072536945E0,1.017296314E1
6.682641707E1,7.350199223E-1,3.773261786E0,1.047463226E1
6.684640609E1,5.841852427E-1,3.658340216E0,9.770736694E0
6.686639510E1,7.469909191E-1,3.845088005E0,7.896077156E0
6.688638412E1,7.302315235E-1,3.995922565E0,6.737283707E0
6.690634261E1,5.147533417E-1,4.146757126E0,6.052541733E0
6.692633162E1,3.639186621E-1,4.106055737E0,6.057330132E0
6.694635116E1,2.896983922E-1,4.043806553E0,6.787561893E0
6.696634017E1,3.902548850E-1,4.163516521E0,6.507440090E0
6.698632918E1,3.639186621E-1,4.216189384E0,6.042964935E0
6.700634871E1,3.950432837E-1,4.280832767E0,6.552929878E0
6.702636825E1,3.471592367E-1,4.532223701E0,8.157045364E0
6.704635726E1,2.777273953E-1,4.359841347E0,8.956708908E0
6.706631576E1,4.189853072E-1,4.371812344E0,8.987833023E0
6.708630477E1,7.230489254E-1,4.766855717E0,8.037335396E0
6.710632430E1,6.679822803E-1,4.953603268E0,7.891288757E0
6.712631331E1,6.727706790E-1,4.946420670E0,8.468291283E0
6.714627181E1,1.204283476E0,4.723760128E0,9.119514465E0
6.716629134E1,1.218648672E0,4.108449936E0,9.100360870E0
6.718631087E1,1.266532660E0,3.998316765E0,8.178592682E0
6.720629989E1,1.233013868E0,4.271255970E0,7.510610580E0
6.722628890E1,1.340752959E0,4.448426723E0,7.999027729E0
6.724627791E1,3.746925592E0,4.910507679E0,-2.834734917E0
6.726626693E1,1.053448796E0,4.604049683E0,6.890512466E0
6.728625594E1,1.783680320E0,4.177882195E0,9.188945770E0
6.730627547E1,3.361459255E0,4.295197964E0,8.458714485E0
6.732626449E1,2.968810081E0,3.715801001E0,6.428431511E0
6.734625350E1,3.033453465E0,4.137180328E0,3.627215624E0
