"Time (s)","X (m/s^2)","Y (m/s^2)","Z (m/s^2)"
1.634166671E-3,-4.745132446E-2,5.517526245E0,6.693031769E0
2.172670834E-2,2.781216431E-1,5.764063568E0,5.866899719E0
4.181870833E-2,2.221380615E-1,5.846092987E0,8.228388977E0
6.191070833E-2,5.587879944E-1,5.272785187E0,9.322164459E0
8.200270833E-2,1.806742859E-1,4.860243073E0,8.743318176E0
1.020947083E-1,-5.667214966E-1,4.901557159E0,7.950117645E0
1.221867083E-1,-7.818241882E-1,4.889432373E0,7.846982117E0
1.422787083E-1,-7.521858215E-1,5.059179382E0,8.259224854E0
1.623707083E-1,-6.863227844E-1,5.107828217E0,8.424780579E0
1.824627083E-1,-7.454498291E-1,5.094356232E0,8.539591827E0
2.025547083E-1,-7.619155884E-1,4.778513031E0,8.285869446E0
2.226467083E-1,-1.174158325E0,4.434977417E0,7.870632935E0
2.427387083E-1,-1.144669647E0,4.651277618E0,8.037984924E0
2.628307083E-1,-1.060544586E0,5.117258606E0,8.204438782E0
2.829227083E-1,-1.075064392E0,5.331762543E0,7.968379669E0
3.030147083E-1,-1.321302338E0,5.413342896E0,7.637866974E0
3.231067083E-1,-1.545536041E0,5.497168579E0,7.829618225E0
3.431987083E-1,-1.529219971E0,5.578599243E0,9.576784973E0
3.632907083E-1,-1.352736969E0,5.368735657E0,1.060529617E1
3.833827083E-1,-1.491648102E0,5.605992279E0,1.029633865E1
4.034747083E-1,-1.700613556E0,6.599326630E0,9.993967438E0
4.235667083E-1,-1.386566620E0,6.999743958E0,1.046384033E1
4.436587083E-1,-1.652862854E0,6.651867371E0,1.139041351E1
4.637507083E-1,-1.960323486E0,6.017636261E0,1.170086792E1
4.838427083E-1,-1.833836517E0,5.310506744E0,1.187360870E1
5.039347083E-1,-2.128124542E0,5.347030792E0,1.066846481E1
5.240267083E-1,-2.978805542E0,6.246809692E0,9.854457550E0
5.441187083E-1,-4.071533203E0,6.829547882E0,1.054302567E1
5.642107083E-1,-3.381917267E0,5.965694275E0,1.296723450E1
5.843027083E-1,-1.603315887E0,3.311413879E0,1.325792999E1
6.043947083E-1,-1.407672729E0,1.413809967E0,1.244227615E1
6.244867083E-1,-1.884880371E0,1.720522156E0,1.109133545E1
6.445787083E-1,-1.632505188E0,1.838626556E0,9.272916870E0
6.646707083E-1,-2.669099579E0,2.167941742E0,7.958200836E0
6.847627083E-1,-3.025059357E0,2.500699768E0,7.367080078E0
7.048547083E-1,-1.826202393E0,2.348017273E0,7.579937439E0
7.249467083E-1,-7.622149658E-1,9.532177734E-1,7.568860474E0
7.450387083E-1,-1.059796143E0,-1.079255676E-1,7.361691284E0
7.651307083E-1,2.857557678E-1,2.249821472E-1,5.871689758E0
7.852227083E-1,1.752854919E-1,2.515369263E0,5.778583374E0
8.053147083E-1,2.874023438E-1,3.756288757E0,7.891439667E0
8.254067083E-1,3.414399719E-1,1.814826050E0,9.201365662E0
8.454987083E-1,-1.465452576E-1,1.370250549E0,8.544082489E0
8.655907083E-1,-1.540296936E-1,1.075962524E0,7.840246124E0
8.856827083E-1,8.581654358E-1,2.132764893E0,8.568930817E0
9.057747083E-1,2.890788574E0,4.310885468E0,8.382867737E0
9.258667083E-1,3.532953186E0,5.047054596E0,8.264613647E0
9.459587083E-1,-5.819298706E0,3.803141327E0,7.846533051E0
9.660507083E-1,9.602531433E-1,2.635419617E0,1.046937881E1
9.861427083E-1,3.214415588E0,3.739224243E0,1.240799744E1
1.006234708E0,2.719394989E0,5.219346313E0,1.164877625E1
1.026326292E0,2.285297699E0,4.627028046E0,1.224438766E1
1.046418292E0,8.509803772E-1,4.368216248E0,1.198572556E1
1.066510292E0,1.446442108E0,4.462969208E0,9.164242859E0
1.086602292E0,1.061143341E0,4.617148590E0,9.835447083E0
1.106694292E0,2.584525452E0,5.955814819E0,1.032627640E1
1.126786292E0,3.537144470E0,1.050665131E0,9.630373535E0
1.146878292E0,5.388793945E-2,-7.595205688E-1,1.185983734E1
1.166970292E0,9.211843872E-1,-2.541714478E-1,1.270273453E1
1.187062292E0,1.739532623E0,1.420545959E0,1.037133270E1
1.207154292E0,1.352587280E0,2.311044159E0,8.672665100E0
1.227246292E0,6.966513062E-1,2.462229767E0,7.660020905E0
1.247338292E0,4.159849548E-1,1.978435822E0,7.776628418E0
1.267430292E0,6.815327454E-1,2.099384308E0,6.827452240E0
1.287522292E0,1.499132538E0,2.009421387E0,7.980654144E0
1.307614292E0,1.387165375E0,2.429298248E0,7.272327118E0
1.327706292E0,3.722758484E-1,3.400927734E0,6.385571136E0
1.347798292E0,4.959187317E-1,3.016826477E0,8.103847961E0
1.367890292E0,3.397933960E-2,3.208428040E0,6.372099152E0
1.387982292E0,-4.180805969E-1,3.363355865E0,4.707111511E0
1.408074292E0,-4.230203247E-1,4.325405273E0,4.554878082E0
1.428166292E0,-1.414259033E0,4.780458984E0,4.183051300E0
1.448258292E0,-1.499431915E0,4.763843536E0,7.209158478E0
1.468350292E0,-1.688638458E0,5.151836700E0,1.114342712E1
1.488442292E0,-9.090596008E-1,4.927752686E0,1.193587921E1
1.508534292E0,-8.232879639E-3,6.473588104E0,1.205832458E1
1.528626292E0,8.044271851E-1,7.557334442E0,1.220172638E1
1.548718292E0,6.688092041E-1,7.130871277E0,1.382255585E1
1.568810292E0,-4.052073669E-1,6.173911285E0,1.645049103E1
1.588902292E0,-1.542691956E0,5.724994812E0,1.473775269E1
1.608994292E0,-1.614841919E0,6.545289001E0,1.126736938E1
1.629086292E0,-1.082848206E0,7.052434387E0,1.033555710E1
1.649178292E0,-6.712042236E-1,5.128634949E0,1.119492004E1
1.669270292E0,-3.513194275E-1,3.798201599E0,1.165461411E1
1.689362292E0,8.681945801E-3,3.452420654E0,1.071441925E1
1.709454292E0,-2.085163879E-1,3.707190857E0,8.935219116E0
1.729546292E0,-2.682421875E-1,4.102668457E0,7.371720428E0
1.749638292E0,-5.803431702E-1,3.802542572E0,6.959328003E0
1.769730292E0,-8.650511169E-1,2.786455536E0,7.585475922E0
1.789823292E0,-6.243516541E-1,2.161505127E0,7.602241058E0
1.809915292E0,-7.059320068E-1,2.088906097E0,6.317911835E0
1.830007292E0,-5.792953491E-2,2.936144257E0,5.190755768E0
1.850099292E0,6.361770630E-2,3.714824982E0,4.428989868E0
1.870191292E0,-8.202941895E-2,3.541934509E0,4.693040771E0
1.890283292E0,1.122665405E-2,3.663631439E0,5.399122467E0
1.910375292E0,-2.450404358E-1,4.135001221E0,5.199288025E0
1.930467292E0,-2.619552612E-1,4.326453094E0,4.665498047E0
1.950559292E0,-6.182144165E-2,4.697232056E0,5.756579132E0
1.970651292E0,-1.809736633E-1,5.097799072E0,6.862329712E0
1.990743292E0,1.109193420E-1,5.248236237E0,7.163204041E0
2.010835292E0,5.490582275E-1,5.575156403E0,6.555617523E0
2.030926958E0,7.670050049E-1,5.242098999E0,6.455924835E0
2.051018958E0,8.891510010E-1,4.276307373E0,7.905061340E0
2.071110958E0,1.321302338E0,3.701502686E0,1.010189301E1
2.091202958E0,1.778302002E0,4.283941498E0,9.750723267E0
2.111294958E0,1.634002075E0,4.821324005E0,8.267008667E0
2.131386958E0,1.403331757E0,5.759123840E0,8.676407318E0
2.151478958E0,1.005309448E0,6.162385254E0,1.012868729E1
2.171570958E0,7.885601807E-1,6.420598297E0,1.157243500E1
2.191662958E0,1.425934753E0,7.189100189E0,1.215786758E1
2.211754958E0,2.985990601E0,7.463479614E0,1.269240601E1
2.231846958E0,3.629801788E0,6.291416931E0,1.364023499E1
2.251938958E0,3.875890045E0,4.962480469E0,1.470676712E1
2.272030958E0,3.497776337E0,4.398902435E0,1.369771545E1
2.292122958E0,2.786455536E0,4.939727783E0,1.064900528E1
2.312214958E0,1.896107025E0,5.405110016E0,8.035140839E0
2.332306958E0,1.573378143E0,5.217100983E0,7.478897552E0
2.352398958E0,1.289718018E0,4.467908936E0,7.341333618E0
2.372490958E0,1.239422607E0,3.738625488E0,6.980733490E0
2.392582958E0,1.227447510E0,3.624862061E0,6.366860046E0
2.412674958E0,1.274749146E0,3.646417236E0,5.573809204E0
2.432766958E0,1.256187744E0,3.618126068E0,4.898563385E0
2.452858958E0,1.051114197E0,3.669020233E0,4.163292389E0
2.472950958E0,6.587800598E-1,3.257675629E0,4.323010254E0
2.493042958E0,1.872605896E-1,2.870430908E0,4.974156189E0
2.513134958E0,-1.028361511E-1,2.926414490E0,4.829556885E0
2.533226958E0,-1.865121460E-1,3.503015442E0,4.145329742E0
2.553318958E0,2.228865051E-1,4.577032013E0,4.003275146E0
2.573410958E0,3.573069763E-1,5.700894928E0,4.565505981E0
2.593502958E0,3.146456909E-1,5.940995636E0,6.165828094E0
2.613594958E0,6.346801758E-1,6.037245483E0,7.510032806E0
2.633686958E0,1.265767822E0,6.798113251E0,9.313482513E0
2.653778958E0,1.162632294E0,7.166646881E0,1.121093674E1
2.673870958E0,5.390290833E-1,7.391179962E0,1.249436783E1
2.693962958E0,-2.395019531E-2,7.805518341E0,1.341016342E1
2.714054958E0,-1.017434235E0,8.085136871E0,1.402328842E1
2.734146958E0,-1.252744904E0,8.860823822E0,1.463461716E1
2.754238958E0,-9.267228699E-1,9.030421143E0,1.407313477E1
2.774330958E0,-9.503736877E-1,9.126820679E0,1.345327377E1
2.794422958E0,-5.860313416E-1,7.795938263E0,1.307516006E1
2.814514958E0,-6.291416931E-1,6.046077118E0,1.307456131E1
2.834606958E0,-9.096583557E-1,4.807402954E0,1.213017517E1
2.854698958E0,-1.335971832E0,4.315525818E0,1.034902908E1
2.874790958E0,-1.634002075E0,4.561464386E0,7.875123596E0
2.894882958E0,-1.548829193E0,4.553979950E0,6.006259918E0
2.914974958E0,-1.304537201E0,3.549718323E0,5.457351379E0
2.935066958E0,-1.008602600E0,2.690954132E0,5.802683258E0
2.955158958E0,-7.051835632E-1,1.809437256E0,6.179000702E0
2.975250958E0,-2.917433167E-1,1.387015686E0,5.343587952E0
2.995342958E0,2.243833923E-1,1.988315277E0,3.436703339E0
3.015435208E0,1.100212097E-1,2.503843231E0,1.916464691E0
3.035527208E0,1.529818726E-1,2.441722412E0,2.495310974E0
3.055619208E0,4.340972900E-2,2.556084595E0,3.882027283E0
3.075711208E0,-2.194436646E-1,2.712658997E0,4.613556061E0
3.095803208E0,-6.945556641E-2,3.488196259E0,4.625980225E0
3.115895208E0,1.478924561E-1,4.469555511E0,4.321064301E0
3.135987208E0,-2.390528870E-1,5.757028198E0,4.953798523E0
3.156079208E0,-2.909948730E-1,6.721173248E0,5.702840881E0
3.176171208E0,8.307723999E-2,7.646548920E0,6.781797180E0
3.196263208E0,3.206332397E-1,7.766599274E0,8.768465881E0
3.216355208E0,7.794291687E-1,6.574627991E0,1.149160309E1
3.236447208E0,1.579066315E0,5.693111115E0,1.355940308E1
3.256539208E0,2.231559448E0,6.144572296E0,1.391027344E1
3.276631208E0,2.899320831E0,6.909032593E0,1.384635635E1
3.296723208E0,2.799927521E0,6.819818115E0,1.404708893E1
3.316815208E0,2.111060028E0,6.815327454E0,1.254855515E1
3.336907208E0,1.925895081E0,7.867788849E0,1.075438614E1
3.356999208E0,2.287842407E0,8.248297577E0,1.068388275E1
3.377091208E0,3.165018311E0,7.267686768E0,1.204634949E1
3.397183208E0,3.465443573E0,5.925128632E0,1.231219666E1
3.417275208E0,3.385659485E0,4.878355408E0,1.112202164E1
3.437367208E0,2.377955017E0,4.357288971E0,9.112300873E0
3.457459208E0,1.303938446E0,4.296066284E0,7.128027191E0
3.477551208E0,3.917353821E-1,4.594395905E0,5.533992004E0
3.497643208E0,1.877096558E-1,4.405189362E0,5.187612305E0
3.517735208E0,-7.933502197E-3,3.894750824E0,5.051994324E0
3.537827208E0,5.703140259E-2,3.594026184E0,5.110372925E0
3.557919208E0,1.926493835E-1,3.497027893E0,4.286486206E0
3.578011208E0,1.435514832E-1,3.565585327E0,3.702251129E0
3.598103208E0,2.935395813E-1,3.434757385E0,4.454436951E0
3.618195208E0,1.016386414E-1,2.878663788E0,6.447542267E0
3.638287208E0,1.736389160E-2,2.596350861E0,7.599097595E0
3.658379208E0,-3.481759644E-1,2.473755798E0,6.377937012E0
3.678471208E0,-4.352947998E-1,3.312162323E0,4.625531158E0
3.698563208E0,-5.125341797E-1,4.796026611E0,3.463647308E0
3.718655208E0,-4.933740234E-1,6.062243500E0,3.308420105E0
3.738747208E0,-3.378474426E-1,6.636150055E0,4.684957581E0
3.758839208E0,-5.703140259E-2,6.832092590E0,7.210355988E0
3.778931208E0,4.846920776E-1,6.752607880E0,1.068343369E1
3.799023208E0,1.157842255E0,6.785389709E0,1.175460617E1
3.819115208E0,1.424288177E0,7.154222717E0,1.236339020E1
3.839207208E0,7.417076111E-1,7.200177155E0,1.385548737E1
3.859299208E0,2.380050659E-2,7.177574158E0,1.542931458E1
3.879391208E0,-9.660910034E-1,8.337811432E0,1.466665054E1
3.899483208E0,-1.511706390E0,9.264983368E0,1.263447647E1
3.919575208E0,-1.330133972E0,9.908195801E0,1.109328140E1
3.939667208E0,-6.228547668E-1,8.448880463E0,1.147139511E1
3.959759208E0,-7.611671448E-1,6.429579620E0,1.214454529E1
3.979851208E0,-1.036594391E0,4.939129028E0,1.194007050E1
3.999943208E0,-1.323248291E0,4.131109314E0,1.076157120E1
4.020035917E0,-1.369202728E0,4.435576172E0,8.869805145E0
4.040126917E0,-1.024469604E0,4.114793243E0,7.076683960E0
4.060218917E0,-9.461824036E-1,3.278781738E0,5.952072601E0
4.080310917E0,-6.888674927E-1,2.073637848E0,5.422473907E0
4.100402917E0,-2.734812927E-1,1.082848206E0,6.020031281E0
4.120494917E0,-4.340972900E-3,9.970765686E-1,6.417155457E0
4.140586917E0,8.213420105E-1,1.878892822E0,5.549260254E0
4.160678917E0,1.183289337E0,2.911295929E0,4.521497498E0
4.180770917E0,8.192463684E-1,3.311713257E0,4.294719086E0
4.200862917E0,2.743794250E-1,3.027753754E0,5.376818848E0
4.220954917E0,2.514770508E-1,3.027903442E0,7.435787201E0
4.241046917E0,6.635700989E-1,4.034111023E0,7.643704834E0
4.261138917E0,1.110091553E0,5.287155304E0,6.377637634E0
4.281230917E0,1.174158325E0,6.473288727E0,5.764662323E0
4.301322917E0,9.601034546E-1,6.657106476E0,6.401737518E0
4.321414917E0,1.260379028E0,5.983806610E0,7.801776123E0
4.341506917E0,1.350341949E0,5.639672241E0,8.874295807E0
4.361598917E0,1.703307953E0,5.064867554E0,1.094987961E1
4.381690917E0,2.012564850E0,5.006039886E0,1.173320068E1
4.401782917E0,2.754272461E0,5.494923248E0,1.126707001E1
4.421874917E0,3.023861847E0,6.042634277E0,1.027912445E1
4.441966917E0,2.470612335E0,6.599176941E0,9.459129639E0
4.462058917E0,1.773511963E0,7.704328766E0,8.175698547E0
4.482150917E0,1.941163330E0,8.023016052E0,9.050479431E0
4.502242917E0,3.509302368E0,7.285200348E0,1.053494247E1
4.522334917E0,3.658991089E0,5.837411041E0,1.181567917E1
4.542426917E0,3.766467590E0,4.279301147E0,1.252475464E1
4.562518917E0,3.155587921E0,4.728966064E0,1.128158981E1
4.582610917E0,2.333198090E0,5.739664307E0,8.472381592E0
4.602702917E0,1.617386627E0,5.934708710E0,6.673572235E0
4.622794917E0,1.167422333E0,5.396877136E0,6.418951721E0
4.642886917E0,7.929011536E-1,4.305646362E0,6.824907532E0
4.662978917E0,9.734257507E-1,3.868704987E0,6.786886597E0
4.683070917E0,1.133742371E0,4.048331451E0,5.997577972E0
4.703162917E0,1.204694824E0,3.883524170E0,5.411995697E0
4.723254917E0,7.131170654E-1,3.604504395E0,5.443729706E0
4.743346917E0,1.754351807E-1,3.421884155E0,5.644462280E0
4.763438917E0,-1.543290710E-1,3.482807465E0,5.511239319E0
4.783530917E0,2.484832764E-2,3.967499542E0,5.292993164E0
4.803622917E0,2.082170105E-1,4.300856323E0,5.080135803E0
4.823714917E0,2.023791504E-1,4.952151947E0,5.029690704E0
4.843806917E0,5.388793945E-3,5.810616760E0,5.519023132E0
4.863898917E0,-2.911445618E-1,6.182443542E0,6.236481171E0
4.883990917E0,-2.082170105E-1,6.346502380E0,7.337890778E0
4.904082917E0,2.225871277E-1,6.540648651E0,8.053851929E0
4.924174917E0,7.553292847E-1,6.557563477E0,9.257798309E0
4.944266917E0,1.316961365E0,6.921307068E0,1.031400192E1
4.964358917E0,9.607022095E-1,6.958130493E0,1.110016708E1
4.984450917E0,4.879852295E-2,6.928043060E0,1.250364853E1
5.004542917E0,-6.750961304E-1,7.741451569E0,1.227836700E1
5.024634708E0,-7.216493225E-1,8.622669067E0,1.136631363E1
5.044726708E0,1.571731567E-1,8.970845032E0,1.162317947E1
5.064818708E0,4.917274475E-1,7.358547821E0,1.336076614E1
5.084909708E0,-2.095642090E-2,5.442981262E0,1.465722015E1
5.105001708E0,-2.552192688E-1,4.140090637E0,1.399888916E1
5.125093708E0,-8.954379272E-1,4.809797974E0,1.170236481E1
5.145185708E0,-9.413923645E-1,5.568420410E0,9.021290131E0
5.165277708E0,-8.445437622E-1,5.503156128E0,7.169640656E0
5.185369708E0,-6.896159363E-1,4.371958466E0,7.335795135E0
5.205461708E0,-5.966592407E-1,3.038082275E0,7.422015839E0
5.225553708E0,-7.694000244E-2,2.520458679E0,6.339317322E0
5.245645708E0,1.534309387E-1,2.437082062E0,4.453688507E0
5.265737708E0,1.688488770E-1,2.231409760E0,2.785258026E0
5.285829708E0,-1.212478638E-1,2.063608704E0,1.416654053E0
5.305921708E0,-1.787283325E-1,1.785786438E0,8.437953186E-1
5.326013708E0,-3.444337463E-1,1.484313354E0,1.895657959E0
5.346105708E0,5.927673340E-2,1.553619232E0,4.021088104E0
5.366197708E0,2.062710571E-1,1.983525238E0,4.532574463E0
5.386289708E0,2.615061951E-1,2.625839539E0,3.842060394E0
5.406381708E0,-2.183958435E-1,3.753444672E0,4.290976868E0
5.426473708E0,-2.829116821E-2,4.504582672E0,6.669231262E0
5.446565708E0,1.303190002E0,6.007457428E0,1.012689102E1
5.466657708E0,2.540816345E0,8.214767303E0,1.278700928E1
5.486749708E0,2.721041565E0,8.673263855E0,1.484448074E1
5.506841708E0,2.708617401E0,7.257208557E0,1.853221207E1
5.563349708E0,3.443139954E0,7.066355438E0,1.717887634E1
5.583441708E0,2.710114288E0,8.319998474E0,1.336256241E1
5.603533708E0,2.613115997E0,7.684270477E0,1.231968109E1
5.623625708E0,2.645598450E0,5.115911407E0,1.333726501E1
5.643717708E0,2.415676575E0,2.858006744E0,1.259989838E1
5.663809708E0,2.050585785E0,1.799108734E0,9.953252106E0
5.683901708E0,1.791773987E0,2.355950775E0,6.702911224E0
5.703993708E0,1.396146698E0,3.919299774E0,3.224295044E0
5.724085708E0,1.246757355E0,4.313879242E0,1.418300629E0
5.744177708E0,1.143172760E0,3.959566040E0,2.176623688E0
5.764269708E0,9.470805359E-1,3.221600647E0,3.799399109E0
5.784360708E0,4.824467468E-1,2.492167511E0,4.642745361E0
5.804452708E0,1.413061523E-1,2.167792053E0,4.399650879E0
5.824544708E0,-9.894424438E-2,2.671195221E0,3.806883545E0
5.844636708E0,8.143066406E-2,3.154091034E0,3.693569183E0
5.864728708E0,-3.338058472E-2,2.999612274E0,4.660408630E0
5.884820708E0,-1.249900818E-1,2.744692383E0,5.588628387E0
5.904912708E0,1.857637024E-1,3.042273560E0,4.959337006E0
5.925004708E0,7.813751221E-2,3.601061554E0,4.020339661E0
5.945096708E0,-1.628613281E-1,4.205055542E0,3.773353271E0
5.965188708E0,-6.920109558E-1,4.879702606E0,4.795128479E0
5.985280708E0,-6.885681152E-2,5.728138275E0,6.492448883E0
6.005372708E0,8.382568359E-1,6.835834808E0,8.253836060E0
6.025463917E0,1.284927979E0,7.240593109E0,1.087099365E1
6.045555917E0,1.697320404E0,6.726562042E0,1.387015686E1
6.065647917E0,2.013912048E0,6.150709534E0,1.553125259E1
6.085739917E0,1.865570526E0,5.793103180E0,1.689207275E1
6.105831917E0,1.466201019E0,6.909182281E0,1.651380936E1
6.125923917E0,9.406439209E-1,7.990982666E0,1.432341431E1
6.146015917E0,5.474116516E-1,8.758287048E0,1.361508728E1
6.166107917E0,9.611512756E-1,7.225923615E0,1.443089081E1
6.186199917E0,4.796026611E-1,5.329966278E0,1.456740692E1
6.206291917E0,2.463876343E-1,4.092489624E0,1.335388046E1
6.226383917E0,-2.188449097E-1,3.954177246E0,1.106978027E1
6.246475917E0,-5.153782654E-1,4.665348358E0,8.393495636E0
6.266567917E0,-1.040935364E0,5.051245880E0,6.403533783E0
6.286659917E0,-1.152303772E0,4.537214813E0,5.351671143E0
6.306751917E0,-1.134041748E0,3.541186066E0,4.981490936E0
6.326843917E0,-1.027912445E0,2.718047791E0,4.878804474E0
6.346935917E0,-7.670050049E-1,2.478545837E0,4.935985565E0
6.367027917E0,-3.429368591E-1,2.560575256E0,4.816833344E0
6.387119917E0,-2.203417969E-1,2.783910828E0,4.145329742E0
6.407210917E0,-2.338137817E-1,2.834505615E0,3.314108276E0
6.427302917E0,-4.996609497E-1,2.426603851E0,3.423979797E0
6.447394917E0,-7.851173401E-1,1.958227844E0,4.577630768E0
6.467486917E0,-5.318440247E-1,2.431244202E0,5.296136627E0
6.487578917E0,-4.773573303E-1,3.160377960E0,4.821623383E0
6.507670917E0,-3.833528137E-1,3.679498444E0,4.859045563E0
6.527762917E0,-4.429289246E-1,4.409530334E0,6.119574280E0
6.547854917E0,-6.297404480E-1,5.025499420E0,7.526797943E0
6.567946917E0,-2.302212524E-1,5.119953003E0,9.698481903E0
6.588038917E0,1.555864563E0,5.645659790E0,1.167691772E1
6.608130917E0,2.871029663E0,6.456972656E0,1.373977798E1
6.628222917E0,2.647843781E0,6.267766113E0,1.583871323E1
6.648314917E0,2.718496857E0,5.868546295E0,1.658236679E1
6.668406917E0,3.532354431E0,6.224655762E0,1.534474045E1
6.688498917E0,3.297642517E0,6.370153198E0,1.412447800E1
6.708590917E0,3.908372498E0,5.917793884E0,1.336765182E1
6.728682917E0,3.632346497E0,6.080355835E0,1.109522736E1
6.748774917E0,3.298540649E0,5.448819122E0,9.250912628E0
6.768866917E0,2.953957214E0,4.509372711E0,9.070986786E0
6.788958917E0,1.843416595E0,4.045337677E0,7.861501923E0
6.809050917E0,1.316961365E0,3.962110748E0,6.522087250E0
6.829142917E0,1.389710083E0,3.743415527E0,6.052214355E0
6.849234917E0,1.849703522E0,3.340303802E0,6.787185974E0
6.869326917E0,2.041305084E0,2.803220673E0,7.674391022E0
6.889418917E0,2.466121674E0,2.530338135E0,9.016949158E0
6.909509917E0,2.321672058E0,2.661914520E0,7.014862518E0
6.929602917E0,1.910177765E0,1.668879547E0,4.621489563E0
6.949693917E0,8.376580811E-1,1.498982849E0,4.274361420E0
6.969785917E0,1.131646729E0,2.420765991E0,4.748425598E0
6.989877917E0,1.433718567E0,3.437601471E0,5.962251434E0
7.009969917E0,7.240443420E-1,3.843856659E0,5.917045441E0
7.030062333E0,4.349954224E-1,3.622616730E0,5.541326752E0
7.050154333E0,-3.504212952E-1,3.557651825E0,5.461542664E0
7.070246333E0,1.457968140E-1,4.780758362E0,5.912105713E0
7.090338333E0,-1.960922241E-1,6.748715973E0,6.705455933E0
7.110430333E0,3.622467041E-2,7.526049500E0,6.638694763E0
7.130522333E0,1.231938171E-1,6.640790405E0,6.533762970E0
7.150614333E0,-7.411088562E-1,5.448669434E0,8.484955444E0
7.170706333E0,-2.622546387E-1,6.003565521E0,1.041564056E1
7.190798333E0,-5.053491211E-1,7.273674316E0,1.017628830E1
7.210890333E0,-1.501228180E0,7.560777283E0,9.670639801E0
7.230982333E0,-1.761536865E0,7.795938263E0,1.025487488E1
7.251074333E0,-6.189628601E-1,7.749085693E0,1.091245743E1
7.271166333E0,-1.893412628E0,6.571185150E0,1.584949081E1
7.291258333E0,-1.646426239E0,7.490273895E0,1.462533646E1
7.311350333E0,-1.543141022E0,7.258106689E0,1.147229324E1
7.331442333E0,-2.405497742E0,6.303841095E0,1.156884247E1
7.351534333E0,-4.424199829E0,3.996539154E0,1.177451477E1
7.371626333E0,-3.641028442E0,3.818110199E0,1.179606995E1
7.391718333E0,-2.595752106E0,3.845652924E0,9.367669830E0
7.411809333E0,-2.812201996E0,4.363126831E0,7.241790619E0
7.431901333E0,-2.052681427E0,4.501588898E0,6.599027252E0
7.451993333E0,-1.827399902E0,3.682492218E0,7.171137543E0
7.472085333E0,-2.496209106E0,2.511776733E0,7.205266571E0
7.492177333E0,-2.758014679E0,2.307451630E0,7.128326569E0
7.512269333E0,-1.845362549E0,2.681224365E0,5.784271545E0
7.532361333E0,-2.106120300E-1,3.484603729E0,5.095254364E0
7.552453333E0,-8.547225952E-2,3.729494476E0,4.123325500E0
7.572545333E0,-1.230291595E0,3.119512939E0,4.154011688E0
7.592637333E0,-2.192790070E0,2.503543854E0,5.718109131E0
7.612729333E0,-1.566342773E0,2.834355927E0,6.656956787E0
7.632821333E0,-7.313790894E-1,3.901636505E0,6.881190491E0
7.652913333E0,-6.944059753E-1,4.814737701E0,6.622378693E0
7.673005333E0,-1.209634552E0,4.948260040E0,6.558461609E0
7.693097333E0,-2.173779602E0,5.632337494E0,6.612050171E0
7.713189333E0,-1.482367401E0,6.492748260E0,7.390880585E0
7.733281333E0,-7.800279236E-1,7.056775360E0,8.934320984E0
7.753373333E0,-9.349557495E-1,6.745273132E0,1.031190628E1
7.773465333E0,-2.321971436E0,6.885232086E0,1.099239120E1
7.793557333E0,-1.807790680E0,6.657705231E0,1.174891800E1
7.813649333E0,-4.402345276E-1,6.731801147E0,1.281185760E1
7.833740333E0,-4.342469788E-1,6.934329987E0,1.306228683E1
7.853832333E0,-1.111289062E0,6.545588379E0,1.290032364E1
7.873924333E0,-1.138532410E0,6.139333191E0,1.356793533E1
7.894016333E0,-7.200027466E-1,5.363945618E0,1.344653778E1
7.914108333E0,-5.782475281E-1,4.282743988E0,1.282068924E1
7.934200333E0,-1.193019104E-1,4.201762390E0,1.219903198E1
7.954292333E0,-7.843688965E-2,4.227059784E0,1.039139099E1
7.974384333E0,-3.697311401E-1,4.377347260E0,9.467063141E0
7.994476333E0,-4.691244507E-1,3.995491333E0,8.856782227E0
8.014568333E0,-9.071136475E-1,3.286266174E0,8.023315430E0
8.034660708E0,-1.084195404E0,3.074905701E0,7.867938538E0
8.054752708E0,-4.951702881E-1,3.061583405E0,7.747888184E0
8.074844708E0,-4.281097412E-2,3.056194611E0,7.135960693E0
8.094936708E0,-1.122665405E-2,2.797083435E0,7.890990601E0
8.115028708E0,-4.117936707E-1,2.771786041E0,5.062622223E0
8.135120708E0,-1.951192474E0,3.979175262E0,1.736987915E0
8.155212708E0,-6.721023560E-1,4.442611542E0,8.992250519E0
8.175304708E0,-2.189945984E0,3.014730835E0,5.908662872E0
8.195396708E0,-2.523751831E0,2.448907471E0,3.126099243E0
8.210463125E0,1.949246521E0,4.507277069E0,8.174201660E0
8.230555125E0,2.228715363E0,5.153483276E0,8.361462250E0
8.250647125E0,2.791544952E0,5.209017792E0,7.693102112E0
8.270739125E0,2.415526886E0,5.432802429E0,7.270830231E0
8.290831125E0,2.064057770E0,5.240302734E0,7.384294281E0
8.310923125E0,2.056573334E0,5.012027435E0,7.862100677E0
8.331014125E0,2.235451355E0,5.414839783E0,8.100105743E0
8.351106125E0,2.499801636E0,5.696553955E0,8.895252228E0
8.371198125E0,2.708168335E0,5.867498474E0,8.353379059E0
8.391290083E0,2.627186737E0,5.658982086E0,8.594976654E0
8.411382083E0,2.319426727E0,5.159620514E0,8.776698761E0
8.431474083E0,1.994751892E0,5.087021484E0,8.550070038E0
8.451565083E0,1.639540558E0,5.389542389E0,7.945028229E0
8.471657083E0,1.815275116E0,5.350773010E0,7.919880524E0
8.491749083E0,1.635798340E0,5.523214417E0,7.779322815E0
8.511841083E0,1.363514557E0,5.110821991E0,8.176746368E0
8.531933083E0,1.332828369E0,5.013374634E0,8.772657166E0
8.552025083E0,1.446292419E0,5.553900604E0,9.098230133E0
8.572117083E0,1.757944336E0,5.876629486E0,8.671317902E0
8.592209083E0,1.557062073E0,5.863007812E0,9.327852631E0
8.612300083E0,1.464704132E0,5.667065277E0,1.008752289E1
8.632392083E0,1.702858887E0,5.553900604E0,1.046279251E1
8.652484083E0,1.852098541E0,5.664221191E0,1.103879471E1
8.672576083E0,1.814526672E0,5.772296448E0,1.116932327E1
8.692668083E0,1.523082733E0,5.844895477E0,1.087668182E1
8.712760083E0,8.765771484E-1,6.169420624E0,1.047940796E1
8.732852083E0,7.009922791E-1,6.175857239E0,1.031894165E1
8.752943083E0,6.972500610E-1,6.349047089E0,1.029080017E1
8.773035083E0,1.188229065E0,6.179898834E0,9.705816650E0
8.793127083E0,1.282832336E0,5.287903748E0,9.860744476E0
8.813219083E0,1.218615875E0,3.936364288E0,1.013407608E1
8.833311083E0,1.003363495E0,2.824626160E0,9.795330505E0
8.853403083E0,6.420149231E-1,2.926414490E0,8.023315430E0
8.873495083E0,1.410067749E-1,3.176394653E0,6.058351593E0
8.893586083E0,-3.308120728E-1,2.884651337E0,5.027595062E0
8.913678083E0,-7.129673767E-1,2.919229431E0,4.891228638E0
8.933770083E0,-3.153941345E-1,3.272794189E0,5.521867218E0
8.953862083E0,7.767347717E-1,3.557951202E0,5.897735596E0
8.973954083E0,1.091380463E0,4.134552155E0,6.329288177E0
8.994046083E0,1.273401947E0,4.874014435E0,6.796466675E0
9.014138083E0,1.474733276E0,5.661377106E0,7.891589355E0
9.034230083E0,1.159189453E0,6.450086975E0,9.748028870E0
9.054321083E0,1.100361786E0,7.344776459E0,1.122425903E1
9.074413083E0,1.548380127E0,7.373217316E0,1.283461029E1
9.094505083E0,1.117126923E0,7.181016998E0,1.413974625E1
9.114597083E0,5.462141418E-1,6.775510254E0,1.346420105E1
9.134689083E0,1.009800110E0,6.489754486E0,1.230740662E1
9.154781083E0,1.601669312E0,6.396498413E0,1.161105469E1
9.174873083E0,2.643203430E0,5.210514679E0,1.172377029E1
9.194965083E0,2.818488922E0,3.152294769E0,1.095272369E1
9.215056083E0,2.686164093E0,1.785337372E0,9.332193604E0
9.235148083E0,2.452799377E0,1.880689087E0,6.611601105E0
9.255240083E0,1.753453674E0,2.176324310E0,3.571273499E0
9.275332083E0,2.046993256E0,1.610201569E0,3.009042664E0
9.295424083E0,2.447859650E0,1.464105377E0,5.551655273E0
9.315516083E0,2.205513611E0,2.348616028E0,8.801397400E0
9.335608083E0,2.311792603E0,4.221521301E0,1.081246536E1
9.355700083E0,3.022065582E0,6.072572021E0,9.160051575E0
9.375791083E0,3.614683228E0,6.813830566E0,8.413703613E0
9.395883458E0,2.943029938E0,5.782475281E0,1.029050079E1
9.415975458E0,1.184037781E0,6.080655212E0,9.827214203E0
9.436067458E0,7.053332520E-1,7.933352509E0,8.672515411E0
9.456159458E0,5.505551147E-1,9.839189301E0,8.554411011E0
9.476251458E0,1.362167358E-1,1.055485107E1,8.695268097E0
9.496343458E0,2.222877502E-1,9.070837097E0,1.013123199E1
9.516435458E0,6.511459351E-1,7.270680542E0,1.155327484E1
9.536526458E0,1.263522491E0,6.159840546E0,1.112306946E1
9.556618458E0,1.321152649E0,5.372926941E0,8.127349091E0
9.576710458E0,1.559457092E0,4.114493866E0,6.107449493E0
9.596802458E0,6.727011108E-1,3.049608307E0,4.475842438E0
9.616894458E0,-3.423381042E-1,2.088457031E0,3.427572327E0
9.636986458E0,-8.319699097E-1,9.800120544E-1,3.180286560E0
9.657078458E0,-1.182241516E0,2.683918762E-1,3.882626038E0
9.677170458E0,-1.094523926E0,7.399113464E-1,5.195096741E0
9.697261458E0,-1.449435883E0,1.494192810E0,5.094655609E0
9.717353458E0,-2.307002563E0,3.087629242E0,4.237837372E0
9.737445458E0,-2.002236328E0,4.463567963E0,4.895719299E0
9.757537458E0,-4.363426208E-1,5.910459137E0,7.828570404E0
9.777629458E0,-4.810995483E-1,7.103627930E0,1.322395065E1
9.797721458E0,-1.197509766E-1,7.361840973E0,1.494851440E1
9.817813458E0,1.705104218E0,7.759863281E0,1.418165909E1
9.837905458E0,2.075883179E0,8.881480865E0,1.433299438E1
9.857996458E0,9.445358276E-1,9.111103363E0,1.448193466E1
9.878088458E0,2.136058044E-1,8.733887787E0,1.395068939E1
9.898180458E0,3.876937866E-1,8.189469910E0,1.355670868E1
9.918272458E0,5.611830139E-1,7.082821198E0,1.241323654E1
9.938364458E0,1.226998444E0,5.391338654E0,1.113444580E1
9.958456458E0,2.171085205E0,3.441643066E0,9.507179718E0
9.978548458E0,2.019151154E0,2.230661316E0,7.523804169E0
9.998640458E0,1.781295776E0,1.324445801E0,5.117707672E0
1.001873146E1,1.639690247E0,9.665400696E-1,3.241808624E0
1.003882346E1,1.565294952E0,7.668553162E-1,2.180515594E0
1.005891546E1,1.584455109E0,6.387217712E-1,1.794019318E0
1.007900746E1,1.315314789E0,3.076103210E-1,1.560804291E0
1.009909946E1,1.287322998E0,1.180894318E0,1.993704071E0
1.011919146E1,8.963360596E-1,2.143093414E0,1.520538025E0
1.013928346E1,9.888436890E-1,3.301983490E0,1.937271423E0
1.015937546E1,1.197210388E0,4.457131348E0,4.424349518E0
1.017946646E1,1.536704407E0,5.410199432E0,8.184679871E0
1.019955846E1,1.958676910E0,6.392905884E0,1.117216736E1
1.021965046E1,2.958597565E0,7.459138641E0,1.237596405E1
1.023974246E1,3.276237030E0,9.041348419E0,1.334010910E1
1.025983446E1,4.035158844E0,1.011895752E1,1.396999924E1
1.027992646E1,4.335434418E0,1.082518890E1,1.521271500E1
1.030001846E1,4.111200714E0,1.091545120E1,1.570728653E1
1.032011046E1,3.986210632E0,1.062580353E1,1.480166977E1
1.034020146E1,3.308719482E0,9.870324554E0,1.281904266E1
1.036029346E1,3.065175934E0,8.894952850E0,1.109373047E1
1.038038546E1,3.692221985E0,6.967411194E0,1.019245468E1
1.040047746E1,3.580105133E0,4.775968323E0,1.011985565E1
1.042056946E1,2.050885162E0,3.164868622E0,7.697892151E0
1.044066146E1,6.735992432E-1,2.538870392E0,3.275937653E0
1.046075346E1,-5.279521179E-1,2.445165253E0,-7.194039917E-1
1.048084446E1,-1.454375610E0,1.188079376E0,-1.724863129E0
1.050093646E1,-1.525926819E0,-4.167333984E-1,7.213499451E-1
1.052102846E1,-1.661993866E0,-9.425898743E-1,2.559826813E0
1.054112046E1,-1.786235504E0,-2.306703186E-1,1.802850952E0
1.056121246E1,-2.690205688E0,1.239721985E0,-3.757186890E-1
1.058130446E1,-3.629203033E0,3.698808289E0,1.196012878E-1
1.060139646E1,-1.915117493E0,5.485043793E0,4.593198395E0
1.062148846E1,1.031355286E-1,7.948171692E0,1.039423508E1
1.064157946E1,5.165757751E-1,9.609566803E0,1.493219833E1
1.066167146E1,1.957479401E0,8.657396851E0,1.833746704E1
1.074580746E1,1.047371979E0,8.372838593E0,1.851320160E1
1.076589946E1,1.028511200E0,7.341483307E0,1.456486221E1
1.078599046E1,6.271957397E-1,5.842949524E0,1.201281921E1
1.080608246E1,9.328601074E-1,3.897295532E0,1.014230896E1
1.082617446E1,1.482217712E0,2.453847198E0,7.439679108E0
1.084626646E1,1.905836792E0,9.319619751E-1,4.728816376E0
1.086635846E1,2.097737732E0,-4.186793518E-1,2.130818939E0
1.088645046E1,1.814975739E0,-1.661095734E0,1.130898285E0
1.090654246E1,1.542991333E0,-2.617456970E0,1.420096893E0
1.092663446E1,1.169817352E0,-1.903890839E0,2.190395050E0
1.094672546E1,1.411265259E0,3.152444458E-1,2.376607819E0
1.096681746E1,1.995650024E0,2.563868408E0,2.433339844E0
1.098690946E1,2.431543579E0,4.912933502E0,3.878584442E0
1.100700146E1,1.839524689E0,5.775290222E0,6.660699005E0
1.102709346E1,1.878443756E0,5.746849365E0,8.374335480E0
1.104718546E1,2.546504517E0,7.482340393E0,7.758665771E0
1.106727746E1,3.157683563E0,9.677675171E0,6.544690247E0
1.108736846E1,2.919528809E0,1.016536102E1,8.378227386E0
1.110746046E1,2.540666656E0,9.470955048E0,1.205997116E1
1.112755246E1,1.555265808E0,7.222331085E0,1.175370804E1
1.114764446E1,1.786085815E0,5.344635773E0,1.116228790E1
1.116773646E1,1.868264923E0,5.051096191E0,1.049362839E1
1.118782846E1,1.592538300E0,3.534899139E0,1.122366028E1
1.120792046E1,1.125060425E0,3.646117859E0,1.212059509E1
1.122801246E1,8.575666809E-1,3.737877045E0,1.107980942E1
1.124810346E1,1.011895752E0,3.668571167E0,8.862919464E0
1.126819546E1,1.000519409E0,3.502266998E0,6.977739716E0
1.128828746E1,3.218307495E-1,3.044219513E0,5.405409393E0
1.130837946E1,-8.427474976E-1,2.105970612E0,5.022505646E0
1.132847146E1,-1.488354950E0,2.347867584E0,6.289920044E0
1.134856346E1,-2.198178864E0,3.796255646E0,7.812553711E0
1.136865546E1,-1.985321503E0,5.546715546E0,8.994046783E0
1.138874750E1,-1.597478027E0,6.672374725E0,1.048449738E1
1.140883950E1,-1.557810516E0,6.059249725E0,1.067370392E1
1.142893050E1,-7.764353943E-1,5.757626953E0,9.840835876E0
1.144902250E1,3.644920349E-1,6.534062347E0,8.852590942E0
1.146911450E1,1.655706940E0,6.740333405E0,8.390202484E0
1.148920650E1,1.927242279E0,5.736820221E0,9.316326599E0
1.150929850E1,1.233584747E0,4.061803436E0,9.848170624E0
1.152939050E1,7.225474548E-1,3.073259125E0,8.543334045E0
1.154948250E1,5.132826233E-1,2.969375153E0,5.988746338E0
1.156957450E1,4.245172119E-1,2.937940521E0,3.962859192E0
1.158966550E1,1.125659180E-1,2.388433228E0,3.672463074E0
1.160975750E1,1.969903564E-1,2.111060028E0,4.663851471E0
1.162984950E1,2.240840149E-1,2.596350861E0,5.391338654E0
1.164994150E1,1.902543640E-1,3.112028503E0,4.977149963E0
1.167003350E1,4.710704041E-1,4.163591766E0,5.510191498E0
1.169012550E1,2.082170105E-1,5.293891296E0,6.271208954E0
1.171021750E1,2.897973633E-1,6.093827820E0,7.322472839E0
1.173030950E1,1.395248566E0,7.275171204E0,9.287137299E0
1.175040150E1,1.619482269E0,8.840615845E0,1.095347214E1
1.177049250E1,2.071542206E0,8.610095215E0,1.301483551E1
1.179058450E1,3.291804657E0,7.727979584E0,1.526181290E1
1.181067650E1,4.221072235E0,7.639363861E0,1.672202637E1
1.183076850E1,4.317322083E0,7.437284088E0,1.621458160E1
1.185086050E1,3.740721130E0,6.894363098E0,1.412911835E1
1.187095250E1,3.334915009E0,6.466253357E0,1.216939362E1
1.189104450E1,3.267854462E0,5.789061584E0,1.077249847E1
1.191113650E1,2.857857056E0,4.658612366E0,9.749525757E0
1.193122750E1,2.629282379E0,3.732488251E0,9.425749054E0
1.195131950E1,2.021845551E0,3.887565765E0,8.112529907E0
1.197141150E1,1.398691406E0,4.927453308E0,5.527106323E0
1.199150350E1,1.156345367E0,5.667963409E0,3.601061554E0
1.201159550E1,1.000818787E0,5.450016632E0,3.003653870E0
1.203168750E1,1.534010010E0,4.428690491E0,4.278253326E0
1.205177950E1,1.731299744E0,3.721111908E0,5.726940765E0
1.207187150E1,1.606908417E0,2.877017212E0,5.806425476E0
1.209196250E1,1.420845337E0,2.727927246E0,5.309009857E0
1.211205450E1,1.821711731E0,3.380719757E0,4.760550385E0
1.213214650E1,1.866917725E0,4.036955109E0,5.206622772E0
1.215223850E1,1.480122070E0,3.883524170E0,5.899980927E0
1.217233050E1,9.987231445E-1,3.711382141E0,6.310277710E0
1.219242250E1,5.703140259E-1,4.144431610E0,6.296955414E0
1.221251450E1,1.604663086E-1,5.109774170E0,5.415139160E0
1.223260650E1,5.673202515E-2,6.477929077E0,5.175487518E0
1.225269750E1,-5.837860107E-2,7.291936340E0,6.202950897E0
1.227278950E1,-2.658471680E-1,7.563172302E0,8.366551666E0
1.229288150E1,-4.342469788E-1,7.530091095E0,9.678124237E0
1.231297350E1,4.129911804E-1,7.405400391E0,1.128428421E1
1.233306550E1,4.492158508E-1,7.672894135E0,1.243808487E1
1.235315750E1,-7.993377686E-2,7.990383911E0,1.310345123E1
1.237324950E1,-9.503736877E-1,7.874524841E0,1.283431091E1
1.239334058E1,-1.773511963E0,8.116421814E0,1.256561966E1
1.241343158E1,-1.709295502E0,7.507188721E0,1.280946259E1
1.243352358E1,-1.840572510E0,6.137237549E0,1.325373871E1
1.245361558E1,-1.671573944E0,5.042414246E0,1.336974747E1
1.247370758E1,-1.333427124E0,4.889432373E0,1.183528839E1
1.249379958E1,-9.568103027E-1,6.085894318E0,9.204209747E0
1.251389158E1,-6.524931335E-1,6.743476868E0,7.065457306E0
1.253398358E1,-3.535647583E-1,6.204747162E0,6.789431305E0
1.255407558E1,-4.498146057E-1,5.177134094E0,6.669680328E0
1.257416658E1,-6.400689697E-1,3.974684601E0,5.841452637E0
1.259425858E1,-5.824388123E-1,3.006497955E0,4.767286377E0
1.261435058E1,-2.989283752E-1,2.762655029E0,2.836152191E0
1.263444258E1,-4.372407532E-1,2.743644562E0,1.472338257E0
1.265453458E1,-4.902305603E-1,2.585722961E0,1.434167633E0
1.267462658E1,-4.219725037E-1,2.240989838E0,1.679357758E0
1.269471858E1,-5.367837524E-1,1.844314728E0,2.024689636E0
1.271481058E1,-5.622308350E-1,2.101180573E0,2.633473663E0
1.273490158E1,-7.414082336E-1,2.872975616E0,2.977907410E0
1.275499358E1,-2.733316040E-1,3.779490509E0,3.247796173E0
1.277508558E1,-4.432283020E-1,4.694837036E0,4.613406372E0
1.279517758E1,-6.245013428E-1,5.685776367E0,6.898105316E0
1.281526958E1,1.103205872E-1,6.286776581E0,1.064780777E1
1.283536158E1,1.601968689E0,8.366701355E0,1.454645050E1
1.285545358E1,2.747237091E0,1.019769379E1,1.623104736E1
1.287554458E1,3.399580536E0,1.007045837E1,1.735371277E1
1.289563658E1,3.651806030E0,8.964857483E0,1.903786057E1
1.291572858E1,3.018473053E0,9.068142700E0,1.779110321E1
1.293582058E1,3.038980408E0,8.824898529E0,1.451830902E1
1.295591258E1,3.229384460E0,7.745343475E0,1.277353729E1
1.297600458E1,2.962938538E0,5.932463379E0,1.241997253E1
1.299609658E1,2.168540497E0,4.521497498E0,1.082444046E1
1.301618858E1,1.577270050E0,3.807631989E0,8.409212952E0
1.303627958E1,1.162332916E0,4.380341034E0,5.744454346E0
1.305637158E1,1.031355286E0,4.939727783E0,3.820355530E0
1.307646358E1,1.449884949E0,4.601580963E0,4.069437561E0
1.309655558E1,1.366358643E0,3.806434479E0,4.684508514E0
1.311664758E1,7.476951599E-1,3.040327606E0,4.528233490E0
1.313673958E1,2.109114075E-1,3.075504456E0,3.761228485E0
1.315683158E1,-5.987548828E-3,3.085832977E0,2.238894196E0
1.317692358E1,4.480183411E-1,3.293750610E0,2.464026031E0
1.319701458E1,4.285588074E-1,3.484753418E0,3.360960846E0
1.321710658E1,2.694396973E-1,3.010838928E0,4.435127106E0
1.323719858E1,1.365161133E-1,2.622247009E0,4.802163849E0
1.325729058E1,-4.311035156E-2,3.021616516E0,4.285737762E0
1.327738258E1,-5.837860107E-2,4.052223358E0,3.595972137E0
1.329747458E1,-1.410067749E-1,4.992567902E0,3.684887238E0
1.331756658E1,-2.013313293E-1,5.530998230E0,4.478536835E0
1.333765758E1,3.281176758E-1,5.753735046E0,6.569239197E0
1.335774958E1,4.023632813E-1,6.642287292E0,8.569230194E0
1.337784158E1,4.706213379E-1,6.992259521E0,1.003348526E1
1.339793388E1,2.128573608E-1,7.259304199E0,1.272309219E1
1.341802588E1,4.308041382E-1,7.946525116E0,1.565250046E1
1.343811788E1,9.026229858E-1,9.281449127E0,1.755100250E1
1.345820988E1,1.454076233E0,9.766440582E0,1.933633987E1
1.349839288E1,2.207010498E0,7.976013794E0,1.865375931E1
1.351848488E1,2.086960144E0,6.959926758E0,1.646156799E1
1.353857688E1,1.307980042E0,6.167474670E0,1.380144974E1
1.355866888E1,1.329235840E-1,5.537135468E0,1.057805283E1
1.357876088E1,-3.347039795E-1,5.279970245E0,7.807164917E0
1.359885288E1,-7.822732544E-1,5.010380859E0,5.590125275E0
1.361894488E1,-6.807843018E-1,4.476141815E0,4.816234589E0
1.363903588E1,-7.637118530E-1,3.797303467E0,4.470453644E0
1.365912788E1,-7.000941467E-1,2.934497681E0,4.179907837E0
1.367921988E1,-6.969506836E-1,2.332299957E0,3.545227661E0
1.369931188E1,-6.327342224E-1,2.166145477E0,2.589016113E0
1.371940388E1,-5.644761658E-1,2.135459290E0,1.748214569E0
1.373949588E1,-5.081932068E-1,2.146236877E0,1.299597473E0
1.375958788E1,-9.134005737E-1,2.026186523E0,8.065228271E-1
1.377967888E1,-1.298399963E0,1.542392578E0,1.108894043E0
1.379977088E1,-1.467697906E0,1.623074799E0,2.098186798E0
1.381986288E1,-1.154848480E0,2.144590302E0,2.994822235E0
1.383995488E1,-7.553292847E-1,2.988684998E0,3.478915558E0
1.386004688E1,1.451980591E-1,3.931125183E0,4.062701569E0
1.388013888E1,3.505709839E-1,5.025499420E0,4.862488403E0
1.390023088E1,6.768923950E-1,5.235961761E0,7.288643188E0
1.392032188E1,1.222208405E0,5.740263062E0,1.005923172E1
1.394041388E1,1.299896851E0,6.788233795E0,1.227462479E1
1.396050588E1,1.254690857E0,7.875722351E0,1.374097549E1
1.398059788E1,2.196831665E0,8.896000671E0,1.470197708E1
1.400068988E1,3.278931427E0,1.009440857E1,1.524953842E1
1.402078188E1,3.574866028E0,1.029544052E1,1.650363052E1
1.404087388E1,3.291355591E0,8.634943542E0,1.624287277E1
1.406096488E1,3.230282593E0,8.610394592E0,1.587134537E1
1.408105688E1,4.108656006E0,8.456065521E0,1.585622681E1
1.410114888E1,4.753215637E0,7.520660706E0,1.560729446E1
1.412124088E1,4.784051514E0,6.003864899E0,1.493923370E1
1.414133288E1,4.302802277E0,4.548142090E0,1.293145889E1
1.416142488E1,3.763623505E0,4.044888611E0,1.034064651E1
1.418151688E1,3.407813416E0,4.339326324E0,7.557933197E0
1.420160788E1,2.974464569E0,4.620890808E0,5.808221741E0
1.422169988E1,2.469265137E0,4.231550446E0,5.216352539E0
1.424179188E1,2.092498627E0,3.298241272E0,5.121000824E0
1.426188388E1,1.672621765E0,2.467019806E0,4.955894165E0
1.428197588E1,1.105900269E0,2.252964935E0,3.652554474E0
1.430206788E1,7.116201782E-1,2.202070770E0,2.005529480E0
1.432215988E1,6.083349609E-1,2.258952484E0,5.719606018E-1
1.434225088E1,4.165837097E-1,2.167792053E0,1.764830017E-1
1.436234288E1,3.103047180E-1,1.744622040E0,6.941065979E-1
1.438243488E1,3.469784546E-1,1.286275177E0,1.504371643E0
1.440252733E1,2.814147949E-1,1.847607880E0,1.768572235E0
1.442261933E1,3.993695068E-1,2.725831604E0,1.853745117E0
1.444271133E1,4.715194702E-1,3.798800354E0,2.673141174E0
1.446280333E1,1.839674377E-1,4.675078125E0,3.646866302E0
1.448289533E1,5.292993164E-1,5.192552032E0,6.224057007E0
1.450298633E1,1.028511200E0,6.144572296E0,9.660161591E0
1.452307833E1,9.075627136E-1,7.814200287E0,1.049258057E1
1.454317033E1,1.728305969E0,9.445358276E0,1.077264816E1
1.456326233E1,1.780996399E0,1.079435303E1,1.216340607E1
1.458335433E1,1.110091553E0,1.041354492E1,1.411519730E1
1.460344633E1,4.567002869E-1,9.176367645E0,1.589035583E1
1.462353833E1,1.230441284E-1,9.087003479E0,1.562211365E1
1.464362933E1,2.151026917E-1,9.034612427E0,1.384201538E1
1.466372133E1,-1.568737793E-1,8.550369415E0,1.274554550E1
1.468381333E1,-1.177301788E0,7.490124207E0,1.237626343E1
1.470390533E1,-1.748663635E0,5.696703644E0,1.219528976E1
1.472399733E1,-1.758243713E0,3.752995605E0,1.124147324E1
1.474408933E1,-1.643282776E0,3.333867188E0,9.704469452E0
1.476418133E1,-8.919950867E-1,3.483256531E0,8.301287384E0
1.478427233E1,-1.164578247E0,3.500171356E0,7.209308167E0
1.480436433E1,-1.618733826E0,3.263214111E0,6.962172089E0
1.482445633E1,-1.624871063E0,2.307601318E0,7.208559723E0
1.484454833E1,-1.548080750E0,2.167342987E0,7.310348053E0
1.486464033E1,-9.581575012E-1,1.907782745E0,6.833439789E0
1.488473233E1,-1.018182678E0,2.091151428E0,6.024372253E0
1.490482433E1,-9.187893677E-1,3.084036713E0,5.174589386E0
1.492491533E1,-4.649331665E-1,3.405268707E0,5.051844635E0
1.494500733E1,-2.200424194E-1,2.824626160E0,7.243437195E0
1.496509933E1,2.272274780E-1,3.627107391E0,7.428901520E0
1.498519133E1,-6.991960144E-1,3.298091583E0,5.917344818E0
1.500528333E1,-1.003363495E0,2.848576355E0,4.938380585E0
1.502537533E1,-7.294331360E-1,2.805016937E0,5.824837189E0
1.504546733E1,-9.904902649E-1,3.101101227E0,6.883136444E0
1.506555833E1,-5.643264771E-1,3.078348541E0,7.910300446E0
1.508565033E1,3.472778320E-2,3.999832306E0,7.410040741E0
1.510574233E1,-7.963439941E-2,5.058880005E0,7.615413666E0
1.512583433E1,1.923500061E-1,5.043761444E0,8.507109375E0
1.514592633E1,-1.051114197E0,5.003495178E0,1.049826874E1
1.516601833E1,-1.449435883E0,5.329666901E0,1.423210419E1
1.518611033E1,-7.011419678E-1,6.212231598E0,1.316422485E1
1.520620133E1,-7.548802185E-1,6.421197052E0,1.072863968E1
1.522629333E1,-1.360520782E0,6.078110504E0,1.071052734E1
1.524638533E1,-1.084794159E0,6.747069397E0,1.201057388E1
1.526647733E1,-2.680924988E-1,7.227719879E0,1.154878418E1
1.528656933E1,-6.366261292E-1,6.783294067E0,1.154219788E1
1.530666133E1,4.752616882E-1,5.332510986E0,1.221220459E1
1.532675333E1,1.972897339E-1,4.204756165E0,1.350611389E1
1.534684433E1,-2.080673218E-1,3.953728180E0,1.234228409E1
1.536693633E1,1.784289551E-1,4.273163910E0,1.030801437E1
1.538702833E1,4.775070190E-1,4.595743103E0,9.739496613E0
1.540711958E1,7.180567932E-1,3.596570892E0,1.113893646E1
1.542721158E1,-3.091072083E-1,2.133064270E0,1.170969955E1
1.544730358E1,-8.592132568E-1,1.484313354E0,1.042327469E1
1.546739558E1,-3.043171692E-1,2.060315552E0,8.876840515E0
1.548748658E1,9.626481628E-1,2.973267059E0,8.170908508E0
1.550757858E1,8.249345398E-1,2.862198029E0,7.616760864E0
1.552767058E1,2.421963501E-1,1.906585236E0,7.818241882E0
1.554776258E1,-2.893482971E-1,1.219963074E0,8.686137085E0
1.556785458E1,-6.035449219E-1,1.438059540E0,8.028105469E0
1.558794658E1,1.336720276E-1,2.207908630E0,6.909182281E0
1.560803858E1,1.101708984E0,3.157384186E0,6.434070282E0
1.562812958E1,1.162332916E0,3.381617889E0,6.139183502E0
1.564822158E1,6.310876465E-1,3.254083099E0,6.431675262E0
1.566831358E1,4.520599365E-1,3.260070648E0,7.192243652E0
1.568840558E1,5.613327026E-2,3.664679260E0,6.219566345E0
1.570849758E1,-3.926335144E-1,3.765569458E0,4.551285553E0
1.572858958E1,-7.792794800E-1,4.336781616E0,6.580615540E0
1.574868158E1,-4.363426208E-1,3.840563507E0,8.157137146E0
1.575695971E1,-2.547702026E-1,5.027145996E0,7.754025421E0
1.577705171E1,-9.550140381E-2,5.154680786E0,7.969427490E0
1.579714371E1,7.014413452E-1,5.323379974E0,8.912316742E0
1.581723571E1,6.641688538E-1,4.968617706E0,9.798623657E0
1.583732671E1,5.727090454E-1,4.716392212E0,8.832083588E0
1.585741871E1,2.380050659E-1,4.852010193E0,7.891140289E0
1.587751071E1,2.380050659E-2,4.611310730E0,7.561226349E0
1.589760271E1,2.347119141E-1,4.745132446E0,7.591613159E0
1.591769471E1,2.124082947E-1,4.578079834E0,8.415799255E0
1.593778671E1,4.158352661E-1,4.438719635E0,8.459059296E0
1.595787871E1,6.840774536E-2,4.805007935E0,7.795938263E0
1.597797071E1,3.613485718E-1,4.880001984E0,7.545359344E0
1.599806171E1,4.508624268E-1,4.849615173E0,7.723488922E0
1.601815371E1,5.526507568E-1,4.776866455E0,8.277187500E0
1.603824571E1,8.704399109E-1,4.563709717E0,8.573720856E0
1.605833771E1,8.855584717E-1,4.608316956E0,8.241860962E0
1.607842971E1,5.848338318E-1,4.749174042E0,7.833959198E0
1.609852171E1,6.321354675E-1,4.811145172E0,7.781717834E0
1.611861371E1,6.496490479E-1,4.882247314E0,7.982001343E0
1.613870471E1,4.191284180E-1,4.832700348E0,8.412655792E0
1.615879671E1,7.375163269E-1,5.329966278E0,9.157207489E0
1.617888871E1,7.409591675E-1,5.618117065E0,9.533824310E0
1.619898071E1,2.583627319E-1,5.422922974E0,8.829089813E0
1.621907271E1,1.764830017E-1,5.982908478E0,8.876840515E0
1.623916471E1,1.561253357E-1,5.712420959E0,9.342222748E0
1.625925571E1,-3.592529297E-3,5.682183838E0,9.461075592E0
1.627934771E1,2.005828857E-1,5.817951508E0,9.208401031E0
1.629943971E1,6.631210327E-2,5.363346863E0,9.059909821E0
1.631953171E1,-1.445993042E-1,5.016667786E0,9.764644318E0
1.633962371E1,-4.905299377E-1,4.553081818E0,1.040156982E1
1.635971571E1,-8.845106506E-1,4.518952789E0,9.882599030E0
1.637980771E1,-9.063652039E-1,4.766987000E0,9.745334473E0
1.639989871E1,-9.440867615E-1,5.180876312E0,9.617949371E0
1.641999071E1,-1.354383545E0,5.096900940E0,9.614656219E0
1.644008271E1,-9.000782776E-1,4.478387146E0,1.046548691E1
1.646017471E1,-8.104147339E-1,3.762725372E0,1.014979340E1
1.648026658E1,-7.574249268E-1,3.214565277E0,1.034154465E1
1.650035858E1,-7.891589355E-1,3.088826752E0,1.073447754E1
1.652045058E1,-9.933343506E-1,3.321293335E0,1.054377411E1
1.654054158E1,-1.703307953E0,3.392096100E0,1.063822769E1
1.656063358E1,-1.387165375E0,4.193529510E0,1.088281906E1
1.658072558E1,-1.369951172E0,5.844446411E0,1.170266418E1
1.660081758E1,-1.558708649E0,7.286547546E0,1.262983612E1
1.662090958E1,-2.147883453E0,8.598419495E0,1.236428833E1
1.664100158E1,-2.436483307E0,7.732769623E0,1.400128418E1
1.666109358E1,-2.071093140E0,5.818400574E0,1.542587173E1
1.668118458E1,-1.215023346E0,5.434748383E0,1.453103256E1
1.670127658E1,-1.274749146E0,5.656138000E0,1.142274628E1
1.672136858E1,-1.770817566E-1,5.244494019E0,9.096882935E0
1.674146058E1,6.390211487E-1,3.489693146E0,8.603808289E0
1.676155258E1,9.180409241E-1,1.388811951E0,7.942333832E0
1.678164458E1,7.586224365E-1,-6.411167908E-1,6.956334229E0
1.680173658E1,1.241218872E0,-1.641636200E0,6.390660553E0
1.682182758E1,2.763403473E0,-5.932164001E-1,6.251899109E0
1.684191958E1,3.045117645E0,8.470884705E-1,5.257666626E0
1.686201158E1,2.782264252E0,4.219725037E-1,5.323379974E0
1.688210358E1,3.053200836E0,-1.320254517E-1,6.151907043E0
1.690219558E1,2.336491241E0,5.748046875E-1,5.869444427E0
1.692228758E1,1.774859161E0,2.479443970E0,4.721481628E0
1.694237958E1,1.263522491E0,4.547393646E0,4.738097076E0
1.696247058E1,-6.170169067E-1,5.856421509E0,6.383924561E0
1.698256258E1,-8.967851257E-1,5.613925781E0,9.157955933E0
1.700265458E1,6.810836792E-2,5.761668549E0,1.097293167E1
1.702274658E1,-1.796264648E-2,6.638245697E0,1.069466034E1
1.704283858E1,-2.180964661E-1,8.070167999E0,1.107801315E1
1.706293058E1,-6.432124329E-1,8.196804657E0,1.221489899E1
1.708302258E1,-1.526675262E0,7.861651611E0,1.226429626E1
1.710311358E1,-1.410965881E0,8.009693756E0,1.234437973E1
1.712320558E1,2.270777893E-1,7.542964325E0,1.398736313E1
1.714329758E1,9.798623657E-1,5.671256561E0,1.176703033E1
1.716338958E1,-1.619631958E-1,3.962859192E0,8.052953796E0
1.718348158E1,-9.584568787E-1,3.062481537E0,5.120402069E0
1.720357358E1,-1.585502930E0,2.862198029E0,3.742517395E0
1.722366558E1,-1.829944611E0,2.770139465E0,3.403771820E0
1.724375658E1,-1.862876129E0,2.187700653E0,4.896467743E0
1.726384858E1,-1.967957611E0,8.352630615E-1,5.410498810E0
1.728394058E1,-3.074456635E0,9.614506531E-1,4.689597931E0
1.730403258E1,-3.782484283E0,2.852468262E0,4.312681732E0
1.732412458E1,-3.059936829E0,4.027674408E0,6.299799500E0
1.734421658E1,-1.712738342E0,4.642445984E0,8.412955170E0
1.736430858E1,-1.498084717E0,5.808371429E0,9.752818909E0
1.738439958E1,-1.675914917E0,5.956862640E0,1.044917084E1
1.740449158E1,-8.333171082E-1,5.729186096E0,1.183558777E1
1.742458358E1,-6.427633667E-1,5.826932831E0,1.349144440E1
1.744467558E1,-9.758207703E-1,6.118376770E0,1.368065094E1
1.746476808E1,-9.786648560E-1,7.131919098E0,1.221070770E1
1.748486008E1,-7.807763672E-1,7.438780975E0,1.146974854E1
1.750495208E1,-1.035845947E-1,6.349496155E0,1.187555466E1
1.752504308E1,2.149530029E-1,5.248385925E0,1.158126663E1
1.754513508E1,2.320175171E-1,3.550766144E0,1.040725800E1
1.756522708E1,9.560618591E-1,2.516566772E0,9.786199493E0
1.758531908E1,1.235381012E0,2.084714813E0,7.840096436E0
1.760541108E1,1.016835480E0,1.475032654E0,6.174060974E0
1.762550308E1,1.298849030E0,8.193960571E-1,5.758225708E0
1.764559508E1,1.321751404E0,2.543211365E-1,5.734275513E0
1.766568608E1,1.311572571E0,7.937992859E-1,7.429949341E0
1.768577808E1,1.800455933E0,2.040406952E0,7.670349426E0
1.770587008E1,2.134261780E0,3.562441864E0,7.282955017E0
1.772596208E1,1.686542816E0,4.559817810E0,7.959997101E0
1.774605408E1,1.685794373E0,3.978127441E0,9.984537048E0
1.776614608E1,2.498304749E0,3.070864105E0,1.206655746E1
1.778623708E1,2.752775574E0,3.341201935E0,1.310943878E1
1.780632908E1,2.224823456E0,4.048181763E0,1.128338608E1
1.782642108E1,1.432071991E0,4.537813568E0,9.340576172E0
1.784651308E1,6.460565186E-1,4.392914886E0,7.662715302E0
1.786660508E1,-4.834945679E-2,3.785178680E0,6.746470642E0
1.788669708E1,-2.589614868E-2,3.136278076E0,7.143744507E0
1.790678908E1,1.010398865E-1,2.223625946E0,7.047494659E0
1.792688008E1,-1.601669312E-1,2.085313568E0,6.890770569E0
1.794697208E1,-2.278262329E-1,2.396067352E0,6.346053314E0
1.796706408E1,-3.731739807E-1,2.645897827E0,6.143823853E0
1.798715608E1,-2.628533936E-1,2.964884491E0,6.478827209E0
1.800724808E1,-3.989204407E-1,3.370241547E0,6.050118713E0
1.802734008E1,-9.225315857E-1,3.821403351E0,5.894292755E0
1.804743208E1,-1.144669647E0,4.367467804E0,7.127877502E0
1.806752308E1,-1.184187469E0,5.238656158E0,9.790390778E0
1.808761508E1,-7.435038757E-1,5.906866608E0,1.222343124E1
1.810770708E1,-2.218386841E-1,6.141129456E0,1.456396408E1
1.812779908E1,2.170486450E-2,5.777385864E0,1.594633942E1
1.814789108E1,-4.848417664E-1,6.277495880E0,1.592358673E1
1.816798308E1,6.915618896E-2,6.906487885E0,1.572584793E1
1.818807408E1,2.933898926E-2,6.171665955E0,1.559561874E1
1.820816608E1,-6.899153137E-1,4.492757263E0,1.433494034E1
1.822825808E1,-8.990304565E-1,3.672014008E0,1.199291061E1
1.824835008E1,-9.018745422E-1,3.672014008E0,1.000998413E1
1.826844208E1,-5.228627014E-1,3.622916107E0,8.531808014E0
1.828853408E1,-4.553530884E-1,3.679947510E0,7.770341492E0
1.830862608E1,-1.499880981E-1,3.479214935E0,7.182513885E0
1.832871708E1,7.559280396E-2,3.020269318E0,6.643335114E0
1.834880908E1,3.632945251E-1,2.604434052E0,6.437363434E0
1.836890108E1,4.598437500E-1,2.001487885E0,6.260581055E0
1.838899308E1,4.370910645E-1,1.754202118E0,6.175408173E0
1.840908508E1,1.775308228E-1,1.954934692E0,5.617817688E0
1.842917708E1,-1.127156067E-1,1.942061462E0,4.423750763E0
1.844926908E1,-4.796026611E-1,2.177821198E0,4.135599976E0
1.846935983E1,-3.951782227E-2,2.036515045E0,5.310207367E0
1.848945183E1,-1.329235840E-1,2.282004547E0,6.065686340E0
1.850954383E1,-4.125421143E-1,3.234623566E0,6.249055023E0
1.852963583E1,-5.578898621E-1,4.002077637E0,6.907086639E0
1.854972783E1,-5.028044128E-1,4.773124237E0,7.966733093E0
1.856981983E1,-5.016069031E-1,5.527555389E0,9.831555176E0
1.858991083E1,-1.363664246E-1,5.666765900E0,1.050081345E1
1.861000283E1,3.414399719E-1,5.733227692E0,9.838590546E0
1.863009483E1,1.153052216E0,6.052813110E0,1.045575714E1
1.865018683E1,2.189347229E0,5.992787933E0,1.158216476E1
1.867027883E1,2.354902954E0,5.527705078E0,1.196521820E1
1.869037083E1,1.167122955E0,5.123545532E0,1.179756683E1
1.871046283E1,9.063652039E-1,4.694986725E0,1.219064941E1
1.873055383E1,1.421893158E0,3.573369141E0,1.348815125E1
1.875064583E1,1.772763519E0,2.447709961E0,1.353934479E1
1.877073783E1,1.549278259E0,2.861150208E0,1.037163208E1
1.879082983E1,7.777825928E-1,4.487368469E0,6.985074463E0
1.881092183E1,4.808001709E-1,4.943619690E0,5.775439911E0
1.883101383E1,6.872209167E-1,4.091292114E0,6.993606720E0
1.885110483E1,6.646179199E-1,3.176694031E0,7.549101563E0
1.887119683E1,6.933581543E-1,2.847229156E0,6.634054413E0
1.889128883E1,3.815565491E-1,2.846331024E0,5.497168579E0
1.891138083E1,-2.888992310E-2,2.649041290E0,4.876559143E0
1.893147283E1,-9.280700684E-2,2.477647705E0,5.505700836E0
1.895156483E1,-2.775228882E-1,2.601140900E0,5.702242126E0
1.897165683E1,-4.716691589E-1,3.093167725E0,5.540727997E0
1.899174783E1,-6.153703308E-1,3.674858093E0,5.677094421E0
1.901183983E1,-6.791377258E-1,4.427642670E0,6.753655701E0
1.903193183E1,-7.295828247E-1,5.204676819E0,8.293952637E0
1.905202383E1,-7.081773376E-1,5.784870300E0,9.973460083E0
1.907211583E1,-8.617579651E-1,6.503974915E0,1.107262436E1
1.909220783E1,-9.077124023E-1,6.624624023E0,1.205413330E1
1.911229883E1,-1.310225372E0,6.190377045E0,1.333367249E1
1.913239083E1,-1.904639282E0,5.698050842E0,1.466784805E1
1.915248283E1,-2.342329102E0,5.875581665E0,1.437520660E1
1.917257483E1,-2.123184814E0,6.566694489E0,1.348381027E1
1.919266683E1,-1.631906433E0,6.605912933E0,1.383572845E1
1.921275883E1,-1.548380127E0,5.378764801E0,1.359323273E1
1.923285083E1,-1.783391418E0,4.193529510E0,1.360895004E1
1.925294183E1,-1.245859222E0,3.345093842E0,1.286873932E1
1.927303383E1,-1.124761047E0,3.517684937E0,1.091275681E1
1.929312583E1,-1.123862915E0,4.179907837E0,8.561895447E0
1.931321783E1,-1.259331207E0,3.989204407E0,6.426885223E0
1.933330983E1,-1.471589813E0,3.390449524E0,5.769452362E0
1.935340183E1,-8.402027893E-1,2.641856232E0,5.620362396E0
1.937349283E1,-9.954299927E-2,2.538121948E0,5.455854492E0
1.939358483E1,1.130149841E-1,2.766696625E0,4.694387970E0
1.941367683E1,9.729766846E-3,2.776426392E0,3.296295319E0
1.943376883E1,-5.477110291E-1,2.557731171E0,3.259920959E0
1.945386083E1,-3.929328918E-1,2.196981354E0,4.682113495E0
1.947395221E1,-3.016227722E-1,1.905836792E0,5.024750977E0
1.949404321E1,-5.406756592E-1,2.330653381E0,4.833598480E0
1.951413521E1,-2.392025757E-1,2.986289978E0,5.174140320E0
1.953422721E1,-3.829037476E-1,3.460354156E0,5.932912445E0
1.955431921E1,-3.396437073E-1,3.812571716E0,7.684420166E0
1.957441121E1,3.366499329E-1,3.602109375E0,9.596693573E0
1.959450321E1,1.588796082E0,4.152514801E0,1.040561142E1
1.961459421E1,2.216740265E0,5.195246429E0,1.085228256E1
1.963468621E1,2.378853149E0,5.047054596E0,1.106948090E1
1.965477821E1,2.007774811E0,4.260290680E0,1.036549484E1
1.967487021E1,1.542841644E0,4.006119232E0,9.347312164E0
1.969496221E1,1.499731293E0,3.756139069E0,8.932524719E0
1.971505421E1,1.924098816E0,2.834206238E0,1.074241104E1
1.973514621E1,1.518442383E0,1.430874481E0,1.207029968E1
1.975523721E1,1.139580231E0,1.793719940E0,1.125359802E1
1.977532921E1,1.127455444E0,4.113146667E0,9.055419159E0
1.979542121E1,1.193767548E0,6.051016846E0,8.949439545E0
1.981551321E1,1.306632843E0,5.626499634E0,1.071591614E1
1.983560521E1,3.974235535E-1,4.993316345E0,1.247805176E1
1.985569721E1,4.915777588E-1,5.758076019E0,1.359098740E1
1.987578821E1,6.631210327E-2,7.637118530E0,1.236623428E1
1.989588021E1,-2.293231201E-1,8.814869385E0,1.130209717E1
1.991597221E1,-2.115101624E-1,8.234376526E0,1.220172638E1
1.993606421E1,-1.781295776E-1,6.641089783E0,1.352886658E1
1.995615621E1,4.655319214E-2,5.145250397E0,1.382300491E1
1.997624821E1,1.035845947E-1,3.765569458E0,1.144924118E1
1.999633921E1,3.577560425E-1,2.790197754E0,7.683821411E0
2.001643121E1,-6.571334839E-2,2.242187347E0,4.767436066E0
2.003652321E1,-9.598040771E-1,1.418001251E0,3.582949219E0
2.005661521E1,-1.274150391E0,8.303233337E-1,4.492457886E0
2.007670721E1,-5.834866333E-1,7.613168335E-1,6.836134186E0
2.009679921E1,-3.382965088E-1,8.460406494E-1,7.579338684E0
2.011689121E1,-1.068029022E0,2.233056335E0,5.376220093E0
2.013698221E1,-2.683469696E0,4.678970032E0,3.423381042E0
2.015707421E1,-3.262315979E0,5.520070953E0,4.462071075E0
2.017716621E1,-2.319576416E0,5.254523163E0,8.970994720E0
2.019725821E1,-2.685415649E-1,6.074517975E0,1.302052368E1
2.021735021E1,6.833290100E-1,7.269033966E0,1.333995941E1
2.023744221E1,3.649411011E-1,7.973319397E0,1.310390030E1
2.025753321E1,-3.183879089E-1,6.561754761E0,1.497485962E1
2.027762521E1,-1.411864014E0,4.741988983E0,1.571462128E1
2.029771721E1,-1.141226807E0,4.319118347E0,1.463072525E1
2.031780921E1,-3.731739807E-1,4.913981323E0,1.221235428E1
2.033790121E1,9.684860229E-2,4.614903259E0,9.974956970E0
2.035799321E1,2.731819153E-1,3.584595795E0,8.180937653E0
2.037808521E1,1.998344421E-1,2.461032257E0,6.886728973E0
2.039817621E1,4.535568237E-1,1.127754822E0,5.905220032E0
2.041826821E1,6.394702148E-1,-2.444416809E-1,4.521347809E0
2.043836021E1,9.048683167E-1,-8.867559814E-1,3.402873688E0
2.045845221E1,1.144070892E0,-6.725514221E-1,3.263064423E0
2.047854450E1,1.460363159E0,-6.610253906E-1,4.952750702E0
2.049863650E1,1.547332306E0,-1.197360077E0,6.509962463E0
2.051872750E1,2.502496033E0,-4.291575623E-1,5.429209900E0
2.053881950E1,3.214565277E0,1.994153137E0,4.364923096E0
2.055891150E1,2.418969727E0,3.763623505E0,3.717669067E0
2.057900350E1,1.429078217E0,4.070186005E0,5.248385925E0
2.059909550E1,1.660197601E0,3.360062714E0,8.165968781E0
2.061918750E1,2.446213074E0,3.830384674E0,9.351353760E0
2.063927950E1,2.009720764E0,5.936954041E0,9.726623383E0
2.065937050E1,1.059496765E0,6.860982513E0,1.069660629E1
2.067946250E1,-3.650907898E-1,6.103856964E0,1.315239944E1
2.069955450E1,-7.463479614E-1,5.803581390E0,1.581775681E1
2.071964650E1,4.191284180E-2,6.288123779E0,1.786804321E1
2.073973850E1,1.643582153E-1,6.887776794E0,1.737257355E1
2.075983050E1,-5.912704468E-2,6.521937561E0,1.394979126E1
2.077992150E1,-2.380050659E-1,5.647456055E0,1.151914581E1
2.080001350E1,-5.697152710E-1,3.952231293E0,9.837243347E0
2.082010550E1,-1.705702972E0,2.780318298E0,9.322014771E0
2.084019750E1,-2.032024384E0,1.982477417E0,8.916957092E0
2.086028950E1,-1.760039978E0,1.681902466E0,7.625891876E0
2.088038150E1,-1.365909576E0,1.971400452E0,6.883884888E0
2.090047350E1,-9.671388245E-1,2.047142944E0,7.817343750E0
2.092056450E1,-7.568261719E-1,1.528471527E0,7.150929565E0
2.094065650E1,-9.876461792E-1,1.928290100E0,7.198680267E0
2.096074850E1,-1.240171051E0,3.496578827E0,8.072563019E0
2.098084050E1,-1.432521057E0,4.609514465E0,9.939480743E0
2.100093250E1,-1.229543152E0,4.275858307E0,1.184621567E1
2.102102450E1,-7.888595581E-2,4.341122589E0,1.377944550E1
2.104111650E1,2.631527710E-1,4.845274200E0,1.504117172E1
2.106120750E1,-1.324745178E-1,4.623435516E0,1.468117035E1
2.108129950E1,-8.496331787E-1,4.344715118E0,1.298699341E1
2.110139150E1,-1.395847321E0,5.004842377E0,1.115375565E1
2.112148350E1,-1.247954865E0,5.166057129E0,1.045246399E1
2.114157550E1,-1.034798126E0,4.392615509E0,9.902956696E0
2.116166750E1,-1.239272919E0,3.553909607E0,7.852221222E0
2.118175850E1,-1.084195404E0,3.031495972E0,5.740861816E0
2.120185050E1,-1.781295776E-1,1.874851227E0,4.324507141E0
2.122194250E1,5.900729370E-1,7.402107239E-1,4.668940887E0
2.124203450E1,1.435514832E0,8.906478882E-2,6.715185699E0
2.126212650E1,1.758692780E0,-6.224057007E-1,6.529871063E0
2.128221850E1,9.648934937E-1,-9.027726746E-1,4.157005463E0
2.130231050E1,1.362167358E-1,-6.221063232E-1,2.185455322E0
2.132240150E1,2.234852600E-1,-6.712042236E-1,3.152594147E0
2.134249350E1,1.389560394E0,-1.769320679E-1,5.864355011E0
2.136258550E1,2.147135010E0,1.087937622E0,6.886130219E0
2.138267750E1,1.587149506E0,2.144739990E0,6.487808533E0
2.140276950E1,1.040486298E0,3.971840515E0,7.209607544E0
2.142286150E1,1.160985718E0,4.969366150E0,1.039049286E1
2.144295250E1,1.571581879E0,4.414320374E0,1.376672195E1
2.146304450E1,2.561174011E0,4.589605865E0,1.491812759E1
2.148313646E1,2.256407776E0,5.894143066E0,1.388841888E1
2.150322846E1,1.373244324E0,7.112459564E0,1.356449249E1
2.152332046E1,5.001100159E-1,6.829398193E0,1.412552582E1
2.154341246E1,-5.745053101E-1,6.322552185E0,1.472697510E1
2.156350446E1,-1.276096344E0,6.121819611E0,1.359293335E1
2.158359546E1,-1.351838837E0,6.283483429E0,1.304522232E1
2.160368746E1,-6.650669861E-1,6.064788208E0,1.323038727E1
2.162377946E1,1.137634277E-1,4.940775604E0,1.182765427E1
2.164387146E1,-6.960525513E-1,3.096610565E0,1.008303223E1
2.166396346E1,-1.541195068E0,2.189347229E0,7.930658112E0
2.168405546E1,-2.458637238E0,2.140399017E0,5.031786346E0
2.170414646E1,-2.866539001E0,2.227517853E0,3.750450897E0
2.172423846E1,-2.235451355E0,1.651515656E0,5.211113434E0
2.174433046E1,-1.504521332E0,1.215023346E0,7.107220459E0
2.176442246E1,-1.419049072E0,1.166374512E0,7.088509369E0
2.178451446E1,-9.837542725E-1,1.788181458E0,6.471342773E0
2.180460646E1,-1.180445251E0,3.066223755E0,6.475234680E0
2.182469746E1,-1.992057495E0,4.593497772E0,8.513246613E0
2.184478946E1,-2.581980743E0,5.067561951E0,1.133398087E1
2.186488146E1,-2.051034851E0,4.801714783E0,1.333442093E1
2.188497346E1,-5.638774109E-1,5.771697693E0,1.306827438E1
2.190506546E1,-2.329156494E-1,6.585255890E0,1.263163239E1
2.192515746E1,-7.408094788E-1,5.723048859E0,1.528770905E1
2.194524846E1,-1.273401947E0,4.918921051E0,1.372211472E1
2.196534046E1,-1.518442383E0,6.096821594E0,1.043899200E1
2.198543246E1,-6.215075684E-1,5.853278046E0,9.376651154E0
2.200552446E1,-3.391946411E-1,4.474794617E0,1.050650162E1
2.202561646E1,8.692424011E-1,3.462599487E0,1.181133820E1
2.204570846E1,1.280137939E0,2.334994354E0,1.146929947E1
2.206580046E1,7.140151978E-1,1.886676636E0,9.583221588E0
2.208589146E1,-1.751358032E-2,1.644480286E0,6.830745392E0
2.210598346E1,-5.745053101E-1,1.638193359E0,4.741839294E0
2.212607546E1,-2.161505127E-1,1.651515656E0,4.922812958E0
2.214616746E1,1.053060150E0,1.713037720E0,7.411238251E0
2.216625946E1,7.259902954E-1,1.033600616E0,9.336983643E0
2.218635146E1,4.993615723E-1,8.704399109E-1,8.799900513E0
2.220644246E1,-3.457809448E-2,2.720891876E0,5.515430603E0
2.222653446E1,1.984872437E-1,4.631069641E0,4.199217682E0
2.224662646E1,2.683918762E-1,4.239334259E0,6.720724182E0
2.226671846E1,-5.936654663E-1,3.380420380E0,8.057294769E0
2.228681046E1,-5.028044128E-1,3.448678436E0,6.946005707E0
2.230690246E1,-7.054829407E-1,4.233945465E0,5.746999054E0
2.232699346E1,1.341210938E-1,5.112767944E0,6.975045319E0
2.234708546E1,9.710307312E-1,5.146298218E0,1.015203873E1
2.236717746E1,8.502319336E-1,4.141587524E0,1.123413849E1
2.238726946E1,8.981323242E-4,3.326981506E0,9.285490723E0
2.240736146E1,-2.083966370E0,3.817661133E0,5.311404877E0
2.242745346E1,1.384021912E0,4.727469177E0,9.808952179E0
2.244754446E1,8.562194824E-1,4.475243683E0,7.889194336E0
2.246309958E1,-1.230740662E0,4.435276794E0,7.884853363E0
2.248319058E1,-4.650828552E-1,4.868775330E0,8.674012299E0
2.250328258E1,2.701881409E-1,5.579946442E0,8.402926025E0
2.252337458E1,1.493893433E-1,5.545218658E0,7.910450134E0
2.254346658E1,-4.522096252E-1,5.160219269E0,7.958350525E0
2.256355858E1,-3.498225403E-1,4.975204010E0,8.285719757E0
2.258364958E1,-1.908531189E-1,4.983736267E0,8.745563507E0
2.260374158E1,2.236349487E-1,5.181774445E0,8.438701630E0
2.262383358E1,1.308279419E-1,5.300776978E0,7.941435699E0
2.264392558E1,1.098715210E-1,5.202281799E0,8.009244690E0
2.266401758E1,1.407073975E-1,5.077591095E0,8.124654694E0
2.268410858E1,3.013233948E-1,5.165158997E0,7.924969940E0
2.270420058E1,5.195695496E-1,5.182522888E0,7.689359894E0
2.272429258E1,4.572990417E-1,5.251679077E0,7.990383911E0
2.274438458E1,4.608915710E-1,5.051844635E0,8.110883331E0
2.276447658E1,4.535568237E-1,4.968917084E0,8.191715240E0
2.278456758E1,5.700146484E-1,5.145100708E0,7.515571289E0
2.280465958E1,6.059399414E-1,5.310955811E0,7.005731506E0
2.282475208E1,6.682104492E-1,5.199737091E0,7.471263428E0
2.284484408E1,6.746470642E-1,4.670288086E0,8.001909943E0
2.286493608E1,1.032552795E0,4.757107544E0,7.879015503E0
2.288502708E1,1.358724518E0,4.874463501E0,7.307803345E0
2.290511908E1,9.919871521E-1,5.150339813E0,7.236252136E0
2.292521108E1,5.966592407E-1,5.780828705E0,6.997049561E0
2.294530308E1,2.779719543E-1,6.137237549E0,7.806416473E0
2.296539508E1,-1.148112488E-1,5.861361237E0,8.565338287E0
2.298548608E1,-5.716612244E-1,5.823789368E0,8.663983154E0
2.300557808E1,-7.414082336E-1,6.264323273E0,8.883576508E0
2.302567008E1,-4.972659302E-1,6.679559784E0,9.460327148E0
2.304576208E1,-3.261717224E-1,6.215824127E0,9.823172607E0
2.306585408E1,-1.107097778E0,5.488636322E0,9.612410889E0
2.308594508E1,-1.658101959E0,4.763095093E0,8.203840027E0
2.310603708E1,-2.132315826E0,4.553979950E0,6.715634766E0
2.312612908E1,-2.751278687E0,5.029840393E0,6.274502106E0
2.314622108E1,-1.906734924E0,5.263504486E0,8.582702179E0
2.316631308E1,-1.757195892E0,5.180427246E0,1.104987167E1
2.318640408E1,-2.023641815E0,5.002896423E0,1.116513199E1
2.320649608E1,-2.181114349E0,5.141807556E0,1.093161758E1
2.322658808E1,-1.557211761E0,4.958438873E0,1.185310135E1
2.324668008E1,-1.651964722E0,3.974235535E0,1.191402466E1
2.326677208E1,-2.514321442E0,3.199746094E0,1.242775635E1
2.328686308E1,-2.173629913E0,3.238365784E0,1.319955139E1
2.332202408E1,-2.125430145E0,5.516029358E0,1.200922668E1
2.334211608E1,-2.652334442E0,6.498286743E0,1.342408447E1
2.336220808E1,-2.661465454E0,5.998176727E0,1.563304092E1
2.338229908E1,-2.339185638E0,5.658083954E0,1.629137192E1
2.340239108E1,-1.900747375E0,5.302872620E0,1.522424103E1
2.342248308E1,-1.657652893E0,5.254523163E0,1.366837646E1
2.344257508E1,-2.000290375E0,4.845423889E0,1.193887299E1
2.346266708E1,-1.706900482E0,3.907025299E0,9.977651367E0
2.348275808E1,-6.686595154E-1,2.649640045E0,8.390202484E0
2.350285008E1,5.313949585E-2,1.329235840E0,8.240962830E0
2.352294208E1,9.300160217E-1,-5.926176453E-1,8.148155823E0
2.354303408E1,9.047186279E-1,-2.202819214E0,7.079078979E0
2.356312608E1,1.038690033E0,-2.032174072E0,4.973407745E0
2.358321708E1,1.418600006E0,-7.932005310E-1,4.276457062E0
2.360330908E1,2.382595367E0,1.589694214E-1,6.037095795E0
2.362340108E1,2.573897552E0,-5.059478760E-2,8.343798981E0
2.364349308E1,2.661615143E0,2.829116821E-2,9.292975159E0
2.366358508E1,2.095043335E0,1.873653717E0,7.756270752E0
2.368367608E1,1.281185760E0,4.874313812E0,5.456153870E0
2.370376808E1,-5.453160095E-1,7.087311859E0,5.822142792E0
2.372386008E1,-1.546883240E0,6.984326019E0,7.873926086E0
2.374395208E1,-2.519560547E0,6.664291534E0,1.033585648E1
2.376404408E1,-3.005450134E0,6.182443542E0,1.065334625E1
2.378413508E1,-3.503015442E0,6.791976013E0,1.107980942E1
2.380422708E1,-2.499053192E0,7.498057709E0,1.209499832E1
2.382431908E1,-1.146465912E0,6.880142670E0,1.262579453E1
2.384441108E1,-1.563498688E0,4.909041595E0,9.883497162E0
2.386450308E1,-1.639390869E0,3.929628296E0,6.687792664E0
2.388459408E1,-2.288441162E0,2.908451843E0,4.933590546E0
2.390468608E1,-2.146536255E0,1.833686829E0,6.860832825E0
2.392477808E1,-1.625020752E0,6.294410706E-1,9.489516449E0
2.394487008E1,-1.500928802E0,-2.067201233E-1,8.348888397E0
2.396496208E1,-2.952460327E0,1.039438477E0,6.260730743E0
2.398505408E1,-4.683011627E0,3.108735352E0,4.964875488E0
2.400514508E1,-4.802463226E0,3.481759644E0,6.344556427E0
2.402523708E1,-2.849324799E0,3.168910217E0,1.004546036E1
2.404532908E1,-1.572929077E0,3.047512665E0,1.195908096E1
2.406542108E1,-2.167193298E0,4.397555237E0,1.105166794E1
2.408551308E1,-2.931803284E0,6.565646667E0,8.762927399E0
2.410560408E1,-3.139271851E0,6.521937561E0,9.261989594E0
2.412569608E1,-2.656376038E0,4.495900726E0,1.237686218E1
2.414578808E1,-1.586999817E0,3.493285675E0,1.356045090E1
2.416588008E1,-6.212081909E-1,3.688629456E0,1.427716049E1
2.418597208E1,7.542814636E-1,3.464096375E0,1.349009720E1
2.420606308E1,1.295106812E0,2.408790894E0,1.039977356E1
2.422615508E1,1.348695374E0,1.365011444E0,7.251520386E0
2.424624708E1,1.339863739E0,1.359173584E-1,5.336402893E0
2.426633908E1,1.387764130E0,-8.499325562E-1,4.973557434E0
2.428643108E1,1.897603912E0,-6.988966370E-1,6.403084717E0
2.430652308E1,2.386038208E0,-5.493576050E-2,8.867260437E0
2.432661408E1,3.172502747E0,7.430548096E-1,8.161478119E0
2.434670608E1,2.354753265E0,1.549427948E0,5.541326752E0
2.436679808E1,1.493444366E0,2.589614868E0,4.176914062E0
2.438689008E1,5.589376831E-1,2.762505341E0,6.237528992E0
2.440698208E1,5.281018066E-1,2.775827637E0,1.105211700E1
2.442707308E1,2.642904053E0,2.652035065E0,1.193318481E1
2.444716508E1,2.159858551E0,3.596121826E0,1.125240051E1
2.446725708E1,1.515448608E0,4.940326538E0,9.297016754E0
2.448734908E1,5.316943359E-1,5.285808105E0,9.207353210E0
2.450744108E1,-1.167122955E0,4.604574738E0,1.001926483E1
2.452753208E1,-1.784289551E0,4.466112671E0,1.063224014E1
2.454762408E1,-1.110690308E0,5.650300140E0,1.153875504E1
2.456771608E1,-1.347198486E-1,7.245532837E0,1.204560104E1
2.458780808E1,6.735992432E-3,7.641758881E0,1.101185074E1
2.460790008E1,-7.554789734E-1,7.113657074E0,9.690099335E0
2.462799108E1,-1.487905884E0,5.818250885E0,9.427245941E0
2.464808308E1,-1.803449707E0,4.341272278E0,8.948092346E0
2.466817508E1,-1.745220795E0,3.157084808E0,7.387587433E0
2.468826708E1,-1.979633331E0,2.554438019E0,5.602399750E0
2.470835908E1,-2.347418518E0,2.218087463E0,4.408781891E0
2.472845108E1,-3.561394043E0,2.071392517E0,5.517226868E0
2.474854208E1,-3.247796173E0,1.971101074E0,8.066575470E0
2.476863408E1,-2.972069550E0,1.773661652E0,8.729546814E0
2.478872608E1,-3.057990875E0,2.507884827E0,7.886949005E0
2.480881808E1,-3.199895782E0,3.500919800E0,7.152426453E0
2.482891000E1,-2.671793976E0,3.557202759E0,8.580456848E0
2.484900100E1,-2.284249878E0,3.268453217E0,1.067954178E1
2.486909300E1,-2.363734589E0,2.493814087E0,1.103295685E1
2.488918500E1,-2.389780426E0,2.938090210E0,1.173409882E1
2.490927700E1,-1.870809631E0,3.993395691E0,1.265423538E1
2.492936900E1,-1.452130280E0,4.448898468E0,1.259391083E1
2.494946100E1,-1.473386078E0,4.919519806E0,1.272399033E1
2.496955200E1,-1.894460449E0,4.845274200E0,1.217193832E1
2.498964400E1,-2.131268005E0,4.844376068E0,1.231159790E1
2.500973600E1,-2.424657898E0,4.509073334E0,1.239108261E1
2.502982800E1,-2.213297424E0,4.882397003E0,1.163051422E1
2.504992000E1,-1.825903015E0,4.956642609E0,1.010728180E1
2.507001100E1,-1.405277710E0,4.129762115E0,8.949140167E0
2.509010300E1,-8.017327881E-1,3.707190857E0,9.040599976E0
2.511019500E1,1.698966980E-1,2.424508209E0,8.845256195E0
2.513028700E1,6.770420837E-1,1.058898010E0,9.842632141E0
2.515037900E1,7.879614258E-1,1.871109009E-1,8.586444397E0
2.517047100E1,9.568103027E-1,2.309696960E-1,5.900130615E0
2.519056200E1,4.969665527E-1,1.189426575E0,3.949237518E0
2.521065400E1,4.793032837E-1,1.028361511E0,5.266498260E0
2.523074600E1,9.334588623E-1,5.246589661E-1,7.328011322E0
2.525083800E1,1.229692841E0,8.231382751E-1,6.943760376E0
2.527093000E1,8.448431396E-1,1.542093201E0,4.740941162E0
2.529102100E1,1.751358032E-2,3.036286011E0,4.786147156E0
2.531111300E1,-3.062631226E-1,4.345613251E0,6.204148407E0
2.533120500E1,1.288819885E-1,4.310137024E0,8.143964539E0
2.535129700E1,5.951623535E-1,4.320615234E0,9.314380646E0
2.537138900E1,2.365081787E-1,4.691693573E0,8.728498993E0
2.539148100E1,-4.749623108E-1,5.264402618E0,9.503587189E0
2.541157200E1,-1.101708984E0,5.599855042E0,1.014754807E1
2.543166400E1,-1.696272583E0,5.449567566E0,1.034453842E1
2.545175600E1,-1.230291595E0,4.722379761E0,1.065289719E1
2.547184800E1,-1.098864899E0,4.269122314E0,1.016775604E1
2.549194000E1,-7.711962891E-1,3.837569733E0,8.754245453E0
2.551203100E1,-6.565347290E-1,3.629203033E0,7.587421875E0
2.553212300E1,-6.692582703E-1,3.228636017E0,7.483837280E0
2.555221500E1,-8.590635681E-1,3.136577454E0,7.882757721E0
2.557230700E1,-1.313368835E0,2.781066742E0,7.240293732E0
2.559239900E1,-1.179547119E0,2.814746704E0,6.382128296E0
2.561249100E1,-1.133742371E0,3.419638824E0,6.351591797E0
2.563258200E1,-1.112187195E0,3.712429962E0,6.901847534E0
2.565267400E1,-1.867815857E0,3.760030975E0,7.348967743E0
2.567276600E1,-2.345622253E0,3.708388367E0,7.775879974E0
2.569285800E1,-2.169738007E0,4.175566864E0,9.233099670E0
2.571295000E1,-1.565893707E0,5.245092773E0,1.204784637E1
2.573304100E1,-1.733694763E0,5.339546356E0,1.415097290E1
2.575313300E1,-2.283800812E0,4.809947662E0,1.608105927E1
2.577322500E1,-2.416574707E0,4.913232880E0,1.631128052E1
2.579331700E1,-2.208208008E0,5.097200317E0,1.533396286E1
2.581340900E1,-1.671723633E0,4.168232117E0,1.588436829E1
2.583349900E1,-1.063837738E0,2.807711334E0,1.555220901E1
2.585359100E1,-1.527423706E0,2.151176605E0,1.395712601E1
2.587368300E1,-1.455124054E0,2.697989502E0,1.115615067E1
2.589377500E1,-1.429976349E0,3.330124969E0,9.657467194E0
2.591386700E1,-1.182091827E0,3.400778046E0,9.198671265E0
2.593395900E1,-1.217717743E0,2.906655579E0,8.122559052E0
2.595405000E1,-1.333277435E0,2.333347778E0,7.172185364E0
2.597414200E1,-8.400531006E-1,2.083666992E0,7.022945709E0
2.599423400E1,-4.501139832E-1,2.153871002E0,6.467301178E0
2.601432600E1,-4.912783813E-1,2.100432129E0,5.703888702E0
2.603441800E1,-5.309458923E-1,1.810036011E0,5.175038452E0
2.605450900E1,-5.046006775E-1,1.696122894E0,4.769980774E0
2.607460100E1,-4.161346436E-1,1.732497253E0,4.460274811E0
2.609469300E1,-2.821632385E-1,1.821711731E0,4.564158783E0
2.611478500E1,-7.457492065E-1,2.078128510E0,5.196443939E0
2.613487700E1,-8.077203369E-1,2.105371857E0,5.703140259E0
2.615496800E1,-3.417393494E-1,2.434687042E0,6.790179749E0
2.617506000E1,1.820214844E-1,3.445984039E0,8.538094940E0
2.619515200E1,4.538562012E-1,3.909719696E0,9.699230347E0
2.621524400E1,-2.544708252E-2,3.710484009E0,1.031340317E1
2.623533600E1,-2.745291138E-1,3.145708466E0,1.114282837E1
2.625542700E1,-1.357676697E-1,3.979175262E0,1.158785294E1
2.627551900E1,2.309696960E-1,4.961881714E0,1.146735352E1
2.629561100E1,5.873785400E-1,4.796176300E0,1.181552948E1
2.631570300E1,2.643502808E-1,4.055516510E0,1.343950241E1
2.633579500E1,5.529501343E-1,2.230661316E0,1.506257721E1
2.635588700E1,9.398954773E-1,1.603764954E0,1.465108292E1
2.637597800E1,8.436456299E-1,3.050057373E0,1.095287338E1
2.639607000E1,7.159611511E-1,4.224814453E0,8.382268982E0
2.641616200E1,3.658392334E-1,3.827989655E0,7.478897552E0
2.643625400E1,-1.234931946E-1,2.797382812E0,7.422764282E0
2.645634500E1,1.483415222E-1,2.155367889E0,7.526648254E0
2.647643700E1,6.689588928E-1,2.278262329E0,7.787705383E0
2.649652900E1,8.726852417E-1,2.558030548E0,8.417146454E0
2.651662100E1,4.691244507E-1,2.241887970E0,8.087831268E0
2.653671300E1,7.619155884E-2,2.011067963E0,7.337292023E0
2.655680400E1,-2.207908630E-1,2.018552399E0,6.885980530E0
2.657689600E1,-3.176394653E-1,2.077380066E0,6.439908142E0
2.659698800E1,8.517288208E-2,2.428699493E0,6.686146088E0
2.661708000E1,-9.939331055E-2,3.235821075E0,7.061116333E0
2.663717200E1,-2.603086853E-1,3.510948944E0,6.997199249E0
2.665726400E1,-4.194277954E-1,3.914809113E0,7.442822571E0
2.667735500E1,-5.890251160E-1,4.291725311E0,8.759634247E0
2.669744700E1,-7.978408813E-1,4.258344727E0,1.012823822E1
2.671753900E1,-1.207838287E0,4.439617767E0,1.140822647E1
2.673763100E1,-1.715133362E0,4.106260986E0,1.191806625E1
2.675772300E1,-2.249222717E0,4.597239990E0,1.215936447E1
2.677781400E1,-2.357896729E0,5.328319702E0,1.251083359E1
2.679790600E1,-1.842069397E0,4.997357941E0,1.339444611E1
2.681799800E1,-1.734742584E0,4.055067444E0,1.374666367E1
2.683809046E1,-1.507964172E0,2.922971649E0,1.395518005E1
2.685818146E1,-1.392404480E0,2.493365021E0,1.330403412E1
2.687827346E1,-1.285826111E0,3.016227722E0,1.200593353E1
2.689836546E1,-1.199306030E0,3.399580536E0,1.076351715E1
2.691845746E1,-1.351539459E0,2.875969391E0,9.593550110E0
2.693854946E1,-1.638043671E0,2.201022949E0,8.454868011E0
2.695864046E1,-1.867965546E0,1.725761261E0,7.345524902E0
2.697873246E1,-1.749112701E0,1.180594940E0,6.716233521E0
2.699882446E1,-1.379381561E0,1.524429932E0,7.094047852E0
2.701891646E1,-8.372090149E-1,1.871408386E0,7.394473114E0
2.703900846E1,-8.467890930E-1,1.886526947E0,7.003935242E0
2.705909946E1,-9.518705750E-1,1.935175781E0,6.482569427E0
2.707919146E1,-9.842033386E-1,1.861528931E0,6.374643860E0
2.709928346E1,-1.004710693E0,1.731599121E0,6.506669312E0
2.711937546E1,-8.873547363E-1,2.051932983E0,6.670129395E0
2.713946746E1,-1.029559021E0,2.771636353E0,6.494544525E0
2.715955846E1,-7.518864441E-1,3.333118744E0,7.077432404E0
2.717965046E1,-6.532415771E-1,3.687731323E0,8.576115875E0
2.719974246E1,-5.905220032E-1,3.355871429E0,9.620045013E0
2.721983446E1,-5.218148804E-1,3.025957489E0,1.075782898E1
2.723992646E1,-1.598675537E-1,3.652554474E0,1.117875366E1
2.726001746E1,3.882925415E-1,4.401896210E0,1.092577972E1
2.728010946E1,6.815327454E-1,4.841232605E0,1.098715210E1
2.730020146E1,2.871029663E-1,4.819378052E0,1.082683548E1
2.732029346E1,5.111869812E-1,4.421206055E0,1.090646988E1
2.734038446E1,5.536985779E-1,3.744762726E0,1.139086258E1
2.736047646E1,4.960684204E-1,3.589385834E0,1.190369614E1
2.738056846E1,8.042774963E-1,3.326981506E0,1.229378494E1
2.740066046E1,8.933422852E-1,2.728376312E0,1.215113159E1
2.742075246E1,7.601193237E-1,2.189347229E0,1.133428024E1
2.744084346E1,6.908134460E-1,2.334844666E0,9.904752960E0
2.746093546E1,5.490582275E-1,2.388433228E0,8.844956818E0
2.748102746E1,6.578819275E-1,2.410587158E0,8.373437347E0
2.750111946E1,7.557783508E-1,2.524500275E0,8.024812317E0
2.752121146E1,9.969268799E-1,2.453248444E0,8.131240997E0
2.754130246E1,1.145717468E0,2.151026917E0,8.125552826E0
2.756139446E1,1.334774323E0,2.231409760E0,7.185657349E0
2.758148646E1,1.060394897E0,2.605032806E0,6.033503265E0
2.760157846E1,9.523196411E-1,2.678829346E0,5.735622711E0
2.762167046E1,6.839277649E-1,2.628983002E0,6.102809143E0
2.764176146E1,2.550695801E-1,2.681074677E0,5.956114197E0
2.766185346E1,-3.861968994E-2,2.400558014E0,6.266568604E0
2.768194546E1,-1.526824951E-2,3.213667145E0,6.738836517E0
2.770203746E1,3.727249146E-2,4.058659973E0,7.357350311E0
2.772212846E1,3.487747192E-1,4.313729553E0,8.580756226E0
2.774222046E1,1.930984497E-2,4.629872131E0,1.030831375E1
2.776231246E1,-4.225712585E-1,4.322112122E0,1.187555466E1
2.778240446E1,-6.900650024E-1,4.481680298E0,1.316796707E1
2.780249646E1,-7.439529419E-1,4.949008484E0,1.356823471E1
2.782258746E1,-7.767347717E-1,5.361400909E0,1.378812744E1
2.784267946E1,-1.120569763E0,5.215155029E0,1.289463547E1
2.786277146E1,-1.550176392E0,4.671335907E0,1.222343124E1
2.788286346E1,-2.188898163E0,4.250111847E0,1.193662766E1
2.790295446E1,-1.895807648E0,3.866010590E0,1.164368683E1
2.792304646E1,-1.612297211E0,3.595822449E0,1.099972595E1
2.794313846E1,-1.012344818E0,3.342100067E0,1.102457428E1
2.796323046E1,-1.251996460E0,3.031795349E0,1.029109955E1
2.798332246E1,-1.474733276E0,2.771935730E0,9.252858582E0
2.800341346E1,-1.649869080E0,2.612816620E0,8.585845642E0
2.802350546E1,-1.533111877E0,2.581381989E0,8.468489685E0
2.804359746E1,-1.415007477E0,2.240989838E0,7.874524841E0
2.806368946E1,-1.279539185E0,1.775457916E0,7.441774750E0
2.808378146E1,-1.082249451E0,1.836081848E0,7.035669250E0
2.810387246E1,-8.351133728E-1,1.971250763E0,6.188431091E0
2.812396446E1,-8.764274597E-1,2.005529480E0,5.408552856E0
2.814405646E1,-8.178991699E-1,1.971101074E0,6.231391754E0
2.816414846E1,-8.966354370E-1,1.840572510E0,6.296356659E0
2.818423946E1,-7.499404907E-1,1.401086426E0,6.176905060E0
2.820433146E1,-3.347039795E-1,1.561852112E0,7.279212799E0
2.822442346E1,-4.688250732E-1,2.052531738E0,7.420968018E0
2.824451546E1,-4.954696655E-1,2.034419403E0,7.329208832E0
2.826460746E1,-2.246827698E-1,2.048490143E0,8.300389252E0
2.828469846E1,-4.911286926E-1,2.541864166E0,9.060807953E0
2.830479046E1,-1.814227295E-1,2.829565887E0,1.002929398E1
2.832488246E1,-1.637594604E-1,3.433559875E0,1.078552139E1
2.834497446E1,-2.065704346E-2,3.799997864E0,1.154713760E1
2.836506546E1,2.986289978E-1,3.926185455E0,1.305330551E1
2.838515746E1,6.242019653E-2,4.505630493E0,1.301273987E1
2.840524946E1,5.167254639E-1,4.648583221E0,1.261127472E1
2.842534146E1,1.099613342E0,4.427942047E0,1.327499451E1
2.844543346E1,1.047970734E0,3.917054443E0,1.417118088E1
2.846552446E1,1.014141083E0,2.916834412E0,1.450603455E1
2.848561646E1,1.381177826E0,2.544109497E0,1.485271362E1
2.850570846E1,1.875000916E0,2.713108063E0,1.285481827E1
2.852580046E1,2.053280182E0,2.695145416E0,1.118698654E1
2.854589146E1,1.925895081E0,2.315983887E0,9.665999451E0
2.856598346E1,1.431622925E0,2.122286682E0,7.916287994E0
2.858607546E1,1.067280579E0,1.947899323E0,7.493267670E0
2.860616746E1,1.256038055E0,2.265987854E0,7.563920746E0
2.862625946E1,1.467548218E0,2.632425842E0,7.935897217E0
2.864635046E1,1.466949463E0,2.374661865E0,8.496930542E0
2.866644246E1,1.240320740E0,2.073188782E0,7.809260559E0
2.868653446E1,9.604028320E-1,2.116299133E0,6.980583801E0
2.870662646E1,8.806187439E-1,2.261048126E0,6.060596924E0
2.872671746E1,5.080435181E-1,2.364483032E0,5.463638306E0
2.874680946E1,3.849993896E-1,2.460433502E0,5.373974762E0
2.876690146E1,2.059716797E-1,2.648442535E0,5.256020050E0
2.878699346E1,7.768844604E-2,3.211571503E0,5.603597260E0
2.880708546E1,2.118095398E-1,3.426225128E0,6.572831726E0
2.882717646E1,3.417393494E-1,3.678001556E0,7.077881470E0
2.884726821E1,-2.019300842E-1,3.636986847E0,7.052883453E0
2.886736021E1,-4.095483398E-1,3.590733032E0,6.608757019E0
2.888745221E1,-3.953279114E-1,4.112697601E0,7.619904327E0
2.890754321E1,-3.427871704E-1,4.780758362E0,8.629105682E0
2.892763521E1,-3.128494263E-1,4.714745636E0,8.768914948E0
2.894772721E1,-1.950444031E-1,4.589905243E0,9.820328522E0
2.896781921E1,-3.930825806E-1,4.676425323E0,1.063703018E1
2.898791121E1,-5.724096680E-1,4.855153656E0,1.113519424E1
2.900800221E1,-5.593867493E-1,5.227279816E0,1.118219650E1
2.902809421E1,-5.581892395E-1,5.510191498E0,1.114552277E1
2.904818621E1,-4.593946838E-1,5.532195740E0,1.083881058E1
2.906827821E1,-6.316864014E-1,5.559439087E0,1.014111145E1
2.908836921E1,-1.019380188E0,5.339845734E0,1.053449341E1
2.910846121E1,-1.699266357E0,4.649780731E0,1.160806091E1
2.912855321E1,-2.328408051E0,3.762126617E0,1.158800262E1
2.914864521E1,-2.174528046E0,3.529360657E0,1.187435715E1
2.916873621E1,-1.759740601E0,3.660188599E0,1.239632172E1
2.918882821E1,-1.499282227E0,3.280128937E0,1.200548447E1
2.920892021E1,-1.785187683E0,3.017724609E0,1.080243622E1
2.922901221E1,-2.144440613E0,2.915038147E0,9.865534515E0
2.924910421E1,-2.151625671E0,2.710713043E0,9.698781281E0
2.926919521E1,-1.656305695E0,2.582429810E0,9.882898407E0
2.928928721E1,-1.078507233E0,2.020348663E0,8.855135651E0
2.930937921E1,-1.019380188E0,1.769320679E0,7.183262329E0
2.932947121E1,-1.332678680E0,1.948647766E0,7.114704895E0
2.934956221E1,-7.212002563E-1,1.903741150E0,7.705077209E0
2.936965421E1,-7.985893250E-1,1.720372467E0,7.321275330E0
2.938974621E1,-1.196162567E0,1.595532074E0,6.022276611E0
2.940983821E1,-1.983076172E0,1.518143005E0,5.732628937E0
2.942992921E1,-1.053658905E0,1.835034027E0,5.785618744E0
2.945002121E1,-1.183139648E0,1.858535156E0,6.128705292E0
2.947011321E1,-1.721270599E0,2.103874969E0,6.801556091E0
2.949020521E1,-1.147962799E0,2.294428711E0,7.068151703E0
2.951029721E1,-1.096769257E0,2.456990662E0,8.073610840E0
2.953038821E1,-1.293909302E0,2.819536743E0,9.075327759E0
2.955048021E1,-9.740245056E-1,2.843337250E0,9.667047272E0
2.957057221E1,-1.130598907E0,3.543880463E0,9.545949097E0
2.959066421E1,-8.919950867E-1,3.892655182E0,1.004037094E1
2.961075521E1,-8.843609619E-1,3.808530121E0,1.105900269E1
2.963084721E1,-1.136586456E0,3.582649841E0,1.288819885E1
2.965093921E1,-8.363108826E-1,2.945125580E0,1.394500122E1
2.967103121E1,-6.571334839E-1,3.246898041E0,1.353650070E1
2.969112221E1,-2.185455322E-1,4.132456512E0,1.373169479E1
2.971121421E1,2.104623413E-1,3.822750549E0,1.460378128E1
2.973130621E1,8.913963318E-1,2.737507324E0,1.495719635E1
2.975139821E1,5.140310669E-1,1.639390869E0,1.387404877E1
2.977149021E1,6.891668701E-1,1.416504364E0,1.262414795E1
2.979158121E1,9.809101868E-1,2.324665833E0,1.107052872E1
2.981167321E1,8.283773804E-1,2.707569580E0,1.009994705E1
2.983176546E1,8.059240723E-1,1.941163330E0,1.038630157E1
2.985185746E1,7.804769897E-1,1.418450317E0,9.983040161E0
2.987194846E1,8.478369141E-1,1.554816742E0,9.096583557E0
2.989204046E1,4.897814941E-1,1.660347290E0,7.574848022E0
2.991213246E1,1.010398865E-1,2.070494385E0,4.243525543E0
2.993222446E1,-8.803193665E-1,2.293979645E0,6.788233795E0
2.995231546E1,-4.412823486E-1,1.255439301E0,9.214089203E0
2.996876388E1,-1.061742096E0,6.786736908E0,4.074826355E0
2.998885488E1,-4.722679138E-1,6.497837677E0,5.267097015E0
3.000894688E1,4.266128540E-2,5.846691742E0,8.666527863E0
3.002903887E1,-6.343807983E-1,5.625152435E0,1.000684067E1
3.004913088E1,-4.218228149E-1,5.646258545E0,7.135062561E0
3.006922288E1,1.152603149E-1,5.949976959E0,5.958509216E0
3.008931388E1,-3.870950317E-1,5.975573730E0,5.650449829E0
3.010940588E1,7.604187012E-2,5.818101196E0,7.104226685E0
3.012949788E1,3.058140564E-1,5.715414734E0,9.391320648E0
3.014958987E1,5.164260864E-2,5.706134033E0,8.814420319E0
3.016968088E1,-3.264710999E-1,5.646258545E0,7.785609741E0
3.018977288E1,-3.294648743E-1,6.007906494E0,7.024143219E0
3.020986488E1,3.712280273E-2,6.539600830E0,6.839726715E0
3.022995688E1,4.379891968E-1,6.429130554E0,7.066654816E0
3.025004788E1,1.422042847E-1,5.803282013E0,6.653364258E0
3.027013987E1,-4.077520752E-1,6.158493347E0,7.501051483E0
3.029023188E1,-4.730163574E-1,6.374793549E0,8.273744659E0
3.031032388E1,1.565744019E-1,6.495292969E0,8.370593262E0
3.033041488E1,5.553451538E-1,6.352789307E0,7.321574707E0
3.035050688E1,3.140469360E-1,6.166277161E0,7.704628143E0
3.037059888E1,-3.288661194E-1,6.271957397E0,8.477321320E0
3.039069087E1,-8.397537231E-2,6.767127686E0,9.559271393E0
3.041078188E1,-8.816665649E-2,6.598129120E0,9.713899841E0
3.043087388E1,-9.282197571E-1,6.119574280E0,8.592132568E0
3.045096588E1,-1.603914642E0,5.513035583E0,8.180787964E0
3.047105788E1,-1.472338257E0,5.531896362E0,7.796237640E0
3.049114888E1,-1.275198212E0,5.865402832E0,6.994205475E0
3.051124087E1,-9.524693298E-1,5.522915039E0,6.084846497E0
3.053133288E1,-1.529818726E0,5.161267090E0,6.776558075E0
3.055142488E1,-2.211201782E0,5.040318604E0,9.747280426E0
3.057151700E1,-1.123114471E0,4.552782440E0,1.148411865E1
3.059160800E1,-1.156195679E0,3.768413544E0,1.127245880E1
3.061170000E1,-2.526296539E0,3.808979187E0,1.150462601E1
3.063179200E1,-3.434158630E0,4.386478271E0,1.173933792E1
3.065188400E1,-2.878963165E0,4.779710541E0,1.115689911E1
3.067197500E1,-2.610720978E0,6.075416107E0,1.190968369E1
3.069206700E1,-4.084256744E0,7.503596191E0,1.200772980E1
3.071215900E1,-3.165916443E0,7.946225739E0,1.335702393E1
3.073225100E1,-1.146316223E0,8.749754791E0,1.356703720E1
3.075234200E1,-1.380429382E0,8.553662567E0,1.362930771E1
3.077243400E1,-1.038690033E0,6.543343048E0,1.413031586E1
3.079252600E1,-1.106948090E0,4.609514465E0,1.534803360E1
3.081261800E1,-8.035290527E-1,4.663252716E0,1.321631653E1
3.083270900E1,-1.646575928E-1,4.881049805E0,1.041070084E1
3.085280100E1,1.780996399E0,4.834346924E0,7.136709137E0
3.087289300E1,3.436104584E0,3.545377350E0,7.367828522E0
3.089298500E1,1.827998657E0,9.144483948E-1,8.727750549E0
3.091307600E1,5.742059326E-1,-1.431772614E0,9.698481903E0
3.093316800E1,1.332828369E0,-1.823208618E0,6.126010895E0
3.095326000E1,2.671195221E0,7.545808411E-1,1.619482269E0
3.097335200E1,3.631598053E0,1.060095520E0,2.691403198E0
3.099344400E1,4.261637878E0,-4.397854614E-1,5.931565247E0
3.101353500E1,3.944148102E0,-1.492097168E0,7.138206024E0
3.103362700E1,4.160747681E0,2.032772827E-1,4.838238831E0
3.105371900E1,4.718787231E0,3.231629791E0,3.066373444E0
3.107381100E1,4.769531708E0,6.318360901E0,6.561156006E0
3.109390200E1,5.184768219E0,5.577102356E0,9.798623657E0
3.111399400E1,4.214485931E0,5.463638306E0,1.017718643E1
3.113408600E1,3.274740143E0,6.508315887E0,1.019993912E1
3.115417800E1,2.601140900E0,7.226821747E0,1.074675201E1
3.117426900E1,9.132508850E-1,7.567213898E0,1.139056320E1
3.119436100E1,-4.475692749E-1,7.461533661E0,1.275452682E1
3.121445300E1,-1.403032379E0,7.295079803E0,1.188303909E1
3.123454500E1,-9.228309631E-1,8.220156097E0,8.441845093E0
3.125463600E1,7.009922791E-1,8.451425171E0,7.775281219E0
3.127472800E1,1.268611908E0,6.184239807E0,9.294771423E0
3.129482000E1,-8.608598328E-1,2.558479614E0,1.087249054E1
3.131491200E1,-2.197879486E0,1.045276337E0,9.815239105E0
3.133500400E1,-1.983974304E0,2.398312683E0,5.612578583E0
3.135509500E1,-1.636995850E0,3.404969330E0,2.978955231E0
3.137518700E1,-1.456171875E0,2.808160400E0,3.349734192E0
3.139527900E1,-1.809886322E0,1.297801208E-1,5.858816528E0
3.141537100E1,-2.885549469E0,-5.068460083E-1,5.970184937E0
3.143546200E1,-2.374961243E0,1.783241730E0,4.872218170E0
3.145555400E1,-1.919907532E0,4.239483948E0,4.322860565E0
3.147564600E1,-2.581980743E0,5.886808319E0,5.497617645E0
3.149573800E1,-5.780978394E-1,6.844816132E0,1.015742752E1
3.151583000E1,1.523681488E0,7.642357635E0,1.601759125E1
3.153592100E1,2.040856018E0,8.316256256E0,1.587029755E1
3.155601300E1,2.340383148E0,8.822353821E0,1.484013977E1
3.157610563E1,2.131268005E0,8.478818207E0,1.581102081E1
3.159619763E1,6.295907593E-1,6.499334564E0,1.714085541E1
3.161628863E1,8.860075378E-1,5.581593018E0,1.511227386E1
3.163638063E1,2.019001465E0,6.712640991E0,1.094523926E1
3.165647262E1,2.353406067E0,7.085216217E0,8.553812256E0
3.167656463E1,2.157762909E0,5.210814056E0,9.171727295E0
3.169665663E1,2.041903839E0,3.145708466E0,9.264683990E0
3.171674763E1,2.419867859E0,2.108066254E0,8.728498993E0
3.173683963E1,2.990930328E0,1.479373627E0,7.450456696E0
3.175693163E1,3.030298462E0,1.490450592E0,4.962480469E0
3.177702362E1,3.105292511E0,1.725012817E0,2.630330200E0
3.179711463E1,3.537443848E0,1.891466675E0,2.988235931E0
3.181720663E1,4.079915771E0,2.305056610E0,4.932093658E0
3.183729863E1,4.159101105E0,2.617906036E0,5.548511810E0
3.185739063E1,3.421584778E0,2.979254608E0,4.553979950E0
3.187748263E1,2.628234558E0,3.878434753E0,4.228107605E0
3.189757362E1,1.960024109E0,4.958738251E0,5.201982422E0
3.191766563E1,1.964514771E0,5.012775879E0,6.899452515E0
3.193775763E1,2.286345520E0,5.643863525E0,8.050109711E0
3.195784963E1,2.198777618E0,6.703509979E0,7.254813538E0
3.197794063E1,2.019001465E0,7.118896179E0,6.223757629E0
3.199803263E1,1.875599670E0,6.399941254E0,7.096891937E0
3.201812462E1,1.618584137E0,5.540278931E0,7.860903168E0
3.203821663E1,1.240171051E0,4.361929321E0,8.210576019E0
3.205830863E1,8.852590942E-1,3.938160553E0,7.266489258E0
3.207839963E1,7.533833313E-1,4.062252502E0,5.510191498E0
3.209849163E1,3.855981445E-1,4.093687134E0,5.078788605E0
3.211858363E1,5.798941040E-1,4.040248260E0,5.433850250E0
3.213867562E1,8.419990540E-1,4.309388580E0,5.731132050E0
3.215876663E1,9.083111572E-1,4.935686188E0,5.562881927E0
3.217885863E1,7.945477295E-1,5.365442505E0,5.841901703E0
3.219895063E1,8.204438782E-1,5.726042633E0,7.173083496E0
3.221904263E1,5.996530151E-1,5.880072327E0,8.385262756E0
3.223913463E1,4.984634399E-1,5.811365204E0,9.964029694E0
3.225922563E1,5.583389282E-1,6.053262177E0,1.083147583E1
3.227931763E1,9.375004578E-1,6.918612671E0,1.170670578E1
3.229940963E1,1.403331757E0,7.459887085E0,1.229423401E1
3.231950163E1,8.198451233E-1,7.350464630E0,1.267070114E1
3.233959263E1,2.124082947E-1,7.105723572E0,1.286260208E1
3.235968463E1,5.942642212E-2,7.120393066E0,1.281574951E1
3.237977663E1,3.652404785E-1,7.341183929E0,1.270288422E1
3.239986863E1,7.701484680E-1,7.088659058E0,1.307875259E1
3.241996063E1,1.256936188E0,6.463409271E0,1.447983902E1
3.244005163E1,1.424437866E0,5.230572968E0,1.491273880E1
3.246014363E1,8.719367981E-1,4.369264069E0,1.287577469E1
3.248023563E1,7.948471069E-1,4.692442017E0,1.022059616E1
3.250032763E1,6.056405640E-1,4.914430389E0,8.098459167E0
3.252041863E1,1.080752563E-1,4.730163574E0,6.543492737E0
3.254051063E1,-1.960922241E-1,3.944297791E0,5.702691193E0
3.256060263E1,2.395019531E-2,3.261717224E0,5.624853058E0
3.258069450E1,4.831951904E-1,3.066672821E0,5.679040375E0
3.260078650E1,1.318907318E0,3.252735901E0,5.367089081E0
3.262087750E1,1.486558685E0,3.485352173E0,4.969665527E0
3.264096950E1,1.412612457E0,3.289559326E0,5.129383392E0
3.266106150E1,1.169967041E0,2.798131256E0,5.428311768E0
3.268115350E1,1.356778564E0,2.499951324E0,5.631289673E0
3.270124450E1,1.622775421E0,2.866838379E0,5.872587891E0
3.272133650E1,1.669328613E0,3.298690338E0,5.679489441E0
3.274142850E1,1.724264374E0,3.874542847E0,5.420228577E0
3.276152050E1,1.685794373E0,5.142705688E0,5.754483490E0
3.278161150E1,1.469643860E0,5.662574615E0,7.045848083E0
3.280170350E1,1.329086151E0,5.530698853E0,8.800798645E0
3.282179550E1,1.843117218E0,5.976621552E0,1.001118164E1
3.284188750E1,2.464175720E0,7.170538788E0,9.986782379E0
3.286197950E1,3.048560486E0,8.264463959E0,9.645043030E0
3.288207050E1,3.822002106E0,8.072263641E0,9.803413696E0
3.290216250E1,4.072581024E0,7.457192688E0,1.072699310E1
3.292225450E1,3.959416351E0,6.810537415E0,1.119566849E1
3.294234650E1,4.108506317E0,6.077960815E0,1.131122818E1
3.296243750E1,4.282294922E0,5.358706512E0,1.123982666E1
3.298252950E1,4.055965576E0,5.032684479E0,9.202413483E0
3.300262150E1,3.358116760E0,4.912634125E0,7.695946198E0
3.302271350E1,3.204536133E0,4.909939728E0,6.926695862E0
3.304280550E1,2.775677948E0,4.796475677E0,6.639592896E0
3.306289650E1,2.616259460E0,4.497996368E0,6.802154846E0
3.308298850E1,2.440973969E0,3.908522186E0,6.445147247E0
3.310308050E1,2.230062561E0,3.669618988E0,5.348976746E0
3.312317250E1,1.772464142E0,3.756737823E0,3.984713745E0
3.314326350E1,1.694476318E0,3.727847900E0,4.152215424E0
3.316335550E1,1.686991882E0,3.699856110E0,5.029541016E0
3.318344750E1,1.261875916E0,3.452570343E0,5.106630707E0
3.320353950E1,1.233285370E0,3.545676727E0,5.359155579E0
3.322363050E1,1.171763306E0,4.121080170E0,5.583389282E0
3.324372250E1,9.677375793E-1,4.828958130E0,5.267097015E0
3.326381450E1,1.009500732E0,5.152136078E0,6.305787048E0
3.328390650E1,1.171912994E0,5.578150177E0,8.634943542E0
3.330399750E1,1.298699341E0,5.873785400E0,9.857002258E0
3.332408950E1,1.975142670E0,6.167025604E0,9.820478210E0
3.334418150E1,2.397713928E0,7.150630188E0,9.620643768E0
3.336427350E1,2.051184540E0,7.532037048E0,9.315428467E0
3.338436550E1,1.850451965E0,7.297624512E0,9.750872955E0
3.340445650E1,1.451830902E0,6.871610413E0,1.002300705E1
3.342454850E1,3.968247986E-1,6.517895966E0,9.836494904E0
3.344464050E1,2.829116821E-2,6.511908417E0,9.697583771E0
3.346473250E1,-1.320254517E-1,6.507118378E0,9.777966614E0
3.348482350E1,-4.951702881E-1,6.051914978E0,1.031549881E1
3.350491550E1,-4.451742554E-1,5.632187805E0,1.109941864E1
3.352500750E1,-1.818717957E-1,5.613327026E0,1.044003983E1
3.354509950E1,3.323089600E-2,5.609435120E0,9.216933289E0
3.356519050E1,1.426533508E-1,5.297334137E0,9.076076202E0
3.358528238E1,-6.023474121E-1,4.650978241E0,8.402476959E0
3.360537438E1,-9.294172668E-1,4.090244293E0,8.415499878E0
3.362546638E1,-2.404000854E-1,4.568799133E0,9.384734344E0
3.364555837E1,6.349795532E-1,5.522016907E0,8.682843933E0
3.366564938E1,8.274792480E-1,5.617069244E0,7.649991760E0
3.368574138E1,8.659492493E-1,5.461392975E0,8.158184967E0
3.370583338E1,9.542655945E-1,5.349425812E0,9.488468628E0
3.372592538E1,1.357527008E0,5.405110016E0,1.063717987E1
3.374601638E1,1.899998932E0,5.834117889E0,1.140942398E1
3.376610838E1,2.308050385E0,6.418951721E0,1.166254761E1
3.378620038E1,2.457589417E0,6.558760986E0,1.133996841E1
3.380629238E1,1.981279907E0,6.160139923E0,1.105915237E1
3.382638338E1,1.526974640E0,5.387147369E0,1.056083862E1
3.384647538E1,1.508263550E0,5.399421844E0,9.223369904E0
3.386656738E1,1.567091217E0,5.825885010E0,7.513176270E0
3.388665938E1,1.920655975E0,5.560636597E0,6.924300842E0
3.390675038E1,1.844165039E0,4.455484772E0,6.345454559E0
3.392684238E1,1.640139313E0,3.422333221E0,5.602549438E0
3.394693438E1,1.945055237E0,2.369722137E0,5.516927490E0
3.396702638E1,2.534679108E0,2.201621704E0,5.043312378E0
3.398711737E1,2.771786041E0,2.816692657E0,4.936135254E0
3.400720938E1,3.268153839E0,3.305875397E0,4.700974274E0
3.402730138E1,3.737278290E0,3.244203644E0,4.765789490E0
3.404739338E1,3.989354095E0,3.297343140E0,5.095104675E0
3.406748438E1,4.074976044E0,2.955903168E0,6.090085602E0
3.408757638E1,4.228257294E0,2.217788086E0,7.699688416E0
3.410766837E1,4.326752472E0,2.585872650E0,8.605305176E0
3.412776038E1,4.289180603E0,3.703748016E0,6.345005493E0
3.414785238E1,3.873045959E0,4.820575562E0,3.963457947E0
3.416794338E1,2.928210754E0,5.584586792E0,3.025807800E0
3.418803538E1,2.439327393E0,6.010451202E0,5.161716156E0
3.420812738E1,2.977907410E0,6.939868469E0,9.125323792E0
3.422821937E1,3.102448425E0,8.200546875E0,1.145193558E1
3.424831038E1,2.895578613E0,9.125174103E0,1.284553757E1
3.426840238E1,2.363285522E0,9.675729218E0,1.250484604E1
3.428849438E1,1.518143005E0,9.795180817E0,1.119926102E1
3.430858638E1,9.111552429E-1,9.609866180E0,1.078986237E1
3.432867738E1,8.285270691E-1,8.763526154E0,1.198692307E1
3.434876937E1,9.617500305E-1,7.592960358E0,1.397284332E1
3.436886138E1,1.306632843E0,6.077212372E0,1.116722763E1
3.438895338E1,1.215472412E0,4.993466034E0,8.285121002E0
3.440904438E1,3.649411011E-1,4.337829437E0,7.307653656E0
3.442913638E1,4.535568237E-2,4.033212891E0,7.098239136E0
3.444922838E1,2.775228882E-1,4.444407806E0,7.840096436E0
3.446932037E1,4.972659302E-1,4.651876373E0,8.714128876E0
3.448941138E1,-2.127076721E-1,4.510719910E0,8.121660919E0
3.450950338E1,-1.113833771E0,4.826413422E0,6.515051880E0
3.452959538E1,-2.027234344E0,5.632636871E0,6.299051056E0
3.454968738E1,-1.679806824E0,6.217620392E0,8.633147278E0
3.456977838E1,-7.888595581E-1,6.630162506E0,1.128727798E1
3.458986975E1,5.261558533E-1,6.668482819E0,1.265513351E1
3.460996175E1,1.769320679E0,6.467750244E0,1.265169067E1
3.463005375E1,2.547252960E0,6.294560394E0,1.274629395E1
3.465014575E1,2.989283752E0,6.298152924E0,1.241009308E1
3.467023675E1,2.699336700E0,5.870791626E0,1.144490021E1
3.469032875E1,2.129920807E0,4.839885406E0,9.929900665E0
3.471042075E1,1.381626892E0,4.364923096E0,7.893834686E0
3.473051275E1,1.310375061E0,3.585194550E0,6.231541443E0
3.475060375E1,1.172062683E0,2.970872040E0,5.329816589E0
3.477069575E1,1.098266144E0,2.340383148E0,4.718637543E0
3.479078775E1,1.123563538E0,1.854194183E0,4.693040771E0
3.481087975E1,9.265731812E-1,1.398541718E0,4.844525757E0
3.483097075E1,7.017407227E-1,1.419797516E0,3.698658600E0
3.485106275E1,8.864566040E-1,1.675016785E0,2.863395538E0
3.487115475E1,1.495390320E0,2.428998871E0,3.159629517E0
3.489124675E1,1.147813110E0,3.123853912E0,3.870052185E0
3.491133775E1,5.054988098E-1,3.605402527E0,5.607638855E0
3.493142975E1,1.288819885E-1,4.422702942E0,6.167324982E0
3.495152175E1,3.409909058E-1,5.822591858E0,6.145769806E0
3.497161375E1,1.065184937E0,7.607180786E0,6.156547394E0
3.499170475E1,1.156495056E0,8.717272339E0,6.749015350E0
3.501179675E1,1.966311035E0,7.933053131E0,7.979456635E0
3.503188875E1,2.704575806E0,7.637567596E0,9.211245117E0
3.505198075E1,3.339106293E0,7.039860535E0,1.129221771E1
3.507207175E1,3.508853302E0,6.024821320E0,1.362960709E1
3.509216375E1,3.717519379E0,5.077890472E0,1.375459717E1
3.511225575E1,3.497926025E0,5.206473083E0,1.228854584E1
3.513234775E1,2.559527435E0,5.010530548E0,1.153082153E1
3.515243875E1,2.214494934E0,5.176685028E0,1.037761963E1
3.517253075E1,2.225721588E0,5.599405975E0,8.826545105E0
3.519262275E1,2.420167236E0,5.728737030E0,6.989415436E0
3.521271475E1,2.730921021E0,5.451663208E0,5.639821930E0
3.523280575E1,2.325863342E0,5.010530548E0,6.628815308E0
3.525289775E1,1.875300293E0,4.079017639E0,7.589966583E0
3.527298975E1,1.573527832E0,3.786525879E0,7.881859589E0
3.529308175E1,1.216819611E0,3.821553040E0,6.440207520E0
3.531317275E1,5.942642212E-1,3.554358673E0,5.262606354E0
3.533326475E1,2.856060791E-1,3.547173615E0,5.217699738E0
3.535335675E1,1.459465027E-1,3.637585602E0,5.140759735E0
3.537344875E1,5.703140259E-2,3.949536896E0,5.821544037E0
3.539353975E1,2.948867798E-1,4.806654510E0,6.653513947E0
3.541363175E1,4.671784973E-1,5.977220306E0,7.724387054E0
3.543372375E1,5.533992004E-1,6.893315277E0,9.654623108E0
3.545381575E1,1.037193146E0,7.238347778E0,1.112247070E1
3.547390775E1,1.278790741E0,7.507338409E0,1.304417450E1
3.549399875E1,5.972579956E-1,7.450905762E0,1.351434677E1
3.551409075E1,5.014572144E-2,7.928263092E0,1.263058456E1
3.553418275E1,-4.282594299E-1,8.580157471E0,1.195982941E1
3.555427475E1,-6.179150391E-1,8.459508362E0,1.228435455E1
3.557436600E1,4.849914551E-2,7.720195770E0,1.363110397E1
3.559445800E1,1.205892334E0,6.399791565E0,1.504311768E1
3.561455000E1,1.312919769E0,5.215454407E0,1.442175980E1
3.563464200E1,1.001716919E0,4.886288910E0,1.153411469E1
3.565473300E1,3.641926575E-1,4.946912842E0,8.382119293E0
3.567482500E1,-3.089575195E-1,4.815336456E0,6.350394287E0
3.569491700E1,-7.024891663E-1,4.285887451E0,5.247787170E0
3.571500900E1,-4.861889648E-1,3.646566925E0,4.778513031E0
3.573510000E1,-4.617897034E-1,2.937641144E0,4.833748169E0
3.575519200E1,-2.897973633E-1,2.364632721E0,5.089416504E0
3.577528400E1,1.797761536E-1,2.455344086E0,4.840933228E0
3.579537600E1,4.900808716E-1,3.187920685E0,3.556753693E0
3.581546700E1,7.297325134E-1,3.639980621E0,2.982697449E0
3.583555900E1,8.345146179E-1,3.628155212E0,3.981270905E0
3.585565100E1,7.343728638E-1,3.151995392E0,6.036646729E0
3.587574300E1,3.439846802E-1,2.607577515E0,6.686744843E0
3.589583400E1,1.972897339E-1,2.908751221E0,6.455475769E0
3.591592600E1,2.951861572E-1,3.471580811E0,5.842799835E0
3.593601800E1,8.967851257E-1,4.350702667E0,5.434449005E0
3.595611000E1,1.151255951E0,5.344186707E0,5.598058777E0
3.597620100E1,9.840536499E-1,5.463638306E0,6.004014587E0
3.599629300E1,7.539820862E-1,5.484594727E0,7.321425018E0
3.601638500E1,9.984237671E-1,5.607788544E0,9.242530060E0
3.603647700E1,1.535955963E0,5.930667114E0,1.091230774E1
3.605656800E1,2.229613495E0,5.932014313E0,1.133757339E1
3.607666000E1,3.010389862E0,5.779930573E0,1.145238464E1
3.609675200E1,3.265459442E0,5.727090454E0,1.054826477E1
3.611684400E1,3.588787079E0,6.037993927E0,9.423653412E0
3.613693500E1,3.853586426E0,6.268813934E0,9.241182861E0
3.615702700E1,3.436403961E0,5.611231384E0,9.762698364E0
3.617711900E1,2.764900360E0,4.445305939E0,9.580676880E0
3.619721100E1,2.475102997E0,3.906576233E0,9.537267151E0
3.621730200E1,2.446063385E0,4.096830597E0,1.050799850E1
3.623739400E1,2.361040192E0,4.345762939E0,1.153216873E1
3.625748600E1,2.525398407E0,4.670737152E0,1.103759720E1
3.627757800E1,2.595303040E0,5.061125336E0,9.829309845E0
3.629766900E1,2.425256653E0,4.993765411E0,9.263935547E0
3.631776100E1,2.136656799E0,4.311633911E0,9.646090851E0
3.633785300E1,1.698517914E0,3.858675842E0,8.872649231E0
3.635794500E1,1.624871063E0,3.897445221E0,7.608677673E0
3.637803600E1,1.749412079E0,4.417613525E0,6.724616089E0
3.639812800E1,1.710193634E0,4.287534027E0,6.017187195E0
3.641822000E1,1.137484589E0,3.659889221E0,5.979465637E0
3.643831200E1,8.131091309E-1,3.244353333E0,6.344257050E0
3.645840300E1,6.195616150E-1,3.295546875E0,6.388115845E0
3.647849500E1,3.869453430E-1,3.737427979E0,6.086193695E0
3.649858700E1,4.087998962E-1,4.326602783E0,5.954467621E0
3.651867900E1,5.498066711E-1,5.043761444E0,6.211483154E0
3.653877000E1,5.228627014E-1,5.032085724E0,6.922803955E0
3.655886200E1,5.090913391E-1,4.711602173E0,8.395890656E0
3.657895400E1,7.270381165E-1,4.642296295E0,9.296567688E0
3.659904600E1,5.164260864E-1,5.175337830E0,9.754914551E0
3.661913700E1,4.447251892E-1,5.333409119E0,1.050695068E1
3.663922900E1,2.130070496E-1,5.682782593E0,1.055754547E1
3.665932100E1,1.362167358E-2,5.603447571E0,1.078806610E1
3.667941300E1,-1.766326904E-1,5.678441620E0,1.182705551E1
3.669950400E1,1.142124939E-1,5.667514343E0,1.240814713E1
3.671959600E1,3.858975220E-1,6.043682098E0,1.198602493E1
3.673968800E1,7.634124756E-2,6.094576263E0,1.189381668E1
3.675978000E1,-1.386117554E-1,5.946384430E0,1.160895905E1
3.677987100E1,-1.541793823E-1,6.059100037E0,1.087204147E1
3.679996300E1,-2.290237427E-1,5.555247803E0,1.122066650E1
3.682005500E1,-3.582051086E-1,5.224435730E0,1.220427109E1
3.684014700E1,-8.023315430E-2,4.556374969E0,1.242176880E1
3.686023800E1,-4.549040222E-1,4.391417999E0,1.066517166E1
3.688033000E1,-3.306623840E-1,4.001329193E0,9.303752747E0
3.690042200E1,-3.646417236E-1,3.904630280E0,8.273295593E0
3.692051400E1,-7.759863281E-1,3.591930542E0,6.483018494E0
3.694060500E1,-3.638932800E-1,2.813848572E0,5.039270782E0
3.696069700E1,2.044747925E-1,2.521955566E0,5.494474182E0
3.698078900E1,8.854087830E-1,1.943258972E0,6.874005432E0
3.700088000E1,6.378236389E-1,1.417103119E0,7.543114014E0
3.702097200E1,3.119512939E-1,1.507215729E0,6.882537689E0
3.704106400E1,6.101312256E-1,1.923050995E0,5.282964020E0
3.706115600E1,9.126521301E-1,2.604434052E0,4.057761841E0
3.708124700E1,6.533912659E-1,3.064277802E0,4.255800018E0
3.710133900E1,3.306623840E-1,2.794688416E0,5.471571808E0
3.712143100E1,-6.915618896E-2,2.807861023E0,7.686216431E0
3.714152300E1,3.363505554E-1,3.232976990E0,9.292077026E0
3.716161400E1,5.195695496E-1,3.508104858E0,9.789792023E0
3.718170600E1,3.746708679E-1,2.666704559E0,1.007330246E1
3.720179800E1,7.283853149E-1,3.805835724E0,1.102981339E1
3.722189000E1,2.200124817E0,5.250930634E0,8.885522461E0
3.724198100E1,-8.018824768E-1,8.022716675E0,1.211805038E1
3.726207300E1,-9.276210022E-1,6.831493835E0,8.288713531E0
3.728216500E1,-5.754034424E-1,7.215295715E0,1.025337799E1
3.730225700E1,1.055305481E-1,6.904092865E0,1.287936722E1
3.732234800E1,7.194039917E-1,6.512956238E0,1.454839645E1
3.734244000E1,-4.661306763E-1,5.864654388E0,1.287682251E1
3.736253200E1,-2.408641205E0,5.129233704E0,1.209185486E1
3.738262400E1,-2.823877716E0,3.603755951E0,1.157602753E1
3.740271500E1,-1.484313354E0,3.024460602E0,1.191252777E1
3.742280700E1,6.960525513E-2,3.476969604E0,1.159399017E1
3.744289900E1,6.740483093E-1,4.254752197E0,1.064286804E1
3.746299100E1,-2.600093079E-1,4.768783264E0,9.836494904E0
3.748308200E1,-1.127455444E0,4.164639587E0,9.034163361E0
3.750317400E1,-1.085093536E0,3.275787964E0,8.700058136E0
3.752326600E1,-6.225553894E-1,3.102298737E0,8.652008057E0
3.754335800E1,-9.874964905E-1,2.976260834E0,8.338859253E0
3.756344900E1,-6.676116943E-1,2.756517792E0,7.664810944E0
3.758354088E1,-7.694000244E-1,2.803220673E0,7.116950226E0
3.760363288E1,-4.658312988E-1,3.088976440E0,6.623576202E0
3.762372488E1,-5.837860107E-1,3.218157806E0,6.246360626E0
3.764381588E1,-9.327104187E-1,2.884950714E0,5.861361237E0
3.766390788E1,-1.308279419E0,2.910697174E0,6.098617859E0
3.768399988E1,-1.468296661E0,2.957849121E0,5.753884735E0
3.770409188E1,-1.586850128E0,3.797453156E0,5.281167755E0
3.772418288E1,-1.148711243E0,4.705015869E0,4.585264893E0
3.774427488E1,-1.371597748E0,5.239404602E0,4.909340973E0
3.776436688E1,-1.578168182E0,5.179529114E0,6.070027313E0
3.778445888E1,-1.257684631E0,5.122198334E0,7.428901520E0
3.780454987E1,-1.375190277E0,5.130580902E0,8.239615631E0
3.782464188E1,-1.831890564E0,5.090015259E0,7.814799042E0
3.784473388E1,-2.988235931E0,4.849315796E0,8.129444733E0
3.786482588E1,-3.822900238E0,4.399800568E0,9.308093719E0
3.788491688E1,-3.321892090E0,4.997657318E0,7.642806702E0
3.790500888E1,-2.769091644E0,6.923851776E0,7.026837616E0
3.792510087E1,-2.425855408E0,6.944508820E0,8.431217194E0
3.794519288E1,-3.114872589E0,4.813839569E0,7.582332458E0
3.796528388E1,-3.960763550E0,4.614753571E0,6.154900818E0
3.798537588E1,-2.593806152E0,5.014871521E0,7.391179962E0
3.800795813E1,-9.979747009E-1,4.655618591E0,7.482490082E0
3.802805013E1,-6.405180359E-1,4.832700348E0,7.838000793E0
3.804814113E1,-1.465452576E-1,5.140909424E0,7.994724884E0
3.806823313E1,-2.433938599E-1,5.264252930E0,7.718998260E0
3.808832513E1,-4.900808716E-1,4.947810974E0,7.602989502E0
3.810841713E1,-4.475692749E-2,4.378245392E0,8.379275208E0
3.812850813E1,-1.127156067E-1,4.376449127E0,8.863817596E0
3.814860013E1,-2.615061951E-1,4.701722717E0,8.832382965E0
3.816869213E1,-1.264869690E-1,5.084476776E0,8.304580536E0
3.818878413E1,2.260299683E-1,4.974006500E0,7.738906860E0
3.820887513E1,5.035528564E-1,4.660258942E0,8.133636017E0
3.822896713E1,4.743635559E-1,4.592150574E0,8.797505493E0
3.824905913E1,5.962101746E-1,4.716392212E0,9.040300598E0
3.826915113E1,7.436535645E-1,4.912634125E0,8.648565216E0
3.828924213E1,5.125341797E-1,5.198988647E0,8.092770996E0
3.830933413E1,6.400689697E-1,5.230572968E0,7.808961182E0
3.832942558E1,1.137035522E0,5.235812073E0,8.003406830E0
3.834951758E1,1.327888641E0,5.181475067E0,7.955207062E0
3.836960958E1,9.580078125E-1,5.085374908E0,8.272098083E0
3.838970058E1,5.647755432E-1,4.940925293E0,8.328530731E0
3.840979258E1,4.947212219E-1,4.914879456E0,8.289761353E0
3.842988458E1,8.686436462E-1,5.305567017E0,8.350534973E0
3.844997558E1,8.988807678E-1,5.315296783E0,7.934550018E0
3.847006758E1,5.242098999E-1,5.180876312E0,7.633825378E0
3.849015958E1,3.842509460E-1,4.931494904E0,7.646698608E0
3.851025158E1,2.993774414E-2,5.158123627E0,8.304281158E0
3.853034358E1,5.538482666E-2,5.406906281E0,8.632847900E0
3.855043458E1,2.885998535E-1,5.478158112E0,8.512498169E0
3.857052658E1,2.242337036E-1,5.467380524E0,8.606203308E0
3.859061858E1,1.453477478E-1,5.092709656E0,8.628955994E0
3.861071058E1,2.389031982E-1,4.801714783E0,8.986113281E0
3.863080158E1,1.251397705E-1,4.616549835E0,9.160650330E0
3.865089358E1,2.079176331E-1,4.542902985E0,8.766669617E0
3.867098558E1,3.315605164E-1,4.899461517E0,8.496930542E0
3.869107758E1,2.781216431E-1,5.231920166E0,8.250692596E0
3.871116858E1,4.126918030E-1,5.788911896E0,8.848100281E0
3.873126058E1,8.469387817E-1,5.950426025E0,9.719288635E0
3.875135258E1,8.003855896E-1,5.092260590E0,8.885223083E0
3.877144458E1,1.028361511E-1,4.977149963E0,8.601862335E0
3.879153558E1,-3.891906738E-3,4.965174866E0,8.401578827E0
3.881162758E1,1.886077881E-2,5.153183899E0,7.685767365E0
3.883171958E1,-1.395098877E-1,5.821544037E0,7.716303864E0
3.885181158E1,-3.677851868E-1,5.672753448E0,8.376580811E0
3.887190258E1,-6.749464417E-1,5.114115143E0,9.117240601E0
3.889199458E1,-5.516029358E-1,4.677622833E0,1.000684067E1
3.891208658E1,-2.466870117E-1,4.296964417E0,1.022314087E1
3.893217858E1,-4.728666687E-1,4.158801727E0,9.227561188E0
3.895226958E1,-7.869136047E-1,4.273014221E0,8.732241211E0
3.897236158E1,-6.730004883E-1,3.911066895E0,8.849597168E0
3.899245358E1,-7.246430969E-1,3.372037811E0,9.272467804E0
3.901254558E1,-6.785389709E-1,2.900817719E0,9.606872406E0
3.903263658E1,-1.206042023E0,2.946622467E0,9.232949982E0
3.905272858E1,-1.848655701E0,4.040996704E0,8.861422577E0
3.907282058E1,-1.999092865E0,5.565875702E0,9.498198395E0
3.909291258E1,-1.348845062E0,6.896608429E0,1.177391602E1
3.911300358E1,-2.097138977E-1,7.098987579E0,1.350940704E1
3.913309558E1,-8.840615845E-1,6.671775970E0,1.310764252E1
3.915318758E1,-2.380799103E0,6.465654602E0,1.204934326E1
3.917327958E1,-2.840343475E0,6.729855194E0,1.244646744E1
3.919337058E1,-1.984872437E0,6.845863953E0,1.310015808E1
3.921346258E1,-7.685018921E-1,6.475833435E0,1.332005081E1
3.923355458E1,-4.150868225E-1,5.355862427E0,1.251801865E1
3.925364658E1,-5.123844910E-1,3.982618103E0,1.116438354E1
3.927373758E1,2.903961182E-1,3.054697723E0,1.002794678E1
3.929382958E1,9.578581238E-1,2.256407776E0,8.803493042E0
3.931392158E1,1.154249725E0,1.430724792E0,7.268584900E0
3.933401383E1,9.777667236E-1,7.237449646E-1,5.294340363E0
3.935410483E1,9.485774231E-1,7.020401001E-2,3.342998199E0
3.937419683E1,6.861730957E-1,4.188290405E-1,3.832779694E0
3.939428883E1,4.706213379E-1,4.258644104E-1,5.022206268E0
3.941438083E1,-2.784210205E-2,1.145118713E0,6.131250000E0
3.943447283E1,4.090992737E-1,1.681603088E0,6.459966431E0
3.945456383E1,1.295855255E0,1.006207581E0,7.026987305E0
3.947465583E1,1.720222778E0,-1.225950623E-1,7.629634094E0
3.949474783E1,1.502874756E0,-3.237767029E-1,1.025128235E1
3.951483983E1,1.095272369E0,8.487350464E-1,1.534953049E1
3.953493083E1,2.404449921E0,8.913963318E-1,1.529369659E1
3.955502283E1,3.009491730E0,7.857160950E-1,1.475092529E1
3.957511483E1,2.397713928E0,1.669627991E0,1.502231094E1
3.959520683E1,-4.067042542E-1,2.993025970E0,1.535282364E1
3.961529783E1,-2.230361938E0,2.979404297E0,1.276380753E1
3.963538983E1,-2.837948456E0,6.123615875E0,5.473068695E0
3.965548183E1,-6.861730957E-1,8.508306885E0,1.048629364E1
3.967557383E1,-1.161584473E-1,6.223158875E0,1.420710617E1
3.969566483E1,4.608915710E-1,4.436025238E0,1.042387344E1
3.971575683E1,-7.960446167E-1,3.436703339E0,7.549101563E0
3.973584883E1,-7.662565613E-1,3.835623779E0,5.352718964E0
3.975594083E1,1.808239746E-1,4.014202423E0,4.855602722E0
3.977603183E1,5.490582275E-1,3.253634033E0,4.957840118E0
3.979612383E1,-1.626218262E0,1.557660828E0,5.918692017E0
3.981621583E1,-4.167333984E0,-2.818638611E-1,6.126459961E0
3.983630783E1,-6.842720490E0,-1.246757355E0,5.324128418E0
3.985639883E1,-4.069736938E0,-8.879534912E-1,4.835843811E0
3.987649083E1,-2.850821686E0,2.036964111E0,5.380261688E0
3.989658283E1,-1.783241730E0,4.605772247E0,5.188211060E0
3.991667483E1,-2.341281281E0,6.180347900E0,8.379275208E0
3.993676583E1,-1.091530151E0,7.282655640E0,1.133143616E1
3.995685783E1,-1.096020813E0,7.311395874E0,1.286814056E1
3.997694983E1,-1.778302002E0,7.221732330E0,1.334489914E1
3.999704183E1,-2.724334717E-1,7.485483856E0,1.447474960E1
4.001713283E1,5.526507568E-1,7.957602081E0,1.682246750E1
4.003722483E1,5.969586182E-1,7.874524841E0,1.606070160E1
4.005731683E1,4.076023865E-1,6.672524414E0,1.329190933E1
4.007740883E1,9.511221313E-1,6.128106537E0,1.222567657E1
4.009749983E1,1.270557861E0,5.313350830E0,1.011102402E1
4.011759183E1,1.574276276E0,3.628155212E0,9.018745422E0
4.013768383E1,1.881437531E0,1.908231812E0,8.164022827E0
4.015777583E1,1.978735199E0,9.014254761E-1,6.333928528E0
4.017786683E1,1.556912384E0,3.583547974E-1,3.776646423E0
4.019795883E1,9.975256348E-1,-5.514532471E-1,2.361638947E0
4.021805083E1,2.276915131E0,-3.773652649E-1,2.589614868E0
4.023814283E1,3.028053131E0,-4.400848389E-2,3.286266174E0
4.025823383E1,3.164569244E0,-1.508862305E-1,3.678450623E0
4.027832583E1,1.932182007E0,1.065334625E0,2.670446777E0
4.029841783E1,1.068178711E0,3.101699982E0,1.243015137E0
4.031851158E1,2.257754974E0,4.280348969E0,3.290008392E0
4.033860258E1,3.717818756E0,5.794600067E0,7.114255829E0
4.035869458E1,4.651576996E0,5.879024506E0,1.143532013E1
4.037878658E1,4.694387970E0,5.521418152E0,1.308997925E1
4.039887858E1,3.860621796E0,5.824238434E0,1.137694153E1
4.041896958E1,2.965183868E0,6.999893646E0,9.969717865E0
4.043906158E1,2.081421661E0,7.502698059E0,8.934470673E0
4.045915358E1,1.571731567E0,6.989864502E0,8.233777771E0
4.047924558E1,1.442849579E0,6.231242065E0,7.753726044E0
4.049933658E1,1.112336884E0,4.347110138E0,7.832612000E0
4.051942858E1,1.383572845E0,3.848796387E0,7.716004486E0
4.053952058E1,1.866318970E0,4.054468689E0,7.029981079E0
4.055961258E1,1.831142120E0,3.706891479E0,6.994355164E0
4.057970358E1,1.253643036E0,3.253184967E0,7.309749298E0
4.059979558E1,1.328637085E0,3.292104034E0,7.623496857E0
4.061988758E1,1.638043671E0,3.784280548E0,6.945556641E0
4.063997958E1,1.383423157E0,4.128714294E0,6.098767548E0
4.066007058E1,1.486408997E0,4.649930420E0,6.176306305E0
4.068016258E1,1.667682037E0,5.495821381E0,7.278913422E0
4.070025458E1,2.480791168E0,6.671027527E0,9.696835327E0
4.072034658E1,3.046015778E0,7.208110657E0,1.158261383E1
4.074043758E1,2.298170929E0,6.789281616E0,1.240290802E1
4.076052958E1,1.830094299E0,7.208110657E0,1.262489639E1
4.078062158E1,1.843117218E0,7.694748688E0,1.256127869E1
4.080071358E1,2.324067078E0,7.811954956E0,1.304507263E1
4.082080458E1,2.722089386E0,7.665858765E0,1.381626892E1
4.084089658E1,2.401007080E0,6.390510864E0,1.365984421E1
4.086098858E1,2.433489532E0,5.214705963E0,1.398915939E1
4.088108058E1,2.572250977E0,4.036356354E0,1.426967606E1
4.090117158E1,2.176923065E0,3.925137634E0,1.261845978E1
4.092126358E1,1.504671021E0,4.537813568E0,9.529483337E0
4.094135558E1,1.155896301E0,5.105732574E0,7.314689026E0
4.096144758E1,7.209008789E-1,4.878804474E0,6.493646393E0
4.098153858E1,8.948391724E-1,4.078418884E0,6.899751892E0
4.100163058E1,9.819580078E-1,3.519032135E0,6.671626282E0
4.102172258E1,9.307644653E-1,2.997067566E0,5.745651855E0
4.104181458E1,5.998027039E-1,3.041225739E0,4.773124237E0
4.106190558E1,2.775228882E-1,3.141068115E0,3.502716064E0
4.108199758E1,3.504212952E-1,3.099754028E0,2.947670288E0
4.110208958E1,8.500822449E-1,2.913990326E0,3.460204468E0
4.112218158E1,1.119222565E0,2.710114288E0,4.832850037E0
4.114227258E1,7.939489746E-1,2.425256653E0,5.379363556E0
4.116236458E1,5.484594727E-1,3.009791107E0,5.245990906E0
4.118245658E1,9.909393311E-1,4.607119446E0,5.202132111E0
4.120254858E1,1.195713501E0,5.811365204E0,5.735173645E0
4.122263958E1,2.126477966E0,6.732399902E0,7.813601532E0
4.124273158E1,2.821632385E0,6.784341888E0,9.831405487E0
4.126282358E1,3.291804657E0,6.026767273E0,1.211400879E1
4.128291558E1,4.332141266E0,6.021677856E0,1.297456924E1
4.130300658E1,4.327351227E0,6.282136230E0,1.186387894E1
4.132309721E1,4.442910919E0,6.169121246E0,1.035037628E1
4.134318921E1,4.048481140E0,6.375242615E0,8.516390076E0
4.136328121E1,3.765270081E0,6.332132263E0,7.047943726E0
4.138337221E1,4.051025848E0,5.854924622E0,6.415059814E0
4.140346421E1,4.266577606E0,4.460424500E0,7.355254669E0
4.142355621E1,3.833827515E0,3.023263092E0,7.908653870E0
4.144364821E1,3.242557068E0,2.451152802E0,6.906637573E0
4.146373921E1,3.284020844E0,3.150797882E0,4.791535950E0
4.148383121E1,3.266507263E0,3.832929382E0,3.671564941E0
4.150392321E1,2.941832428E0,3.889062653E0,4.406386871E0
4.152401521E1,2.640509033E0,3.445085907E0,4.574038239E0
4.154410621E1,3.069816284E0,3.826642456E0,4.664749603E0
4.156419821E1,3.651057587E0,4.631668396E0,4.647685089E0
4.158429021E1,3.583098907E0,5.252427521E0,5.199437714E0
4.160438221E1,3.339255981E0,5.439688110E0,7.313790894E0
4.162447321E1,2.417921906E0,5.469027100E0,9.202263794E0
4.164456521E1,2.219434662E0,5.895939331E0,1.081036972E1
4.166465721E1,2.713108063E0,6.687193909E0,1.271845184E1
4.168474921E1,3.643124084E0,8.235274658E0,1.304267761E1
4.170484021E1,3.628005524E0,9.669142914E0,1.079510147E1
4.172493221E1,3.529809723E0,1.028915359E1,8.817713470E0
4.174502421E1,3.542682953E0,9.706415405E0,8.315657501E0
4.176511621E1,3.377875671E0,7.818541260E0,9.739945679E0
4.178520721E1,2.740800476E0,5.326224060E0,1.122874969E1
4.180529921E1,1.542392578E0,4.013004913E0,1.023496628E1
4.182539121E1,4.152365112E-1,3.888763275E0,7.249574432E0
4.184548321E1,2.148033142E-1,4.592150574E0,5.447471924E0
4.186557421E1,1.580712891E-1,4.915627899E0,6.033503265E0
4.188566621E1,-6.523434448E-1,4.477938080E0,8.763077087E0
4.190575821E1,-8.390052795E-1,3.965852966E0,1.058658508E1
4.192585021E1,-5.746549988E-1,4.776417389E0,1.042043060E1
4.194594121E1,7.074288940E-1,5.978567505E0,1.029319519E1
4.196603321E1,2.116598511E0,6.611301727E0,1.174607391E1
4.198612521E1,2.590662689E0,6.059998169E0,1.352078339E1
4.200621721E1,2.665057983E0,5.393733673E0,1.344713654E1
4.202630821E1,3.016826477E0,5.429209900E0,1.307351349E1
4.204640021E1,2.919828186E0,5.300776978E0,1.202569244E1
4.206649221E1,2.493963776E0,4.939428406E0,1.009440857E1
4.208658421E1,2.534379730E0,4.752916260E0,8.193511505E0
4.210667521E1,2.608325958E0,4.298760681E0,6.348897400E0
4.212676721E1,2.659369812E0,3.475023651E0,5.677842865E0
4.214685921E1,1.929038544E0,2.557880859E0,5.638624420E0
4.216695121E1,1.533860321E0,1.441053314E0,5.797743530E0
4.218704221E1,1.879192200E0,1.475781097E0,5.231471100E0
4.220713421E1,2.556982727E0,1.919458466E0,4.629572754E0
4.222722621E1,3.032992859E0,2.111958160E0,4.340374146E0
4.224731821E1,2.409389648E0,1.569935303E0,4.409680023E0
4.226740921E1,1.972747650E0,1.283131714E0,5.339097290E0
4.228750121E1,2.401755524E0,2.225871277E0,5.833818512E0
4.230759321E1,3.157683563E0,3.607647858E0,6.695875854E0
4.232768483E1,2.627635803E0,4.647984467E0,8.209528198E0
4.234777583E1,2.103725281E0,4.559518433E0,8.387208710E0
4.236786783E1,2.995121613E0,5.786666565E0,7.155869293E0
4.238795983E1,3.601360931E0,7.019502869E0,5.867947540E0
4.240805083E1,4.608466644E0,6.993307343E0,7.095844116E0
4.242814283E1,5.775290222E0,5.705984344E0,1.031699570E1
4.244823483E1,6.118676147E0,4.023782501E0,1.418794601E1
4.246832683E1,4.642146606E0,3.153192902E0,1.348770218E1
4.248841783E1,3.121458893E0,3.843407593E0,9.063202972E0
4.250850983E1,2.218237152E0,5.079686737E0,6.123466187E0
4.252860183E1,2.446961517E0,6.146518250E0,5.989943848E0
4.254869383E1,2.778222656E0,6.186784515E0,7.480693817E0
4.256878483E1,3.295546875E0,5.721402283E0,9.425150299E0
4.258887683E1,3.357667694E0,5.732628937E0,9.227261810E0
4.260896883E1,3.125350800E0,6.552024994E0,7.792944489E0
4.262906083E1,2.856210480E0,7.499853973E0,7.124883728E0
4.264915183E1,2.296674042E0,7.464677124E0,7.921377411E0
4.266924383E1,2.204765167E0,6.403234406E0,9.949958954E0
4.268933583E1,2.216141510E0,5.374124451E0,1.124072479E1
4.270942783E1,2.144440613E0,4.375251617E0,1.121602615E1
4.272951883E1,1.985770569E0,4.211192780E0,9.633966064E0
4.274961083E1,2.197879486E0,4.610861664E0,7.702382813E0
4.276970283E1,2.584076385E0,4.953050079E0,6.330036621E0
4.278979483E1,2.076631622E0,4.655468903E0,5.706283722E0
4.280988583E1,1.451681213E0,4.108206940E0,6.145470428E0
4.282997783E1,5.270539856E-1,4.230352936E0,7.305857391E0
4.285006983E1,1.342707825E-1,5.036875763E0,8.209079132E0
4.287016183E1,5.448669434E-2,5.811963959E0,8.504564667E0
4.289025283E1,-4.830455017E-1,5.684279480E0,1.078507233E1
4.291034483E1,-9.753717041E-1,4.829407196E0,1.269959106E1
4.293043683E1,-1.196611633E0,4.637655945E0,1.205877365E1
4.295052883E1,-7.967930603E-1,5.586083679E0,1.069765411E1
4.297061983E1,2.306703186E-1,6.221961365E0,1.055470139E1
4.299071183E1,9.316625977E-1,5.960305481E0,1.085198318E1
4.301080383E1,1.243314514E0,5.006938019E0,1.007345215E1
4.303089583E1,1.175804901E0,4.158352661E0,8.609496460E0
4.305098683E1,1.113684082E0,3.675456848E0,7.350015564E0
4.307107883E1,1.081501007E0,3.357068939E0,7.138206024E0
4.309117083E1,9.818083191E-1,3.122207336E0,7.025789795E0
4.311126183E1,1.066532135E0,2.744842072E0,7.827971649E0
4.313135383E1,8.581654358E-1,2.389930115E0,6.887627106E0
4.315144583E1,8.614585876E-1,2.645149384E0,4.948559418E0
4.317153783E1,1.046324158E0,3.163970490E0,4.013154602E0
4.319162883E1,8.167016602E-1,3.293301544E0,4.374952240E0
4.321172083E1,6.077362061E-1,3.294648743E0,5.423970795E0
4.323181283E1,6.738986206E-1,3.488645325E0,7.058721313E0
4.325190483E1,1.034498749E0,4.567451935E0,7.737260284E0
4.327199583E1,8.345146179E-1,5.936355286E0,6.932234344E0
4.329208783E1,4.369413757E-1,6.927743683E0,7.281757507E0
4.331217983E1,1.651066589E-1,7.012617188E0,8.619525604E0
4.333227196E1,2.622546387E-1,6.369255066E0,1.019934036E1
4.335236296E1,1.231938171E0,5.433850250E0,1.264315842E1
4.337245496E1,2.299667816E0,5.764812012E0,1.223091568E1
4.339254696E1,3.369343414E0,6.913523254E0,1.015203873E1
4.341263896E1,3.356769562E0,7.820337524E0,8.877738647E0
4.343272996E1,3.048710175E0,6.502478027E0,9.787247314E0
4.345282196E1,2.795287170E0,4.966671753E0,1.149444717E1
4.347291396E1,3.081342316E0,3.551364899E0,1.281589920E1
4.349300596E1,2.890788574E0,3.980821838E0,1.070903046E1
4.351309696E1,2.546055450E0,4.561015320E0,8.028554535E0
4.353318896E1,1.864223328E0,4.550986176E0,7.290289764E0
4.355328096E1,1.626517639E0,3.959715729E0,7.827821960E0
4.357337296E1,1.817819824E0,3.652853851E0,7.994874573E0
4.359346396E1,1.885928192E0,3.534001007E0,7.241341553E0
4.361355596E1,1.954785004E0,3.716920624E0,6.021977234E0
4.363364796E1,1.669627991E0,4.044589233E0,5.075645142E0
4.365373896E1,1.014290771E0,4.104614410E0,4.787793732E0
4.367383096E1,6.816824341E-1,3.966002655E0,5.528902588E0
4.369392296E1,5.661227417E-1,3.927083588E0,6.640341339E0
4.371401496E1,5.718109131E-2,4.129163361E0,6.689738617E0
4.373410596E1,1.242416382E-2,5.085823975E0,5.868396606E0
4.375419796E1,3.608995056E-1,5.648054810E0,6.226302338E0
4.377428996E1,3.218307495E-1,5.494623871E0,7.858657837E0
4.379438196E1,3.574566650E-1,5.267546082E0,9.180708618E0
4.381447296E1,1.019978943E0,5.867348785E0,9.719438324E0
4.383456496E1,1.071022797E0,6.355184326E0,9.362879791E0
4.385465696E1,9.138496399E-1,6.696175232E0,9.922715607E0
4.387474896E1,2.097138977E-1,6.633904724E0,1.069555847E1
4.389483996E1,-2.865042114E-1,6.469097443E0,1.064152084E1
4.391493196E1,-7.945477295E-1,6.634952545E0,1.046833099E1
4.393502396E1,-1.419198761E0,6.865622864E0,1.011835876E1
4.395511596E1,-1.813778229E0,6.601871338E0,1.012958542E1
4.397520696E1,-1.670675812E0,6.237528992E0,1.058433975E1
4.399529896E1,-1.453178101E0,5.470973053E0,1.081800385E1
4.401539096E1,-1.603016510E0,4.876858521E0,1.036205200E1
4.403548296E1,-1.196312256E0,5.201533356E0,9.545500031E0
4.405557396E1,-9.821076965E-1,5.434299316E0,9.031169586E0
4.407566596E1,-1.126257935E0,4.865631866E0,8.947044525E0
4.409575796E1,-1.226100311E0,4.182901611E0,9.037007446E0
4.411584896E1,-1.157991943E0,3.345093842E0,8.481961670E0
4.413594096E1,-6.616241455E-1,3.424129486E0,7.273973694E0
4.415603296E1,-1.990859985E-1,4.034260712E0,6.148464203E0
4.417612496E1,2.556683350E-1,4.333638153E0,5.802832947E0
4.419621596E1,-2.724334717E-2,4.138144684E0,5.550308075E0
4.421630796E1,-7.424560547E-2,4.074976044E0,5.615722046E0
4.423639996E1,-4.641847229E-1,3.953428802E0,5.358706512E0
4.425649196E1,-7.032376099E-1,3.659440155E0,5.745202789E0
4.427658296E1,-7.785310364E-1,3.676804047E0,6.720574493E0
4.429667496E1,-6.616241455E-1,3.766617279E0,6.850953369E0
4.431676696E1,-2.044747925E-1,4.698279877E0,6.151457977E0
4.433685846E1,-2.228865051E-1,5.414390717E0,6.038892059E0
4.435694946E1,-2.637515259E-1,5.628595276E0,6.181395721E0
4.437704146E1,-2.297721863E-1,5.531596985E0,7.770790558E0
4.439713346E1,8.741821289E-2,5.838608551E0,9.423803101E0
4.441722546E1,2.508782959E-1,6.513854370E0,9.229656830E0
4.443731646E1,6.435118103E-1,6.843917999E0,8.941056976E0
4.445740846E1,1.168769531E0,7.149732056E0,9.515113220E0
4.447750046E1,1.882185974E0,6.914720764E0,1.051697983E1
4.449759246E1,3.027753754E0,6.391259308E0,1.213825836E1
4.451768346E1,3.387904816E0,6.222260742E0,1.180535065E1
4.453777546E1,3.004552002E0,6.853498077E0,9.767937469E0
4.455786746E1,3.232078857E0,7.053781586E0,8.630901947E0
4.457795846E1,4.033811646E0,6.107898560E0,9.438173218E0
4.459805046E1,3.891906738E0,4.998405762E0,1.087982529E1
4.461814246E1,3.431015167E0,3.586092682E0,1.202374649E1
4.463823446E1,2.883603516E0,3.708538055E0,1.046967819E1
4.465832546E1,2.573149109E0,4.247567139E0,8.456514587E0
4.467841746E1,2.684367828E0,5.120851135E0,6.806346130E0
4.469850946E1,2.503094788E0,4.775968323E0,6.747069397E0
4.471860146E1,2.168540497E0,4.164190521E0,7.032825165E0
4.473869246E1,2.199376373E0,3.521427155E0,6.696474609E0
4.475878446E1,2.250120850E0,3.401227112E0,5.778134308E0
4.477887646E1,2.449655914E0,3.568728790E0,5.248385925E0
4.479896846E1,2.337838440E0,3.719465332E0,5.030738525E0
4.481905946E1,1.707798615E0,3.518583069E0,4.843927002E0
4.483915146E1,1.189725952E0,3.219205627E0,4.751419373E0
4.485924346E1,1.034498749E0,3.287763062E0,4.956941986E0
4.487933546E1,9.178912354E-1,3.502716064E0,5.041366425E0
4.489942646E1,8.208929443E-1,3.869603119E0,5.145400085E0
4.491951846E1,8.882528687E-1,4.416266327E0,5.340145111E0
4.493961046E1,7.872129822E-1,4.755460968E0,6.469845886E0
4.495970146E1,6.846762085E-1,4.971761169E0,7.616760864E0
4.497979346E1,7.990383911E-1,5.479505310E0,8.172106018E0
4.499988546E1,1.311871948E0,6.108197937E0,9.252409515E0
4.501997746E1,1.161883850E0,6.253695374E0,1.010967682E1
4.504006846E1,6.628216553E-1,6.813082123E0,1.016057098E1
4.506016046E1,-1.818717957E-1,7.219187622E0,1.059257263E1
4.508025246E1,-5.525010681E-1,6.514303436E0,1.237506592E1
4.510034446E1,-3.031196594E-1,5.858517151E0,1.354802673E1
4.512043546E1,5.448669434E-2,5.704786835E0,1.276919632E1
4.514052746E1,5.339396667E-1,5.994284821E0,1.183573746E1
4.516061946E1,4.293072510E-1,5.509892120E0,1.225381805E1
4.518071146E1,9.310638428E-2,4.273014221E0,1.393721741E1
4.520080246E1,-3.144960022E-1,3.246898041E0,1.393931305E1
4.522089446E1,-6.162684631E-1,3.892505493E0,1.146406036E1
4.524098646E1,-9.430389404E-2,4.842430115E0,8.554560699E0
4.526107846E1,6.219566345E-1,5.367238770E0,7.686066742E0
4.528116946E1,9.267228699E-1,4.399950256E0,8.760233002E0
4.530126146E1,5.960604858E-1,3.401676178E0,8.643326111E0
4.532135350E1,2.718347168E-1,2.677033081E0,8.073610840E0
4.534144550E1,2.897973633E-1,2.800975342E0,6.148613892E0
4.536153650E1,6.924600220E-1,2.946472778E0,4.301155701E0
4.538162850E1,7.222480774E-1,2.834206238E0,4.508474579E0
4.540172050E1,-4.730163574E-2,2.365830231E0,5.781128082E0
4.542181250E1,-8.605604553E-1,1.623523865E0,6.013594666E0
4.544190350E1,-1.276994476E0,1.450483704E0,5.590574341E0
4.546199550E1,-1.043480072E0,1.944755859E0,5.472020874E0
4.548208750E1,-7.197033691E-1,2.487676849E0,5.805976410E0
4.550217950E1,-7.961943054E-1,2.928659821E0,6.109245758E0
4.552227050E1,-4.487667847E-1,2.813998260E0,7.331005096E0
4.554236250E1,-1.468446350E-1,2.816393280E0,9.059161377E0
4.556245450E1,2.418969727E-1,2.597398682E0,1.065933380E1
4.558254650E1,6.376739502E-1,2.673590240E0,1.119716537E1
4.560263750E1,1.367406464E0,2.977757721E0,1.141062149E1
4.562272950E1,2.161654816E0,3.344495087E0,1.141601028E1
4.564282150E1,2.531984711E0,3.374881897E0,1.123698257E1
4.566291350E1,2.783461761E0,3.517535248E0,1.191327621E1
4.568300450E1,2.760260010E0,3.119812317E0,1.328472427E1
4.570309650E1,2.955154724E0,3.013982391E0,1.364457596E1
4.572318850E1,2.947370911E0,3.299139404E0,1.201341797E1
4.574328050E1,3.586691437E0,3.392545166E0,1.103699844E1
4.576337150E1,4.026177521E0,3.056493988E0,1.151166138E1
4.578346350E1,4.078867950E0,1.987117767E0,1.301318893E1
4.580355550E1,4.465962982E0,1.134939880E0,1.348455872E1
4.582364750E1,4.967120819E0,1.661694489E0,1.270962021E1
4.584373850E1,4.924160156E0,2.309247894E0,1.116468292E1
4.586383050E1,4.247866516E0,1.926793213E0,9.633067932E0
4.588392250E1,3.563190308E0,1.767524414E0,9.055568848E0
4.590401450E1,3.505859528E0,1.426084442E0,9.430389404E0
4.592410550E1,3.137625275E0,1.055006104E0,1.075558365E1
4.594419750E1,3.664978638E0,7.114704895E-1,1.137080429E1
4.596428950E1,3.391347656E0,9.217831421E-1,1.029349457E1
4.598438150E1,3.952979736E0,9.527687073E-1,9.153165894E0
4.600447250E1,2.707270203E0,2.096540222E0,6.063441010E0
4.602456450E1,2.693049774E0,1.132993927E0,5.382057953E0
4.604465650E1,3.474275208E0,1.886526947E0,6.566844177E0
4.606474850E1,2.864593048E0,2.294578400E0,6.789730682E0
4.608483950E1,3.109334106E0,2.216590576E0,6.553372192E0
4.610493150E1,1.209035797E0,1.466051331E0,5.456752625E0
4.612502350E1,8.113128662E-1,1.911674652E0,5.321733398E0
4.614511550E1,1.892963562E0,2.395767975E0,5.177283783E0
4.616520650E1,2.777773590E0,2.483934631E0,6.469097443E0
4.618529850E1,2.575095062E0,2.539020081E0,6.106251984E0
4.620539050E1,-8.617579651E-1,4.172872467E0,9.345066833E0
4.622548250E1,-2.063159637E0,4.421206055E0,7.318281555E0
4.624557350E1,-1.659598846E0,4.055366821E0,6.790030060E0
4.626566550E1,-4.224215698E-1,4.295168152E0,6.856641541E0
4.628575750E1,-1.136586456E0,6.312073975E0,7.933651886E0
4.630584950E1,-2.381397858E0,8.339907074E0,9.325008545E0
4.632594138E1,-2.426154785E0,7.055278473E0,8.155490570E0
4.634603338E1,-4.324806519E0,4.077371063E0,7.439978485E0
4.636612538E1,-5.976172485E0,3.038681030E0,8.906927948E0
4.638621738E1,-4.607119446E0,2.833308105E0,8.964707794E0
4.640630838E1,-3.711980896E0,3.655398560E0,7.920778656E0
4.642640038E1,-3.129392395E0,4.966522064E0,7.414681091E0
4.644649238E1,-3.211721191E0,5.418731689E0,8.024213562E0
4.646658438E1,-3.267255707E0,4.938530273E0,9.822124786E0
4.648667538E1,-3.575614471E0,4.443060608E0,1.144534927E1
4.650676738E1,-3.204236755E0,4.042493591E0,1.057730438E1
4.652685938E1,-3.388952637E0,3.970044250E0,6.687193909E0
4.654695138E1,-6.138734436E0,5.640270996E0,2.633473663E0
4.656704238E1,-2.955903168E0,4.503085785E0,1.110465775E1
4.658713438E1,-5.489384766E0,2.804717560E0,7.887547760E0
4.660906871E1,-5.028044128E-1,4.671036530E0,8.116571503E0
4.662916071E1,-9.604028320E-1,4.736749878E0,7.719147949E0
4.664925171E1,-7.873626709E-1,4.932093658E0,8.751850433E0
4.666934371E1,-5.697152710E-1,4.702620850E0,8.981921997E0
4.668943571E1,-6.715036011E-1,4.327800293E0,8.914262695E0
4.670952671E1,-6.692582703E-1,4.000281372E0,9.122030640E0
4.672961871E1,-8.442443848E-1,4.139491882E0,8.635991364E0
4.674971071E1,-6.535409546E-1,4.365521851E0,7.775730286E0
4.676980271E1,-5.620811462E-1,4.535717926E0,7.489375763E0
4.678989371E1,-5.141807556E-1,4.649631042E0,7.851772156E0
4.680998571E1,-4.984634399E-1,4.524940338E0,8.213869171E0
4.683007771E1,-9.217831421E-1,4.585564270E0,8.646170197E0
4.685016871E1,-7.282356262E-1,4.651876373E0,8.773704987E0
4.687026071E1,-6.351292419E-1,4.710105286E0,8.596623230E0
4.689035271E1,-9.271719360E-1,4.683311005E0,8.715027008E0
4.691044471E1,-1.450334015E0,4.605622559E0,9.622589722E0
4.693053571E1,-1.694626007E0,4.411625977E0,1.049347870E1
4.695062771E1,-1.123563538E0,4.594994659E0,1.029708710E1
4.697071971E1,-8.800199890E-1,5.388344879E0,9.321116638E0
4.699081071E1,-1.342109070E0,5.749244385E0,8.460556183E0
4.701090271E1,-1.847158813E0,5.907764740E0,8.329279175E0
4.703099471E1,-2.481090546E0,5.806874542E0,8.855285339E0
4.705108671E1,-2.781815186E0,5.706283722E0,9.529782715E0
4.707117771E1,-2.639311523E0,5.670807495E0,9.239087219E0
4.709126971E1,-3.249592438E0,5.486241302E0,8.826545105E0
4.711136171E1,-3.985162811E0,4.916675720E0,9.344168701E0
4.713145271E1,-4.088448029E0,4.204307098E0,1.076695999E1
4.715154463E1,-3.822451172E0,3.511697388E0,1.228450424E1
4.717163663E1,-3.372636566E0,3.173550568E0,1.303399567E1
4.719172763E1,-2.633773041E0,4.037254486E0,1.257654694E1
4.721181963E1,-2.219434662E0,5.347629547E0,1.110331055E1
4.723191163E1,-2.296674042E0,5.857619019E0,1.122231308E1
4.725200363E1,-2.418520660E0,5.554050293E0,1.220322327E1
4.727209463E1,-1.915267181E0,5.156177673E0,1.267728745E1
4.729218663E1,-1.701362000E0,5.009482727E0,1.304073166E1
4.731227863E1,-1.890568542E0,5.041665802E0,1.211086533E1
4.733236963E1,-1.656455383E0,4.949607239E0,1.125928619E1
4.735246163E1,-1.671723633E0,4.494703217E0,1.134790192E1
4.737255363E1,-1.607357483E0,3.462599487E0,1.152004395E1
4.739264563E1,-9.220825195E-1,1.847308502E0,1.113384705E1
4.741273663E1,-5.059478760E-1,4.939727783E-1,9.419611816E0
4.743282863E1,-6.500981140E-1,3.534150696E-1,7.464677124E0
4.745292063E1,-7.250921631E-1,7.665559387E-1,6.634204102E0
4.747301163E1,-9.545649719E-1,1.308878174E0,7.092401276E0
4.749310363E1,-1.002315674E0,1.587897949E0,7.605683899E0
4.751319563E1,-9.461824036E-1,1.079704742E0,8.128396912E0
4.753328763E1,-3.088078308E-1,4.355941772E-1,8.191116486E0
4.755337863E1,8.637039185E-1,9.108558655E-1,8.009993134E0
4.757347063E1,1.113684082E0,1.980980530E0,7.645052032E0
4.759356263E1,-3.559597778E-1,2.494562531E0,7.887398071E0
4.761365363E1,-1.539099426E0,2.901715851E0,8.433312836E0
4.763374563E1,-1.968706055E0,2.960842896E0,8.807384949E0
4.765383763E1,-1.546733551E0,2.630330200E0,8.879385223E0
4.767392963E1,-3.553610229E-1,2.543361053E0,8.888366547E0
4.769402063E1,-3.876937866E-1,2.857707367E0,8.580307159E0
4.771411263E1,-1.485061798E0,3.298390961E0,7.927664337E0
4.773420463E1,-2.074086914E0,3.356769562E0,7.250622253E0
4.775429563E1,-2.322570190E0,3.060385895E0,6.943011932E0
4.777438763E1,-1.979333954E0,2.621947632E0,6.383924561E0
4.779447963E1,-1.594184875E0,2.500849457E0,5.954168243E0
4.781457163E1,-1.370250549E0,2.790796509E0,6.005511475E0
4.783466263E1,-2.246827698E0,3.198398895E0,6.293362885E0
4.785475463E1,-2.713407440E0,3.205134888E0,6.317462769E0
4.787484663E1,-2.706372070E0,3.496728516E0,7.000941467E0
4.789493763E1,-2.312840424E0,4.121978302E0,7.429350586E0
4.791502963E1,-1.966760101E0,4.709057465E0,8.023914185E0
4.793512163E1,-2.318678284E0,5.025349731E0,8.178392944E0
4.795521263E1,-3.118614807E0,4.906197510E0,8.603359222E0
4.797530463E1,-3.633843384E0,4.609813843E0,1.018916153E1
4.799539663E1,-3.645219727E0,4.393363953E0,1.195848221E1
4.801548863E1,-3.740272064E0,4.240082703E0,1.248059647E1
4.803557963E1,-4.113296356E0,4.671485596E0,1.210921875E1
4.805567163E1,-3.954326935E0,4.901706848E0,1.204260727E1
4.807576363E1,-3.378923492E0,5.127437439E0,1.278206955E1
4.809585463E1,-3.209475861E0,4.741390228E0,1.377869705E1
4.811594663E1,-3.819906464E0,3.526217194E0,1.361688354E1
4.813603863E1,-4.060905304E0,2.453547821E0,1.230965195E1
4.815613100E1,-3.884571991E0,2.592009888E0,1.073058563E1
4.817622200E1,-3.535797272E0,3.425476685E0,9.346414032E0
4.819631400E1,-3.129542084E0,3.788471832E0,8.030799866E0
4.821640600E1,-2.841840363E0,3.353326721E0,7.109316101E0
4.823649700E1,-2.782563629E0,2.617606659E0,6.652615814E0
4.825658900E1,-2.780467987E0,2.026036835E0,6.826703796E0
4.827668100E1,-2.191891937E0,1.733545074E0,6.755751343E0
4.829677200E1,-1.289119263E0,1.876348114E0,6.285279694E0
4.831686400E1,-9.139993286E-1,2.428250427E0,5.877078552E0
4.833695600E1,-9.901908875E-1,2.753074951E0,5.614524536E0
4.835704800E1,-1.379680939E0,2.410587158E0,5.350323944E0
4.837713900E1,-1.714983673E0,1.949695587E0,5.474864960E0
4.839723100E1,-1.783990173E0,1.893861694E0,5.806275787E0
4.841732300E1,-1.887425079E0,2.280956726E0,6.390810242E0
4.843741400E1,-2.046244812E0,2.672692108E0,7.317832489E0
4.845750600E1,-2.270927582E0,3.415148163E0,8.580007782E0
4.847759800E1,-2.304308167E0,3.909869385E0,9.129066010E0
4.849769000E1,-1.929038544E0,4.388124847E0,9.582473145E0
4.851778100E1,-1.410367126E0,5.096302185E0,1.118638779E1
4.853787300E1,-1.321302338E0,5.035977631E0,1.217672836E1
4.855796500E1,-1.478625183E0,4.529580688E0,1.286170395E1
4.857805600E1,-1.536854095E0,3.959266663E0,1.349818039E1
4.859814800E1,-1.211879883E0,3.480412445E0,1.363140335E1
4.861824000E1,-7.777825928E-1,3.366798706E0,1.293535080E1
4.863833100E1,-1.015188904E0,3.691473541E0,1.122291183E1
4.865842300E1,-1.042432251E0,3.795357513E0,1.003348526E1
4.867851500E1,-9.089099121E-1,3.497626648E0,1.017598892E1
4.869860700E1,-4.290078735E-1,2.712509308E0,1.062640228E1
4.871869800E1,-3.215313721E-1,2.218536530E0,1.048000671E1
4.873879000E1,-2.300715637E-1,2.074835358E0,9.503736877E0
4.875888200E1,-2.935395813E-1,2.163002014E0,7.839497681E0
4.877897300E1,-5.161267090E-1,2.761307831E0,6.573580170E0
4.879906500E1,-5.210664368E-1,3.331023102E0,6.435267792E0
4.881915700E1,-4.143383789E-1,3.119213562E0,6.696773987E0
4.883924800E1,-2.880010986E-1,2.702180786E0,6.453978882E0
4.885934000E1,-8.484356689E-1,2.521955566E0,6.295308838E0
4.887943200E1,-1.315763855E0,2.555336151E0,6.368955688E0
4.889952400E1,-1.291065216E0,2.548300781E0,6.569538574E0
4.891961500E1,-1.307680664E0,2.499352570E0,6.898105316E0
4.893970700E1,-1.015937347E0,2.565964050E0,7.091652832E0
4.895979900E1,-5.239105225E-1,2.701132965E0,6.958878937E0
4.897989000E1,-1.525328064E-1,2.835104370E0,6.795718231E0
4.899998200E1,-4.842430115E-1,3.258424072E0,6.647376709E0
4.902007400E1,-6.894662476E-1,3.498824158E0,6.414760437E0
4.904016600E1,-7.601193237E-1,3.422183533E0,6.291566620E0
4.906025700E1,-8.548722839E-1,3.441194000E0,6.578370209E0
4.908034900E1,-1.308129730E0,4.037703552E0,6.904242554E0
4.910044100E1,-2.260000305E0,4.994962921E0,7.669301605E0
4.912053200E1,-2.720891876E0,5.428311768E0,9.688303070E0
4.914062400E1,-2.914888458E0,5.081632690E0,1.308953018E1
4.916071600E1,-2.676434326E0,5.295238495E0,1.514804947E1
4.918080700E1,-2.473755798E0,6.020929413E0,1.472143661E1
4.920089900E1,-2.152523804E0,6.557413788E0,1.443672867E1
4.922099100E1,-2.067949677E0,6.619235229E0,1.487352036E1
4.924108300E1,-2.606080627E0,6.218069458E0,1.451217178E1
4.926117400E1,-3.449726257E0,5.340893555E0,1.344893280E1
4.928126600E1,-4.154610443E0,4.040996704E0,1.225741058E1
4.930135800E1,-5.376968536E0,3.345542908E0,1.176792847E1
4.932144900E1,-5.547164612E0,2.755320282E0,1.156135803E1
4.934154100E1,-4.822222137E0,2.437830505E0,1.106888214E1
4.936163300E1,-4.272714844E0,3.053200836E0,1.041324554E1
4.938172400E1,-4.121529236E0,3.517684937E0,8.986113281E0
4.940181600E1,-3.878285065E0,3.552263031E0,7.735913086E0
4.942190800E1,-3.921245728E0,3.390748901E0,7.457941132E0
4.944200000E1,-3.513044586E0,2.948718109E0,7.719147949E0
4.946209100E1,-3.113226013E0,2.392325134E0,7.807015228E0
4.948218300E1,-3.134631500E0,1.967059479E0,7.566315765E0
4.950227500E1,-2.645748138E0,1.599124603E0,6.949598236E0
4.952236600E1,-2.084265747E0,1.300046539E0,6.137536926E0
4.954245800E1,-1.796564026E0,1.289568329E0,5.471871185E0
4.956255000E1,-1.655257874E0,1.575473785E0,5.042414246E0
4.958264200E1,-1.794767761E0,1.882635040E0,4.803960114E0
4.960273300E1,-2.001038818E0,2.061962128E0,4.784949646E0
4.962282500E1,-2.432890778E0,1.539698181E0,5.197042694E0
4.964291700E1,-2.237546997E0,1.397942963E0,6.253096619E0
4.966300800E1,-1.930236053E0,1.914518738E0,7.231911163E0
4.968310000E1,-2.069895630E0,3.167263641E0,7.382947083E0
4.970319200E1,-2.609673157E0,4.510570221E0,7.608977051E0
4.972328400E1,-2.337539063E0,5.707481232E0,8.727900238E0
4.974337500E1,-1.488953705E0,5.475014648E0,1.073313034E1
4.976346700E1,-4.757107544E-1,4.820425873E0,1.328427521E1
4.978355900E1,-6.140231323E-1,3.867058411E0,1.448268311E1
4.980365000E1,-4.185296631E-1,3.355871429E0,1.357901230E1
4.982374200E1,-2.059716797E-1,3.507805481E0,1.198333054E1
4.984383400E1,-3.817062378E-2,4.212839355E0,1.027912445E1
4.986392600E1,-8.322692871E-2,5.083279266E0,8.336015167E0
4.988401700E1,-7.854167175E-1,5.353168030E0,6.865622864E0
4.990410900E1,-1.577270050E0,4.526287537E0,7.322023773E0
4.992420100E1,-1.343605957E0,2.814297638E0,9.814640350E0
4.994429200E1,-1.055455170E0,1.512604523E0,1.243284576E1
4.996438400E1,-7.674540710E-1,1.231638794E0,1.215801727E1
4.998447600E1,-9.466314697E-1,1.814676361E0,9.217532043E0
5.000456800E1,-9.382489014E-1,2.771935730E0,6.897955627E0
5.002465900E1,-6.884184265E-1,3.726650391E0,6.560706940E0
5.004475100E1,-6.327342224E-1,3.118914185E0,7.496710510E0
5.006484300E1,-6.592291260E-1,2.467768250E0,7.851772156E0
5.008493400E1,-8.141569519E-1,2.378404083E0,7.524702301E0
5.010502600E1,-6.351292419E-1,2.320175171E0,6.244115295E0
5.012511800E1,-7.405101013E-1,2.713407440E0,5.587281189E0
5.014521000E1,-1.072220306E0,3.230282593E0,5.464985504E0
5.016530096E1,-1.633253632E0,3.254981232E0,5.991440735E0
5.018539296E1,-1.924697571E0,3.003055115E0,6.660998383E0
5.020548496E1,-1.956880646E0,3.055296478E0,7.072642365E0
5.022557696E1,-1.852098541E0,3.217259674E0,7.076384583E0
5.024566796E1,-1.862427063E0,3.652554474E0,7.123237152E0
5.026575996E1,-1.714384918E0,4.033063202E0,7.570057983E0
5.028585196E1,-1.588047638E0,4.255051575E0,8.374335480E0
5.030594296E1,-1.784588928E0,4.244273987E0,9.127269745E0
5.032603496E1,-1.946851501E0,3.867357788E0,9.435478821E0
5.034612696E1,-2.262245636E0,3.709585876E0,9.998907166E0
5.036621796E1,-2.932701416E0,3.617826691E0,1.098715210E1
5.038630996E1,-3.507206726E0,3.594774628E0,1.212553482E1
5.040640196E1,-3.731889496E0,3.940705261E0,1.307321411E1
5.042649396E1,-3.362308044E0,4.497696991E0,1.361912888E1
5.044658496E1,-3.054847412E0,4.975952454E0,1.335612579E1
5.046667696E1,-3.106040955E0,5.355712738E0,1.321332275E1
5.048676896E1,-3.113525391E0,5.390440521E0,1.371043900E1
5.050686096E1,-3.927083588E0,4.867727509E0,1.366074234E1
5.052695196E1,-4.372557220E0,4.057312775E0,1.332873276E1
5.054704396E1,-3.790866852E0,3.317551117E0,1.311213318E1
5.056713596E1,-3.553759918E0,3.088227997E0,1.278296768E1
5.058722696E1,-3.460803223E0,3.125500488E0,1.223375977E1
5.060731896E1,-3.319497070E0,3.041225739E0,1.092158844E1
5.062741096E1,-3.443139954E0,3.056344299E0,9.628726959E0
5.064750296E1,-3.099454651E0,2.882106628E0,8.298742676E0
5.066759396E1,-2.510878601E0,2.729424133E0,7.236401825E0
5.068768596E1,-1.995949402E0,2.574795685E0,6.767876129E0
5.070777796E1,-1.531016235E0,2.382146301E0,6.660399628E0
5.072786896E1,-1.403032379E0,2.079625397E0,6.341562653E0
5.074796096E1,-1.258582764E0,1.816921692E0,5.339097290E0
5.076805296E1,-1.167272644E0,1.518442383E0,4.162693634E0
5.078814496E1,-1.199156342E0,1.462309113E0,3.625909882E0
5.080823596E1,-1.425335999E0,1.641037445E0,4.016447754E0
5.082832796E1,-1.580413513E0,1.836530914E0,4.652624817E0
5.084841996E1,-9.824070740E-1,1.694775696E0,4.420607300E0
5.086851096E1,-1.029559021E0,1.702409821E0,4.083059235E0
5.088860296E1,-1.365460510E0,1.862726440E0,4.223167877E0
5.090869496E1,-1.815873871E0,2.098186798E0,4.621788940E0
5.092878696E1,-2.564317474E0,2.754122772E0,5.229076080E0
5.094887796E1,-2.611918488E0,3.807781677E0,6.922055511E0
5.096896996E1,-2.225721588E0,4.736450500E0,8.131540375E0
5.098906196E1,-2.463876343E0,5.121300201E0,8.693471832E0
5.100915296E1,-3.002156982E0,5.338797913E0,1.013766861E1
5.102924496E1,-3.251538391E0,5.358257446E0,1.266396515E1
5.104933696E1,-2.892285461E0,4.916376343E0,1.513128433E1
5.106942896E1,-2.528990936E0,4.469854889E0,1.656485321E1
5.108951996E1,-2.421963501E0,4.394711151E0,1.643417496E1
5.110961196E1,-2.758014679E0,4.820575562E0,1.464644257E1
5.112970396E1,-2.242037659E0,4.702920227E0,1.373603577E1
5.114979496E1,-1.803000641E0,3.776496735E0,1.397913025E1
5.116988696E1,-1.956730957E0,2.500250702E0,1.327409637E1
5.118997896E1,-2.134112091E0,1.701661377E0,1.163260986E1
5.121006996E1,-2.011067963E0,1.626367950E0,1.015473312E1
5.123016196E1,-1.374741211E0,2.105671234E0,8.793164520E0
5.125025396E1,-8.258326721E-1,2.889740753E0,7.843838654E0
5.127034596E1,-9.354048157E-1,3.163671112E0,7.397317200E0
5.129043696E1,-1.118025055E0,2.790497131E0,7.168742523E0
5.131052896E1,-1.085692291E0,2.287992096E0,6.683751068E0
5.133062096E1,-7.467970276E-1,1.989662476E0,5.630990295E0
5.135071196E1,-2.624043274E-1,1.937720490E0,4.859045563E0
5.137080396E1,-3.161425781E-1,2.039658508E0,5.664670258E0
5.139089596E1,-7.744894409E-1,1.763782196E0,7.220983887E0
5.141098796E1,-9.626481628E-1,1.372795258E0,8.129444733E0
5.143107896E1,-6.435118103E-1,1.620081024E0,8.025710449E0
5.145117096E1,-2.200424194E-1,2.450554047E0,6.952741699E0
5.147126296E1,-1.251397705E-1,3.376079407E0,6.292464752E0
5.149135396E1,-4.370910645E-1,3.796405334E0,6.005062408E0
5.151144596E1,-1.143472137E0,3.821852417E0,6.114634552E0
5.153153796E1,-1.678309937E0,3.819307709E0,7.005581818E0
5.155162996E1,-1.960173798E0,3.699706421E0,7.926017761E0
5.157172096E1,-1.944606171E0,3.795656891E0,8.956923981E0
5.159181296E1,-1.589843903E0,4.477339325E0,1.008842102E1
5.161190496E1,-1.828447723E0,5.037624207E0,1.097712296E1
5.163199596E1,-2.994822235E0,4.765340424E0,1.222223373E1
5.165208796E1,-3.860322418E0,4.183200989E0,1.401520523E1
5.167217996E1,-3.911965027E0,3.958368530E0,1.475167374E1
5.169227096E1,-4.305047607E0,4.780159607E0,1.352991440E1
5.171236296E1,-4.724924469E0,5.500611420E0,1.246682510E1
5.173245496E1,-4.033512268E0,4.840184784E0,1.313039520E1
5.175254696E1,-3.359613647E0,3.301534424E0,1.365011444E1
5.177263796E1,-3.625610504E0,2.403551788E0,1.296034882E1
5.179272996E1,-3.997287598E0,2.190095673E0,1.093206665E1
5.181282196E1,-3.930077362E0,2.541415100E0,8.958121490E0
5.183291296E1,-3.172053680E0,2.790048065E0,7.521858215E0
5.185300496E1,-2.142794037E0,2.687960358E0,6.481072540E0
5.187309696E1,-1.455423431E0,2.121837616E0,5.907764740E0
5.189318896E1,-1.624571686E0,1.205293579E0,5.803132324E0
5.191327996E1,-1.965712280E0,4.167333984E-1,6.127058716E0
5.193337196E1,-1.830094299E0,3.436853027E-1,6.714586945E0
5.195346396E1,-1.427132263E0,7.182064819E-1,6.618786163E0
5.197355496E1,-1.128952332E0,1.613195343E0,5.791905670E0
5.199364696E1,-7.634124756E-1,2.541864166E0,5.206323395E0
5.201373896E1,-9.069639587E-1,2.961741028E0,5.005291443E0
5.203382996E1,-1.718875580E0,2.620151367E0,5.135670319E0
5.205392196E1,-2.267335052E0,1.903142395E0,5.854475555E0
5.207401396E1,-2.096689911E0,1.688638458E0,6.700366516E0
5.209410596E1,-1.834884338E0,2.694546661E0,7.684270477E0
5.211419696E1,-1.386566620E0,3.897594910E0,8.319250031E0
5.213428896E1,-1.284778290E0,4.527335358E0,1.059466827E1
5.215438096E1,-1.125210114E0,3.297193451E0,1.366388580E1
5.217447196E1,-1.077758789E0,1.919458466E0,1.599693420E1
5.219456396E1,-9.451345825E-1,1.788181458E0,1.740146347E1
5.221465596E1,-4.471202087E-1,2.704575806E0,1.688069641E1
5.223474796E1,9.849517822E-2,3.436104584E0,1.507290573E1
5.225483896E1,-3.742218018E-3,3.767665100E0,1.351943619E1
5.227493096E1,-4.918771362E-1,3.071911926E0,1.336121521E1
5.229502296E1,-2.305206299E-2,1.776954803E0,1.389395737E1
5.231511396E1,2.192939758E-1,8.927435303E-1,1.364547409E1
5.233520596E1,1.044827271E-1,7.758366394E-1,1.183753372E1
5.235529796E1,8.038284302E-2,1.238225098E0,9.553283844E0
5.237538896E1,1.731898499E-1,1.713935852E0,7.546706543E0
5.239548096E1,-2.065704346E-2,1.550176392E0,6.412664795E0
5.241557296E1,-4.101470947E-2,1.127006378E0,6.480473785E0
5.243566496E1,1.140628052E-1,6.146218872E-1,6.602170715E0
5.245575596E1,1.707948303E-1,4.044589233E-1,5.887706451E0
5.247584796E1,1.029858398E-1,5.364843750E-1,5.004542999E0
5.249593996E1,1.284329224E-1,1.214424591E0,4.642296295E0
5.251603196E1,-7.170089722E-2,1.969304810E0,4.895868988E0
5.253612296E1,-3.791615295E-1,2.422262878E0,5.695057068E0
5.255621496E1,-1.210981750E0,2.797682190E0,6.387367401E0
5.257630696E1,-1.490749969E0,2.453398132E0,5.928122406E0
5.259639796E1,-1.612895966E0,2.500250702E0,5.991440735E0
5.261648996E1,-1.584155731E0,3.176993408E0,6.782246246E0
5.263658196E1,-1.547032928E0,4.246968384E0,7.374863892E0
5.265667396E1,-1.920356598E0,4.665647736E0,7.685467987E0
5.267676496E1,-1.890269165E0,3.871998138E0,8.630452881E0
5.269685696E1,-2.148931274E0,2.828218689E0,1.056038956E1
5.271694896E1,-2.027084656E0,2.530787201E0,1.245724503E1
5.273704096E1,-2.559377747E0,3.057092743E0,1.199291061E1
5.275713196E1,-2.948718109E0,4.042792969E0,1.091260712E1
5.277722396E1,-3.194956055E0,4.559518433E0,1.149968628E1
5.279731596E1,-3.242856445E0,3.893553314E0,1.245499969E1
5.281740696E1,-3.725752258E0,3.796854401E0,1.300615356E1
5.283749896E1,-4.248016205E0,4.169878693E0,1.266980301E1
5.285759096E1,-4.315974884E0,4.415068817E0,1.225157272E1
5.287768296E1,-3.854933624E0,4.205055542E0,1.335896988E1
5.289777396E1,-3.079845428E0,3.839066620E0,1.416115173E1
5.291786596E1,-3.351829834E0,3.037782898E0,1.348949844E1
5.293795796E1,-3.757336578E0,2.301164703E0,1.243104950E1
5.295804896E1,-3.932322693E0,2.171234894E0,1.139295822E1
5.297814096E1,-3.561843109E0,2.466121674E0,1.005638763E1
5.299823296E1,-2.950514374E0,2.758912811E0,8.483757935E0
5.301832496E1,-2.374362488E0,2.675236816E0,7.264692993E0
5.303841596E1,-2.061662750E0,2.079026642E0,6.200855255E0
5.305850796E1,-1.992955627E0,1.229692841E0,5.541177063E0
5.307859996E1,-2.145638123E0,6.104306030E-1,5.435646515E0
5.309869196E1,-2.255659332E0,1.636097717E-1,5.266947327E0
5.311878296E1,-2.217937775E0,3.953279114E-1,4.880750427E0
5.313887496E1,-2.023492126E0,9.613009644E-1,4.249064026E0
5.315896633E1,-1.907782745E0,1.452878723E0,3.508104858E0
5.317905733E1,-2.073787537E0,1.654958496E0,2.983595581E0
5.319914933E1,-2.248025208E0,1.591041412E0,2.930007019E0
5.321924133E1,-2.584675140E0,1.651365967E0,3.212918701E0
5.323933333E1,-2.741249542E0,2.299368439E0,4.088448029E0
5.325942433E1,-2.461032257E0,2.969225464E0,5.130880280E0
5.327951633E1,-2.643951874E0,3.167113953E0,6.071973267E0
5.329960833E1,-2.720143433E0,3.126847687E0,7.144942017E0
5.331969933E1,-2.581232300E0,2.934198303E0,9.053622894E0
5.333979133E1,-2.632725220E0,2.733914795E0,1.204305634E1
5.335988333E1,-2.713557129E0,2.227368164E0,1.505030273E1
5.337997533E1,-2.106719055E0,2.025288391E0,1.663041687E1
5.340006633E1,-1.718276825E0,3.065325623E0,1.710762451E1
5.342015833E1,-1.445993042E0,4.201013947E0,1.705119186E1
5.344025033E1,-1.406026154E0,4.375251617E0,1.633897293E1
5.346034133E1,-1.669029236E0,4.221521301E0,1.539892776E1
5.348043333E1,-1.535656586E0,3.933520203E0,1.547377213E1
5.350052533E1,-9.723779297E-1,3.316054230E0,1.707933334E1
5.352061733E1,-2.314187622E-1,1.825453949E0,1.744367569E1
5.354070833E1,-1.347198486E-2,1.004411316E0,1.509490997E1
5.356080033E1,-3.104544067E-1,1.233884125E0,1.199770065E1
5.358089233E1,-2.055226135E-1,1.742077332E0,9.386530609E0
5.360098433E1,-2.318678284E-1,2.118394775E0,7.773185577E0
5.362107533E1,-3.384461975E-1,1.956730957E0,6.839427338E0
5.364116733E1,-5.110372925E-1,1.107247467E0,6.117029572E0
5.366125933E1,-6.590794373E-1,3.776646423E-1,5.429958344E0
5.368135033E1,-8.202941895E-1,2.420466614E-1,4.673431549E0
5.370144233E1,-7.385641479E-1,2.800675964E-1,4.074077911E0
5.372153433E1,-7.183561707E-1,3.972738647E-1,3.841162262E0
5.374162633E1,-7.309300232E-1,2.772235107E-1,3.677702179E0
5.376171733E1,-9.159452820E-1,3.058140564E-1,3.808530121E0
5.378180933E1,-9.298663330E-1,3.555107117E-1,4.022734680E0
5.380190133E1,-1.087937622E0,4.683760071E-1,4.497098236E0
5.382199233E1,-1.283431091E0,9.122030640E-1,4.994663544E0
5.384208433E1,-1.356778564E0,1.624272308E0,4.904550934E0
5.386217633E1,-1.319057007E0,2.353106689E0,4.779111786E0
5.388226833E1,-1.545685730E0,3.054398346E0,5.411995697E0
5.390235933E1,-1.805096283E0,3.010240173E0,6.238726501E0
5.392245133E1,-2.107617188E0,2.893333282E0,7.679929504E0
5.394254333E1,-2.671793976E0,2.731968842E0,9.833201752E0
5.396263433E1,-3.167712708E0,2.226020966E0,1.181687668E1
5.398272633E1,-3.319197693E0,2.124831390E0,1.368828506E1
5.400281833E1,-3.182831268E0,2.151326294E0,1.514505569E1
5.402291033E1,-3.493734741E0,2.419418793E0,1.650692368E1
5.404300133E1,-3.661535797E0,3.161126404E0,1.726868958E1
5.406309333E1,-3.568579102E0,3.732937317E0,1.639345963E1
5.408318533E1,-3.842808838E0,4.114044800E0,1.557331512E1
5.410327633E1,-4.318818970E0,3.870650940E0,1.554292831E1
5.412336833E1,-4.941374359E0,3.230881348E0,1.591625198E1
5.414346033E1,-4.867877197E0,2.493664398E0,1.553424637E1
5.416355271E1,-4.722080383E0,2.008074188E0,1.441996353E1
5.418364371E1,-4.264631653E0,1.687440948E0,1.400846924E1
5.420373571E1,-3.490591278E0,1.291963348E0,1.314371750E1
5.422382771E1,-3.201392670E0,1.221759338E0,1.021400986E1
5.424391871E1,-3.258124695E0,1.670975189E0,7.383545837E0
5.426401071E1,-3.381617889E0,1.855990448E0,5.852080536E0
5.428410271E1,-3.313509521E0,1.541943512E0,5.292693787E0
5.430419471E1,-3.100053406E0,1.190474396E0,5.396877136E0
5.432428571E1,-2.997217255E0,9.571096802E-1,6.056405640E0
5.434437771E1,-2.713856506E0,6.837780762E-1,6.080655212E0
5.436446971E1,-2.618055725E0,3.906875610E-1,5.399721222E0
5.438456071E1,-2.584974518E0,1.101708984E-1,4.586163025E0
5.440465271E1,-2.084415436E0,2.965333557E-1,4.310137024E0
5.442474471E1,-1.963317261E0,9.886940002E-1,4.886139221E0
5.444483671E1,-2.499951324E0,1.409019928E0,5.221891022E0
5.446492771E1,-2.947071533E0,1.246757355E0,5.140759735E0
5.448501971E1,-2.768642578E0,1.180594940E0,5.428760834E0
5.450511171E1,-1.957629089E0,1.754651184E0,5.445825348E0
5.452520271E1,-2.162552948E0,2.715503082E0,5.432952118E0
5.454529471E1,-2.891686707E0,3.366349640E0,5.619464264E0
5.456538671E1,-3.292403412E0,3.355122986E0,6.509214020E0
5.458547871E1,-3.099454651E0,3.720812531E0,8.418343964E0
5.460556971E1,-2.822829895E0,4.306843872E0,9.291328583E0
5.462566171E1,-2.608325958E0,4.283791809E0,9.383087769E0
5.464575371E1,-2.173480225E0,3.753594360E0,1.040561142E1
5.466584471E1,-1.853146362E0,3.142565002E0,1.188947571E1
5.468593671E1,-1.832938385E0,2.926713867E0,1.344923218E1
5.470602871E1,-2.041005707E0,3.031495972E0,1.443433365E1
5.472612071E1,-1.864822083E0,3.132984924E0,1.410876068E1
5.474621171E1,-1.783092041E0,3.391347656E0,1.286020706E1
5.476630371E1,-2.008223877E0,3.601061554E0,1.230635880E1
5.478639571E1,-1.376537476E0,2.756218414E0,1.337004684E1
5.480648671E1,-1.124311981E0,1.875749359E0,1.457324478E1
5.482657871E1,-1.132993927E0,1.239572296E0,1.345477066E1
5.484667071E1,-1.767823792E0,1.419947205E0,1.167601959E1
5.486676271E1,-1.832788696E0,2.003284149E0,1.053868469E1
5.488685371E1,-1.578018494E0,2.455194397E0,1.037387741E1
5.490694571E1,-1.241817627E0,2.316283264E0,1.076890594E1
5.492703771E1,-1.343755646E0,1.634301453E0,1.069540878E1
5.494712871E1,-1.474882965E0,1.059796143E0,9.965077515E0
5.496722071E1,-1.321002960E0,1.105600891E0,9.236093445E0
5.498731271E1,-1.077758789E0,1.664239197E0,8.567134552E0
5.500740471E1,-7.890092468E-1,2.089205475E0,8.110733643E0
5.502749571E1,-5.322930908E-1,2.251617737E0,7.510481873E0
5.504758771E1,-7.794291687E-1,2.116299133E0,7.163353729E0
5.506767971E1,-7.518864441E-1,1.874102783E0,6.816075897E0
5.508777071E1,-8.717871094E-1,1.748513947E0,6.717431030E0
5.510786271E1,-1.044078827E0,2.145039368E0,6.736441498E0
5.512795471E1,-9.026229858E-1,2.730172577E0,6.729555817E0
5.514804671E1,-7.550299072E-1,3.108286285E0,6.313421173E0
5.516813733E1,-6.667135620E-1,3.319048004E0,5.785618744E0
5.518822933E1,-1.607656860E0,3.761827240E0,3.227737885E0
5.520832133E1,-1.537153473E0,3.846251678E0,6.165229340E0
5.522841233E1,-1.800904999E0,3.964954834E0,8.336913300E0
5.524850433E1,-1.357527008E0,3.773353271E0,6.230643311E0
5.525877667E1,-1.298250275E0,5.372926941E0,6.005062408E0
5.527886767E1,-6.849755859E-1,5.444927216E0,6.568490753E0
5.529895967E1,8.806187439E-1,6.283034363E0,9.812844086E0
5.531905167E1,1.655706940E0,6.462361450E0,9.087452545E0
5.533914367E1,3.682342529E-2,6.111640778E0,6.274502106E0
5.535923429E1,-8.309220886E-1,5.488486633E0,7.037166138E0
5.537932629E1,-8.702902222E-1,4.933291168E0,7.696395264E0
5.539941829E1,-5.858816528E-1,5.686075745E0,7.144942017E0
5.541950929E1,8.969348145E-1,6.180647278E0,8.345744934E0
5.543960129E1,1.318607941E0,6.029162292E0,9.129515076E0
5.545969329E1,-6.107299805E-2,5.689368896E0,7.652087402E0
5.547978529E1,-6.906637573E-1,5.509892120E0,6.737040253E0
5.549987629E1,-5.102888489E-1,5.828878784E0,7.018305359E0
5.551996829E1,3.806584167E-1,5.586083679E0,6.664441223E0
5.554006029E1,1.425036621E0,5.772146759E0,9.146130524E0
5.556015129E1,7.463479614E-1,5.838758240E0,9.106313324E0
5.558024329E1,-1.957928467E-1,5.515580292E0,8.636739807E0
5.560033529E1,-4.625381470E-2,5.580694885E0,7.912246399E0
5.562042729E1,2.192939758E-1,6.259533234E0,6.964716797E0
5.564051829E1,5.206173706E-1,6.518345032E0,7.592660980E0
5.566061029E1,4.099974060E-1,5.783672791E0,8.968899078E0
5.568070229E1,2.788700867E-1,5.302722931E0,9.796528015E0
5.570079329E1,-1.833686829E-1,4.834346924E0,8.324638824E0
5.572088529E1,-8.687933350E-1,5.345234528E0,5.938600616E0
5.574097729E1,-1.170416107E0,6.278394012E0,6.846762085E0
5.576106829E1,-1.263821869E0,5.884862366E0,8.810528412E0
5.578116029E1,-1.692230988E0,4.821773071E0,9.602980499E0
5.580125229E1,-1.931732941E0,3.851490784E0,1.022987686E1
5.582134429E1,-1.641187134E0,4.082011414E0,1.225097397E1
5.584143529E1,-1.472188568E0,4.069287872E0,1.253134094E1
5.586152729E1,-1.093775482E0,4.307592316E0,1.220247482E1
5.588161929E1,-1.642983398E0,4.810396729E0,1.103939346E1
5.590171029E1,-2.364782410E0,5.829477539E0,1.086994583E1
5.592180229E1,-2.160008240E0,6.714736633E0,1.323143509E1
5.594189429E1,-1.733694763E0,7.165299683E0,1.515373764E1
5.596198629E1,-2.420466614E0,6.686295776E0,1.473311234E1
5.598207729E1,-2.336341553E0,7.121440887E0,1.331391357E1
5.600216929E1,-1.852547607E0,7.927364960E0,1.169996979E1
5.602226129E1,-9.352551270E-1,7.606132965E0,1.200563416E1
5.604235229E1,-1.630110168E-1,5.836961975E0,1.381776581E1
5.606244429E1,4.014651489E-1,2.965183868E0,1.364966537E1
5.608253629E1,1.092727661E-1,1.150956573E0,1.131931137E1
5.610262729E1,6.045927429E-1,1.299747162E0,8.121660919E0
5.612271929E1,9.822573853E-1,2.157912598E0,6.008056183E0
5.614281129E1,1.560355225E0,2.093247070E0,4.452191620E0
5.616290329E1,1.112486572E0,6.328839111E-1,3.321143646E0
5.618299429E1,1.073417816E0,5.284011841E-2,4.117038574E0
5.620308629E1,1.526076508E0,5.095404053E-1,5.419180756E0
5.622317829E1,1.935475159E0,1.157243500E0,5.422324219E0
5.624326929E1,2.529140625E0,1.849553833E0,5.815855865E0
5.626336129E1,3.970643005E0,2.950364685E0,7.029681702E0
5.628345329E1,2.805466003E0,3.061433716E0,5.889053650E0
5.630354429E1,5.075944519E-1,3.666325836E0,6.930737457E0
5.632363629E1,1.456471252E-1,5.490432587E0,1.041773621E1
5.634372829E1,2.494861908E0,7.358547821E0,1.229453339E1
5.636382092E1,2.101180573E0,8.302933960E0,1.053643936E1
5.638391192E1,1.040486298E0,7.859256592E0,1.068537964E1
5.640400392E1,5.800437927E-1,8.490194550E0,1.072819061E1
5.642409592E1,-2.993774414E-3,9.371561737E0,9.327702942E0
5.644418692E1,6.602769470E-1,9.739047546E0,9.001680908E0
5.646427892E1,7.788304138E-1,8.907377014E0,1.003393433E1
5.648437092E1,1.809736633E-1,6.593189392E0,1.133682495E1
5.650446292E1,-2.627037048E-1,3.866010590E0,9.466314697E0
5.652455392E1,-1.063238983E0,2.606978760E0,6.236181793E0
5.654464592E1,-9.753717041E-1,4.075425110E0,4.696184235E0
5.656473792E1,-4.912783813E-1,4.543202362E0,4.088897095E0
5.658482892E1,-1.311722260E0,2.675386505E0,5.623356171E0
5.660492092E1,-2.611768799E0,7.408094788E-1,7.088509369E0
5.662501292E1,-2.533331909E0,8.879534912E-1,5.600753174E0
5.664510392E1,-2.514022064E0,4.158502350E0,3.933071136E0
5.666519592E1,-1.275048523E0,7.151678009E0,5.096002808E0
5.668528792E1,-1.560953979E0,7.495962067E0,1.095317276E1
5.670537992E1,-2.071841583E0,4.995112610E0,1.229168930E1
5.672547092E1,-1.436113586E0,4.536765747E0,1.012778915E1
5.674556292E1,-3.053649902E-2,6.272855530E0,9.068142700E0
5.676565492E1,7.400610352E-1,7.931107178E0,8.587941284E0
5.678574592E1,3.876937866E-2,7.592062225E0,8.022716675E0
5.680583792E1,-1.144819336E0,5.622907104E0,7.105124817E0
5.682592992E1,-8.081694031E-1,4.271667023E0,6.968608704E0
5.684602092E1,-1.020877075E-1,3.846700745E0,7.590864716E0
5.686611292E1,3.866459656E-1,3.370540924E0,7.531737671E0
5.688620492E1,3.517684937E-2,3.049009552E0,6.570885773E0
5.690629692E1,-6.533912659E-1,2.957849121E0,5.689668274E0
5.692638792E1,-7.545808411E-1,3.432362366E0,5.835165710E0
5.694647992E1,-2.022294617E-1,3.727997589E0,6.356531525E0
5.696657192E1,2.683918762E-1,4.480931854E0,7.054530029E0
5.698666292E1,-1.190025330E-1,5.023403778E0,6.933731232E0
5.700675492E1,-2.270777893E-1,5.913901978E0,7.849676514E0
5.702684692E1,-3.790118408E-1,6.472091217E0,8.630153503E0
5.704693792E1,-9.325607300E-2,7.227570190E0,9.376950531E0
5.706702992E1,6.595285034E-1,7.921826477E0,1.019305344E1
5.708712192E1,1.256038055E0,8.090675354E0,1.054347473E1
5.710721392E1,1.487606506E0,7.307653656E0,1.167332520E1
5.712730492E1,1.619631958E0,6.496789856E0,1.372585693E1
5.714739692E1,1.721569977E0,5.478607178E0,1.498354156E1
5.716748892E1,2.675236816E0,4.981191559E0,1.456830505E1
5.718757992E1,2.753673706E0,5.403613129E0,1.093027039E1
5.720767192E1,2.111060028E0,5.785169678E0,7.649842072E0
5.722776392E1,1.315165100E0,5.606441345E0,6.612948303E0
5.724785492E1,1.209933929E0,5.140909424E0,6.391259308E0
5.726794692E1,1.568139038E0,4.722379761E0,6.951244812E0
5.728803892E1,1.927541656E0,4.575984192E0,7.288942566E0
5.730812992E1,1.950144653E0,4.944817200E0,6.126609650E0
5.732822192E1,1.666634216E0,5.006938019E0,4.741689606E0
5.734831392E1,1.059496765E0,4.475393372E0,4.857398987E0
5.736840525E1,3.574566650E-1,3.840114441E0,4.795427856E0
5.738849625E1,1.646575928E-2,3.571423187E0,5.160818024E0
5.740858825E1,1.977388000E-1,4.204905853E0,5.684129791E0
5.742868025E1,2.186952209E-1,5.042114868E0,5.438340912E0
5.744877125E1,1.920506287E-1,5.225782928E0,5.338199158E0
5.746886325E1,-1.164578247E-1,5.606890411E0,5.676795044E0
5.748895525E1,-4.312532043E-1,5.856122131E0,6.177952881E0
5.750904625E1,8.487350464E-2,5.995781708E0,7.930658112E0
5.752913825E1,2.951861572E-1,6.525230713E0,9.570198669E0
5.754923025E1,-6.626719666E-1,6.918762360E0,9.836494904E0
5.756932125E1,-1.156644745E0,7.187453613E0,9.715546417E0
5.758941325E1,-1.870659943E0,7.786058807E0,9.764195251E0
5.760950525E1,-1.863923950E0,7.940238190E0,9.576186218E0
5.762959725E1,-2.176473999E0,8.002808075E0,9.739047546E0
5.764968825E1,-2.020498352E0,7.065008240E0,1.158605667E1
5.766978025E1,-1.972897339E0,6.164780273E0,1.111708191E1
5.768987225E1,-1.681303711E0,5.998326416E0,9.636959839E0
5.770996325E1,-1.529369659E0,6.510112152E0,8.369246063E0
5.773005525E1,-1.441801758E0,6.553372192E0,7.022646332E0
5.775014725E1,-1.481020203E0,5.773643646E0,7.151528320E0
5.777023825E1,-1.263223114E0,4.928950195E0,7.460036774E0
5.779033025E1,-8.289761353E-1,4.333039398E0,7.045698395E0
5.781042225E1,-6.659651184E-1,4.034859467E0,6.267766113E0
5.783051325E1,-5.243595886E-1,4.455335083E0,5.560037842E0
5.785060525E1,-2.326162720E-1,4.762196960E0,5.399721222E0
5.787069725E1,-7.530839539E-1,4.484524384E0,5.122198334E0
5.789078925E1,-1.464554443E0,3.995341644E0,5.008434906E0
5.791088025E1,-1.527124329E0,3.927532654E0,5.235213318E0
5.793097225E1,-1.480421448E0,3.883224792E0,5.303471375E0
5.795106425E1,-1.424886932E0,4.316573639E0,5.566025391E0
5.797115525E1,-1.138233032E0,4.733007660E0,5.984105988E0
5.799124725E1,-6.529421997E-1,5.285359039E0,6.752308502E0
5.801133925E1,-3.852987671E-1,6.253395996E0,7.714357910E0
5.803143025E1,-6.212081909E-2,6.763385468E0,9.075477448E0
5.805152225E1,7.234455872E-1,7.491321716E0,9.898316345E0
5.807161425E1,1.464554443E0,8.438402252E0,9.967472534E0
5.809170525E1,2.276316376E0,9.005572815E0,1.098535583E1
5.811179725E1,2.926863556E0,8.265960846E0,1.307321411E1
5.813188925E1,2.471660156E0,6.761439514E0,1.457234665E1
5.815198125E1,2.052681427E0,6.109545135E0,1.399664383E1
5.817207225E1,2.293829956E0,6.398893433E0,1.165386566E1
5.819216425E1,2.430046692E0,6.605912933E0,9.995464325E0
5.821225625E1,2.550246735E0,6.322103119E0,9.624835052E0
5.823234725E1,2.023791504E0,5.808670807E0,9.351952515E0
5.825243925E1,1.673968964E0,4.768932953E0,8.530760193E0
5.827253125E1,1.551822968E0,4.780758362E0,7.934100952E0
5.829262225E1,1.744472351E0,4.712500305E0,7.136409760E0
5.831271425E1,1.764680328E0,4.361480255E0,6.899751892E0
5.833280625E1,1.400038605E0,4.340972900E0,6.302493896E0
5.835289725E1,9.485774231E-1,4.103416901E0,5.253325653E0
5.837298888E1,8.268804932E-1,3.769910431E0,4.365821228E0
5.839308088E1,8.800199890E-1,3.670367432E0,3.589535522E0
5.841317188E1,7.711962891E-1,3.968996429E0,3.241209869E0
5.843326388E1,8.424481201E-1,4.323010254E0,3.625909882E0
5.845335588E1,9.409432983E-1,4.610711975E0,4.778662720E0
5.847344788E1,6.668632507E-1,4.729265442E0,4.563110962E0
5.849353888E1,2.806663513E-1,5.241051178E0,3.953877869E0
5.851363088E1,2.098635864E-1,5.836961975E0,4.342020721E0
5.853372288E1,2.323168945E-1,6.100264435E0,5.685626678E0
5.855381388E1,2.457888794E-1,6.049220581E0,7.345674591E0
5.857390588E1,2.562670898E-1,6.362968140E0,9.098379822E0
5.859399788E1,6.146218872E-1,7.242988129E0,9.011260986E0
5.861408888E1,7.391629028E-1,8.350684662E0,8.605155487E0
5.863418088E1,6.050418091E-1,9.020391998E0,1.016012192E1
5.865427288E1,-4.099974060E-1,9.223220215E0,1.309955933E1
5.867436388E1,-9.162446594E-1,9.661359100E0,1.408181671E1
5.869445588E1,-1.058598633E0,1.083521805E1,1.413136368E1
5.871454788E1,-1.349743195E0,1.130239655E1,1.350252136E1
5.873463888E1,-1.860780487E0,9.875264282E0,1.388946671E1
5.875473088E1,-2.470612335E0,7.366631012E0,1.373394012E1
5.877482288E1,-2.879561920E0,5.647755432E0,1.141690842E1
5.879491388E1,-2.521356812E0,5.583838348E0,8.344098358E0
5.881500588E1,-1.716929626E0,6.116580505E0,6.076763306E0
5.883509788E1,-1.542093201E0,5.849086761E0,4.810845795E0
5.885518888E1,-1.661544800E0,4.402345276E0,4.528532867E0
5.887528088E1,-1.504671021E0,2.755919037E0,4.584965515E0
5.889537288E1,-1.055754547E0,2.036215668E0,3.821553040E0
5.891546488E1,-6.400689697E-1,1.809137878E0,2.713108063E0
5.893555588E1,-1.830693054E-1,2.469115448E0,2.058818665E0
5.895564788E1,-1.523831177E-1,3.016527100E0,2.359243927E0
5.897573988E1,-4.288581848E-1,3.010389862E0,3.206931152E0
5.899583088E1,-6.866221619E-1,2.910098419E0,4.277055817E0
5.901592288E1,-9.912387085E-1,3.467988281E0,4.776716766E0
5.903601488E1,-9.177415466E-1,4.677323456E0,4.379742279E0
5.905610588E1,-1.851649475E-1,6.533164215E0,5.333259430E0
5.907619788E1,1.764830017E-1,7.575895844E0,8.035140839E0
5.909628988E1,-1.179547119E-1,7.695646820E0,9.135652313E0
5.911638088E1,6.451583862E-2,7.316485291E0,9.444609833E0
5.913647288E1,1.022972717E0,8.011789398E0,1.104553070E1
5.915656488E1,1.669777679E0,8.660240936E0,1.139325760E1
5.917665588E1,1.752106476E0,8.443940735E0,1.169443130E1
5.919674788E1,1.767823792E0,8.141270142E0,1.174562485E1
5.921683988E1,2.092199249E0,8.049660645E0,1.055799454E1
5.923693088E1,2.026485901E0,8.346343689E0,9.544901276E0
5.925702288E1,2.311642914E0,7.968229980E0,9.744286652E0
5.927711488E1,2.016007690E0,7.475454712E0,9.924362183E0
5.929720588E1,2.034569092E0,7.068451080E0,9.293573914E0
5.931729788E1,1.931583252E0,6.616840210E0,8.803193665E0
5.933738988E1,1.756297760E0,6.103707275E0,8.468190308E0
5.935748238E1,1.461410980E0,5.481600952E0,7.387737122E0
5.937757338E1,1.328337708E0,4.879552917E0,6.759194183E0
5.939766538E1,1.411115570E0,4.885839844E0,6.621330872E0
5.941775738E1,1.237776031E0,4.842729492E0,6.114035797E0
5.943784838E1,9.361532593E-1,4.433630219E0,5.781128082E0
5.945794038E1,9.885443115E-1,4.255350952E0,5.742658081E0
5.947803238E1,1.102607117E0,4.448898468E0,5.720504150E0
5.949812338E1,1.231489105E0,4.574337616E0,5.135969696E0
5.951821538E1,1.235979767E0,4.599934387E0,4.487667847E0
5.953830738E1,6.882687378E-1,4.859494629E0,4.455484772E0
5.955839838E1,5.939648438E-1,4.870421906E0,4.937931519E0
5.957849038E1,4.363426208E-1,5.316643982E0,5.166206818E0
5.959858238E1,4.912783813E-1,6.279591522E0,5.134772186E0
5.961867338E1,6.304888916E-1,7.127727814E0,5.352269897E0
5.963876538E1,4.406835938E-1,7.285799103E0,6.835535431E0
5.965885738E1,1.466949463E-1,6.875502319E0,8.312214661E0
5.967894838E1,1.856140137E-1,7.038812714E0,8.658744049E0
5.969904038E1,4.879852295E-2,7.640860748E0,8.388256531E0
5.971913238E1,4.788542175E-1,7.816595306E0,8.875942383E0
5.973922438E1,-1.463955688E-1,7.908953247E0,9.335636444E0
5.975931538E1,-4.454736328E-1,7.987988892E0,9.701325989E0
5.977940738E1,-7.354206848E-1,8.246052246E0,1.017793488E1
5.979949938E1,-6.857240295E-1,8.869206390E0,9.689201202E0
5.981959038E1,-8.653504944E-1,9.823172607E0,8.467591553E0
5.983968238E1,-1.052162018E0,9.928553467E0,8.433163147E0
5.985977438E1,-1.485361176E0,8.508157196E0,9.811496887E0
5.987986538E1,-2.049388275E0,6.783593445E0,1.007689499E1
5.989995738E1,-2.280357971E0,5.967041473E0,9.770931244E0
5.992004938E1,-2.148631897E0,5.854475555E0,8.730145569E0
5.994014038E1,-1.614991608E0,6.315067749E0,7.617060242E0
5.996023238E1,-1.110241241E0,6.564299469E0,7.283703461E0
5.998032438E1,-1.035546570E0,6.120472412E0,7.106022949E0
6.000041538E1,-9.219328308E-1,5.398374023E0,6.919361115E0
6.002050738E1,-8.322692871E-1,4.546046448E0,6.175408173E0
6.004059938E1,-7.704478455E-1,3.983815613E0,5.257816315E0
6.006069038E1,-5.221142578E-1,4.301155701E0,4.786147156E0
6.008078238E1,-5.626799011E-1,4.549040222E0,4.477638702E0
6.010087438E1,-7.896080017E-1,4.341871033E0,4.368515625E0
6.012096638E1,-1.063837738E0,4.094884644E0,4.170926514E0
6.014105738E1,-1.238225098E0,4.046385498E0,4.106410675E0
6.016114938E1,-1.446741486E0,4.588707733E0,3.885769501E0
6.018124138E1,-1.558109894E0,5.168003082E0,3.816912689E0
6.020133238E1,-7.740403748E-1,5.911506958E0,4.892426147E0
6.022142438E1,-6.557862854E-1,6.853647766E0,5.995632019E0
6.024151638E1,-6.583309937E-1,7.115153961E0,6.263425140E0
6.026160738E1,1.558259583E-1,7.278015289E0,7.279212799E0
6.028169938E1,7.312294006E-1,7.801476746E0,8.792116699E0
6.030179138E1,1.040037231E0,8.241561584E0,1.019020935E1
6.032188238E1,1.101409607E0,7.932454376E0,1.114058304E1
6.034197438E1,1.104104004E0,7.739206238E0,1.155761581E1
6.036206663E1,1.305135956E0,7.867788849E0,1.163485519E1
6.038215863E1,1.789528656E0,7.932005310E0,1.065229843E1
6.040224963E1,1.386117554E0,8.322094116E0,1.010443771E1
6.042234163E1,2.187550964E0,7.773784332E0,1.109223358E1
6.044243363E1,2.335144043E0,7.317084045E0,1.130958160E1
6.046252463E1,2.698887634E0,6.708449707E0,1.068957092E1
6.048261663E1,2.331551514E0,6.454577637E0,9.659263458E0
6.050270863E1,1.933229828E0,6.279890900E0,8.359665985E0
6.052279963E1,1.598675537E0,5.983956299E0,7.215445404E0
6.054289163E1,1.269360352E0,5.406157837E0,6.639143829E0
6.056298363E1,1.048868866E0,5.016069031E0,6.261479187E0
6.058307463E1,9.919871521E-1,4.796924744E0,5.792055359E0
6.060316663E1,9.437873840E-1,4.637356567E0,5.585335236E0
6.062325863E1,8.319699097E-1,4.578379211E0,5.701643372E0
6.064334963E1,8.155041504E-1,4.386478271E0,5.832471313E0
6.066344163E1,8.283773804E-1,4.495301971E0,5.631439362E0
6.068353363E1,8.647517395E-1,4.870122528E0,5.065765686E0
6.070362563E1,5.899232483E-1,5.033732300E0,4.331542511E0
6.072371663E1,8.083190918E-2,5.301226044E0,4.191134491E0
6.074380863E1,-3.112028503E-1,5.697302399E0,4.654121704E0
6.076390063E1,-3.230282593E-1,6.061644745E0,5.445525970E0
6.078399163E1,-9.849517822E-2,6.065836029E0,6.236930237E0
6.080408363E1,1.773811340E-1,6.104306030E0,6.572382660E0
6.082417563E1,6.795867920E-1,6.713988190E0,7.364685059E0
6.084426663E1,7.710466003E-1,7.483687592E0,7.941585388E0
6.086435863E1,3.962260437E-1,7.439379730E0,8.462801514E0
6.088445063E1,1.261875916E-1,7.097490692E0,9.311386871E0
6.090454163E1,-4.523593140E-1,7.112010498E0,9.847122803E0
6.092463363E1,-7.611671448E-1,7.630831604E0,9.546847229E0
6.094472563E1,-9.945318604E-1,8.350984039E0,8.782686310E0
6.096481663E1,-1.331481171E0,9.140891418E0,8.727002106E0
6.098490863E1,-9.984237671E-1,9.017697601E0,9.691147156E0
6.100500063E1,-1.610500946E0,7.743696899E0,1.009964767E1
6.102509163E1,-1.867815857E0,6.666686554E0,1.036549484E1
6.104518363E1,-1.834884338E0,6.025719452E0,1.067564987E1
6.106527563E1,-1.234632568E0,6.373745728E0,9.736353149E0
6.108536763E1,-8.253836060E-1,7.466623077E0,8.271798706E0
6.110545863E1,-5.921685791E-1,7.309449921E0,8.171656952E0
6.112555063E1,-6.926097107E-1,6.114335175E0,8.250842285E0
6.114564263E1,-9.656419373E-1,5.303621063E0,7.624544678E0
6.116573363E1,-7.875123596E-1,4.610861664E0,6.229894867E0
6.118582563E1,-4.924758911E-1,4.478686523E0,5.269641724E0
6.120591763E1,-3.746708679E-1,4.505181427E0,5.105732574E0
6.122600863E1,-3.031196594E-1,4.362228699E0,5.704637146E0
6.124610063E1,-5.837860107E-1,3.798201599E0,5.808072052E0
6.126619263E1,-8.220904541E-1,3.720812531E0,5.390290833E0
6.128628363E1,-1.150058441E0,3.839066620E0,4.872068481E0
6.130637563E1,-1.287921753E0,4.029470673E0,5.035229187E0
6.132646763E1,-1.102756805E0,4.177812195E0,5.322182465E0
6.134655863E1,-9.300160217E-1,4.634213104E0,5.728886719E0
6.136665038E1,-4.053570557E-1,5.480852509E0,6.125861206E0
6.138674238E1,-1.595681763E-1,6.434519348E0,6.607260132E0
6.140683338E1,9.355545044E-2,6.640491028E0,7.033423920E0
6.142692538E1,4.725672913E-1,6.642436981E0,7.455695801E0
6.144701738E1,8.490344238E-1,6.923552399E0,8.379724274E0
6.146710838E1,1.269659729E0,7.381899261E0,9.722731476E0
6.148720038E1,1.352287903E0,7.574398956E0,1.124820923E1
6.150729238E1,1.667232971E0,7.278913422E0,1.188348816E1
6.152738338E1,1.697619781E0,7.503745880E0,1.121797211E1
6.154747538E1,1.711241455E0,8.181686096E0,9.332792358E0
6.156756738E1,1.719773712E0,8.587192841E0,9.025780792E0
6.158765938E1,2.298470306E0,8.125403137E0,1.101244949E1
6.160775038E1,2.315235443E0,6.845863953E0,1.236533615E1
6.162784238E1,2.502795410E0,5.968688049E0,1.197449890E1
6.164793438E1,2.674338684E0,5.977369995E0,1.017269577E1
6.166802538E1,2.257754974E0,6.128705292E0,8.686137085E0
6.168811738E1,1.829645233E0,5.777535553E0,7.617808685E0
6.170820938E1,1.453028412E0,5.270689545E0,6.983876953E0
6.172830038E1,1.277892609E0,4.774022369E0,6.236181793E0
6.174839238E1,1.371897125E0,4.744683380E0,5.457950134E0
6.176848438E1,1.560055847E0,4.976551208E0,5.179828491E0
6.178857538E1,1.739382935E0,5.086273041E0,5.494174805E0
6.180866738E1,1.475182343E0,4.600383453E0,5.646857300E0
6.182875938E1,1.067130890E0,4.175566864E0,5.854924622E0
6.184885038E1,9.638456726E-1,4.282145233E0,5.883814545E0
6.186894238E1,1.281634827E0,4.553081818E0,5.159171448E0
6.188903438E1,1.484313354E0,4.840334473E0,4.787344666E0
6.190912538E1,1.419647827E0,5.176235962E0,4.686753845E0
6.192921738E1,7.387138367E-1,5.301824799E0,4.494104462E0
6.194930938E1,1.305285645E-1,5.154082031E0,5.308411102E0
6.196940038E1,8.232879639E-2,5.154381409E0,6.077960815E0
6.198949238E1,9.699829102E-2,5.352718964E0,6.139183502E0
6.200958438E1,3.914360046E-1,5.720953217E0,6.584507446E0
6.202967538E1,6.065386963E-1,5.827531586E0,7.639812927E0
6.204976738E1,6.116281128E-1,5.533842316E0,8.581205292E0
6.206985938E1,3.095562744E-1,6.268963623E0,9.168134766E0
6.208995038E1,3.146456909E-1,6.798712006E0,9.094637604E0
6.211004238E1,-1.968406677E-1,6.999145203E0,9.644294586E0
6.213013438E1,-5.026547241E-1,7.069648590E0,1.027373566E1
6.215022538E1,-8.825646973E-1,7.568261719E0,1.040007294E1
6.217031738E1,-4.337979126E-1,7.753127289E0,1.008557693E1
6.219040938E1,-1.045875092E0,7.600744171E0,9.652976532E0
6.221050038E1,-1.792522430E0,7.380552063E0,9.706714783E0
6.223059238E1,-2.079026642E0,6.522835693E0,1.020637573E1
6.225068438E1,-2.267035675E0,5.833668823E0,1.144160706E1
6.227077538E1,-2.706372070E0,5.034031677E0,1.111678253E1
6.229086738E1,-1.431473236E0,4.907544708E0,7.517816620E0
6.231095938E1,-1.482367401E0,5.814358978E0,9.002129974E0
6.233105038E1,-1.942061462E0,6.804849243E0,1.088012466E1
6.235114238E1,-1.620829468E0,5.825136566E0,1.043569885E1
6.237123488E1,-9.229806519E-1,4.519701233E0,8.700507202E0
6.239132588E1,-1.284329224E0,4.267475739E0,7.521109772E0
6.241141788E1,-1.823657684E0,4.065246277E0,5.969735870E0
6.243150988E1,-2.019151154E0,3.817960510E0,6.164929962E0
6.245160188E1,-1.316512299E0,3.509601746E0,6.924300842E0
6.247169288E1,-1.101259918E0,3.487447815E0,7.856262817E0
6.249178488E1,-1.376387787E0,3.334016876E0,7.111561432E0
6.251187688E1,-1.696272583E0,3.305276642E0,5.739963684E0
6.253196788E1,-1.762584686E0,3.634142761E0,4.852159882E0
6.255205988E1,-1.673519897E0,4.018393707E0,4.384083252E0
6.257215188E1,-1.759141846E0,4.288282471E0,4.555027771E0
6.259224288E1,-1.880240021E0,4.273313599E0,5.246889038E0
6.261233488E1,-2.305954742E0,3.820804596E0,5.742508392E0
6.263242688E1,-2.409389648E0,3.949387207E0,5.400020599E0
6.265251788E1,-2.229912872E0,5.149591370E0,5.619613953E0
6.267260988E1,-1.819616089E0,6.277944946E0,6.561605072E0
6.269270188E1,-1.839973755E0,6.458170166E0,7.531587982E0
6.271279288E1,-2.117496643E0,6.356830902E0,9.035959625E0
6.273288488E1,-2.444716187E0,6.102809143E0,9.917326813E0
6.275297688E1,-2.755170593E0,5.474415894E0,1.000205063E1
6.277306788E1,-3.571123810E0,5.145250397E0,1.106528961E1
6.279315988E1,-3.675905914E0,5.379513245E0,1.295600784E1
6.281325188E1,-3.108885040E0,5.404211884E0,1.369966141E1
6.283334288E1,-2.728226624E0,5.551954651E0,1.312276108E1
6.285343488E1,-2.501298523E0,5.342689819E0,1.289478516E1
6.287352688E1,-2.656076660E0,3.828289032E0,1.278087204E1
6.289361788E1,-2.900368652E0,2.764750671E0,1.205218735E1
6.291370988E1,-2.987786865E0,2.808310089E0,1.168709656E1
6.293380188E1,-2.708617401E0,3.050506439E0,1.125629242E1
6.295389288E1,-2.509980469E0,3.308420105E0,1.025846741E1
6.297398488E1,-2.681673431E0,2.966082001E0,9.174122314E0
6.299407688E1,-2.864892426E0,2.430196381E0,8.127498779E0
6.301416788E1,-2.769391022E0,2.262545013E0,7.294481049E0
6.303425988E1,-3.182082825E0,1.870210876E0,7.355554047E0
6.305435188E1,-3.174598389E0,1.598076782E0,7.130871277E0
6.307444288E1,-3.318000183E0,1.864073639E0,6.906787262E0
6.309453488E1,-3.179987183E0,2.243085480E0,7.013365631E0
6.311462688E1,-2.662513275E0,2.201771393E0,6.753955078E0
6.313471788E1,-3.096011810E0,2.515818329E0,6.071823578E0
6.315480988E1,-3.262315979E0,2.787952423E0,5.977819061E0
6.317490188E1,-3.284619598E0,2.607278137E0,6.628815308E0
6.319499288E1,-3.392545166E0,2.457739105E0,5.999224548E0
6.321508488E1,-3.352877655E0,2.907104645E0,5.861510925E0
6.323517688E1,-3.453169098E0,3.033292236E0,5.962251434E0
6.325526788E1,-3.835623779E0,3.035836945E0,6.180347900E0
6.327535988E1,-3.780688019E0,3.139870605E0,6.497837677E0
6.329545188E1,-3.416944427E0,3.215762787E0,8.084538116E0
6.331554288E1,-2.814447327E0,2.614313507E0,8.187374268E0
6.333563488E1,-5.338348846E0,2.875071259E0,-5.066364441E0
6.335572688E1,-3.437152405E0,4.109703827E0,1.012449600E1
6.337581779E1,-5.673801270E0,3.852388916E0,8.388406219E0
6.339590979E1,-5.693111115E0,2.923420715E0,6.936575317E0