"Time (s)","Acceleration x (m/s^2)","Acceleration y (m/s^2)","Acceleration z (m/s^2)"
3.156554300E-2,6.921239495E-1,2.228316069E0,7.179664135E0
5.163479200E-2,3.855435550E-1,2.197209358E0,9.629017830E0
7.190812500E-2,-6.415755749E-1,2.003390789E0,1.141735363E1
9.221494800E-2,-1.393221021E0,1.754238129E0,1.080449200E1
1.124550520E-1,-1.639980793E0,1.909771562E0,8.970393181E0
1.327614060E-1,-1.996511340E0,2.601895571E0,7.708777428E0
1.530061980E-1,-2.260020971E0,2.932105064E0,7.967202187E0
1.732731250E-1,-2.415554523E0,3.006581545E0,9.015856743E0
1.935830730E-1,-2.401197433E0,3.099901676E0,1.021795082E1
2.138510420E-1,-2.209771633E0,3.073580742E0,1.076381397E1
2.341256250E-1,-1.642373681E0,3.114258766E0,9.892228127E0
2.543655730E-1,-1.161117196E0,3.281756163E0,8.702396393E0
2.746757290E-1,-1.084546804E0,3.324826956E0,8.168498039E0
2.949494790E-1,-1.153938770E0,3.056830883E0,8.831609726E0
3.151856770E-1,-1.005284667E0,2.460718870E0,9.334401131E0
3.354929690E-1,-7.660023570E-1,2.161317110E0,9.102297783E0
3.557657290E-1,-9.071788788E-1,2.316850424E0,8.685647011E0
3.760036460E-1,-1.053440213E0,2.666501760E0,8.371888161E0
3.962806250E-1,-9.502496719E-1,2.814856768E0,8.805288315E0
4.165820840E-1,-5.123631358E-1,2.585145712E0,9.336793900E0
4.368570840E-1,-3.613162339E-1,2.554039001E0,9.253045082E0
4.570994270E-1,-8.186444640E-1,2.977867842E0,9.073583603E0
4.773860420E-1,-8.449655175E-1,2.961117983E0,9.439684868E0
4.976414060E-1,-5.673980713E-1,2.877070189E0,9.925727844E0
5.179602090E-1,-4.570291340E-1,3.183650494E0,1.026819992E1
5.382187500E-1,-4.785645306E-1,3.406183004E0,1.088106155E1
5.584755210E-1,-6.631109715E-1,3.154936552E0,1.170239830E1
5.787712500E-1,-7.947162390E-1,2.812463999E0,1.234397411E1
5.990143750E-1,-5.243272781E-1,2.654537678E0,1.214028454E1
6.193156250E-1,2.587239444E-1,2.618645191E0,1.108684444E1
6.396289060E-1,9.194421172E-1,2.414956331E0,9.964012146E0
6.598271360E-1,7.112665176E-1,2.158924341E0,9.885049820E0
6.800976560E-1,1.654038578E-1,1.737488389E0,1.042851925E1
7.003718750E-1,3.783650696E-1,1.127019525E0,1.069920731E1
7.206447920E-1,1.348056436E0,6.314060688E-1,1.076859951E1
7.409503130E-1,2.116750717E0,4.974080026E-1,1.083559799E1
7.612242190E-1,2.169392824E0,5.596213937E-1,1.080449200E1
7.814977610E-1,1.609173179E0,5.524429083E-1,1.058405304E1
8.017730730E-1,1.154237866E0,1.836491376E-1,1.007408237E1
8.220419790E-1,8.141579032E-1,1.788634956E-1,9.437292099E0
8.422953650E-1,9.266205430E-1,6.529414654E-1,8.977571487E0
8.625901560E-1,1.369591832E0,1.016949654E0,8.458029747E0
8.828634900E-1,1.352842093E0,1.359123230E0,8.402995110E0
9.031093750E-1,9.481559992E-1,1.471885085E0,8.707182884E0
9.233764060E-1,5.341976285E-1,1.284945726E0,8.628219604E0
9.436827090E-1,1.845464408E-1,1.488634825E0,8.173283577E0
9.639586980E-1,4.429712892E-1,1.888236165E0,7.725526810E0
9.841955730E-1,9.457631707E-1,2.132603168E0,7.488338470E0
1.004483594E0,7.974081635E-1,2.371885538E0,7.313662529E0
1.024777656E0,1.630110443E-1,2.520539522E0,7.383054256E0
1.045050365E0,-2.608176768E-1,2.499004126E0,7.605885983E0
1.065319323E0,-2.751746178E-1,2.566003084E0,8.041678429E0
1.085587552E0,8.883354068E-2,2.767000198E0,8.235497475E0
1.105870052E0,5.533402562E-1,3.085544825E0,8.084749222E0
1.126105990E0,9.314061999E-1,3.322434187E0,7.900203228E0
1.146378698E0,5.267201066E-1,3.312862873E0,8.582756042E0
1.166650573E0,-4.785645306E-1,3.212364435E0,1.007168961E1
1.186961719E0,-9.693922997E-1,2.807678223E0,1.108205891E1
1.207198125E0,-4.809573591E-1,2.702394009E0,1.117807102E1
1.227502761E0,4.860421121E-1,2.824428082E0,1.134796143E1
1.247745521E0,5.940182209E-1,2.700001240E0,1.157288647E1
1.268019115E0,-4.091726840E-1,2.278565407E0,1.140538883E1
1.288290834E0,-1.259222865E0,1.847558141E0,1.118524933E1
1.308600052E0,-1.455434322E0,1.773380637E0,1.130728340E1
1.328836406E0,-1.240080357E0,1.859522343E0,1.181486130E1
1.349110417E0,-7.444669604E-1,1.457528114E0,1.194646645E1
1.369419167E0,-4.402793646E-1,8.997012973E-1,1.183639622E1
1.389689115E0,-6.678966284E-1,9.188438654E-1,1.128096199E1
1.409929011E0,-8.665009141E-1,1.198804140E0,1.074467087E1
1.430237031E0,-4.953143001E-1,1.141376376E0,1.016530895E1
1.450510156E0,1.226321608E-2,1.270588875E0,9.617053032E0
1.470785469E0,1.941177398E-1,1.586740494E0,9.248259544E0
1.491019531E0,6.801598072E-1,1.455135226E0,8.867501259E0
1.511323698E0,4.357928336E-1,1.299302697E0,9.046963692E0
1.531565886E0,-3.780659735E-1,1.246660590E0,9.207581520E0
1.551877552E0,-5.482555032E-1,1.332802176E0,8.721539497E0
1.572113959E0,-2.153540403E-1,1.680060625E0,7.759026527E0
1.592418125E0,2.108674943E-1,2.103889227E0,7.148557663E0
1.612658125E0,4.573282301E-1,2.278565407E0,6.981060028E0
1.632966823E0,3.185445070E-1,2.405385017E0,7.174878597E0
1.653206615E0,-2.967100143E-1,2.467897415E0,7.670492172E0
1.673478177E0,-7.516453862E-1,2.335993052E0,8.350353241E0
1.693784740E0,-4.043870270E-1,1.924427629E0,9.415757179E0
1.714055052E0,2.395813614E-1,1.672882080E0,1.082602692E1
1.734330365E0,2.802593410E-1,1.744666815E0,1.221954727E1
1.754601875E0,-4.570291340E-1,2.288136721E0,1.242293739E1
1.774842084E0,-7.468597889E-1,2.549253464E0,1.152503014E1
1.795116511E0,-5.530411601E-1,2.280958176E0,1.037348461E1
1.815420104E0,-1.698904037E-1,2.304886341E0,9.351150513E0
1.835699896E0,3.209373355E-1,2.331207514E0,8.776574135E0
1.855935521E0,2.036890239E-1,2.053640127E0,9.248259544E0
1.876243854E0,-1.890329868E-1,1.924427629E0,1.006690407E1
1.896483750E0,-2.632104978E-2,1.878664851E0,1.010309505E1
1.916792031E0,4.214358926E-1,1.766202211E0,9.655338287E0
1.937059115E0,1.147059321E0,1.471885085E0,9.633803368E0
1.957338125E0,1.704886079E0,1.115055323E0,1.028255749E1
1.977576563E0,1.309771299E0,9.427721500E-1,1.078774166E1
1.997883594E0,5.485545993E-1,1.129412293E0,1.060558796E1
2.018151511E0,3.185445070E-1,1.438385487E0,1.010548782E1
2.038551511E0,7.184450030E-1,1.488634825E0,9.540184021E0
2.058695781E0,8.404789567E-1,1.342373490E0,8.896215439E0
2.078958906E0,4.525425732E-1,1.421635747E0,8.371888161E0
2.099213334E0,1.199402362E-1,1.308874011E0,8.249854088E0
2.119522188E0,-1.148554832E-1,1.287338614E0,8.130212784E0
2.139760313E0,-1.172483116E-1,1.347159147E0,7.797311783E0
2.160063438E0,-5.554339290E-1,1.596311808E0,7.629814148E0
2.180337136E0,-6.726822853E-1,1.835594058E0,7.648956776E0
2.200575365E0,-4.115654826E-1,1.993819475E0,7.804490089E0
2.220881719E0,-3.924229145E-1,2.091925144E0,8.079963684E0
2.241166459E0,-5.482555032E-1,2.087139606E0,7.723134041E0
2.261432552E0,-7.612167001E-1,2.156531334E0,7.088737011E0
2.281705625E0,-8.186444640E-1,2.419741869E0,7.155735970E0
2.301941511E0,-1.029212832E0,2.592324257E0,8.438887596E0
2.322251615E0,-6.870391965E-1,2.333600283E0,1.004058266E1
2.342487344E0,-4.474578202E-1,2.008176327E0,1.127378368E1
2.362793334E0,-1.366899967E0,1.761416554E0,1.164467144E1
2.383036042E0,-2.183450699E0,1.471885085E0,1.162313557E1
2.403317396E0,-1.728515267E0,8.563314080E-1,1.148674488E1
2.423616667E0,-1.352542996E0,1.668993831E-1,1.153220844E1
2.443855573E0,-1.242473125E0,-2.545365095E-1,1.142213917E1
2.464125938E0,-1.915155411E0,-2.330010980E-1,1.132164001E1
2.484427865E0,-2.286342144E0,-8.434699476E-2,1.222433281E1
2.504690469E0,-1.644766450E0,-4.244269133E-1,1.272712421E1
2.524983229E0,-8.880363107E-1,-1.365404367E0,1.380688572E1
2.545217448E0,-8.473583460E-1,-1.930409670E0,1.281565857E1
2.565512865E0,-1.417149186E0,-1.616650820E0,1.090499020E1
2.585767448E0,-1.386042476E0,-1.439581871E0,1.007408237E1
2.606069427E0,-9.693922997E-1,-8.315058947E-1,8.936893463E0
2.626311250E0,-6.152545214E-1,1.615155302E-2,9.135796547E0
2.646582240E0,-4.833501875E-1,3.768695518E-2,1.039980507E1
2.666891719E0,-3.876372576E-1,-1.058823988E-1,1.089541912E1
2.687163906E0,-5.937191248E-1,-8.985049129E-1,8.826823235E0
2.707404584E0,-4.307080805E-1,-2.248954296E0,6.406184196E0
2.727674375E0,3.065803945E-1,-3.093919754E0,5.812465191E0
2.747979167E0,1.252343535E0,-3.079562664E0,7.103094101E0
2.768252604E0,1.068096161E0,-1.930409670E0,8.017750740E0
2.788498594E0,1.151545867E-1,-1.042074203E0,7.485945702E0
2.808805156E0,-3.254238665E-1,-1.094716311E0,6.573981285E0
2.829042396E0,-1.124626622E-1,-8.099704385E-1,6.870691299E0
2.849313594E0,-1.603191197E-1,2.913261652E-1,8.065607071E0
2.869590938E0,-6.699903309E-2,5.667998791E-1,9.181260109E0
2.889859740E0,1.534397453E-1,2.602194548E-1,9.154939651E0
2.910165469E0,1.486541033E-1,1.136590727E-2,9.803693771E0
2.930435052E0,-4.354937077E-1,2.793620527E-1,1.102941704E1
2.950679792E0,4.815555736E-2,7.151548862E-1,1.131685448E1
2.970981875E0,9.481559992E-1,-3.170489892E-2,1.152503014E1
2.991229479E0,5.365904570E-1,-4.052843451E-1,1.211635685E1
3.011535834E0,-7.468597889E-1,-2.425723970E-1,1.160877895E1
3.031771459E0,-1.074975610E0,1.549352705E-1,1.105095196E1
3.052078959E0,-2.775674164E-1,3.320041299E-1,1.178375435E1
3.072353229E0,1.264307618E0,1.597209126E-1,1.295922852E1
3.092621511E0,2.121536493E0,-4.363910258E-1,1.289940739E1
3.112863490E0,1.508375525E0,-8.171489239E-1,1.227936745E1
3.133171927E0,6.203392744E-1,-8.171489239E-1,1.134796143E1
3.153446771E0,7.351947427E-1,-8.841479421E-1,1.062024403E1
3.173681771E0,1.314556956E0,-5.273182988E-1,1.004058266E1
3.193959063E0,1.905883193E0,-1.707877219E-1,9.198010445E0
3.214257136E0,2.257927179E0,1.980060786E-1,8.209176064E0
3.234501146E0,2.171785593E0,5.667998791E-1,7.735098362E0
3.254801459E0,1.956132531E0,5.404788256E-1,7.804490089E0
3.275083281E0,1.546660781E0,2.817548811E-1,7.988737583E0
3.295321823E0,9.122636318E-1,3.056831062E-1,7.689634800E0
3.315593073E0,4.884349108E-1,6.433702111E-1,6.995417118E0
3.335865938E0,4.022932947E-1,1.083948612E0,6.664908409E0
3.356138906E0,5.389832854E-1,1.404886007E0,6.691229343E0
3.376448386E0,8.859425783E-1,1.505384564E0,6.853941441E0
3.396688177E0,9.361918569E-1,1.677667737E0,7.277770042E0
3.416993802E0,4.621138871E-1,1.955534339E0,7.840382576E0
3.437237344E0,5.054837838E-2,2.213959217E0,8.312067986E0
3.457540834E0,7.926224917E-2,2.566003084E0,8.515457153E0
3.477811615E0,2.802593410E-1,2.740679264E0,9.190832138E0
3.498052084E0,4.908277392E-1,2.776571512E0,1.008604622E1
3.518364375E0,1.510469317E-1,2.721536636E0,1.096002483E1
3.538635052E0,-1.435693540E-2,2.585145712E0,1.168325520E1
3.558890417E0,-1.938186288E-1,2.187638044E0,1.254257774E1
3.579180938E0,-4.761717021E-1,1.904985905E0,1.298794174E1
3.599418386E0,-3.230310678E-1,1.761416554E0,1.243729401E1
3.619722604E0,-9.092725813E-2,1.749452472E0,1.127617645E1
3.639971979E0,-3.278166950E-1,1.780559182E0,1.068245792E1
3.660242031E0,-1.012463093E0,1.847558141E0,1.076142120E1
3.680512656E0,-1.402792215E0,1.658525229E0,1.169521999E1
3.700810990E0,-1.110867858E0,1.402493119E0,1.251625729E1
3.721086406E0,-4.259224236E-1,1.217946768E0,1.215464211E1
3.741358646E0,1.462612897E-1,1.308874011E0,1.070399284E1
3.761599896E0,4.094717801E-1,1.323230863E0,9.509077072E0
3.781873646E0,3.711866140E-1,1.150947690E0,9.171689034E0
3.802183386E0,1.151545867E-1,1.138983607E0,9.351150513E0
3.822454740E0,9.601201117E-2,1.100698471E0,9.320044518E0
3.842695052E0,3.807578981E-1,1.074377418E0,8.508278847E0
3.863000521E0,7.782655358E-1,1.172483087E0,7.473981380E0
3.883240209E0,1.108774185E0,1.268195987E0,7.012166977E0
3.903530052E0,6.203392744E-1,1.474277854E0,6.925725937E0
3.923821094E0,-4.474578202E-1,1.526919961E0,7.275377274E0
3.944087396E0,-5.985047817E-1,1.313659668E0,7.907381535E0
3.964366302E0,-2.440679073E-1,1.479063511E0,8.190033913E0
3.984638438E0,3.185445070E-1,1.715952992E0,8.173283577E0
4.004879375E0,8.572286963E-1,2.151745796E0,8.108677864E0
4.025187031E0,1.106381416E0,2.589931488E0,8.611469269E0
4.045424115E0,7.615157962E-1,2.544467688E0,9.128618240E0
4.065731511E0,3.855435550E-1,2.582752943E0,9.229117393E0
4.086003854E0,3.807578981E-1,3.068794966E0,9.434899330E0
4.106273959E0,8.476574421E-1,3.734298944E0,9.703194618E0
4.126547344E0,1.290628672E0,4.048057556E0,1.003340435E1
4.146820261E0,1.003190875E0,3.971188307E0,1.096002483E1
4.167061771E0,3.831507266E-1,3.355933666E0,1.195364475E1
4.187339115E0,6.227321029E-1,2.414956331E0,1.183400345E1
4.207639740E0,1.245165110E0,1.967498422E0,1.111077309E1
4.227916615E0,1.496411443E0,1.986641049E0,1.070877838E1
4.248157188E0,1.429412484E0,2.067996979E0,1.114457130E1
4.268462031E0,7.998009920E-1,2.096710920E0,1.165693474E1
4.288736094E0,4.286143482E-1,1.718345761E0,1.108923721E1
4.308971094E0,7.615157962E-1,1.416850090E0,1.103180981E1
4.329279323E0,1.290628672E0,1.093519926E0,1.132164001E1
4.349551146E0,1.496411443E0,1.450349569E0,1.105334473E1
4.369824740E0,1.561017632E0,2.273779631E0,9.990333557E0
4.390098334E0,6.562315822E-1,2.300100803E0,8.467600822E0
4.410372552E0,2.392822644E-3,2.577967405E0,7.359126091E0
4.430610834E0,-2.967100143E-1,2.609073877E0,7.450053215E0
4.450918750E0,-7.178468257E-2,2.326421738E0,8.118248940E0
4.471155781E0,2.276172489E-1,1.938784599E0,8.551649094E0
4.491439115E0,2.108674943E-1,1.993819475E0,8.316853523E0
4.511736667E0,2.422732860E-2,2.283350945E0,7.373483181E0
4.532008959E0,-2.297109663E-1,2.455933332E0,6.389434814E0
4.552284115E0,-4.474578202E-1,2.633002281E0,6.047261238E0
4.572523438E0,-3.493520916E-1,2.843570709E0,6.190830231E0
4.592822240E0,-1.076770201E-1,2.997010469E0,6.645765781E0
4.613105156E0,-2.033899277E-1,3.262613773E0,7.457231998E0
4.633377552E0,-4.833501875E-1,3.578765392E0,8.237890244E0
4.653651979E0,-2.057827413E-1,3.676871061E0,8.546863556E0
4.673888438E0,-1.507478207E-1,3.578765392E0,9.003892899E0
4.694192084E0,-6.200401783E-1,3.643371582E0,9.485149384E0
4.714463594E0,-1.390828133E0,3.863511324E0,1.028973579E1
4.734704948E0,-1.460219979E0,4.048057556E0,1.143649578E1
4.754981979E0,-1.137188911E0,3.856332779E0,1.243729401E1
4.775255052E0,-1.371685624E0,3.707977772E0,1.266461182E1
4.795526719E0,-1.766800404E0,3.645764351E0,1.219801140E1
4.815801042E0,-1.680658817E0,3.372683525E0,1.167607689E1
4.836105209E0,-2.164308071E0,3.497409344E0,1.192493057E1
4.856347448E0,-2.312663078E0,3.420539856E0,1.261914825E1
4.876654896E0,-1.433898926E0,2.364706993E0,1.283719444E1
4.896889584E0,-7.612167001E-1,1.610668778E0,1.193450165E1
4.917199375E0,-5.650052428E-1,1.799701691E0,1.011984539E1
4.937439740E0,-1.017248750E0,2.477468729E0,8.956035614E0
4.957733906E0,-9.430712461E-1,2.613859653E0,8.606683731E0
4.978020209E0,-4.666004181E-1,2.321636200E0,8.498707771E0
4.998274948E0,-3.661018610E-1,2.123031855E0,8.099106789E0
5.018566250E0,-6.822535396E-1,2.096710920E0,7.406982422E0
5.038966250E0,-9.095717072E-1,2.146960020E0,7.055237770E0
5.059079427E0,-6.128616929E-1,2.225923300E0,6.526124477E0
5.079382761E0,-5.865406394E-1,2.642573595E0,6.408577442E0
5.099658281E0,-7.468597889E-1,3.008974552E0,7.110272408E0
5.119924115E0,-4.929214716E-1,2.997010469E0,7.438089371E0
5.140204323E0,-3.349951804E-1,2.912962437E0,7.251449108E0
5.160474896E0,-3.708875179E-1,3.018545866E0,7.076773167E0
5.180720573E0,-4.474578202E-1,3.267399311E0,7.277770042E0
5.201023542E0,-6.726822853E-1,3.585943937E0,7.924131393E0
5.221296667E0,-5.721837282E-1,3.650550127E0,8.778966904E0
5.241541198E0,-4.809573591E-1,3.375076294E0,9.511469841E0
5.261806771E0,-9.263214469E-1,3.238685369E0,1.001186943E1
5.282077917E0,-1.259222865E0,3.267399311E0,1.030648518E1
5.302352448E0,-1.055832982E0,3.343969584E0,1.036630630E1
5.322658906E0,-9.526425004E-1,3.547658682E0,1.030648518E1
5.342896354E0,-8.952147961E-1,3.511766434E0,1.025862885E1
5.363206667E0,-1.914258115E-2,2.910569668E0,1.017488003E1
5.383480052E0,5.868397355E-1,2.178066730E0,1.048116112E1
5.403723959E0,7.280163169E-1,1.845165372E0,1.120439243E1
5.423989844E0,7.184450030E-1,1.794916034E0,1.272712421E1
5.444262500E0,4.597210586E-1,1.596311808E0,1.390020561E1
5.464536042E0,8.979067206E-1,7.917252183E-1,1.325862980E1
5.484807031E0,1.400698543E0,5.500500798E-1,1.147238827E1
5.505108334E0,1.352842093E0,1.222732425E0,9.770194054E0
5.525384896E0,9.553344250E-1,1.943570137E0,9.198010445E0
5.545662865E0,6.945167780E-1,2.022533417E0,9.300901413E0
5.565935365E0,8.428717852E-1,1.648953915E0,9.499505997E0
5.586211302E0,8.069794178E-1,1.620239973E0,9.049356461E0
5.606484219E0,6.155536175E-1,1.763809443E0,8.431708336E0
5.626719271E0,4.286143482E-1,1.737488389E0,7.565207958E0
5.647028177E0,2.994019389E-1,1.790130496E0,6.822834492E0
5.667267188E0,1.151545867E-1,1.926820397E0,6.336792469E0
5.687575834E0,8.644071966E-2,2.084746838E0,6.207580090E0
5.707811927E0,1.701895148E-1,2.285743713E0,6.454041004E0
5.728119011E0,-1.603191197E-1,2.743072033E0,6.954440117E0
5.748393021E0,-4.833501875E-1,3.102294445E0,7.493124008E0
5.768666615E0,-4.546362907E-2,3.052045345E0,7.418946743E0
5.788950365E0,5.413761139E-1,3.008974552E0,7.177271366E0
5.809350365E0,5.027918816E-1,3.355933666E0,7.596314430E0
5.829591823E0,-1.076770201E-1,3.741477251E0,8.822037697E0
5.849756667E0,-6.583253145E-1,3.875475407E0,1.014616585E1
5.869998542E0,-7.899305820E-1,3.794119358E0,1.084756279E1
5.890309063E0,-6.631109715E-1,3.640978813E0,1.149392319E1
5.910579844E0,-1.170688510E0,3.396611691E0,1.227936745E1
5.930850209E0,-2.068295956E0,3.288934708E0,1.260718441E1
5.951123594E0,-2.415554523E0,3.119044304E0,1.198953724E1
5.971395521E0,-2.085345030E0,3.040081263E0,1.115414238E1
5.991671250E0,-1.347757339E0,3.253042459E0,1.171675491E1
6.011940677E0,-9.981061220E-1,2.898605585E0,1.316022587E1
6.032180573E0,-1.208973646E0,2.082353830E0,1.356012630E1
6.052485990E0,-1.625623941E0,1.351944804E0,1.233918858E1
6.072761875E0,-1.888834357E0,1.481456280E0,1.035434151E1
6.092998906E0,-1.419542074E0,1.613061547E0,8.975178719E0
6.113273281E0,-7.061817646E-1,1.677667737E0,8.604290962E0
6.133544167E0,-6.032904387E-1,1.989033818E0,8.671290398E0
6.153855990E0,-6.128616929E-1,2.144567251E0,8.917751312E0
6.174123646E0,-3.086741269E-1,1.708774447E0,8.728717804E0
6.194402084E0,-2.991028428E-1,1.471885085E0,8.151748657E0
6.214666823E0,-5.817549825E-1,1.536491275E0,7.656135082E0
6.234913438E0,-7.468597889E-1,1.713560104E0,7.162914753E0
6.255182136E0,-6.990033388E-1,2.082353830E0,7.095915318E0
6.275493698E0,-4.761717021E-1,2.199602127E0,7.177271366E0
6.295764063E0,-3.469592929E-1,2.252244234E0,7.124629498E0
6.316040521E0,-4.857429862E-1,2.455933332E0,6.932904720E0
6.336276198E0,-4.019941986E-1,2.496611357E0,6.755835533E0
6.356555781E0,-2.536391914E-1,2.582752943E0,7.081558704E0
6.376859427E0,-3.804588020E-1,2.867498875E0,7.955237865E0
6.397136146E0,-3.349951804E-1,3.037688255E0,9.231510162E0
6.417405417E0,-3.565305769E-1,2.776571512E0,1.022991467E1
6.437672136E0,-9.957132936E-1,2.951247692E0,1.052183914E1
6.457950990E0,-1.304686546E0,3.303291559E0,1.037587738E1
6.478226042E0,-8.952147961E-1,3.502195120E0,1.036869907E1
6.498492084E0,-7.420741320E-1,3.547658682E0,1.108205891E1
6.518757865E0,-5.721837282E-1,3.389433384E0,1.184118176E1
6.539007604E0,-3.589234054E-1,3.176471949E0,1.165932751E1
6.559315781E0,-4.522434771E-1,3.035295486E0,1.080449200E1
6.579551094E0,-5.291129351E-1,3.269792080E0,1.013420200E1
6.599825625E0,2.662015148E-2,3.174079180E0,1.061545849E1
6.620132865E0,8.021938205E-1,2.333600283E0,1.199671555E1
6.640431302E0,1.513161182E0,1.727917075E0,1.317458248E1
6.660674531E0,1.743171334E0,1.122233868E0,1.283240891E1
6.680949948E0,1.242772222E0,9.044869542E-1,1.151306629E1
6.701224636E0,6.275177598E-1,1.158126116E0,9.865906715E0
6.721465781E0,6.107679605E-1,1.354337573E0,8.479565620E0
6.741739636E0,7.495517135E-1,1.488634825E0,8.007880211E0
6.762042240E0,3.903291821E-1,1.725524187E0,8.297710419E0
6.782317500E0,1.438684613E-1,1.739881158E0,8.817252159E0
6.802568281E0,2.898306549E-1,1.404886007E0,8.589934349E0
6.822863854E0,2.898306549E-1,1.335195065E0,7.473981380E0
6.843105521E0,-2.847459018E-1,1.751845241E0,6.676872253E0
6.863375052E0,-6.391827464E-1,2.173281193E0,6.562016964E0
6.883684948E0,-8.282157183E-1,2.431705952E0,6.770192623E0
6.903942500E0,-8.186444640E-1,2.604288340E0,7.000202656E0
6.924192604E0,-5.171487927E-1,2.795714140E0,7.071987152E0
6.944504115E0,-4.354937077E-1,3.219542980E0,7.057630539E0
6.964742917E0,-4.833501875E-1,3.617050648E0,7.292127132E0
6.985049115E0,-3.182454109E-1,3.696013689E0,7.670492172E0
7.005285729E0,-2.105683982E-1,3.739084482E0,8.091927528E0
7.025593854E0,-4.761717021E-1,3.930510283E0,8.484351158E0
7.045834792E0,-8.090731502E-1,4.186841488E0,8.767003059E0
7.066105625E0,-9.933205247E-1,4.428516388E0,9.396614075E0
7.086414792E0,-6.439684033E-1,4.378267288E0,1.065852928E1
7.106681094E0,-3.852444589E-1,4.052843571E0,1.182682514E1
7.126956094E0,-8.497511148E-1,3.755834341E0,1.171196938E1
7.147232656E0,-1.635195136E0,3.796512127E0,1.062502956E1
7.167469219E0,-1.666301847E0,3.942474365E0,1.016052341E1
7.187780209E0,-9.789635539E-1,3.911367655E0,1.148195934E1
7.208014688E0,-4.283152521E-1,3.473181963E0,1.329212952E1
7.228321563E0,-4.570291340E-1,2.673680305E0,1.356730461E1
7.248596927E0,-1.063011408E0,1.804487348E0,1.214985561E1
7.268870625E0,-1.659123421E0,1.625025630E0,1.007408237E1
7.289107917E0,-1.740479350E0,2.053640127E0,8.505886078E0
7.309412813E0,-1.273579836E0,2.374278307E0,8.120641708E0
7.329653750E0,-8.593224287E-1,2.355135679E0,8.498707771E0
7.349927240E0,-6.463612318E-1,2.278565407E0,8.580363274E0
7.370231511E0,-6.343970895E-1,2.137388945E0,8.127820015E0
7.390506667E0,-6.152545214E-1,2.005783558E0,7.493124008E0
7.410780469E0,-6.296114326E-1,2.036890268E0,7.138986588E0
7.431055729E0,-7.636095285E-1,2.072782516E0,7.323233604E0
7.451303750E0,-6.702894568E-1,2.134995937E0,7.634599686E0
7.471594271E0,-7.133602500E-1,2.431705952E0,7.914559841E0
7.491869219E0,-6.487540603E-1,2.592324257E0,7.904988766E0
7.512141302E0,-5.219344497E-1,2.671287298E0,7.498209000E0
7.532418334E0,-3.493520916E-1,2.874677420E0,7.229913712E0
7.552657813E0,-4.977070987E-1,3.212364435E0,7.464410305E0
7.572933646E0,-7.037889361E-1,3.442075491E0,8.402995110E0
7.593203854E0,-6.176473498E-1,3.461217880E0,9.379864693E0
7.613493021E0,-6.511468887E-1,3.540480137E0,9.932906151E0
7.633780104E0,-9.454640746E-1,3.748655796E0,9.877870560E0
7.654058334E0,-1.225723386E0,4.021736622E0,9.619445801E0
7.674332344E0,-1.118046403E0,4.088735580E0,1.011505985E1
7.694571198E0,1.414756328E-1,3.633800268E0,1.116849995E1
7.714877031E0,1.276271820E0,3.049652576E0,1.156810093E1
7.735113073E0,1.948953986E0,2.487040043E0,1.151785183E1
7.755386719E0,2.279462576E0,2.132603168E0,1.172871971E1
7.775662448E0,1.858026743E0,2.161317110E0,1.198714447E1
7.795932344E0,1.135095239E0,1.984248161E0,1.260239887E1
7.816230313E0,1.068096161E0,1.431207061E0,1.287547970E1
7.836516146E0,1.302592874E0,1.009771109E0,1.201346493E1
7.856751094E0,1.508375525E0,1.031306505E0,1.054576778E1
7.877031875E0,1.704886079E0,1.351944804E0,9.401400566E0
7.897336250E0,1.671386600E0,1.735095501E0,8.491529465E0
7.917592656E0,1.388734460E0,1.912164450E0,7.943274021E0
7.937881927E0,1.111167073E0,1.840379715E0,7.730312824E0
7.958161511E0,7.423732281E-1,1.759023786E0,7.976773262E0
7.978390677E0,4.334000051E-1,1.778166294E0,8.146963120E0
7.998672136E0,9.601201117E-2,1.763809443E0,7.914559841E0
8.018970261E0,-2.943171859E-1,1.996212244E0,7.385447025E0
8.039245625E0,-4.019941986E-1,2.364706993E0,6.935297489E0
8.059519167E0,-1.603191197E-1,2.508575439E0,6.813263416E0
8.079783698E0,-1.124626622E-1,2.738286495E0,7.423732281E0
8.100031042E0,-9.571290761E-2,2.862713099E0,7.835597038E0
8.120311771E0,-1.866401732E-1,2.944069147E0,7.507780075E0
8.140609896E0,-6.200401783E-1,3.384647608E0,7.428517818E0
8.160882969E0,-7.683951855E-1,3.743870020E0,8.312067986E0
8.181151042E0,-2.703889608E-1,3.595515013E0,9.547362328E0
8.201430886E0,-7.896314561E-2,3.492623806E0,1.041176987E1
8.221701511E0,-2.919243574E-1,3.719941854E0,1.079013443E1
8.241969531E0,-3.972085714E-1,3.815654755E0,1.105813122E1
8.262217604E0,-2.799602449E-1,3.602693558E0,1.164945698E1
8.282519792E0,-5.264209956E-2,3.224328518E0,1.175743294E1
8.302770104E0,-6.798607111E-1,3.183650494E0,1.081884861E1
8.323065313E0,-1.639980793E0,3.468396425E0,1.011984539E1
8.343340990E0,-1.814656854E0,3.442075491E0,1.079970551E1
8.363607031E0,-5.961119533E-1,2.889034271E0,1.215464211E1
8.383886719E0,4.501497746E-1,2.285743713E0,1.301904869E1
8.404122604E0,1.175474152E-1,1.912164450E0,1.268854046E1
8.424433438E0,-5.745765567E-1,1.763809443E0,1.087627602E1
8.444698281E0,-6.296114326E-1,1.747059584E0,8.960822105E0
8.464946198E0,-4.905286431E-1,1.833201289E0,7.993523121E0
8.485251511E0,-1.986042857E-1,2.012962103E0,8.027321815E0
8.505490313E0,-9.571290761E-2,2.065604210E0,8.551649094E0
8.525794479E0,-3.062812984E-1,1.919641972E0,9.066405296E0
8.546037604E0,-5.072783828E-1,1.680060625E0,8.829216003E0
8.566342344E0,-6.439684033E-1,1.644168258E0,8.173283577E0
8.586615365E0,-6.822535396E-1,1.761416554E0,7.646564007E0
8.606889063E0,-3.445664644E-1,1.919641972E0,7.543672562E0
8.627164375E0,2.901297435E-2,2.120639086E0,7.639385223E0
8.647399271E0,7.208377868E-2,2.335993052E0,7.804490089E0
8.667674531E0,-2.464607358E-1,2.546860695E0,7.715955734E0
8.687979792E0,-4.666004181E-1,2.558824778E0,7.589136124E0
8.708255365E0,-2.895315289E-1,2.487040043E0,7.569993496E0
8.728524219E0,-1.651047617E-1,2.668894529E0,8.094321251E0
8.748803177E0,-1.435693540E-2,2.802892685E0,8.924929619E0
8.769073490E0,-1.914258115E-2,2.985046148E0,9.485149384E0
8.789349115E0,-2.344966233E-1,3.116651535E0,9.578767776E0
8.809618959E0,-3.254238665E-1,3.054438114E0,9.633803368E0
8.829892604E0,-2.464607358E-1,2.970689297E0,9.906584740E0
8.850162292E0,-3.469592929E-1,3.037688255E0,1.066331482E1
8.870438125E0,-1.028913707E-1,2.731107950E0,1.141017437E1
8.890711979E0,-1.172483116E-1,2.407777786E0,1.152981567E1
8.910983490E0,-2.584248483E-1,2.544467688E0,1.121635628E1
8.931251979E0,2.662015148E-2,2.711965322E0,1.056730270E1
8.951528959E0,1.390828192E-1,2.929712296E0,1.010309505E1
8.971799323E0,5.557330847E-1,2.700001240E0,1.058644581E1
8.992077292E0,1.178166032E0,2.063211441E0,1.194407368E1
9.012347813E0,9.649057388E-1,1.816451430E0,1.299512100E1
9.032586615E0,9.218349457E-1,1.363908887E0,1.238704491E1
9.052891094E0,1.254736423E0,8.443672657E-1,1.072552872E1
9.073135000E0,1.242772222E0,9.738788009E-1,9.071190834E0
9.093405365E0,1.324128270E0,1.390229940E0,8.276175499E0
9.113713021E0,1.290628672E0,1.560419440E0,8.237890244E0
9.133985521E0,1.005583763E0,1.433599830E0,8.431708336E0
9.154259063E0,6.418746710E-1,1.282552958E0,8.350353241E0
9.174534584E0,2.204387933E-1,1.182054400E0,7.948059559E0
9.194773906E0,-2.153540403E-2,1.071984529E0,7.473981380E0
9.215087240E0,-9.571290761E-2,1.158126116E0,6.981060028E0
9.235352084E0,-6.939185411E-2,1.548455358E0,6.657730103E0
9.255589427E0,-6.699903309E-2,1.845165372E0,6.892226696E0
9.275863646E0,-7.178467698E-3,1.866700768E0,7.445267677E0
9.296169688E0,-6.939185411E-2,1.931606054E0,7.785347462E0
9.316409479E0,-1.722832322E-1,2.130210400E0,7.636992455E0
9.336715156E0,-5.147559643E-1,2.592324257E0,7.629814148E0
9.356971042E0,-4.594219327E-1,3.023331404E0,8.101499557E0
9.377263073E0,-3.684946895E-1,3.274577856E0,8.740681648E0
9.397540886E0,-5.048855543E-1,3.564408541E0,9.449256897E0
9.417809479E0,-5.338985324E-1,3.631407499E0,9.880263329E0
9.438094271E0,-9.454640746E-1,3.746263027E0,1.034477043E1
9.458356198E0,-1.522433400E0,3.849154234E0,1.120199966E1
9.478596146E0,-1.220937729E0,3.624228954E0,1.182443237E1
9.498901563E0,-3.852444589E-1,3.322434187E0,1.181725407E1
9.519175729E0,8.644071966E-2,3.154936552E0,1.114457130E1
9.539446042E0,-1.076770201E-1,3.075973511E0,1.123789120E1
9.559686198E0,-6.415755749E-1,2.506182671E0,1.326102352E1
9.579994740E0,-7.157530785E-1,1.354337573E0,1.530090427E1
9.600269427E0,-8.617152572E-1,3.176472187E-1,1.553061581E1
9.620506250E0,-1.235294700E0,1.046859920E-1,1.326341629E1
9.640805209E0,-1.165902853E0,4.615156651E-1,1.077099228E1
9.661084427E0,-7.205387354E-1,7.701897621E-1,9.849157333E0
9.681326615E0,-7.636095285E-1,1.304088354E0,9.971191406E0
9.701627448E0,-7.396813035E-1,1.431207061E0,1.059601688E1
9.721906406E0,-3.397808075E-1,1.117448211E0,1.047398281E1
9.742176615E0,-1.938186288E-1,1.083948612E0,9.310472488E0
9.762417136E0,-2.464607358E-1,1.189232826E0,8.115856171E0
9.782723386E0,-1.124626622E-1,1.196411371E0,7.450053215E0
9.803000834E0,8.644071966E-2,1.347159147E0,7.174878597E0
9.823269792E0,2.874378264E-1,1.620239973E0,7.433303356E0
9.843507031E0,4.525425732E-1,1.696810365E0,7.608278751E0
9.863781354E0,2.635096014E-1,1.840379715E0,7.205985546E0
9.884088906E0,6.969095767E-2,2.017747641E0,6.645765781E0
9.904327084E0,5.772684515E-2,2.115853310E0,6.293721676E0
9.924600729E0,6.969095767E-2,2.312064886E0,6.437291145E0
9.944873177E0,-2.392822644E-3,2.297708035E0,7.249056339E0
9.965148698E0,-3.517449200E-1,2.225923300E0,8.383852005E0
9.985447448E0,-7.468597889E-1,2.228316069E0,9.322437286E0
1.000569047E1,-7.899305820E-1,2.424527645E0,9.506684303E0
1.002596833E1,-4.642075896E-1,2.695215702E0,8.987142563E0
1.004627438E1,-3.852444589E-1,2.924926519E0,9.114261627E0
1.006654380E1,-4.067798331E-2,2.633002281E0,1.028973579E1
1.008681854E1,2.706880569E-1,1.866700768E0,1.117567825E1
1.010709099E1,-2.703889608E-1,1.706381679E0,1.171914768E1
1.012736693E1,-7.157530785E-1,1.979462504E0,1.130249786E1
1.014763531E1,-5.000999570E-1,2.304886341E0,1.008843899E1
1.016790849E1,2.467598319E-1,2.460718870E0,9.530612946E0
1.018818354E1,1.022333503E0,2.166102648E0,1.022273636E1
1.020845719E1,8.739784956E-1,1.816451430E0,1.175025463E1
1.022869609E1,3.400799036E-1,1.246660590E0,1.281326580E1
1.024897328E1,3.329014480E-1,7.701897621E-1,1.188664532E1
1.026927714E1,6.059823632E-1,7.199404836E-1,1.009830952E1
1.028951302E1,9.960124493E-1,1.079162955E0,8.731110573E0
1.030978562E1,1.462911963E0,1.579562068E0,8.465208054E0
1.033009615E1,1.628315806E0,1.680060625E0,8.901000977E0
1.035037141E1,1.252343535E0,1.445564032E0,9.473184586E0
1.037064214E1,6.083751321E-1,1.239482164E0,9.439684868E0
1.039091682E1,2.204387933E-1,1.115055323E0,9.066405296E0
1.041118922E1,1.462612897E-1,9.116654396E-1,8.711968422E0
1.043146162E1,2.228316069E-1,8.467600942E-1,8.225926399E0
1.045170167E1,2.084746659E-1,1.033699393E0,7.737491131E0
1.047200453E1,2.662015148E-2,1.416850090E0,7.663313389E0
1.049224349E1,-2.009970993E-1,1.790130496E0,8.084749222E0
1.051254672E1,-2.440679073E-1,2.060818434E0,8.465208054E0
1.053282469E1,-9.332008660E-2,2.237887383E0,8.149355888E0
1.055309891E1,-2.656033039E-1,2.398206472E0,7.347161770E0
1.057336870E1,-8.688937426E-1,2.762214661E0,7.019345284E0
1.059364641E1,-1.275972724E0,2.922533751E0,7.893024445E0
1.061388323E1,-1.342971683E0,2.896212816E0,9.413364410E0
1.063419016E1,-1.240080357E0,3.080759048E0,1.006929684E1
1.065443198E1,-1.055832982E0,3.363112211E0,1.005972576E1
1.067473875E1,-1.005284667E0,3.473181963E0,1.041894817E1
1.069500792E1,-1.158724308E0,3.116651535E0,1.123310566E1
1.071528339E1,-1.376471281E0,2.585145712E0,1.190818119E1
1.073552234E1,-1.821835399E0,2.379063845E0,1.206371403E1
1.075582745E1,-2.082952023E0,2.343171597E0,1.179811096E1
1.077606693E1,-2.046760559E0,2.154138565E0,1.172154045E1
1.079637552E1,-1.654337764E0,1.708774447E0,1.197278690E1
1.081664563E1,-1.130010486E0,1.292124271E0,1.252582836E1
1.083688922E1,-8.090731502E-1,1.028913736E0,1.278933811E1
1.085719552E1,-3.014956415E-1,7.893323898E-1,1.139342499E1
1.087745417E1,-2.871387079E-2,9.068797827E-1,9.794121742E0
1.089773719E1,2.204387933E-1,1.038485050E0,9.042177200E0
1.091801333E1,4.956133962E-1,9.020941257E-1,9.540184021E0
1.093825167E1,1.845464408E-1,5.931209326E-1,1.044766140E1
1.095855891E1,2.183450572E-2,3.463610709E-1,1.071356392E1
1.097883287E1,4.381856322E-1,8.554340899E-2,9.810872078E0
1.099910323E1,5.099703074E-1,9.990034252E-2,7.596314430E0
1.101937906E1,7.734799385E-1,3.290131316E-2,7.385447025E0
1.103966453E1,6.993024349E-1,1.190429255E-1,8.075178146E0
1.105988745E1,5.054837838E-2,4.854438901E-1,8.288139343E0
1.108019885E1,-4.139583111E-1,5.691927075E-1,8.367102623E0
1.110043891E1,-3.613162339E-1,3.705884218E-1,8.168498039E0
1.112074229E1,-3.661018610E-1,5.069792867E-1,8.091927528E0
1.114101052E1,-3.661018610E-1,5.620142221E-1,9.011071205E0
1.116128406E1,5.389832854E-1,-8.745766878E-1,1.136949635E1
1.118156375E1,2.611167729E-1,-1.446760416E0,1.061785126E1
1.120183141E1,-1.007677436E0,1.812563092E-1,7.351947784E0
1.122207287E1,-1.189831018E0,1.117448211E0,7.742276669E0
1.124234870E1,-7.492526174E-1,8.925228715E-1,8.908179283E0
1.126265510E1,-3.708875179E-1,4.782654345E-1,9.384650230E0
1.128292323E1,-2.584248483E-1,1.645065546E-1,1.064895821E1
1.130317229E1,1.845464408E-1,-4.366901144E-2,1.173350525E1
1.132346969E1,6.753742099E-1,-7.597211599E-1,1.297119236E1
1.134371130E1,4.214358926E-1,-1.355833173E0,1.194168091E1
1.136401896E1,6.538388133E-1,-1.935195327E0,1.112512970E1
1.138425641E1,5.533402413E-2,-2.904288471E-1,1.116132164E1
1.140456219E1,2.898306549E-1,4.016951025E-1,1.123789120E1
1.142484062E1,1.661815286E0,-4.459623098E-1,1.221715450E1
1.144511281E1,1.517946839E0,-3.646063507E-1,1.287547970E1
1.146538693E1,9.649057388E-1,9.511470050E-2,1.185075283E1
1.148565667E1,9.720842242E-1,8.793623000E-2,1.066570759E1
1.150592912E1,8.883354068E-1,3.104687333E-1,9.877870560E0
1.152620495E1,5.892325640E-1,8.276175261E-1,9.339186668E0
1.154647641E1,5.195416212E-1,1.060020447E0,9.131011009E0
1.156674880E1,5.413761139E-1,1.534098387E0,8.814859390E0
1.158702162E1,8.021938205E-1,1.086341500E0,8.144570351E0
1.160729245E1,8.309076428E-1,8.587242365E-1,7.160521984E0
1.162753823E1,1.079761237E-1,1.316052437E0,6.427719593E0
1.164784104E1,-7.612167001E-1,1.648953915E0,6.461518288E0
1.166807750E1,-5.096712112E-1,1.861915112E0,7.019345284E0
1.168838234E1,-2.392822690E-2,1.708774447E0,6.981060028E0
1.170866188E1,-3.445664644E-1,1.799701691E0,6.846762657E0
1.172893495E1,-1.189831018E0,2.247458696E0,6.827620506E0
1.174920870E1,-1.311864972E0,2.446362019E0,7.627421379E0
1.176948016E1,-5.793621540E-1,2.532503605E0,8.029714584E0
1.178972255E1,-3.038884699E-1,2.472683191E0,7.876275063E0
1.181001969E1,-8.090731502E-1,2.671287298E0,9.116654396E0
1.183029885E1,-1.264008522E0,2.714358091E0,9.655338287E0
1.185053526E1,-1.031605721E0,2.575574398E0,1.000229740E1
1.187080932E1,-7.301099896E-1,2.589931488E0,1.032323551E1
1.189111906E1,-5.554339290E-1,2.316850424E0,1.105334473E1
1.191135719E1,-2.536391914E-1,1.720738530E0,1.173829079E1
1.193166005E1,1.007976532E-1,1.354337573E0,1.263589859E1
1.195193412E1,-5.096712112E-1,1.244267821E0,1.303101349E1
1.197221005E1,-1.328614831E0,1.241874933E0,1.312194061E1
1.199248427E1,-1.532004714E0,1.385444283E0,1.295683575E1
1.201275047E1,-1.134796143E0,1.301695466E0,1.277019501E1
1.203299156E1,-6.176473498E-1,1.246660590E0,1.213310623E1
1.205329807E1,-2.895315289E-1,1.153340459E0,1.099591732E1
1.207357458E1,-3.684946895E-1,1.093519926E0,9.880263329E0
1.209384766E1,-5.602195859E-1,1.146162033E0,9.107083321E0
1.211411604E1,-8.306085467E-1,1.119840980E0,9.075976372E0
1.213439578E1,-7.660023570E-1,1.122233868E0,9.513862610E0
1.215466672E1,4.815555736E-2,1.229910851E0,9.925727844E0
1.217490297E1,7.686942816E-1,1.294517040E0,9.952048302E0
1.219520953E1,9.553344250E-1,1.253839016E0,9.463613510E0
1.221548156E1,7.280163169E-1,1.201196909E0,8.556434631E0
1.223576063E1,1.965105534E-1,1.205982566E0,7.670492172E0
1.225599719E1,-3.349951655E-2,1.347159147E0,7.000202656E0
1.227627302E1,5.294119939E-2,1.529312730E0,6.770192623E0
1.229657557E1,1.151545867E-1,1.818844318E0,6.925725937E0
1.231684859E1,1.486541033E-1,2.096710920E0,7.141379356E0
1.233712203E1,1.701895148E-1,2.276172638E0,7.368697166E0
1.235736776E1,5.054837838E-2,2.453540564E0,7.546065331E0
1.237766297E1,-3.230310678E-1,2.465504646E0,7.897810459E0
1.239792651E1,-2.368894368E-1,2.446362019E0,8.347960472E0
1.241821167E1,1.749751568E-1,2.484647274E0,8.987142563E0
1.243861167E1,3.041875660E-1,2.755036116E0,9.636196136E0
1.245872932E1,-3.589234129E-2,2.924926519E0,9.798908234E0
1.247901156E1,-3.517449200E-1,2.961117983E0,9.576375008E0
1.249930630E1,-7.417750359E-2,2.680858612E0,9.660123825E0
1.251958151E1,1.917249113E-1,2.223530531E0,1.015573788E1
1.253981812E1,4.334000051E-1,1.962712765E0,1.077577782E1
1.256012714E1,1.003190875E0,1.761416554E0,1.112752247E1
1.258039599E1,1.269093275E0,1.878664851E0,1.085234833E1
1.260067359E1,1.585245013E0,1.893021822E0,1.085952663E1
1.262094578E1,1.747956991E0,1.409671664E0,1.175504017E1
1.264120583E1,1.331306696E0,1.002592683E0,1.277258778E1
1.266146219E1,1.319342613E0,4.902295470E-1,1.294965744E1
1.268176562E1,1.474876046E0,3.296113312E-1,1.228654575E1
1.270203594E1,1.561017632E0,5.548357368E-1,1.114217854E1
1.272231219E1,2.102393866E0,8.300103545E-1,9.940084457E0
1.274254849E1,2.839682341E0,1.091127157E0,9.262616158E0
1.276282286E1,2.971287489E0,1.194018483E0,9.071190834E0
1.278313182E1,1.994417667E0,1.294517040E0,8.637790680E0
1.280338615E1,9.290133715E-1,1.158126116E0,7.895417213E0
1.282367651E1,9.601201117E-2,1.055234790E0,7.323233604E0
1.284391849E1,-1.890329868E-1,1.122233868E0,7.127022266E0
1.286421922E1,-2.392822644E-3,1.299302697E0,7.395018578E0
1.288445818E1,3.520440459E-1,1.699203134E0,7.787740231E0
1.290475047E1,3.185445070E-1,2.099103689E0,7.969594955E0
1.292503771E1,1.558325738E-1,2.309672117E0,7.782954693E0
1.294531495E1,2.084746659E-1,2.426920414E0,7.459624767E0
1.296558740E1,2.228316069E-1,2.575574398E0,7.359126091E0
1.298586245E1,3.089732230E-1,2.889034271E0,7.502994537E0
1.300612932E1,4.740779996E-1,3.119044304E0,8.106285095E0
1.302640333E1,7.256234884E-1,3.004188776E0,8.929715157E0
1.304664948E1,6.251249313E-1,2.862713099E0,9.590732574E0
1.306691625E1,1.606182158E-1,3.013760090E0,1.008604622E1
1.308722703E1,-2.679961324E-1,3.176471949E0,1.085713387E1
1.310749500E1,6.251249462E-2,3.018545866E0,1.174307632E1
1.312773693E1,6.370890141E-1,2.774178743E0,1.205175018E1
1.314804552E1,5.772684813E-1,2.903391123E0,1.214507008E1
1.316828568E1,5.195416212E-1,2.922533751E0,1.177896881E1
1.318858589E1,6.634100676E-1,2.735893488E0,1.109402275E1
1.320886162E1,1.087238789E0,2.439183474E0,1.161356449E1
1.322913198E1,1.460519075E0,1.893021822E0,1.325862980E1
1.324941068E1,1.070489049E0,1.354337573E0,1.418973732E1
1.326968125E1,2.132603228E-1,1.052842021E0,1.335673618E1
1.328995438E1,-6.939185411E-2,1.000199914E0,1.113978577E1
1.331022188E1,2.659024298E-1,1.115055323E0,9.602696419E0
1.333050255E1,5.437689424E-1,1.294517040E0,9.039784431E0
1.335077229E1,1.558325738E-1,1.584347725E0,9.054141998E0
1.337104912E1,-2.488535494E-1,1.505384564E0,9.231510162E0
1.339128641E1,-3.206382394E-1,1.289731383E0,9.092725754E0
1.341159583E1,-2.536391914E-1,1.325623751E0,8.666504860E0
1.343183089E1,2.922234535E-1,1.440778375E0,8.154141426E0
1.345210339E1,1.031904817E0,1.581954837E0,7.902595997E0
1.347237875E1,9.625129104E-1,1.912164450E0,7.483552933E0
1.349265177E1,4.692923427E-1,2.292922258E0,6.925725937E0
1.351295979E1,1.558325738E-1,2.575574398E0,6.518946171E0
1.353323167E1,6.969095767E-2,2.826820850E0,6.789335251E0
1.355350208E1,4.740779996E-1,2.934497833E0,7.828418255E0
1.357374438E1,8.213363886E-1,2.973082066E0,8.893822670E0
1.359401490E1,9.146564603E-1,3.013760090E0,9.138189316E0
1.361428828E1,6.681957245E-1,2.927319288E0,9.255437851E0
1.363459948E1,4.525425732E-1,2.676073074E0,9.444471359E0
1.365483708E1,3.592225015E-1,2.499004126E0,9.363115311E0
1.367514234E1,-5.742774159E-2,2.731107950E0,9.324830055E0
1.369538375E1,-1.435693540E-2,2.881855726E0,9.265008926E0
1.371568500E1,3.807578981E-1,2.874677420E0,9.578767776E0
1.373592724E1,7.782655358E-1,2.503789902E0,1.068006516E1
1.375623510E1,3.735794425E-1,2.154138565E0,1.150588799E1
1.377650745E1,-2.488535494E-1,2.297708035E0,1.137189007E1
1.379677865E1,9.840483218E-2,2.439183474E0,1.049312592E1
1.381705318E1,6.849454641E-1,2.857927561E0,9.676874161E0
1.383733083E1,1.352842093E0,2.953640461E0,9.296115875E0
1.385756891E1,2.315355062E0,2.075175524E0,9.990333557E0
1.387785651E1,2.490031004E0,1.263410330E0,1.153220844E1
1.389811120E1,1.642672777E0,9.355936646E-1,1.235354519E1
1.391841693E1,5.772684813E-1,1.016949654E0,1.192971611E1
1.393865828E1,3.424727321E-1,1.368694544E0,1.054098225E1
1.395894531E1,1.022333503E0,1.689631939E0,8.836395264E0
1.397924016E1,1.510768414E0,1.933998942E0,7.668099403E0
1.399951260E1,1.460519075E0,2.142174482E0,7.459624767E0
1.401977984E1,9.242277741E-1,2.175673962E0,7.756633759E0
1.404013193E1,7.926224917E-2,2.039283037E0,8.032107353E0
1.406029391E1,-6.846463680E-1,1.926820397E0,7.888238907E0
1.408060422E1,-1.091725349E0,1.945963025E0,7.392625332E0
1.410087870E1,-1.005284667E0,2.146960020E0,7.021738052E0
1.412114865E1,-6.511468887E-1,2.470290184E0,7.141379356E0
1.414142068E1,-3.373879790E-1,2.728715181E0,7.656135082E0
1.416169146E1,-3.302095234E-1,2.867498875E0,7.823632717E0
1.418193406E1,-5.171487927E-1,3.075973511E0,7.706384659E0
1.420223714E1,-3.732803464E-1,3.327219963E0,7.852346420E0
1.422247849E1,1.031904742E-1,3.483052492E0,8.544470787E0
1.424278339E1,3.424727321E-1,3.542873144E0,9.477970123E0
1.426305807E1,4.764707983E-1,3.499802113E0,1.000947666E1
1.428332792E1,5.054837838E-2,3.648157120E0,9.999904633E0
1.430360115E1,-7.947162390E-1,3.774976730E0,1.011745262E1
1.432388068E1,-6.942176819E-1,3.624228954E0,1.071356392E1
1.434415521E1,2.395813614E-1,3.329612732E0,1.151545906E1
1.436442500E1,5.075774789E-1,3.162115097E0,1.208046436E1
1.438466797E1,1.199402362E-1,3.183650494E0,1.207328606E1
1.440497219E1,-9.095717072E-1,3.066402197E0,1.120678520E1
1.442520995E1,-2.178664923E0,2.951247692E0,1.096241760E1
1.444551432E1,-2.252842426E0,2.405385017E0,1.167129135E1
1.446577406E1,-1.113260746E0,2.120639086E0,1.210439205E1
1.448605964E1,-2.392822690E-2,2.491825581E0,1.187228870E1
1.450629948E1,1.278664589E0,2.683251381E0,1.110120201E1
1.452660828E1,2.336890459E0,2.609073877E0,9.865906715E0
1.454688292E1,2.238784790E0,2.683251381E0,9.114261627E0
1.456715219E1,1.501197100E0,2.556432009E0,9.674481392E0
1.458742943E1,1.388734460E0,2.053640127E0,1.039023399E1
1.460769719E1,1.798206210E0,1.797308922E0,1.041655540E1
1.462797037E1,2.169392824E0,1.665703654E0,9.231510162E0
1.464824776E1,1.925025821E0,1.833201289E0,7.490731239E0
1.466852359E1,1.321735382E0,2.101496458E0,6.341578007E0
1.468879240E1,7.734799385E-1,2.091925144E0,5.970690727E0
1.470906906E1,2.467598319E-1,2.149353027E0,6.430112839E0
1.472933953E1,-1.938186288E-1,2.292922258E0,7.024130821E0
1.474961594E1,-5.434698462E-1,2.470290184E0,7.143772125E0
1.476988516E1,-8.976075649E-1,2.731107950E0,7.016952515E0
1.479012333E1,-1.086939692E0,2.951247692E0,7.466803074E0
1.481043052E1,-7.803592682E-1,2.783750057E0,8.276175499E0
1.483067010E1,-1.914258152E-1,2.580360174E0,8.798110008E0
1.485097578E1,-1.579262912E-1,2.776571512E0,8.575576782E0
1.487121792E1,-5.072783828E-1,3.133401155E0,8.106285095E0
1.489152635E1,-3.182454109E-1,3.339184046E0,7.802097321E0
1.491179974E1,3.855435550E-1,3.396611691E0,8.194819450E0
1.493206797E1,1.144666553E0,3.013760090E0,9.291330338E0
1.495234359E1,1.601994753E0,2.499004126E0,1.031605625E1
1.497261885E1,1.671386600E0,2.379063845E0,1.166411304E1
1.499285380E1,1.731207132E0,2.814856768E0,1.251865005E1
1.501316073E1,2.470888376E0,2.924926519E0,1.257847023E1
1.503340036E1,3.244368315E0,2.929712296E0,1.192253780E1
1.505371026E1,3.332902908E0,2.905783892E0,1.108923721E1
1.507398047E1,2.837289333E0,2.671287298E0,1.155613708E1
1.509425531E1,2.344068766E0,2.008176327E0,1.246122169E1
1.511449417E1,1.824527264E0,1.639382601E0,1.241815090E1
1.513479667E1,1.443769336E0,1.756630898E0,1.125942707E1
1.515507344E1,1.192523003E0,1.945963025E0,9.518648148E0
1.517534875E1,1.077667475E0,2.190030813E0,8.221140862E0
1.519558823E1,1.606780410E0,2.106282234E0,7.881060600E0
1.521589083E1,2.044667006E0,2.000998020E0,7.940881252E0
1.523616771E1,1.714457393E0,1.943570137E0,8.022536278E0
1.525643786E1,4.788636267E-1,1.857129455E0,7.936095238E0
1.527668401E1,-5.243272781E-1,1.826022744E0,7.514958382E0
1.529694974E1,-4.235295951E-1,1.708774447E0,6.779763699E0
1.531722953E1,-7.178468257E-2,1.842772484E0,6.432505608E0
1.533749469E1,1.917249113E-1,2.235494614E0,7.043273449E0
1.535778859E1,4.334000051E-1,2.460718870E0,7.792526245E0
1.537807688E1,2.491526604E-1,2.589931488E0,8.010272980E0
1.539832542E1,-2.225325108E-1,2.927319288E0,7.751848221E0
1.541862531E1,-5.338985324E-1,3.104687452E0,7.761419296E0
1.543902531E1,-3.996013701E-1,3.095116138E0,8.597112656E0
1.545913458E1,-1.938186288E-1,3.145365477E0,9.516255379E0
1.547944224E1,-4.546363056E-1,3.523730516E0,1.001904774E1
1.549971479E1,-5.554339290E-1,3.839582920E0,1.009083176E1
1.551995266E1,-1.842473447E-1,3.691227913E0,1.029930687E1
1.554026255E1,-5.578267574E-1,3.332005501E0,1.105095196E1
1.556050406E1,-9.909276962E-1,3.080759048E0,1.167846966E1
1.558080490E1,-7.157530785E-1,2.853141785E0,1.160638618E1
1.560104740E1,-5.386841893E-1,2.970689297E0,1.084756279E1
1.562131943E1,-3.158525825E-1,2.872284412E0,1.056730270E1
1.564163099E1,-3.948157430E-1,2.702394009E0,1.115892887E1
1.566190026E1,-1.053440213E0,2.494218588E0,1.203500080E1
1.568217073E1,-1.498505235E0,2.089532375E0,1.194168091E1
1.570244734E1,-1.491326690E0,1.852343798E0,1.100309563E1
1.572271964E1,-6.535396576E-1,1.847558141E0,1.034477043E1
1.574295964E1,2.467598319E-1,1.782951951E0,1.034477043E1
1.576326667E1,4.836492836E-1,1.799701691E0,1.030887794E1
1.578366667E1,3.687937856E-1,1.672882080E0,1.017248726E1
1.580378219E1,2.108674943E-1,1.505384564E0,9.700801849E0
1.582408714E1,4.046861231E-1,1.558026671E0,9.018249512E0
1.584432328E1,5.724828243E-1,1.699203134E0,8.154141426E0
1.586462823E1,2.419741899E-1,1.837986946E0,7.473981380E0
1.588490172E1,-3.110669553E-1,1.960319996E0,7.076773167E0
1.590517693E1,-7.037889361E-1,2.032104731E0,7.007380962E0
1.592545193E1,-6.128616929E-1,1.926820397E0,6.964011192E0
1.594568995E1,-3.828516304E-1,1.876272082E0,6.533303261E0
1.596599391E1,-6.822535396E-1,2.264208317E0,5.879464149E0
1.598623370E1,-1.010070205E0,2.704786777E0,5.680860043E0
1.600650599E1,-1.120439172E0,2.920140982E0,6.727121830E0
1.602678089E1,-7.468597889E-1,2.987439156E0,8.312067986E0
1.604708557E1,-6.176473498E-1,3.049652576E0,9.901799202E0
1.606733042E1,-1.244866014E0,3.217149973E0,1.083081245E1
1.608763505E1,-1.762014747E0,3.389433384E0,1.081167030E1
1.610790250E1,-1.438684583E0,3.470789194E0,1.018923664E1
1.612817688E1,-8.521439433E-1,3.334398270E0,1.021795082E1
1.614845469E1,-4.091726840E-1,2.924926519E0,1.101266670E1
1.616872672E1,-6.439684033E-1,2.609073877E0,1.184118176E1
1.618896453E1,-1.491326690E0,2.642573595E0,1.184357452E1
1.620927453E1,-1.515254974E0,2.606681108E0,1.086191940E1
1.622954432E1,-5.530411601E-1,2.506182671E0,1.006690407E1
1.624978188E1,3.113660514E-1,2.278565407E0,1.004297543E1
1.627009427E1,6.011967063E-1,2.096710920E0,1.118046379E1
1.629036287E1,1.003190875E0,1.761416554E0,1.275344563E1
1.631063776E1,1.283450246E0,1.464706540E0,1.287069416E1
1.633087458E1,1.192523003E0,1.435992718E0,1.186750317E1
1.635117984E1,1.202094316E0,1.363908887E0,1.029452133E1
1.637142021E1,1.654636860E0,1.467099428E0,9.186046600E0
1.639173151E1,1.865205288E0,1.682453394E0,8.850751877E0
1.641200406E1,1.474876046E0,1.756630898E0,8.984749794E0
1.643227474E1,7.686942816E-1,1.689631939E0,9.329615593E0
1.645255162E1,3.305086195E-1,1.620239973E0,9.300901413E0
1.647282260E1,2.730808854E-1,1.646561027E0,8.656932831E0
1.649306000E1,3.065803945E-1,1.763809443E0,7.773383617E0
1.651336667E1,4.094717801E-1,1.914856315E0,6.988238335E0
1.653364281E1,4.262215197E-1,2.249851465E0,6.636194706E0
1.655390969E1,6.466603279E-1,2.458326101E0,6.940083027E0
1.657415135E1,8.309076428E-1,2.491825581E0,7.148557663E0
1.659445708E1,5.509474277E-1,2.733500719E0,6.796513557E0
1.661473021E1,2.563311160E-1,3.016152859E0,6.535696030E0
1.663500328E1,2.252244353E-1,3.111865759E0,6.741478920E0
1.665524281E1,1.438684613E-1,3.068794966E0,7.505387306E0
1.667551958E1,-1.124626622E-1,3.047259569E0,8.743074417E0
1.669582521E1,-2.608176768E-1,3.116651535E0,9.669695854E0
1.671609177E1,-4.929214716E-1,3.248256683E0,9.803693771E0
1.673633646E1,-7.229315639E-1,3.396611691E0,9.444471359E0
1.675663870E1,-7.516453862E-1,3.442075491E0,9.758230209E0
1.677688417E1,-5.673980713E-1,3.406183004E0,1.100788116E1
1.679719568E1,-3.613162339E-1,3.291327477E0,1.234397411E1
1.681746135E1,-3.828516304E-1,3.205185890E0,1.255932808E1
1.683773260E1,-6.224330068E-1,3.133401155E0,1.241815090E1
1.685797521E1,-2.823530734E-1,2.644966364E0,1.295683575E1
1.687824901E1,-7.178467698E-3,1.919641972E0,1.360798264E1
1.689851906E1,-1.363908947E-1,1.409671664E0,1.331605816E1
1.691882182E1,-4.426721931E-1,1.256231904E0,1.169521999E1
1.693910167E1,-2.225325108E-1,1.366301775E0,9.964012146E0
1.695933979E1,2.371885478E-1,1.347159147E0,9.494720459E0
1.697964880E1,2.874378264E-1,1.378265858E0,9.935298920E0
1.699991714E1,2.228316069E-1,1.246660590E0,9.849157333E0
1.702019125E1,2.682952285E-1,1.277767301E0,9.085547447E0
1.704044583E1,3.568296731E-1,1.390229940E0,8.331210136E0
1.706070823E1,1.797607988E-1,1.457528114E0,7.852346420E0
1.708101276E1,-2.416750938E-1,1.548455358E0,7.773383617E0
1.710128599E1,-4.905286431E-1,1.636989832E0,7.713562965E0
1.712155745E1,-3.302095234E-1,1.706381679E0,7.598707199E0
1.714180604E1,-1.435693651E-1,1.904985905E0,7.541279793E0
1.716206870E1,1.226321608E-2,2.099103689E0,7.627421379E0
1.718234412E1,-1.028913707E-1,2.228316069E0,7.514958382E0
1.720265234E1,-4.474578202E-1,2.321636200E0,7.028916359E0
1.722292578E1,-4.235295951E-1,2.386242390E0,7.244270325E0
1.724316656E1,1.226321608E-2,2.510968208E0,8.707182884E0
1.726347229E1,3.831507266E-1,2.510968208E0,1.015573788E1
1.728373917E1,2.180459648E-1,2.561217546E0,1.049791145E1
1.730402078E1,-6.080760360E-1,2.755036116E0,9.995119095E0
1.732428635E1,-1.197009563E0,2.951247692E0,9.703194618E0
1.734453078E1,-8.928219676E-1,2.951247692E0,9.937691689E0
1.736483724E1,2.300100774E-1,2.826820850E0,1.074227810E1
1.738507844E1,1.142273664E0,2.568396091E0,1.210199928E1
1.740538151E1,4.429712892E-1,2.424527645E0,1.218126202E1
1.742562130E1,-4.522434771E-1,2.707179785E0,1.059840965E1
1.744589255E1,-2.632104978E-2,2.723929405E0,9.396614075E0
1.746617031E1,5.461617708E-1,2.635395050E0,1.001904774E1
1.748643745E1,2.635096014E-1,2.271386862E0,1.200150108E1
1.750674599E1,-7.178468257E-2,1.464706540E0,1.374706554E1
1.752702089E1,-8.614161611E-2,7.414759398E-1,1.352184105E1
1.754729406E1,2.183450572E-2,5.979065299E-1,1.185553932E1
1.756753062E1,4.692923427E-1,9.020941257E-1,9.865906715E0
1.758780427E1,1.331306696E0,1.179661512E0,8.498707771E0
1.760811255E1,1.939382792E0,1.426421404E0,7.904988766E0
1.762834969E1,1.793420553E0,1.479063511E0,7.727920055E0
1.764865917E1,7.208378315E-1,1.548455358E0,7.692027569E0
1.766889438E1,-5.482555032E-1,1.447956800E0,7.806882858E0
1.768920406E1,-1.156331539E0,1.182054400E0,8.130212784E0
1.770944286E1,-1.386042476E0,1.222732425E0,8.127820015E0
1.772975000E1,-9.574281573E-1,1.500598907E0,7.821239948E0
1.774998870E1,-1.698904037E-1,1.919641972E0,7.821239948E0
1.777029833E1,-2.129612118E-1,2.398206472E0,7.723134041E0
1.779055052E1,-7.181459069E-1,2.661715984E0,7.363911629E0
1.781083833E1,-1.002891779E0,2.745464802E0,6.949654102E0
1.783111745E1,-8.330013752E-1,2.917748213E0,6.696014881E0
1.785138875E1,-6.008976102E-1,3.145365477E0,6.892226696E0
1.787163104E1,2.422732860E-2,3.291327477E0,7.567600727E0
1.789193490E1,5.700899959E-1,3.367897987E0,8.664112091E0
1.791217323E1,3.927220106E-1,3.413361549E0,9.770194054E0
1.793248052E1,-3.373879790E-1,3.439682484E0,1.060319519E1
1.795272016E1,-9.981061220E-1,3.355933666E0,1.093848991E1
1.797302266E1,-1.232901812E0,3.317648649E0,1.087866879E1
1.799330099E1,-9.143573642E-1,3.303291559E0,1.064417267E1
1.801357266E1,-4.905286431E-1,3.432504177E0,1.046441174E1
1.803384870E1,-5.024927258E-1,3.643371582E0,1.054337502E1
1.805408318E1,-7.995018363E-1,3.676871061E0,1.072552872E1
1.807436000E1,-7.277171612E-1,3.470789194E0,1.105573750E1
1.809466062E1,-4.689932466E-1,3.059223652E0,1.233918858E1
1.811493672E1,-4.522434771E-1,2.628216505E0,1.378056431E1
1.813521005E1,-5.434698462E-1,2.046461582E0,1.373749352E1
1.815548292E1,-4.426721931E-1,1.749452472E0,1.200628662E1
1.817572219E1,-5.024927482E-2,1.840379715E0,1.016530895E1
1.819599724E1,5.003990531E-1,1.941177368E0,9.157332420E0
1.821630078E1,7.256234884E-1,1.945963025E0,9.159725189E0
1.823654417E1,3.927220106E-1,1.828415632E0,9.691230774E0
1.825681401E1,-5.503492057E-2,1.586740494E0,9.753444672E0
1.827713005E1,-8.135596663E-2,1.479063511E0,9.078369141E0
1.829739719E1,2.084746659E-1,1.450349569E0,7.950452328E0
1.831766510E1,5.676971674E-1,1.632204175E0,7.112665176E0
1.833793912E1,4.597210586E-1,2.027318954E0,7.067201614E0
1.835818490E1,-2.105683982E-1,2.292922258E0,7.699205875E0
1.837845412E1,-6.128616929E-1,2.328814745E0,8.218747139E0
1.839875641E1,-3.493520916E-1,2.446362019E0,8.072785378E0
1.841899922E1,2.970091105E-1,2.762214661E0,7.464410305E0
1.843937510E1,6.131607890E-1,3.011367321E0,7.081558704E0
1.845958026E1,2.611167729E-1,3.145365477E0,7.558029652E0
1.847985177E1,-2.799602449E-1,3.013760090E0,8.441280365E0
1.850012656E1,-7.277171612E-1,3.011367321E0,8.929715157E0
1.852036385E1,-7.253243923E-1,3.255435228E0,8.922536850E0
1.854067135E1,-4.187439680E-1,3.497409344E0,8.903393745E0
1.856094625E1,-3.397808075E-1,3.554837227E0,9.336793900E0
1.858121604E1,-3.684946895E-1,3.308077335E0,1.025623608E1
1.860148651E1,-2.703889608E-1,2.812463999E0,1.148913765E1
1.862176406E1,-2.871387079E-2,2.534896374E0,1.226740360E1
1.864203844E1,4.525425732E-1,2.525325298E0,1.145803165E1
1.866227677E1,5.294120312E-1,2.939283609E0,1.041894817E1
1.868258526E1,1.271187067E-1,3.214757204E0,1.037348461E1
1.870286432E1,-3.828516230E-2,2.786142826E0,1.118764210E1
1.872309281E1,1.725823283E-1,2.240280151E0,1.189861012E1
1.874336573E1,7.734799385E-1,1.936391711E0,1.202064323E1
1.876363958E1,1.374377489E0,1.909771562E0,1.127617645E1
1.878391318E1,1.726421595E0,1.890628934E0,9.700801849E0
1.880418604E1,1.460519075E0,2.070389748E0,8.510671616E0
1.882449656E1,1.072881818E0,2.249851465E0,8.134998322E0
1.884473292E1,7.040880919E-1,2.302493572E0,8.343173981E0
1.886504125E1,1.989033818E-1,2.285743713E0,8.319246292E0
1.888527813E1,-2.201396823E-1,2.254637241E0,8.154141426E0
1.890558203E1,-3.541377485E-1,2.249851465E0,7.895417213E0
1.892585828E1,-8.374879509E-2,2.213959217E0,7.416553974E0
1.894613240E1,2.228316069E-1,2.350350142E0,7.330412388E0
1.896640589E1,-2.392822644E-3,2.769393206E0,7.713562965E0
1.898667880E1,-6.678966284E-1,3.157329559E0,7.967202187E0
1.900691630E1,-1.144367456E0,3.399004459E0,8.180462837E0
1.902722333E1,-1.419542074E0,3.672085524E0,8.060821533E0
1.904746380E1,-1.453041553E0,3.920938969E0,7.433303356E0
1.906776833E1,-1.268794179E0,4.014558315E0,7.095915318E0
1.908800875E1,-1.082154036E0,4.014558315E0,7.387839794E0
1.910831578E1,-1.084546804E0,3.894618034E0,8.233104706E0
1.912855578E1,-1.546361685E0,3.968795538E0,9.178867340E0
1.914885948E1,-1.872084618E0,3.968795538E0,9.739087105E0
1.916910339E1,-1.769193292E0,4.033700943E0,1.024905777E1
1.918937484E1,-8.449655175E-1,3.863511324E0,1.075184917E1
1.920968203E1,-1.172483116E-1,3.602693558E0,1.172632694E1
1.922995552E1,-6.846463680E-1,3.231507063E0,1.274148178E1
1.925023016E1,-2.142772675E0,2.934497833E0,1.271994591E1
1.927046458E1,-3.385245800E0,2.910569668E0,1.187707424E1
1.929077328E1,-3.301496983E0,3.097508907E0,1.165693474E1
1.931104589E1,-2.530410051E0,3.004188776E0,1.205414295E1
1.933132188E1,-1.778764486E0,2.585145712E0,1.164227867E1
1.935159297E1,-1.649552107E0,2.362314224E0,1.010070229E1
1.937183313E1,-1.773978829E0,2.546860695E0,8.723932266E0
1.939213964E1,-1.592124343E0,2.577967405E0,8.139784813E0
1.941237656E1,-1.409970760E0,2.570788860E0,7.936095238E0
1.943267760E1,-1.204187989E0,2.747857809E0,8.111070633E0
1.945292188E1,-7.277171612E-1,2.666501760E0,8.520243645E0
1.947323037E1,-6.343970895E-1,2.618645191E0,8.115856171E0
1.949350365E1,-1.082154036E0,2.841177702E0,7.174878597E0
1.951377760E1,-1.443470240E0,3.090330362E0,6.466304302E0
1.953401990E1,-1.041476011E0,3.008974552E0,6.310471535E0
1.955432406E1,-3.086741269E-1,2.889034271E0,6.856334209E0
1.957456188E1,-1.722832322E-1,3.016152859E0,7.531708241E0
1.959486896E1,-7.061817646E-1,3.176471949E0,7.512565613E0
1.961514276E1,-1.077368379E0,3.332005501E0,7.098308563E0
1.963541734E1,-9.957132936E-1,3.399004459E0,7.270591736E0
1.965565198E1,-5.745765567E-1,3.442075491E0,7.830811024E0
1.967596234E1,-3.493520916E-1,3.528516054E0,8.381459236E0
1.969619984E1,-2.727817893E-1,3.533301830E0,8.944071770E0
1.971649662E1,-4.737788737E-1,3.540480137E0,9.593125343E0
1.973674604E1,-9.454640746E-1,3.652942896E0,9.901799202E0
1.975705901E1,-8.856434822E-1,3.686442375E0,1.028734303E1
1.977729625E1,-6.939185411E-2,3.509373426E0,1.098395348E1
1.979758922E1,8.117650747E-1,3.346362352E0,1.148913765E1
1.981787099E1,7.256234884E-1,3.446861029E0,1.130010509E1
1.983812036E1,-3.804588020E-1,3.985545158E0,1.097916794E1
1.985838240E1,-6.822535396E-1,4.138985157E0,1.066810036E1
1.987867484E1,-1.387837082E-1,3.717549086E0,1.048594666E1
1.989896563E1,3.472583890E-1,3.444468260E0,1.051705360E1
1.991923365E1,1.019940615E0,3.071187973E0,1.044766140E1
1.993951167E1,1.465304732E0,2.743072033E0,1.012223816E1
1.995977984E1,1.345663667E0,2.599502802E0,9.655338287E0
1.998002688E1,1.094417214E0,2.355135679E0,9.322437286E0
2.000032766E1,7.878368497E-1,2.376671076E0,9.468399048E0
2.002056766E1,6.059823632E-1,2.522932291E0,9.576375008E0
2.004088005E1,8.931210637E-1,2.616252422E0,9.027820587E0
2.006111250E1,1.360020518E0,2.752643347E0,8.331210136E0
2.008142240E1,1.685743570E0,2.767000198E0,8.163712502E0
2.010166276E1,1.197308660E0,2.673680305E0,8.393424034E0
2.012193146E1,1.845464408E-1,2.575574398E0,8.414958954E0
2.014223813E1,-4.618147612E-1,2.508575439E0,7.864310741E0
2.016250844E1,-7.899305820E-1,2.759821892E0,7.232306480E0
2.018275484E1,-6.631109715E-1,3.059223652E0,6.844369888E0
2.020304688E1,-4.211367965E-1,3.358326674E0,6.748657227E0
2.022333573E1,-4.713860750E-1,3.602693558E0,6.746264458E0
2.024357193E1,-7.444669604E-1,3.731905937E0,6.911369324E0
2.026384401E1,-9.646066427E-1,3.791726589E0,7.002595425E0
2.028414818E1,-9.167501926E-1,4.038486481E0,6.949654102E0
2.030439620E1,-2.153540403E-1,4.284946918E0,7.373483181E0
2.032469823E1,9.050851464E-1,4.335196495E0,8.056035995E0
2.034493662E1,8.931210637E-1,4.526921272E0,8.573184013E0
2.036523943E1,1.749751568E-1,4.677669048E0,9.461220741E0
2.038551958E1,-3.062812984E-1,4.581956387E0,1.020837975E1
2.040579287E1,-3.613162339E-1,4.534099579E0,1.075424194E1
2.042602854E1,2.084746659E-1,4.275375843E0,1.163510036E1
2.044630245E1,4.932205677E-1,3.961616993E0,1.228654575E1
2.046657516E1,1.465603895E-2,3.973581076E0,1.166172028E1
2.048688380E1,-6.391827464E-1,3.983152390E0,1.037587738E1
2.050715766E1,-1.264008522E0,4.287340164E0,1.008365345E1
2.052739287E1,-9.957132936E-1,4.184448719E0,1.128335476E1
2.054766635E1,-3.828516230E-2,3.487838030E0,1.213549900E1
2.056797776E1,2.132603228E-1,3.128615618E0,1.132881927E1
2.058821688E1,3.619144112E-2,3.075973511E0,9.506684303E0
2.060852318E1,4.525425732E-1,3.092723370E0,8.391031265E0
2.062879630E1,1.233201027E0,2.817249537E0,8.575576782E0
2.064906906E1,1.369591832E0,2.716751099E0,9.372686386E0
2.066930776E1,1.211665511E0,2.515753984E0,9.880263329E0
2.068961177E1,9.505487680E-1,2.268994093E0,9.399007797E0
2.070985260E1,7.304090858E-1,2.149353027E0,8.314460754E0
2.073015396E1,5.772684813E-1,2.101496458E0,7.546065331E0
2.075040214E1,2.898306549E-1,2.115853310E0,7.615457058E0
2.077070151E1,-2.321037948E-1,2.273779631E0,7.916952610E0
2.079098042E1,-6.870391965E-1,2.439183474E0,7.804490089E0
2.081125057E1,-6.415755749E-1,2.668894529E0,7.339983463E0
2.083152474E1,-5.530411601E-1,3.006581545E0,6.839584351E0
2.085176464E1,-1.579262912E-1,3.147758245E0,6.672086716E0
2.087203589E1,2.392822644E-3,3.157329559E0,6.993024349E0
2.089234281E1,-4.307080805E-1,3.219542980E0,7.885846138E0
2.091258078E1,-6.822535396E-1,3.279363394E0,9.085547447E0
2.093288531E1,-7.420741320E-1,3.430111170E0,9.734301567E0
2.095315984E1,-9.119645357E-1,3.837190151E0,9.918548584E0
2.097343479E1,-8.545367718E-1,4.040879250E0,1.014138031E1
2.099371078E1,-5.072783828E-1,3.904189348E0,1.012702370E1
2.101397766E1,-1.411765367E-1,3.619443417E0,1.030648518E1
2.103425745E1,2.108674943E-1,3.226721287E0,1.069442177E1
2.105452823E1,3.448655605E-1,3.023331404E0,1.101266670E1
2.107476719E1,5.485545993E-1,2.941676378E0,1.093609715E1
2.109507177E1,1.621137381E0,2.951247692E0,1.076620674E1
2.111531365E1,2.229213476E0,2.965903759E0,1.008843899E1
2.113558484E1,1.661815286E0,2.692822695E0,9.724730492E0
2.115585802E1,1.075274706E0,2.240280151E0,1.167129135E1
2.117616401E1,9.002995491E-1,1.452742457E0,1.436471272E1
2.119640552E1,5.988038778E-1,1.103091240E0,1.478136253E1
2.121670635E1,5.461617708E-1,1.172483087E0,1.320329666E1
2.123697167E1,1.206879973E0,1.457528114E0,1.097677517E1
2.125725781E1,2.135893345E0,1.744666815E0,9.403793335E0
2.127750984E1,2.432603359E0,1.878664851E0,8.510671616E0
2.129780500E1,2.145464659E0,1.799701691E0,8.012665749E0
2.131808568E1,1.561017632E0,1.687239051E0,7.454838753E0
2.133835292E1,7.734799385E-1,1.699203134E0,6.880262375E0
2.135859396E1,4.815555736E-2,1.833201289E0,6.619444847E0
2.137889375E1,-2.799602449E-1,1.950748682E0,6.379863262E0
2.139916526E1,-3.302095234E-1,2.084746838E0,6.042475224E0
2.141944271E1,-2.751746178E-1,2.285743713E0,5.364708424E0
2.143977859E1,-1.770688742E-1,2.532503605E0,4.835595608E0
2.145998771E1,-2.727817893E-1,2.891427040E0,5.788537025E0
2.148026297E1,-2.512463629E-1,3.056830883E0,8.237890244E0
2.150049885E1,9.840483218E-2,3.114258766E0,9.832406998E0
2.152080495E1,1.941177398E-1,3.483052492E0,9.533005714E0
2.154108078E1,3.376871049E-1,3.937688828E0,8.953642845E0
2.156135594E1,5.605186820E-1,3.930510283E0,9.554540634E0
2.158162604E1,3.257229924E-1,3.940081596E0,1.072552872E1
2.160189943E1,-1.507478207E-1,4.112663746E0,1.134317589E1
2.162214073E1,-3.302095234E-1,4.186841488E0,1.120917797E1
2.164241771E1,-5.024927482E-2,4.067200184E0,1.144128132E1
2.166268401E1,-3.110669367E-2,3.949652910E0,1.155852985E1
2.168298990E1,-7.468597889E-1,4.091128349E0,1.056969547E1
2.170323781E1,-1.204187989E0,4.284946918E0,9.652945518E0
2.172354130E1,-5.434698462E-1,4.100699902E0,1.061037350E1
2.174381281E1,1.000798106E0,3.360719442E0,1.280848026E1
2.176408620E1,1.441376567E0,2.786142826E0,1.350509071E1
2.178435912E1,9.768698215E-1,2.266601324E0,1.195125198E1
2.180460495E1,3.448655605E-1,1.967498422E0,9.743872643E0
2.182489958E1,-2.344966233E-1,1.979462504E0,8.970393181E0
2.184514234E1,-5.243272781E-1,2.139781713E0,9.475577354E0
2.186541594E1,-5.195416212E-1,2.237887383E0,1.017248726E1
2.188572000E1,-3.373879790E-1,2.182852507E0,1.016291618E1
2.190599760E1,-3.828516230E-2,2.003390789E0,9.150154114E0
2.192627104E1,-2.177468538E-1,1.861915112E0,8.254639626E0
2.194654292E1,-6.750751138E-1,1.770987868E0,7.821239948E0
2.196681276E1,-6.846463680E-1,1.708774447E0,7.854739666E0
2.198708448E1,-2.943171859E-1,1.842772484E0,8.194819450E0
2.200735964E1,2.874378264E-1,2.000998020E0,8.187641144E0
2.202763682E1,5.485545993E-1,2.139781713E0,7.392625332E0
2.204787245E1,2.252244353E-1,2.443969250E0,6.166902065E0
2.206814688E1,-1.028913707E-1,2.711965322E0,5.944369793E0
2.208845177E1,-2.799602449E-1,2.900998354E0,6.889833927E0
2.210869047E1,-4.546362907E-2,3.020938635E0,8.290532112E0
2.212896396E1,3.379862010E-2,3.145365477E0,9.772586823E0
2.214927286E1,-4.666004181E-1,3.269792080E0,1.026580715E1
2.216951052E1,-7.779664397E-1,3.458825111E0,9.698409081E0
2.218978323E1,-2.775674164E-1,3.844368696E0,9.056833267E0
2.221005677E1,4.621138871E-1,4.007379532E0,9.276973724E0
2.223036292E1,7.567301393E-1,3.712763548E0,1.028016472E1
2.225060505E1,7.256234884E-1,3.087937593E0,1.121396351E1
2.227087776E1,8.452646136E-1,2.831606388E0,1.083081245E1
2.229114792E1,1.606780410E0,3.107080221E0,1.010788059E1
2.231145234E1,2.710469961E0,3.253042459E0,1.018923664E1
2.233172755E1,2.736790895E0,3.087937593E0,1.094566822E1
2.235200703E1,1.752742529E0,2.563610315E0,1.253539944E1
2.237227406E1,1.218844056E0,1.866700768E0,1.299751377E1
2.239251495E1,9.888339639E-1,1.653739572E0,1.164467144E1
2.241278964E1,1.221236825E0,1.871486425E0,9.983155251E0
2.243309620E1,1.429412484E0,2.271386862E0,8.800502777E0
2.245333573E1,1.211665511E0,2.621038198E0,8.431708336E0
2.247360932E1,1.168594718E0,2.453540564E0,8.154141426E0
2.249391542E1,1.123131156E0,2.170888424E0,7.438089371E0
2.251415396E1,5.844469070E-1,2.280958176E0,7.019345284E0
2.253445979E1,-3.661018610E-1,2.843570709E0,7.926524162E0
2.255473599E1,-1.244267747E-1,2.774178743E0,8.369495392E0
2.257497323E1,6.586244106E-1,2.697608471E0,8.264211655E0
2.259527828E1,6.634100676E-1,3.001796007E0,7.220342159E0
2.261555417E1,1.654038578E-1,3.413361549E0,6.459125519E0
2.263582833E1,-1.938186288E-1,3.607479334E0,6.631408691E0
2.265609745E1,-1.794617027E-1,3.626621723E0,7.050451756E0
2.267636932E1,-1.746760458E-1,3.911367655E0,7.019345284E0
2.269664620E1,-4.785645381E-2,4.292125702E0,7.158128738E0
2.271691292E1,2.204387933E-1,4.438087940E0,8.075178146E0
2.273715859E1,-8.135596663E-2,4.488337040E0,9.253045082E0
2.275745568E1,-5.793621540E-1,4.526921272E0,9.978369713E0
2.277770182E1,-7.205387354E-1,4.550849438E0,9.901799202E0
2.279800484E1,-5.072783828E-1,4.519742966E0,9.940084457E0
2.281828219E1,-3.278166950E-1,4.464408875E0,1.078534889E1
2.283868219E1,7.926224917E-2,4.313661098E0,1.161595726E1
2.285883000E1,3.209373355E-1,4.210769653E0,1.148913765E1
2.287909995E1,1.414756328E-1,4.028914928E0,1.100309563E1
2.289934000E1,-2.895315289E-1,3.920938969E0,1.170957661E1
2.291964703E1,-4.402793646E-1,3.444468260E0,1.338066387E1
2.293989344E1,-4.905286431E-1,2.867498875E0,1.391934872E1
2.296019120E1,-6.104688644E-1,2.520539522E0,1.258325577E1
2.298047135E1,-5.434698462E-1,2.561217546E0,1.034237766E1
2.300073865E1,-2.440679073E-1,2.759821892E0,8.958429337E0
2.302098120E1,-3.326023519E-1,2.968296528E0,8.539685249E0
2.304125859E1,-3.302095234E-1,2.862713099E0,8.630612373E0
2.306152479E1,-1.316052526E-1,2.570788860E0,8.465208054E0
2.308179760E1,-7.417750359E-2,2.451147795E0,8.257032394E0
2.310210865E1,-2.392822690E-2,2.259422779E0,7.993523121E0
2.312238203E1,7.208377868E-2,2.032104731E0,7.522137165E0
2.314262078E1,8.883354068E-2,2.067996979E0,7.014559746E0
2.316292568E1,1.079761237E-1,2.154138565E0,6.949654102E0
2.318316714E1,2.060818523E-1,2.237887383E0,6.976274490E0
2.320348141E1,1.127617657E-1,2.465504646E0,6.777370930E0
2.322371078E1,-9.092725813E-2,2.697608471E0,6.305685997E0
2.324402083E1,-1.674975902E-1,2.939283609E0,6.008975983E0
2.326425578E1,-1.579262912E-1,3.291327477E0,6.801299095E0
2.328452859E1,-1.100698411E-1,3.332005501E0,8.091927528E0
2.330481214E1,-1.244267747E-1,3.339184046E0,9.415757179E0
2.332511010E1,-3.014956415E-1,3.523730516E0,1.039980507E1
2.334535188E1,-2.440679073E-1,3.545265913E0,1.078295612E1
2.336562167E1,-1.938186288E-1,3.710370541E0,1.068006516E1
2.338592760E1,-1.435693651E-1,3.722334623E0,1.072552872E1
2.340620271E1,-3.349951655E-2,3.559622765E0,1.125464153E1
2.342644323E1,2.228316069E-1,3.410968781E0,1.199671555E1
2.344675104E1,6.323033571E-1,3.190829039E0,1.194168091E1
2.346698609E1,1.015154958E0,3.023331404E0,1.099113178E1
2.348728979E1,1.089631557E0,2.896212816E0,1.034237766E1
2.350756839E1,1.163809061E0,2.549253464E0,1.058883858E1
2.352784042E1,1.455733418E0,2.072782516E0,1.154895878E1
2.354808422E1,1.324128270E0,1.802094579E0,1.212832069E1
2.356838479E1,1.135095239E0,1.663310885E0,1.118285656E1
2.358862781E1,1.498804331E0,1.613061547E0,9.241081238E0
2.360892682E1,2.322533369E0,1.854736686E0,7.363911629E0
2.362917297E1,2.248355865E0,2.259422779E0,6.844369888E0
2.364948104E1,1.599601984E0,2.362314224E0,7.979166031E0
2.366971776E1,1.211665511E0,2.151745796E0,9.109476089E0
2.369001958E1,7.998009920E-1,2.132603168E0,9.229117393E0
2.371026370E1,2.898306549E-1,2.288136721E0,8.393424034E0
2.373056807E1,-2.392822644E-3,2.398206472E0,7.318448067E0
2.375080964E1,-2.416750938E-1,2.546860695E0,7.079165936E0
2.377110995E1,-4.067798331E-2,2.621038198E0,7.148557663E0
2.379136068E1,1.797607988E-1,2.731107950E0,7.284948349E0
2.381166370E1,2.682952285E-1,2.939283609E0,7.313662529E0
2.383190781E1,2.300100774E-1,3.152543783E0,6.942475796E0
2.385220792E1,1.319043487E-1,3.446861029E0,6.988238335E0
2.387245068E1,1.199402362E-1,3.545265913E0,7.976773262E0
2.389275432E1,2.994019389E-1,3.636193037E0,9.372686386E0
2.391303219E1,6.155536175E-1,3.734298944E0,1.028016472E1
2.393326760E1,4.142574072E-1,3.825226068E0,1.026341438E1
2.395354287E1,9.122636169E-2,3.983152390E0,9.727123260E0
2.397381479E1,1.414756328E-1,4.069592953E0,9.696016312E0
2.399408635E1,4.022932947E-1,3.985545158E0,1.035194874E1
2.401435979E1,6.681957245E-1,3.861118555E0,1.158245754E1
2.403463177E1,5.051847100E-1,3.559622765E0,1.187228870E1
2.405490578E1,-5.315057039E-1,3.444468260E0,1.052662468E1
2.407520953E1,-1.240080357E0,3.408575773E0,9.492327690E0
2.409548984E1,-1.273579836E0,3.504587889E0,9.985548019E0
2.411572745E1,-7.683951855E-1,3.320041418E0,1.143171024E1
2.413602865E1,1.079761237E-1,2.824428082E0,1.198235893E1
2.415630479E1,6.634100676E-1,2.340778828E0,1.114457130E1
2.417657792E1,3.951148391E-1,1.965105653E0,9.837192535E0
2.419685354E1,-3.565305769E-1,1.713560104E0,9.260223389E0
2.421712672E1,-9.837492108E-1,1.672882080E0,9.353543282E0
2.423738375E1,-9.023932219E-1,2.051247120E0,9.303294182E0
2.425766599E1,2.252244353E-1,2.352742910E0,8.920144081E0
2.427793484E1,1.360020518E0,2.532503605E0,8.953642845E0
2.429819005E1,1.496411443E0,2.642573595E0,8.489136696E0
2.431847750E1,8.739784956E-1,2.446362019E0,7.586743355E0
2.433876469E1,5.533402413E-2,2.359921217E0,6.918547630E0
2.435901047E1,-2.225325108E-1,2.386242390E0,6.993024349E0
2.437927797E1,4.097708687E-2,2.434397936E0,7.718348503E0
2.439958589E1,2.515454888E-1,2.417349100E0,7.952845097E0
2.441985427E1,2.012962103E-1,2.479861498E0,7.541279793E0
2.444014005E1,-4.953143001E-1,2.606681108E0,7.119843960E0
2.446040307E1,-8.641080856E-1,2.635395050E0,7.282555580E0
2.448067854E1,-7.899305820E-1,2.647359133E0,8.671290398E0
2.450091406E1,-3.900300860E-1,2.666501760E0,9.672088623E0
2.452122458E1,-1.124626622E-1,2.814856768E0,9.849157333E0
2.454149656E1,-2.775674164E-1,3.085544825E0,1.023948669E1
2.456176563E1,-5.530411601E-1,3.188436270E0,1.079013443E1
2.458200698E1,-3.493520916E-1,2.929712296E0,1.117089272E1
2.460231380E1,4.453641176E-1,2.386242390E0,1.146520996E1
2.462258828E1,1.211665511E0,1.893021822E0,1.192971611E1
2.464286057E1,1.455733418E0,1.739881158E0,1.203978634E1
2.466313458E1,1.348056436E0,1.780559182E0,1.120439243E1
2.468337240E1,1.410269856E0,1.823629975E0,1.047876835E1
2.470368703E1,1.604387641E0,1.754238129E0,1.042134094E1
2.472391625E1,1.941775560E0,1.177268744E0,1.097438240E1
2.474422302E1,1.496411443E0,8.539385796E-1,1.216182041E1
2.476446604E1,7.663014531E-1,7.175477147E-1,1.286112213E1
2.478477469E1,7.591229677E-1,6.074778438E-1,1.212353516E1
2.480500865E1,1.273878932E0,1.045663476E0,1.058883858E1
2.482532109E1,1.898704767E0,1.500598907E0,9.059226990E0
2.484555568E1,2.250748873E0,1.809273005E0,7.924131393E0
2.486583427E1,2.269891262E0,1.962712765E0,7.550850868E0
2.488610188E1,1.872383714E0,1.922034740E0,7.538887024E0
2.490641104E1,1.003190875E0,1.804487348E0,7.668099403E0
2.492668448E1,1.749751568E-1,1.751845241E0,7.727920055E0
2.494692312E1,-9.571290761E-2,1.715952992E0,7.603493214E0
2.496719688E1,-8.614161611E-2,1.878664851E0,7.213163853E0
2.498746917E1,1.944168471E-2,2.242672920E0,6.633801460E0
2.500774250E1,8.404789865E-2,2.556432009E0,6.717550278E0
2.502801349E1,6.729813665E-2,2.774178743E0,7.143772125E0
2.504828714E1,-7.178468257E-2,2.994617462E0,7.402196884E0
2.506859521E1,-1.363908947E-1,3.138186932E0,7.435696602E0
2.508886547E1,-2.560320199E-1,3.451646566E0,7.847560883E0
2.510913781E1,-5.530411601E-1,3.806083441E0,8.644968987E0
2.512938068E1,-3.182454109E-1,3.715156317E0,9.865906715E0
2.514968245E1,4.097708687E-2,3.425325632E0,1.136471081E1
2.516995630E1,-9.092725813E-2,3.154936552E0,1.256411362E1
2.519023047E1,-2.249253243E-1,2.980260611E0,1.310279751E1
2.521047271E1,-1.196411345E-2,2.989831924E0,1.296401405E1
2.523078078E1,2.276172489E-1,3.066402197E0,1.158724403E1
2.525101682E1,1.031904742E-1,3.255435228E0,1.032562828E1
2.527129287E1,-1.339980662E-1,3.372683525E0,1.050987530E1
2.529160062E1,-5.506483316E-1,3.212364435E0,1.181964684E1
2.531183615E1,-5.171487927E-1,2.261815548E0,1.340219975E1
2.533211016E1,-3.541377485E-1,1.284945726E0,1.325862980E1
2.535238516E1,-7.588238716E-1,1.194018483E0,1.139103222E1
2.537265875E1,-7.348956466E-1,1.589133382E0,9.430113792E0
2.539296500E1,-1.507478207E-1,1.692024708E0,8.407780647E0
2.541320417E1,-2.727817893E-1,1.859522343E0,8.633005142E0
2.543350880E1,-4.307080805E-1,2.008176327E0,9.274580956E0
2.545378359E1,-1.004985496E-1,2.044068813E0,8.874680519E0
2.547405938E1,2.491526604E-1,2.149353027E0,7.627421379E0
2.549429323E1,5.557330847E-1,2.168495417E0,6.827620506E0
2.551459948E1,5.413761139E-1,2.106282234E0,6.696014881E0
2.553487365E1,-5.503492057E-2,2.120639086E0,6.925725937E0
2.555514724E1,-6.056832075E-1,2.125424623E0,6.935297489E0
2.557542344E1,-7.995018363E-1,2.278565407E0,6.573981285E0
2.559569443E1,-8.665009141E-1,2.676073074E0,6.231508255E0
2.561593177E1,-1.149153113E0,3.274577856E0,6.047261238E0
2.563620625E1,-1.342971683E0,3.724727631E0,6.425326824E0
2.565651573E1,-1.450648785E0,3.765405416E0,7.332805157E0
2.567675182E1,-1.852941990E0,3.748655796E0,8.807681084E0
2.569706203E1,-1.881655931E0,3.705585003E0,1.056730270E1
2.571733839E1,-1.762014747E0,3.593122244E0,1.136949635E1
2.573757422E1,-1.840977907E0,3.614657640E0,1.128335476E1
2.575788287E1,-1.297508121E0,3.399004459E0,1.096002483E1
2.577828286E1,-4.067798555E-1,2.795714140E0,1.092652512E1
2.579841318E1,1.079761237E-1,2.426920414E0,1.156092262E1
2.581866464E1,3.903291821E-1,2.364706993E0,1.226022530E1
2.583898182E1,8.763712645E-1,2.312064886E0,1.139342499E1
2.585924594E1,1.465304732E0,2.173281193E0,9.944869995E0
2.587948104E1,1.673779488E0,2.118246317E0,9.406186104E0
2.589975807E1,1.343270779E0,1.459920883E0,1.082841969E1
2.592006438E1,4.070789516E-1,5.955137610E-1,1.383799267E1
2.594030198E1,2.922234535E-1,1.980060786E-1,1.553061581E1
2.596061010E1,1.190130115E0,1.597209126E-1,1.412034512E1
2.598084781E1,1.901097536E0,6.960122585E-1,1.096720314E1
2.600115797E1,2.121536493E0,1.194018483E0,8.228319168E0
2.602142594E1,1.836491346E0,1.641775489E0,6.796513557E0
2.604170328E1,1.163809061E0,1.809273005E0,6.624230385E0
2.606197458E1,3.041875660E-1,1.680060625E0,7.292127132E0
2.608224750E1,-1.986042857E-1,1.426421404E0,7.615457058E0
2.610249323E1,-3.972085714E-1,1.344766378E0,7.778169155E0
2.612279406E1,-2.273181528E-1,1.526919961E0,7.948059559E0
2.614306802E1,-4.067798331E-2,1.782951951E0,7.663313389E0
2.616333974E1,2.252244353E-1,1.926820397E0,6.681658268E0
2.618357844E1,3.568296731E-1,2.324028969E0,5.850750446E0
2.620385495E1,6.083751321E-1,2.532503605E0,5.300102234E0
2.622412635E1,5.772684813E-1,2.774178743E0,5.266602516E0
2.624439818E1,4.764707983E-1,2.989831924E0,5.862714767E0
2.626466974E1,-1.028913707E-1,3.209971666E0,7.782954693E0
2.628497464E1,-8.593224287E-1,3.126222849E0,1.029452133E1
2.630521635E1,-1.000499010E0,3.068794966E0,1.168564892E1
2.632551938E1,-8.569296002E-1,3.420539856E0,1.178853989E1
2.634579646E1,-3.804588020E-1,3.669692516E0,1.145085239E1
2.636604755E1,5.099703074E-1,3.327219963E0,1.149631596E1
2.638631479E1,8.476574421E-1,2.934497833E0,1.178136158E1
2.640661714E1,6.251249462E-2,2.788535595E0,1.210199928E1
2.642689089E1,-1.058225870E0,2.688037157E0,1.212832069E1
2.644713240E1,-1.620838284E0,2.621038198E0,1.219801140E1
2.646743453E1,-1.366899967E0,2.711965322E0,1.222433281E1
2.648767281E1,5.294119939E-2,2.371885538E0,1.247318649E1
2.650795021E1,9.050851464E-1,1.967498422E0,1.222194004E1
2.652825333E1,3.903291821E-1,1.845165372E0,1.112991524E1
2.654852859E1,-2.679961324E-1,1.804487348E0,9.736694336E0
2.656876662E1,-5.000999570E-1,1.849951029E0,8.881858826E0
2.658903839E1,-6.607181430E-1,2.082353830E0,9.078369141E0
2.660934635E1,-4.977070987E-1,2.374278307E0,9.861121178E0
2.662958922E1,5.318048596E-1,2.439183474E0,1.010309505E1
2.664985833E1,1.618744493E0,2.381456852E0,9.308079720E0
2.667013474E1,1.407876968E0,2.221137524E0,8.383852005E0
2.669044042E1,-6.798607111E-1,2.044068813E0,8.223533630E0
2.671071505E1,-2.159522533E0,1.797308922E0,8.347960472E0
2.673098755E1,-2.221735716E0,1.658525229E0,8.247461319E0
2.675122781E1,-1.663909078E0,1.926820397E0,7.814061642E0
2.677152464E1,-9.789635539E-1,2.192423820E0,7.160521984E0
2.679176958E1,-5.817549825E-1,2.283350945E0,6.226722717E0
2.681207510E1,-6.391827464E-1,2.496611357E0,5.477469921E0
2.683231979E1,-9.095717072E-1,2.745464802E0,5.352744102E0
2.685262172E1,-1.082154036E0,2.881855726E0,6.401398659E0
2.687286234E1,-8.353942037E-1,2.843570709E0,8.510671616E0
2.689317151E1,-6.942176819E-1,2.666501760E0,1.005972576E1
2.691344385E1,-1.165902853E0,2.783750057E0,1.089541912E1
2.693368286E1,-1.074975610E0,2.735893488E0,1.074706364E1
2.695395662E1,-1.794617027E-1,2.738286495E0,1.056969547E1
2.697425922E1,7.208378315E-1,2.838784933E0,1.132403278E1
2.699450255E1,9.122636318E-1,2.702394009E0,1.235115242E1
2.701477312E1,5.772684813E-1,2.446362019E0,1.189861012E1
2.703508318E1,4.645066857E-1,2.518146753E0,1.066331482E1
2.705535797E1,6.753742099E-1,2.407777786E0,9.830014229E0
2.707559234E1,1.168594718E0,1.986641049E0,1.024187946E1
2.709586828E1,1.731207132E0,1.620239973E0,1.182443237E1
2.711617260E1,2.126322031E0,1.012163997E0,1.314826107E1
2.713644453E1,1.994417667E0,5.380859971E-1,1.311476135E1
2.715669037E1,1.522732496E0,8.204390407E-1,1.182443237E1
2.717699412E1,1.443769336E0,1.320838094E0,1.031605625E1
2.719724026E1,1.431805253E0,1.526919961E0,9.198010445E0
2.721753807E1,1.041476011E0,1.605883121E0,8.297710419E0
2.723780922E1,8.117650747E-1,1.543669701E0,7.775776386E0
2.725804995E1,8.261220455E-1,1.529312730E0,7.272984505E0
2.727836563E1,6.897311211E-1,1.744666815E0,6.710371971E0
2.729859693E1,4.190430641E-1,1.969891191E0,6.138188362E0
2.731889005E1,7.208377868E-2,2.199602127E0,5.661717415E0
2.733914906E1,-3.134597540E-1,2.374278307E0,5.798108578E0
2.735945094E1,-4.163511395E-1,2.542074919E0,6.408577442E0
2.737972203E1,-3.661018610E-1,2.757428885E0,7.165307522E0
2.739999734E1,-3.014956415E-1,2.965903759E0,8.027321815E0
2.742027354E1,-2.871387303E-1,3.006581545E0,8.489136696E0
2.744054771E1,-3.565305769E-1,3.035295486E0,8.307282448E0
2.746078229E1,-4.307080805E-1,3.257827997E0,8.158926964E0
2.748105760E1,-6.726822853E-1,3.375076294E0,8.642576218E0
2.750135953E1,-8.497511148E-1,3.490231037E0,1.006451130E1
2.752160245E1,-9.071788788E-1,3.614657640E0,1.175504017E1
2.754190787E1,-9.454640746E-1,3.607479334E0,1.254018497E1
2.756217943E1,-1.072582722E0,3.434896946E0,1.253539944E1
2.758242271E1,-1.074975610E0,3.066402197E0,1.177418327E1
2.760273594E1,-1.299900889E0,3.071187973E0,1.087866879E1
2.762296505E1,-9.837492108E-1,2.939283609E0,1.046441174E1
2.764324318E1,-1.244267747E-1,2.434397936E0,1.081645584E1
2.766354464E1,4.336991161E-2,2.321636200E0,1.199671555E1
2.768382052E1,-2.991028428E-1,2.115853310E0,1.259043407E1
2.770406870E1,-6.894320250E-1,1.876272082E0,1.203739357E1
2.772433229E1,-9.526425004E-1,2.015354872E0,1.085474110E1
2.774463818E1,-2.727817893E-1,1.960319996E0,9.705587387E0
2.776491292E1,-7.178467698E-3,2.146960020E0,9.427721024E0
2.778518729E1,-5.291129351E-1,2.678465843E0,1.013180923E1
2.780542396E1,-5.745765567E-1,2.477468729E0,1.068006516E1
2.782573266E1,-2.847459018E-1,2.024926186E0,1.040937710E1
2.784597375E1,-3.038884699E-1,1.941177368E0,9.652945518E0
2.786627812E1,-3.349951804E-1,1.948355794E0,8.865108490E0
2.788655365E1,-5.096712112E-1,1.924427629E0,8.388637543E0
2.790682719E1,-4.115654826E-1,1.945963025E0,8.668897629E0
2.792709891E1,-8.853443712E-2,2.106282234E0,9.209974289E0
2.794733474E1,-9.092725813E-2,2.201995134E0,8.609076500E0
2.796761000E1,-1.292124242E-1,2.484647274E0,6.877869606E0
2.798788526E1,1.295115203E-1,2.872284412E0,5.642574787E0
2.800818786E1,1.845464408E-1,3.138186932E0,6.023332596E0
2.802842755E1,3.951148391E-1,3.212364435E0,7.536494255E0
2.804870193E1,7.543373108E-1,3.075973511E0,8.905786514E0
2.806900958E1,5.243272781E-1,3.140579700E0,9.789336205E0
2.808924609E1,-4.737788737E-1,3.142972469E0,1.007168961E1
2.810955062E1,-1.063011408E0,3.064009428E0,9.669695854E0
2.812982734E1,-8.401798606E-1,3.348755360E0,9.099904060E0
2.815006667E1,-9.023932219E-1,4.052843571E0,8.726325035E0
2.817033792E1,-6.463612318E-1,4.593920231E0,8.786145210E0
2.819064792E1,1.135095239E0,4.225126743E0,9.489934921E0
2.821088714E1,2.662613392E0,3.834797382E0,1.068006516E1
2.823119198E1,2.897109985E0,3.035295486E0,1.197039413E1
2.825143505E1,2.257927179E0,1.969891191E0,1.270798206E1
2.827170641E1,1.515554070E0,1.328016520E0,1.266939735E1
2.829197844E1,9.768698215E-1,8.706883192E-1,1.189382362E1
2.831224932E1,1.029511929E0,1.009771109E0,1.126899815E1
2.833252266E1,1.788634896E0,1.402493119E0,1.053141022E1
2.835279646E1,2.312962294E0,1.727917075E0,9.614660263E0
2.837310448E1,1.779063582E0,2.048854351E0,8.398209572E0
2.839338057E1,8.476574421E-1,2.058425665E0,7.625028610E0
2.841361547E1,5.676971674E-1,1.680060625E0,7.052844524E0
2.843392323E1,2.874378264E-1,1.632204175E0,7.048058987E0
2.845416745E1,-2.392822690E-2,1.830808401E0,7.342376232E0
2.847447208E1,-1.722832322E-1,2.099103689E0,7.572386265E0
2.849474448E1,-1.603191197E-1,2.419741869E0,7.562815189E0
2.851501432E1,1.704886183E-2,2.618645191E0,7.634599686E0
2.853525620E1,1.438684613E-1,2.652144909E0,7.888238907E0
2.855556250E1,2.730808854E-1,2.690429926E0,7.950452328E0
2.857580432E1,3.951148391E-1,3.042474031E0,8.247461319E0
2.859607276E1,6.753742099E-1,3.363112211E0,8.199604988E0
2.861638208E1,7.016952634E-1,3.684049606E0,7.785347462E0
2.863661974E1,4.668995142E-1,3.971188307E0,7.522137165E0
2.865689599E1,1.677966863E-1,4.177269936E0,7.818847179E0
2.867720641E1,-2.273181528E-1,4.277768612E0,8.422137260E0
2.869743792E1,-1.674975902E-1,4.469194412E0,9.458827972E0
2.871772891E1,3.496512175E-1,4.577170849E0,1.049312592E1
2.873798682E1,1.125523925E0,4.332803726E0,1.069681454E1
2.875828787E1,1.283450246E0,4.067200184E0,1.054816055E1
2.877853224E1,7.758727670E-1,3.710370541E0,1.083320522E1
2.879883286E1,4.357928336E-1,3.138186932E0,1.061545849E1
2.881911297E1,-2.871387079E-2,3.085544825E0,1.107248783E1
2.883937927E1,-1.244866014E0,4.155734539E0,1.165184975E1
2.885965703E1,-9.071788788E-1,3.834797382E0,1.126421261E1
2.887993016E1,-1.986042857E-1,2.946461916E0,1.052901745E1
2.890020542E1,-7.013961077E-1,2.915355206E0,9.485149384E0
2.892047135E1,-1.180259824E0,3.004188776E0,8.714361191E0
2.894071734E1,-6.894320250E-1,2.802892685E0,9.006285667E0
2.896102219E1,-3.732803464E-1,2.649751902E0,1.005494022E1
2.898126474E1,-7.061817646E-1,2.537289381E0,1.091216850E1
2.900156599E1,-1.120439172E0,2.359921217E0,1.062024403E1
2.902180948E1,-1.271187067E0,2.118246317E0,9.375079155E0
2.904211865E1,-8.712865710E-1,2.034497499E0,8.479565620E0
2.906238901E1,-1.124626622E-1,2.056032896E0,8.089534760E0
2.908266365E1,3.783650696E-1,2.273779631E0,7.845168114E0
2.910294177E1,2.539383173E-1,2.587538481E0,7.893024445E0
2.912320328E1,2.874378264E-1,2.357528448E0,8.007880211E0
2.914347984E1,2.898306549E-1,2.278565407E0,7.622635841E0
2.916375599E1,7.926224917E-2,2.644966364E0,7.615457058E0
2.918399984E1,1.941177398E-1,2.936890602E0,7.723134041E0
2.920430214E1,5.629115105E-1,3.035295486E0,8.197212219E0
2.922454052E1,9.266205430E-1,3.107080221E0,8.592327118E0
2.924481250E1,1.206879973E0,3.018545866E0,8.841180801E0
2.926511995E1,8.404789567E-1,3.035295486E0,8.872286797E0
2.928539328E1,3.568296731E-1,3.190829039E0,8.695218086E0
2.930563208E1,5.219344497E-1,3.169293642E0,9.107083321E0
2.932593807E1,1.175773263E0,2.767000198E0,9.935298920E0
2.934617682E1,1.671386600E0,2.175673962E0,1.070638561E1
2.936648688E1,1.532303810E0,2.024926186E0,1.131206894E1
2.938672662E1,1.316949725E0,2.204387903E0,1.121396351E1
2.940699552E1,1.972882271E0,2.312064886E0,1.065135098E1
2.942730542E1,2.916252613E0,2.242672920E0,1.044048309E1
2.944757505E1,3.328117132E0,2.146960020E0,1.165454197E1
2.946781964E1,2.899502754E0,1.581954837E0,1.354816151E1
2.948812479E1,1.738385677E0,1.196411371E0,1.411316681E1
2.950839766E1,9.529415965E-1,1.229910851E0,1.287308693E1
2.952867135E1,1.558624864E0,1.339980721E0,1.105813122E1
2.954891162E1,2.985644341E0,1.462313771E0,9.724730492E0
2.956921427E1,3.414258718E0,1.802094579E0,8.953642845E0
2.958945651E1,2.995215654E0,1.766202211E0,8.534600258E0
2.960976318E1,2.082952023E0,1.625025630E0,8.235497475E0
2.963000224E1,1.024726272E0,1.469492197E0,7.663313389E0
2.965027474E1,2.994019389E-1,1.510170221E0,6.717550278E0
2.967058089E1,1.271187067E-1,1.761416554E0,6.176473618E0
2.969083484E1,5.557330847E-1,2.056032896E0,6.157330990E0
2.971112885E1,9.385846853E-1,2.324028969E0,6.298507214E0
2.973139412E1,1.036690354E0,2.637787819E0,6.377470493E0
2.975174745E1,1.266700506E0,2.810070992E0,5.989833355E0
2.977191479E1,1.252343535E0,2.860320330E0,5.554040432E0
2.979222177E1,8.356932998E-1,3.066402197E0,5.661717415E0
2.981249016E1,5.243272781E-1,3.202793121E0,6.655336857E0
2.983273068E1,4.908277392E-1,3.066402197E0,7.971987724E0
2.985300432E1,2.850449979E-1,3.176471949E0,8.970393181E0
2.987331120E1,-1.579262912E-1,3.406183004E0,9.470791817E0
2.989358193E1,-6.918248534E-1,3.557229996E0,1.022273636E1
2.991385990E1,-5.841478109E-1,3.480659723E0,1.186032486E1
2.993412563E1,4.597210586E-1,2.932105064E0,1.288744354E1
2.995440521E1,6.107679605E-1,2.750250578E0,1.264546967E1
2.997467563E1,-5.985047817E-1,2.936890602E0,1.187228870E1
2.999494776E1,-1.498505235E0,3.133401155E0,1.171196938E1
3.001522292E1,-5.482555032E-1,3.020938635E0,1.261675549E1
3.003546318E1,7.758727670E-1,2.374278307E0,1.377338600E1
3.005577042E1,7.830511928E-1,1.799701691E0,1.467577934E1
3.007604307E1,1.438684613E-1,1.715952992E0,1.421605873E1
3.009628219E1,2.922234535E-1,1.713560104E0,1.232722378E1
3.011658609E1,5.820540786E-1,1.854736686E0,1.055773163E1
3.013685901E1,7.519445419E-1,2.142174482E0,9.786943436E0
3.015710630E1,1.077667475E0,2.089532375E0,9.662516594E0
3.017740635E1,1.209272742E0,1.962712765E0,9.387042999E0
3.019767599E1,1.000798106E0,1.826022744E0,8.668897629E0
3.021795448E1,7.830511928E-1,1.653739572E0,7.730312824E0
3.023835448E1,6.131607890E-1,1.605883121E0,6.865905285E0
3.025849349E1,7.663014531E-1,1.749452472E0,6.559624195E0
3.027875953E1,1.077667475E0,1.984248161E0,6.562016964E0
3.029904839E1,7.375875711E-1,2.216351986E0,6.930511475E0
3.031931849E1,4.046861231E-1,2.245065928E0,7.294519901E0
3.033955870E1,6.538388133E-1,2.149353027E0,7.170093060E0
3.035983255E1,9.888339639E-1,2.398206472E0,7.150950432E0
3.038010609E1,1.135095239E0,2.707179785E0,8.005487442E0
3.040037708E1,1.127916813E0,2.661715984E0,8.975178719E0
3.042068375E1,6.897311211E-1,2.767000198E0,9.410971642E0
3.044095719E1,2.635096014E-1,2.810070992E0,9.348757744E0
3.046122974E1,-2.392822690E-2,2.951247692E0,9.645767212E0
3.048150271E1,6.729813665E-2,3.200400352E0,1.024187946E1
3.050177880E1,6.993024349E-1,2.973082066E0,1.058166027E1
3.052204708E1,4.405784607E-1,2.690429926E0,1.069920731E1
3.054229068E1,-1.603191197E-1,2.487040043E0,1.066331482E1
3.056259693E1,-5.742774159E-2,2.577967405E0,1.028734303E1
3.058286677E1,1.460519075E0,2.790928602E0,1.010070229E1
3.060315162E1,2.971287489E0,2.611466885E0,1.087388325E1
3.062338078E1,2.277069807E0,1.742274046E0,1.300708485E1
3.064369141E1,5.365904570E-1,7.677969933E-1,1.434556961E1
3.066392948E1,-4.378865361E-1,5.763711333E-1,1.397438335E1
3.068423719E1,-1.196411345E-2,8.180462122E-1,1.247318649E1
3.070450474E1,1.266700506E0,1.342373490E0,1.017727280E1
3.072478339E1,2.475674152E0,1.790130496E0,8.127820015E0
3.074505229E1,2.861217737E0,2.012962103E0,6.830013275E0
3.076532828E1,2.461317301E0,2.063211441E0,5.951548100E0
3.078556807E1,1.553839207E0,1.847558141E0,5.805286884E0
3.080587526E1,6.777670383E-1,1.505384564E0,6.310471535E0
3.082611401E1,-4.067798331E-2,1.316052437E0,7.002595425E0
3.084638495E1,-3.996013701E-1,1.294517040E0,7.414160728E0
3.086669495E1,-3.373879790E-1,1.524527073E0,7.167700291E0
3.088709495E1,-2.392822644E-3,1.953141451E0,7.028916359E0
3.090723745E1,1.414756328E-1,2.273779631E0,7.457231998E0
3.092747724E1,9.601201117E-2,2.295315027E0,7.483552933E0
3.094778573E1,-1.124626622E-1,2.630609512E0,7.177271366E0
3.096802505E1,-1.244267747E-1,2.994617462E0,7.440482140E0
3.098833266E1,1.438684613E-1,3.109472990E0,8.314460754E0
3.100860745E1,1.582254022E-1,3.324826956E0,9.525827408E0
3.102884427E1,-2.105683982E-1,3.470789194E0,1.042612648E1
3.104912245E1,-4.905286431E-1,3.693620920E0,1.084038353E1
3.106938969E1,-5.982056633E-2,3.739084482E0,1.138624668E1
3.108969536E1,4.908277392E-1,3.552444220E0,1.200867939E1
3.110997016E1,6.490531564E-2,3.590729475E0,1.220518970E1
3.113025026E1,-6.966105103E-1,3.652942896E0,1.229851055E1
3.115051917E1,-6.224330068E-1,3.343969584E0,1.244686508E1
3.117075776E1,-2.033899277E-1,3.200400352E0,1.284915829E1
3.119103177E1,-1.076770201E-1,2.965903759E0,1.314586830E1
3.121130219E1,-1.914258152E-1,2.601895571E0,1.246122169E1
3.123157490E1,9.870393202E-3,2.539682150E0,1.141735363E1
3.125188401E1,4.405784607E-1,2.393420935E0,1.085234833E1
3.127214443E1,4.932205677E-1,2.331207514E0,1.086909771E1
3.129242662E1,4.884349108E-1,2.127817631E0,1.097438240E1
3.131269719E1,5.294120312E-1,1.904985905E0,1.053380394E1
3.133297563E1,6.107679605E-1,1.885843396E0,9.456435204E0
3.135324375E1,8.213363886E-1,1.986641049E0,8.123034477E0
3.137351844E1,9.816554785E-1,1.989033818E0,7.131807804E0
3.139379578E1,1.211665511E0,1.984248161E0,6.779763699E0
3.141406964E1,1.525125384E0,2.060818434E0,7.311269760E0
3.143430854E1,1.450947881E0,2.132603168E0,8.182855606E0
3.145457802E1,8.261220455E-1,2.266601324E0,8.225926399E0
3.147488927E1,2.419741899E-1,2.362314224E0,7.826025486E0
3.149515823E1,-5.503492057E-2,2.453540564E0,7.613064289E0
3.151543083E1,1.677966863E-1,2.611466885E0,7.699205875E0
3.153570547E1,3.616153300E-1,2.862713099E0,8.082356453E0
3.155598177E1,1.127617657E-1,2.994617462E0,8.302495956E0
3.157621792E1,-3.589234054E-1,3.078366280E0,8.032107353E0
3.159652568E1,-4.689932466E-1,3.257827997E0,7.663313389E0
3.161679536E1,-5.267201066E-1,3.367897987E0,7.900203228E0
3.163707755E1,-2.344966233E-1,3.164507866E0,9.178867340E0
3.165730854E1,4.621138871E-1,2.802892685E0,1.089781189E1
3.167760323E1,5.123631358E-1,2.580360174E0,1.142692471E1
3.169785599E1,1.869392693E-1,2.750250578E0,1.068485069E1
3.171814250E1,3.089732230E-1,2.831606388E0,9.983155251E0
3.173843865E1,1.024726272E0,2.520539522E0,1.005254745E1
3.175868328E1,1.915454507E0,2.154138565E0,1.176700401E1
3.177898391E1,2.119143486E0,1.687239051E0,1.395524120E1
3.179925865E1,1.671386600E0,1.445564032E0,1.413948822E1
3.181949484E1,1.374377489E0,1.491027594E0,1.151785183E1
3.183978594E1,1.590030670E0,1.737488389E0,8.465208054E0
3.186004000E1,2.300997972E0,2.094317913E0,7.115057945E0
3.188034724E1,2.676970243E0,2.163709879E0,7.026523590E0
3.190058714E1,2.367997169E0,2.149353027E0,7.476374149E0
3.192089583E1,1.716850281E0,1.931606054E0,7.830811024E0
3.194113344E1,7.351947427E-1,1.720738530E0,7.684848785E0
3.196143901E1,-1.866401732E-1,1.725524187E0,7.122236729E0
3.198171526E1,-4.019941986E-1,1.770987868E0,6.377470493E0
3.200198990E1,1.944168471E-2,1.926820397E0,6.001797199E0
3.202222693E1,3.137588799E-1,2.314457655E0,6.157330990E0
3.204253109E1,2.922234535E-1,2.630609512E0,6.566802502E0
3.206277651E1,1.223330572E-1,2.735893488E0,6.868298531E0
3.208307599E1,-2.392822653E-1,2.778964281E0,6.966403961E0
3.210333255E1,-3.876372576E-1,2.977867842E0,6.940083027E0
3.212362797E1,-1.411765367E-1,3.291327477E0,7.402196884E0
3.214386380E1,1.465603895E-2,3.422932863E0,8.273782730E0
3.216417281E1,-6.221338734E-2,3.399004459E0,9.475577354E0
3.218441620E1,-2.943171859E-1,3.341576815E0,1.074706364E1
3.220471052E1,-7.947162390E-1,3.521337509E0,1.213789177E1
3.222495682E1,-1.063011408E0,3.533301830E0,1.383081436E1
3.224526146E1,-7.348956466E-1,3.308077335E0,1.503739452E1
3.226550370E1,-3.062812984E-1,3.288934708E0,1.485075474E1
3.228581375E1,-1.842473447E-1,3.415754318E0,1.321795273E1
3.230604750E1,-2.560320199E-1,3.583550930E0,1.220040417E1
3.232635891E1,6.729813665E-2,3.410968781E0,1.272951698E1
3.234659906E1,3.592225015E-1,2.719143867E0,1.347637749E1
3.236689896E1,-2.967100143E-1,2.245065928E0,1.286112213E1
3.238717750E1,-9.311071038E-1,2.216351986E0,1.133360481E1
3.240744750E1,-2.488535494E-1,2.216351986E0,1.006929684E1
3.242769391E1,9.577272534E-1,2.089532375E0,9.573683739E0
3.244799932E1,1.127916813E0,2.142174482E0,9.430113792E0
3.246823719E1,9.601200819E-1,1.876272082E0,8.702396393E0
3.248853750E1,9.026923180E-1,2.087139606E0,7.383054256E0
3.250881599E1,1.101595759E0,1.972284079E0,6.573981285E0
3.252909141E1,6.658028960E-1,1.811665893E0,6.530910492E0
3.254936286E1,4.764707983E-1,1.308874011E0,6.492625237E0
3.256963162E1,1.558325738E-1,1.115055323E0,6.506981850E0
3.258990781E1,-3.302095234E-1,1.443171144E0,6.765407085E0
3.261018083E1,-2.129612118E-1,1.648953915E0,6.880262375E0
3.263042193E1,8.165507019E-2,2.003390789E0,6.511767864E0
3.265072740E1,1.534397453E-1,2.455933332E0,6.372684956E0
3.267100104E1,1.055833027E-1,2.625823736E0,7.316055298E0
3.269127057E1,-9.092725813E-2,2.582752943E0,8.819644928E0
3.271151505E1,-8.614161611E-2,2.558824778E0,1.034237766E1
3.273181521E1,1.390828192E-1,2.671287298E0,1.108923721E1
3.275209312E1,3.448655605E-1,2.855534792E0,1.096481037E1
3.277236120E1,5.653043389E-1,2.798106909E0,1.025862885E1
3.279263589E1,8.189435601E-1,2.649751902E0,1.024666500E1
3.281287583E1,9.505487680E-1,2.237887383E0,1.143649578E1
3.283315208E1,4.381856322E-1,1.876272082E0,1.266221905E1
3.285345729E1,3.879363835E-1,1.909771562E0,1.242054367E1
3.287372995E1,1.470090389E0,1.866700768E0,1.135274696E1
3.289400120E1,2.418246269E0,1.646561027E0,1.135992527E1
3.291424130E1,2.317747831E0,1.210768223E0,1.245643616E1
3.293451677E1,2.104786634E0,8.587242365E-1,1.347398472E1
3.295482589E1,1.996810555E0,4.232304990E-1,1.288505077E1
3.297509677E1,1.762313843E0,4.088735580E-1,1.133121204E1
3.299536781E1,1.398305774E0,8.515457511E-1,1.015573788E1
3.301560833E1,1.228415370E0,9.619147182E-1,9.698409081E0
3.303591734E1,1.348056436E0,8.853443861E-1,9.415757179E0
3.305619156E1,1.379163146E0,1.031306505E0,8.781359673E0
3.307643151E1,1.391127229E0,1.179661512E0,7.861917973E0
3.309673812E1,1.328913927E0,1.289731383E0,6.734300137E0
3.311701724E1,1.111167073E0,1.560419440E0,5.771787167E0
3.313727620E1,9.170492887E-1,1.596311808E0,5.144568920E0
3.315756250E1,6.753742099E-1,1.689631939E0,4.898108006E0
3.317779391E1,3.448655605E-1,2.156531334E0,5.556433201E0
3.319808938E1,2.901297435E-2,2.484647274E0,6.648158550E0
3.321837406E1,6.011966988E-2,2.551646233E0,7.064808846E0
3.323877406E1,2.300100774E-1,2.810070992E0,7.244270325E0
3.325888682E1,3.496512175E-1,2.893819809E0,7.610671520E0
3.327916036E1,1.941177398E-1,2.973082066E0,8.240283012E0
3.329946828E1,-4.331009090E-1,3.339184046E0,9.111868858E0
3.331970422E1,-5.096712112E-1,3.686442375E0,9.964012146E0
3.334001552E1,1.704886183E-2,3.992723703E0,1.072792149E1
3.336028833E1,9.529415965E-1,3.844368696E0,1.141256714E1
3.338056250E1,1.307378531E0,3.456432343E0,1.159442234E1
3.340083083E1,5.318048596E-1,2.800499916E0,1.143888855E1
3.342110880E1,-5.482555032E-1,2.499004126E0,1.175264740E1
3.344138849E1,-9.382855892E-1,2.441576481E0,1.289222908E1
3.346161979E1,-7.612167001E-1,2.371885538E0,1.369412422E1
3.348189182E1,-4.953143001E-1,2.113460541E0,1.352901936E1
3.350220135E1,-9.810572863E-2,1.668096542E0,1.229133129E1
3.352246958E1,-1.818545163E-1,1.428814173E0,1.095523930E1
3.354274417E1,5.294119939E-2,1.170090318E0,1.013659477E1
3.356302016E1,3.161516786E-1,1.083948612E0,9.851550102E0
3.358329021E1,5.365904570E-1,1.189232826E0,9.784550667E0
3.360356109E1,9.050851464E-1,1.385444283E0,9.303294182E0
3.362383563E1,9.696913958E-1,1.670489311E0,8.587541580E0
3.364407740E1,1.034297585E0,1.754238129E0,7.876275063E0
3.366437948E1,1.295414329E0,1.646561027E0,7.694420338E0
3.368462333E1,7.734799385E-1,1.653739572E0,8.307282448E0
3.370490760E1,3.858426586E-2,1.464706540E0,8.582756042E0
3.372520141E1,-3.732803464E-1,1.296909928E0,7.723134041E0
3.374543896E1,-6.439684033E-1,1.720738530E0,6.633801460E0
3.376574896E1,9.361918271E-2,2.058425665E0,6.504589081E0
3.378598662E1,9.002995491E-1,2.118246317E0,7.028916359E0
3.380625969E1,9.146564603E-1,2.252244234E0,8.089534760E0
3.382656562E1,4.357928336E-1,2.216351986E0,8.752646446E0
3.384684229E1,-2.153540403E-2,2.089532375E0,9.138189316E0
3.386707812E1,-7.133602500E-1,2.228316069E0,9.552147865E0
3.388738495E1,-4.881358147E-1,2.225923300E0,9.923335075E0
3.390765854E1,3.855435550E-1,2.352742910E0,1.062263680E1
3.392793146E1,8.763712645E-1,2.431705952E0,1.146281719E1
3.394817172E1,1.429412484E0,1.799701691E0,1.164467144E1
3.396844510E1,1.944168448E0,1.201196909E0,1.133599758E1
3.398875344E1,2.633899450E0,1.275374413E0,1.068485069E1
3.400898964E1,3.289832115E0,1.483849168E0,1.026580715E1
3.402929813E1,3.148655415E0,1.840379715E0,1.139342499E1
3.404953974E1,2.272284269E0,1.462313771E0,1.356969738E1
3.406984469E1,1.345663667E0,9.260223508E-1,1.515942860E1
3.409011807E1,1.309771299E0,7.630113363E-1,1.454895973E1
3.411035557E1,2.090429783E0,8.300103545E-1,1.186271763E1
3.413066484E1,2.971287489E0,1.170090318E0,9.020642281E0
3.415094068E1,3.545864105E0,1.493420482E0,6.993024349E0
3.417120849E1,3.483650684E0,1.773380637E0,5.975476265E0
3.419144833E1,2.791825771E0,2.020140409E0,5.781358719E0
3.421176005E1,1.819741607E0,1.917249203E0,6.298507214E0
3.423203182E1,1.249950767E0,1.419242978E0,7.258627415E0
3.425230073E1,1.036690354E0,1.064806104E0,8.144570351E0
3.427254255E1,3.017947674E-1,1.131805062E0,8.697610855E0
3.429285177E1,-3.708875179E-1,1.318445325E0,8.257032394E0
3.431312474E1,-5.650052428E-1,1.558026671E0,7.203592777E0
3.433339708E1,-9.810572863E-2,1.737488389E0,6.377470493E0
3.435363365E1,2.778665423E-1,2.077568293E0,6.597909451E0
3.437391182E1,2.922234535E-1,2.395813704E0,7.665706635E0
3.439417912E1,1.510469317E-1,2.484647274E0,8.594719887E0
3.441445745E1,3.379862010E-2,2.515753984E0,9.241081238E0
3.443472953E1,2.228316069E-1,2.340778828E0,9.818050385E0
3.445500396E1,7.208377868E-2,2.508575439E0,1.063699436E1
3.447530573E1,1.438684613E-1,2.510968208E0,1.115174961E1
3.449554453E1,4.932205677E-1,2.431705952E0,1.114217854E1
3.451585120E1,8.883354068E-1,2.235494614E0,1.169761276E1
3.453612891E1,5.772684813E-1,1.998605132E0,1.240379429E1
3.455636620E1,-1.435693540E-2,1.945963025E0,1.215942764E1
3.457664182E1,1.342971772E-1,2.039283037E0,1.148674488E1
3.459695568E1,5.437689424E-1,2.051247120E0,1.135992527E1
3.461721854E1,7.567301393E-1,1.948355794E0,1.175982571E1
3.463747521E1,6.466603279E-1,1.770987868E0,1.206610775E1
3.465776552E1,4.549354017E-1,1.586740494E0,1.177657604E1
3.467804870E1,4.980062246E-1,1.634596944E0,1.076620674E1
3.469831469E1,7.112665176E-1,1.854736686E0,9.705587387E0
3.471855615E1,8.596215248E-1,2.077568293E0,9.568898201E0
3.473882651E1,8.739784956E-1,2.087139606E0,9.999904633E0
3.475913260E1,7.423732281E-1,1.883450508E0,9.904191971E0
3.477940568E1,4.932205677E-1,1.761416554E0,9.145368576E0
3.479967880E1,3.687937856E-1,1.804487348E0,8.137392044E0
3.481991896E1,4.429712892E-1,1.885843396E0,7.651349545E0
3.484021219E1,5.485545993E-1,1.962712765E0,7.854739666E0
3.486046125E1,6.969096065E-1,2.161317110E0,8.058428764E0
3.488076802E1,6.801598072E-1,2.402992249E0,8.077570915E0
3.490101344E1,5.389832854E-1,2.431705952E0,7.471588612E0
3.492131182E1,2.204387933E-1,2.460718870E0,6.705586433E0
3.494157677E1,7.447660714E-2,2.530110836E0,6.993024349E0
3.496185589E1,3.352942765E-1,2.661715984E0,8.111070633E0
3.498210292E1,5.533402562E-1,2.652144909E0,9.226723671E0
3.500237313E1,2.392822644E-3,2.673680305E0,9.779765129E0
3.502264641E1,-5.458626747E-1,2.716751099E0,9.920941353E0
3.504295563E1,-5.578267574E-1,2.855534792E0,9.755837440E0
3.506319766E1,-1.722832322E-1,2.958725214E0,9.882657051E0
3.508349995E1,-1.555334777E-1,2.932105064E0,1.056730270E1
3.510377438E1,-6.272186637E-1,2.783750057E0,1.151067352E1
3.512405010E1,-7.061817646E-1,2.537289381E0,1.171436214E1
3.514432203E1,-2.584248483E-1,2.268994093E0,1.108923721E1
3.516459307E1,3.305086195E-1,2.170888424E0,1.104138088E1
3.518486849E1,8.524430394E-1,1.888236165E0,1.214267731E1
3.520513453E1,7.591229677E-1,1.330409408E0,1.313151169E1
3.522538323E1,3.089732230E-1,8.563314080E-1,1.248515034E1
3.524568875E1,5.267201066E-1,4.734797776E-1,1.090259743E1
3.526592938E1,1.314556956E0,4.328017831E-1,9.475577354E0
3.528622854E1,2.059023857E0,8.443672657E-1,8.865108490E0
3.530646990E1,1.858026743E0,1.335195065E0,8.881858826E0
3.532677719E1,1.257129192E0,1.502991676E0,8.740681648E0
3.534701990E1,6.299105883E-1,1.555633783E0,8.288139343E0
3.536732740E1,2.730808854E-1,1.555633783E0,7.766204834E0
3.538756505E1,1.677966863E-1,1.713560104E0,7.387839794E0
3.540787240E1,2.994019389E-1,1.802094579E0,6.961618423E0
3.542811031E1,2.467598319E-1,1.929213285E0,6.478268147E0
3.544841755E1,9.840483218E-2,2.170888424E0,6.343971252E0
3.546866245E1,6.251249462E-2,2.371885538E0,6.822834492E0
3.548892922E1,-3.110669367E-2,2.506182671E0,7.244270325E0
3.550920380E1,-1.651047617E-1,2.640180588E0,6.808477879E0
3.552951266E1,-5.171487927E-1,3.049652576E0,6.595516682E0
3.554978281E1,-1.316052526E-1,3.257827997E0,7.383054256E0
3.557005297E1,4.645066857E-1,3.432504177E0,8.716753960E0
3.559032615E1,4.668995142E-1,3.662514210E0,9.918548584E0
3.561059781E1,-3.062812984E-1,3.841975927E0,1.090499020E1
3.563087260E1,-7.301099896E-1,3.865904093E0,1.181725407E1
3.565114391E1,1.223330572E-1,3.485445261E0,1.220040417E1
3.567139036E1,5.964110494E-1,3.413361549E0,1.182203960E1
3.569169542E1,3.858426586E-2,3.593122244E0,1.111316586E1
3.571193573E1,-7.731808424E-1,3.640978813E0,1.030409241E1
3.573223792E1,-9.000003934E-1,3.801297903E0,1.039023399E1
3.575247958E1,-5.219344497E-1,3.849154234E0,1.135753250E1
3.577279073E1,-4.450650215E-1,3.719941854E0,1.224108219E1
3.579302714E1,-7.468597889E-1,3.391826153E0,1.175264740E1
3.581333036E1,-7.995018363E-1,3.207578659E0,1.014616585E1
3.583357734E1,-7.037889361E-1,3.035295486E0,8.671290398E0
3.585387969E1,-4.785645306E-1,2.695215702E0,8.551649094E0
3.587411812E1,-2.895315289E-1,2.383849621E0,9.727123260E0
3.589442448E1,-3.326023519E-1,2.115853310E0,1.055773163E1
3.591470177E1,-1.004985496E-1,1.885843396E0,1.012702370E1
3.593494073E1,3.017947674E-1,1.720738530E0,8.443673134E0
3.595524870E1,2.682952285E-1,1.804487348E0,6.727121830E0
3.597551505E1,4.576273263E-2,1.797308922E0,6.119045734E0
3.599579484E1,-7.468597889E-1,1.806880236E0,6.791728020E0
3.601606365E1,-1.213759303E0,1.778166294E0,7.706384659E0
3.603630375E1,-7.468597889E-1,1.902593136E0,8.051250458E0
3.605661141E1,-3.804588020E-1,2.441576481E0,7.440482140E0
3.607685516E1,-3.014956415E-1,2.805285454E0,7.038487911E0
3.609712203E1,-6.128616929E-1,2.929712296E0,7.510172844E0
3.611742620E1,-7.229315639E-1,2.850749016E0,8.484351158E0
3.613770198E1,-4.594219327E-1,2.872284412E0,9.279366493E0
3.615796688E1,-2.775674164E-1,3.061616659E0,9.583553314E0
3.617824880E1,-6.631109715E-1,3.265006542E0,1.000708294E1
3.619851912E1,-8.306085467E-1,3.142972469E0,1.044766140E1
3.621879786E1,-6.056832075E-1,2.826820850E0,1.088824081E1
3.623912526E1,-1.531406492E-1,2.271386862E0,1.169761276E1
3.625931037E1,-8.614161611E-2,1.847558141E0,1.251865005E1
3.627961823E1,-4.139583111E-1,1.897807479E0,1.258325577E1
3.629989010E1,-2.344966233E-1,2.154138565E0,1.188185978E1
3.632013078E1,3.687937856E-1,2.197209358E0,1.090977573E1
3.634040396E1,7.902296782E-1,2.012962103E0,1.050508976E1
3.636070781E1,1.348056436E0,1.378265858E0,1.157288647E1
3.638098302E1,1.702493310E0,1.004985452E0,1.269841099E1
3.640125234E1,1.791027784E0,9.427721500E-1,1.200628662E1
3.642149188E1,1.917847395E0,9.858429432E-1,9.913763046E0
3.644179177E1,2.037488461E0,1.335195065E0,8.386244774E0
3.646207339E1,2.042274237E0,1.581954837E0,7.725526810E0
3.648231162E1,1.668993831E0,1.713560104E0,7.361518860E0
3.650259682E1,7.663014531E-1,1.768594980E0,7.481160164E0
3.652285724E1,-1.722832322E-1,1.636989832E0,7.847560883E0
3.654313307E1,-8.712865710E-1,1.414457321E0,8.048856735E0
3.656344203E1,-1.309472203E0,1.409671664E0,8.012665749E0
3.658368089E1,-1.046261668E0,1.404886007E0,7.387839794E0
3.660398198E1,-7.731808424E-1,1.878664851E0,6.851548672E0
3.662422396E1,-3.445664644E-1,2.288136721E0,6.841977119E0
3.664453510E1,-2.703889608E-1,2.556432009E0,7.093522549E0
3.666480766E1,-6.320042610E-1,2.850749016E0,7.189235687E0
3.668504412E1,-6.296114326E-1,2.980260611E0,7.351947784E0
3.670534995E1,-1.914258115E-2,3.080759048E0,7.948059559E0
3.672558938E1,2.659024298E-1,3.128615618E0,8.721539497E0
3.674586412E1,4.576273263E-2,3.190829039E0,9.617053032E0
3.676616802E1,-3.469592929E-1,3.298506021E0,1.015813065E1
3.678644464E1,-6.272186637E-1,3.375076294E0,1.050508976E1
3.680668380E1,-6.296114326E-1,3.286541939E0,1.129292679E1
3.682698932E1,-2.823530734E-1,3.099901676E0,1.224347496E1
3.684723401E1,-1.124626622E-1,2.934497833E0,1.233440208E1
3.686753401E1,-5.626124144E-1,3.131008387E0,1.201585770E1
3.688781151E1,-7.899305820E-1,3.183650494E0,1.136949635E1
3.690808031E1,-4.713860750E-1,3.126222849E0,1.093131161E1
3.692835510E1,-6.221338734E-2,2.917748213E0,1.174546909E1
3.694862771E1,-2.344966233E-1,2.575574398E0,1.301904869E1
3.696890214E1,-7.516453862E-1,2.300100803E0,1.309322643E1
3.698917104E1,-3.876372576E-1,2.099103689E0,1.158963680E1
3.700941469E1,4.022932947E-1,2.225923300E0,1.012702370E1
3.702968917E1,7.112665176E-1,2.347957134E0,9.547362328E0
3.704996177E1,2.467598319E-1,2.453540564E0,9.681659698E0
3.707023286E1,-1.507478207E-1,2.343171597E0,9.825228691E0
3.709050677E1,-3.732803464E-1,2.252244234E0,9.245866776E0
3.711081260E1,-1.818545163E-1,2.118246317E0,8.302495956E0
3.713107307E1,1.390828192E-1,1.969891191E0,7.311269760E0
3.715132568E1,8.404789865E-2,2.079961061E0,6.760621071E0
3.717163135E1,-2.105683982E-1,2.108675003E0,6.949654102E0
3.719190688E1,-6.128616929E-1,2.127817631E0,7.471588612E0
3.721218156E1,-4.881358147E-1,2.127817631E0,7.418946743E0
3.723245458E1,-3.589234129E-2,2.302493572E0,6.964011192E0
3.725272354E1,1.582254022E-1,2.592324257E0,6.640980244E0
3.727300219E1,2.012962103E-1,2.604288340E0,6.873084068E0
3.729324047E1,9.361918271E-2,2.458326101E0,7.689634800E0
3.731350958E1,-3.206382394E-1,2.546860695E0,9.188439369E0
3.733382219E1,-4.522434771E-1,2.563610315E0,1.084277630E1
3.735405771E1,-9.332008660E-2,2.616252422E0,1.106770229E1
3.737433151E1,1.941177398E-1,2.932105064E0,9.767801285E0
3.739463870E1,3.616153300E-1,3.085544825E0,9.286544800E0
3.741491141E1,6.466603279E-1,2.700001240E0,1.002622604E1
3.743518667E1,6.777670383E-1,2.010569334E0,1.102223873E1
3.745542651E1,4.190430641E-1,1.861915112E0,1.124985600E1
3.747569646E1,4.453641176E-1,2.067996979E0,1.058166027E1
3.749600677E1,6.227321029E-1,2.285743713E0,1.034237766E1
3.751627620E1,1.249950767E0,2.051247120E0,1.212832069E1
3.753655130E1,1.625923038E0,1.751845241E0,1.428574944E1
3.755682172E1,1.910668850E0,1.495813251E0,1.433599854E1
3.757706203E1,2.214856386E0,1.313659668E0,1.228176022E1
3.759733880E1,2.523530483E0,1.435992718E0,9.437292099E0
3.761761031E1,2.688934565E0,1.694417477E0,7.103094101E0
3.763792495E1,2.583351135E0,1.885843396E0,6.353542328E0
3.765815646E1,1.795813441E0,2.015354872E0,7.055237770E0
3.767844125E1,8.572286963E-1,1.869093537E0,8.039285660E0
3.769870583E1,2.467598319E-1,1.488634825E0,8.268997192E0
3.771897833E1,-2.201396823E-1,1.292124271E0,7.675277710E0
3.773924594E1,-6.367899179E-1,1.378265858E0,6.791728020E0
3.775952010E1,-5.913262963E-1,1.617847204E0,6.609873295E0
3.777979287E1,5.533402413E-2,1.957927108E0,6.985845566E0
3.780010333E1,3.496512175E-1,2.333600283E0,7.399804115E0
3.782033990E1,1.079761237E-1,2.556432009E0,7.488338470E0
3.784065052E1,-1.220339537E-1,2.587538481E0,7.146164894E0
3.786092328E1,-2.536391914E-1,2.743072033E0,7.215556622E0
3.788119307E1,-4.354937077E-1,2.924926519E0,8.053643227E0
3.790143651E1,-4.067798331E-2,3.066402197E0,9.226723671E0
3.792173458E1,4.070789516E-1,3.274577856E0,1.026341438E1
3.794201469E1,2.778665423E-1,3.571586847E0,1.077577782E1
3.796228271E1,-1.292124242E-1,3.655335665E0,1.069202900E1
3.798252609E1,-2.871387303E-1,3.573979616E0,1.107248783E1
3.800283964E1,-2.392822644E-3,3.329612732E0,1.186032486E1
3.802310302E1,2.563311160E-1,3.212364435E0,1.200389385E1
3.804337490E1,1.677966863E-1,3.334398270E0,1.163270760E1
3.806361964E1,-3.541377485E-1,3.468396425E0,1.150349522E1
3.808392193E1,-9.358927608E-1,3.389433384E0,1.194168091E1
3.810418287E1,-1.285543919E0,3.047259569E0,1.247797203E1
3.812447094E1,-1.280758262E0,2.740679264E0,1.277976704E1
3.814474656E1,-8.688937426E-1,2.448754787E0,1.222911835E1
3.816501427E1,-6.224330068E-1,2.249851465E0,1.088345432E1
3.818525599E1,-1.148554832E-1,2.077568293E0,1.019641590E1
3.820552859E1,1.582254022E-1,2.120639086E0,1.035434151E1
3.822583677E1,3.161516786E-1,2.158924341E0,1.010788059E1
3.824610734E1,4.573282301E-1,2.173281193E0,9.286544800E0
3.826638135E1,1.486541033E-1,2.190030813E0,8.235497475E0
3.828665625E1,-2.201396823E-1,2.134995937E0,7.483552933E0
3.830692755E1,-4.067798555E-1,1.991426587E0,7.016952515E0
3.832720531E1,-3.349951804E-1,2.027318954E0,6.727121830E0
3.834747812E1,5.629115105E-1,2.180459738E0,6.526124477E0
3.836775062E1,8.452646136E-1,2.357528448E0,6.425326824E0
3.838802354E1,-3.828516230E-2,2.410170555E0,6.511767864E0
3.840829688E1,-1.187438250E0,2.192423820E0,6.583552361E0
3.842853354E1,-1.850549221E0,2.257030010E0,6.889833927E0
3.844883755E1,-9.861420393E-1,2.577967405E0,8.139784813E0
3.846908401E1,8.189435601E-1,2.566003084E0,1.003101158E1
3.848938849E1,1.271486163E0,2.575574398E0,1.136231804E1
3.850963167E1,3.209373355E-1,2.637787819E0,1.146999550E1
3.852993474E1,-3.637090325E-1,2.451147795E0,1.080449200E1
3.855017198E1,-7.657032460E-2,2.307279348E0,1.061785126E1
3.857047839E1,5.027918816E-1,2.268994093E0,1.110838032E1
3.859071865E1,7.663014531E-1,2.120639086E0,1.158006477E1
3.861102562E1,6.729813814E-1,1.897807479E0,1.181007481E1
3.863130109E1,3.520440459E-1,1.900200248E0,1.168804169E1
3.865157260E1,6.801598072E-1,1.620239973E0,1.206610775E1
3.867181203E1,1.316949725E0,1.277767301E0,1.343091393E1
3.869208557E1,1.659422517E0,1.067198873E0,1.394806194E1
3.871239406E1,1.855633974E0,8.036893010E-1,1.236072350E1
3.873263005E1,1.635494232E0,9.714859724E-1,9.458827972E0
3.875294214E1,1.939382792E0,1.608275890E0,7.351947784E0
3.877320703E1,2.997608662E0,2.060818434E0,6.758228302E0
3.879348484E1,3.514757395E0,2.570788860E0,7.328019142E0
3.881375849E1,1.905883193E0,2.635395050E0,8.007880211E0
3.883400224E1,-4.402793646E-1,2.247458696E0,8.333602905E0
3.885429927E1,-1.855334878E0,1.687239051E0,8.551649094E0
3.887457938E1,-2.135594130E0,1.778166294E0,8.688039780E0
3.889481583E1,-1.041476011E0,2.362314224E0,8.458029747E0
3.891511964E1,2.036890239E-1,2.716751099E0,7.854739666E0
3.893539578E1,3.640081584E-1,3.004188776E0,7.117451191E0
3.895566854E1,9.122636169E-2,3.133401155E0,6.025725842E0
3.897594365E1,-1.770688742E-1,3.396611691E0,5.601896763E0
3.899621682E1,-6.320042610E-1,3.595515013E0,6.456732750E0
3.901648667E1,-7.229315639E-1,3.626621723E0,7.550850868E0
3.903676594E1,-4.067798555E-1,3.729513168E0,8.123034477E0
3.905700302E1,-3.158525825E-1,3.920938969E0,8.453244209E0
3.907728448E1,-7.133602500E-1,4.177269936E0,9.265008926E0
3.909758516E1,-8.784649968E-1,4.045664787E0,1.070638561E1
3.911784255E1,-4.737788737E-1,3.731905937E0,1.192493057E1
3.913812464E1,6.945167780E-1,3.509373426E0,1.130489063E1
3.915837599E1,1.077667475E0,3.585943937E0,9.719944954E0
3.917864182E1,6.155536175E-1,3.978366852E0,8.728717804E0
3.919893203E1,-4.546362907E-2,4.069592953E0,8.276175499E0
3.921922255E1,-8.593224287E-1,4.062414646E0,8.819644928E0
3.923952865E1,-1.213759303E0,3.492623806E0,1.023230743E1
3.925976490E1,-1.359721422E0,2.767000198E0,1.134556866E1
3.928004063E1,-9.693922997E-1,2.175673962E0,1.218844032E1
3.930028031E1,-1.890329868E-1,1.852343798E0,1.229133129E1
3.932055453E1,1.175474152E-1,2.137388945E0,1.115174961E1
3.934082484E1,5.700899959E-1,2.328814745E0,9.667302132E0
3.936109885E1,9.337990284E-1,2.371885538E0,8.755039215E0
3.938137276E1,9.290133715E-1,2.568396091E0,8.295317650E0
3.940164396E1,8.596215248E-1,2.642573595E0,8.132605553E0
3.942194958E1,6.323033571E-1,2.635395050E0,8.020143509E0
3.944221057E1,3.687937856E-1,2.668894529E0,8.204390526E0
3.946250073E1,3.951148391E-1,2.585145712E0,8.944071770E0
3.948273557E1,2.826521695E-1,2.798106909E0,9.262616158E0
3.950302865E1,9.870393202E-3,3.176471949E0,8.745467186E0
3.952331964E1,-4.785645287E-3,3.162115097E0,7.919345856E0
3.954359193E1,-1.268195957E-1,3.174079180E0,7.639385223E0
3.956386266E1,1.944168471E-2,3.183650494E0,8.056035995E0
3.958410328E1,-2.727817893E-1,3.020938635E0,9.157332420E0
3.960440401E1,-1.290329576E0,2.869891644E0,1.050748253E1
3.962468599E1,-1.628016710E0,2.747857809E0,1.121157074E1
3.964493208E1,-1.108475089E0,2.633002281E0,1.037348461E1
3.966519927E1,-4.713860750E-1,2.702394009E0,8.855537415E0
3.968550188E1,3.137588799E-1,2.539682150E0,8.520243645E0
3.970577693E1,7.447660565E-1,2.166102648E0,9.530612946E0
3.972601479E1,4.453641176E-1,1.960319996E0,1.055055332E1
3.974632505E1,4.576273263E-2,2.048854351E0,1.065135098E1
3.976656156E1,4.860421121E-1,2.288136721E0,1.094566822E1
3.978687099E1,1.592423439E0,1.993819475E0,1.137906837E1
3.980714500E1,2.147857428E0,1.519741535E0,1.135992527E1
3.982738167E1,2.274677038E0,1.263410330E0,1.102702427E1
3.984768948E1,1.934597135E0,1.148554921E0,1.061785126E1
3.986792615E1,1.621137381E0,1.299302697E0,1.080209827E1
3.988823484E1,2.126322031E0,1.392622828E0,1.099591732E1
3.990850615E1,2.542673111E0,1.821237087E0,1.122353458E1
3.992878073E1,2.444567442E0,1.996212244E0,1.116371441E1
3.994905771E1,1.848455548E0,1.965105653E0,1.017009449E1
3.996932974E1,1.103988528E0,1.823629975E0,8.419744492E0
3.998960036E1,3.640081584E-1,1.864308000E0,6.899405003E0
4.000987234E1,-2.344966233E-1,2.017747641E0,6.334399700E0
4.003014495E1,-1.435693540E-2,1.996212244E0,6.844369888E0
4.005042036E1,7.806583643E-1,2.173281193E0,7.735098362E0
4.007066245E1,1.003190875E0,2.410170555E0,8.005487442E0
4.009096281E1,7.178467698E-3,2.843570709E0,7.184450150E0
4.011123734E1,-1.094118118E0,3.293720484E0,6.492625237E0
4.013151422E1,-1.273579836E0,3.389433384E0,7.019345284E0
4.015175089E1,-5.793621540E-1,3.296113253E0,8.180462837E0
4.017205537E1,1.486541033E-1,3.370290756E0,9.408578873E0
4.019233104E1,-1.674975827E-2,3.312862873E0,1.049551868E1
4.021257198E1,-6.726822853E-1,3.001796007E0,1.040698433E1
4.023287563E1,-9.334999323E-1,2.853141785E0,9.578767776E0
4.025315349E1,-2.967100143E-1,2.711965322E0,9.858728409E0
4.027339354E1,1.226321608E-2,2.652144909E0,1.111555862E1
4.029366219E1,-1.579262912E-1,2.575574398E0,1.127378368E1
4.031393786E1,-4.211367965E-1,2.628216505E0,1.029930687E1
4.033420797E1,9.601201117E-2,2.733500719E0,9.818050385E0
4.035451917E1,1.151844978E0,2.680858612E0,1.076859951E1
4.037475432E1,6.825526357E-1,2.702394009E0,1.286590862E1
4.039505922E1,-1.144367456E0,2.704786777E0,1.417538071E1
4.041533604E1,-1.589731574E0,2.180459738E0,1.370369530E1
4.043560417E1,-1.043868899E0,2.096710920E0,1.145085239E1
4.045588323E1,-7.253243923E-1,2.510968208E0,8.869894028E0
4.047615635E1,-4.283152521E-1,2.532503605E0,7.095915318E0
4.049639495E1,-4.713860750E-1,2.656930447E0,6.425326824E0
4.051670078E1,-5.195416212E-1,2.566003084E0,7.689634800E0
4.053694641E1,-2.775674164E-1,2.393420935E0,9.300901413E0
4.055725250E1,-4.785645287E-3,2.431705952E0,9.834799767E0
4.057748562E1,1.558325738E-1,2.472683191E0,9.322437286E0
4.059777693E1,3.017947674E-1,2.546860695E0,8.178069115E0
4.061803469E1,3.927220106E-1,2.666501760E0,6.976274490E0
4.063831964E1,3.089732230E-1,2.829213619E0,6.267400742E0
4.065861443E1,2.850449979E-1,3.020938635E0,6.090332031E0
4.067887464E1,1.151545867E-1,3.274577856E0,6.643373013E0
4.069916146E1,-5.742774159E-2,3.363112211E0,7.593921661E0
4.071943391E1,-1.339980662E-1,3.241078377E0,8.044071198E0
4.073970833E1,-3.086741269E-1,3.209971666E0,8.000701904E0
4.075998266E1,-5.985047817E-1,3.372683525E0,8.302495956E0
4.078025292E1,-6.200401783E-1,3.600300789E0,8.709575653E0
4.080052938E1,-5.841478109E-1,3.885046721E0,9.169296265E0
4.082076365E1,-4.594219327E-1,3.751048565E0,9.861121178E0
4.084106370E1,-8.853443712E-2,3.150151014E0,1.069202900E1
4.086134776E1,-9.571290761E-2,2.723929405E0,1.124507046E1
4.088164208E1,-3.038884699E-1,2.630609512E0,1.154895878E1
4.090200219E1,2.347957194E-1,2.510968208E0,1.146281719E1
4.092218026E1,1.458126307E0,2.383849621E0,1.111077309E1
4.094240740E1,2.070987940E0,2.566003084E0,1.124267673E1
4.096271052E1,1.592423439E0,2.379063845E0,1.201346493E1
4.098295286E1,1.130309582E0,1.725524187E0,1.294008541E1
4.100323568E1,1.132702470E0,1.210768223E0,1.277258778E1
4.102349688E1,1.668993831E0,1.122233868E0,1.124267673E1
4.104380516E1,2.533101797E0,1.170090318E0,9.377471924E0
4.106404625E1,3.488436222E0,1.225125194E0,8.654540062E0
4.108434901E1,3.529114246E0,1.277767301E0,8.845966339E0
4.110460182E1,2.885145903E0,1.270588875E0,8.939286232E0
4.112486094E1,1.915454507E0,1.311266780E0,8.472386360E0
4.114517214E1,8.476574421E-1,1.383051515E0,7.735098362E0
4.116543984E1,8.404789865E-2,1.424028635E0,7.158128738E0
4.118571802E1,6.490531564E-2,1.543669701E0,6.841977119E0
4.120598578E1,3.592225015E-1,1.914856315E0,6.636194706E0
4.122623307E1,4.645066857E-1,2.412563324E0,6.597909451E0
4.124653260E1,2.491526604E-1,2.738286495E0,6.861119747E0
4.126677297E1,-7.178467698E-3,2.948854923E0,7.174878597E0
4.128707865E1,-3.852444589E-1,3.102294445E0,7.201199532E0
4.130732531E1,-7.013961077E-1,3.353540897E0,7.387839794E0
4.132762547E1,-5.841478109E-1,3.576372623E0,7.847560883E0
4.134790344E1,-3.158525825E-1,3.648157120E0,8.400602341E0
4.136817255E1,-3.541377485E-1,3.758227110E0,9.116654396E0
4.138841526E1,-8.330013752E-1,3.964009762E0,9.765408516E0
4.140872073E1,-1.314257860E0,4.052843571E0,1.030169964E1
4.142899385E1,-1.060618639E0,3.813261986E0,1.100070286E1
4.144926958E1,-2.679961324E-1,3.504587889E0,1.187228870E1
4.146950682E1,1.917249113E-1,3.224328518E0,1.204457188E1
4.148981297E1,-7.417750359E-2,3.116651535E0,1.133599758E1
4.151008849E1,-5.721837282E-1,3.035295486E0,1.057448101E1
4.153035891E1,-5.410770178E-1,2.879462957E0,1.083320522E1
4.155059833E1,-4.618147612E-1,2.503789902E0,1.241815090E1
4.157090604E1,-4.737788737E-1,2.027318954E0,1.385474205E1
4.159117292E1,-5.362913609E-1,1.715952992E0,1.361994648E1
4.161145542E1,-2.656033039E-1,1.601097465E0,1.194646645E1
4.163172823E1,2.300100774E-1,1.792523265E0,1.060319519E1
4.165196500E1,7.615157962E-1,1.871486425E0,1.036151981E1
4.167223734E1,1.309771299E0,1.725524187E0,1.047876835E1
4.169253870E1,1.551446438E0,1.574776411E0,1.008126068E1
4.171281922E1,1.412662625E0,1.431207061E0,9.015856743E0
4.173309104E1,9.672985673E-1,1.349551916E0,7.907381535E0
4.175336719E1,4.046861231E-1,1.354337573E0,7.399804115E0
4.177363990E1,7.686942816E-2,1.428814173E0,7.320840836E0
4.179391271E1,-1.435693651E-1,1.538884044E0,7.225128174E0
4.181418484E1,-5.048855543E-1,1.706381679E0,7.038487911E0
4.183442510E1,-8.258228898E-1,1.790130496E0,6.911369324E0
4.185473036E1,-7.301099896E-1,1.763809443E0,7.129415035E0
4.187500276E1,-3.517449200E-1,1.620239973E0,7.162914753E0
4.189527042E1,-4.259224236E-1,1.871486425E0,6.897012234E0
4.191551552E1,-5.602195859E-1,2.381456852E0,7.282555580E0
4.193582432E1,-7.657032460E-2,2.566003084E0,8.288139343E0
4.195609854E1,2.515454888E-1,2.707179785E0,9.492327690E0
4.197636823E1,8.883354068E-2,2.762214661E0,1.037348461E1
4.199664313E1,4.815555736E-2,2.738286495E0,1.091216850E1
4.201691135E1,8.261220455E-1,2.479861498E0,1.111795139E1
4.203715906E1,1.757528186E0,2.245065928E0,1.123071289E1
4.205742995E1,2.193320990E0,2.149353027E0,1.171436214E1
4.207773583E1,2.047059774E0,2.056032896E0,1.219083309E1
4.209797484E1,1.587637782E0,2.067996979E0,1.197278690E1
4.211825844E1,1.285843015E0,2.087139606E0,1.134556866E1
4.213855750E1,1.721635938E0,1.608275890E0,1.122114182E1
4.215882068E1,1.757528186E0,1.287338614E0,1.204217911E1
4.217907708E1,1.214058399E0,1.232303619E0,1.321795273E1
4.219934037E1,1.360020518E0,9.116654396E-1,1.303340626E1
4.221964698E1,2.286641121E0,9.834501147E-1,1.144606686E1
4.223991818E1,3.273082256E0,1.368694544E0,9.719944954E0
4.226015901E1,3.742374659E0,1.596311808E0,8.441280365E0
4.228046776E1,3.378366470E0,1.622632861E0,7.399804115E0
4.230074026E1,2.109572172E0,1.598704576E0,6.772585392E0
4.232097885E1,5.413761139E-1,1.524527073E0,6.858726978E0
4.234125177E1,-2.536391914E-1,1.416850090E0,7.064808846E0
4.236155974E1,4.785645287E-3,1.339980721E0,7.131807804E0
4.238179651E1,3.951148391E-1,1.641775489E0,7.028916359E0
4.240206880E1,4.884349108E-1,2.053640127E0,6.707979202E0
4.242238016E1,1.486541033E-1,2.443969250E0,6.638587475E0
4.244261641E1,-1.196411327E-1,2.625823736E0,6.514160633E0
4.246288922E1,-4.785645381E-2,2.740679264E0,6.135795593E0
4.248317552E1,-2.392822644E-3,3.145365477E0,6.154938221E0
4.250345375E1,0.000000000E0,3.516551971E0,6.605087757E0
4.252370823E1,8.165507019E-2,3.705585003E0,7.572386265E0
4.254398193E1,-1.770688742E-1,3.715156317E0,8.549256325E0
4.256429339E1,-4.833501875E-1,3.751048565E0,9.358329773E0
4.258453130E1,-4.713860750E-1,3.717549086E0,1.041894817E1
4.260480422E1,-3.780659735E-1,3.705585003E0,1.168086243E1
4.262510979E1,-1.986042857E-1,3.715156317E0,1.258564854E1
4.264538031E1,-1.244267747E-1,3.633800268E0,1.265982628E1
4.266565464E1,-3.900300860E-1,3.605086327E0,1.199910831E1
4.268592943E1,-7.061817646E-1,3.624228954E0,1.150110245E1
4.270620234E1,-7.827520967E-1,3.336791277E0,1.239183044E1
4.272647448E1,-6.272186637E-1,2.609073877E0,1.459920883E1
4.274671266E1,-9.287142754E-1,1.861915112E0,1.565743542E1
4.276702115E1,-1.275972724E0,1.459920883E0,1.437189102E1
4.278726292E1,-7.995018363E-1,1.464706540E0,1.181486130E1
4.280756901E1,1.510469317E-1,1.663310885E0,1.008126068E1
4.282783708E1,5.629115105E-1,2.048854351E0,9.825228691E0
4.284808609E1,1.821536273E-1,2.180459738E0,1.025145054E1
4.286838453E1,-7.896314561E-2,1.897807479E0,1.010548782E1
4.288866266E1,-8.614161611E-2,1.770987868E0,9.202795982E0
4.290893469E1,1.630110443E-1,1.787737608E0,8.130212784E0
4.292920943E1,2.922234535E-1,1.859522343E0,7.430910587E0
4.294944656E1,1.223330572E-1,1.835594058E0,7.385447025E0
4.296975417E1,1.773679852E-1,1.744666815E0,7.229913712E0
4.299003365E1,2.587239444E-1,1.837986946E0,6.851548672E0
4.301026703E1,3.233301640E-1,1.957927108E0,6.444469452E0
4.303053672E1,2.994019389E-1,2.089532375E0,6.028118610E0
4.305084698E1,-1.459621787E-1,2.204387903E0,6.217151642E0
4.307111380E1,-5.171487927E-1,1.972284079E0,7.186842918E0
4.309135958E1,-7.013961077E-1,1.842772484E0,8.015357971E0
4.311166516E1,-5.243272781E-1,2.053640127E0,8.865108490E0
4.313190630E1,-2.033899277E-1,2.314457655E0,9.530612946E0
4.315221031E1,6.011966988E-2,2.479861498E0,9.822835922E0
4.317248500E1,3.855435550E-1,2.410170555E0,9.674481392E0
4.319272500E1,8.141579032E-1,2.206780672E0,9.734301567E0
4.321303297E1,9.194421172E-1,2.029711723E0,1.058644581E1
4.323330313E1,6.490531564E-1,2.091925144E0,1.182682514E1
4.325354292E1,9.218349457E-1,1.974676847E0,1.215942764E1
4.327385026E1,1.338485122E0,2.113460541E0,1.141496086E1
4.329409073E1,1.697707653E0,2.036890268E0,1.066331482E1
4.331439641E1,1.762313843E0,1.675274968E0,1.097916794E1
4.333466781E1,1.316949725E0,1.294517040E0,1.256411362E1
4.335493917E1,1.163809061E0,7.989036441E-1,1.351466274E1
4.337518198E1,1.297807217E0,7.630113363E-1,1.214028454E1
4.339545552E1,1.719243050E0,1.052842021E0,9.825228691E0
4.341576078E1,2.504388094E0,1.373480201E0,8.204390526E0
4.343603776E1,2.583351135E0,1.658525229E0,7.466803074E0
4.345630979E1,1.975275040E0,1.907378793E0,7.471588612E0
4.347654646E1,1.166201949E0,1.787737608E0,7.866703510E0
4.349682109E1,3.735794425E-1,1.706381679E0,7.924131393E0
4.351709787E1,-1.794617027E-1,1.799701691E0,7.782954693E0
4.353736729E1,-4.642075896E-1,1.859522343E0,7.313662529E0
4.355766505E1,-5.123631358E-1,2.067996979E0,6.820441723E0
4.357791635E1,-3.421736360E-1,2.417349100E0,6.700800896E0
4.359821505E1,-2.464607358E-1,2.810070992E0,7.019345284E0
4.361845990E1,-1.196411345E-2,2.997010469E0,7.445267677E0
4.363885990E1,1.079761237E-1,3.064009428E0,7.701598644E0
4.365900385E1,-1.339980662E-1,3.253042459E0,7.900203228E0
4.367930797E1,-3.302095234E-1,3.470789194E0,8.446065903E0
4.369958906E1,-4.163511395E-1,3.607479334E0,8.972785950E0
4.371985505E1,-4.833501875E-1,3.813261986E0,9.434899330E0
4.374009896E1,-3.158525825E-1,3.911367655E0,1.056251717E1
4.376040484E1,-6.699903309E-2,3.717549086E0,1.183878899E1
4.378064255E1,4.785645287E-3,3.444468260E0,1.239183044E1
4.380095318E1,-2.297109663E-1,3.291327477E0,1.216182041E1
4.382122755E1,-9.693922997E-1,3.401397467E0,1.128574753E1
4.384148193E1,-1.505683661E0,3.521337509E0,1.051705360E1
4.386173792E1,-1.395613790E0,3.578765392E0,1.132164001E1
4.388203771E1,-7.277171612E-1,3.269792080E0,1.306690502E1
4.390231927E1,-5.482555032E-1,2.371885538E0,1.400309753E1
4.392258594E1,-1.149153113E0,1.917249203E0,1.327538013E1
4.394283016E1,-1.132403374E0,1.768594980E0,1.184118176E1
4.396313313E1,-5.578267574E-1,1.639382601E0,1.071595669E1
4.398341156E1,-1.100698411E-1,1.821237087E0,1.017966557E1
4.400368964E1,1.223330572E-1,1.957927108E0,9.399007797E0
4.402392365E1,3.089732230E-1,1.912164450E0,8.566005707E0
4.404419432E1,2.922234535E-1,1.945963025E0,8.003094673E0
4.406446698E1,9.601201117E-2,1.876272082E0,7.761419296E0
4.408477219E1,9.840483218E-2,1.596311808E0,7.517351627E0
4.410504573E1,8.644071966E-2,1.584347725E0,6.925725937E0
4.412531583E1,2.012962103E-1,1.732702732E0,6.226722717E0
4.414559547E1,3.903291821E-1,1.883450508E0,6.578766823E0
4.416586406E1,2.682952285E-1,2.103889227E0,7.406982422E0
4.418611073E1,-2.057827413E-1,2.398206472E0,7.914559841E0
4.420641417E1,-3.900300860E-1,2.374278307E0,8.206783295E0
4.422668781E1,-1.842473447E-1,2.422134638E0,8.283353806E0
4.424692807E1,4.576273263E-2,2.711965322E0,8.448458672E0
4.426720062E1,7.686942816E-1,2.745464802E0,8.381459236E0
4.428747141E1,1.182951689E0,2.977867842E0,8.194819450E0
4.430777833E1,6.849454641E-1,3.205185890E0,8.472386360E0
4.432804917E1,1.226321608E-2,3.150151014E0,9.169296265E0
4.434829474E1,-3.349951655E-2,3.037688255E0,1.008126068E1
4.436860151E1,3.855435550E-1,2.898605585E0,1.050269699E1
4.438887339E1,7.280163169E-1,2.654537678E0,1.078295612E1
4.440914635E1,1.257129192E0,2.237887383E0,1.084516907E1
4.442938922E1,1.470090389E0,2.297708035E0,1.049791145E1
4.444965745E1,1.400698543E0,2.431705952E0,1.089302635E1
4.446993568E1,1.556231976E0,2.032104731E0,1.203021526E1
4.449023385E1,1.948953986E0,1.469492197E0,1.255693531E1
4.451047594E1,2.300997972E0,1.155733347E0,1.197517967E1
4.453078016E1,2.619542599E0,9.978070259E-1,1.094327545E1
4.455102531E1,2.952144861E0,1.009771109E0,9.853942871E0
4.457133010E1,2.842075109E0,1.205982566E0,9.116654396E0
4.459156896E1,2.346461773E0,1.373480201E0,8.956035614E0
4.461187234E1,1.470090389E0,1.534098387E0,8.762217522E0
4.463211859E1,1.003190875E0,1.459920883E0,8.288139343E0
4.465238833E1,8.356932998E-1,1.419242978E0,7.711170197E0
4.467266531E1,6.586244106E-1,1.567597985E0,7.320840836E0
4.469297057E1,3.951148391E-1,1.725524187E0,7.033702374E0
4.471324359E1,9.601201117E-2,1.960319996E0,6.801299095E0
4.473348031E1,1.749751568E-1,2.158924341E0,6.767799854E0
4.475378646E1,3.448655605E-1,2.451147795E0,7.160521984E0
4.477405677E1,3.831507266E-1,2.767000198E0,7.668099403E0
4.479430500E1,2.754737139E-1,2.934497833E0,7.713562965E0
4.481460703E1,-1.076770201E-1,3.049652576E0,7.541279793E0
4.483488469E1,-2.440679073E-1,3.188436270E0,7.706384659E0
4.485512484E1,-2.871387303E-1,3.367897987E0,8.537292480E0
4.487539641E1,-7.396813035E-1,3.427718401E0,9.458827972E0
4.489566812E1,-1.642373681E0,3.865904093E0,9.782157898E0
4.491593813E1,-2.065903187E0,4.280161381E0,1.015813065E1
4.493624974E1,-1.599302888E0,4.000201225E0,1.232483101E1
4.495648865E1,-1.012463093E0,3.490231037E0,1.559761429E1
4.497679589E1,-7.181459069E-1,2.822035313E0,1.755135345E1
4.499703912E1,-1.077368379E0,2.020140409E0,1.560000706E1
4.501733833E1,-1.903191328E0,1.689631939E0,1.164706421E1
4.503760802E1,-2.092523336E0,1.955534339E0,9.648159981E0
4.505785229E1,-1.884048700E0,2.266601324E0,1.060080242E1
4.507816896E1,-1.833799481E0,2.259422779E0,1.205653572E1
4.509842635E1,-1.709372640E0,2.089532375E0,1.202542973E1
4.511867177E1,-5.889334679E-1,1.227517962E0,1.114217854E1
4.513894568E1,2.611167729E-1,7.821539044E-1,1.048355389E1
4.515925505E1,3.161516786E-1,9.379864931E-1,1.038305569E1
4.517952662E1,3.616153300E-1,1.141376376E0,1.008604622E1
4.519976281E1,5.940182209E-1,1.177268744E0,9.049356461E0
4.522006912E1,8.117650747E-1,1.088734269E0,7.960023403E0
4.524036062E1,7.591229677E-1,1.095912814E0,7.692027569E0
4.526058323E1,3.305086195E-1,1.210768223E0,8.345566750E0
4.528089188E1,7.447660714E-2,1.308874011E0,8.414958954E0
4.530116208E1,7.926224917E-2,1.479063511E0,7.430910587E0
4.532143755E1,2.276172489E-1,1.814058661E0,6.293721676E0
4.534171214E1,3.807578981E-1,2.190030813E0,5.621039391E0
4.536198151E1,1.821536273E-1,2.532503605E0,5.795715332E0
4.538225969E1,-1.435693651E-1,2.671287298E0,6.993024349E0
4.540252609E1,-1.722832322E-1,2.644966364E0,8.359924316E0
4.542280089E1,1.944168471E-2,2.656930447E0,9.205188751E0
4.544304406E1,1.677966863E-1,2.731107950E0,9.408578873E0
4.546331630E1,-2.632104978E-2,2.853141785E0,9.509077072E0
4.548362172E1,-3.541377485E-1,2.912962437E0,9.631410599E0
4.550388250E1,-1.794617027E-1,2.676073074E0,9.581160545E0
4.552413432E1,5.003990531E-1,2.199602127E0,9.830014229E0
4.554444016E1,5.003990531E-1,2.000998020E0,1.084277630E1
4.556471417E1,2.156531364E-1,1.878664851E0,1.175504017E1
4.558495438E1,8.141579032E-1,1.737488389E0,1.146042442E1
4.560522557E1,1.846062660E0,1.660917997E0,1.075184917E1
4.562553589E1,2.403889418E0,1.531705618E0,1.027059269E1
4.564577521E1,2.626721144E0,1.150947690E0,1.020837975E1
4.566607703E1,2.631506681E0,8.371888399E-1,1.059601688E1
4.568635057E1,2.236391783E0,7.319046259E-1,1.114935684E1
4.570662630E1,2.353640079E0,6.864410043E-1,1.146760273E1
4.572686786E1,2.289033890E0,1.294517040E0,1.144367409E1
4.574717260E1,1.977667928E0,2.180459738E0,1.068245792E1
4.576741172E1,1.786242127E0,2.592324257E0,9.348757744E0
4.578768490E1,1.510768414E0,2.597109795E0,8.108677864E0
4.580795760E1,1.007976532E0,2.307279348E0,7.498209000E0
4.582826432E1,2.036890239E-1,1.931606054E0,7.644171238E0
4.584850312E1,-4.163511395E-1,1.553241014E0,7.699205875E0
4.586881151E1,-6.152545214E-1,1.363908887E0,7.546065331E0
4.588908635E1,-5.386841893E-1,1.507777333E0,7.127022266E0
4.590935948E1,-6.511468887E-1,1.500598907E0,6.803691864E0
4.592963042E1,-8.736793399E-1,1.356730461E0,6.913762093E0
4.594986896E1,-7.396813035E-1,1.323230863E0,6.810870647E0
4.597017500E1,-6.152545214E-1,1.938784599E0,6.375077724E0
4.599045094E1,-3.493520916E-1,2.841177702E0,6.463911057E0
4.601071807E1,-4.307080805E-2,3.245863914E0,7.493124008E0
4.603099885E1,-3.996013701E-1,3.473181963E0,9.298508644E0
4.605123573E1,-1.271187067E0,3.562015533E0,1.083081245E1
4.607154177E1,-1.723729610E0,3.597908020E0,1.149631596E1
4.609178031E1,-1.527219057E0,3.755834341E0,1.155852985E1
4.611208651E1,-7.540382147E-1,3.619443417E0,1.200150108E1
4.613239193E1,9.122636169E-2,3.332005501E0,1.232004547E1
4.615263635E1,8.165507019E-2,3.379862070E0,1.202782249E1
4.617287552E1,-4.378865361E-1,3.396611691E0,1.141496086E1
4.619318422E1,-1.022034407E0,3.111865759E0,1.144845963E1
4.621345656E1,-1.287936807E0,2.554039001E0,1.266461182E1
4.623369401E1,-1.548754454E0,1.998605132E0,1.352184105E1
4.625396635E1,-1.599302888E0,1.857129455E0,1.295922852E1
4.627427708E1,-8.377870321E-1,1.919641972E0,1.153699398E1
4.629451526E1,2.012962103E-1,2.036890268E0,1.047159004E1
4.631481792E1,7.615157962E-1,1.967498422E0,1.002622604E1
4.633505781E1,5.389832854E-1,1.955534339E0,1.020598698E1
4.635536557E1,1.701895148E-1,1.696810365E0,1.019162941E1
4.637564052E1,-1.674975902E-1,1.555633783E0,9.657731056E0
4.639588094E1,-2.943171859E-1,1.495813251E0,8.731110573E0
4.641618854E1,-9.810572863E-2,1.488634825E0,7.847560883E0
4.643642333E1,5.772684515E-2,1.584347725E0,7.320840836E0
4.645669745E1,-1.555334777E-1,1.780559182E0,7.442874908E0
4.647697927E1,-2.129612118E-1,1.806880236E0,7.660920620E0
4.649727891E1,-1.435693540E-2,1.967498422E0,7.143772125E0
4.651756104E1,2.587239444E-1,2.307279348E0,6.257829189E0
4.653779078E1,4.860421121E-1,2.592324257E0,5.922534943E0
4.655809141E1,1.462612897E-1,2.781357288E0,6.415755749E0
4.657834109E1,-2.871387303E-1,2.807678223E0,7.495816231E0
4.659863984E1,-1.004985496E-1,2.640180588E0,8.623434067E0
4.661891677E1,-2.871387079E-2,2.872284412E0,9.763015747E0
4.663919849E1,2.392822644E-3,2.924926519E0,1.029930687E1
4.665942859E1,4.525425732E-1,2.707179785E0,9.597910881E0
4.667973505E1,1.199701428E0,2.369492531E0,8.898608208E0
4.669997917E1,1.422233939E0,1.833201289E0,9.365508080E0
4.672027750E1,6.514459848E-1,1.596311808E0,1.103180981E1
4.674052557E1,5.581258535E-1,1.617847204E0,1.179093266E1
4.676079568E1,1.352842093E0,1.792523265E0,1.112991524E1
4.678107063E1,2.042274237E0,1.984248161E0,1.064656544E1
4.680137333E1,1.999203324E0,1.778166294E0,1.114935684E1
4.682161510E1,1.230808139E0,1.392622828E0,1.239183044E1
4.684189401E1,9.649057388E-1,8.829515576E-1,1.268136215E1
4.686216589E1,1.190130115E0,8.012964725E-1,1.183400345E1
4.688246729E1,1.865205288E0,1.143769264E0,1.043569756E1
4.690271063E1,2.561815739E0,1.380658627E0,9.449256897E0
4.692301745E1,2.399103880E0,1.462313771E0,9.269794464E0
4.694325245E1,1.633101463E0,1.404886007E0,9.375079155E0
4.696355870E1,9.768698215E-1,1.203589797E0,9.080761909E0
4.698383557E1,5.653043389E-1,1.191625714E0,8.175676346E0
4.700410771E1,5.294120312E-1,1.400100350E0,7.354340553E0
4.702438120E1,8.141579032E-1,1.512562990E0,6.715157509E0
4.704461849E1,7.639086246E-1,1.708774447E0,6.226722717E0
4.706489021E1,6.346961856E-1,2.020140409E0,6.123831272E0
4.708520219E1,1.893320978E-1,2.367099762E0,6.394220352E0
4.710547130E1,-1.052841991E-1,2.561217546E0,6.669693947E0
4.712574833E1,1.558325738E-1,2.544467688E0,7.028916359E0
4.714598443E1,2.108674943E-1,2.800499916E0,7.490731239E0
4.716629042E1,9.840483218E-2,3.013760090E0,8.450851440E0
4.718653198E1,1.055833027E-1,2.946461916E0,9.698409081E0
4.720683318E1,-5.123631358E-1,3.037688255E0,1.061785126E1
4.722711266E1,-1.290329576E0,3.064009428E0,1.150588799E1
4.724738646E1,-1.352542996E0,2.939283609E0,1.245643616E1
4.726765990E1,-6.511468887E-1,2.867498875E0,1.305254841E1
4.728793292E1,2.204387933E-1,2.924926519E0,1.291137218E1
4.730820391E1,2.467598319E-1,3.152543783E0,1.203021526E1
4.732847396E1,-2.033899277E-1,3.104687452E0,1.149392319E1
4.734875333E1,-3.517449200E-1,2.757428885E0,1.185793209E1
4.736902089E1,-5.745765567E-1,2.249851465E0,1.298315620E1
4.738929536E1,-9.598209858E-1,1.830808401E0,1.377817154E1
4.740953328E1,-9.382855892E-1,1.378265858E0,1.274626732E1
4.742984412E1,-7.420741320E-1,1.440778375E0,1.098634624E1
4.745008297E1,-2.273181528E-1,1.517348647E0,9.578767776E0
4.747035755E1,7.686942816E-2,1.574776411E0,8.877073288E0
4.749062589E1,-1.674975827E-2,1.663310885E0,8.979964256E0
4.751090396E1,-4.402793646E-1,1.715952992E0,9.650552750E0
4.753120776E1,-5.000999570E-1,1.488634825E0,9.669695854E0
4.755148229E1,-2.967100143E-1,1.416850090E0,8.745467186E0
4.757174854E1,-2.632104978E-2,1.524527073E0,7.646564007E0
4.759202787E1,7.854440212E-1,1.402493119E0,7.538887024E0
4.761226510E1,1.259521961E0,1.438385487E0,8.156534195E0
4.763253896E1,7.016952634E-1,1.854736686E0,8.781359673E0
4.765281516E1,2.276172489E-1,2.077568293E0,8.834002495E0
4.767308995E1,4.764707983E-1,2.012962103E0,8.048856735E0
4.769339552E1,1.120738268E0,2.010569334E0,6.779763699E0
4.771366443E1,1.319342613E0,2.259422779E0,6.284150600E0
4.773393594E1,5.341976285E-1,2.503789902E0,7.323233604E0
4.775417766E1,2.901297435E-2,2.302493572E0,8.951250076E0
4.777448156E1,-3.852444589E-1,2.154138565E0,9.559326172E0
4.779472484E1,-8.545367718E-1,2.443969250E0,9.195617676E0
4.781500292E1,-3.972085714E-1,2.475075960E0,9.126225471E0
4.783527281E1,2.778665423E-1,2.309672117E0,9.434899330E0
4.785557620E1,5.533402562E-1,2.024926186E0,9.858728409E0
4.787581776E1,2.922234535E-1,1.730309844E0,1.085713387E1
4.789612109E1,9.361918271E-2,1.919641972E0,1.164467144E1
4.791639771E1,9.361918569E-1,2.146960020E0,1.121396351E1
4.793667125E1,1.826920033E0,2.070389748E0,1.058166027E1
4.795692052E1,2.051845312E0,1.869093537E0,1.085952663E1
4.797721125E1,1.544267893E0,1.445564032E0,1.210678482E1
4.799748333E1,9.170492887E-1,8.706883192E-1,1.310040474E1
4.801775984E1,8.931210637E-1,5.979065299E-1,1.270319653E1
4.803804318E1,1.326521039E0,7.749754190E-1,1.117807102E1
4.805828000E1,2.020738840E0,1.189232826E0,9.719944954E0
4.807855281E1,2.131107569E0,1.488634825E0,8.558827400E0
4.809885365E1,1.285843015E0,1.732702732E0,7.406982422E0
4.811909573E1,4.477569461E-1,1.636989832E0,6.461518288E0
4.813936672E1,1.031904742E-1,1.440778375E0,5.898606777E0
4.815967396E1,2.392822644E-3,1.486241937E0,5.817250729E0
4.817994703E1,-1.004985496E-1,1.584347725E0,6.020939827E0
4.820018865E1,-3.876372576E-1,1.809273005E0,6.334399700E0
4.822049432E1,-4.737788737E-1,2.056032896E0,6.758228302E0
4.824077865E1,-6.942176819E-1,2.359921217E0,7.299305439E0
4.826104208E1,-9.717850685E-1,2.652144909E0,7.670492172E0
4.828131333E1,-9.023932219E-1,2.896212816E0,7.948059559E0
4.830158932E1,-5.650052428E-1,3.133401155E0,8.192426682E0
4.832185938E1,-2.033899277E-1,3.422932863E0,8.527421951E0
4.834213578E1,-6.200401783E-1,3.710370541E0,8.991928101E0
4.836240958E1,-1.316650629E0,3.743870020E0,9.324830055E0
4.838268177E1,-1.441077471E0,3.731905937E0,9.887442589E0
4.840292604E1,-1.134796143E0,3.609872103E0,1.124507046E1
4.842319177E1,-1.362114310E0,3.104687452E0,1.260479164E1
4.844346974E1,-1.642373681E0,2.371885538E0,1.345962715E1
4.846377167E1,-1.572981834E0,1.991426587E0,1.323230934E1
4.848404458E1,-1.350150228E0,2.201995134E0,1.244447231E1
4.850430370E1,-6.846463680E-1,2.146960020E0,1.304297733E1
4.852455958E1,-3.996013701E-1,1.584347725E0,1.485793304E1
4.854483172E1,-8.688937426E-1,1.115055323E0,1.504696655E1
4.856510490E1,-5.267201066E-1,7.271189690E-1,1.317458248E1
4.858537469E1,2.659024298E-1,7.989036441E-1,1.132164001E1
4.860564927E1,9.912267923E-1,9.810572863E-1,1.050748253E1
4.862596073E1,1.254736423E0,1.062413216E0,9.956833839E0
4.864620125E1,6.227321029E-1,1.229910851E0,9.568898201E0
4.866647208E1,1.031904742E-1,1.244267821E0,9.236295700E0
4.868674167E1,-1.794617027E-1,1.189232826E0,8.575576782E0
4.870704438E1,-1.531406492E-1,1.198804140E0,7.761419296E0
4.872728823E1,2.754737139E-1,1.251446247E0,7.263412952E0
4.874759250E1,5.772684813E-1,1.328016520E0,7.445267677E0
4.876783542E1,3.185445070E-1,1.402493119E0,8.137392044E0
4.878814474E1,-7.896314561E-2,1.469492197E0,8.206783295E0
4.880841141E1,-2.871387079E-2,1.526919961E0,7.323233604E0
4.882868646E1,2.611167729E-1,1.873879194E0,6.521338940E0
4.884893052E1,7.208378315E-1,2.206780672E0,6.741478920E0
4.886923615E1,9.768698215E-1,2.278565407E0,7.546065331E0
4.888947443E1,5.796613097E-1,2.242672920E0,8.498707771E0
4.890974526E1,7.686942816E-2,2.158924341E0,9.133403778E0
4.893001912E1,-3.206382394E-1,2.295315027E0,9.446864128E0
4.895032453E1,7.208377868E-2,2.357528448E0,9.585947037E0
4.897060021E1,7.328019142E-1,2.194816589E0,9.614660263E0
4.899087427E1,1.041476011E0,2.182852507E0,9.820443153E0
4.901114620E1,8.165507317E-1,2.060818434E0,1.019880867E1
4.903142271E1,1.342971772E-1,1.926820397E0,1.055055332E1
4.905166005E1,-1.914258152E-1,1.974676847E0,1.002622604E1
4.907193526E1,4.740779996E-1,2.036890268E0,9.238688469E0
4.909220453E1,2.128714800E0,1.713560104E0,9.415757179E0
4.911251177E1,2.451745987E0,1.234696507E0,1.077577782E1
4.913283260E1,8.883354068E-1,9.690931439E-1,1.221236897E1
4.915305646E1,1.151545867E-1,5.261218548E-1,1.223629665E1
4.917333396E1,1.917249113E-1,4.328017831E-1,1.118046379E1
4.919356995E1,6.131607890E-1,1.024128079E0,1.027059269E1
4.921384208E1,1.529910922E0,1.306481123E0,9.949655533E0
4.923411656E1,1.673779488E0,1.412064433E0,9.973584175E0
4.925439365E1,7.519445419E-1,1.361516118E0,9.968798637E0
4.927466427E1,-2.991028428E-1,1.301695466E0,9.640981674E0
4.929497287E1,-9.287142754E-1,1.313659668E0,9.432506561E0
4.931524042E1,-6.726822853E-1,1.292124271E0,8.644968987E0
4.933548443E1,-9.332008660E-2,1.529312730E0,7.488338470E0
4.935575802E1,1.725823283E-1,1.924427629E0,6.698407650E0
4.937603448E1,2.392822644E-3,2.273779631E0,6.937690258E0
4.939630141E1,-3.254238665E-1,2.347957134E0,7.842775345E0
4.941661026E1,-5.362913609E-1,2.400599241E0,8.036892891E0
4.943684927E1,-4.977070987E-1,2.678465843E0,7.744669437E0
4.945712188E1,-2.991028428E-1,2.982653379E0,7.644171238E0
4.947742510E1,-1.842473447E-1,3.064009428E0,8.340781212E0
4.949770297E1,-2.919243574E-1,3.159722328E0,9.248259544E0
4.951797615E1,-6.990033388E-1,3.276970625E0,9.935298920E0
4.953824557E1,-8.042874932E-1,3.248256683E0,1.075902748E1
4.955851224E1,-6.463612318E-1,3.013760090E0,1.141256714E1
4.957876099E1,-7.301099896E-1,2.714358091E0,1.151785183E1
4.959906464E1,-8.114659786E-1,2.554039001E0,1.122353458E1
4.961930615E1,-7.348956466E-1,2.599502802E0,1.027537823E1
4.963967620E1,-7.779664397E-1,2.980260611E0,9.897013664E0
4.965989000E1,-6.846463680E-1,3.104687452E0,1.061785126E1
4.968012948E1,-6.511468887E-1,2.793321371E0,1.194407368E1
4.970039943E1,-7.420741320E-1,2.280958176E0,1.278455257E1
4.972070693E1,-8.617152572E-1,1.926820397E0,1.222433281E1
4.974098182E1,-6.056832075E-1,1.739881158E0,1.123549843E1
4.976125115E1,-1.292124242E-1,1.526919961E0,1.096720314E1
4.978152745E1,-4.067798331E-2,1.620239973E0,1.090020466E1
4.980180219E1,-9.332008660E-2,1.636989832E0,1.036869907E1
4.982207396E1,-1.507478207E-1,1.680060625E0,9.463613510E0
4.984233292E1,-2.488535494E-1,1.739881158E0,8.786145210E0
4.986261995E1,-6.511468887E-1,1.864308000E0,8.417351723E0
4.988289469E1,-7.612167001E-1,1.814058661E0,8.077570915E0
4.990315693E1,-2.727817893E-1,1.486241937E0,7.993523121E0
4.992340198E1,-2.057827413E-1,1.675274968E0,8.245068550E0
4.994367526E1,-3.445664644E-1,1.907378793E0,8.438887596E0
4.996398307E1,-2.488535494E-1,2.012962103E0,7.955237865E0
4.998422495E1,6.490531564E-2,2.170888424E0,7.081558704E0
5.000451516E1,3.735794425E-1,2.245065928E0,7.050451756E0
5.002480604E1,3.951148391E-1,2.345564365E0,8.369495392E0
5.004507714E1,4.740779996E-1,2.228316069E0,9.487542152E0
5.006532167E1,5.075774789E-1,2.312064886E0,9.437292099E0
5.008561849E1,2.371885478E-1,2.625823736E0,8.759824753E0
5.010589359E1,2.183450572E-2,2.774178743E0,8.338388443E0
5.012616453E1,2.802593410E-1,2.487040043E0,8.618648529E0
5.014644240E1,4.836492836E-1,1.816451430E0,1.024427223E1
5.016671318E1,1.414756328E-1,1.335195065E0,1.236072350E1
5.018695703E1,-3.182454109E-1,1.299302697E0,1.293051434E1
5.020725724E1,-1.268195957E-1,1.445564032E0,1.185314560E1
5.022753500E1,4.836492836E-1,1.761416554E0,1.058166027E1
5.024777385E1,1.056132078E0,1.742274046E0,1.049073315E1
5.026804896E1,1.304985642E0,1.272981644E0,1.111316586E1
5.028835724E1,1.197308660E0,1.000199914E0,1.108923721E1
5.030862734E1,9.098708034E-1,1.115055323E0,1.045723343E1
5.032890062E1,1.144666553E0,1.232303619E0,9.681659698E0
5.034917672E1,1.683350682E0,1.363908887E0,9.107083321E0
5.036944906E1,1.704886079E0,1.467099428E0,9.018249512E0
5.038972167E1,1.247557878E0,1.464706540E0,9.358329773E0
5.040999219E1,7.256234884E-1,1.213161111E0,9.422935486E0
5.043023302E1,1.247258782E-1,1.007378340E0,9.059226990E0
5.045053526E1,-3.158525825E-1,1.060020447E0,8.362317085E0
5.047077958E1,-3.349951804E-1,1.217946768E0,7.368697166E0
5.049108406E1,2.183450572E-2,1.471885085E0,6.250650883E0
5.051136047E1,2.802593410E-1,1.826022744E0,5.824429512E0
5.053162776E1,3.592225015E-1,2.096710920E0,6.085546017E0
5.055187531E1,6.011966988E-2,2.316850424E0,6.796513557E0
5.057214255E1,-6.391827464E-1,2.371885538E0,7.469195843E0
5.059241766E1,-9.885348678E-1,2.460718870E0,7.522137165E0
5.061272375E1,-4.929214716E-1,2.685644388E0,7.265805721E0
5.063300094E1,1.127617657E-1,3.056830883E0,8.240283012E0
5.065327375E1,2.706880569E-1,3.142972469E0,1.004058266E1
5.067354552E1,-2.679961324E-1,3.135794163E0,1.107009506E1
5.069381818E1,-9.406784177E-1,3.255435228E0,1.112034416E1
5.071408891E1,-7.396813035E-1,3.109472990E0,1.086191940E1
5.073436177E1,1.007976532E-1,2.903391123E0,1.101266670E1
5.075463787E1,5.796613097E-1,2.680858612E0,1.114457130E1
5.077487385E1,9.361918271E-2,2.666501760E0,1.119960594E1
5.079515453E1,-6.296114326E-1,2.501396894E0,1.160399342E1
5.081545787E1,-1.295115232E0,2.264208317E0,1.192253780E1
5.083569932E1,-1.747657895E0,2.451147795E0,1.229372501E1
5.085602318E1,-1.405185103E0,2.257030010E0,1.297597790E1
5.087627693E1,-1.053440213E0,2.008176327E0,1.285394382E1
5.089651359E1,-8.593224287E-1,1.699203134E0,1.177418327E1
5.091681776E1,-4.881358147E-1,1.395314693E0,1.175504017E1
5.093709115E1,-5.024927258E-1,1.416850090E0,1.218365479E1
5.095737167E1,-6.631109715E-1,1.620239973E0,1.163510036E1
5.097764266E1,-3.756731451E-1,1.639382601E0,1.052183914E1
5.099789594E1,9.601201117E-2,1.548455358E0,9.341579437E0
5.101818208E1,2.180459648E-1,1.493420482E0,8.458029747E0
5.103858208E1,6.969095767E-2,1.368694544E0,8.034500122E0
5.105873500E1,3.379862010E-2,1.268195987E0,7.881060600E0
5.107900901E1,-4.546362907E-2,1.282552958E0,7.605885983E0
5.109924531E1,-1.914258115E-2,1.419242978E0,7.227520943E0
5.111955156E1,3.619144112E-2,1.622632861E0,6.827620506E0
5.113985760E1,2.778665423E-1,1.735095501E0,6.801299095E0
5.116006703E1,1.773679852E-1,1.924427629E0,7.033702374E0
5.118037276E1,-3.684946895E-1,2.130210400E0,7.450053215E0
5.120064318E1,-4.761717021E-1,2.137388945E0,7.725526810E0
5.122091609E1,-4.019941986E-1,2.340778828E0,8.060821533E0
5.124119604E1,-2.464607358E-1,2.475075960E0,8.630612373E0
5.126146516E1,-1.148554832E-1,2.515753984E0,9.542576790E0
5.128170286E1,-9.239286184E-1,2.838784933E0,1.013420200E1
5.130201266E1,-1.910369754E0,2.944069147E0,9.880263329E0
5.132228224E1,-1.220937729E0,2.501396894E0,9.947262764E0
5.134255958E1,4.525425732E-1,1.675274968E0,1.119003487E1
5.136279521E1,1.137488008E0,1.217946768E0,1.221715450E1
5.138307151E1,1.007976532E0,1.443171144E0,1.191775227E1
5.140338521E1,1.309771299E0,1.622632861E0,1.080209827E1
5.142364755E1,1.285843015E0,1.739881158E0,1.034237766E1
5.144392401E1,8.668000102E-1,1.325623751E0,1.136710358E1
5.146419464E1,2.635096014E-1,1.167697430E0,1.256411362E1
5.148447286E1,1.055833027E-1,1.088734269E0,1.278933811E1
5.150472693E1,9.026923180E-1,9.403793216E-1,1.175025463E1
5.152498109E1,1.874776483E0,1.237089276E0,1.011027431E1
5.154525354E1,2.487638235E0,1.620239973E0,9.054141998E0
5.156554271E1,2.303390980E0,1.859522343E0,9.059226990E0
5.158580016E1,1.678565025E0,1.759023786E0,9.099904060E0
5.160607526E1,9.026923180E-1,1.706381679E0,8.630612373E0
5.162634604E1,3.664009571E-1,1.732702732E0,7.749455452E0
5.164662292E1,1.582254022E-1,1.744666815E0,7.014559746E0
5.166692474E1,1.055833027E-1,1.823629975E0,6.495018005E0
5.168716651E1,1.127617657E-1,1.991426587E0,6.006583214E0
5.170747620E1,1.941177398E-1,2.070389748E0,5.781358719E0
5.172774625E1,3.759722710E-1,2.204387903E0,5.726323605E0
5.174802182E1,3.233301640E-1,2.463111877E0,5.929713726E0
5.176829422E1,-1.363908947E-1,2.881855726E0,6.880262375E0
5.178853167E1,-4.594219327E-1,3.169293642E0,8.393424034E0
5.180880537E1,-2.153540403E-1,3.300898790E0,9.657731056E0
5.182911542E1,1.271187067E-1,3.329612732E0,9.830014229E0
5.184935068E1,3.140579537E-2,3.449253798E0,9.274580956E0
5.186962432E1,-4.522434771E-1,3.645764351E0,9.229117393E0
5.188993021E1,-7.516453862E-1,3.772583961E0,9.978369713E0
5.191019870E1,-2.871387079E-2,3.562015533E0,1.100309563E1
5.193047542E1,4.094717801E-1,3.241078377E0,1.189621735E1
5.195071651E1,-2.392822644E-3,3.025724173E0,1.231765270E1
5.197102245E1,-1.067797065E0,2.898605585E0,1.180528927E1
5.199129839E1,-1.855334878E0,3.035295486E0,1.099591732E1
5.201153771E1,-1.479362607E0,3.159722328E0,1.112752247E1
5.203181052E1,-6.128616929E-1,2.860320330E0,1.255932808E1
5.205208922E1,-4.833501875E-1,2.599502802E0,1.383320713E1
5.207239005E1,-7.683951855E-1,2.340778828E0,1.347398472E1
5.209266047E1,-6.846463680E-1,2.134995937E0,1.182921791E1
5.211293604E1,-5.024927258E-1,2.094317913E0,9.822835922E0
5.213320875E1,8.165507019E-2,1.953141451E0,8.520243645E0
5.215348484E1,5.605186820E-1,1.809273005E0,8.517850876E0
5.217375823E1,2.922234535E-1,1.773380637E0,9.389435768E0
5.219403125E1,-3.565305769E-1,1.658525229E0,1.004058266E1
5.221430495E1,-7.253243923E-1,1.462313771E0,9.492327690E0
5.223457422E1,-7.301099896E-1,1.378265858E0,7.921738625E0
5.225481833E1,-6.511468887E-1,1.591526151E0,6.849155903E0
5.227512365E1,-5.219344497E-1,1.811665893E0,7.071987152E0
5.229536010E1,-6.559324861E-1,2.185245275E0,8.125427246E0
5.231566370E1,-6.008976102E-1,2.278565407E0,8.680861473E0
5.233590943E1,-7.157530785E-1,2.343171597E0,8.343173981E0
5.235621375E1,-5.434698462E-1,2.431705952E0,7.878667831E0
5.237645391E1,8.165507019E-2,2.544467688E0,7.960023403E0
5.239675979E1,2.635096014E-1,2.745464802E0,8.549256325E0
5.241699953E1,4.692923427E-1,2.697608471E0,9.525827408E0
5.243731531E1,4.429712892E-1,2.654537678E0,1.021077251E1
5.245758099E1,3.975076675E-1,2.506182671E0,9.935298920E0
5.247784786E1,3.879363835E-1,2.326421738E0,9.473184586E0
5.249809573E1,3.185445070E-1,2.494218588E0,9.748658180E0
5.251837271E1,7.686942816E-2,2.402992249E0,1.083320522E1
5.253864135E1,-7.178467698E-3,2.048854351E0,1.112512970E1
5.255892677E1,2.324029058E-1,1.917249203E0,1.030409241E1
5.257918677E1,7.375875711E-1,2.017747641E0,1.020120144E1
5.259945526E1,1.400698543E0,1.634596944E0,1.106052399E1
5.261972833E1,2.047059774E0,9.978070259E-1,1.231525993E1
5.264011198E1,2.300997972E0,9.643075466E-1,1.216182041E1
5.266028162E1,1.879562140E0,1.569990754E0,1.066810036E1
5.268058589E1,1.788634896E0,1.711167336E0,9.152546883E0
5.270085917E1,1.771885157E0,1.890628934E0,8.450851440E0
5.272113000E1,1.278664589E0,2.254637241E0,7.567600727E0
5.274140391E1,8.189435601E-1,2.656930447E0,7.842775345E0
5.276167927E1,8.907282352E-1,2.625823736E0,8.414958954E0
5.278195193E1,1.072881818E0,2.302493572E0,8.700003624E0
5.280219083E1,8.380861282E-1,2.192423820E0,8.300103188E0
5.282246250E1,3.448655605E-1,2.134995937E0,7.067201614E0
5.284276589E1,-2.775674164E-1,2.249851465E0,6.064010620E0
5.286304443E1,-3.254238665E-1,2.731107950E0,5.992226124E0
5.288331094E1,-6.939185411E-2,3.281756163E0,6.691229343E0
5.290356974E1,-1.387837082E-1,3.399004459E0,7.675277710E0
5.292386266E1,-3.828516304E-1,3.181257725E0,8.242675781E0
5.294413578E1,-6.080760360E-1,3.229114056E0,8.096714020E0
5.296440438E1,-1.603191197E-1,3.449253798E0,8.278568268E0
5.298468365E1,6.203392744E-1,3.746263027E0,8.884251595E0
5.300495349E1,7.639086246E-1,3.870689631E0,9.684052467E0
5.302522839E1,1.031904742E-1,3.861118555E0,1.034237766E1
5.304546516E1,-3.924229145E-1,3.786941051E0,1.113978577E1
5.306577641E1,-3.373879790E-1,3.645764351E0,1.174307632E1
5.308604349E1,-3.158525825E-1,3.305684566E0,1.230568886E1
5.310632250E1,-7.731808424E-1,2.934497833E0,1.222672558E1
5.312659542E1,-1.331007600E0,3.068794966E0,1.123549843E1
5.314686776E1,-1.302293777E0,3.052045345E0,1.012463093E1
5.316710438E1,-1.307079315E0,3.056830883E0,9.987940788E0
5.318737995E1,-5.072783828E-1,2.843570709E0,1.157767200E1
5.320768734E1,6.227321029E-1,2.012962103E0,1.259522057E1
5.322792724E1,8.285148144E-1,1.153340459E0,1.183878899E1
5.324819745E1,-4.402793646E-1,1.555633783E0,1.047398281E1
5.326850318E1,-1.242473125E0,1.998605132E0,9.358329773E0
5.328877219E1,-1.002891779E0,1.663310885E0,8.862715721E0
5.330904885E1,-3.637090325E-1,1.603490233E0,8.829216003E0
5.332931979E1,3.379862010E-2,1.639382601E0,8.640183449E0
5.334959938E1,-1.435693540E-2,1.804487348E0,8.178069115E0
5.336983391E1,1.465603895E-2,1.907378793E0,7.873881817E0
5.339010885E1,-1.914258115E-2,1.837986946E0,7.488338470E0
5.341038078E1,-4.570291340E-1,1.878664851E0,6.973582268E0
5.343065745E1,-8.593224287E-1,2.199602127E0,6.564409733E0
5.345095932E1,-6.966105103E-1,2.527718067E0,6.679265499E0
5.347120333E1,-2.129612118E-1,2.604288340E0,7.510172844E0
5.349149615E1,1.941177398E-1,2.640180588E0,8.549256325E0
5.351174912E1,2.491526604E-1,2.637787819E0,8.972785950E0
5.353205630E1,-1.603191197E-1,2.764607430E0,9.375079155E0
5.355229328E1,-3.278166950E-1,2.781357288E0,9.743872643E0
5.357256490E1,4.815555736E-2,2.692822695E0,9.727123260E0
5.359283927E1,7.926224917E-2,2.843570709E0,9.999904633E0
5.361311203E1,-1.124626622E-1,3.145365477E0,1.045484066E1
5.363342057E1,1.247258782E-1,2.989831924E0,1.147478104E1
5.365365833E1,6.011967063E-1,2.333600283E0,1.269841099E1
5.367396979E1,6.634100676E-1,1.957927108E0,1.283719444E1
5.369424078E1,8.883354068E-1,2.044068813E0,1.210678482E1
5.371448047E1,1.683350682E0,1.955534339E0,1.094566822E1
5.373478458E1,1.654636860E0,1.981855392E0,1.033759212E1
5.375502385E1,1.187737346E0,1.938784599E0,1.023230743E1
5.377533484E1,1.221236825E0,1.395314693E0,1.072552872E1
5.379557583E1,1.683350682E0,6.337988973E-1,1.148195934E1
5.381587526E1,1.867598057E0,4.328017831E-1,1.187707424E1
5.383611839E1,1.783849239E0,7.175477147E-1,1.092652512E1
5.385642344E1,1.599601984E0,1.191625714E0,9.346364975E0
5.387666365E1,1.551446438E0,1.636989832E0,7.797311783E0
5.389696823E1,1.558624864E0,1.977069736E0,7.074379921E0
5.391721323E1,1.300199986E0,1.897807479E0,7.644171238E0
5.393748422E1,9.577272534E-1,1.785344839E0,8.486743927E0
5.395778833E1,7.471588850E-1,1.648953915E0,8.915358543E0
5.397806542E1,5.195416212E-1,1.548455358E0,8.393424034E0
5.399831896E1,3.759722710E-1,1.629811287E0,7.593921661E0
5.401858620E1,-2.153540403E-2,1.759023786E0,7.095915318E0
5.403898620E1,-5.602195859E-1,2.120639086E0,7.143772125E0
5.405915682E1,-7.636095285E-1,2.225923300E0,7.531708241E0
5.407942792E1,-8.282157183E-1,2.230708838E0,8.230711937E0
5.409966870E1,-6.990033388E-1,2.168495417E0,8.628219604E0
5.411994083E1,-5.650052428E-1,2.288136721E0,9.027820587E0
5.414024823E1,-6.798607111E-1,2.534896374E0,9.684052467E0
5.416052047E1,-8.425726891E-1,2.635395050E0,9.739087105E0
5.418079401E1,-8.162516356E-1,2.721536636E0,9.758230209E0
5.420107052E1,-6.439684033E-1,2.946461916E0,1.015813065E1
5.422130484E1,1.438684613E-1,3.006581545E0,1.079491997E1
5.424160792E1,1.031904817E0,2.597109795E0,1.152263737E1
5.426185271E1,6.873382926E-1,2.347957134E0,1.165184975E1
5.428216000E1,-4.091726840E-1,2.391027927E0,1.098873901E1
5.430240047E1,-1.000499010E0,2.300100803E0,1.008843899E1
5.432267458E1,-9.478568435E-1,2.357528448E0,1.007647514E1
5.434294656E1,1.366899908E-1,2.029711723E0,1.111555862E1
5.436325307E1,1.147059321E0,1.445564032E0,1.196560860E1
5.438352745E1,1.031904817E0,1.127019525E0,1.206371403E1
5.440376271E1,3.711866140E-1,9.475577474E-1,1.144367409E1
5.442407130E1,2.132603228E-1,7.797610760E-1,1.024187946E1
5.444431641E1,1.390828192E-1,9.068797827E-1,9.406186104E0
5.446461797E1,1.701895148E-1,1.184447169E0,9.308079720E0
5.448489219E1,3.233301640E-1,1.431207061E0,9.250652313E0
5.450516745E1,3.711866140E-1,1.589133382E0,8.702396393E0
5.452543880E1,3.520440459E-1,1.565205097E0,7.739883900E0
5.454570714E1,-2.392822653E-1,1.701596022E0,7.062416077E0
5.456595104E1,-9.334999323E-1,1.902593136E0,7.131807804E0
5.458625880E1,-1.034297585E0,2.101496458E0,7.895417213E0
5.460649557E1,-5.602195859E-1,2.225923300E0,8.812466621E0
5.462679792E1,1.582254022E-1,2.288136721E0,9.119047165E0
5.464704641E1,5.341976285E-1,2.405385017E0,9.147761345E0
5.466731359E1,7.328019142E-1,2.340778828E0,9.087940216E0
5.468759010E1,6.418746710E-1,2.268994093E0,8.951250076E0
5.470789016E1,4.118646085E-1,2.237887383E0,8.898608208E0
5.472813724E1,1.558325738E-1,2.144567251E0,8.958429337E0
5.474844198E1,-4.546362907E-2,2.089532375E0,9.157332420E0
5.476871500E1,-1.842473447E-1,2.039283037E0,9.147761345E0
5.478899016E1,-1.148554832E-1,2.010569334E0,9.260223389E0
5.480922964E1,3.855435550E-1,1.711167336E0,1.008126068E1
5.482953302E1,7.902296782E-1,1.213161111E0,1.098156071E1
5.484977797E1,4.381856322E-1,8.925228715E-1,1.174546909E1
5.487007969E1,4.549354017E-1,9.260223508E-1,1.180768204E1
5.489035370E1,1.199701428E0,1.217946768E0,1.080449200E1
5.491062370E1,1.652244091E0,1.519741535E0,9.707980156E0
5.493090203E1,1.470090389E0,1.495813251E0,9.274580956E0
5.495117500E1,9.888339639E-1,1.083948612E0,1.026102161E1
5.497144755E1,1.144666553E0,3.535395563E-1,1.220997620E1
5.499171521E1,1.441376567E0,1.333998591E-1,1.300229931E1
5.501199510E1,1.300199986E0,6.433702111E-1,1.227697468E1
5.503223125E1,1.597209096E0,1.179661512E0,1.052183914E1
5.505250344E1,2.063809633E0,1.476670623E0,9.171689034E0
5.507280870E1,1.977667928E0,1.450349569E0,8.719146729E0
5.509305260E1,1.324128270E0,1.383051515E0,8.628219604E0
5.511336130E1,7.758727670E-1,1.138983607E0,8.491529465E0
5.513363214E1,4.716851711E-1,8.853443861E-1,8.120641708E0
5.515390500E1,9.601201117E-2,8.997012973E-1,7.586743355E0
5.517418026E1,-2.895315289E-1,1.093519926E0,7.191628456E0
5.519445391E1,-5.267201066E-1,1.373480201E0,6.889833927E0
5.521468932E1,-6.032904387E-1,1.605883121E0,6.911369324E0
5.523499453E1,-7.205387354E-1,1.742274046E0,7.105486870E0
5.525527057E1,-1.000499010E0,1.948355794E0,7.150950432E0
5.527554620E1,-1.118046403E0,2.209173441E0,7.371089935E0
5.529578521E1,-1.122832060E0,2.290529490E0,8.221140862E0
5.531608812E1,-1.407577872E0,2.233101845E0,9.506684303E0
5.533633146E1,-1.462612867E0,2.197209358E0,1.068963623E1
5.535660224E1,-1.130010486E0,2.175673962E0,1.137428284E1
5.537691031E1,-1.091725349E0,2.252244234E0,1.167607689E1
5.539718589E1,-1.017248750E0,2.252244234E0,1.180768204E1
5.541745542E1,-1.483550072E-1,1.806880236E0,1.156092262E1
5.543772646E1,-2.775674164E-1,1.768594980E0,1.092891788E1
5.545797021E1,-9.693922997E-1,1.897807479E0,1.034477043E1
5.547826521E1,-8.497511148E-1,1.816451430E0,1.050269699E1
5.549851354E1,-3.852444589E-1,1.677667737E0,1.151306629E1
5.551881094E1,-2.225325108E-1,1.232303619E0,1.277737427E1
5.553906047E1,-1.292124242E-1,8.300103545E-1,1.327298737E1
5.555933458E1,-2.727817893E-1,5.165506005E-1,1.239183044E1
5.557960531E1,-5.000999570E-1,5.237290859E-1,1.071834946E1
5.559991250E1,-1.579262912E-1,8.012964725E-1,9.497113228E0
5.562015208E1,3.592225015E-1,7.342974544E-1,9.171689034E0
5.564045000E1,2.970091105E-1,7.917252183E-1,9.135796547E0
5.566073474E1,-3.708875179E-1,1.172483087E0,9.174081802E0
5.568100807E1,-3.924229145E-1,1.162911773E0,8.817252159E0
5.570127875E1,1.247258782E-1,1.129412293E0,7.948059559E0
5.572155135E1,4.980062246E-1,1.284945726E0,7.349554539E0
5.574182297E1,2.036890239E-1,1.452742457E0,7.196413994E0
5.576209635E1,-7.851449251E-1,1.747059584E0,7.311269760E0
5.578237188E1,-1.292722464E0,1.941177368E0,7.644171238E0
5.580261490E1,-7.229315639E-1,1.818844318E0,7.981558800E0
5.582288484E1,-4.067798331E-2,1.866700768E0,7.955237865E0
5.584319010E1,-1.100698411E-1,1.909771562E0,7.962416649E0
5.586342995E1,-7.085745931E-1,2.003390789E0,8.242675781E0
5.588370094E1,-7.085745931E-1,1.965105653E0,8.965607643E0
5.590401990E1,-5.650052428E-1,1.799701691E0,9.686445236E0
5.592428094E1,-7.013961077E-1,1.818844318E0,1.006929684E1
5.594455568E1,-6.224330068E-1,1.854736686E0,1.027537823E1
5.596482953E1,-2.584248483E-1,1.873879194E0,1.048833942E1
5.598507010E1,-1.028913707E-1,1.723131418E0,1.092173958E1
5.600537552E1,-2.632105052E-1,1.272981644E0,1.163270760E1
5.602561620E1,-5.554339290E-1,8.877372146E-1,1.239900875E1
5.604591766E1,-1.914258152E-1,8.757730722E-1,1.250429249E1
5.606616208E1,8.069794178E-1,1.033699393E0,1.186989594E1
5.608646688E1,1.019940615E0,1.308874011E0,1.094327545E1
5.610674224E1,5.940182209E-1,1.064806104E0,1.052183914E1
5.612701542E1,4.477569461E-1,6.505486369E-1,1.112512970E1
5.614728536E1,9.194421172E-1,1.501496136E-1,1.229133129E1
5.616755714E1,1.570888042E0,-2.138585299E-1,1.268614769E1
5.618780062E1,1.697707653E0,3.050848842E-2,1.166889858E1
5.620810896E1,1.486840129E0,3.391826153E-1,1.029930687E1
5.622834427E1,1.082453132E0,4.543372095E-1,9.157332420E0
5.624865193E1,3.113660514E-1,6.385845542E-1,8.520243645E0
5.626889219E1,-4.785645381E-2,7.797610760E-1,8.235497475E0
5.628919995E1,2.901297435E-2,7.893323898E-1,8.259425163E0
5.630947318E1,6.011966988E-2,9.092726111E-1,8.240283012E0
5.632970901E1,-2.512463629E-1,1.091127157E0,7.739883900E0
5.635001891E1,-9.909276962E-1,1.268195987E0,7.136593342E0
5.637028719E1,-1.331007600E0,1.375872970E0,6.612266064E0
5.639056432E1,-1.338186026E0,1.529312730E0,6.422934055E0
5.641083625E1,-1.395613790E0,2.005783558E0,6.875476837E0
5.643108000E1,-1.163509965E0,2.199602127E0,7.873881817E0
5.645134948E1,-7.660023570E-1,2.173281193E0,8.752646446E0
5.647165380E1,-6.487540603E-1,2.168495417E0,8.893822670E0
5.649193146E1,-8.377870321E-1,2.300100803E0,8.556434631E0
5.651216823E1,-1.235294700E0,2.407777786E0,8.716753960E0
5.653247286E1,-1.232901812E0,2.391027927E0,9.576375008E0
5.655271656E1,-9.167501926E-1,2.410170555E0,1.030887794E1
5.657299286E1,-9.095717072E-1,2.613859653E0,1.088824081E1
5.659326104E1,-8.210372925E-1,2.484647274E0,1.192253780E1
5.661357036E1,-7.348956466E-1,2.173281193E0,1.254975700E1
5.663381130E1,-9.239286184E-1,2.127817631E0,1.161835003E1
5.665411099E1,-8.473583460E-1,2.024926186E0,1.045484066E1
5.667435563E1,-3.613162339E-1,1.866700768E0,1.093609715E1
5.669465547E1,4.621138871E-1,1.306481123E0,1.322513103E1
5.671493609E1,-6.699903309E-2,8.084749579E-1,1.467817211E1
5.673520714E1,-1.354935765E0,6.672984362E-1,1.357926846E1
5.675548193E1,-1.256830096E0,4.471587241E-1,1.114457130E1
5.677572057E1,-6.774678826E-1,8.252246976E-1,9.717552185E0
5.679599333E1,-5.024927482E-2,1.162911773E0,9.576375008E0
5.681627578E1,1.175474152E-1,1.148554921E0,9.873085022E0
5.683654172E1,-3.828516304E-1,1.268195987E0,1.001186943E1
5.685684818E1,-2.967100143E-1,1.100698471E0,9.501898766E0
5.687709036E1,2.347957194E-1,1.026520967E0,8.513064384E0
5.689735901E1,5.051847100E-1,1.177268744E0,7.622635841E0
5.691764984E1,3.927220106E-1,1.261017561E0,6.964011192E0
5.693793953E1,1.055833027E-1,1.507777333E0,6.988238335E0
5.695821370E1,2.901297435E-2,1.718345761E0,7.703991413E0
5.697844865E1,2.874378264E-1,1.871486425E0,8.347960472E0
5.699875875E1,4.286143482E-1,2.077568293E0,8.113463402E0
5.701902599E1,2.036890239E-1,2.228316069E0,7.387839794E0
5.703932500E1,-4.307080805E-2,2.510968208E0,7.115057945E0
5.705957698E1,-1.100698411E-1,2.692822695E0,7.890631676E0
5.707981750E1,-1.220339537E-1,2.647359133E0,8.616254807E0
5.710008859E1,-9.810572863E-2,2.829213619E0,8.759824753E0
5.712039917E1,-8.614161611E-2,3.205185890E0,8.994320869E0
5.714067083E1,7.447660714E-2,3.320041418E0,9.724730492E0
5.716094406E1,4.477569461E-1,3.188436270E0,1.054816055E1
5.718121162E1,4.142574072E-1,3.123830080E0,1.112273693E1
5.720148839E1,4.956133962E-1,2.915355206E0,1.128096199E1
5.722176073E1,1.168594718E0,2.613859653E0,1.112752247E1
5.724200344E1,2.075773716E0,2.278565407E0,1.087866879E1
5.726231125E1,2.245963097E0,2.297708035E0,1.068245792E1
5.728254760E1,1.604387641E0,2.326421738E0,1.094806099E1
5.730282755E1,1.281057477E0,2.027318954E0,1.134317589E1
5.732309224E1,1.992024899E0,1.488634825E0,1.152503014E1
5.734336948E1,3.074178934E0,1.194018483E0,1.125224876E1
5.736367427E1,4.003192425E0,1.301695466E0,1.030887794E1
5.738391266E1,3.979264021E0,1.524527073E0,9.193224907E0
5.740421344E1,3.160619497E0,1.675274968E0,8.740681648E0
5.742449344E1,2.315355062E0,1.711167336E0,8.903393745E0
5.744473599E1,1.783849239E0,1.701596022E0,8.877073288E0
5.746500406E1,1.728814363E0,1.759023786E0,8.903393745E0
5.748531349E1,1.877169371E0,1.797308922E0,8.472386360E0
5.750555214E1,1.841277003E0,1.984248161E0,7.543672562E0
5.752586162E1,1.661815286E0,2.204387903E0,6.846762657E0
5.754609812E1,1.218844056E0,2.455933332E0,6.808477879E0
5.756636969E1,8.261220455E-1,2.642573595E0,6.913762093E0
5.758664432E1,7.974081635E-1,2.862713099E0,6.973582268E0
5.760691667E1,8.548358679E-1,3.116651535E0,6.935297489E0
5.762722568E1,1.051346421E0,3.255435228E0,7.052844524E0
5.764746464E1,1.159023523E0,3.219542980E0,7.636992455E0
5.766777432E1,1.019940615E0,3.099901676E0,8.371888161E0
5.768804672E1,1.170987606E0,3.054438114E0,8.996713638E0
5.770831807E1,1.068096161E0,3.202793121E0,9.434899330E0
5.772855484E1,7.375875711E-1,3.576372623E0,9.973584175E0
5.774882875E1,9.409775138E-1,3.633800268E0,1.116849995E1
5.776910427E1,1.304985642E0,3.449253798E0,1.218604755E1
5.778941042E1,1.379163146E0,3.554837227E0,1.207807159E1
5.780964828E1,1.331306696E0,3.681656837E0,1.126899815E1
5.782992401E1,1.517946839E0,3.497409344E0,1.060080242E1
5.785019839E1,1.125523925E0,3.233899832E0,1.102463150E1
5.787050292E1,3.113660514E-1,2.673680305E0,1.209960651E1
5.789077396E1,-5.048855543E-1,2.134995937E0,1.311236858E1
5.791104542E1,-1.141974568E0,1.919641972E0,1.310758305E1
5.793128760E1,-1.094118118E0,1.876272082E0,1.192014503E1
5.795159062E1,-7.851449251E-1,2.144567251E0,1.053380394E1
5.797187083E1,-4.689932466E-1,2.237887383E0,9.916155815E0
5.799213891E1,-4.570291340E-1,1.957927108E0,9.861121178E0
5.801237870E1,-6.463612318E-1,1.672882080E0,9.913763046E0
5.803265281E1,-5.171487927E-1,1.543669701E0,9.600303650E0
5.805296287E1,-2.967100143E-1,1.543669701E0,8.757431984E0
5.807323453E1,-1.268195957E-1,1.617847204E0,7.804490089E0
5.809350807E1,-2.153540403E-2,1.644168258E0,6.940083027E0
5.811377745E1,-7.657032460E-2,1.723131418E0,6.727121830E0
5.813402016E1,-2.775674164E-1,1.902593136E0,7.251449108E0
5.815432552E1,-4.474578202E-1,2.108675003E0,7.988737583E0
5.817459776E1,-2.727817893E-1,2.187638044E0,7.787740231E0
5.819487125E1,-8.135596663E-2,2.297708035E0,7.026523590E0
5.821511443E1,-4.546362907E-2,2.520539522E0,6.700800896E0
5.823538589E1,1.226321608E-2,2.566003084E0,7.225128174E0
5.825565781E1,-4.785645381E-2,2.616252422E0,8.254639626E0
5.827596427E1,4.097708687E-2,2.673680305E0,9.561718941E0
5.829620760E1,3.257229924E-1,2.635395050E0,1.046441174E1
5.831650943E1,3.137588799E-1,2.637787819E0,1.062024403E1
5.833675083E1,7.926224917E-2,2.869891644E0,1.013659477E1
5.835706312E1,4.097708687E-2,2.939283609E0,9.691230774E0
5.837729688E1,2.395813614E-1,2.647359133E0,1.006690407E1
5.839758667E1,6.227321029E-1,2.180459738E0,1.107009506E1
5.841787990E1,6.035895348E-1,2.163709879E0,1.182203960E1
5.843813214E1,6.538388133E-1,2.393420935E0,1.147717381E1
5.845838906E1,1.113559842E0,2.506182671E0,1.060558796E1
5.847867781E1,1.446162224E0,2.369492531E0,9.954441071E0
5.849893620E1,1.633101463E0,1.943570137E0,1.060319519E1
5.851924146E1,1.604387641E0,1.450349569E0,1.199671555E1
5.853948151E1,1.726421595E0,1.105484009E0,1.265025520E1
5.855975370E1,2.092822552E0,1.100698471E0,1.157049370E1
5.858006099E1,2.494816780E0,1.210768223E0,9.547362328E0
5.860033370E1,2.660220623E0,1.354337573E0,7.852346420E0
5.862057448E1,2.430210590E0,1.462313771E0,7.081558704E0
5.864087635E1,1.965703845E0,1.459920883E0,7.450053215E0
5.866112177E1,1.297807217E0,1.375872970E0,8.508278847E0
5.868143031E1,3.472583890E-1,1.241874933E0,8.762217522E0
5.870167182E1,-3.828516304E-1,1.210768223E0,7.986344814E0
5.872196854E1,-5.458626747E-1,1.253839016E0,7.048058987E0
5.874224781E1,-1.244267747E-1,1.275374413E0,6.358327866E0
5.876251797E1,2.754737139E-1,1.514955878E0,5.963512421E0
5.878276156E1,2.563311160E-1,1.893021822E0,6.336792469E0
5.880305354E1,-2.751746178E-1,2.506182671E0,8.187641144E0
5.882334068E1,-4.594219327E-1,2.762214661E0,1.034716320E1
5.884357734E1,-4.522434771E-1,2.570788860E0,1.064895821E1
5.886388531E1,-6.631109715E-1,2.616252422E0,9.391828537E0
5.888416151E1,-5.482555032E-1,2.702394009E0,8.297710419E0
5.890440901E1,-6.942176819E-1,2.910569668E0,7.983952045E0
5.892467229E1,-1.352542996E0,3.123830080E0,9.092725754E0
5.894494516E1,-1.106082320E0,2.668894529E0,1.067527866E1
5.896525464E1,-4.642075896E-1,2.412563324E0,1.134317589E1
5.898549078E1,7.208377868E-2,2.604288340E0,1.133599758E1
5.900579969E1,4.576273263E-2,2.908176899E0,1.179332542E1
5.902607026E1,-5.937191248E-1,2.994617462E0,1.168804169E1
5.904634245E1,-3.110669367E-2,2.381456852E0,1.140060329E1
5.906658677E1,9.026923180E-1,1.670489311E0,1.281087303E1
5.908689417E1,1.247258782E-1,1.775773525E0,1.488903999E1
5.910716729E1,-4.235295951E-1,1.272981644E0,1.427617836E1
5.912743802E1,-2.560320199E-1,9.882357717E-1,1.121874905E1
5.914770948E1,1.917249113E-1,1.239482164E0,9.025427818E0
5.916798130E1,4.166502357E-1,1.656132340E0,8.877073288E0
5.918825875E1,-7.896314561E-2,2.053640127E0,1.013659477E1
5.920852474E1,-2.632105052E-1,1.881057739E0,1.065135098E1
5.922876875E1,-2.344966233E-1,1.435992718E0,9.803693771E0
5.924907328E1,-4.474578202E-1,1.232303619E0,8.544470787E0
5.926935151E1,-4.953143001E-1,1.055234790E0,7.759026527E0
5.928962271E1,-4.857429862E-1,9.164510965E-1,7.488338470E0
5.930986292E1,-1.007677436E0,1.045663476E0,8.113463402E0
5.933016745E1,-1.070189953E0,1.067198873E0,8.979964256E0
5.935044422E1,-3.397808075E-1,9.786644578E-1,8.877073288E0
5.937071375E1,-5.024927482E-2,1.323230863E0,7.814061642E0
5.939095708E1,-3.110669553E-1,1.763809443E0,7.625028610E0
5.941125932E1,-2.775674164E-1,1.816451430E0,8.604290962E0
5.943152750E1,4.453641176E-1,1.866700768E0,9.097511292E0
5.945177380E1,9.768698215E-1,2.139781713E0,8.977571487E0
5.947204771E1,6.514459848E-1,2.431705952E0,9.286544800E0
5.949234953E1,2.659024298E-1,2.554039001E0,9.966405869E0
5.951262974E1,4.214358926E-1,2.566003084E0,1.002383327E1
5.953290177E1,5.820540786E-1,2.956332445E0,1.017009449E1
5.955314307E1,3.831507266E-1,3.162115097E0,1.045005512E1
5.957344766E1,1.725823283E-1,2.491825581E0,1.087388325E1
5.959368766E1,-1.148554832E-1,1.634596944E0,1.159202957E1
5.961399552E1,-4.546363056E-1,1.383051515E0,1.362712479E1
5.963423458E1,1.151545867E-1,1.380658627E0,1.496082401E1
5.965450401E1,1.269093275E0,1.289731383E0,1.239422321E1
5.967477729E1,1.735992789E0,1.861915112E0,8.501100540E0
5.969508286E1,1.336092353E0,2.652144909E0,6.214758396E0
5.971535339E1,3.520440459E-1,3.265006542E0,6.810870647E0
5.973559833E1,-8.853443712E-2,3.147758245E0,9.492327690E0
5.975586958E1,4.525425732E-1,2.652144909E0,1.095763206E1
5.977614292E1,7.256234884E-1,2.747857809E0,1.001665497E1
5.979641849E1,7.399803996E-1,3.016152859E0,8.048856735E0
5.981672354E1,6.227321029E-1,3.183650494E0,6.648158550E0
5.983697287E1,-1.531406492E-1,3.394218922E0,6.542874336E0
5.985723865E1,-1.051047325E0,3.533301830E0,7.392625332E0
5.987752568E1,-9.334999323E-1,3.147758245E0,7.957630634E0
5.989778521E1,-5.650052428E-1,2.985046148E0,7.644171238E0
5.991808917E1,-2.679961324E-1,3.478266716E0,7.251449108E0
5.993848917E1,5.054837838E-2,3.880260944E0,7.287341595E0
5.995863156E1,-1.435693651E-1,3.959224224E0,7.421339512E0
5.997890917E1,-3.397808075E-1,3.916153431E0,7.538887024E0
5.999914797E1,-1.914258152E-1,3.968795538E0,7.510172844E0
6.001945839E1,-1.507478207E-1,4.215555191E0,7.833203793E0
6.003978745E1,2.422732860E-2,4.459623337E0,8.604290962E0
6.006000034E1,3.017947674E-1,4.569992065E0,8.924929619E0
6.008024279E1,2.276172489E-1,4.785346031E0,9.042177200E0
6.010055133E1,2.422732860E-2,4.792524815E0,9.123832703E0
6.012081935E1,-7.178468257E-2,4.648955345E0,9.413364410E0
6.014109461E1,-2.632104978E-2,4.483551502E0,9.832406998E0
6.016133633E1,-4.905286431E-1,4.567599297E0,9.384650230E0
6.018163972E1,-1.316650629E0,4.787738800E0,8.680861473E0
6.020188008E1,-1.374078393E0,4.363910198E0,9.212367058E0
6.022215347E1,-1.311864972E0,3.959224224E0,1.122592735E1
6.024255347E1,-1.426720500E0,3.576372623E0,1.311236858E1
6.026273086E1,-1.220937729E0,2.860320330E0,1.300708485E1
6.028300534E1,-1.235294700E0,2.752643347E0,1.112991524E1
6.030326805E1,-1.070189953E0,3.087937593E0,9.480362892E0
6.032351878E1,4.097708687E-2,2.965903759E0,8.757431984E0
6.034382513E1,5.676971674E-1,2.891427040E0,9.046963692E0
6.036410003E1,3.927220106E-1,2.575574398E0,9.219545364E0
6.038434378E1,-7.417750359E-2,2.127817631E0,8.726325035E0
6.040464159E1,-6.224330068E-1,2.056032896E0,8.039285660E0
6.042491763E1,-2.488535494E-1,2.221137524E0,7.672884941E0
6.044515706E1,3.137588799E-1,2.609073877E0,7.615457058E0
6.046546628E1,3.305086195E-1,3.047259569E0,8.084749222E0
6.048574076E1,1.989033818E-1,3.195614576E0,8.628219604E0
6.050600769E1,7.926224917E-2,3.351148129E0,8.388637543E0
6.052625289E1,3.041875660E-1,3.600300789E0,7.701598644E0
6.054655529E1,9.625129104E-1,3.832404613E0,7.546065331E0
6.056679914E1,1.735992789E0,4.222733974E0,8.051250458E0
6.058707164E1,2.145464659E0,4.373481750E0,8.848359108E0
6.060738092E1,1.829312921E0,4.275375843E0,9.320044518E0
6.062765003E1,1.283450246E0,4.402195454E0,9.561718941E0
6.064788925E1,1.364806175E0,4.613062859E0,9.544969559E0
6.066819102E1,1.714457393E0,4.747061253E0,9.300901413E0
6.068846904E1,1.783849239E0,4.763810635E0,1.005015373E1
6.070874149E1,1.609173179E0,4.399802685E0,1.096002483E1
6.072898092E1,1.388734460E0,3.980759621E0,1.129531956E1
6.074928899E1,1.496411443E0,3.717549086E0,1.069202900E1
6.076956097E1,1.759921074E0,3.571586847E0,9.774979591E0
6.078983972E1,1.700100541E0,3.473181963E0,9.434899330E0
6.081007466E1,1.412662625E0,3.047259569E0,1.029930687E1
6.083037737E1,1.108774185E0,2.546860695E0,1.139581776E1
6.085063508E1,1.096810102E0,2.067996979E0,1.175264740E1
6.087089742E1,1.704886079E0,1.972284079E0,1.089541912E1
6.089120425E1,1.819741607E0,2.865106106E0,9.176474571E0
6.091147232E1,2.293819666E0,2.386242390E0,8.233104706E0
6.093174628E1,1.072881818E0,2.580360174E0,8.316853523E0
6.095202024E1,1.869392693E-1,2.767000198E0,9.355937004E0
6.097226045E1,4.477569461E-1,2.388635159E0,9.556933403E0
6.099253232E1,6.155536175E-1,2.707179785E0,8.405387878E0
6.101280743E1,8.476574421E-1,2.994617462E0,7.117451191E0
6.103311107E1,6.394818425E-1,3.092723370E0,6.557231426E0
6.105338904E1,-6.272186637E-1,3.245863914E0,7.392625332E0
6.107362732E1,-1.086939692E0,3.059223652E0,8.242675781E0
6.109393399E1,-7.516453862E-1,2.884248495E0,8.199604988E0
6.111420576E1,-4.067798555E-1,3.336791277E0,7.519744396E0
6.113447836E1,8.404789865E-2,3.820440531E0,7.208378315E0
6.115471805E1,3.664009571E-1,4.012165546E0,7.052844524E0
6.117502310E1,1.223330572E-1,4.177269936E0,7.366304398E0
6.119530003E1,-2.009970993E-1,4.134199142E0,8.369495392E0
6.121557289E1,-3.589234129E-2,4.112663746E0,9.250652313E0
6.123584336E1,4.262215197E-1,4.332803726E0,9.152546883E0
6.125608732E1,8.404789567E-1,4.538885593E0,8.508278847E0
6.127639024E1,7.184450030E-1,4.742275238E0,9.226723671E0
6.129662987E1,5.581258535E-1,4.395017147E0,1.060319519E1
6.131694404E1,5.099703074E-1,3.801297903E0,1.151785183E1
6.133717649E1,2.826521695E-1,3.454039574E0,1.142213917E1
6.135746612E1,-2.775674164E-1,3.772583961E0,1.063699436E1
6.137772300E1,-8.090731502E-1,4.249054909E0,1.076859951E1
6.139801388E1,-4.953143001E-1,3.937688828E0,1.202303600E1
6.141830336E1,-5.024927258E-1,3.348755360E0,1.216182041E1
6.143870336E1,-8.856434822E-1,2.752643347E0,1.100070286E1
6.145884998E1,-9.813563824E-1,2.491825581E0,9.995119095E0
6.147912529E1,-5.841478109E-1,2.673680305E0,9.777372360E0
6.149936065E1,1.462612897E-1,2.606681108E0,9.693623543E0
6.151966805E1,4.980062246E-1,2.302493572E0,9.142974854E0
6.153994232E1,4.094717801E-1,2.230708838E0,8.417351723E0
6.156021378E1,-7.657032460E-2,2.156531334E0,8.146963120E0
6.158045722E1,-4.067798555E-1,2.015354872E0,8.123034477E0
6.160076503E1,-5.219344497E-1,1.993819475E0,8.170890808E0
6.162103456E1,-2.177468538E-1,2.079961061E0,7.871489048E0
6.164131925E1,3.137588799E-1,2.283350945E0,7.280162811E0
6.166154800E1,7.208378315E-1,2.530110836E0,6.918547630E0
6.168185586E1,7.878368497E-1,2.647359133E0,6.901797771E0
6.170209743E1,2.587239444E-1,2.757428885E0,7.462017536E0
6.172240217E1,-1.028913707E-1,2.702394009E0,8.144570351E0
6.174267409E1,6.538388133E-1,2.656930447E0,8.597112656E0
6.176294539E1,1.709671736E0,2.874677420E0,8.652147293E0
6.178318524E1,1.929811478E0,3.099901676E0,8.743074417E0
6.180348467E1,1.393520117E0,3.035295486E0,9.284152031E0
6.182376581E1,7.926225066E-1,2.968296528E0,1.019641590E1
6.184400638E1,1.242772222E0,2.688037157E0,1.111555862E1
6.186431206E1,2.171785593E0,2.395813704E0,1.153220844E1
6.188458420E1,2.305783749E0,2.575574398E0,1.181725407E1
6.190486196E1,1.788634896E0,2.618645191E0,1.214028454E1
6.192512763E1,1.795813441E0,2.276172638E0,1.154417324E1
6.194540836E1,2.080559254E0,2.304886341E0,1.060798073E1
6.196564243E1,1.867598057E0,2.690429926E0,1.082602692E1
6.198591868E1,1.685743570E0,2.395813704E0,1.212353516E1
6.200618899E1,1.745564103E0,1.797308922E0,1.256172085E1
6.202646440E1,1.752742529E0,1.603490233E0,1.101505947E1
6.204677092E1,1.252343535E0,2.067996979E0,9.257830620E0
6.206704123E1,9.002995491E-1,2.379063845E0,8.896215439E0
6.208731701E1,8.763712645E-1,2.414956331E0,9.477970123E0
6.210759175E1,1.103988528E0,2.379063845E0,9.729516029E0
6.212785779E1,1.206879973E0,2.252244234E0,9.126225471E0
6.214810086E1,6.634100676E-1,2.292922258E0,8.204390526E0
6.216837487E1,3.041875660E-1,2.223530531E0,7.596314430E0
6.218864831E1,7.208377868E-2,2.216351986E0,7.229913712E0
6.220895768E1,-9.571290575E-3,2.364706993E0,7.071987152E0
6.222919420E1,1.606182158E-1,2.503789902E0,6.983452797E0
6.224950196E1,4.788636267E-1,2.884248495E0,7.165307522E0
6.226977581E1,8.285148144E-1,3.154936552E0,7.490731239E0
6.229004821E1,6.825526357E-1,3.253042459E0,7.342376232E0
6.231032123E1,2.662015148E-2,3.276970625E0,7.031309128E0
6.233059513E1,-1.411765367E-1,3.174079180E0,7.110272408E0
6.235083409E1,2.706880569E-1,3.310470104E0,7.790132999E0
6.237113888E1,7.184450030E-1,3.399004459E0,8.786145210E0
6.239138274E1,7.734799385E-1,3.552444220E0,1.001665497E1
6.241168430E1,1.917249113E-1,3.684049606E0,1.078774166E1
6.243196029E1,-1.627119333E-1,3.664906979E0,1.045484066E1
6.245223289E1,4.070789516E-1,3.554837227E0,1.011027431E1
6.247247336E1,9.816554785E-1,3.636193037E0,1.048116112E1
6.249277493E1,8.859425783E-1,3.882653952E0,1.105334473E1
6.251301716E1,8.787640929E-1,3.786941051E0,1.099352455E1
6.253329133E1,7.040880919E-1,3.894618034E0,1.060319519E1
6.255360242E1,2.467598319E-1,4.093521118E0,1.048833942E1
6.257387440E1,8.165507019E-2,3.849154234E0,1.068963623E1
6.259414742E1,3.879363835E-1,3.483052492E0,1.098873901E1
6.261441571E1,8.285148144E-1,3.327219963E0,1.037587738E1
6.263465935E1,1.027119160E0,3.461217880E0,9.303294182E0
6.265496352E1,1.312164068E0,3.614657640E0,8.618648529E0
6.267520242E1,1.544267893E0,3.652942896E0,8.233104706E0
6.269551071E1,1.328913927E0,3.617050648E0,8.268997192E0
6.271578592E1,9.433703423E-1,3.408575773E0,8.510671616E0
6.273605899E1,7.184450030E-1,3.332005501E0,8.417351723E0
6.275633170E1,1.000798106E0,3.365504980E0,7.995915890E0
6.277660435E1,1.027119160E0,3.276970625E0,7.294519901E0
6.279684409E1,7.375875711E-1,3.267399311E0,6.564409733E0
6.281714451E1,2.491526604E-1,3.535694599E0,6.554838657E0
6.283740388E1,-1.483550072E-1,3.497409344E0,7.249056339E0
6.285766305E1,-1.124626622E-1,3.310470104E0,7.265805721E0
6.287797430E1,3.975076675E-1,3.406183004E0,6.928118706E0
6.289824550E1,9.074779749E-1,3.679263830E0,7.079165936E0
6.291851821E1,6.849454641E-1,3.815654755E0,7.363911629E0
6.293878758E1,-2.727817893E-1,3.975973845E0,8.158926964E0
6.295906513E1,-3.158525825E-1,3.760619879E0,8.805288315E0
6.297933789E1,4.836492836E-1,3.712763548E0,9.140582085E0
6.299960940E1,8.907282352E-1,4.036093712E0,9.954441071E0
6.301987967E1,6.849454641E-1,4.208376884E0,1.090499020E1
6.304023128E1,4.190430641E-1,4.000201225E0,1.163749313E1
6.306042503E1,7.519445419E-1,3.035295486E0,1.180768204E1
6.308066696E1,1.295414329E0,2.357528448E0,1.156810093E1
6.310097253E1,1.714457393E0,2.309672117E0,1.205892849E1
6.312125024E1,2.102393866E0,2.599502802E0,1.297358513E1
6.314151727E1,2.202892303E0,2.836392164E0,1.348594856E1
6.316175982E1,2.432603359E0,2.398206472E0,1.320329666E1
6.318203206E1,2.808575630E0,1.646561027E0,1.212832069E1
6.320230654E1,3.134298563E0,1.210768223E0,1.062024403E1
6.322261206E1,3.481257915E0,1.335195065E0,9.813264847E0
6.324285680E1,3.009572744E0,1.672882080E0,9.832406998E0
6.326312592E1,1.869990945E0,1.960319996E0,9.312865257E0
6.328343248E1,1.434198022E0,1.809273005E0,8.158926964E0
6.330368940E1,1.477268934E0,1.677667737E0,7.524529934E0
6.332394461E1,1.297807217E0,1.670489311E0,7.134200573E0
6.334425045E1,8.045865893E-1,1.787737608E0,7.076773167E0
6.336452503E1,3.257229924E-1,1.842772484E0,7.526922703E0
6.338476289E1,-9.571290575E-3,1.984248161E0,7.536494255E0
6.340503628E1,-5.503492057E-2,2.285743713E0,7.021738052E0
6.342531060E1,-1.914258115E-2,2.776571512E0,6.832406044E0
6.344558519E1,-8.374879509E-2,3.104687452E0,7.189235687E0
6.346587128E1,-1.914258115E-2,3.095116138E0,7.330412388E0
6.348616409E1,-5.024927482E-2,3.193221807E0,7.727920055E0
6.350643716E1,-7.178467698E-3,3.308077335E0,8.278568268E0
6.352671107E1,9.601201117E-2,3.483052492E0,9.171689034E0
6.354698138E1,-4.043870270E-1,3.681656837E0,1.048833942E1
6.356725467E1,-7.420741320E-1,3.564408541E0,1.181486130E1
6.358749670E1,-3.326023519E-1,3.305684566E0,1.214028454E1
6.360780388E1,1.079761237E-1,3.612264872E0,1.169282722E1
6.362807237E1,-6.460621208E-2,4.086342812E0,1.109162998E1
6.364834711E1,-2.392822644E-3,4.033700943E0,1.048355389E1
6.366862107E1,1.821536273E-1,3.617050648E0,1.024187946E1
6.368889789E1,-1.938186288E-1,3.123830080E0,1.083559799E1
6.370913237E1,-7.660023570E-1,2.453540564E0,1.198953724E1
6.372943821E1,-1.319043517E0,2.161317110E0,1.231286716E1
6.374971440E1,-1.541576028E0,2.199602127E0,1.111555862E1
6.376995539E1,-1.206580877E0,2.393420935E0,9.506684303E0
6.379025883E1,-4.929214716E-1,2.340778828E0,8.714361191E0
6.381053336E1,-1.962114573E-1,2.463111877E0,9.042177200E0
6.383080295E1,-7.516453862E-1,2.656930447E0,9.480362892E0
6.385108258E1,-9.669994712E-1,2.429313183E0,9.293723106E0
6.387135482E1,-7.636095285E-1,2.192423820E0,8.364709854E0
6.389159623E1,-3.469592929E-1,2.151745796E0,7.227520943E0
6.391186420E1,1.247258782E-1,2.249851465E0,6.674479485E0
6.393213852E1,2.874378264E-1,2.455933332E0,6.916154861E0
6.395244342E1,-3.589234129E-2,2.709572554E0,7.430910587E0
6.397272217E1,-7.896314561E-2,2.767000198E0,7.605885983E0
6.399299003E1,2.898306549E-1,2.709572554E0,7.328019142E0
6.401323039E1,3.568296731E-1,3.037688255E0,7.287341595E0
6.403354081E1,1.199402362E-1,3.437289715E0,7.794919014E0
6.405381456E1,2.443670183E-1,3.346362352E0,8.513064384E0
6.407408878E1,8.261220455E-1,3.451646566E0,9.166903496E0
6.409435789E1,1.041476011E0,3.774976730E0,1.011027431E1
6.411462727E1,8.404789567E-1,3.789333820E0,1.049312592E1
6.413490284E1,1.182951689E0,3.772583961E0,9.810872078E0
6.415517847E1,1.795813441E0,3.739084482E0,9.276973724E0
6.417541680E1,1.774278045E0,3.676871061E0,1.020120144E1
6.419569039E1,1.788634896E0,3.480659723E0,1.101027393E1
6.421599961E1,2.174178362E0,3.466003656E0,1.062981510E1
6.423623607E1,2.729612350E0,3.444468260E0,9.956833839E0
6.425650909E1,3.541078329E0,3.207578659E0,1.007168961E1
6.427678388E1,3.617648840E0,2.929712296E0,1.107488060E1
6.429708977E1,2.904288530E0,2.716751099E0,1.152981567E1
6.431733279E1,3.249154091E0,2.479861498E0,1.043330479E1
6.433760310E1,3.735196114E0,2.551646233E0,8.915358543E0
6.435788940E1,3.368795156E0,2.924926519E0,8.137392044E0
6.437818185E1,2.557030201E0,3.042474031E0,8.216354370E0
6.439844513E1,2.150250196E0,2.944069147E0,8.247461319E0
6.441873154E1,2.277069807E0,2.587538481E0,8.032107353E0
6.443905503E1,2.193320990E0,2.484647274E0,8.091927528E0
6.445924018E1,1.558624864E0,2.692822695E0,8.096714020E0
6.447953024E1,1.168594718E0,2.745464802E0,7.625028610E0
6.449982071E1,1.142273664E0,2.867498875E0,6.995417118E0
6.452009107E1,1.247557878E0,3.059223652E0,6.774978161E0
6.454037034E1,1.216451168E0,3.243471146E0,6.849155903E0
6.456063763E1,7.974081635E-1,3.492623806E0,6.873084068E0
6.458091144E1,6.897311211E-1,3.679263830E0,6.942475796E0
6.460118597E1,8.428717852E-1,4.009772778E0,7.433303356E0
6.462145998E1,1.357627749E0,4.234697819E0,8.395816803E0
6.464172024E1,1.783849239E0,4.392624378E0,9.420542717E0
6.466197508E1,1.206879973E0,4.747061253E0,1.022512913E1
6.468227914E1,8.213363886E-1,4.797310352E0,1.061545849E1
6.470255795E1,1.139880896E0,4.660919189E0,1.116610718E1
6.472282956E1,1.386341572E0,4.560420990E0,1.117089272E1
6.474306904E1,1.400698543E0,4.519742966E0,1.028016472E1
6.476333722E1,1.024726272E0,4.502694130E0,9.176474571E0
6.478364732E1,1.342971772E-1,4.754239559E0,9.303294182E0
6.480391763E1,-9.430712461E-1,4.876273632E0,1.080209827E1
6.482415727E1,-1.369292736E0,4.366302967E0,1.172632694E1
6.484446675E1,-8.425726891E-1,3.693620920E0,1.053858948E1
6.486470388E1,2.060818523E-1,3.667299747E0,9.131011009E0
6.488501284E1,1.312164068E0,3.751048565E0,8.958429337E0
6.490525763E1,1.829312921E0,3.514159203E0,9.533005714E0
6.492555430E1,1.154237866E0,3.145365477E0,9.731908798E0
6.494583201E1,3.137588799E-1,2.836392164E0,9.140582085E0
6.496610456E1,-7.896314561E-2,2.628216505E0,8.747860909E0
6.498634680E1,-2.440679073E-1,2.688037157E0,8.412566185E0
6.500665289E1,-1.914258115E-2,2.814856768E0,7.754240990E0
6.502692508E1,3.592225015E-1,2.860320330E0,7.043273449E0
6.504716279E1,3.329014480E-1,2.944069147E0,6.830013275E0
6.506746899E1,-1.220339537E-1,2.980260611E0,7.129415035E0
6.508774498E1,-3.493520916E-1,2.872284412E0,7.261020184E0
6.510798315E1,3.619144112E-2,2.881855726E0,6.964011192E0
6.512828295E1,7.830511928E-1,3.217149973E0,6.746264458E0
6.514853024E1,1.319342613E0,3.415754318E0,7.067201614E0
6.516883503E1,1.350449324E0,3.547658682E0,8.484351158E0
6.518910821E1,1.070489049E0,3.600300789E0,9.889835358E0
6.520938466E1,7.471588850E-1,3.925724745E0,1.016291618E1
6.522965123E1,7.016952634E-1,4.375874519E0,9.401400566E0
6.524993065E1,1.144666553E0,4.555634975E0,9.269794464E0
6.527019956E1,2.411067963E0,4.048057556E0,1.021316528E1
6.529047768E1,3.265903711E0,3.377469063E0,1.131446171E1
6.531071868E1,2.832503796E0,3.427718401E0,1.184357452E1
6.533101763E1,2.480459690E0,3.518944740E0,1.130489063E1
6.535129430E1,2.676970243E0,3.377469063E0,1.061037350E1
6.537156289E1,2.676970243E0,3.502195120E0,1.062742233E1
6.539180763E1,3.088535786E0,3.200400352E0,1.095284653E1
6.541207722E1,3.505186081E0,2.723929405E0,1.063460159E1
6.543238732E1,3.490829229E0,2.419741869E0,9.923335075E0
6.545266201E1,3.275475025E0,2.197209358E0,9.085547447E0
6.547289748E1,3.083750248E0,2.477468729E0,8.558827400E0
6.549320638E1,2.923431158E0,3.064009428E0,8.786145210E0
6.551347518E1,2.315355062E0,3.257827997E0,9.260223389E0
6.553375461E1,1.393520117E0,2.912962437E0,9.657731056E0
6.555399847E1,5.341976285E-1,2.465504646E0,9.119047165E0
6.557429940E1,1.226321608E-2,2.091925144E0,7.964809418E0
6.559457206E1,-2.392822690E-2,2.096710920E0,6.791728020E0
6.561484779E1,5.294120312E-1,2.300100803E0,6.171687603E0
6.563508565E1,8.045865893E-1,2.613859653E0,6.085546017E0
6.565539232E1,3.257229924E-1,2.908176899E0,6.573981285E0
6.567562878E1,1.869392693E-1,2.752643347E0,7.136593342E0
6.569593362E1,4.022932947E-1,2.649751902E0,7.325626373E0
6.571621039E1,5.964110494E-1,2.771785975E0,7.076773167E0
6.573648268E1,8.763712645E-1,3.147758245E0,6.810870647E0
6.575672711E1,1.029511929E0,3.545265913E0,7.749455452E0
6.577699815E1,7.782655358E-1,3.727120399E0,8.975178719E0
6.579727347E1,3.281157911E-1,3.913760424E0,9.987940788E0
6.581757664E1,6.251249462E-2,4.043272018E0,1.128574753E1
6.583785170E1,-2.057827413E-1,4.138985157E0,1.253061390E1
6.585812503E1,7.926224917E-2,4.050450325E0,1.310040474E1
6.587837654E1,3.831507266E-1,4.021736622E0,1.210678482E1
6.589863659E1,-3.589234129E-2,4.428516388E0,1.043091202E1
6.591892748E1,-1.627119333E-1,4.550849438E0,1.044526863E1
6.593917972E1,5.676971674E-1,3.975973845E0,1.230808163E1
6.595948716E1,8.165507317E-1,3.451646566E0,1.346441269E1
6.597976097E1,7.495517135E-1,3.253042459E0,1.215464211E1
6.600003685E1,1.015154958E0,3.238685369E0,9.715159416E0
6.602027310E1,1.206879973E0,3.312862873E0,7.991130352E0
6.604067310E1,8.811569214E-1,3.269792080E0,8.082356453E0
6.606081805E1,1.486541033E-1,3.109472990E0,9.097511292E0
6.608112961E1,-6.296114326E-1,2.922533751E0,9.803693771E0
6.610140342E1,-6.966105103E-1,2.453540564E0,1.005015373E1
6.612167368E1,8.404789865E-2,2.161317110E0,9.104690552E0
6.614194789E1,7.615157962E-1,2.472683191E0,7.732705593E0
6.616221779E1,1.024726272E0,2.879462957E0,6.990631580E0
6.618249107E1,1.022333503E0,2.968296528E0,6.818048954E0
6.620277446E1,7.232306600E-1,2.975475073E0,6.976274490E0
6.622300534E1,5.748756528E-1,3.018545866E0,6.822834492E0
6.624330961E1,6.370890141E-1,3.193221807E0,6.310471535E0
6.626355144E1,9.290133715E-1,3.360719442E0,6.140581131E0
6.628385722E1,1.161416292E0,3.514159203E0,6.794120789E0
6.630410300E1,8.572286963E-1,3.434896946E0,8.477172852E0
6.632440487E1,4.860421121E-1,3.188436270E0,1.034237766E1
6.634467222E1,8.213363886E-1,2.958725214E0,1.025145054E1
6.636495258E1,8.739784956E-1,3.245863914E0,9.145368576E0
6.638518852E1,6.538388133E-1,3.679263830E0,8.843573570E0
6.640546628E1,5.294120312E-1,3.791726589E0,1.014855862E1
6.642573618E1,9.457631707E-1,3.415754318E0,1.159442234E1
6.644600779E1,1.309771299E0,2.889034271E0,1.162313557E1
6.646631711E1,1.182951689E0,2.833999395E0,1.061037350E1
6.648655972E1,9.984052777E-1,3.083152056E0,1.010788059E1
6.650686300E1,1.053739309E0,3.095116138E0,1.103659534E1
6.652710477E1,1.082453132E0,2.621038198E0,1.262632656E1
6.654737477E1,1.496411443E0,2.266601324E0,1.260957718E1
6.656767894E1,2.329711914E0,2.051247120E0,1.070638561E1
6.658792065E1,2.825325251E0,2.237887383E0,8.417351723E0
6.660823112E1,2.997608662E0,2.527718067E0,7.308876991E0
6.662850180E1,2.643470764E0,2.637787819E0,7.464410305E0
6.664877888E1,1.707278967E0,2.719143867E0,8.084749222E0
6.666905190E1,1.163809061E0,2.597109795E0,8.359924316E0
6.668929159E1,1.338485122E0,2.412563324E0,8.388637543E0
6.670959670E1,1.118345499E0,2.482254505E0,8.063214302E0
6.672986597E1,2.706880569E-1,2.613859653E0,7.720741272E0
6.675013862E1,2.108674943E-1,2.484647274E0,7.332805157E0
6.677041435E1,7.902296782E-1,2.621038198E0,7.045666218E0
6.679066394E1,1.072881818E0,3.126222849E0,7.162914753E0
6.681095909E1,6.538388133E-1,3.518944740E0,7.371089935E0
6.683123222E1,3.472583890E-1,3.664906979E0,7.021738052E0
6.685147451E1,7.567301393E-1,3.696013689E0,6.317649841E0
6.687178331E1,1.139880896E0,3.801297903E0,6.236293793E0
6.689201763E1,9.553344250E-1,3.944867134E0,7.574779034E0
6.691229060E1,3.496512175E-1,3.918546200E0,9.803693771E0
6.693256435E1,-3.828516304E-1,3.887439489E0,1.145563793E1
6.695286873E1,-1.110867858E0,4.265804768E0,1.158245754E1
6.697314868E1,-9.215358496E-1,4.289732933E0,1.148435211E1
6.699341982E1,4.785645287E-3,3.968795538E0,1.192971611E1
6.701365638E1,1.199402362E-1,3.942474365E0,1.193210888E1
6.703393076E1,-5.000999570E-1,4.165306091E0,1.148195934E1
6.705421164E1,-6.966105103E-1,4.270590305E0,1.173589802E1
6.707451284E1,-5.721837282E-1,4.095914364E0,1.297597790E1
6.709474972E1,-6.463612318E-1,3.389433384E0,1.348594856E1
6.711505732E1,-1.007677436E0,2.690429926E0,1.227936745E1
6.713533076E1,-9.454640746E-1,2.577967405E0,9.928120613E0
6.715560315E1,-2.105683982E-1,2.671287298E0,8.594719887E0
6.717587909E1,3.379862010E-2,2.932105064E0,8.621041298E0
6.719611659E1,-2.536391914E-1,3.083152056E0,9.046963692E0
6.721642534E1,-2.081755698E-1,2.800499916E0,9.109476089E0
6.723666164E1,-3.780659735E-1,2.666501760E0,8.450851440E0
6.725693951E1,-5.386841893E-1,2.644966364E0,7.473981380E0
6.727724831E1,-3.110669553E-1,2.604288340E0,7.148557663E0
6.729748706E1,-7.178467698E-3,2.554039001E0,7.512565613E0
6.731777836E1,1.486541033E-1,2.616252422E0,7.526922703E0
6.733802888E1,1.486541033E-1,2.798106909E0,7.119843960E0
6.735832118E1,5.027918816E-1,2.977867842E0,6.595516682E0
6.737857680E1,9.601200819E-1,3.186043262E0,6.279364586E0
6.739886696E1,8.261220455E-1,3.495016575E0,6.346364021E0
6.741915706E1,3.568296731E-1,3.550051451E0,7.292127132E0
6.743943904E1,1.438684613E-1,3.420539856E0,8.343173981E0
6.745966722E1,3.305086195E-1,3.585943937E0,8.757431984E0
6.747997149E1,6.873382926E-1,4.057629108E0,8.872286797E0
6.750024966E1,7.399803996E-1,4.406980991E0,8.951250076E0
6.752048451E1,7.495517135E-1,4.502694130E0,9.241081238E0
6.754076263E1,7.471588850E-1,4.478765965E0,9.760622978E0
6.756106680E1,6.035895348E-1,4.261018753E0,1.018205833E1
6.758134097E1,-7.896314561E-2,4.270590305E0,1.095763206E1
6.760157925E1,2.898306549E-1,4.088735580E0,1.137906837E1
6.762188696E1,2.205285072E0,3.746263027E0,1.097198868E1
6.764215826E1,2.942573547E0,3.617050648E0,1.030409241E1
6.766243414E1,2.430210590E0,3.320041418E0,1.055294609E1
6.768270253E1,2.088036776E0,2.391027927E0,1.190100288E1
6.770295029E1,2.152642965E0,1.536491275E0,1.302383423E1
6.772325216E1,2.408675194E0,1.380658627E0,1.217378426E1
6.774349164E1,2.643470764E0,1.797308922E0,1.046441174E1
6.776380065E1,2.894717216E0,2.261815548E0,9.008678436E0
6.778403930E1,2.688934565E0,2.446362019E0,7.768597603E0
6.780433060E1,2.107179403E0,2.633002281E0,7.122236729E0
6.782458800E1,1.759921074E0,2.623430967E0,7.289734364E0
6.784485597E1,1.553839207E0,2.623430967E0,7.591528893E0
6.786513347E1,1.415055513E0,2.580360174E0,7.411767960E0
6.788543836E1,1.269093275E0,2.609073877E0,7.033702374E0
6.790567425E1,9.314061999E-1,2.810070992E0,6.664908409E0
6.792598456E1,5.123631358E-1,3.085544825E0,6.571588516E0
6.794625784E1,4.214358926E-1,3.284149170E0,6.743871689E0
6.796652597E1,9.960124493E-1,3.437289715E0,6.796513557E0
6.798676961E1,1.573280931E0,3.746263027E0,6.562016964E0
6.800707701E1,1.575673699E0,4.146163464E0,6.523731709E0
6.802734961E1,1.156630635E0,4.380660057E0,7.186842918E0
6.804762305E1,9.218349457E-1,4.447659016E0,8.046463966E0
6.806786435E1,1.070489049E0,4.656133652E0,8.297710419E0
6.808816310E1,1.472483277E0,5.283352375E0,8.221140862E0
6.810843951E1,1.304985642E0,5.824429512E0,9.236295700E0
6.812871357E1,1.017547846E0,5.601896763E0,1.099591732E1
6.814895362E1,8.859425783E-1,4.943272591E0,1.192971611E1
6.816926242E1,3.448655605E-1,4.438087940E0,1.169761276E1
6.818949909E1,-1.220339537E-1,4.143770695E0,1.074227810E1
6.820980414E1,-2.105683982E-1,4.253840446E0,1.030409241E1
6.823008295E1,-1.914258115E-2,4.430909157E0,1.116849995E1
6.825035555E1,3.619144112E-2,3.995415688E0,1.241097260E1
6.827059206E1,7.447660714E-2,3.241078377E0,1.201825047E1
6.829086805E1,-1.052841991E-1,3.032902718E0,1.041416264E1
6.831117321E1,3.140579537E-2,3.286541939E0,9.114261627E0
6.833144607E1,5.485545993E-1,3.135794163E0,8.965607643E0
6.835168399E1,4.429712892E-1,3.087937593E0,9.489934921E0
6.837199456E1,2.252244353E-1,2.862713099E0,9.684052467E0
6.839226836E1,2.347957194E-1,2.544467688E0,8.979964256E0
6.841253836E1,6.729813665E-2,2.518146753E0,7.785347462E0
6.843278144E1,3.619144112E-2,2.817249537E0,6.770192623E0
6.845305133E1,3.305086195E-1,2.893819809E0,6.339185238E0
6.847332852E1,7.926225066E-1,2.369492531E0,6.052046776E0
6.849363373E1,5.748756528E-1,2.194816589E0,6.025725842E0
6.851390680E1,-5.338985324E-1,2.520539522E0,7.265805721E0
6.853417935E1,-1.359721422E0,2.573181629E0,8.517850876E0
6.855445008E1,-1.335793257E0,2.530110836E0,8.704790115E0
6.857472149E1,-2.201396823E-1,2.680858612E0,8.252246857E0
6.859496711E1,7.423732281E-1,3.205185890E0,8.642576218E0
6.861526883E1,3.975076675E-1,3.595515013E0,9.739087105E0
6.863554628E1,3.140579537E-2,3.209971666E0,1.132881927E1
6.865581670E1,2.228316069E-1,2.484647274E0,1.198475170E1
6.867605571E1,8.380861282E-1,2.350350142E0,1.127856922E1
6.869636112E1,1.860419631E0,2.472683191E0,1.052901745E1
6.871663831E1,2.389532566E0,2.362314224E0,1.070160007E1
6.873690633E1,2.303390980E0,2.084746838E0,1.146520996E1
6.875719018E1,2.167000055E0,1.648953915E0,1.149153042E1
6.877741982E1,1.846062660E0,2.022533417E0,1.106530952E1
6.879772482E1,1.759921074E0,2.443969250E0,1.080449200E1
6.881796618E1,2.205285072E0,2.099103689E0,1.102941704E1
6.883826133E1,2.643470764E0,1.536491275E0,1.199671555E1
6.885851664E1,2.822932482E0,1.330409408E0,1.250907898E1
6.887881284E1,3.002394199E0,1.339980721E0,1.168804169E1
6.889906133E1,3.035893679E0,1.555633783E0,9.932906151E0
6.891936894E1,3.148655415E0,1.840379715E0,8.163712502E0
6.893963894E1,3.143869877E0,2.056032896E0,7.395018578E0
6.895987774E1,2.760719061E0,2.130210400E0,7.332805157E0
6.898018826E1,2.202892303E0,2.041675806E0,7.292127132E0
6.900045571E1,1.893919110E0,2.032104731E0,6.952046871E0
6.902069789E1,1.886740685E0,2.259422779E0,6.427719593E0
6.904100659E1,1.573280931E0,2.451147795E0,5.402993679E0
6.906127904E1,7.591229677E-1,2.568396091E0,4.574777603E0
6.908155508E1,5.195416212E-1,2.240280151E0,4.138985157E0
6.910182670E1,3.520440459E-1,2.142174482E0,5.022534847E0
6.912209742E1,-6.248258352E-1,2.566003084E0,7.450053215E0
6.914237388E1,-7.923234105E-1,2.857927561E0,9.384650230E0
6.916264737E1,-8.234301209E-1,2.929712296E0,1.012223816E1
6.918288435E1,-8.090731502E-1,3.241078377E0,1.101984596E1
6.920316789E1,-6.774678826E-1,3.432504177E0,1.199432278E1
6.922343018E1,-5.985047817E-1,3.609872103E0,1.281805134E1
6.924373123E1,7.178467698E-3,3.506980658E0,1.361994648E1
6.926397539E1,7.926225066E-1,3.138186932E0,1.365583897E1
6.928424789E1,1.290628672E0,3.090330362E0,1.265025520E1
6.930452190E1,1.307378531E0,3.370290756E0,1.105095196E1
6.932482847E1,1.056132078E0,3.621836185E0,9.772586823E0
6.934507128E1,6.251249313E-1,3.648157120E0,9.609874725E0
6.936534352E1,-9.571290761E-2,3.382254839E0,1.051705360E1
6.938564987E1,-5.243272781E-1,2.795714140E0,1.228893852E1
6.940591946E1,-4.737788737E-1,2.142174482E0,1.365105343E1
6.942619268E1,-1.842473447E-1,1.696810365E0,1.312194061E1
6.944643821E1,7.447660714E-2,1.929213285E0,1.145085239E1
6.946674524E1,5.267201066E-1,2.213959217E0,1.010788059E1
6.948701753E1,5.341976285E-1,2.302493572E0,9.789336205E0
6.950728597E1,2.132603228E-1,2.168495417E0,9.774979591E0
6.952756493E1,1.582254022E-1,1.967498422E0,9.322437286E0
6.954783295E1,7.447660714E-2,1.945963025E0,8.218747139E0
6.956810982E1,1.342971772E-1,1.950748682E0,7.117451191E0
6.958838295E1,3.137588799E-1,2.120639086E0,6.296114445E0
6.960865446E1,3.544368446E-1,2.307279348E0,5.824429512E0
6.962892826E1,3.400799036E-1,2.362314224E0,5.364708424E0
6.964920404E1,2.443670183E-1,2.522932291E0,5.247459888E0
6.966947263E1,1.606182158E-1,2.546860695E0,5.951548100E0
6.968971206E1,3.831507266E-1,2.494218588E0,6.944868565E0
6.971001930E1,6.442674994E-1,2.630609512E0,7.598707199E0
6.973025742E1,7.136593461E-1,3.013760090E0,7.837989807E0
6.975053128E1,1.041476011E0,3.253042459E0,8.436494827E0
6.977080857E1,1.637887120E0,3.272184849E0,9.389435768E0
6.979107789E1,2.037488461E0,3.281756163E0,1.021795082E1
6.981135175E1,2.051845312E0,3.320041418E0,1.037109184E1
6.983162409E1,2.217249393E0,3.370290756E0,1.045484066E1
6.985190268E1,2.573779821E0,2.929712296E0,1.093609715E1
6.987220857E1,2.104786634E0,2.683251381E0,1.164706421E1
6.989248138E1,1.467697620E0,2.824428082E0,1.203500080E1
6.991274821E1,1.994417667E0,2.865106106E0,1.147956657E1
6.993299321E1,2.794218540E0,3.209971666E0,1.074467087E1
6.995326206E1,2.992822886E0,3.152543783E0,1.062024403E1
6.997353680E1,2.547458887E0,2.649751902E0,1.079013443E1
6.999384555E1,1.934597135E0,2.084746838E0,1.101505947E1
7.001408107E1,1.771885157E0,1.929213285E0,1.112034416E1
7.003438654E1,2.059023857E0,2.087139606E0,1.076620674E1
7.005466534E1,2.545065880E0,2.357528448E0,9.605089188E0
7.007493571E1,2.698505640E0,2.508575439E0,8.374280930E0
7.009521039E1,2.217249393E0,2.484647274E0,7.404589653E0
7.011547654E1,1.362413406E0,2.364706993E0,6.897012234E0
7.013572295E1,4.716851711E-1,2.082353830E0,6.885047913E0
7.015599628E1,-4.474578202E-1,2.087139606E0,7.194021225E0
7.017630404E1,-6.008976102E-1,2.096710920E0,7.301698208E0
7.019657831E1,-1.220339537E-1,2.163709879E0,7.246663570E0
7.021685170E1,9.601201117E-2,2.503789902E0,6.798906326E0
7.023712789E1,-1.196411345E-2,3.020938635E0,6.930511475E0
7.025736216E1,-5.503492057E-2,3.202793121E0,7.562815189E0
7.027766581E1,-3.182454109E-1,3.274577856E0,8.041678429E0
7.029790826E1,-3.900300860E-1,3.545265913E0,8.400602341E0
7.031820399E1,-6.939185411E-2,3.691227913E0,8.877073288E0
7.033848065E1,4.336991161E-2,3.880260944E0,9.688838005E0
7.035875628E1,-2.201396823E-1,3.892225027E0,1.055773163E1
7.037899940E1,-4.666004181E-1,3.954438448E0,1.080688477E1
7.039930242E1,-4.067798555E-1,4.055236340E0,1.087627602E1
7.041954836E1,-2.727817893E-1,3.995415688E0,1.151067352E1
7.043992008E1,-1.244267747E-1,3.688835144E0,1.240140152E1
7.046009071E1,-3.900300860E-1,3.394218922E0,1.214985561E1
7.048039378E1,-1.051047325E0,3.669692516E0,1.057208824E1
7.050063914E1,-9.454640746E-1,4.064807415E0,9.461220741E0
7.052094342E1,6.729813665E-2,3.897010803E0,1.005972576E1
7.054118894E1,3.305086195E-1,3.516551971E0,1.130967617E1
7.056148899E1,1.103689447E-1,2.946461916E0,1.181246853E1
7.058172998E1,1.199402362E-1,2.635395050E0,1.123549843E1
7.060200628E1,2.371885478E-1,2.544467688E0,1.050030422E1
7.062227930E1,5.413761139E-1,2.527718067E0,1.001904774E1
7.064256878E1,8.668000102E-1,2.637787819E0,9.461220741E0
7.066282190E1,7.782655358E-1,2.551646233E0,8.594719887E0
7.068313216E1,2.108674943E-1,2.465504646E0,7.558029652E0
7.070338440E1,-2.799602449E-1,2.443969250E0,6.394220352E0
7.072364211E1,-1.082154036E0,2.609073877E0,6.035296917E0
7.074391961E1,-1.630409479E0,2.637787819E0,6.566802502E0
7.076422508E1,-1.371685624E0,2.400599241E0,7.141379356E0
7.078449456E1,-1.063011408E0,2.386242390E0,7.311269760E0
7.080475279E1,-1.072582722E0,2.601895571E0,7.524529934E0
7.082503045E1,-1.072582722E0,2.668894529E0,7.258627415E0
7.084530342E1,-1.077368379E0,2.783750057E0,6.952046871E0
7.086555732E1,-7.707880139E-1,2.912962437E0,6.719943523E0
7.088582696E1,-2.560320199E-1,3.032902718E0,6.851548672E0
7.090613842E1,-5.742774159E-2,3.375076294E0,7.857132435E0
7.092637347E1,-1.316052526E-1,3.499802113E0,9.343972206E0
7.094665050E1,-4.450650215E-1,3.502195120E0,1.017009449E1
7.096695196E1,-5.434698462E-1,3.597908020E0,1.053858948E1
7.098722685E1,6.203392744E-1,3.310470104E0,1.117328548E1
7.100750315E1,1.039083242E0,2.759821892E0,1.102223873E1
7.102773920E1,-3.493520916E-1,2.860320330E0,9.645767212E0
7.104801357E1,-1.244866014E0,2.805285454E0,8.800502777E0
7.106832300E1,-1.405185103E0,2.975475073E0,9.293723106E0
7.108859227E1,-1.484148264E0,3.607479334E0,1.125703430E1
7.110883342E1,-1.613659739E0,3.339184046E0,1.395284748E1
7.112914065E1,-1.488933921E0,2.312064886E0,1.496800327E1
7.114941555E1,-9.023932219E-1,1.569990754E0,1.361276817E1
7.116968727E1,2.778665423E-1,1.744666815E0,1.170479107E1
7.118992607E1,2.492423773E0,2.242672920E0,1.045962620E1
7.121023414E1,3.888336897E0,2.355135679E0,9.688838005E0
7.123047717E1,3.615255833E0,2.412563324E0,8.865108490E0
7.125074461E1,2.379961252E0,2.106282234E0,8.376673698E0
7.127101972E1,1.175773263E0,1.605883121E0,8.020143509E0
7.129132826E1,2.682952285E-1,1.342373490E0,7.534101009E0
7.131160071E1,1.944168471E-2,1.330409408E0,7.440482140E0
7.133183888E1,1.438684613E-1,1.579562068E0,7.665706635E0
7.135214597E1,1.295115203E-1,1.775773525E0,7.476374149E0
7.137238268E1,-5.742774159E-2,1.912164450E0,7.165307522E0
7.139269336E1,-9.092725813E-2,1.864308000E0,6.564409733E0
7.141296133E1,-1.435693651E-1,1.893021822E0,6.080760479E0
7.143320242E1,-5.937191248E-1,2.343171597E0,6.638587475E0
7.145347565E1,-3.972085714E-1,2.484647274E0,7.967202187E0
7.147374883E1,8.404789865E-2,2.297708035E0,8.982357025E0
7.149405779E1,1.031904742E-1,2.352742910E0,9.561718941E0
7.151437894E1,-4.067798555E-1,2.491825581E0,9.846764565E0
7.153457065E1,-5.937191248E-1,2.771785975E0,9.629017830E0
7.155484550E1,-4.091726840E-1,3.178864956E0,1.005733299E1
7.157511352E1,6.562315822E-1,2.853141785E0,1.133839035E1
7.159539847E1,1.333699465E0,2.146960020E0,1.182682514E1
7.161569513E1,2.946162820E-1,2.328814745E0,1.085952663E1
7.163596951E1,-3.541377485E-1,2.599502802E0,1.060080242E1
7.165620680E1,-4.713860750E-1,2.391027927E0,1.210439205E1
7.167648190E1,4.576273263E-2,1.708774447E0,1.406052494E1
7.169679112E1,1.194915771E0,8.925228715E-1,1.429532051E1
7.171703164E1,1.075274706E0,1.076770186E0,1.253061390E1
7.173730185E1,2.300100774E-1,2.051247120E0,1.073988533E1
7.175759670E1,4.022932947E-1,2.568396091E0,1.010788059E1
7.177788409E1,9.170492887E-1,2.587538481E0,9.975976944E0
7.179816362E1,1.460519075E0,2.324028969E0,9.617053032E0
7.181842310E1,2.418246269E0,2.211566210E0,9.456435204E0
7.183882310E1,2.387139797E0,2.235494614E0,9.090332985E0
7.185897482E1,3.376871049E-1,2.352742910E0,8.798110008E0
7.187921107E1,-1.002891779E0,2.005783558E0,8.338388443E0
7.189951951E1,-9.095717072E-1,1.613061547E0,7.981558800E0
7.191979482E1,-9.571290761E-2,1.751845241E0,8.453244209E0
7.194003347E1,4.453641176E-1,2.024926186E0,9.018249512E0
7.196033716E1,6.155536175E-1,2.201995134E0,9.169296265E0
7.198057628E1,4.621138871E-1,1.984248161E0,8.039285660E0
7.200088545E1,-4.498506486E-1,2.170888424E0,6.993024349E0
7.202115894E1,-1.242473125E0,2.702394009E0,7.507780075E0
7.204142894E1,-1.411765367E-1,2.788535595E0,9.104690552E0
7.206170690E1,9.218349457E-1,3.016152859E0,1.025145054E1
7.208197466E1,1.080060363E0,3.475873947E0,1.012223816E1
7.210221492E1,1.005583763E0,3.588336706E0,9.583553314E0
7.212252612E1,8.165507317E-1,3.564408541E0,9.913763046E0
7.214279284E1,9.266205430E-1,3.557229996E0,1.141256714E1
7.216306972E1,1.043868899E0,3.339184046E0,1.271516037E1
7.218334519E1,1.211665511E0,3.059223652E0,1.240618706E1
7.220360315E1,1.494018674E0,3.013760090E0,1.130249786E1
7.222389258E1,8.237292171E-1,2.968296528E0,1.061276627E1
7.224416644E1,-1.914258115E-2,2.747857809E0,1.000229740E1
7.226440029E1,1.582254022E-1,2.484647274E0,9.715159416E0
7.228470550E1,7.304090858E-1,2.518146753E0,9.669695854E0
7.230494649E1,2.140678883E0,2.702394009E0,9.696016312E0
7.232525446E1,2.827718258E0,2.472683191E0,9.487542152E0
7.234549378E1,1.688136339E0,2.288136721E0,9.281759262E0
7.236580013E1,5.533402562E-1,2.044068813E0,8.587541580E0
7.238607498E1,6.251249462E-2,2.072782516E0,7.668099403E0
7.240634795E1,-2.632104978E-2,2.654537678E0,7.265805721E0
7.242661993E1,2.898306549E-1,3.121437073E0,7.782954693E0
7.244689503E1,4.621138871E-1,3.212364435E0,8.450851440E0
7.246716768E1,1.127617657E-1,3.253042459E0,8.479565620E0
7.248743722E1,-1.124626622E-1,3.183650494E0,7.694420338E0
7.250771638E1,-2.153540403E-2,3.195614576E0,6.533303261E0
7.252798664E1,3.616153300E-1,3.688835144E0,6.267400742E0
7.254822623E1,4.142574072E-1,4.048057556E0,6.667301178E0
7.256853123E1,2.515454888E-1,4.306482315E0,6.988238335E0
7.258880373E1,2.252244353E-1,4.452444553E0,7.105486870E0
7.260908321E1,2.180459648E-1,4.438087940E0,7.136593342E0
7.262935055E1,3.664009571E-1,4.538885593E0,7.057630539E0
7.264959196E1,5.916253924E-1,4.651348114E0,6.813263416E0
7.266990211E1,4.262215197E-1,4.859523773E0,6.925725937E0
7.269013769E1,5.772684515E-2,5.015057087E0,8.146963120E0
7.271041253E1,2.012962103E-1,4.773382187E0,9.705587387E0
7.273068357E1,2.060818523E-1,4.620241642E0,1.119242764E1
7.275099467E1,2.422732860E-2,4.471587181E0,1.133599758E1
7.277126451E1,-1.363908947E-1,4.414159775E0,9.696016312E0
7.279153602E1,-2.584248483E-1,4.385445595E0,7.553243637E0
7.281177550E1,-2.584248483E-1,4.371088982E0,6.916154861E0
7.283208071E1,-8.042874932E-1,4.359124660E0,8.850751877E0
7.285232263E1,-5.889334679E-1,3.583550930E0,1.168564892E1
7.287259659E1,2.419741899E-1,2.764607430E0,1.285633659E1
7.289290581E1,3.999004960E-1,2.750250578E0,1.219322586E1
7.291317607E1,1.103689447E-1,2.968296528E0,1.096002483E1
7.293344951E1,1.055833027E-1,2.862713099E0,9.679266930E0
7.295372065E1,3.017947674E-1,2.872284412E0,8.510671616E0
7.297399555E1,3.281157911E-1,3.097508907E0,8.012665749E0
7.299423763E1,2.611167729E-1,3.317648649E0,8.285746574E0
7.301450966E1,6.323033571E-1,3.020938635E0,8.676075935E0
7.303481852E1,5.605186820E-1,2.757428885E0,8.561220169E0
7.305509102E1,7.926224917E-2,2.819642305E0,7.976773262E0
7.307532821E1,-1.866401732E-1,2.975475073E0,7.510172844E0
7.309563331E1,-4.378865361E-1,3.245863914E0,7.538887024E0
7.311590222E1,-6.200401783E-1,3.288934708E0,7.921738625E0
7.313618347E1,-3.541377485E-1,3.214757204E0,8.383852005E0
7.315642039E1,-1.172483116E-1,3.056830883E0,8.280961037E0
7.317669722E1,-2.919243574E-1,3.040081263E0,8.041678429E0
7.319701227E1,-5.291129351E-1,3.111865759E0,8.477172852E0
7.321724013E1,-3.158525825E-1,2.944069147E0,9.935298920E0
7.323755690E1,-2.871387079E-2,2.745464802E0,1.149631596E1
7.325782065E1,4.381856322E-1,2.335993052E0,1.197996521E1
7.327808815E1,7.040880919E-1,1.979462504E0,1.159920788E1
7.329836935E1,3.640081584E-1,1.977069736E0,1.151785183E1
7.331863836E1,2.204387933E-1,2.209173441E0,1.127139091E1
7.333888321E1,5.243272781E-1,2.484647274E0,1.079013443E1
7.335915060E1,7.782655358E-1,2.499004126E0,1.055055332E1
7.337942534E1,7.639086246E-1,2.525325298E0,1.115653515E1
7.339969805E1,1.601994753E0,1.953141451E0,1.200150108E1
7.342000690E1,1.783849239E0,1.627418518E0,1.180768204E1
7.344029524E1,1.601994753E0,1.723131418E0,1.062742233E1
7.346055383E1,1.319342613E0,2.058425665E0,9.152546883E0
7.348078998E1,1.015154958E0,2.402992249E0,8.474779129E0
7.350110071E1,1.367199063E0,2.431705952E0,8.431708336E0
7.352137180E1,1.855633974E0,2.522932291E0,8.424530029E0
7.354164477E1,1.838884234E0,2.347957134E0,8.118248940E0
7.356191920E1,1.154237866E0,2.127817631E0,7.476374149E0
7.358215805E1,-3.254238665E-1,2.130210400E0,7.306483746E0
7.360246618E1,-9.622138143E-1,1.957927108E0,7.335197926E0
7.362273685E1,-4.953143001E-1,1.770987868E0,7.208378315E0
7.364301128E1,-2.727817893E-1,2.206780672E0,7.447660446E0
7.366324946E1,-6.080760360E-1,2.841177702E0,8.120641708E0
7.368355982E1,-1.268794179E0,2.912962437E0,8.807681084E0
7.370381930E1,-1.486541033E0,2.647359133E0,8.484351158E0
7.372410081E1,-2.847459018E-1,2.585145712E0,8.178069115E0
7.374437951E1,1.666600943E0,3.181257725E0,8.137392044E0
7.376464696E1,2.851646423E0,4.050450325E0,8.309675217E0
7.378488998E1,1.948953986E0,4.567599297E0,9.480362892E0
7.380519706E1,4.190430641E-1,4.363910198E0,1.132403278E1
7.382547217E1,-1.268195957E-1,3.710370541E0,1.257847023E1
7.384570842E1,1.558325738E-1,3.466003656E0,1.268614769E1
7.386598378E1,5.629115105E-1,3.751048565E0,1.180289650E1
7.388625305E1,6.059823632E-1,4.026522160E0,1.060319519E1
7.390652534E1,3.281157911E-1,4.289732933E0,1.005494022E1
7.392683248E1,2.515454888E-1,4.024129391E0,1.028016472E1
7.394707404E1,4.097708687E-2,3.463610888E0,1.105813122E1
7.396738383E1,-2.512463629E-1,3.145365477E0,1.136949635E1
7.398761883E1,-3.613162339E-1,3.109472990E0,1.102463150E1
7.400792097E1,-7.896314561E-2,3.152543783E0,1.038305569E1
7.402820071E1,7.328019142E-1,2.896212816E0,9.410971642E0
7.404843935E1,1.434198022E0,2.719143867E0,8.656932831E0
7.406874940E1,6.299105883E-1,2.357528448E0,8.958429337E0
7.408901956E1,-1.363908947E-1,2.707179785E0,9.286544800E0
7.410929607E1,2.012962103E-1,2.283350945E0,8.991928101E0
7.412956138E1,-9.092725813E-2,2.383849621E0,8.264211655E0
7.414983914E1,-5.362913609E-1,2.405385017E0,7.526922703E0
7.417011071E1,-5.362913609E-1,2.209173441E0,6.949654102E0
7.419035336E1,-5.721837282E-1,2.328814745E0,6.734300137E0
7.421065597E1,-8.497511148E-1,2.726322412E0,7.366304398E0
7.423093321E1,-6.511468887E-1,2.774178743E0,7.842775345E0
7.425120763E1,6.729813665E-2,2.759821892E0,7.601100445E0
7.427144404E1,3.496512175E-1,3.083152056E0,7.138986588E0
7.429175003E1,7.447660714E-2,3.288934708E0,7.634599686E0
7.431198972E1,-4.546362907E-2,2.992224693E0,8.984749794E0
7.433229888E1,-2.105683982E-1,2.795714140E0,9.889835358E0
7.435257404E1,-1.411765367E-1,3.066402197E0,1.001665497E1
7.437284399E1,3.089732230E-1,3.387040377E0,9.736694336E0
7.439308878E1,8.835497499E-1,3.279363394E0,1.031366348E1
7.441338987E1,1.316949725E0,2.539682150E0,1.149153042E1
7.443363477E1,9.649057388E-1,2.101496458E0,1.260239887E1
7.445393628E1,8.596215248E-1,2.204387903E0,1.329212952E1
7.447421347E1,1.714457393E0,2.424527645E0,1.266700459E1
7.449448034E1,2.236391783E0,2.520539522E0,1.127139091E1
7.451472013E1,1.692921996E0,2.546860695E0,1.028255749E1
7.453499331E1,9.050851464E-1,2.242672920E0,1.045005512E1
7.455526904E1,4.645066857E-1,1.663310885E0,1.116610718E1
7.457557753E1,4.788636267E-1,1.548455358E0,1.085713387E1
7.459581472E1,1.381555915E0,1.775773525E0,9.875477791E0
7.461611753E1,2.202892303E0,2.142174482E0,8.956035614E0
7.463639482E1,1.846062660E0,2.518146753E0,8.419744492E0
7.465667092E1,9.290133715E-1,2.475075960E0,8.340781212E0
7.467691492E1,2.946162820E-1,1.989033818E0,8.173283577E0
7.469721446E1,-1.196411345E-2,1.735095501E0,7.598707199E0
7.471749076E1,1.199402362E-1,1.526919961E0,7.170093060E0
7.473775899E1,4.668995142E-1,1.548455358E0,7.215556622E0
7.475804451E1,7.495517135E-1,1.653739572E0,7.074379921E0
7.477831060E1,6.729813814E-1,1.711167336E0,6.245865345E0
7.479855237E1,2.778665423E-1,2.125424623E0,5.568397522E0
7.481881826E1,-2.392822690E-2,2.659323215E0,5.795715332E0
7.483916711E1,-8.135596663E-2,2.997010469E0,6.471089840E0
7.485940149E1,-9.332008660E-2,3.461217880E0,7.067201614E0
7.487967545E1,-2.656033039E-1,3.794119358E0,7.316055298E0
7.489994868E1,-8.425726891E-1,4.033700943E0,7.933702469E0
7.492018586E1,-1.580160260E0,4.129413605E0,9.085547447E0
7.494045701E1,-1.807478428E0,4.060021877E0,1.031605625E1
7.496073992E1,-1.457827210E0,3.947260141E0,1.146520996E1
7.498100576E1,-6.463612318E-1,3.911367655E0,1.263350582E1
7.500127982E1,-8.614161611E-2,3.827618837E0,1.294247818E1
7.502158711E1,-6.152545214E-1,4.007379532E0,1.184357452E1
7.504185805E1,-1.338186026E0,4.019343853E0,1.094088268E1
7.506209930E1,-1.718943954E0,3.490231037E0,1.197996521E1
7.508236836E1,-1.977368832E0,3.011367321E0,1.368933868E1
7.510265253E1,-1.086939692E0,2.230708838E0,1.411316681E1
7.512294732E1,-5.985047817E-1,2.056032896E0,1.250668621E1
7.514321800E1,-4.187439680E-1,2.249851465E0,1.030409241E1
7.516346154E1,9.870393202E-3,1.924427629E0,9.116654396E0
7.518377237E1,-5.362913609E-1,2.060818434E0,9.092725754E0
7.520403237E1,-1.292722464E0,2.316850424E0,9.832406998E0
7.522428263E1,-1.254437327E0,2.046461582E0,9.636196136E0
7.524458977E1,-9.933205247E-1,1.943570137E0,8.321639061E0
7.526486315E1,-5.506483316E-1,1.785344839E0,7.038487911E0
7.528513342E1,-2.871387303E-1,1.833201289E0,6.547659874E0
7.530540868E1,-6.702894568E-1,2.115853310E0,7.026523590E0
7.532566076E1,-7.923234105E-1,2.039283037E0,7.378268719E0
7.534595805E1,-6.248258352E-1,2.166102648E0,7.215556622E0
7.536621753E1,2.183450572E-2,2.393420935E0,6.791728020E0
7.538650362E1,6.658028960E-1,2.786142826E0,6.516553402E0
7.540677565E1,5.365904570E-1,3.351148129E0,6.566802502E0
7.542704638E1,4.815555736E-2,3.717549086E0,7.462017536E0
7.544728857E1,1.055833027E-1,3.528516054E0,8.905786514E0
7.546756034E1,5.437689424E-1,3.468396425E0,9.468399048E0
7.548783133E1,7.782655358E-1,3.930510283E0,9.444471359E0
7.550813758E1,7.256234884E-1,3.815654755E0,1.012223816E1
7.552841607E1,8.620143533E-1,3.131008387E0,1.099591732E1
7.554868456E1,1.541875124E0,2.479861498E0,1.081884861E1
7.556892612E1,1.975275040E0,2.233101845E0,1.042851925E1
7.558919982E1,2.003988981E0,2.429313183E0,1.099591732E1
7.560947071E1,2.145464659E0,2.201995134E0,1.261436272E1
7.562977784E1,2.102393866E0,1.881057739E0,1.403659630E1
7.565002013E1,2.061416626E0,1.634596944E0,1.370608807E1
7.567032685E1,2.128714800E0,1.550848126E0,1.176221848E1
7.569059592E1,2.315355062E0,1.821237087E0,9.758230209E0
7.571083836E1,2.650649309E0,2.058425665E0,8.872286797E0
7.573114508E1,2.549851656E0,2.319243431E0,8.647361755E0
7.575138388E1,1.989632010E0,2.347957134E0,8.436494827E0
7.577169472E1,1.367199063E0,2.010569334E0,7.675277710E0
7.579196748E1,9.768698215E-1,1.842772484E0,6.868298531E0
7.581220519E1,9.074779749E-1,1.864308000E0,6.480660915E0
7.583251472E1,6.705885530E-1,2.039283037E0,6.497410774E0
7.585274956E1,1.917249113E-1,2.166102648E0,6.487839699E0
7.587305659E1,6.011966988E-2,2.017747641E0,6.123831272E0
7.589332992E1,2.611167729E-1,1.744666815E0,5.656931877E0
7.591360592E1,1.989033818E-1,1.751845241E0,5.347958565E0
7.593388039E1,-7.205387354E-1,2.225923300E0,5.790929794E0
7.595414508E1,-1.623231053E0,2.647359133E0,7.387839794E0
7.597438961E1,-1.156331539E0,2.702394009E0,9.650552750E0
7.599469435E1,-8.425726891E-1,2.963510752E0,1.122114182E1
7.601493414E1,-1.558624864E0,3.624228954E0,1.153220844E1
7.603524534E1,-2.135594130E0,3.827618837E0,1.132164001E1
7.605548388E1,-2.188236237E0,3.727120399E0,1.130489063E1
7.607578618E1,-1.795514345E0,3.765405416E0,1.232961655E1
7.609606539E1,-1.072582722E0,3.293720484E0,1.389542007E1
7.611633414E1,-1.173081279E0,3.075973511E0,1.404138279E1
7.613657430E1,-2.030010939E0,3.119044304E0,1.258804131E1
7.615687477E1,-2.219342947E0,2.771785975E0,1.115414238E1
7.617715560E1,-1.639980793E0,1.993819475E0,1.148913765E1
7.619741315E1,-2.099701881E0,1.799701691E0,1.356969738E1
7.621770357E1,-2.765205622E0,1.462313771E0,1.512832165E1
7.623797529E1,-2.061117649E0,8.132606149E-1,1.300708485E1
7.625823498E1,-7.899305820E-1,1.091127157E0,9.207581520E0
7.627851795E1,4.788636267E-1,1.929213285E0,7.004988194E0
7.629879466E1,1.386341572E0,2.285743713E0,7.067201614E0
7.631906524E1,1.170987606E0,2.185245275E0,8.901000977E0
7.633934284E1,7.040880919E-1,2.185245275E0,9.966405869E0
7.635961503E1,5.629115105E-1,1.871486425E0,9.363115311E0
7.637985576E1,6.777670383E-1,1.596311808E0,8.087141991E0
7.640016175E1,5.844469070E-1,1.713560104E0,6.964011192E0
7.642043118E1,3.783650696E-1,1.969891191E0,6.387042046E0
7.644070586E1,1.199402362E-1,2.103889227E0,6.585945129E0
7.646098258E1,-2.057827413E-1,2.297708035E0,7.435696602E0
7.648124768E1,1.226321608E-2,2.455933332E0,7.732705593E0
7.650148977E1,5.171487927E-1,2.644966364E0,7.299305439E0
7.652179862E1,5.940182209E-1,2.893819809E0,7.093522549E0
7.654207284E1,5.171487927E-1,3.336791277E0,7.826025486E0
7.656234248E1,1.175773263E0,3.602693558E0,9.523433685E0
7.658259081E1,1.963310957E0,3.662514210E0,1.104377365E1
7.660289461E1,2.265105724E0,3.743870020E0,1.133360481E1
7.662312883E1,2.131107569E0,3.636193037E0,1.080449200E1
7.664343175E1,1.992024899E0,3.095116138E0,1.060080242E1
7.666367649E1,1.817348838E0,2.817249537E0,1.073509979E1
7.668398071E1,1.271486163E0,3.286541939E0,1.050748253E1
7.670424758E1,1.125523925E0,3.600300789E0,9.923335075E0
7.672453190E1,1.814955950E0,3.499802113E0,9.693623543E0
7.674480539E1,2.147857428E0,3.391826153E0,9.877870560E0
7.676506050E1,1.453340650E0,3.317648649E0,1.078056335E1
7.678534909E1,1.242772222E0,3.119044304E0,1.142931747E1
7.680561930E1,2.451745987E0,2.731107950E0,1.109880829E1
7.682589878E1,3.359223843E0,2.924926519E0,9.566504478E0
7.684616565E1,3.493221998E0,3.511766434E0,7.871489048E0
7.686640748E1,3.244368315E0,3.789333820E0,6.944868565E0
7.688667977E1,2.609971285E0,3.758227110E0,7.158128738E0
7.690695638E1,1.975275040E0,3.372683525E0,7.763812065E0
7.692726050E1,1.561017632E0,2.948854923E0,8.072785378E0
7.694753586E1,1.316949725E0,2.824428082E0,7.749455452E0
7.696777519E1,1.003190875E0,3.011367321E0,6.990631580E0
7.698805409E1,7.304090858E-1,3.320041418E0,6.219544411E0
7.700834883E1,7.256234884E-1,3.458825111E0,5.767001629E0
7.702862805E1,7.280163169E-1,3.655335665E0,5.961119175E0
7.704886888E1,8.213363886E-1,3.968795538E0,6.348756790E0
7.706917607E1,8.093722463E-1,4.270590305E0,6.593123913E0
7.708944482E1,5.389832854E-1,4.447659016E0,7.088737011E0
7.710968675E1,6.969096065E-1,4.301696777E0,7.639385223E0
7.712998972E1,7.423732281E-1,4.282554150E0,7.852346420E0
7.715026836E1,9.840483218E-2,4.713561535E0,8.020143509E0
7.717054175E1,-1.220339537E-1,5.000699997E0,9.042177200E0
7.719081487E1,7.280163169E-1,4.792524815E0,1.038305569E1
7.721108336E1,1.429412484E0,4.680061817E0,1.107488060E1
7.723136123E1,1.266700506E0,4.706383228E0,1.110359478E1
7.725163180E1,7.280163169E-1,4.708775997E0,1.041655540E1
7.727190456E1,1.223330572E-1,4.912165642E0,9.466006279E0
7.729214289E1,-1.387837082E-1,5.158925533E0,9.715159416E0
7.731245378E1,-6.894320250E-1,5.039284706E0,1.149392319E1
7.733272045E1,-7.085745931E-1,4.435695171E0,1.276062393E1
7.735300138E1,7.926224917E-2,3.485445261E0,1.249950695E1
7.737327451E1,3.855435550E-1,3.221935749E0,1.131446171E1
7.739350914E1,7.399803996E-1,3.334398270E0,9.930513382E0
7.741381878E1,1.458126307E0,3.128615618E0,9.011071205E0
7.743405789E1,1.654636860E0,2.927319288E0,8.257032394E0
7.745432878E1,9.816554785E-1,2.819642305E0,7.888238907E0
7.747463862E1,8.404789865E-2,2.778964281E0,8.125427246E0
7.749490743E1,4.576273263E-2,2.546860695E0,8.111070633E0
7.751514847E1,5.629115105E-1,2.343171597E0,7.237092018E0
7.753545914E1,7.543373108E-1,2.668894529E0,6.348756790E0
7.755570055E1,5.748756528E-1,3.147758245E0,6.521338940E0
7.757600144E1,5.557330847E-1,3.358326674E0,7.280162811E0
7.759627914E1,6.801598072E-1,3.370290756E0,7.115057945E0
7.761654899E1,5.341976285E-1,3.518944740E0,6.399005890E0
7.763682482E1,4.668995142E-1,3.851547241E0,6.367899418E0
7.765709180E1,7.806583643E-1,4.036093712E0,7.165307522E0
7.767734206E1,6.203392744E-1,4.182055950E0,8.137392044E0
7.769764513E1,5.653043389E-1,4.148556232E0,8.558827400E0
7.771792227E1,7.830511928E-1,4.153341770E0,8.908179283E0
7.773818836E1,6.753742099E-1,4.088735580E0,8.996713638E0
7.775843805E1,5.051847100E-1,3.815654755E0,9.090332985E0
7.777873826E1,7.878368497E-1,3.410968781E0,1.010070229E1
7.779898003E1,1.458126307E0,3.200400352E0,1.081406307E1
7.781928222E1,2.104786634E0,3.018545866E0,1.102941704E1
7.783956930E1,2.571387053E0,3.018545866E0,1.185314560E1
7.785982795E1,2.660220623E0,2.826820850E0,1.318176079E1
7.788009670E1,2.169392824E0,2.685644388E0,1.413948822E1
7.790033977E1,2.109572172E0,1.979462504E0,1.433121300E1
7.792061399E1,2.561815739E0,1.397707582E0,1.274148178E1
7.794091878E1,2.638685226E0,1.852343798E0,1.057926750E1
7.796118998E1,3.064607620E0,2.326421738E0,9.607481956E0
7.798146560E1,2.930609465E0,2.544467688E0,9.930513382E0
7.800174237E1,2.138286114E0,2.580360174E0,1.039023399E1
7.802201607E1,1.539482236E0,2.367099762E0,9.559326172E0
7.804226211E1,1.202094316E0,2.151745796E0,8.240283012E0
7.806255690E1,1.007976532E0,2.111067772E0,6.870691299E0
7.808283242E1,9.936196208E-1,2.175673962E0,5.762216091E0
7.810308206E1,1.149452209E0,2.383849621E0,5.197210789E0
7.812334560E1,1.228415370E0,2.582752943E0,5.084748268E0
7.814361628E1,8.787640929E-1,2.838784933E0,5.625824928E0
7.816392711E1,5.075774789E-1,2.980260611E0,6.755835533E0
7.818419654E1,2.395813614E-1,3.056830883E0,7.311269760E0
7.820444237E1,6.490531564E-2,3.310470104E0,7.100701332E0
7.822474149E1,4.716851711E-1,3.629014730E0,7.004988194E0
7.824502128E1,1.092024446E0,3.698406458E0,7.414160728E0
7.826525956E1,9.361918569E-1,3.772583961E0,8.498707771E0
7.828552894E1,3.065803945E-1,3.918546200E0,9.753444672E0
7.830583649E1,-6.918248534E-1,4.095914364E0,1.090020466E1
7.832611211E1,-1.275972724E0,4.234697819E0,1.195603752E1
7.834638628E1,-3.493520916E-1,3.944867134E0,1.213549900E1
7.836665378E1,8.165507317E-1,4.004986763E0,1.157049370E1
7.838693055E1,4.908277392E-1,4.416552544E0,1.080209827E1
7.840720581E1,-5.937191248E-1,4.366302967E0,1.030648518E1
7.842744196E1,-1.352542996E0,3.959224224E0,1.098634624E1
7.844775128E1,-1.019641519E0,3.236292601E0,1.270080376E1
7.846802326E1,-1.674975827E-2,2.767000198E0,1.390259838E1
7.848829414E1,5.868397355E-1,2.522932291E0,1.314826107E1
7.850857133E1,6.011967063E-1,2.644966364E0,1.100548840E1
7.852881076E1,7.136593461E-1,2.589931488E0,9.293723106E0
7.854911810E1,6.107679605E-1,2.458326101E0,8.558827400E0
7.856935420E1,1.295115203E-1,2.467897415E0,9.008678436E0
7.858966310E1,1.055833027E-1,2.261815548E0,9.296115875E0
7.860990097E1,3.568296731E-1,2.144567251E0,8.891429901E0
7.863020477E1,4.118646085E-1,2.127817631E0,7.881060600E0
7.865045065E1,3.855435550E-1,2.134995937E0,7.004988194E0
7.867072003E1,2.276172489E-1,2.146960020E0,6.585945129E0
7.869101123E1,-2.943171859E-1,2.240280151E0,6.849155903E0
7.871130190E1,-6.415755749E-1,2.388635159E0,7.553243637E0
7.873153982E1,-1.962114573E-1,2.405385017E0,7.761419296E0
7.875181352E1,3.903291821E-1,2.599502802E0,7.311269760E0
7.877208644E1,7.710871100E-1,2.934497833E0,7.222734928E0
7.879239159E1,6.203392744E-1,3.123830080E0,8.156534195E0
7.881263180E1,3.041875660E-1,2.936890602E0,9.492327690E0
7.883293711E1,1.534397453E-1,2.774178743E0,9.719944954E0
7.885317951E1,7.178467698E-3,3.126222849E0,9.387042999E0
7.887348456E1,3.185445070E-1,3.578765392E0,9.451649666E0
7.889376206E1,8.213363886E-1,3.662514210E0,1.011745262E1
7.891403055E1,8.165507317E-1,3.341576815E0,1.099591732E1
7.893430659E1,5.533402562E-1,2.692822695E0,1.172632694E1
7.895457967E1,5.365904570E-1,2.577967405E0,1.174307632E1
7.897481805E1,9.361918569E-1,2.790928602E0,1.073270702E1
7.899512753E1,1.197308660E0,3.052045345E0,9.672088623E0
7.901540065E1,1.379163146E0,2.767000198E0,9.578767776E0
7.903563758E1,1.501197100E0,2.216351986E0,1.110359478E1
7.905594425E1,1.295414329E0,1.677667737E0,1.271755314E1
7.907618357E1,1.132702470E0,1.342373490E0,1.253539944E1
7.909649248E1,1.087238789E0,1.349551916E0,1.108684444E1
7.911675972E1,1.647458434E0,1.653739572E0,8.924929619E0
7.913700477E1,2.131107569E0,2.063211441E0,7.770990849E0
7.915731696E1,1.759921074E0,2.261815548E0,7.974380493E0
7.917754810E1,1.036690354E0,2.127817631E0,8.479565620E0
7.919785352E1,4.286143482E-1,1.826022744E0,8.522636414E0
7.921809722E1,2.392822644E-3,1.787737608E0,8.051250458E0
7.923849722E1,1.390828192E-1,1.809273005E0,7.182057381E0
7.925865102E1,4.238287210E-1,2.089532375E0,6.442076683E0
7.927894216E1,4.046861231E-1,2.520539522E0,6.367899418E0
7.929922581E1,1.701895148E-1,2.802892685E0,6.818048954E0
7.931949779E1,-5.742774159E-2,2.929712296E0,7.222734928E0
7.933977222E1,-1.292124242E-1,3.128615618E0,7.577171803E0
7.936004607E1,-5.503492057E-2,3.353540897E0,7.569993496E0
7.938028076E1,2.132603228E-1,3.554837227E0,7.828418255E0
7.940058925E1,3.496512175E-1,3.619443417E0,8.573184013E0
7.942083185E1,9.122636169E-2,3.566801310E0,9.336793900E0
7.944113602E1,-3.613162339E-1,3.736691713E0,1.015334511E1
7.946137560E1,-6.248258352E-1,3.794119358E0,1.130249786E1
7.948167607E1,-1.076770201E-1,3.595515013E0,1.196321583E1
7.950192196E1,3.999004960E-1,3.396611691E0,1.201585770E1
7.952219456E1,-1.986042857E-1,3.430111170E0,1.161835003E1
7.954247164E1,-9.574281573E-1,3.343969584E0,1.076142120E1
7.956277185E1,-1.345364571E0,3.470789194E0,1.017248726E1
7.958304789E1,-1.072582722E0,3.593122244E0,1.050030422E1
7.960333050E1,-1.196411327E-1,3.449253798E0,1.182203960E1
7.962359357E1,9.816554785E-1,2.893819809E0,1.249711418E1
7.964383675E1,1.180558920E0,2.836392164E0,1.139103222E1
7.966410888E1,8.691928387E-1,2.980260611E0,9.626625061E0
7.968440873E1,8.045865893E-1,2.604288340E0,8.862715721E0
7.970468831E1,4.573282301E-1,2.369492531E0,9.226723671E0
7.972496196E1,-5.264209956E-2,2.309672117E0,1.028973579E1
7.974523508E1,-4.594219327E-1,2.170888424E0,1.086909771E1
7.976550576E1,-3.182454109E-1,2.017747641E0,1.013420200E1
7.978574925E1,2.036890239E-1,2.034497499E0,8.609076500E0
7.980604690E1,4.860421121E-1,2.079961061E0,7.249056339E0
7.982632868E1,4.405784607E-1,2.115853310E0,6.861119747E0
7.984659732E1,-9.571290575E-3,2.288136721E0,7.646564007E0
7.986684008E1,-2.033899277E-1,2.206780672E0,7.912167072E0
7.988714763E1,-9.332008660E-2,2.170888424E0,7.150950432E0
7.990738524E1,3.140579537E-2,2.499004126E0,6.372684956E0
7.992769321E1,1.606182158E-1,2.726322412E0,6.456732750E0
7.994796336E1,3.520440459E-1,2.735893488E0,7.512565613E0
7.996823998E1,2.730808854E-1,2.723929405E0,8.946464539E0
7.998851425E1,-9.571290575E-3,2.807678223E0,1.004536819E1
8.000878649E1,-6.391827464E-1,3.162115097E0,1.070160007E1
8.002902737E1,-6.918248534E-1,3.346362352E0,1.039501953E1
8.004933383E1,3.858426586E-2,3.253042459E0,9.741479874E0
8.006957289E1,7.567301393E-1,2.886641502E0,1.006211853E1
8.008987649E1,6.275177598E-1,2.637787819E0,1.099831009E1
8.011014951E1,4.621138871E-1,2.487040043E0,1.097198868E1
8.013042201E1,3.855435550E-1,2.642573595E0,1.026580715E1
8.015066258E1,4.286143482E-1,3.001796007E0,9.904191971E0
8.017097222E1,8.404789567E-1,2.893819809E0,1.034716320E1
8.019124368E1,1.214058399E0,2.398206472E0,1.167368412E1
8.021151019E1,1.357627749E0,1.866700768E0,1.231286716E1
8.023178914E1,1.218844056E0,1.811665893E0,1.192493057E1
8.025202987E1,1.307378531E0,1.965105653E0,1.054576778E1
8.027230242E1,1.767099500E0,2.216351986E0,9.157332420E0
8.029261123E1,2.370389938E0,2.254637241E0,8.163712502E0
8.031288024E1,2.439781904E0,2.295315027E0,7.589136124E0
8.033315722E1,1.879562140E0,2.436790705E0,8.142177582E0
8.035339774E1,1.379163146E0,2.168495417E0,8.879466057E0
8.037370368E1,9.194421172E-1,2.115853310E0,8.455636978E0
8.039394144E1,6.777670383E-1,2.259422779E0,7.395018578E0
8.041424232E1,8.811569214E-1,2.475075960E0,6.562016964E0
8.043448722E1,8.835497499E-1,2.790928602E0,6.236293793E0
8.045479154E1,7.304090858E-1,2.905783892E0,6.511767864E0
8.047503664E1,4.429712892E-1,2.927319288E0,6.976274490E0
8.049530461E1,-1.555334777E-1,3.131008387E0,7.538887024E0
8.051558222E1,-4.833501875E-1,3.396611691E0,8.242675781E0
8.053585159E1,-1.914258152E-1,3.511766434E0,8.623434067E0
8.055612894E1,1.342971772E-1,3.767798424E0,8.881858826E0
8.057643414E1,5.389832854E-1,3.906582117E0,9.248259544E0
8.059667513E1,1.271187067E-1,4.098307133E0,9.617053032E0
8.061697862E1,-6.487540603E-1,4.282554150E0,1.040219784E1
8.063725946E1,-6.176473498E-1,4.263411522E0,1.146999550E1
8.065752529E1,2.874378264E-1,4.148556232E0,1.182921791E1
8.067779097E1,5.748756528E-1,4.220340729E0,1.107727337E1
8.069806737E1,-1.100698411E-1,4.311268330E0,1.015573788E1
8.071831930E1,-6.942176819E-1,4.074378967E0,1.027777100E1
8.073862180E1,-1.132403374E0,3.631407499E0,1.170957661E1
8.075887899E1,-1.340578914E0,3.099901676E0,1.308126259E1
8.077913310E1,-1.189831018E0,2.932105064E0,1.297358513E1
8.079951560E1,-2.392822653E-1,2.853141785E0,1.178375435E1
8.081971529E1,6.681957245E-1,2.946461916E0,1.030648518E1
8.084005034E1,7.830511928E-1,2.970689297E0,9.200403214E0
8.086022206E1,6.921239495E-1,2.769393206E0,8.644968987E0
8.088053242E1,-7.178468257E-2,2.475075960E0,8.814859390E0
8.090077055E1,-7.420741320E-1,2.405385017E0,9.377471924E0
8.092107498E1,-6.248258352E-1,2.099103689E0,9.410971642E0
8.094135008E1,-2.512463629E-1,1.969891191E0,8.383852005E0
8.096162071E1,2.659024298E-1,1.996212244E0,7.095915318E0
8.098189779E1,6.394818425E-1,2.170888424E0,6.387042046E0
8.100213487E1,4.549354017E-1,2.513360977E0,6.612266064E0
8.102240727E1,1.558325738E-1,2.604288340E0,7.263412952E0
8.104268467E1,8.404789865E-2,2.661715984E0,7.500601768E0
8.106298966E1,1.677966863E-1,2.924926519E0,7.428517818E0
8.108326555E1,1.103689447E-1,3.157329559E0,7.517351627E0
8.110352154E1,-1.674975902E-1,3.281756163E0,8.237890244E0
8.112381060E1,4.576273263E-2,3.102294445E0,9.384650230E0
8.114407961E1,3.161516786E-1,3.035295486E0,1.017248726E1
8.116435784E1,5.054837838E-2,3.387040377E0,1.019880867E1
8.118462888E1,3.233301640E-1,3.449253798E0,1.014855862E1
8.120490217E1,1.106381416E0,3.102294445E0,1.036391354E1
8.122513961E1,1.371984720E0,2.908176899E0,1.103180981E1
8.124541597E1,1.075274706E0,2.652144909E0,1.177418327E1
8.126572086E1,9.553344250E-1,2.611466885E0,1.130728340E1
8.128599555E1,1.474876046E0,2.829213619E0,1.027537823E1
8.130626862E1,1.999203324E0,2.929712296E0,9.719944954E0
8.132650618E1,2.348854542E0,2.556432009E0,9.930513382E0
8.134677873E1,2.504388094E0,2.034497499E0,1.080688477E1
8.136705518E1,2.537887573E0,1.558026671E0,1.125942707E1
8.138736076E1,2.432603359E0,1.375872970E0,1.071117115E1
8.140763284E1,2.245963097E0,1.768594980E0,9.688838005E0
8.142790602E1,1.874776483E0,2.197209358E0,8.893822670E0
8.144814607E1,1.494018674E0,2.230708838E0,8.568398476E0
8.146845534E1,1.034297585E0,2.101496458E0,8.139784813E0
8.148869362E1,5.700899959E-1,2.044068813E0,7.787740231E0
8.150900185E1,3.113660514E-1,2.027318954E0,7.605885983E0
8.152923987E1,4.785645287E-3,2.223530531E0,7.447660446E0
8.154951310E1,-2.344966233E-1,2.467897415E0,7.339983463E0
8.156978425E1,-3.206382394E-1,2.575574398E0,7.064808846E0
8.159008956E1,-3.493520916E-1,2.781357288E0,6.782156467E0
8.161036336E1,-4.043870270E-1,3.037688255E0,7.296912670E0
8.163063472E1,-3.206382394E-1,3.090330362E0,8.199604988E0
8.165087701E1,-1.196411327E-1,3.052045345E0,8.264211655E0
8.167118826E1,-1.363908947E-1,3.102294445E0,8.020143509E0
8.169145956E1,-5.410770178E-1,3.343969584E0,8.369495392E0
8.171172961E1,-1.067797065E0,3.617050648E0,9.566504478E0
8.173200461E1,-1.082154036E0,3.554837227E0,1.091456127E1
8.175224768E1,-1.041476011E0,3.674478292E0,1.134078312E1
8.177251466E1,-9.311071038E-1,3.779762506E0,1.150349522E1
8.179282185E1,-6.678966284E-1,3.303291559E0,1.152263737E1
8.181306513E1,-9.239286184E-1,3.040081263E0,1.133599758E1
8.183333711E1,-1.515254974E0,3.214757204E0,1.067049313E1
8.185360852E1,-1.532004714E0,3.403790236E0,9.997511864E0
8.187391998E1,-7.181459069E-1,3.454039574E0,1.013659477E1
8.189415784E1,-1.722832322E-1,3.444468260E0,1.133360481E1
8.191446086E1,-6.056832075E-1,3.087937593E0,1.250668621E1
8.193470138E1,-1.278365493E0,2.467897415E0,1.240379429E1
8.195501060E1,-1.137188911E0,2.044068813E0,1.092173958E1
8.197528644E1,-2.153540403E-1,2.156531334E0,9.547362328E0
8.199555909E1,1.017547846E0,2.520539522E0,9.262616158E0
8.201581149E1,1.472483277E0,2.570788860E0,9.626625061E0
8.203609805E1,6.346961856E-1,2.414956331E0,9.317651749E0
8.205634503E1,-1.962114573E-1,2.190030813E0,7.924131393E0
8.207661696E1,-4.163511395E-1,2.015354872E0,6.432505608E0
8.209688868E1,-1.076770201E-1,2.039283037E0,5.860321522E0
8.211719492E1,4.094717801E-1,2.266601324E0,6.420541286E0
8.213746998E1,6.059823632E-1,2.592324257E0,7.421339512E0
8.215773404E1,5.027918816E-1,2.872284412E0,7.526922703E0
8.217798394E1,1.965105534E-1,3.071187973E0,6.918547630E0
8.219828456E1,-1.411765367E-1,3.150151014E0,6.786942482E0
8.221855758E1,-1.052841991E-1,3.272184849E0,7.699205875E0
8.223895758E1,6.849454641E-1,3.485445261E0,8.489136696E0
8.225911008E1,1.498804331E0,3.758227110E0,8.654540062E0
8.227937487E1,1.494018674E0,4.088735580E0,8.862715721E0
8.229961935E1,5.003990531E-1,4.198805332E0,9.336793900E0
8.231992836E1,3.858426586E-2,4.186841488E0,9.889835358E0
8.234020123E1,6.873382926E-1,4.026522160E0,1.065613651E1
8.236047258E1,1.968096614E0,3.483052492E0,1.157527924E1
8.238074727E1,2.236391783E0,3.066402197E0,1.163988590E1
8.240101659E1,1.455733418E0,3.008974552E0,1.054337502E1
8.242126123E1,9.361918569E-1,2.903391123E0,9.080761909E0
8.244153321E1,1.276271820E0,2.496611357E0,9.212367058E0
8.246180795E1,2.468495607E0,2.022533417E0,1.130967617E1
8.248211201E1,2.784647465E0,1.890628934E0,1.391456318E1
8.250238519E1,1.963310957E0,1.811665893E0,1.362951756E1
8.252266144E1,1.288235903E0,1.967498422E0,1.084995556E1
8.254289742E1,1.340878010E0,2.443969250E0,8.522636414E0
8.256320451E1,1.716850281E0,2.973082066E0,7.964809418E0
8.258347836E1,2.193320990E0,3.243471146E0,8.896215439E0
8.260373248E1,2.423032045E0,3.061616659E0,9.751050949E0
8.262399164E1,2.006381750E0,2.953640461E0,9.638588905E0
8.264430092E1,1.623530149E0,2.836392164E0,8.446065903E0
8.266453930E1,1.410269856E0,2.690429926E0,6.978667259E0
8.268484696E1,1.185344458E0,2.831606388E0,6.310471535E0
8.270508378E1,1.043868899E0,3.080759048E0,6.545267105E0
8.272538743E1,6.801598072E-1,3.241078377E0,7.165307522E0
8.274566680E1,4.381856322E-1,3.257827997E0,7.182057381E0
8.276593607E1,3.927220106E-1,3.408575773E0,6.552445889E0
8.278621065E1,3.544368446E-1,3.758227110E0,6.241079807E0
8.280648378E1,5.075774789E-1,4.026522160E0,6.954440117E0
8.282675909E1,6.370890141E-1,4.009772778E0,8.235497475E0
8.284702925E1,9.768698215E-1,3.992723703E0,9.437292099E0
8.286730550E1,1.156630635E0,4.150949001E0,9.952048302E0
8.288757409E1,8.021938205E-1,4.457230568E0,9.885049820E0
8.290781592E1,7.854440212E-1,4.591527462E0,1.014377308E1
8.292811992E1,1.379163146E0,4.579563618E0,1.081645584E1
8.294836013E1,8.644071817E-1,4.708775997E0,1.098873901E1
8.296866904E1,4.576273263E-2,4.840381145E0,1.026341438E1
8.298894300E1,-1.962114573E-1,4.644169807E0,9.916155815E0
8.300921352E1,9.122636169E-2,4.560420990E0,1.134317589E1
8.302945894E1,8.859425783E-1,3.995415688E0,1.294965744E1
8.304976076E1,9.960124493E-1,3.265006542E0,1.273908901E1
8.307003680E1,5.437689424E-1,2.905783892E0,1.102463150E1
8.309030571E1,3.281157911E-1,2.537289381E0,9.123832703E0
8.311054602E1,-1.627119333E-1,2.463111877E0,8.347960472E0
8.313087623E1,-9.957132936E-1,2.546860695E0,8.829216003E0
8.315109966E1,-1.055832982E0,2.499004126E0,9.501898766E0
8.317140232E1,-4.761717021E-1,2.448754787E0,9.327222824E0
8.319164196E1,-1.722832322E-1,2.479861498E0,8.443673134E0
8.321194659E1,-1.435693651E-1,2.566003084E0,7.284948349E0
8.323218935E1,-2.105683982E-1,2.628216505E0,6.375077724E0
8.325248956E1,-3.397808075E-1,2.759821892E0,6.660122871E0
8.327273159E1,6.011966988E-2,2.865106106E0,7.534101009E0
8.329303357E1,7.782655358E-1,2.920140982E0,7.814061642E0
8.331331524E1,1.355234981E0,3.071187973E0,6.930511475E0
8.333355243E1,1.230808139E0,3.339184046E0,6.839584351E0
8.335386076E1,4.860421121E-1,3.418147087E0,8.022536278E0
8.337413524E1,3.855435550E-1,3.408575773E0,8.587541580E0
8.339437623E1,8.715856671E-1,3.169293642E0,9.114261627E0
8.341467664E1,1.106381416E0,3.171686411E0,9.530612946E0
8.343495560E1,7.495517135E-1,3.502195120E0,9.789336205E0
8.345522722E1,7.232306600E-1,3.444468260E0,1.028016472E1
8.347546493E1,1.242772222E0,3.042474031E0,1.090738297E1
8.349577190E1,1.661815286E0,2.683251381E0,1.147238827E1
8.351601305E1,1.640279889E0,2.640180588E0,1.152742290E1
8.353628331E1,1.613958836E0,2.757428885E0,1.118524933E1
8.355655810E1,1.776670814E0,2.604288340E0,1.068485069E1
8.357686242E1,1.853241086E0,2.417349100E0,1.060798073E1
8.359710878E1,2.018345833E0,2.175673962E0,1.135753250E1
8.361741253E1,2.174178362E0,1.730309844E0,1.280369473E1
8.363767560E1,2.001596212E0,1.194018483E0,1.293051434E1
8.365792378E1,1.525125384E0,1.026520967E0,1.159920788E1
8.367820701E1,1.312164068E0,1.258624673E0,9.880263329E0
8.369850336E1,1.585245013E0,1.672882080E0,8.467600822E0
8.371875342E1,1.716850281E0,2.067996979E0,7.694420338E0
8.373904868E1,1.841277003E0,2.029711723E0,7.986344814E0
8.375932201E1,1.905883193E0,1.897807479E0,8.554041862E0
8.377959847E1,1.199701428E0,1.895414591E0,8.601898193E0
8.379983560E1,9.840483218E-2,2.022533417E0,8.079963684E0
8.382014378E1,-2.177468538E-1,1.950748682E0,7.079165936E0
8.384041914E1,1.151545867E-1,2.034497499E0,6.329614162E0
8.386065315E1,2.994019389E-1,2.467897415E0,6.420541286E0
8.388092904E1,5.796613097E-1,2.743072033E0,7.016952515E0
8.390120175E1,8.069794178E-1,2.786142826E0,7.196413994E0
8.392151071E1,4.142574072E-1,3.090330362E0,7.004988194E0
8.394178420E1,6.658028960E-1,3.315255880E0,7.244270325E0
8.396202263E1,1.987239242E0,3.454039574E0,8.199604988E0
8.398232826E1,1.300199986E0,3.841975927E0,8.982357025E0
8.400262315E1,-7.109674215E-1,4.124628067E0,9.310472488E0
8.402284206E1,-1.175474167E0,3.987937927E0,9.765408516E0
8.404311310E1,-8.569296002E-1,4.074378967E0,1.012702370E1
8.406342425E1,-7.061817646E-1,4.280161381E0,1.020359421E1
8.408366222E1,-4.953143001E-1,4.328018188E0,1.069442177E1
8.410394581E1,-5.626124144E-1,4.325624943E0,1.124028397E1
8.412424060E1,-9.167501926E-1,4.282554150E0,1.096002483E1
8.414451508E1,-9.574281573E-1,4.040879250E0,9.985548019E0
8.416478347E1,-9.478568435E-1,3.865904093E0,9.856335640E0
8.418502461E1,-1.103689432E0,3.674478292E0,1.129771233E1
8.420533227E1,-1.287936807E0,3.028116941E0,1.308604813E1
8.422559232E1,-1.472184181E0,2.264208317E0,1.303579903E1
8.424589279E1,-1.407577872E0,2.163709879E0,1.135513973E1
8.426615586E1,-4.283152521E-1,2.364706993E0,9.662516594E0
8.428642576E1,7.136593461E-1,2.554039001E0,8.800502777E0
8.430666524E1,8.237292171E-1,2.987439156E0,9.288937569E0
8.432697175E1,-3.613162339E-1,2.826820850E0,9.801301003E0
8.434724727E1,-1.156331539E0,2.237887383E0,9.202795982E0
8.436748524E1,-1.110867858E0,2.099103689E0,8.053643227E0
8.438779368E1,-5.195416212E-1,2.386242390E0,7.253841877E0
8.440806795E1,-3.038884699E-1,2.544467688E0,7.373483181E0
8.442830649E1,-6.894320250E-1,2.510968208E0,8.058428764E0
8.444858284E1,-6.918248534E-1,2.398206472E0,8.529814720E0
8.446888279E1,-5.410770178E-1,2.587538481E0,8.343173981E0
8.448915920E1,-2.608176768E-1,2.884248495E0,7.371089935E0
8.450942961E1,5.629115105E-1,2.948854923E0,6.772585392E0
8.452970388E1,1.259521961E0,2.975475073E0,7.416553974E0
8.454994295E1,6.634100676E-1,2.958725214E0,8.668897629E0
8.457021883E1,-1.938186288E-1,2.838784933E0,9.930513382E0
8.459049008E1,-4.570291340E-1,2.551646233E0,1.076142120E1
8.461079909E1,-4.689932466E-1,2.508575439E0,1.059601688E1
8.463106899E1,-5.721837282E-1,2.927319288E0,1.025623608E1
8.465134737E1,-1.890329868E-1,2.920140982E0,9.873085022E0
8.467161732E1,-6.939185411E-2,2.735893488E0,9.427721024E0
8.469188810E1,-5.793621540E-1,2.915355206E0,9.763015747E0
8.471216560E1,-7.396813035E-1,2.879462957E0,1.032802105E1
8.473243805E1,-1.220339537E-1,2.862713099E0,1.032323551E1
8.475267664E1,1.156630635E0,2.920140982E0,9.887442589E0
8.477294831E1,2.245963097E0,2.431705952E0,9.916155815E0
8.479325784E1,1.063310504E0,2.063211441E0,1.075184917E1
8.481353112E1,-1.053440213E0,1.909771562E0,1.147238827E1
8.483376878E1,-1.297508121E0,1.584347725E0,1.131206894E1
8.485407842E1,1.190130115E0,1.498206019E0,1.075184917E1
8.487435201E1,3.196511984E0,2.180459738E0,9.403793335E0
8.489458743E1,3.184547901E0,2.862713099E0,7.744669437E0
8.491488966E1,2.272284269E0,3.131008387E0,6.760621071E0
8.493513649E1,1.489233017E0,2.714358091E0,7.182057381E0
8.495544310E1,8.285148144E-1,2.211566210E0,8.048856735E0
8.497568315E1,4.764707983E-1,2.240280151E0,8.307282448E0
8.499598519E1,9.122636318E-1,2.441576481E0,8.175676346E0
8.501622946E1,1.218844056E0,2.676073074E0,7.550850868E0
8.503653305E1,7.926225066E-1,2.948854923E0,6.554838657E0
8.505677305E1,3.017947674E-1,3.111865759E0,5.752644539E0
8.507708696E1,6.969095767E-2,3.296113253E0,5.793322563E0
8.509732263E1,5.027918816E-1,3.209971666E0,6.339185238E0
8.511762446E1,8.476574421E-1,3.245863914E0,6.820441723E0
8.513786680E1,6.466603279E-1,3.731905937E0,7.629814148E0
8.515813842E1,4.645066857E-1,3.841975927E0,8.601898193E0
8.517841274E1,1.414756328E-1,3.763012648E0,9.856335640E0
8.519871071E1,-7.657032460E-2,3.698406458E0,1.130010509E1
8.521899243E1,1.465603895E-2,3.684049606E0,1.249711418E1
8.523932529E1,1.438684613E-1,3.731905937E0,1.316022587E1
8.525950435E1,1.103689447E-1,3.528516054E0,1.282523060E1
8.527981102E1,-5.171487927E-1,3.353540897E0,1.149631596E1
8.530005295E1,-1.472184181E0,3.545265913E0,1.053141022E1
8.532036279E1,-1.651944876E0,3.657728434E0,1.079252720E1
8.534061138E1,-1.077368379E0,3.379862070E0,1.224108219E1
8.536090383E1,-1.818545163E-1,2.762214661E0,1.311476135E1
8.538118144E1,3.424727321E-1,2.381456852E0,1.240618706E1
8.540141675E1,6.945167780E-1,2.357528448E0,1.066810036E1
8.542169118E1,1.321735382E0,2.402992249E0,9.171689034E0
8.544199961E1,1.312164068E0,2.487040043E0,9.020642281E0
8.546227472E1,5.437689424E-1,2.470290184E0,9.928120613E0
8.548254352E1,1.749751568E-1,2.084746838E0,1.026819992E1
8.550282664E1,1.055833027E-1,1.876272082E0,9.885049820E0
8.552309196E1,6.969095767E-2,1.869093537E0,9.131011009E0
8.554336649E1,3.858426586E-2,1.974676847E0,8.395816803E0
8.556363586E1,6.251249462E-2,1.989033818E0,7.785347462E0
8.558387763E1,2.443670183E-1,1.866700768E0,7.363911629E0
8.560418029E1,1.701895148E-1,1.876272082E0,6.956832886E0
8.562445961E1,4.336991161E-2,1.873879194E0,6.650551319E0
8.564473227E1,1.031904742E-1,1.809273005E0,6.312864304E0
8.566500706E1,1.582254022E-1,1.799701691E0,6.042475224E0
8.568528024E1,1.534397453E-1,1.933998942E0,6.142973900E0
8.570551795E1,2.371885478E-1,2.261815548E0,7.284948349E0
8.572582477E1,5.243272781E-1,2.551646233E0,9.169296265E0
8.574606477E1,7.543373108E-1,2.759821892E0,1.102941704E1
8.576636711E1,7.878368497E-1,2.965903759E0,1.152263737E1
8.578664456E1,8.021938205E-1,3.147758245E0,1.072552872E1
8.580691170E1,1.163809061E0,3.068794966E0,1.088106155E1
8.582719159E1,1.412662625E0,2.953640461E0,1.237268734E1
8.584746472E1,1.431805253E0,2.953640461E0,1.330170155E1
8.586770435E1,1.587637782E0,3.087937593E0,1.257129192E1
8.588801190E1,1.561017632E0,3.315255880E0,1.119482040E1
8.590828227E1,1.733600020E0,3.087937593E0,1.019162941E1
8.592855680E1,1.975275040E0,2.558824778E0,1.014616585E1
8.594879581E1,1.881955028E0,2.051247120E0,1.079013443E1
8.596906633E1,1.422233939E0,1.677667737E0,1.108684444E1
8.598934305E1,1.159023523E0,1.763809443E0,1.061545849E1
8.600964508E1,1.410269856E0,2.046461582E0,1.014138031E1
8.602992196E1,1.438983679E0,2.321636200E0,9.303294182E0
8.605016164E1,1.185344458E0,2.414956331E0,8.254639626E0
8.607043519E1,9.433703423E-1,2.163709879E0,7.675277710E0
8.609074092E1,6.155536175E-1,2.036890268E0,7.634599686E0
8.611097982E1,2.754737139E-1,1.993819475E0,7.663313389E0
8.613128977E1,1.175474152E-1,1.912164450E0,7.692027569E0
8.615152961E1,3.975076675E-1,1.962712765E0,7.421339512E0
8.617183357E1,6.753742099E-1,2.216351986E0,7.160521984E0
8.619207425E1,7.686942816E-2,2.647359133E0,7.112665176E0
8.621237592E1,-3.684946895E-1,2.647359133E0,7.134200573E0
8.623265263E1,-2.464607358E-1,2.556432009E0,6.870691299E0
8.625292857E1,6.011966988E-2,2.874677420E0,6.827620506E0
8.627316972E1,6.179464459E-1,3.303291559E0,7.263412952E0
8.629347118E1,8.715856671E-1,3.422932863E0,8.264211655E0
8.631374534E1,5.796613097E-1,3.236292601E0,9.054141998E0
8.633401862E1,-4.043870270E-1,3.336791277E0,9.492327690E0
8.635426342E1,-1.232901812E0,3.710370541E0,1.020120144E1
8.637456378E1,-7.755736113E-1,3.815654755E0,1.118764210E1
8.639480492E1,2.012962103E-1,3.751048565E0,1.186989594E1
8.641510961E1,4.477569461E-1,3.870689631E0,1.200150108E1
8.643538883E1,9.870393202E-3,3.837190151E0,1.099591732E1
8.645562690E1,-7.133602500E-1,3.767798424E0,9.679266930E0
8.647589940E1,-9.215358496E-1,3.832404613E0,9.810872078E0
8.649617170E1,-1.017248750E0,3.818047523E0,1.152981567E1
8.651648071E1,-1.309472203E0,3.497409344E0,1.266461182E1
8.653671842E1,-1.493719578E0,3.061616659E0,1.180768204E1
8.655699576E1,-1.321436286E0,2.891427040E0,9.940084457E0
8.657729857E1,-1.046261668E0,2.843570709E0,8.735896111E0
8.659757321E1,-5.362913609E-1,2.369492531E0,9.054141998E0
8.661784018E1,2.467598319E-1,1.977069736E0,1.015334511E1
8.663809232E1,5.772684813E-1,2.087139606E0,1.075184917E1
8.665835774E1,5.003990531E-1,2.273779631E0,1.047876835E1
8.667863951E1,3.951148391E-1,2.570788860E0,9.332008362E0
8.669893763E1,5.099703074E-1,2.824428082E0,7.804490089E0
8.671920951E1,7.854440212E-1,2.872284412E0,6.791728020E0
8.673945055E1,6.562315822E-1,3.080759048E0,7.093522549E0
8.675975998E1,3.257229924E-1,3.219542980E0,8.149355888E0
8.678002763E1,4.716851711E-1,3.080759048E0,8.290532112E0
8.680030107E1,5.724828243E-1,3.212364435E0,7.387839794E0
8.682057664E1,4.142574072E-1,3.528516054E0,6.619444847E0
8.684085529E1,6.490531564E-2,3.763012648E0,6.925725937E0
8.686112300E1,-2.679961324E-1,3.753441334E0,8.139784813E0
8.688136420E1,-1.938186288E-1,3.545265913E0,8.573184013E0
8.690166644E1,4.576273263E-2,3.739084482E0,8.510671616E0
8.692190935E1,-6.699903309E-2,4.043272018E0,8.802895546E0
8.694218342E1,-3.182454109E-1,4.294518471E0,9.686445236E0
8.696245539E1,5.051847100E-1,4.100699902E0,1.036151981E1
8.698276305E1,1.501197100E0,3.868296862E0,1.034716320E1
8.700301430E1,1.793420553E0,3.827618837E0,9.889835358E0
8.702327565E1,1.867598057E0,3.688835144E0,9.518648148E0
8.704357748E1,2.317747831E0,3.317648649E0,9.617053032E0
8.706385232E1,2.454138756E0,3.408575773E0,9.803693771E0
8.708409295E1,1.891526341E0,3.712763548E0,1.066331482E1
8.710438618E1,1.843669891E0,3.288934708E0,1.126181984E1
8.712467758E1,2.183749676E0,2.848356247E0,1.068963623E1
8.714494737E1,2.590529680E0,2.905783892E0,9.605089188E0
8.716521956E1,3.323331594E0,3.008974552E0,9.013463974E0
8.718549180E1,3.459722519E0,3.245863914E0,9.200403214E0
8.720573461E1,2.959323406E0,3.253042459E0,9.521040916E0
8.722604331E1,2.265105724E0,2.953640461E0,9.363115311E0
8.724628164E1,1.635494232E0,2.833999395E0,8.838788033E0
8.726657498E1,1.288235903E0,2.788535595E0,8.525029182E0
8.728682451E1,1.127916813E0,2.829213619E0,7.995915890E0
8.730713138E1,9.529415965E-1,2.929712296E0,7.220342159E0
8.732737102E1,9.242277741E-1,3.162115097E0,6.798906326E0
8.734767753E1,8.931210637E-1,3.341576815E0,6.669693947E0
8.736795180E1,8.404789567E-1,3.432504177E0,6.597909451E0
8.738822831E1,6.873382926E-1,3.518944740E0,6.468697071E0
8.740849758E1,6.107679605E-1,3.614657640E0,6.346364021E0
8.742873810E1,8.883354068E-1,3.755834341E0,6.820441723E0
8.744900977E1,9.577272534E-1,3.956831455E0,7.246663570E0
8.746928425E1,8.285148144E-1,4.081557274E0,7.806882858E0
8.748959305E1,1.096810102E0,4.004986763E0,8.613862038E0
8.750986696E1,1.297807217E0,4.028914928E0,9.102297783E0
8.753013571E1,1.000798106E0,4.442873478E0,9.164510727E0
8.755041092E1,9.170492887E-1,4.761417866E0,9.535398483E0
8.757065003E1,1.094417214E0,4.763810635E0,1.084516907E1
8.759095748E1,1.383948803E0,4.440480709E0,1.161835003E1
8.761119737E1,1.175773263E0,4.375874519E0,1.138146114E1
8.763150394E1,3.616153300E-1,4.632205486E0,1.077099228E1
8.765174435E1,-1.292124242E-1,4.651348114E0,1.044048309E1
8.767201560E1,-3.421736360E-1,4.739882469E0,1.081884861E1
8.769232321E1,-5.742774159E-2,4.466801643E0,1.180289650E1
8.771259722E1,-3.828516230E-2,3.906582117E0,1.210199928E1
8.773287144E1,-6.894320250E-1,3.581158161E0,1.120199966E1
8.775310972E1,-9.669994712E-1,3.499802113E0,9.834799767E0
8.777338232E1,-5.554339290E-1,3.346362352E0,9.013463974E0
8.779369133E1,-1.268195957E-1,3.305684566E0,9.188439369E0
8.781392815E1,-4.067798331E-2,3.217149973E0,9.741479874E0
8.783423519E1,5.772684515E-2,2.857927561E0,9.523433685E0
8.785450831E1,7.208377868E-2,2.635395050E0,8.343173981E0
8.787474920E1,1.534397453E-1,2.599502802E0,7.134200573E0
8.789505904E1,5.051847100E-1,2.491825581E0,6.545267105E0
8.791532805E1,3.903291821E-1,2.484647274E0,6.432505608E0
8.793557003E1,-3.014956415E-1,2.654537678E0,7.033702374E0
8.795584097E1,-4.642075896E-1,2.628216505E0,7.763812065E0
8.797615092E1,-5.982056633E-2,2.659323215E0,7.893024445E0
8.799638862E1,2.539383173E-1,2.903391123E0,7.579565048E0
8.801669800E1,5.437689424E-1,3.250649452E0,7.098308563E0
8.803698227E1,7.088736892E-1,3.672085524E0,7.050451756E0
8.805724065E1,5.916253924E-1,3.844368696E0,7.919345856E0
8.807750357E1,6.873382926E-1,3.636193037E0,8.934500694E0
8.809778711E1,6.921239495E-1,3.617050648E0,9.552147865E0
8.811804789E1,6.107679605E-1,3.882653952E0,9.463613510E0
8.813830008E1,4.525425732E-1,4.186841488E0,9.190832138E0
8.815859461E1,4.046861231E-1,4.198805332E0,9.865906715E0
8.817884565E1,6.562315822E-1,3.928117514E0,1.120439243E1
8.819915638E1,8.835497499E-1,3.530908823E0,1.141974640E1
8.821939347E1,6.658028960E-1,3.336791277E0,1.076381397E1
8.823975815E1,8.213363886E-1,3.387040377E0,1.040219784E1
8.825997602E1,1.666600943E0,3.288934708E0,1.049073315E1
8.828024394E1,2.751147747E0,3.154936552E0,1.094327545E1
8.830049185E1,2.650649309E0,2.968296528E0,1.207807159E1
8.832079508E1,1.915454507E0,2.371885538E0,1.322273827E1
8.834103435E1,1.724028707E0,1.816451430E0,1.311476135E1
8.836130399E1,2.157428741E0,1.806880236E0,1.161356449E1
8.838157868E1,2.782254457E0,2.204387903E0,9.722337723E0
8.840188909E1,2.921038151E0,2.630609512E0,8.441280365E0
8.842212664E1,2.708076954E0,2.680858612E0,8.099106789E0
8.844243409E1,2.559422970E0,2.347957134E0,8.362317085E0
8.846267467E1,2.056631088E0,2.163709879E0,8.185248375E0
8.848294420E1,1.376770377E0,2.268994093E0,7.373483181E0
8.850325466E1,1.099202871E0,2.328814745E0,6.375077724E0
8.852352128E1,1.039083242E0,2.405385017E0,5.587540150E0
8.854380258E1,1.027119160E0,2.551646233E0,5.221138954E0
8.856407159E1,9.672985673E-1,2.695215702E0,5.448756218E0
8.858430998E1,8.213363886E-1,2.824428082E0,6.004190445E0
8.860460060E1,5.916253924E-1,3.008974552E0,6.343971252E0
8.862489170E1,3.640081584E-1,3.198007345E0,6.353542328E0
8.864516305E1,4.549354017E-1,3.375076294E0,6.509375095E0
8.866544128E1,4.980062246E-1,3.664906979E0,7.732705593E0
8.868570800E1,2.635096014E-1,3.693620920E0,9.303294182E0
8.870598612E1,-2.560320199E-1,3.662514210E0,1.001426220E1
8.872626013E1,-1.331007600E0,4.062414646E0,9.959226608E0
8.874649966E1,-2.441875458E0,4.902594566E0,1.020120144E1
8.876679992E1,-2.240878344E0,5.056034088E0,1.080927753E1
8.878704399E1,-9.119645357E-1,4.751846790E0,1.157049370E1
8.880734545E1,-2.201396823E-1,4.888237476E0,1.208764267E1
8.882762430E1,-6.846463680E-1,4.909772873E0,1.303819180E1
8.884786227E1,-9.263214469E-1,4.150949001E0,1.389542007E1
8.886813763E1,-8.521439433E-1,3.645764351E0,1.428814220E1
8.888843649E1,-8.374879509E-2,3.126222849E0,1.390020561E1
8.890871706E1,6.658028960E-1,3.032902718E0,1.237747288E1
8.892898680E1,7.926225066E-1,3.217149973E0,1.050269699E1
8.894926383E1,7.806583643E-1,3.061616659E0,9.080761909E0
8.896953789E1,4.405784607E-1,3.023331404E0,8.534600258E0
8.898981295E1,-1.986042857E-1,3.042474031E0,9.080761909E0
8.901007664E1,-3.397808075E-1,2.778964281E0,9.540184021E0
8.903032050E1,2.422732860E-2,2.697608471E0,8.908179283E0
8.905059503E1,4.716851711E-1,2.690429926E0,7.668099403E0
8.907087211E1,7.998009920E-1,2.666501760E0,6.679265499E0
8.909117508E1,6.705885530E-1,2.621038198E0,6.597909451E0
8.911145185E1,4.118646085E-1,2.575574398E0,7.038487911E0
8.913169602E1,2.563311160E-1,2.551646233E0,7.174878597E0
8.915199623E1,7.926224917E-2,2.656930447E0,6.597909451E0
8.917226368E1,2.422732860E-2,2.900998354E0,5.831607819E0
8.919250711E1,5.700899959E-1,3.059223652E0,5.628218174E0
8.921277977E1,5.916253924E-1,3.152543783E0,6.310471535E0
8.923305555E1,-2.823530734E-1,3.198007345E0,8.015357971E0
8.925336180E1,-4.331009090E-1,2.855534792E0,9.434899330E0
8.927360076E1,-4.546362907E-2,2.767000198E0,9.834799767E0
8.929390961E1,-2.392822644E-3,3.142972469E0,9.401400566E0
8.931414571E1,-1.627119333E-1,3.578765392E0,9.064012527E0
8.933445263E1,2.252244353E-1,3.585943937E0,9.303294182E0
8.935473013E1,2.898306549E-1,3.432504177E0,1.057687473E1
8.937500018E1,-1.770688742E-1,3.298506021E0,1.181725407E1
8.939527550E1,-3.804588020E-1,3.119044304E0,1.170718384E1
8.941554883E1,-7.896314561E-2,3.008974552E0,1.089781189E1
8.943582138E1,5.147559643E-1,2.824428082E0,1.042373371E1
8.945609664E1,7.375875711E-1,2.630609512E0,1.090738297E1
8.947636930E1,3.759722710E-1,2.395813704E0,1.216421318E1
8.949664164E1,8.883354068E-2,2.003390789E0,1.263111210E1
8.951690914E1,2.682952285E-1,1.694417477E0,1.174786186E1
8.953715524E1,5.461617708E-1,1.900200248E0,1.029691410E1
8.955745300E1,1.123131156E0,2.139781713E0,9.501898766E0
8.957773258E1,1.407876968E0,2.237887383E0,9.578767776E0
8.959798258E1,1.293021560E0,2.065604210E0,9.739087105E0
8.961827518E1,7.591229677E-1,1.996212244E0,9.276973724E0
8.963867519E1,2.611167729E-1,2.063211441E0,8.594719887E0
8.965882878E1,2.662015148E-2,2.020140409E0,8.034500122E0
8.967909992E1,-1.962114573E-1,2.091925144E0,7.565207958E0
8.969934326E1,-2.201396823E-1,2.175673962E0,7.435696602E0
8.971964472E1,-7.178468257E-2,2.304886341E0,7.562815189E0
8.973991930E1,4.785645287E-3,2.410170555E0,7.622635841E0
8.976015961E1,1.944168471E-2,2.611466885E0,7.495816231E0
8.978046597E1,1.893320978E-1,2.781357288E0,7.359126091E0
8.980073644E1,5.581258535E-1,2.879462957E0,7.079165936E0
8.982097842E1,5.700899959E-1,3.111865759E0,7.119843960E0
8.984127164E1,3.089732230E-1,3.308077335E0,7.778169155E0
8.986155857E1,1.725823283E-1,3.327219963E0,8.790931702E0
8.988183321E1,-7.178467698E-3,3.341576815E0,9.387042999E0
8.990210722E1,-2.105683982E-1,3.535694599E0,9.267401695E0
8.992234472E1,-9.810572863E-2,3.791726589E0,9.332008362E0
8.994265190E1,9.601201117E-2,3.841975927E0,9.930513382E0
8.996292789E1,-2.392822644E-3,3.806083441E0,1.036151981E1
8.998316383E1,-5.000999570E-1,3.784548044E0,1.022034359E1
9.000344899E1,-1.290329576E0,3.923331738E0,1.020120144E1
9.002371003E1,-1.778764486E0,3.727120399E0,1.098395348E1
9.004398399E1,-3.708875179E-1,2.805285454E0,1.188185978E1
9.006428899E1,9.290133715E-1,2.482254505E0,1.173111248E1
9.008452826E1,5.892325640E-1,2.922533751E0,1.106530952E1
9.010483654E1,2.898306549E-1,2.965903759E0,1.033998489E1
9.012511295E1,8.189435601E-1,2.810070992E0,9.257830620E0
9.014538279E1,9.433703423E-1,3.166900873E0,8.668897629E0
9.016562524E1,1.132702470E0,3.296113253E0,9.698409081E0
9.018593185E1,1.963310957E0,2.920140982E0,1.064177990E1
9.020616940E1,2.265105724E0,2.716751099E0,1.046919727E1
9.022647920E1,1.716850281E0,2.544467688E0,9.346364975E0
9.024674696E1,9.672985673E-1,2.338385820E0,8.671290398E0
9.026702164E1,7.519445419E-1,2.142174482E0,8.819644928E0
9.028729560E1,1.175773263E0,2.060818434E0,8.611469269E0
9.030757284E1,1.769492388E0,2.343171597E0,8.345566750E0
9.032783987E1,2.037488461E0,2.594717026E0,7.823632717E0
9.034811300E1,1.573280931E0,2.855534792E0,7.313662529E0
9.036835821E1,5.437689424E-1,3.121437073E0,7.763812065E0
9.038866045E1,4.334000051E-1,2.939283609E0,8.726325035E0
9.040890060E1,1.000798106E0,2.802892685E0,9.339186668E0
9.042920904E1,1.460519075E0,3.162115097E0,9.071190834E0
9.044945242E1,1.594816327E0,3.248256683E0,8.431708336E0
9.046975607E1,9.840483069E-1,3.126222849E0,8.446065903E0
9.048999383E1,3.329014480E-1,2.814856768E0,9.205188751E0
9.051039383E1,5.051847100E-1,2.628216505E0,9.968798637E0
9.053057670E1,1.462911963E0,2.719143867E0,1.074227810E1
9.055084529E1,2.030309916E0,2.874677420E0,1.129771233E1
9.057108940E1,1.498804331E0,2.869891644E0,1.142931747E1
9.059138477E1,8.811569214E-1,2.747857809E0,1.074467087E1
9.061163539E1,1.168594718E0,2.786142826E0,9.975976944E0
9.063190862E1,1.764706731E0,3.023331404E0,9.808479309E0
9.065221758E1,2.082952023E0,2.920140982E0,1.007168961E1
9.067245487E1,1.515554070E0,2.628216505E0,1.075424194E1
9.069276373E1,8.452646136E-1,2.173281193E0,1.100548840E1
9.071303675E1,3.065803945E-1,1.914856315E0,1.054576778E1
9.073327690E1,2.204387933E-1,1.931606054E0,1.001904774E1
9.075357748E1,8.428717852E-1,2.079961061E0,9.633803368E0
9.077382133E1,1.407876968E0,2.216351986E0,9.123832703E0
9.079422133E1,9.936196208E-1,2.266601324E0,8.477172852E0
9.081436675E1,4.501497746E-1,2.137388945E0,8.357531548E0
9.083464076E1,5.003990531E-1,1.727917075E0,8.642576218E0
9.085494899E1,2.395813614E-1,1.699203134E0,8.537292480E0
9.087518737E1,-1.052841991E-1,1.885843396E0,8.288139343E0
9.089546440E1,6.011966988E-2,1.845165372E0,7.435696602E0
9.091573394E1,2.347957194E-1,1.924427629E0,6.370292187E0
9.093604248E1,1.247258782E-1,2.158924341E0,5.781358719E0
9.095631201E1,-3.254238665E-1,2.288136721E0,6.241079807E0
9.097658420E1,-7.779664397E-1,2.295315027E0,7.814061642E0
9.099682842E1,-8.617152572E-1,2.252244234E0,8.678468704E0
9.101710076E1,-9.646066427E-1,2.422134638E0,8.465208054E0
9.103738534E1,-1.144367456E0,2.822035313E0,8.268997192E0
9.105764878E1,-1.153938770E0,2.992224693E0,8.714361191E0
9.107793164E1,-1.388435364E0,2.989831924E0,9.564111710E0
9.109819378E1,-1.450648785E0,2.843570709E0,1.053858948E1
9.111847024E1,-1.316650629E0,2.817249537E0,1.104855919E1
9.113874018E1,-1.065404296E0,2.865106106E0,1.135992527E1
9.115901107E1,-3.900300860E-1,2.850749016E0,1.161835003E1
9.117928779E1,9.122636169E-2,3.049652576E0,1.142692471E1
9.119959279E1,2.422732860E-2,3.056830883E0,1.083799076E1
9.121986769E1,-4.450650215E-1,2.767000198E0,1.035912704E1
9.124020102E1,-1.177866936E0,2.448754787E0,1.064417267E1
9.126041487E1,-1.359721422E0,1.790130496E0,1.181486130E1
9.128068013E1,-5.243272781E-1,1.416850090E0,1.306211948E1
9.130092550E1,5.485545993E-1,1.581954837E0,1.309561920E1
9.132123274E1,9.577272534E-1,1.989033818E0,1.163031483E1
9.134147586E1,9.170492887E-1,2.388635159E0,9.997511864E0
9.136174394E1,1.149452209E0,2.424527645E0,9.473184586E0
9.138205190E1,1.245165110E0,2.149353027E0,9.820443153E0
9.140232300E1,1.113559842E0,1.756630898E0,1.046680450E1
9.142259284E1,1.039083242E0,1.426421404E0,1.040937710E1
9.144283618E1,7.974081635E-1,1.330409408E0,9.549755096E0
9.146311399E1,6.035895348E-1,1.392622828E0,8.036892891E0
9.148338435E1,5.267201066E-1,1.653739572E0,7.105486870E0
9.150368571E1,6.969096065E-1,1.818844318E0,7.064808846E0
9.152396373E1,9.936196208E-1,1.960319996E0,7.476374149E0
9.154420201E1,1.228415370E0,2.010569334E0,8.292924881E0
9.156451050E1,9.672985673E-1,1.931606054E0,9.015856743E0
9.158475300E1,3.137588799E-1,1.806880236E0,9.157332420E0
9.160505284E1,-1.268195957E-1,1.622632861E0,8.898608208E0
9.162529659E1,-1.459621787E-1,1.644168258E0,8.771788597E0
9.164560534E1,1.725823283E-1,1.718345761E0,8.879466057E0
9.166587737E1,4.716851711E-1,1.993819475E0,9.731908798E0
9.168615024E1,7.567301393E-1,2.056032896E0,1.012463093E1
9.170638873E1,7.926225066E-1,1.926820397E0,1.011984539E1
9.172666170E1,2.826521695E-1,1.941177368E0,1.044048309E1
9.174693555E1,1.893320978E-1,1.644168258E0,1.139103222E1
9.176720706E1,3.496512175E-1,1.591526151E0,1.193928814E1
9.178751742E1,8.452646136E-1,1.794916034E0,1.168325520E1
9.180779097E1,1.379163146E0,1.974676847E0,1.086670494E1
9.182806644E1,1.563410521E0,2.407777786E0,1.007886791E1
9.184833753E1,1.747956991E0,2.611466885E0,9.827621460E0
9.186857607E1,1.786242127E0,2.525325298E0,1.019402313E1
9.188887680E1,1.953739643E0,2.213959217E0,1.047398281E1
9.190912175E1,1.872383714E0,1.933998942E0,1.051944637E1
9.192942763E1,1.798206210E0,1.713560104E0,1.059840965E1
9.194970550E1,1.874776483E0,1.407278776E0,1.063699436E1
9.196997310E1,1.676172256E0,1.524527073E0,1.019162941E1
9.199022446E1,1.575673699E0,1.682453394E0,9.391828537E0
9.201051722E1,1.549053550E0,1.735095501E0,8.525029182E0
9.203075998E1,1.422233939E0,1.830808401E0,7.921738625E0
9.205106565E1,1.237986565E0,1.919641972E0,7.500601768E0
9.207130857E1,9.649057388E-1,2.058425665E0,7.026523590E0
9.209161711E1,5.772684813E-1,2.249851465E0,6.585945129E0
9.211185430E1,4.597210586E-1,2.319243431E0,6.217151642E0
9.213214503E1,4.238287210E-1,2.453540564E0,6.073582172E0
9.215240399E1,1.630110443E-1,2.731107950E0,6.559624195E0
9.217270409E1,6.490531564E-2,2.857927561E0,7.184450150E0
9.219298378E1,1.465603895E-2,3.030509949E0,7.483552933E0
9.221325555E1,8.644071966E-2,3.226721287E0,7.292127132E0
9.223353050E1,1.725823283E-1,3.341576815E0,7.510172844E0
9.225376800E1,-3.110669367E-2,3.470789194E0,8.673683167E0
9.227407503E1,-5.982056633E-2,3.545265913E0,9.916155815E0
9.229434248E1,1.465603895E-2,3.722334623E0,1.064895821E1
9.231462248E1,1.271187067E-1,3.937688828E0,1.086670494E1
9.233486055E1,3.879363835E-1,3.815654755E0,1.121396351E1
9.235513274E1,3.041875660E-1,3.545265913E0,1.173829079E1
9.237540482E1,-5.506483316E-1,3.470789194E0,1.128574753E1
9.239571696E1,-1.295115232E0,3.523730516E0,1.081406307E1
9.241598368E1,-1.139581800E0,3.224328518E0,1.159681511E1
9.243625920E1,-1.770688742E-1,2.898605585E0,1.320568943E1
9.245650128E1,1.845464408E-1,2.752643347E0,1.374467278E1
9.247677425E1,-2.871387079E-2,2.740679264E0,1.231286716E1
9.249704555E1,-7.417750359E-2,2.659323215E0,1.039741230E1
9.251735966E1,-2.440679073E-1,2.551646233E0,9.489934921E0
9.253762873E1,-4.929214716E-1,2.652144909E0,9.734301567E0
9.255789451E1,-3.565305769E-1,2.501396894E0,1.033998489E1
9.257817440E1,-2.033899277E-1,2.465504646E0,1.031127071E1
9.259843987E1,-2.799602449E-1,2.472683191E0,9.422935486E0
9.261871758E1,-3.613162339E-1,2.520539522E0,8.438887596E0
9.263904446E1,-3.302095234E-1,2.597109795E0,7.723134041E0
9.265923284E1,4.785645287E-3,2.568396091E0,7.040880680E0
9.267954243E1,6.083751321E-1,2.714358091E0,6.410970211E0
9.269980935E1,8.691928387E-1,3.025724173E0,6.341578007E0
9.272005394E1,6.346961856E-1,3.207578659E0,6.858726978E0
9.274035868E1,5.365904570E-1,3.236292601E0,6.983452797E0
9.276063545E1,4.166502357E-1,3.360719442E0,6.257829189E0
9.278087196E1,4.573282301E-1,3.645764351E0,5.731109142E0
9.280114513E1,5.123631358E-1,3.983152390E0,6.717550278E0
9.282141732E1,8.213363886E-1,4.028914928E0,8.197212219E0
9.284170524E1,1.106381416E0,4.057629108E0,8.642576218E0
9.286196508E1,9.146564603E-1,4.351946354E0,8.247461319E0
9.288227430E1,4.357928336E-1,4.680061817E0,8.161319733E0
9.290252029E1,6.179464459E-1,4.785346031E0,9.243474007E0
9.292281789E1,1.623530149E0,4.404588223E0,1.091456127E1
9.294308914E1,2.363211393E0,4.112663746E0,1.252582836E1
9.296336362E1,2.686541557E0,3.956831455E0,1.277976704E1
9.298363571E1,2.863610506E0,3.777369738E0,1.105813122E1
9.300388446E1,2.710469961E0,4.122235298E0,9.317651749E0
9.302418664E1,2.889931440E0,4.402195454E0,9.037391663E0
9.304442461E1,3.502793312E0,3.947260141E0,9.715159416E0
9.306469742E1,3.572185040E0,3.403790236E0,1.051705360E1
9.308497170E1,3.352045536E0,2.982653379E0,1.073988533E1
9.310526216E1,3.462115288E0,2.494218588E0,9.932906151E0
9.312555268E1,3.280260801E0,2.592324257E0,8.534600258E0
9.314582383E1,2.717648268E0,2.970689297E0,7.756633759E0
9.316609753E1,2.190928221E0,3.087937593E0,7.780561924E0
9.318637482E1,1.843669891E0,3.054438114E0,8.053643227E0
9.320664618E1,1.769492388E0,3.099901676E0,8.242675781E0
9.322691425E1,1.769492388E0,3.195614576E0,8.079963684E0
9.324715524E1,1.616351724E0,3.375076294E0,7.349554539E0
9.326743331E1,1.379163146E0,3.538087368E0,6.629015923E0
9.328770149E1,1.199701428E0,3.585943937E0,6.358327866E0
9.330800956E1,6.897311211E-1,3.837190151E0,6.717550278E0
9.332828414E1,2.467598319E-1,4.019343853E0,7.344769001E0
9.334852268E1,2.539383173E-1,4.045664787E0,7.584350586E0
9.336879477E1,4.908277392E-1,4.244269371E0,7.246663570E0
9.338910388E1,8.452646136E-1,4.591527462E0,7.062416077E0
9.340934180E1,1.103988528E0,4.881059170E0,7.526922703E0
9.342964753E1,1.168594718E0,4.881059170E0,8.532207489E0
9.344989237E1,1.031904817E0,4.857131004E0,9.370293617E0
9.347016175E1,3.568296731E-1,5.120640278E0,9.746265411E0
9.349047050E1,1.677966863E-1,5.266602516E0,1.008604622E1
9.351074472E1,8.309076428E-1,5.051248550E0,1.023470020E1
9.353098102E1,1.326521039E0,5.175675392E0,1.041176987E1
9.355128675E1,1.362413406E0,5.285745144E0,1.066810036E1
9.357152711E1,1.182951689E0,5.237888813E0,1.038544846E1
9.359183154E1,5.318048596E-1,5.216353416E0,9.626625061E0
9.361207503E1,9.122636169E-2,5.039284706E0,9.482755661E0
9.363234664E1,1.199402362E-1,4.639383793E0,1.054337502E1
9.365262065E1,-1.435693540E-2,4.335196495E0,1.145324516E1
9.367289940E1,1.055833027E-1,4.007379532E0,1.094566822E1
9.369316690E1,3.735794425E-1,3.779762506E0,9.602696419E0
9.371347539E1,4.764707983E-1,3.743870020E0,8.359924316E0
9.373374763E1,3.329014480E-1,3.686442375E0,8.017750740E0
9.375401711E1,4.336991161E-2,3.705585003E0,8.755039215E0
9.377429409E1,1.749751568E-1,3.545265913E0,9.315258980E0
9.379457081E1,6.514459848E-1,3.499802113E0,8.716753960E0
9.381484326E1,1.022333503E0,3.554837227E0,7.625028610E0
9.383511748E1,1.355234981E0,3.456432343E0,6.655336857E0
9.385538748E1,1.271486163E0,3.403790236E0,6.047261238E0
9.387566065E1,2.898306549E-1,3.595515013E0,6.691229343E0
9.389593711E1,-2.871387303E-1,3.461217880E0,7.940881252E0
9.391617399E1,-4.546362907E-2,3.305684566E0,8.441280365E0
9.393644831E1,5.653043389E-1,3.571586847E0,7.828418255E0
9.395675779E1,8.500502706E-1,3.944867134E0,7.155735970E0
9.397699711E1,6.538388133E-1,4.069592953E0,7.337590694E0
9.399727633E1,3.807578981E-1,3.961616993E0,8.288139343E0
9.401757185E1,4.118646085E-1,3.870689631E0,9.116654396E0
9.403785284E1,3.376871049E-1,4.079164505E0,9.439684868E0
9.405812050E1,3.664009571E-1,4.268197536E0,9.626625061E0
9.407837149E1,6.514459848E-1,4.320839405E0,9.607481956E0
9.409866873E1,1.170987606E0,4.177269936E0,9.801301003E0
9.411892295E1,1.597209096E0,3.837190151E0,1.034237766E1
9.413917815E1,1.472483277E0,3.535694599E0,1.097677517E1
9.415948420E1,1.034297585E0,3.451646566E0,1.142213917E1
9.417976310E1,1.017547846E0,3.463610888E0,1.122592735E1
9.420003644E1,1.288235903E0,3.684049606E0,1.059601688E1
9.422030717E1,1.886740685E0,3.490231037E0,1.025623608E1
9.424058388E1,2.219642162E0,3.071187973E0,1.066092205E1
9.426082180E1,2.171785593E0,2.711965322E0,1.121874905E1
9.428112810E1,2.032702923E0,2.357528448E0,1.121157074E1
9.430140175E1,1.968096614E0,2.400599241E0,1.034716320E1
9.432163696E1,2.042274237E0,2.752643347E0,9.257830620E0
9.434191690E1,2.078166485E0,2.898605585E0,8.448458672E0
9.436221873E1,1.724028707E0,2.874677420E0,8.302495956E0
9.438249539E1,1.293021560E0,2.666501760E0,8.331210136E0
9.440276951E1,8.356932998E-1,2.455933332E0,7.876275063E0
9.442304149E1,1.797607988E-1,2.350350142E0,6.887440681E0
9.444327909E1,-7.178468257E-2,2.307279348E0,5.877071381E0
9.446355300E1,3.352942765E-1,2.575574398E0,5.970690727E0
9.448385378E1,1.092024446E0,3.020938635E0,6.944868565E0
9.450410602E1,1.415055513E0,3.578765392E0,7.976773262E0
9.452440102E1,1.130309582E0,3.530908823E0,8.266604424E0
9.454464258E1,6.299105883E-1,3.262613773E0,7.960023403E0
9.456491753E1,2.563311160E-1,3.363112211E0,7.033702374E0
9.458519394E1,5.509474277E-1,3.688835144E0,6.516553402E0
9.460549992E1,1.206879973E0,4.093521118E0,7.179664135E0
9.462577170E1,1.513161182E0,4.268197536E0,8.644968987E0
9.464601019E1,1.106381416E0,4.122235298E0,1.003818989E1
9.466628466E1,6.658028960E-1,4.189234257E0,1.068724346E1
9.468659097E1,1.039083242E0,4.313661098E0,1.062742233E1
9.470686300E1,1.692921996E0,4.476373196E0,1.067527866E1
9.472713789E1,1.841277003E0,4.553242207E0,1.056012440E1
9.474738008E1,1.144666553E0,4.392624378E0,1.003579712E1
9.476768732E1,2.850449979E-1,4.268197536E0,9.372686386E0
9.478795961E1,-5.264209956E-2,4.356731892E0,9.343972206E0
9.480822847E1,-1.674975827E-2,4.519742966E0,1.055294609E1
9.482846868E1,3.329014480E-1,4.373481750E0,1.205414295E1
9.484874539E1,8.691928387E-1,3.798905134E0,1.225543976E1
9.486901597E1,1.077667475E0,2.992224693E0,1.101745319E1
9.488931748E1,7.423732281E-1,2.587538481E0,9.707980156E0
9.490956482E1,3.783650696E-1,2.592324257E0,9.049356461E0
9.492986685E1,6.490531564E-2,2.853141785E0,9.095118523E0
9.495010956E1,-4.594219327E-1,3.274577856E0,1.001904774E1
9.497041597E1,-5.482555032E-1,3.241078377E0,1.044766140E1
9.499068873E1,-9.571290575E-3,2.896212816E0,9.482755661E0
9.501095868E1,5.581258535E-1,2.786142826E0,8.132605553E0
9.503120107E1,7.064808607E-1,2.929712296E0,7.198806763E0
9.505147612E1,4.645066857E-1,3.238685369E0,6.885047913E0
9.507178597E1,2.228316069E-1,3.399004459E0,7.064808846E0
9.509205857E1,5.557330847E-1,3.169293642E0,6.908976078E0
9.511233097E1,9.529415965E-1,3.181257725E0,6.605087757E0
9.513260060E1,1.010369420E0,3.406183004E0,6.605087757E0
9.515284185E1,6.753742099E-1,3.746263027E0,7.148557663E0
9.517314362E1,3.305086195E-1,3.892225027E0,7.849953651E0
9.519338883E1,3.113660514E-1,3.772583961E0,8.254639626E0
9.521369732E1,7.328019142E-1,3.564408541E0,8.994320869E0
9.523396821E1,1.403091431E0,3.253042459E0,9.547362328E0
9.525423894E1,1.417448282E0,3.226721287E0,1.022273636E1
9.527448133E1,7.016952634E-1,3.456432343E0,1.076381397E1
9.529475378E1,2.324029058E-1,3.557229996E0,1.095284653E1
9.531504258E1,7.519445419E-1,3.245863914E0,1.103659534E1
9.533533784E1,1.728814363E0,2.819642305E0,1.114935684E1
9.535560998E1,2.243570328E0,2.767000198E0,1.117567825E1
9.537588513E1,2.231606245E0,2.879462957E0,1.107966614E1
9.539612305E1,2.090429783E0,2.956332445E0,1.057687473E1
9.541642545E1,1.846062660E0,3.142972469E0,1.011745262E1
9.543670472E1,2.049452543E0,2.879462957E0,1.054337502E1
9.545694112E1,2.466102839E0,2.252244234E0,1.169282722E1
9.547722373E1,2.379961252E0,1.782951951E0,1.226501083E1
9.549752274E1,2.013560295E0,1.814058661E0,1.108684444E1
9.551778300E1,1.898704767E0,2.142174482E0,9.054141998E0
9.553806654E1,2.095215321E0,2.546860695E0,7.440482140E0
9.555834399E1,2.346461773E0,2.738286495E0,6.753442764E0
9.557861685E1,2.245963097E0,2.759821892E0,6.789335251E0
9.559887524E1,1.757528186E0,2.534896374E0,7.304090977E0
9.561916352E1,1.235593796E0,2.271386862E0,7.814061642E0
9.563944295E1,4.621138871E-1,2.194816589E0,7.981558800E0
9.565967201E1,-3.541377485E-1,2.417349100E0,7.866703510E0
9.567998227E1,-6.607181430E-1,2.762214661E0,7.442874908E0
9.570025342E1,-1.579262912E-1,3.056830883E0,7.069594383E0
9.572052670E1,2.156531364E-1,3.341576815E0,7.091129780E0
9.574079602E1,1.773679852E-1,3.566801310E0,7.237092018E0
9.576107519E1,-1.986042857E-1,3.629014730E0,7.397411346E0
9.578134690E1,-7.061817646E-1,3.741477251E0,7.644171238E0
9.580158737E1,-7.612167001E-1,3.916153431E0,8.027321815E0
9.582189092E1,-3.780659735E-1,4.009772778E0,8.587541580E0
9.584216925E1,-1.459621787E-1,4.050450325E0,9.236295700E0
9.586244201E1,-3.278166950E-1,4.076771736E0,9.672088623E0
9.588271102E1,-7.971090674E-1,4.091128349E0,9.719944954E0
9.590298930E1,-7.348956466E-1,4.088735580E0,9.894620895E0
9.592325784E1,-1.411765367E-1,4.019343853E0,1.054576778E1
9.594353378E1,2.850449979E-1,3.940081596E0,1.121157074E1
9.596377690E1,2.563311160E-1,4.014558315E0,1.125703430E1
9.598404435E1,-3.900300860E-1,3.985545158E0,1.031844902E1
9.600432289E1,-1.177866936E0,3.820440531E0,9.334401131E0
9.602462175E1,-1.316650629E0,3.370290756E0,9.918548584E0
9.604486784E1,-1.122832060E0,3.037688255E0,1.175743294E1
9.606517602E1,-6.032904387E-1,2.755036116E0,1.304058456E1
9.608541039E1,-2.703889608E-1,2.551646233E0,1.303340626E1
9.610571920E1,-4.378865361E-1,2.649751902E0,1.187228870E1
9.612599487E1,-5.434698462E-1,2.731107950E0,1.064895821E1
9.614626847E1,-1.866401732E-1,2.601895571E0,1.018684387E1
9.616650586E1,3.927220106E-1,2.510968208E0,1.006690407E1
9.618678013E1,6.562315822E-1,2.539682150E0,9.640981674E0
9.620708368E1,5.389832854E-1,2.439183474E0,8.869894028E0
9.622732602E1,1.701895148E-1,2.426920414E0,8.170890808E0
9.624759836E1,-2.392822644E-3,2.292922258E0,7.763812065E0
9.626787180E1,-7.896314561E-2,2.197209358E0,7.708777428E0
9.628818159E1,-2.656033039E-1,2.364706993E0,7.845168114E0
9.630844940E1,-2.177468538E-1,2.532503605E0,7.696813107E0
9.632872623E1,2.204387933E-1,2.628216505E0,6.952046871E0
9.634899847E1,5.294120312E-1,3.066402197E0,6.399005890E0
9.636923795E1,3.927220106E-1,3.514159203E0,6.715157509E0
9.638951149E1,-1.770688742E-1,3.731905937E0,7.936095238E0
9.640981987E1,-4.809573591E-1,3.715156317E0,9.461220741E0
9.643009133E1,-4.666004181E-1,3.672085524E0,1.078056335E1
9.645036675E1,5.294119939E-2,3.624228954E0,1.151306629E1
9.647060321E1,5.509474277E-1,3.607479334E0,1.152263737E1
9.649087727E1,6.011967063E-1,3.739084482E0,1.127378368E1
9.651114961E1,6.753742099E-1,3.607479334E0,1.122353458E1
9.653145987E1,1.168594718E0,3.145365477E0,1.134078312E1
9.655172550E1,1.779063582E0,2.874677420E0,1.189143085E1
9.657200326E1,2.732005358E0,3.090330362E0,1.209482098E1
9.659228081E1,3.170190811E0,3.056830883E0,1.146520996E1
9.661255342E1,2.420639277E0,2.714358091E0,1.004536819E1
9.663282461E1,1.697707653E0,2.520539522E0,8.486743927E0
9.665306638E1,9.696913958E-1,2.833999395E0,8.079963684E0
9.667337248E1,6.394818425E-1,3.162115097E0,8.869894028E0
9.669360883E1,1.316949725E0,3.006581545E0,9.696016312E0
9.671391592E1,2.133500576E0,2.747857809E0,9.157332420E0
9.673415597E1,2.063809633E0,2.946461916E0,7.493124008E0
9.675443263E1,1.398305774E0,3.231507063E0,6.439683914E0
9.677470451E1,8.500502706E-1,3.209971666E0,6.856334209E0
9.679501055E1,3.879363835E-1,2.963510752E0,7.682456017E0
9.681528670E1,-3.469592929E-1,2.985046148E0,7.969594955E0
9.683555920E1,-5.291129351E-1,3.075973511E0,7.495816231E0
9.685583086E1,-1.052841991E-1,3.217149973E0,6.954440117E0
9.687610232E1,3.592225015E-1,3.418147087E0,6.487839699E0
9.689634170E1,1.773679852E-1,3.600300789E0,6.164509296E0
9.691665284E1,-2.440679073E-1,3.739084482E0,6.547659874E0
9.693692342E1,1.271187067E-1,3.710370541E0,7.471588612E0
9.695721623E1,1.677966863E-1,3.844368696E0,8.130212784E0
9.697747279E1,-9.000003934E-1,4.275375843E0,8.280961037E0
9.699774071E1,-1.754836321E0,4.414159775E0,8.544470787E0
9.701801842E1,-1.524826288E0,4.146163464E0,8.697610855E0
9.703827513E1,-7.348956466E-1,4.158127785E0,8.489136696E0
9.705853190E1,5.294119939E-2,4.500301361E0,8.606683731E0
9.707882758E1,3.376871049E-1,5.022235394E0,9.662516594E0
9.709910737E1,1.510469317E-1,5.450850010E0,1.050748253E1
9.711938128E1,-5.503492057E-2,5.187639713E0,1.062502956E1
9.713962295E1,-8.853443712E-2,4.974379063E0,1.045484066E1
9.715992847E1,6.370890141E-1,4.828416824E0,1.013898754E1
9.718016774E1,7.830511928E-1,4.943272591E0,9.755837440E0
9.720047592E1,-3.756731451E-1,5.522634506E0,9.607481956E0
9.722075138E1,-9.669994712E-1,5.575575829E0,1.005254745E1
9.724102972E1,-4.953143001E-1,5.099104881E0,1.109641552E1
9.726126019E1,-3.493520916E-1,4.694418907E0,1.185553932E1
9.728157118E1,-8.401798606E-1,4.335196495E0,1.107248783E1
9.730181138E1,-1.168295622E0,3.803690672E0,1.003818989E1
9.732208107E1,-1.206580877E0,3.372683525E0,9.487542152E0
9.734239029E1,-1.019641519E0,3.087937593E0,9.861121178E0
9.736265940E1,-8.090731502E-1,2.970689297E0,1.017727280E1
9.738290425E1,-6.798607111E-1,2.867498875E0,9.674481392E0
9.740321748E1,-6.320042610E-1,3.013760090E0,8.625826836E0
9.742344789E1,-2.273181528E-1,2.912962437E0,7.512565613E0
9.744375440E1,-6.221338734E-2,3.020938635E0,6.734300137E0
9.746399378E1,-1.938186288E-1,3.047259569E0,6.300900459E0
9.748426576E1,-6.080760360E-1,3.126222849E0,6.485446453E0
9.750456310E1,-6.224330068E-1,3.032902718E0,6.954440117E0
9.752481201E1,-2.129612118E-1,2.951247692E0,6.868298531E0
9.754508685E1,-2.871387079E-2,3.406183004E0,6.640980244E0
9.756535993E1,2.060818523E-1,3.691227913E0,7.452445984E0
9.758567008E1,-3.349951655E-2,3.736691713E0,8.661719322E0
9.760590446E1,-6.008976102E-1,3.813261986E0,9.245866776E0
9.762618050E1,-4.331009090E-1,3.763012648E0,8.927322388E0
9.764648477E1,2.970091105E-1,3.784548044E0,8.300103188E0
9.766672946E1,6.801598072E-1,4.033700943E0,7.909774303E0
9.768703097E1,2.443670183E-1,4.392624378E0,8.458029747E0
9.770730961E1,3.140579537E-2,4.368695736E0,9.621838570E0
9.772757638E1,2.611167729E-1,4.208376884E0,1.067527866E1
9.774785654E1,3.687937856E-1,4.165306091E0,1.119960594E1
9.776812451E1,5.820540786E-1,4.141377926E0,1.141974640E1
9.778836805E1,1.233201027E0,3.911367655E0,1.096481037E1
9.780866956E1,1.812563181E0,3.841975927E0,1.037348461E1
9.782894821E1,1.968096614E0,3.710370541E0,1.018684387E1
9.784918440E1,1.860419631E0,3.365504980E0,1.068006516E1
9.786946003E1,1.582852125E0,3.066402197E0,1.108445168E1
9.788976565E1,1.436590910E0,2.831606388E0,1.046441174E1
9.791003894E1,1.553839207E0,2.850749016E0,9.238688469E0
9.793031003E1,1.757528186E0,2.900998354E0,8.257032394E0
9.795055138E1,1.905883193E0,2.891427040E0,7.888238907E0
9.797086097E1,1.587637782E0,2.802892685E0,7.950452328E0
9.799110102E1,1.029511929E0,2.604288340E0,8.089534760E0
9.801140050E1,3.831507266E-1,2.434397936E0,8.151748657E0
9.803168190E1,1.247258782E-1,2.407777786E0,7.998308659E0
9.805195279E1,2.994019389E-1,2.436790705E0,7.983952045E0
9.807219133E1,2.587239444E-1,2.475075960E0,7.742276669E0
9.809249472E1,-1.866401732E-1,2.721536636E0,7.344769001E0
9.811277269E1,-4.235295951E-1,2.726322412E0,7.328019142E0
9.813301175E1,-3.493520916E-1,2.716751099E0,7.466803074E0
9.815328821E1,-2.895315289E-1,2.965903759E0,7.785347462E0
9.817359092E1,-3.661018610E-1,3.202793121E0,7.897810459E0
9.819386420E1,-4.450650215E-1,3.413361549E0,7.960023403E0
9.821413857E1,-3.182454109E-1,3.468396425E0,7.881060600E0
9.823441029E1,-1.363908947E-1,3.629014730E0,8.221140862E0
9.825465185E1,1.510469317E-1,3.724727631E0,8.532207489E0
9.827496071E1,-3.684946895E-1,4.098307133E0,9.114261627E0
9.829523196E1,-8.736793399E-1,4.237090588E0,1.017248726E1
9.831546888E1,-2.009970993E-1,3.798905134E0,1.101505947E1
9.833578123E1,2.228316069E-1,3.746263027E0,1.177179050E1
9.835601597E1,-4.905286431E-1,4.002593994E0,1.235115242E1
9.837632456E1,-1.211366415E0,3.935296059E0,1.177418327E1
9.839659946E1,-1.515254974E0,3.822833300E0,1.066570759E1
9.841687107E1,-1.510469317E0,3.530908823E0,1.103180981E1
9.843711826E1,-1.805085540E0,3.078366280E0,1.277258778E1
9.845738274E1,-2.240878344E0,2.501396894E0,1.373001671E1
9.847768404E1,-2.142772675E0,1.984248161E0,1.272233868E1
9.849793024E1,-1.757229090E0,2.096710920E0,1.077817059E1
9.851823789E1,-7.683951855E-1,2.211566210E0,9.387042999E0
9.853847894E1,-1.028913707E-1,2.156531334E0,8.932107925E0
9.855875149E1,-3.900300860E-1,2.233101845E0,9.341579437E0
9.857905727E1,-5.650052428E-1,2.245065928E0,9.544969559E0
9.859933342E1,-8.138588071E-1,2.417349100E0,8.764610291E0
9.861959998E1,-1.026820064E0,2.750250578E0,7.684848785E0
9.863988560E1,-9.358927608E-1,2.855534792E0,7.014559746E0
9.866011946E1,-1.218544960E0,3.037688255E0,7.241877556E0
9.868042597E1,-1.441077471E0,3.020938635E0,8.335995674E0
9.870066149E1,-1.197009563E0,2.781357288E0,9.226723671E0
9.872097263E1,-9.311071038E-1,2.814856768E0,8.989535332E0
9.874121092E1,-7.468597889E-1,2.948854923E0,7.893024445E0
9.876151826E1,-8.018946648E-1,3.085544825E0,7.184450150E0
9.878179321E1,-6.655037999E-1,3.037688255E0,7.442874908E0
9.880202946E1,-5.123631358E-1,2.857927561E0,8.242675781E0
9.882233914E1,-5.650052428E-1,2.905783892E0,9.080761909E0
9.884257873E1,-5.506483316E-1,2.946461916E0,9.375079155E0
9.886285045E1,-3.996013701E-1,3.006581545E0,8.903393745E0
9.888315409E1,2.662015148E-2,3.042474031E0,8.077570915E0
9.890340961E1,8.644071966E-2,3.384647608E0,8.644968987E0
9.892370039E1,2.422732860E-2,3.372683525E0,1.024187946E1
9.894397722E1,1.845464408E-1,2.884248495E0,1.130967617E1
9.896425196E1,8.500502706E-1,2.573181629E0,1.061785126E1
9.898452378E1,1.814955950E0,2.513360977E0,9.602696419E0
9.900478201E1,1.879562140E0,2.790928602E0,9.181260109E0
9.902506644E1,8.500502706E-1,3.032902718E0,1.003101158E1
9.904530940E1,4.764707983E-1,2.570788860E0,1.194646645E1
9.906558378E1,9.960124493E-1,1.948355794E0,1.313868999E1
9.908588737E1,1.661815286E0,1.816451430E0,1.235593796E1
9.910615649E1,2.082952023E0,2.146960020E0,1.041416264E1
9.912639977E1,2.411067963E0,2.554039001E0,8.800502777E0
9.914671065E1,2.509173632E0,2.451147795E0,8.070392609E0
9.916694711E1,1.637887120E0,2.554039001E0,8.020143509E0
9.918725342E1,5.676971674E-1,2.551646233E0,8.312067986E0
9.920752956E1,9.122636169E-2,2.254637241E0,8.414958954E0
9.922776654E1,-2.919243574E-1,2.278565407E0,8.182855606E0
9.924807795E1,-5.291129351E-1,2.436790705E0,7.718348503E0
9.926834894E1,-3.493520916E-1,2.633002281E0,7.227520943E0
9.928862180E1,-1.746760458E-1,3.016152859E0,7.052844524E0
9.930889550E1,-5.742774159E-2,3.315255880E0,7.296912670E0
9.932913357E1,-1.651047617E-1,3.504587889E0,7.747062206E0
9.934943909E1,-3.589234054E-1,3.681656837E0,8.221140862E0
9.936971263E1,-4.618147612E-1,3.978366852E0,8.395816803E0
9.938998779E1,-3.924229145E-1,4.308875561E0,8.163712502E0
9.941026196E1,-1.196411345E-2,4.531706810E0,8.158926964E0
9.943053524E1,6.801598072E-1,4.404588223E0,8.812466621E0
9.945081086E1,7.926225066E-1,4.282554150E0,9.741479874E0
9.947108206E1,1.941177398E-1,4.328018188E0,1.049073315E1
9.949135493E1,2.778665423E-1,4.055236340E0,1.086191940E1
9.951162289E1,4.238287210E-1,3.899403572E0,1.040459061E1
9.953190446E1,-4.163511395E-1,3.973581076E0,9.873085022E0
9.955213909E1,-9.981061220E-1,3.688835144E0,9.990333557E0
9.957244701E1,-1.082154036E0,3.523730516E0,1.022512913E1
9.959271868E1,-1.220937729E0,3.911367655E0,9.975976944E0
9.961296045E1,-7.851449251E-1,3.985545158E0,9.791728973E0
9.963323289E1,-3.900300860E-1,3.703192234E0,1.114935684E1
9.965350545E1,-6.702894568E-1,3.238685369E0,1.271037483E1
9.967381581E1,-1.383649707E0,2.879462957E0,1.255454254E1
9.969405440E1,-1.527219057E0,2.599502802E0,1.100309563E1
9.971435602E1,-1.309472203E0,2.664108992E0,8.956035614E0
9.973459972E1,-1.019641519E0,3.114258766E0,7.823632717E0
9.975490425E1,-7.683951855E-1,3.379862070E0,7.955237865E0
9.977514930E1,-7.205387354E-1,3.269792080E0,8.664112091E0
9.979545513E1,-5.745765567E-1,2.884248495E0,8.960822105E0
9.981572555E1,-5.362913609E-1,2.618645191E0,8.458029747E0
9.983599862E1,-6.655037999E-1,2.522932291E0,7.617849827E0
9.985624227E1,-7.540382147E-1,2.475075960E0,7.167700291E0
9.987654279E1,-8.282157183E-1,2.484647274E0,7.368697166E0
9.989682123E1,-8.066803217E-1,2.575574398E0,7.775776386E0
9.991709446E1,-2.464607358E-1,2.747857809E0,7.715955734E0
9.993736737E1,1.295115203E-1,3.047259569E0,7.160521984E0
9.995763190E1,-1.148554832E-1,3.456432343E0,6.581159592E0
9.997787795E1,-4.211367965E-1,3.777369738E0,6.966403961E0
9.999816956E1,-6.221338734E-2,3.786941051E0,8.570791245E0
1.000184257E2,7.208377868E-2,3.863511324E0,9.590732574E0
1.000388257E2,-2.392822644E-3,4.083950043E0,9.624231339E0
1.000590080E2,2.012962103E-1,4.093521118E0,9.413364410E0
1.000792739E2,5.294119939E-2,4.215555191E0,9.530612946E0
1.000995199E2,-2.105683982E-1,4.292125702E0,9.942477226E0
1.001198252E2,-1.746760458E-1,4.086342812E0,1.072074318E1
1.001400995E2,-4.905286431E-1,3.918546200E0,1.143171024E1
1.001603370E2,-8.425726891E-1,3.751048565E0,1.149392319E1
1.001806121E2,-6.343970895E-1,3.674478292E0,1.073988533E1
1.002009216E2,7.926224917E-2,3.566801310E0,9.853942871E0
1.002211912E2,4.238287210E-1,3.681656837E0,9.705587387E0
1.002414555E2,5.485545993E-1,3.427718401E0,1.055533886E1
1.002617394E2,9.218349457E-1,2.915355206E0,1.200628662E1
1.002820106E2,1.135095239E0,2.654537678E0,1.277258778E1
1.003022558E2,1.472483277E0,2.496611357E0,1.196082306E1
1.003225614E2,1.939382792E0,2.501396894E0,9.908977509E0
1.003428009E2,2.341675997E0,2.721536636E0,7.950452328E0
1.003631085E2,2.602493763E0,2.908176899E0,7.225128174E0
1.003833465E2,2.248355865E0,2.922533751E0,7.737491131E0
1.004036334E2,1.649851203E0,2.757428885E0,8.199604988E0
1.004238916E2,1.113559842E0,2.644966364E0,7.979166031E0
1.004441652E2,5.988038778E-1,2.767000198E0,7.773383617E0
1.004644403E2,4.286143482E-1,2.616252422E0,7.373483181E0
1.004847444E2,3.352942765E-1,2.683251381E0,6.746264458E0
1.005050179E2,4.453641176E-1,2.963510752E0,6.284150600E0
1.005252866E2,6.945167780E-1,3.119044304E0,6.159723759E0
1.005455678E2,6.059823632E-1,3.406183004E0,6.483053684E0
1.005658171E2,4.501497746E-1,3.597908020E0,7.256234646E0
1.005860803E2,6.490531564E-1,3.640978813E0,7.613064289E0
1.006063881E2,8.955138922E-1,3.760619879E0,7.091129780E0
1.006266581E2,9.912267923E-1,3.901796341E0,6.461518288E0
1.006469321E2,6.849454641E-1,4.148556232E0,6.679265499E0
1.006672086E2,3.281157911E-1,4.174877167E0,8.118248940E0
1.006874793E2,-9.810572863E-2,4.172484398E0,9.923335075E0
1.007077524E2,-9.334999323E-1,4.550849438E0,1.092173958E1
1.007280208E2,-8.569296002E-1,4.682454586E0,1.039741230E1
1.007482979E2,-6.460621208E-2,4.692026138E0,9.186046600E0
1.007686407E2,4.166502357E-1,4.739882469E0,9.209974289E0
1.007888091E2,2.611167729E-1,4.282554150E0,1.041416264E1
1.008091140E2,-8.138588071E-1,3.808476448E0,1.150110245E1
1.008293916E2,-1.965404749E0,3.834797382E0,1.199432278E1
1.008496299E2,-1.876870275E0,3.621836185E0,1.219322586E1
1.008699048E2,-1.431506157E0,3.511766434E0,1.189143085E1
1.008902109E2,-1.572981834E0,3.806083441E0,1.154656601E1
1.009104824E2,-1.386042476E0,3.334398270E0,1.123789120E1
1.009307523E2,-1.520040631E0,2.860320330E0,1.036630630E1
1.009509986E2,-2.025225163E0,3.004188776E0,9.109476089E0
1.009712683E2,-1.967797518E0,2.900998354E0,8.410173416E0
1.009915420E2,-1.838585138E0,2.781357288E0,8.649754524E0
1.010118507E2,-1.659123421E0,2.788535595E0,9.379864693E0
1.010321239E2,-1.244866014E0,2.549253464E0,1.005015373E1
1.010523969E2,-1.022034407E0,2.321636200E0,9.920941353E0
1.010726699E2,-8.234301209E-1,2.132603168E0,9.107083321E0
1.010929421E2,-7.947162390E-1,2.108675003E0,8.240283012E0
1.011132179E2,-7.923234105E-1,2.216351986E0,7.380661488E0
1.011334918E2,-6.966105103E-1,2.542074919E0,6.990631580E0
1.011537650E2,-5.554339290E-1,2.750250578E0,7.110272408E0
1.011740365E2,-3.852444589E-1,2.829213619E0,7.423732281E0
1.011942765E2,-2.871387079E-2,2.857927561E0,7.790132999E0
1.012145768E2,1.199402362E-1,3.145365477E0,7.960023403E0
1.012348242E2,5.294119939E-2,3.379862070E0,8.075178146E0
1.012551235E2,2.662015148E-2,3.377469063E0,8.199604988E0
1.012754032E2,-2.392822644E-3,3.375076294E0,8.774181366E0
1.012956731E2,4.956133962E-1,3.305684566E0,9.202795982E0
1.013159529E2,5.171487927E-1,3.521337509E0,9.475577354E0
1.013361887E2,-1.435693540E-2,3.722334623E0,9.880263329E0
1.013564995E2,4.815555736E-2,3.679263830E0,1.009083176E1
1.013767385E2,5.461617708E-1,3.552444220E0,1.037587738E1
1.013970487E2,6.969096065E-1,3.475873947E0,1.091934681E1
1.014173129E2,5.653043389E-1,3.607479334E0,1.142213917E1
1.014375828E2,9.194421172E-1,3.518944740E0,1.094327545E1
1.014578645E2,1.429412484E0,3.550051451E0,9.827621460E0
1.014781194E2,1.889133453E0,3.583550930E0,9.260223389E0
1.014984065E2,2.152642965E0,2.956332445E0,9.796515465E0
1.015186713E2,1.010369420E0,2.405385017E0,1.131446171E1
1.015389588E2,-1.268195957E-1,2.053640127E0,1.173111248E1
1.015591947E2,-4.522434771E-1,2.070389748E0,1.043809032E1
1.015794672E2,-1.076770201E-1,2.477468729E0,8.558827400E0
1.015997733E2,5.676971674E-1,2.862713099E0,7.608278751E0
1.016200508E2,5.219344497E-1,3.157329559E0,7.967202187E0
1.016403246E2,3.711866140E-1,2.992224693E0,9.154939651E0
1.016605971E2,4.334000051E-1,2.580360174E0,9.928120613E0
1.016808688E2,2.467598319E-1,2.676073074E0,9.504291534E0
1.017011435E2,1.677966863E-1,2.857927561E0,8.474779129E0
1.017214129E2,3.376871049E-1,3.028116941E0,7.347161770E0
1.017416865E2,2.611167729E-1,3.324826956E0,6.940083027E0
1.017619267E2,-2.321037948E-1,3.562015533E0,7.143772125E0
1.017822039E2,-6.415755749E-1,3.571586847E0,7.617849827E0
1.018025098E2,-6.463612318E-1,3.518944740E0,7.991130352E0
1.018227786E2,-1.938186288E-1,3.810869217E0,7.969594955E0
1.018430227E2,4.094717801E-1,4.098307133E0,7.711170197E0
1.018633303E2,6.346961856E-1,4.213162422E0,7.603493214E0
1.018836036E2,3.616153300E-1,4.115056515E0,7.773383617E0
1.019038768E2,-2.679961324E-1,3.980759621E0,8.283353806E0
1.019241491E2,-2.703889608E-1,3.897010803E0,8.426922798E0
1.019444223E2,1.654038578E-1,4.158127785E0,8.486743927E0
1.019646975E2,1.582254022E-1,4.485944271E0,9.449256897E0
1.019849707E2,2.180459648E-1,4.155734539E0,1.085234833E1
1.020052070E2,3.448655605E-1,3.777369738E0,1.121635628E1
1.020255126E2,-3.996013701E-1,4.222733974E0,1.072792149E1
1.020457899E2,-7.779664397E-1,4.550849438E0,1.008365345E1
1.020660617E2,-2.871387303E-1,4.332803726E0,1.050987530E1
1.020863358E2,3.858426586E-2,3.681656837E0,1.208524990E1
1.021066049E2,-3.086741269E-1,3.001796007E0,1.306929779E1
1.021268839E2,-6.008976102E-1,2.711965322E0,1.200867939E1
1.021471230E2,-5.458626747E-1,2.795714140E0,9.865906715E0
1.021674293E2,-2.033899277E-1,3.145365477E0,8.053643227E0
1.021877038E2,-1.363908947E-1,3.514159203E0,7.682456017E0
1.022079765E2,-5.673980713E-1,3.631407499E0,8.496315002E0
1.022282161E2,-7.995018363E-1,3.147758245E0,9.492327690E0
1.022484910E2,-5.913262963E-1,2.522932291E0,9.477970123E0
1.022687596E2,-2.679961324E-1,2.556432009E0,8.771788597E0
1.022890656E2,3.041875660E-1,2.781357288E0,8.245068550E0
1.023093399E2,6.658028960E-1,2.929712296E0,8.106285095E0
1.023296170E2,5.509474277E-1,2.975475073E0,7.881060600E0
1.023498527E2,8.165507019E-2,3.004188776E0,7.632206917E0
1.023701594E2,-2.033899277E-1,3.128615618E0,7.395018578E0
1.023904372E2,3.379862010E-2,3.310470104E0,7.330412388E0
1.024106730E2,5.724828243E-1,3.470789194E0,7.610671520E0
1.024309475E2,8.524430394E-1,3.401397467E0,7.998308659E0
1.024512190E2,3.927220106E-1,3.284149170E0,8.058428764E0
1.024715284E2,-3.613162339E-1,3.298506021E0,8.295317650E0
1.024917691E2,-6.128616929E-1,3.432504177E0,8.690432549E0
1.025120727E2,-7.417750359E-2,3.626621723E0,9.126225471E0
1.025323470E2,5.581258535E-1,3.830011845E0,9.274580956E0
1.025526211E2,8.141579032E-1,4.086342812E0,9.585947037E0
1.025728584E2,7.974081635E-1,3.916153431E0,1.070399284E1
1.025931674E2,6.993024349E-1,3.446861029E0,1.169282722E1
1.026134384E2,4.405784607E-1,3.387040377E0,1.168804169E1
1.026336817E2,8.380861282E-1,3.595515013E0,1.068006516E1
1.026539533E2,1.946561217E0,3.640978813E0,9.609874725E0
1.026742636E2,2.274677038E0,3.475873947E0,9.506684303E0
1.026945337E2,1.398305774E0,3.001796007E0,1.082602692E1
1.027148049E2,4.310071766E-1,2.010569334E0,1.247557926E1
1.027350465E2,-1.722832322E-1,1.519741535E0,1.236790180E1
1.027553209E2,-1.938186288E-1,1.981855392E0,1.069920731E1
1.027756254E2,3.017947674E-1,2.745464802E0,8.810073853E0
1.027958993E2,4.310071766E-1,3.296113253E0,7.488338470E0
1.028161746E2,2.060818523E-1,3.233899832E0,7.105486870E0
1.028364464E2,-2.368894368E-1,2.714358091E0,8.249854088E0
1.028566852E2,-4.737788737E-1,2.460718870E0,9.722337723E0
1.028770103E2,3.619144112E-2,2.393420935E0,1.004058266E1
1.028972361E2,6.251249313E-1,2.379063845E0,8.558827400E0
1.029175244E2,6.179464459E-1,2.458326101E0,7.397411346E0
1.029377773E2,4.310071766E-1,2.292922258E0,7.399804115E0
1.029580814E2,1.390828192E-1,2.278565407E0,7.773383617E0
1.029783234E2,-2.033899277E-1,2.609073877E0,8.359924316E0
1.029986337E2,-1.292124242E-1,2.977867842E0,8.637790680E0
1.030189046E2,7.423732281E-1,2.982653379E0,8.601898193E0
1.030391914E2,1.228415370E0,3.102294445E0,8.020143509E0
1.030594221E2,1.005583763E0,3.667299747E0,7.694420338E0
1.030797270E2,-1.914258115E-2,4.768596649E0,7.579565048E0
1.030999996E2,-1.084546804E0,5.585147381E0,6.930511475E0
1.031202735E2,-1.055832982E0,5.548955917E0,6.016154289E0
1.031405422E2,-5.650052428E-1,5.242674351E0,6.064010620E0
1.031608213E2,-3.972085714E-1,4.878666401E0,7.311269760E0
1.031810940E2,-4.642075896E-1,4.658526421E0,9.607481956E0
1.032013691E2,-3.900300860E-1,4.335196495E0,1.152263737E1
1.032216053E2,-3.708875179E-1,4.055236340E0,1.227458191E1
1.032418978E2,-2.344966233E-1,4.083950043E0,1.192971611E1
1.032621875E2,-5.338985324E-1,4.313661098E0,1.152024460E1
1.032824563E2,-1.096511006E0,4.203591347E0,1.157767200E1
1.033027074E2,-1.187438250E0,3.475873947E0,1.181725407E1
1.033229992E2,-9.167501926E-1,2.752643347E0,1.191535950E1
1.033432477E2,-1.094118118E0,2.522932291E0,1.135992527E1
1.033635519E2,-1.405185103E0,2.707179785E0,9.863513947E0
1.033838288E2,-1.855334878E0,3.068794966E0,8.719146729E0
1.034040623E2,-1.922333837E0,3.322434187E0,8.412566185E0
1.034243401E2,-1.496112347E0,3.162115097E0,8.979964256E0
1.034446098E2,-1.149153113E0,2.726322412E0,9.439684868E0
1.034648901E2,-1.041476011E0,2.654537678E0,8.814859390E0
1.034851909E2,-9.191430211E-1,2.747857809E0,7.902595997E0
1.035054320E2,-7.779664397E-1,2.843570709E0,7.632206917E0
1.035257401E2,-8.210372925E-1,2.786142826E0,7.881060600E0
1.035460136E2,-6.774678826E-1,2.561217546E0,7.931309700E0
1.035662885E2,-4.378865361E-1,2.668894529E0,7.900203228E0
1.035865233E2,-1.435693651E-1,2.912962437E0,7.955237865E0
1.036068290E2,-1.004985496E-1,3.090330362E0,7.768597603E0
1.036271081E2,-7.417750359E-2,3.310470104E0,7.490731239E0
1.036473782E2,-1.722832322E-1,3.410968781E0,7.517351627E0
1.036676549E2,-5.769693851E-1,3.470789194E0,8.252246857E0
1.036878896E2,-4.402793646E-1,3.303291559E0,9.145368576E0
1.037082014E2,-2.871387079E-2,3.538087368E0,9.193224907E0
1.037284646E2,1.941177398E-1,4.069592953E0,8.625826836E0
1.037487102E2,-5.503492057E-2,4.402195454E0,8.359924316E0
1.037690164E2,-6.678966284E-1,4.572384834E0,9.020642281E0
1.037892915E2,-8.138588071E-1,4.371088982E0,1.031127071E1
1.038095660E2,-5.243272781E-1,4.083950043E0,1.146999550E1
1.038298051E2,2.901297435E-2,4.026522160E0,1.213789177E1
1.038501122E2,4.525425732E-1,3.987937927E0,1.153220844E1
1.038703857E2,3.376871049E-1,3.798905134E0,1.073031425E1
1.038906497E2,-2.392822653E-1,3.483052492E0,1.073749256E1
1.039109307E2,-6.990033388E-1,2.822035313E0,1.192014503E1
1.039312054E2,-2.991028428E-1,2.278565407E0,1.280369473E1
1.039514466E2,9.074779749E-1,2.331207514E0,1.202782249E1
1.039717525E2,1.580459356E0,2.704786777E0,1.018445110E1
1.039920280E2,8.165507317E-1,2.920140982E0,8.443673134E0
1.040122656E2,-1.842473447E-1,3.075973511E0,7.893024445E0
1.040325418E2,-5.195416212E-1,3.008974552E0,8.402995110E0
1.040528449E2,1.414756328E-1,2.900998354E0,9.315258980E0
1.040731205E2,1.139880896E0,2.900998354E0,9.269794464E0
1.040933871E2,1.137488008E0,3.052045345E0,8.599505424E0
1.041136620E2,1.582254022E-1,3.123830080E0,8.151748657E0
1.041339017E2,-7.444669604E-1,2.987439156E0,8.261817932E0
1.041541752E2,-7.301099896E-1,2.896212816E0,8.240283012E0
1.041744837E2,-1.818545163E-1,3.119044304E0,7.751848221E0
1.041947601E2,-4.785645381E-2,3.442075491E0,7.021738052E0
1.042150016E2,-3.948157430E-1,3.550051451E0,6.547659874E0
1.042353047E2,-6.415755749E-1,3.554837227E0,6.813263416E0
1.042555758E2,-4.929214716E-1,3.638586044E0,7.301698208E0
1.042758497E2,-3.756731451E-1,3.868296862E0,7.304090977E0
1.042961228E2,-4.354937077E-1,4.081557274E0,6.719943523E0
1.043163991E2,-4.211367965E-1,4.213162422E0,5.793322563E0
1.043366699E2,-1.278365493E0,4.399802685E0,4.792524815E0
1.043569256E2,-1.558624864E0,4.399802685E0,9.262616158E0
1.043771814E2,-1.759621978E0,4.493122578E0,1.084756279E1
