"Time (s)","Acceleration x (m/s^2)","Acceleration y (m/s^2)","Acceleration z (m/s^2)"
3.506946000E-3,-1.085743308E0,1.984846354E0,1.034716320E1
2.239944600E-2,-1.261017561E0,1.982453585E0,1.016411209E1
4.129189300E-2,-1.036092162E0,1.992623091E0,9.799206734E0
6.018439300E-2,-1.078564763E0,2.012962103E0,9.200403214E0
7.907684100E-2,-1.294517040E0,1.998006940E0,8.953942299E0
9.796934100E-2,-1.152742267E0,1.764706731E0,9.623334885E0
1.168618410E-1,-1.035493970E0,1.517647743E0,1.018445110E1
1.357542890E-1,-1.402194023E0,1.450050473E0,1.056909752E1
1.546467890E-1,-1.265803218E0,1.546361685E0,1.053081226E1
1.735392370E-1,-9.194421172E-1,1.688136339E0,9.984052658E0
1.924317370E-1,-9.996016622E-1,1.982453585E0,9.087940216E0
2.113241850E-1,-1.418943882E0,2.027318954E0,8.632705688E0
2.302166850E-1,-1.610369682E0,2.002194405E0,9.023334503E0
2.491091850E-1,-1.208375454E0,1.777269006E0,9.779465675E0
2.680016330E-1,-8.679963946E-1,1.597209096E0,1.027657509E1
2.868941330E-1,-7.692924738E-1,1.475773335E0,1.000618649E1
3.057865810E-1,-8.662018180E-1,1.457229018E0,9.477970123E0
3.246790810E-1,-1.138385415E0,1.603789330E0,8.869595528E0
3.435715290E-1,-1.433898926E0,1.822732687E0,8.378468513E0
3.624640290E-1,-1.226919770E0,1.698904037E0,9.111269951E0
3.813564770E-1,-7.728816867E-1,1.517049551E0,9.789037704E0
4.002489770E-1,-3.242274821E-1,1.761117458E0,9.809376717E0
4.191414250E-1,-4.660021961E-1,1.845464468E0,9.615557671E0
4.380339250E-1,-1.000798106E0,1.726421595E0,9.268000603E0
4.569263730E-1,-8.823533654E-1,1.841875196E0,9.915857315E0
4.758188730E-1,-8.171489239E-1,1.883151412E0,1.057687473E1
4.947113730E-1,-6.305087805E-1,1.798804402E0,1.061874866E1
5.136038210E-1,-4.827519655E-1,1.594218135E0,1.120319557E1
5.324963210E-1,-1.227517962E0,1.459621787E0,1.126780224E1
5.513887680E-1,-1.555334687E0,1.631306887E0,1.044167995E1
5.702812680E-1,-1.505683661E0,2.213959217E0,9.174679756E0
5.891737160E-1,-9.565308690E-1,2.601596355E0,8.278568268E0
6.080662160E-1,-8.763712645E-1,2.489133835E0,8.505288124E0
6.269586640E-1,-1.112064362E0,1.969292998E0,9.495916367E0
6.458511640E-1,-8.105686903E-1,1.386042476E0,9.479166985E0
6.647436120E-1,-7.381857634E-1,1.068993568E0,9.907482147E0
6.836361120E-1,-1.752742529E-1,1.009172916E0,1.058764172E1
7.025285600E-1,-1.609173268E-1,1.268794179E0,1.070309544E1
7.214210600E-1,-2.554338276E-1,1.534995675E0,1.028973579E1
7.403135080E-1,-1.980060786E-1,1.582253933E0,1.012403297E1
7.592060080E-1,-2.003988922E-1,1.469193101E0,9.936196327E0
7.780984560E-1,-4.462614357E-1,1.460219979E0,9.358329773E0
7.969909560E-1,-6.711867452E-1,1.635494232E0,8.877371788E0
8.158834040E-1,-7.992027402E-1,1.979462504E0,8.228917122E0
8.347759040E-1,-7.046862841E-1,2.285743713E0,8.404789925E0
8.536684040E-1,-5.198407173E-1,2.222334146E0,9.028120041E0
8.725608520E-1,-5.276173949E-1,2.073979139E0,9.505488396E0
8.914533520E-1,-9.332008362E-1,1.797608018E0,9.811769485E0
9.103458000E-1,-1.094716311E0,1.765903115E0,9.829715729E0
9.292383000E-1,-9.110672474E-1,1.812563181E0,9.236295700E0
9.481307480E-1,-8.081758618E-1,1.957328916E0,9.204590797E0
9.670232480E-1,-1.740778536E-1,1.980060697E0,1.010070229E1
9.859156960E-1,1.016949583E-2,2.100898266E0,9.991230965E0
1.004808196E0,-4.163511395E-1,2.056032896E0,9.654440880E0
1.023700643E0,-7.178468108E-1,1.923829436E0,9.711869240E0
1.042593143E0,-8.584251404E-1,1.824527264E0,9.588638306E0
1.061485591E0,-8.817551732E-1,1.970489502E0,9.567701340E0
1.080378091E0,-5.467599630E-1,2.096112728E0,1.003071213E1
1.099270539E0,-6.837490797E-1,2.207378864E0,9.697511673E0
1.118163039E0,-6.909275651E-1,2.259422779E0,9.334401131E0
1.137055487E0,-7.274180651E-1,2.209771633E0,8.887541771E0
1.155947987E0,-1.050449133E0,2.201995134E0,8.939585686E0
1.174840435E0,-7.310073376E-1,2.442473650E0,9.978070259E0
1.193732883E0,-5.754738450E-1,2.129612207E0,9.350552559E0
1.212625383E0,-1.932204247E0,2.190629244E0,8.180462837E0
1.231517883E0,2.045863420E-1,1.868794441E0,1.165723324E1
1.250410331E0,3.655036688E-1,2.007578135E0,1.151246834E1
1.269302831E0,-1.130608678E0,1.727019787E0,7.376473904E0
1.293508698E0,-1.210768223E0,2.121237278E0,8.258229256E0
1.307106008E0,-8.751748800E-1,1.570888042E0,1.317129230E1
1.325998456E0,-9.577272534E-1,1.077966571E0,1.291825104E1
1.344890956E0,-1.871187329E0,1.026520967E0,1.114696407E1
1.363783404E0,-2.261217356E0,1.404586911E0,7.975875854E0
1.382675904E0,-9.643075466E-1,1.910070658E0,7.169494629E0
1.401568352E0,-5.647061467E-1,1.750349760E0,7.945965767E0
1.420460852E0,-7.274180651E-1,1.454836130E0,9.513264656E0
1.439353300E0,-9.463613629E-1,1.155733347E0,9.937990189E0
1.458245800E0,-1.518245935E0,1.333998680E0,9.033503532E0
1.477138247E0,-9.092726111E-1,1.633699656E0,8.514261246E0
1.496030695E0,4.307080805E-1,2.259422779E0,8.943174362E0
1.514923195E0,6.897311211E-1,2.318047047E0,9.054440498E0
1.533815643E0,2.829512656E-1,1.931606054E0,9.498309135E0
1.552708143E0,9.690931439E-2,1.672582984E0,1.021675491E1
1.571600591E0,6.161518395E-2,1.452443361E0,1.048176003E1
1.590493091E0,-3.529413342E-1,1.594218135E0,1.046620655E1
1.609385539E0,2.315055877E-1,2.086541414E0,1.036869907E1
1.628278039E0,8.895317912E-1,2.445464849E0,9.495318413E0
1.647170487E0,7.674978375E-1,2.522035122E0,8.651848793E0
1.666062935E0,6.227321029E-1,2.437089920E0,8.450253487E0
1.684955435E0,5.682953596E-1,2.306082726E0,9.357132912E0
1.703847883E0,6.981059909E-1,2.158325911E0,1.059781170E1
1.722740383E0,-8.973085135E-2,2.067398787E0,1.116012478E1
1.741632831E0,-1.119840980E0,2.044667006E0,1.088136101E1
1.760525331E0,-1.695314884E0,2.017747641E0,1.030469036E1
1.779417779E0,-1.896311998E0,2.374876499E0,9.402596474E0
1.798310279E0,-1.601396561E0,3.113660574E0,9.419346809E0
1.817202727E0,-9.517452121E-1,3.594617844E0,9.558130264E0
1.836095175E0,-1.034895778E-1,3.872783422E0,8.623134613E0
1.854987675E0,2.709871531E-1,3.568894863E0,8.018348694E0
1.873880122E0,-2.961117923E-1,3.531806231E0,6.751348972E0
1.892772622E0,-5.210371017E-1,3.659224033E0,6.183053493E0
1.911665070E0,5.796613097E-1,3.534198999E0,7.692326546E0
1.930557570E0,1.610369682E0,2.938386202E0,9.885348320E0
1.949450018E0,1.482951880E0,2.492722988E0,1.191446209E1
1.968342466E0,5.838487148E-1,2.396411896E0,1.264367485E1
1.987234966E0,-2.225325108E-1,2.569293261E0,1.187198925E1
2.006127414E0,-9.463613629E-1,2.425125837E0,1.074855900E1
2.025019914E0,-1.426720500E0,2.577668190E0,1.038245773E1
2.043912362E0,-4.953143001E-1,2.813361168E0,9.722038269E0
2.062804862E0,-6.424728632E-1,3.450450182E0,7.669594765E0
2.081697310E0,-1.681556106E0,4.395017147E0,7.001997471E0
2.100589758E0,-1.878963947E0,4.124628067E0,7.717451096E0
2.119482258E0,-2.667398930E0,3.612564087E0,8.766105652E0
2.138374706E0,-2.856431961E0,3.275774240E0,8.973683357E0
2.157267206E0,-2.156531334E0,3.531806231E0,8.454441071E0
2.176159654E0,-5.563312769E-1,3.954737663E0,9.671789169E0
2.195052102E0,4.498506486E-1,3.351746321E0,1.277528000E1
2.213944602E0,-6.861419082E-1,1.871187329E0,1.618086433E1
2.232837050E0,-1.789233088E0,8.614161611E-2,1.676052666E1
2.251729550E0,-2.522633314E0,-7.058826834E-2,1.446102333E1
2.270621997E0,-1.624726534E0,7.148557901E-1,1.104586792E1
2.289514497E0,-3.236292601E-1,6.783652306E-1,1.139641571E1
2.308406945E0,7.232306600E-1,-1.039083242E0,1.529910946E1
2.327299393E0,-6.741777658E-1,-2.485544443E0,1.682692719E1
2.346191893E0,-2.391626120E0,-2.063211441E0,1.435334682E1
2.365084341E0,-2.388036966E0,-6.430711150E-1,1.157827091E1
2.383976841E0,-1.097109199E0,5.294120312E-1,9.816555023E0
2.402869289E0,5.461617708E-1,1.114457130E0,8.452646255E0
2.421761737E0,7.603194118E-1,9.625129104E-1,7.094718933E0
2.440654237E0,-5.246263742E-1,3.948157430E-1,7.439285755E0
2.459546685E0,-1.748555183E0,2.482553422E-1,7.799405575E0
2.478439185E0,-2.048854351E0,2.488535494E-1,7.579265594E0
2.497331633E0,-1.326221943E0,6.580262184E-1,7.200601578E0
2.516224081E0,-1.806581169E-1,1.523031592E0,5.942574978E0
2.535116581E0,3.308077157E-1,1.813759565E0,5.271388054E0
2.554009029E0,-4.773681164E-1,1.633101463E0,5.434100151E0
2.572901529E0,-1.610369682E0,1.493719578E0,5.254040241E0
2.591793977E0,-1.892722726E0,1.352542996E0,6.060421467E0
2.610686425E0,-1.417747378E0,1.696511269E0,6.530611038E0
2.629578925E0,-3.529413417E-2,2.385644197E0,5.760720730E0
2.648471372E0,6.634100676E-1,3.131606579E0,6.221338749E0
2.667363872E0,-2.476571500E-1,2.533999205E0,8.116454124E0
2.686256320E0,-1.737787485E0,1.886740685E0,9.048459053E0
2.705148768E0,-2.450250387E0,1.618744493E0,8.717052460E0
2.724041268E0,-2.020140409E0,1.213161111E0,1.057388306E1
2.742933716E0,-1.744965911E0,7.926225066E-1,1.138504982E1
2.761826216E0,-1.019940615E0,1.353739381E0,1.120678520E1
2.780718664E0,-5.748756528E-1,1.855633974E0,1.001097202E1
2.799611112E0,-9.876375198E-1,1.195813060E0,9.614959717E0
2.818503612E0,-1.804188251E0,4.001995921E-1,1.110628605E1
2.837396060E0,-1.977667928E0,1.190429255E-1,1.242772293E1
2.856288560E0,-1.420140266E0,2.273181528E-1,1.307617760E1
2.875181008E0,-3.649054468E-2,-4.989035130E-1,1.470688629E1
2.894073456E0,1.109073281E0,-1.570289850E0,1.779123497E1
2.912965956E0,5.174478889E-1,-1.804188251E0,1.807358742E1
2.931858404E0,-4.881358147E-1,-1.162313581E0,1.436471272E1
2.950750904E0,-7.513462901E-1,4.187439755E-2,1.092861938E1
2.969643352E0,-2.536391914E-1,6.909275651E-1,9.952347755E0
2.988535800E0,-2.572284266E-2,7.848458290E-1,1.024845982E1
3.007428300E0,-4.450650215E-1,4.528416991E-1,1.037228775E1
3.026320747E0,-8.745766878E-1,3.481557071E-1,9.804591179E0
3.045213247E0,-9.218349457E-1,7.160521746E-1,8.816953659E0
3.064105695E0,-2.279163599E-1,1.399203062E0,7.524230957E0
3.082998143E0,6.945167780E-1,1.732403636E0,6.163312912E0
3.101890643E0,6.711867452E-1,1.816152334E0,6.485147476E0
3.120783091E0,4.366901144E-2,1.420140266E0,6.862017155E0
3.139675539E0,-6.526423693E-1,1.278963685E0,6.714260101E0
3.158568039E0,-7.537391186E-1,1.506880045E0,6.504888535E0
3.177460487E0,-4.301098585E-1,2.023131609E0,6.346961975E0
3.196352987E0,-3.152543902E-1,2.688934565E0,5.883950710E0
3.215245435E0,-7.884350419E-1,3.059223652E0,5.966503143E0
3.234137883E0,-1.389033556E0,2.440679073E0,7.695915699E0
3.253030383E0,-1.674377680E0,1.082154036E0,1.047876835E1
3.271922831E0,-1.717448473E0,-2.279163599E-1,1.431027603E1
3.290815279E0,-1.961516380E0,-3.230310678E-1,1.511546040E1
3.309707779E0,-1.995614052E0,5.665007830E-1,1.271486092E1
3.328600227E0,-1.406381488E0,1.146162033E0,1.159502029E1
3.347492675E0,-8.446664214E-1,3.224328458E-1,1.408714485E1
3.366385175E0,-1.934597135E0,-1.390828133E0,1.679821396E1
3.385277622E0,-3.253042459E0,-1.999801517E0,1.710389709E1
3.404170122E0,-3.240479946E0,-1.306481123E0,1.408235931E1
3.423062570E0,-1.671984792E0,2.458625287E-1,1.090469074E1
3.441955018E0,-1.818545163E-1,1.418943882E0,8.563912392E0
3.460847518E0,1.483550072E-1,1.402792215E0,7.557132244E0
3.479739966E0,-4.510470629E-1,1.287936807E0,7.275975227E0
3.498632414E0,-9.577272534E-1,9.326026440E-1,7.603792191E0
3.517524914E0,-8.386843204E-1,9.864411354E-1,7.428517818E0
3.536417362E0,-1.369891018E-1,1.203589797E0,7.219744205E0
3.555309862E0,1.088734269E-1,1.070788145E0,7.475776196E0
3.574202310E0,-9.026923180E-1,5.748756528E-1,7.364510059E0
3.593094758E0,-1.794616938E0,4.917250574E-1,7.097112179E0
3.611987258E0,-1.709671736E0,5.180460811E-1,6.543771744E0
3.630879706E0,-1.556531072E0,8.015955687E-1,5.691926956E0
3.649772154E0,-1.730010748E0,1.401595831E0,4.956732273E0
3.668664654E0,-1.756331801E0,1.903490424E0,4.910670280E0
3.687557102E0,-1.796411633E0,2.041675806E0,6.115456581E0
3.706449550E0,-1.916052699E0,1.895713687E0,8.044071198E0
3.725342050E0,-1.196411371E0,1.430309772E0,1.049910736E1
3.744234497E0,-3.649054468E-1,8.087740541E-1,1.262154102E1
3.763126997E0,-7.686942816E-1,5.443671346E-2,1.421516132E1
3.782019445E0,-1.840080619E0,-1.836491376E-1,1.411047554E1
3.800911893E0,-2.238485575E0,4.139583111E-1,1.212383366E1
3.819804393E0,-1.681556106E0,1.128215909E0,1.086640549E1
3.838696841E0,-8.787640929E-1,1.405185103E0,1.151785183E1
3.857589289E0,-3.290131092E-1,5.431707501E-1,1.321077347E1
3.876481789E0,-9.810572863E-2,-6.107679605E-1,1.479242992E1
3.895374237E0,8.021938205E-1,-1.134197950E0,1.562333679E1
3.914266685E0,1.604387641E0,-7.692924738E-1,1.425823212E1
3.933159185E0,1.832303882E0,1.004985496E-1,1.141017437E1
3.952051633E0,1.813759565E0,8.404789567E-1,9.206384659E0
3.970944081E0,1.481157184E0,1.068993568E0,8.331808090E0
3.989836581E0,8.542376757E-1,8.518448472E-1,8.926424980E0
4.008729029E0,4.767699242E-1,7.286145091E-1,9.628718376E0
4.027621477E0,3.457628787E-1,8.500502706E-1,9.411569595E0
4.046513977E0,3.242274821E-1,1.283151150E0,7.947760582E0
4.065406425E0,5.138586760E-1,1.844268084E0,6.326025009E0
4.084298872E0,4.444667995E-1,2.049452543E0,5.848058701E0
4.103191372E0,9.750752151E-2,1.713261008E0,6.523432732E0
4.122084269E0,-4.755735099E-1,1.207179070E0,7.450651646E0
4.140976717E0,-6.933203340E-1,1.083350420E0,8.010572433E0
4.159869217E0,-4.223332107E-1,1.174875975E0,7.847261906E0
4.178761665E0,-1.627119333E-1,1.532602906E0,7.003791809E0
4.197654113E0,-1.603191197E-1,1.733001828E0,6.622735023E0
4.216546613E0,-2.805584669E-1,1.820339799E0,7.210172653E0
4.235439061E0,-6.789634228E-1,1.456630826E0,9.467203140E0
4.254331561E0,-1.073779106E0,7.483552694E-1,1.167398357E1
4.273224009E0,-1.253839016E0,2.991028428E-1,1.336750412E1
4.292116457E0,-8.189435601E-1,8.117650747E-1,1.300259781E1
4.311008905E0,-5.742774159E-2,1.452443361E0,1.160638618E1
4.329901405E0,7.477571070E-2,1.217946768E0,1.272802162E1
4.348793853E0,-6.705885530E-1,1.974078715E-1,1.470030594E1
4.367686353E0,-1.704287887E0,-3.619144261E-1,1.458126259E1
4.386578801E0,-1.957927108E0,-1.082752272E-1,1.368634701E1
4.405471249E0,-1.548156261E0,5.300102234E-1,1.229133129E1
4.424363749E0,-1.043270707E0,9.840483069E-1,1.037827015E1
4.443256196E0,-8.386843204E-1,1.066002488E0,8.996415138E0
4.462148644E0,-8.853443861E-1,9.756734371E-1,7.813762188E0
4.481041092E0,-9.032905698E-1,8.703892231E-1,6.973881721E0
4.499933592E0,-7.908278704E-1,1.149153113E0,6.912266254E0
4.518826040E0,-6.227321029E-1,1.593021631E0,7.315456867E0
4.537718488E0,-7.064808607E-1,2.237289190E0,7.537989616E0
4.556610988E0,-1.042672515E0,2.590828657E0,7.377072334E0
4.575503436E0,-1.375872970E0,2.646461725E0,7.033702374E0
4.594395936E0,-1.283151150E0,2.403590441E0,6.642475605E0
4.613288384E0,-1.373480201E0,2.080559254E0,6.999604225E0
4.632180832E0,-1.841277003E0,1.378864050E0,8.096714020E0
4.651073280E0,-2.197209358E0,8.434699774E-1,8.428717613E0
4.669965780E0,-2.693121910E0,5.467599630E-1,7.910073280E0
4.688858228E0,-2.310868502E0,8.452646136E-1,7.591229916E0
4.707750676E0,-1.381855130E0,1.300499082E0,8.338987350E0
4.726643176E0,-9.595218897E-1,1.483550072E0,9.495916367E0
4.745535624E0,-1.548156261E0,1.028315544E0,1.041595650E1
4.764428071E0,-1.608574986E0,6.508477330E-1,1.164766216E1
4.783320571E0,-1.214955688E0,5.922235847E-1,1.257847023E1
4.802213019E0,-1.073779106E0,7.884350419E-1,1.269332600E1
4.821105467E0,-1.021735311E0,1.192223907E0,1.227218914E1
4.839997967E0,-7.339983582E-1,1.232303619E0,1.240199947E1
4.858890415E0,-2.602194548E-1,5.096712112E-1,1.358644676E1
4.877782863E0,-5.922235921E-2,-7.854440212E-1,1.624247932E1
4.896675363E0,-4.486542568E-2,-1.613958836E0,1.736770439E1
4.915567811E0,9.391828626E-2,-1.101296663E0,1.481815243E1
4.934460259E0,9.278169870E-1,5.742774159E-2,1.126780224E1
4.953352759E0,1.725823283E0,1.186840057E0,8.212167740E0
4.972245207E0,1.695913076E0,1.585843205E0,5.703292847E0
4.991137655E0,1.170090318E0,1.284945726E0,5.767899036E0
5.010030103E0,5.282155871E-1,7.860422134E-1,7.307680130E0
5.028922603E0,-1.812563092E-1,7.633104324E-1,7.565506935E0
5.047815051E0,-3.032902777E-1,1.022333503E0,7.040282249E0
5.066707499E0,4.785645381E-2,1.308275819E0,6.670591354E0
5.085599999E0,-1.190429255E-1,1.421934843E0,6.473781586E0
5.104492446E0,-6.209374666E-1,1.435693622E0,6.373282909E0
5.123384894E0,-1.176072359E0,1.420738459E0,6.568896294E0
5.142277394E0,-1.339980721E0,1.683948994E0,6.947560310E0
5.161169842E0,-1.121635556E0,2.124228239E0,6.903891563E0
5.180062290E0,-7.441678643E-1,2.886342287E0,6.946363926E0
5.198954790E0,-4.223332107E-1,3.555734396E0,6.973881721E0
5.217847238E0,-4.019941986E-1,3.550350666E0,7.993224144E0
5.236739686E0,-8.273184299E-1,2.394019127E0,1.074018478E1
5.255632134E0,-1.341177106E0,9.266205430E-1,1.410808277E1
5.274524634E0,-1.368694544E0,1.854437590E-2,1.621915054E1
5.293417082E0,-1.366301775E0,4.875376225E-1,1.497129345E1
5.312309530E0,-1.414756417E0,1.415354609E0,1.157647610E1
5.331202030E0,-1.523629785E0,1.731805444E0,1.043809032E1
5.350094478E0,-1.576870084E0,8.650053740E-1,1.261256790E1
5.368986926E0,-2.189432621E0,-4.390829504E-1,1.472363567E1
5.387879426E0,-2.709273338E0,-9.984052777E-1,1.510229969E1
5.406771874E0,-2.437089920E0,-4.785645306E-1,1.304447269E1
5.425664321E0,-1.542772412E0,5.276173949E-1,1.061336517E1
5.444556821E0,-1.111466169E0,1.190429211E0,8.943174362E0
5.463449269E0,-1.134796143E0,1.252642632E0,8.350951195E0
5.482341717E0,-1.189831018E0,1.091725349E0,7.928019524E0
5.501234165E0,-1.082154036E0,1.027717352E0,7.373483181E0
5.520126665E0,-6.149554253E-1,1.153938770E0,7.080960274E0
5.539019113E0,-9.690931439E-2,1.408774376E0,7.043871880E0
5.557911561E0,-3.655036688E-1,1.452443361E0,6.532405853E0
5.576804061E0,-1.107278705E0,1.338186026E0,5.910272121E0
5.595696509E0,-1.742573142E0,1.244267821E0,5.925825119E0
5.614588957E0,-2.158924341E0,1.172483087E0,6.352943897E0
5.633481405E0,-2.225325108E0,1.450050473E0,6.295516491E0
5.652373905E0,-2.137987137E0,2.016551256E0,5.721837044E0
5.671266353E0,-2.333002090E0,2.687737942E0,5.307878971E0
5.690158801E0,-2.564507723E0,2.840878725E0,6.125027657E0
5.709051301E0,-2.627917528E0,2.134397745E0,8.590232849E0
5.727943749E0,-2.706282377E0,1.271785259E0,1.088076305E1
5.746836196E0,-2.381456852E0,8.727820516E-1,1.201735306E1
5.765728644E0,-1.599003673E0,1.029511929E0,1.242891884E1
5.784621144E0,-1.090528965E0,9.834501147E-1,1.265085316E1
5.803513592E0,-1.149153113E0,6.622136831E-1,1.287697506E1
5.822406040E0,-1.387238979E0,9.750752151E-2,1.342792225E1
5.841298540E0,-1.348953724E0,-5.383851007E-3,1.338544941E1
5.860190988E0,-1.047458172E0,-1.130608693E-1,1.346201992E1
5.879083436E0,-2.949153781E-1,-3.852444589E-1,1.429651737E1
5.897975884E0,3.786641955E-1,-7.800601721E-1,1.502573013E1
5.916868384E0,6.287141442E-1,-8.787640929E-1,1.521715546E1
5.935760832E0,8.817551732E-1,-4.486542344E-1,1.409791279E1
5.954653280E0,1.112064362E0,4.097708762E-1,1.102134132E1
5.973545780E0,1.463809252E0,1.208973646E0,8.538188934E0
5.992438228E0,1.651645780E0,1.590030670E0,7.814360619E0
6.011330676E0,1.312463164E0,1.289731383E0,8.233702660E0
6.030223124E0,8.195417523E-1,1.022931695E0,8.673981667E0
6.049115624E0,5.090730190E-1,9.332008362E-1,8.880961418E0
6.068008071E0,3.505485058E-1,1.240678549E0,7.923832417E0
6.086900519E0,2.877369225E-1,1.681556106E0,6.561119556E0
6.105792967E0,1.453639716E-1,1.850848317E0,6.110671043E0
6.124685467E0,-1.806581169E-1,1.623530149E0,6.136991978E0
6.143577915E0,-4.905286431E-1,1.332802176E0,6.290730953E0
6.162470363E0,-6.861419082E-1,1.194018483E0,6.226124287E0
6.181362811E0,-7.387840152E-1,1.375872970E0,6.122036934E0
6.200255311E0,-6.460621357E-1,1.742573142E0,5.825924873E0
6.219147759E0,-9.918249846E-1,1.899302959E0,5.930611134E0
6.238040207E0,-1.618146300E0,1.714457393E0,7.012764931E0
6.256932707E0,-1.704886079E0,1.472782373E0,8.729615211E0
6.275825155E0,-1.826321840E0,1.240080357E0,1.079282665E1
6.294717603E0,-2.011765718E0,8.518448472E-1,1.251027489E1
6.313610051E0,-2.294118643E0,6.263213158E-1,1.366122246E1
6.332502551E0,-2.549552441E0,6.735795736E-1,1.381496143E1
6.351394999E0,-2.468196630E0,1.208375454E0,1.258864021E1
6.370287446E0,-1.755733609E0,1.844268084E0,1.190010548E1
6.389179894E0,-1.062413216E0,1.696511269E0,1.283210945E1
6.408072394E0,-1.391426325E0,3.780659735E-1,1.546361637E1
6.426964842E0,-2.602194548E0,-7.381857634E-1,1.694357681E1
6.445857290E0,-3.087937593E0,-5.880361795E-1,1.485763359E1
6.464749790E0,-2.710469961E0,3.684946895E-1,1.168175983E1
6.483642238E0,-2.121237278E0,1.159920812E0,9.865009308E0
6.502534686E0,-1.765304923E0,1.387837172E0,8.541778564E0
6.521427134E0,-1.620539188E0,1.040279627E0,8.277371407E0
6.540319634E0,-1.205384374E0,6.442674994E-1,7.896314621E0
6.559212082E0,-7.286145091E-1,6.723831892E-1,6.895516872E0
6.578104530E0,-8.973085135E-2,9.427721500E-1,6.124429703E0
6.596996978E0,5.288137794E-1,1.062413216E0,6.223731518E0
6.615889478E0,4.887340367E-1,1.135992527E0,6.407381058E0
6.634781926E0,-2.033899166E-2,1.103091240E0,5.941378593E0
6.653674374E0,-6.753742099E-1,1.157527924E0,5.270191669E0
6.672566821E0,-1.452443361E0,1.245464206E0,4.731208801E0
6.691459321E0,-2.041675806E0,1.403988719E0,4.601995945E0
6.710351769E0,-2.449652195E0,1.814955950E0,4.688735962E0
6.729244217E0,-2.578266382E0,2.043470621E0,5.328217983E0
6.748136665E0,-2.323430777E0,2.032702923E0,6.728617191E0
6.767029165E0,-1.910668850E0,1.680957913E0,9.053842545E0
6.785921613E0,-1.770688772E0,1.096511006E0,1.145324516E1
6.804814061E0,-1.663609982E0,5.449653864E-1,1.297388458E1
6.823706509E0,-1.484148264E0,5.078766346E-1,1.352782249E1
6.842599009E0,-1.006181955E0,9.176474810E-1,1.269631672E1
6.861491457E0,-4.229314029E-1,1.736590981E0,1.147358418E1
6.880383905E0,-4.271188378E-1,1.798804402E0,1.174457169E1
6.899276353E0,-1.152742267E0,1.320239902E0,1.263410378E1
6.918168853E0,-1.503290772E0,1.000199914E0,1.325743389E1
6.937061301E0,-9.080761671E-1,9.571290612E-1,1.373360538E1
6.955953749E0,5.395814776E-1,5.359922647E-1,1.541994762E1
6.974846196E0,1.493719578E0,-3.278166950E-1,1.702912140E1
6.993738696E0,1.690529227E0,-7.567301393E-1,1.733959007E1
7.012631144E0,1.569691658E0,-3.541377485E-1,1.466800308E1
7.031523592E0,1.448854089E0,5.569294691E-1,1.071805096E1
7.050416040E0,1.324427366E0,1.310070395E0,8.083553314E0
7.069308540E0,1.138983607E0,1.720439434E0,6.200999737E0
7.088200988E0,1.201795220E0,1.648056626E0,6.637091637E0
7.107093436E0,9.349954724E-1,1.162911773E0,7.779066563E0
7.125985884E0,3.661018610E-1,9.690931439E-1,8.090731621E0
7.144878384E0,-4.785645381E-2,1.211366415E0,7.583453178E0
7.163770832E0,-4.115654826E-1,1.631306887E0,6.365506649E0
7.182663280E0,-3.092723191E-1,1.828116536E0,5.991029739E0
7.201555728E0,-1.256231871E-2,1.881955028E0,6.626922131E0
7.220448176E0,-1.645065546E-1,1.811366796E0,7.006783009E0
7.239340676E0,-2.751746178E-1,1.724028707E0,6.489933014E0
7.258233124E0,-2.003988922E-1,1.963909149E0,5.914459229E0
7.277125571E0,-6.221338734E-2,2.323430777E0,5.729613781E0
7.296018019E0,-6.281159073E-2,2.443071842E0,5.927619934E0
7.314910519E0,-4.522434771E-1,2.498705149E0,6.628118515E0
7.333802967E0,-9.655039310E-1,2.193620205E0,8.579465866E0
7.352695415E0,-1.231107235E0,2.121237278E0,1.123549843E1
7.371587863E0,-7.938188910E-1,2.273779631E0,1.215613747E1
7.390480363E0,-2.285145670E-1,2.218744755E0,1.276570892E1
7.409372811E0,-7.369893789E-1,1.737189293E0,1.368694592E1
7.428265259E0,-1.704287887E0,1.277767301E0,1.414995670E1
7.447157707E0,-1.403988719E0,1.732403636E0,1.317547989E1
7.466050207E0,-4.133601189E-1,2.083550215E0,1.160937691E1
7.484942655E0,1.357926875E-1,1.335195065E0,8.181060791E0
7.503835103E0,-2.231905222E0,1.595414519E0,1.374975681E1
7.522727551E0,-1.016949654E0,-1.154536903E-1,1.456271839E1
7.541619999E0,-1.935195327E0,-2.763710022E-1,1.296969700E1
7.560512499E0,-2.364706993E0,-7.537391037E-2,1.130369377E1
7.579404946E0,-1.319043517E0,-1.160518974E-1,9.864411354E0
7.598297394E0,-1.587039590E0,4.654040039E-1,9.102297783E0
7.617189842E0,-9.278169870E-1,2.033899277E-1,9.397810936E0
7.636082290E0,-6.927221417E-1,-1.974078640E-2,9.686744690E0
7.654974790E0,-8.751748800E-1,-1.160518974E-1,9.507282257E0
7.673867238E0,-8.715856671E-1,-8.793623000E-2,9.043074608E0
7.692759686E0,-8.488538265E-1,3.164508045E-1,7.555935860E0
7.711652134E0,-9.008977413E-1,8.350951076E-1,6.610770702E0
7.730544634E0,-2.626122832E-1,9.954141974E-1,6.491727829E0
7.749437082E0,-5.754738450E-1,8.751748800E-1,6.744170666E0
7.768329530E0,-1.884347796E0,5.982056856E-1,7.071389198E0
7.787221978E0,-2.865405083E0,5.300102234E-1,6.789036274E0
7.806114478E0,-3.204587698E0,7.130611539E-1,5.846263885E0
7.825006926E0,-3.217748165E0,1.320239902E0,5.281557560E0
7.843899374E0,-2.359323025E0,1.961516380E0,5.787639618E0
7.862791821E0,-1.325025558E0,2.499303341E0,6.119643688E0
7.881684269E0,-1.192223907E0,2.390429735E0,6.577271461E0
7.900576769E0,-1.634297848E0,1.727617979E0,8.240283012E0
7.919469217E0,-1.970489502E0,9.433703423E-1,1.042492962E1
7.938361665E0,-2.194218397E0,6.424728632E-1,1.145324516E1
7.957254113E0,-2.180459738E0,9.894321561E-1,1.115533924E1
7.976146561E0,-1.712662816E0,1.414158225E0,1.105603695E1
7.995039061E0,-1.533201098E0,1.254437327E0,1.203171062E1
8.013931509E0,-2.085943222E0,7.310073376E-1,1.348415375E1
8.032823957E0,-2.549552441E0,3.936193287E-1,1.386820221E1
8.051716405E0,-2.182254314E0,7.800601721E-1,1.312941742E1
8.070608853E0,-9.493523836E-1,1.104885817E0,1.334477234E1
8.089501353E0,7.316055298E-1,6.777670383E-1,1.532782364E1
8.108393801E0,1.462014675E0,-6.203392744E-1,1.707099533E1
8.127286249E0,2.805584669E-1,-1.645663738E0,1.728575134E1
8.146178696E0,-7.196413875E-1,-1.401595831E0,1.463091373E1
8.165071144E0,-3.966103494E-1,-1.256231815E-1,1.084008503E1
8.183963644E0,5.670989752E-1,1.063011408E0,8.346165657E0
8.202856092E0,1.459621787E0,1.415354609E0,7.587640762E0
8.221748540E0,1.077966571E0,6.376872063E-1,8.310273170E0
8.240640988E0,1.543370634E-1,-1.286142170E-1,9.241081238E0
8.259533488E0,-5.192425251E-1,-2.560320199E-1,9.530612946E0
8.278425936E0,-7.214360237E-1,3.200400174E-1,8.169096947E0
8.297318384E0,-1.764706671E-1,1.234696507E0,6.622735023E0
8.316210832E0,1.076770201E-1,1.880758643E0,5.970690727E0
8.335103280E0,-2.596212626E-1,1.857428551E0,6.054439545E0
8.353995728E0,-4.701896608E-1,1.571486235E0,6.790232658E0
8.372888228E0,-6.801598072E-1,1.404586911E0,7.071389198E0
8.391780676E0,-6.000002623E-1,1.501496196E0,6.724429607E0
8.410673124E0,-5.569294691E-1,1.724028707E0,6.265007973E0
8.429565571E0,-7.238288224E-2,1.913061738E0,6.461817741E0
8.448458019E0,-3.038884699E-1,2.067398787E0,7.162914753E0
8.467350519E0,-8.596215248E-1,1.727019787E0,8.516654015E0
8.486242967E0,-1.129412293E0,1.680957913E0,9.314062119E0
8.505135415E0,-9.355936646E-1,2.082952023E0,8.587242126E0
8.524027863E0,-5.778666735E-1,2.637488842E0,8.188837051E0
8.542920311E0,-2.105683982E-1,2.573480844E0,9.395418167E0
8.561812811E0,-6.209374666E-1,2.032702923E0,1.129831028E1
8.580705259E0,-1.261017561E0,1.229910851E0,1.343390465E1
8.599597707E0,-1.299302697E0,1.103689432E0,1.370190048E1
8.618490155E0,-6.131607890E-1,1.523629785E0,1.211186981E1
8.637382603E0,3.505485058E-1,1.788036704E0,1.194018459E1
8.656275051E0,5.324030519E-1,4.671986103E-1,1.426122284E1
8.675167551E0,-1.505085468E0,-6.939185858E-1,1.447119331E1
8.694059999E0,-2.548954248E0,-5.497509837E-1,1.247139168E1
8.712952446E0,-2.172084808E0,5.479564071E-1,1.035015392E1
8.731844894E0,-1.390828133E0,1.267597795E0,9.326624870E0
8.750737342E0,-8.829515576E-1,1.192223907E0,9.480362892E0
8.769629842E0,-9.744769931E-1,6.329016089E-1,9.713065147E0
8.788522290E0,-9.361918569E-1,1.333998591E-1,1.034836006E1
8.807414738E0,-9.278169870E-1,-7.477571070E-2,1.055474091E1
8.826307186E0,-1.083948612E0,2.177468538E-1,9.623932838E0
8.845199634E0,-6.921239495E-1,7.387840152E-1,8.670990944E0
8.864092134E0,-2.667997181E-1,1.171884894E0,7.841877937E0
8.882984582E0,-4.187439680E-1,1.198205948E0,7.314858913E0
8.901877030E0,-1.000798106E0,9.098708034E-1,7.415955544E0
8.920769478E0,-1.580459356E0,7.232306600E-1,7.312466145E0
8.939661926E0,-1.764108539E0,9.678967595E-1,6.820142746E0
8.958554374E0,-1.429113269E0,1.397408366E0,6.622735023E0
8.977446821E0,-1.803590059E0,1.798804402E0,6.332605362E0
8.996339321E0,-2.286342144E0,2.000399828E0,6.657430649E0
9.015231769E0,-1.986641049E0,2.035693884E0,7.752745152E0
9.034124217E0,-1.273579836E0,1.844866276E0,8.753543854E0
9.053016665E0,-1.292124271E0,1.572084427E0,9.010173798E0
9.071909113E0,-1.738385677E0,1.060020447E0,1.014377308E1
9.090801561E0,-2.075773716E0,1.064207911E0,1.100818062E1
9.109694061E0,-1.948355794E0,1.770090580E0,1.008156013E1
9.128586509E0,-1.788634896E0,2.400001049E0,9.369096756E0
9.147478957E0,-1.996212244E0,2.386242390E0,9.917651176E0
9.166371405E0,-2.434098721E0,2.030309916E0,1.050269699E1
9.185263853E0,-2.712264538E0,1.884347796E0,1.083829021E1
9.204156301E0,-2.571087837E0,1.762313843E0,1.050628567E1
9.223048801E0,-1.610967875E0,1.914856315E0,1.078923702E1
9.241941249E0,-7.298108935E-1,1.813759565E0,1.112542915E1
9.260833696E0,-4.660021961E-1,7.316055298E-1,1.267956734E1
9.279726144E0,-9.158528447E-1,-7.746763229E-1,1.526919937E1
9.298618592E0,-1.249651670E0,-1.236491084E0,1.513221073E1
9.317511040E0,-8.560323119E-1,-3.535395563E-1,1.231226921E1
9.336403540E0,-6.340979785E-2,6.478567123E-1,9.705886841E0
9.355295988E0,1.196411322E-3,1.068993568E0,8.975478172E0
9.374188436E0,-3.798605800E-1,8.554341197E-1,9.537791252E0
9.393080884E0,-5.276173949E-1,5.210371017E-1,9.958329201E0
9.411973332E0,-6.783652306E-1,3.170489967E-1,9.929018021E0
9.430865780E0,-4.707878530E-1,2.757728100E-1,9.612566948E0
9.449758280E0,-3.954139352E-1,6.951149702E-1,8.818747520E0
9.468650728E0,-1.489532143E-1,1.167697430E0,8.142775536E0
9.487543176E0,-6.885347366E-1,1.486541033E0,8.242077827E0
9.506435624E0,-5.509474277E-1,1.365105271E0,7.469195843E0
9.525328071E0,-1.372882009E0,1.450050473E0,6.247061729E0
9.544220519E0,-4.277170599E-1,1.234098315E0,9.381659508E0
9.563113019E0,-5.802594870E-2,1.282552958E0,1.020359421E1
9.582005467E0,-2.333002090E-1,1.384846091E0,8.060821533E0
9.617805847E0,-4.181457460E-1,4.515256405E0,7.868797302E0
9.636698087E0,-6.664010882E-1,4.536791801E0,9.298508644E0
9.655590327E0,-1.208375469E-1,4.273581028E0,8.730812073E0
9.674482566E0,4.277170599E-1,4.069592953E0,7.747361660E0
9.693374806E0,9.164510965E-1,4.034298897E0,7.939385414E0
9.712267045E0,2.662015259E-1,4.129413605E0,8.708678246E0
9.731159285E0,-5.030909777E-1,4.296313286E0,9.016156197E0
9.750051472E0,-7.914260626E-1,4.387240410E0,9.014959335E0
9.768943764E0,-4.007977843E-1,4.292723656E0,8.995817184E0
9.787835952E0,2.811566591E-1,4.147958279E0,8.523234367E0
9.806728191E0,7.112665176E-1,3.998406649E0,8.387441635E0
9.825620431E0,6.041877270E-1,4.020540237E0,8.907880783E0
9.844512670E0,3.535395563E-1,4.065405846E0,8.885746956E0
9.863404910E0,2.027917206E-1,4.028914928E0,8.946166039E0
9.882297150E0,7.058826834E-2,4.019941807E0,9.195018768E0
9.901189389E0,-4.534398913E-1,4.262215137E0,9.649057388E0
9.920081629E0,-1.321436286E0,4.261018753E0,1.021496010E1
9.938973868E0,-4.827519655E-1,4.589433670E0,8.437690735E0
9.957866108E0,5.192425251E-1,4.625326157E0,7.561917782E0
9.976758347E0,1.913659930E0,3.357130051E0,6.807580471E0
9.995650587E0,2.180459738E0,2.828914642E0,6.363711834E0
1.001454283E1,2.361716032E0,3.025724173E0,6.664609432E0
1.003343507E1,3.564707518E0,3.370888948E0,6.479165554E0
1.005232731E1,1.053440213E0,3.485744476E0,6.134000778E0
1.007121949E1,-1.334596872E0,4.455435753E0,6.220142365E0
1.009011173E1,-2.494517565E-1,2.764906645E0,6.693323135E0
1.010900397E1,-1.237687469E0,6.472585201E-1,1.635673714E1
1.012789621E1,3.603590965E0,1.508076429E0,1.429532051E1
1.014678845E1,8.273184299E-1,2.273181438E0,1.087717342E1
1.016568069E1,-2.009970993E-1,2.322234392E0,8.927022934E0
1.018457293E1,-1.637887120E0,3.535395384E0,1.042193890E1
1.020346517E1,-1.223330617E0,1.615155339E0,1.413021564E1
1.022235741E1,6.101697683E-2,1.616949916E0,1.360020542E1
1.024124965E1,-1.436890006E0,4.842474937E0,1.495813274E1
1.026014184E1,2.577069998E0,4.584648132E0,1.465185165E1
1.027903408E1,2.667398930E0,1.854437590E0,8.529814720E0
1.029792632E1,-3.452843189E0,3.224328518E0,3.349353552E0
1.031681856E1,-7.832904816E0,4.422534466E0,3.141177893E0
1.033571080E1,-3.731606960E0,4.127619267E0,7.330412388E0
1.035460304E1,-2.703889608E-1,3.976871252E0,8.659625053E0
1.037349528E1,-7.698906660E-1,4.106083870E0,5.553143024E0
1.039238751E1,-2.710469961E0,2.126621008E0,6.393621922E0
1.041127970E1,-3.724428415E0,7.842476368E-1,1.384128284E1
1.043017194E1,-2.520838737E0,1.047458172E0,1.524347687E1
1.044906418E1,-9.750752449E-1,6.251249313E-1,1.020060253E1
1.046795642E1,-1.214955688E0,2.221137524E0,8.796614647E0
1.048684866E1,7.316055298E-1,2.757728100E0,9.031708717E0
1.050574090E1,2.847459018E-1,1.831705689E0,1.258505058E1
1.052463314E1,5.479564071E-1,1.677368641E0,1.375095367E1
1.054352533E1,6.358926296E-1,1.789233088E0,1.241276741E1
1.056241757E1,1.501496136E-1,1.774876237E0,1.183609676E1
1.058130981E1,-5.533402562E-1,1.858624935E0,1.029511929E1
1.060020204E1,-2.955136001E-1,9.625129104E-1,1.048714352E1
1.061909428E1,5.204389095E-1,-5.754738450E-1,1.615873146E1
1.063798652E1,1.190429211E0,-2.568695068E0,1.801316833E1
1.065687871E1,4.875376225E-1,-2.207977057E0,1.514118385E1
1.067577095E1,-1.004985452E0,1.196411345E-2,9.597013474E0
1.069466319E1,1.213161111E0,1.646860242E0,5.944369793E0
1.071355543E1,1.755733609E0,2.349153519E0,8.657830238E0
1.073244767E1,6.747759581E-1,7.950153351E-1,1.312104321E1
1.075133991E1,-9.391828775E-1,3.696911037E-1,1.222194004E1
1.077023210E1,-1.654636860E0,4.468596280E-1,8.909674644E0
1.078912434E1,-7.304090858E-1,8.841479421E-1,7.679764271E0
1.080801658E1,2.171486616E0,1.724028707E0,6.814758778E0
1.082690882E1,3.151347399E0,2.468196630E0,7.310671329E0
1.084580106E1,1.049252748E0,1.769492388E0,9.776474953E0
1.086469324E1,-8.159525394E-1,9.672985673E-1,1.001276588E1
1.088358548E1,-2.161915302E0,1.572084427E0,7.762316704E0
1.090247772E1,-1.514656782E0,2.565704107E0,4.847260475E0
1.092136996E1,6.789634228E-1,3.012563705E0,3.987040758E0
1.094026220E1,5.952146053E-1,2.696711063E0,7.772486210E0
1.095915439E1,-9.158528447E-1,1.254437327E0,1.155075264E1
1.097804663E1,-2.261815548E0,7.495517135E-1,1.146879864E1
1.099693887E1,-1.697707653E0,9.170492887E-1,9.287142754E0
1.101583111E1,-1.256830096E0,7.968099117E-1,9.391230583E0
1.103472330E1,-1.598405480E0,-8.374879137E-3,1.169133186E1
1.105361554E1,-1.811366796E0,-5.084748268E-1,1.379282761E1
1.107250778E1,-1.441675663E0,-1.178465188E-1,1.359482193E1
1.109140001E1,-1.160519004E0,8.883354068E-1,1.114816093E1
1.111029225E1,-1.004985452E0,1.712064624E0,9.667601585E0
1.112918444E1,-6.933203340E-1,1.738385677E0,1.057986546E1
1.114807668E1,-1.021735311E0,1.431506157E0,1.032084274E1
1.116696892E1,-2.250449657E0,1.399203062E0,8.834300995E0
1.118586111E1,-2.532204628E0,2.093121529E0,7.399205685E0
1.120475335E1,-2.026720762E0,2.606980324E0,6.782455921E0
1.122364559E1,-1.785045743E0,2.799602509E0,6.582654953E0
1.124253783E1,-2.298306227E0,2.312064886E0,7.752745152E0
1.126143001E1,-3.363112211E0,1.233500123E0,9.796216011E0
1.128032225E1,-2.531008244E0,1.093519926E0,9.727422714E0
1.129921449E1,-6.879364848E-1,1.367498159E0,8.610571861E0
1.131810673E1,4.259224236E-1,1.500299811E0,8.763712883E0
1.133699892E1,2.338984162E-1,9.768698215E-1,9.890133858E0
1.135589116E1,-5.084748194E-2,4.540380836E-1,1.087059307E1
1.137478340E1,4.965106845E-1,6.041877344E-2,1.187976646E1
1.139367564E1,1.926820397E0,3.714857101E-1,1.144367409E1
1.141256783E1,3.177070379E0,8.237292171E-1,1.052004433E1
1.143146007E1,2.542972326E0,9.996016622E-1,1.066002464E1
1.145035231E1,1.348953724E0,1.255633712E0,1.188574791E1
1.146924449E1,1.380060434E0,1.376471281E0,1.310548973E1
1.148813673E1,2.406581402E0,9.230313301E-1,1.555932903E1
1.150702897E1,3.280559778E0,9.104689956E-1,1.645843315E1
1.152592121E1,3.358326674E0,1.359123230E0,1.234935760E1
1.154481340E1,2.705085993E0,2.650649309E0,6.796214581E0
1.156370564E1,2.199003935E0,3.345165968E0,4.487739086E0
1.158259788E1,1.573280931E0,2.933002472E0,7.167101860E0
1.160149007E1,6.711867452E-1,1.951346874E0,1.084068298E1
1.162038231E1,3.589234054E-1,1.432104349E0,1.036869907E1
1.163927454E1,9.882357717E-1,1.889133453E0,7.156932354E0
1.165816673E1,1.395015597E0,2.245065928E0,5.937191010E0
1.167705897E1,8.063812256E-1,2.323430777E0,6.694519520E0
1.169595121E1,-2.135594189E-1,1.872383714E0,8.106285095E0
1.171484340E1,-9.038887620E-1,1.642074585E0,9.300901413E0
1.173373564E1,-7.178468108E-1,2.203789711E0,7.762914658E0
1.175262788E1,6.418746710E-1,3.494119167E0,5.699703693E0
1.177152007E1,1.172483087E0,3.954737663E0,5.827719688E0
1.179041231E1,3.804588020E-1,2.924029350E0,8.593224525E0
1.180930454E1,-1.044467092E0,1.750947952E0,1.155314636E1
1.182819673E1,-2.318645239E0,1.183848977E0,1.197368431E1
1.184708897E1,-2.567498684E0,1.850250125E0,1.116251755E1
1.186598121E1,-5.240281820E-1,2.335993052E0,9.930213928E0
1.188487340E1,1.872383654E-1,2.245065928E0,1.056012440E1
1.190376564E1,-8.662018180E-1,4.390829504E-1,1.344527054E1
1.192265783E1,-1.744965911E0,-1.287338614E0,1.712244034E1
1.194155007E1,-1.098305583E0,-1.336989641E0,1.618564987E1
1.196044231E1,5.377869010E-1,2.955136001E-1,1.138146114E1
1.197933449E1,1.220339537E0,2.038086653E0,7.795217991E0
1.199822673E1,1.075573802E0,2.939582586E0,6.671189308E0
1.201711897E1,5.054838061E-1,2.906681299E0,6.680162430E0
1.203601116E1,-5.467599630E-1,2.536391973E0,7.007380962E0
1.205490340E1,-1.302891970E0,2.222932339E0,6.594020844E0
1.207379564E1,8.673982322E-2,2.280359983E0,5.139782906E0
1.209268783E1,2.971885681E0,2.608176708E0,4.855635166E0
1.211158007E1,1.770688772E0,1.908874273E0,7.402196884E0
1.213047231E1,-1.805384636E0,7.944171429E-1,1.062712383E1
1.214936449E1,-2.593819857E0,6.580262184E-1,1.202154064E1
1.216825673E1,-1.226321578E0,1.590030670E0,9.312865257E0
1.218714892E1,-7.657032460E-2,2.583650351E0,6.351149559E0
1.220604116E1,-4.307080805E-2,3.262613773E0,4.703093052E0
1.222493340E1,-9.667003751E-1,3.160320520E0,5.282754421E0
1.224382559E1,-1.934597135E0,2.760719061E0,6.480959892E0
1.226271783E1,-1.762313843E0,1.911865234E0,8.636295319E0
1.228161001E1,-4.630111754E-1,5.611169338E-1,1.380897903E1
1.230050225E1,7.316055298E-1,-1.166501045E-1,1.737189293E1
1.231939444E1,3.898506403E0,4.857429862E-1,1.416850090E1
1.233828668E1,4.919044971E0,1.933998942E0,1.065464115E1
1.235717892E1,2.611167669E0,2.725425005E0,9.638289452E0
1.237607111E1,1.580459356E0,2.310270309E0,1.083111191E1
1.239496335E1,2.271985054E0,1.323829174E0,1.421815205E1
1.241385559E1,2.965903759E0,-2.644068897E-1,1.740299988E1
1.243274778E1,2.951546669E0,-7.028916478E-1,1.682393646E1
1.245164001E1,3.159124136E0,5.796613097E-1,1.145025444E1
1.247053220E1,3.883551121E0,1.886740685E0,5.580062389E0
1.248942444E1,3.635295868E0,1.866401672E0,4.295116425E0
1.250831663E1,2.546561480E0,1.301097274E0,6.551548481E0
1.252720887E1,1.818545222E0,9.541380405E-1,9.442676544E0
1.254610111E1,1.784447432E0,1.159920812E0,1.057089233E1
1.256499330E1,2.093121529E0,1.740778446E0,9.636494637E0
1.258388554E1,2.980858803E0,2.566302299E0,7.036095142E0
1.260277772E1,3.790230989E0,3.278765202E0,5.012365341E0
1.262166996E1,3.661616802E0,3.527020693E0,4.838885784E0
1.264056220E1,2.934198856E0,3.327818155E0,5.316253662E0
1.265945439E1,2.075175524E0,3.157927752E0,5.545964718E0
1.267834658E1,1.485942841E0,3.016751051E0,5.626722336E0
1.269723882E1,7.998009920E-1,3.125624657E0,5.717649937E0
1.271613106E1,2.225325108E-1,3.243471146E0,5.218746185E0
1.273502324E1,-2.452643216E-1,3.113660574E0,5.376672268E0
1.275391548E1,-3.936193287E-1,2.494517565E0,7.474579811E0
1.277280767E1,-5.120640397E-1,1.878365755E0,9.757930756E0
1.279169991E1,-6.329016089E-1,1.660020709E0,1.111944675E1
1.281059210E1,-3.637090325E-1,1.345364571E0,1.239422321E1
1.282948434E1,-1.363908947E-1,9.451649189E-1,1.430967808E1
1.284837658E1,-4.983053207E-1,1.280160069E0,1.484447384E1
1.286726876E1,-9.074779749E-1,2.060818434E0,1.277109241E1
1.288616095E1,-9.122636318E-1,2.670988321E0,1.029272652E1
1.290505319E1,-5.718846321E-1,2.656631231E0,1.066181946E1
1.292394543E1,-4.971089065E-1,1.451845169E0,1.486780357E1
1.294283762E1,-9.487541914E-1,2.524427772E-1,1.839901161E1
1.296172986E1,-1.474576950E0,1.274178028E-1,1.786182213E1
1.298062204E1,-1.658824325E0,1.138385415E0,1.413500118E1
1.299951428E1,-1.131206870E0,2.237887383E0,1.047876835E1
1.301840647E1,-4.348955154E-1,2.810370207E0,9.096913338E0
1.303729871E1,-7.178467698E-3,2.871985435E0,8.492127419E0
1.305619090E1,1.950150430E-1,2.457428932E0,7.780262947E0
1.307508314E1,-5.144568682E-1,2.045265198E0,6.757331371E0
1.309397533E1,-1.082752228E0,1.819741607E0,5.710471153E0
1.311286757E1,-1.096511006E0,1.744367719E0,5.108676434E0
1.313175981E1,-7.447660565E-1,1.755135417E0,4.855635166E0
1.315065199E1,-3.822534084E-1,1.877169371E0,4.519443989E0
1.316954418E1,-2.500499785E-1,1.737787485E0,4.384249210E0
1.318843642E1,-1.004387259E0,1.631306887E0,5.039284706E0
1.320732861E1,-2.067398787E0,2.145763636E0,5.377869129E0
1.322622085E1,-2.505883455E0,2.605185747E0,4.281357765E0
1.324511304E1,-1.823330879E0,2.574079037E0,3.898506403E0
1.326400528E1,-9.792626500E-1,1.932802439E0,7.686344624E0
1.328289746E1,-1.265205026E0,2.877369225E-1,1.388375473E1
1.330178970E1,-1.917847395E0,-7.304090858E-1,1.653380585E1
1.332068189E1,-1.803590059E0,-1.830509305E-1,1.454596901E1
1.333957413E1,4.701896608E-1,4.109672904E-1,1.280638695E1
1.335846632E1,2.818745136E0,8.099704385E-1,1.567418480E1
1.337735856E1,2.374876499E0,2.775674164E-1,1.708535194E1
1.339625074E1,1.741376638E0,-2.512463629E-1,1.604327774E1
1.341514298E1,1.429113269E0,5.748756528E-1,1.311506081E1
1.343403517E1,2.020738840E0,9.846464992E-1,1.209512043E1
1.345292741E1,5.282155991E0,-4.965106845E-1,1.278604794E1
1.347181960E1,7.054639339E0,-2.895315289E-1,1.229731369E1
1.349071184E1,6.275775433E0,1.548754454E0,1.031246758E1
1.350960402E1,5.541777134E0,2.457428932E0,8.190631866E0
1.352849626E1,4.585844517E0,2.099701881E0,7.828717709E0
1.354738845E1,3.559921980E0,1.737787485E0,8.136195183E0
1.356628069E1,2.643470764E0,1.649253011E0,7.691130161E0
1.358517288E1,2.097907305E0,1.462014675E0,6.568896294E0
1.360406512E1,1.722234130E0,1.357328653E0,5.003392220E0
1.362295731E1,1.545763373E0,1.631306887E0,3.994817495E0
1.364184954E1,1.172483087E0,1.936391711E0,4.249652863E0
1.366074173E1,3.062812984E-1,2.022533417E0,5.864210129E0
1.367963397E1,-4.582255483E-1,1.805982947E0,6.893123627E0
1.369852616E1,-5.575276613E-1,1.538584948E0,6.590431690E0
1.371741840E1,-7.351947427E-1,2.045265198E0,5.931209087E0
1.373631059E1,-8.021938205E-1,2.366501570E0,5.117051125E0
1.375520283E1,-3.942175210E-1,1.978864312E0,6.661019802E0
1.377409501E1,-4.815555513E-1,1.804786444E0,7.989634991E0
1.379298720E1,-6.005984545E-1,1.987239242E0,8.402995110E0
1.381187944E1,-5.940182209E-1,2.423331022E0,8.748757362E0
1.383077163E1,-4.133601189E-1,2.642274380E0,9.782457352E0
1.384966387E1,-1.686939895E-1,2.845066071E0,1.076830006E1
1.386855606E1,1.842473447E-1,2.985046148E0,1.113081264E1
1.388744830E1,9.631111473E-2,3.254837036E0,1.098006535E1
1.390634048E1,-1.357926875E-1,3.561716557E0,1.081376362E1
1.392523272E1,-2.715853751E-1,3.873381615E0,1.069950676E1
1.394412491E1,-3.834498227E-1,4.145565033E0,1.110090256E1
1.396301715E1,-5.144568682E-1,4.120440483E0,1.207717419E1
1.398190934E1,-1.057627559E0,4.234697819E0,1.255334568E1
1.400080152E1,-1.604985833E0,4.238885403E0,1.143589783E1
1.401969376E1,-1.325623751E0,3.663411379E0,1.090349483E1
1.403858595E1,-3.996013701E-1,2.177468538E0,1.370130253E1
1.405747819E1,-1.579262912E-1,9.332008660E-2,1.794975853E1
1.407637038E1,-9.541380405E-1,-8.668000102E-1,1.923410606E1
1.409526262E1,-1.585843205E0,-3.942175210E-1,1.603251076E1
1.411415481E1,-1.465005636E0,6.245267391E-1,1.208794212E1
1.413304704E1,-1.450050473E0,1.810768485E0,9.543174744E0
1.415193923E1,-1.107876897E0,2.368894339E0,8.954540253E0
1.417083142E1,-1.429113269E0,1.938784599E0,1.013599682E1
1.418972366E1,-2.096710920E0,7.722834945E-1,1.129651546E1
1.420861585E1,-2.831905603E0,7.537391037E-2,1.092682457E1
1.422750809E1,-2.853441000E0,5.491527915E-1,8.677571297E0
1.424640028E1,-1.278963685E0,1.372882009E0,6.016752720E0
1.426529251E1,-2.243271172E-1,2.224726915E0,4.703093052E0
1.428418470E1,-4.941178858E-1,2.405385017E0,4.808975220E0
1.430307689E1,-1.338784218E0,2.081755638E0,4.932205677E0
1.432196913E1,-2.008774519E0,2.309672117E0,5.046463013E0
1.434086132E1,-1.712662816E0,2.629712105E0,5.160720348E0
1.435975356E1,-9.212366939E-1,3.086741209E0,5.432305813E0
1.437864574E1,-5.461617708E-1,3.306880951E0,6.081956863E0
1.439753793E1,-6.400800347E-1,2.932404041E0,6.571887493E0
1.441643017E1,-1.134197950E0,2.681157827E0,6.752545357E0
1.443532236E1,-1.307677627E0,2.532802820E0,6.464808464E0
1.445421460E1,-1.298704505E0,2.706880569E0,6.557530403E0
1.447310678E1,-9.547362328E-1,2.830111027E0,7.651050568E0
1.449199902E1,-7.094719410E-1,2.685345173E0,9.897313118E0
1.451089121E1,-1.243071318E0,2.295315027E0,1.087837029E1
1.452978345E1,-1.622931957E0,2.151147604E0,1.077906799E1
1.454867564E1,-1.012163997E0,1.792224169E0,1.183968639E1
1.456756783E1,9.032905847E-2,1.528415442E0,1.335135174E1
1.458646007E1,1.685145378E0,1.880160451E0,1.306840134E1
1.460535225E1,3.289532900E0,2.558525562E0,1.187198925E1
1.462424444E1,3.737588882E0,2.449652195E0,1.232842064E1
1.464313668E1,2.721835852E0,1.408176184E0,1.418465233E1
1.466202887E1,1.256830096E0,6.005984545E-1,1.512024593E1
1.468092111E1,5.629115105E-1,7.716853023E-1,1.434437370E1
1.469981330E1,8.111668825E-1,1.745564103E0,1.136889839E1
1.471870554E1,1.361516118E0,2.589034081E0,8.426324844E0
1.473759772E1,1.807777524E0,2.876770973E0,6.964310169E0
1.475648991E1,2.030309916E0,2.534597397E0,6.775277138E0
1.477538215E1,2.121835470E0,1.496112347E0,7.786843300E0
1.479427434E1,2.446063042E0,5.533402562E-1,8.606983185E0
1.481316652E1,3.289532900E0,5.868397355E-1,7.997411251E0
1.483205876E1,4.357329845E0,6.221339107E-1,7.144370079E0
1.485095095E1,5.097908497E0,3.906283081E-1,7.542775154E0
1.486984319E1,4.851448059E0,1.543370634E-1,9.470193863E0
1.488873538E1,3.794418573E0,-1.710868180E-1,1.152144146E1
1.490762762E1,2.389233351E0,-5.054838061E-1,1.119182968E1
1.492651981E1,1.045663476E0,-4.893322289E-1,8.563912392E0
1.494541199E1,1.214357466E-1,3.110669367E-2,5.788836002E0
1.496430423E1,-7.854440212E-1,7.651050687E-1,3.985844374E0
1.498319642E1,-2.081755638E0,1.793420553E0,3.527020693E0
1.500208861E1,-3.436691523E0,2.621337175E0,3.325425386E0
1.502098085E1,-4.578666210E0,3.001197815E0,3.561716557E0
1.503987304E1,-5.273182869E0,2.301297188E0,5.797211170E0
1.505876527E1,-5.987440586E0,1.220339537E0,1.036869907E1
1.507765746E1,-6.370292187E0,5.294120312E-1,1.488874054E1
1.509654965E1,-6.097510338E0,3.481557071E-1,1.593500233E1
1.511544189E1,-5.453841209E0,9.296116233E-1,1.407877064E1
1.513433408E1,-4.265206337E0,1.902892232E0,1.178524971E1
1.515322626E1,-2.705085993E0,2.509472847E0,1.172243786E1
1.517211850E1,-1.121037364E0,1.994417667E0,1.449093437E1
1.519101069E1,-1.125823021E0,5.306084156E-1,1.651765442E1
1.520990293E1,-2.133799553E0,-4.372883439E-1,1.660618973E1
1.522879512E1,-2.740380049E0,-6.394818425E-1,1.474038601E1
1.524768731E1,-3.029313564E0,-8.135596663E-2,1.190907860E1
1.526657954E1,-2.909672260E0,4.384847581E-1,1.017488003E1
1.528547173E1,-2.617748022E0,9.164510965E-1,9.570692062E0
1.530436392E1,-2.125424623E0,1.119840980E0,8.984451294E0
1.532325616E1,-1.406979680E0,1.327418327E0,7.957331657E0
1.534214835E1,-5.371887088E-1,1.382453322E0,8.091329575E0
1.536104059E1,4.755735099E-1,1.131206870E0,7.883752346E0
1.537993278E1,1.332802176E0,1.109073281E0,7.601997375E0
1.539882496E1,1.591227055E0,1.227517962E0,7.610372543E0
1.541771720E1,1.082154036E0,1.307677627E0,7.332206726E0
1.543660939E1,4.546362907E-2,9.631111026E-1,7.653443336E0
1.545550163E1,-1.478166223E0,5.413761139E-1,7.927421570E0
1.547439382E1,-2.474178553E0,5.024927482E-2,8.188239098E0
1.549328600E1,-1.481157184E0,2.751746178E-1,9.008378983E0
1.551217824E1,1.099501967E0,1.007378340E0,9.019146919E0
1.553107043E1,3.319443226E0,2.964707375E0,6.101099491E0
1.554996262E1,3.428914785E0,4.442275047E0,2.871985435E0
1.556885486E1,1.664806366E0,3.763311863E0,2.870190859E0
1.558774704E1,-2.111666054E-1,2.523231506E0,7.388438225E0
1.560663923E1,-5.126622319E-1,1.492523074E0,1.114576817E1
1.562553147E1,3.068794906E-1,1.810170293E0,1.000857925E1
1.564442366E1,1.637887120E0,2.535793781E0,7.843672752E0
1.566331590E1,1.753939033E0,3.159124136E0,7.384849072E0
1.568220809E1,2.811566591E-1,3.306880951E0,7.826922894E0
1.570110028E1,-9.535398483E-1,3.062813044E0,9.614959717E0
1.571999251E1,-5.114658475E-1,2.596212626E0,1.197607708E1
1.573888470E1,2.799602449E-1,2.130210400E0,1.301695538E1
1.575777689E1,9.451649189E-1,1.482353687E0,1.278544998E1
1.577666913E1,7.064808607E-1,5.491527915E-1,1.284407330E1
1.579556132E1,-6.430711150E-1,-1.135992527E0,1.441137218E1
1.581445350E1,-1.403390527E0,-1.902892232E0,1.857548141E1
1.583334574E1,2.961117923E-1,-1.686341763E0,1.898764610E1
1.585223793E1,4.115056515E0,1.328016520E-1,1.497308731E1
1.587113017E1,5.940780640E0,2.093719721E0,9.881160736E0
1.589002236E1,4.339982033E0,2.120040894E0,7.832306862E0
1.590891454E1,2.158924341E0,1.708475351E0,8.549555779E0
1.592780673E1,2.057827473E0,1.480558991E0,9.129815102E0
1.594669897E1,2.557329178E0,1.503290772E0,9.524032593E0
1.596559116E1,2.467000246E0,1.308874011E0,9.565308571E0
1.598448340E1,2.609971285E0,1.275972724E0,8.794221878E0
1.600337559E1,2.533401012E0,1.530210137E0,6.751947403E0
1.602226778E1,2.019542217E0,1.581057549E0,5.102096081E0
1.604116001E1,1.218544960E0,1.472782373E0,5.304289818E0
1.606005220E1,6.334998012E-1,1.277169108E0,6.896713257E0
1.607894439E1,6.215356588E-1,1.303490162E0,7.965108395E0
1.609783663E1,1.331605792E0,1.826321840E0,7.000801086E0
1.611672882E1,1.762912035E0,2.459821701E0,5.279763222E0
1.613562100E1,1.551147223E0,2.777468920E0,4.566701889E0
1.615451324E1,9.625129104E-1,2.791227579E0,5.027320385E0
1.617340543E1,8.255237937E-1,2.546561480E0,7.043273449E0
1.619229762E1,1.015154958E0,2.407777786E0,8.748757362E0
1.621118986E1,1.092323542E0,2.242074728E0,9.735198975E0
1.623008204E1,9.170492887E-1,2.057827473E0,1.008993530E1
1.624897423E1,8.273184299E-1,2.017747641E0,9.427721024E0
1.626786647E1,7.776673436E-1,2.109273195E0,8.734400749E0
1.628675866E1,3.050848842E-1,2.265404940E0,8.857032776E0
1.630565085E1,1.238285750E-1,2.010569334E0,1.022034359E1
1.632454309E1,-1.938186288E-1,1.846660852E0,1.187019539E1
1.634343528E1,4.570291340E-1,2.387438774E0,1.234457207E1
1.636232751E1,1.657627940E0,3.329014540E0,1.146042442E1
1.638121970E1,1.736590981E0,3.736392498E0,1.016650486E1
1.640011189E1,1.191625714E0,3.679563046E0,9.268598557E0
1.641900413E1,8.428717852E-1,3.317050457E0,1.027178955E1
1.643789632E1,6.628118753E-1,2.903092146E0,1.123131084E1
1.645678850E1,6.622136831E-1,2.038086653E0,1.230090332E1
1.647568069E1,2.416750938E-1,7.339983582E-1,1.405543995E1
1.649457293E1,-5.521438122E-1,-3.541377485E-1,1.570349693E1
1.651346512E1,-1.737787485E0,-6.197410822E-1,1.484686661E1
1.653235736E1,-1.944766641E0,8.733802289E-2,1.192283726E1
1.655124954E1,-1.840678811E0,7.465606928E-1,1.006181908E1
1.657014173E1,-2.020738840E0,9.607182741E-1,9.796216011E0
1.658903397E1,-1.684547186E0,9.924231768E-1,1.013360405E1
1.660792616E1,-1.308874011E0,9.373882413E-1,9.846465111E0
1.662681835E1,-9.397810698E-1,8.931210637E-1,9.547362328E0
1.664571059E1,-4.875376225E-1,1.083948612E0,9.069396019E0
1.666460278E1,-1.118644550E-1,1.256231904E0,8.043473244E0
1.668349496E1,-4.911268353E-1,1.570888042E0,7.095915318E0
1.670238720E1,-9.696913958E-1,1.710269928E0,7.139584541E0
1.672127939E1,-1.279561877E0,1.630110383E0,7.551748276E0
1.674017158E1,-1.116850019E0,1.872981906E0,7.835896015E0
1.675906382E1,-5.198407173E-1,1.853839397E0,7.405786037E0
1.677795600E1,-9.577272534E-1,1.980658889E0,6.195616245E0
1.679684819E1,-1.707278967E0,2.090130568E0,5.606383324E0
1.681574043E1,-2.115255117E0,2.239681959E0,5.667400360E0
1.683463262E1,-1.859821439E0,2.175673962E0,6.415157318E0
1.685352481E1,-1.115055323E0,2.058425665E0,7.956733704E0
1.687241699E1,-1.944168359E-1,1.802393675E0,9.520442963E0
1.689130923E1,9.391828626E-2,1.537986755E0,9.970891953E0
1.691020142E1,-8.727820516E-1,1.631306887E0,9.523433685E0
1.692909361E1,-2.123031855E0,2.036292076E0,8.633303642E0
1.694798585E1,-2.426920414E0,2.545963287E0,8.561519623E0
1.696687804E1,-1.485344648E0,2.701496840E0,9.558130264E0
1.698577022E1,-5.036891699E-1,2.306680918E0,1.027717304E1
1.700466246E1,-4.301098585E-1,1.574477315E0,1.064925671E1
1.702355465E1,-8.805587292E-1,1.047458172E0,1.100399303E1
1.704244684E1,-9.349954724E-1,9.463613629E-1,1.149930763E1
1.706133908E1,-4.187439680E-1,1.243071318E0,1.192642593E1
1.708023126E1,-9.631111473E-2,1.512862086E0,1.091964626E1
1.709912345E1,1.375873014E-2,1.076770186E0,1.026401234E1
1.711801569E1,4.438686073E-1,2.512463629E-1,1.248993587E1
1.713690788E1,1.147358418E0,-5.324030519E-1,1.548216057E1
1.715580007E1,8.769695163E-1,-1.029511929E0,1.671087456E1
1.717469231E1,2.901297510E-1,-1.191027522E0,1.569452381E1
1.719358449E1,-3.134597540E-1,-1.073180914E0,1.392263889E1
1.721247668E1,-8.434699476E-2,-7.262216806E-1,1.312283802E1
1.723136892E1,1.124028444E0,-1.746760458E-1,1.252403355E1
1.725026111E1,2.315654039E0,4.127618968E-1,1.134497070E1
1.726915330E1,2.672782898E0,7.160521746E-1,9.458230019E0
1.728804554E1,2.575873613E0,7.124629617E-1,7.993224144E0
1.730693772E1,1.627717614E0,6.867401004E-1,6.820142746E0
1.732582991E1,7.184450030E-1,5.264210105E-1,6.731608391E0
1.734472215E1,2.895315289E-1,1.525424421E-1,7.889734268E0
1.736361434E1,1.316052526E-1,2.877369225E-1,8.816354752E0
1.738250652E1,4.217349887E-1,7.028916478E-1,8.373682976E0
1.740139871E1,1.132403374E0,1.267597795E0,7.112067223E0
1.742029095E1,1.523031592E0,1.877767563E0,6.609574318E0
1.743918314E1,1.125823021E0,2.108076811E0,6.850651264E0
1.745807533E1,5.551348329E-1,1.880758643E0,7.026523590E0
1.747696757E1,-1.411765367E-1,1.670190215E0,7.207181931E0
1.749585975E1,-1.016949639E-1,1.590628862E0,7.453044415E0
1.751475194E1,9.164510965E-1,1.591227055E0,8.014161110E0
1.753364418E1,1.501496196E0,1.528415442E0,8.044071198E0
1.755253637E1,8.859425783E-1,1.674975872E0,7.639086246E0
1.757142856E1,-1.064806059E-1,1.608574986E0,7.223931789E0
1.759032080E1,-9.834501147E-1,1.057627559E0,7.703692436E0
1.760921298E1,-1.367498159E0,1.027119160E0,8.919844627E0
1.762810517E1,-7.674978375E-1,1.029511929E0,1.008574772E1
1.764699741E1,6.819544435E-1,1.427318692E0,1.060618591E1
1.766588960E1,1.426122308E0,2.050050735E0,1.051346493E1
1.768478178E1,7.878368497E-1,2.078764677E0,9.888339996E0
1.770367397E1,-3.140579760E-1,2.113460541E0,8.736793518E0
1.772256621E1,-7.304090858E-1,2.610569477E0,7.635497093E0
1.774145840E1,-4.624129832E-1,2.863610506E0,8.002795219E0
1.776035064E1,6.400800496E-2,2.832503796E0,9.783653259E0
1.777924283E1,-6.580262631E-2,2.246262312E0,1.176491070E1
1.779813501E1,-1.222134113E0,1.385444283E0,1.310907841E1
1.781702720E1,-1.608574986E0,8.362914920E-1,1.321615791E1
1.783591944E1,-1.077368379E0,2.009970993E-1,1.289133167E1
1.785481163E1,-6.071787477E-1,-9.080761671E-1,1.396032524E1
1.787370382E1,-6.095715761E-1,-1.824527264E0,1.659003830E1
1.789259606E1,-9.583254457E-1,-1.969891191E0,1.704706764E1
1.791148824E1,-1.529013634E0,-1.084546804E0,1.309651661E1
1.793038043E1,-1.725823283E0,-3.218346536E-1,1.018385315E1
1.794927267E1,-1.378265858E0,7.657032460E-2,9.702297211E0
1.796816486E1,-1.190429211E0,8.913264424E-2,1.052004433E1
1.798705704E1,-1.283151150E0,-1.453639716E-1,1.072343445E1
1.800594923E1,-7.351947427E-1,-4.965107143E-2,1.048295593E1
1.802484147E1,-2.223530531E0,4.247260094E-2,1.067797089E1
1.804373366E1,-1.371087432E0,3.529413342E-1,8.965906143E0
1.806262585E1,-4.707878530E-1,1.025922656E0,7.516454220E0
1.808151809E1,-3.529413417E-2,1.292722464E0,7.434499741E0
1.810041028E1,-5.958128572E-1,1.389033556E0,7.657630444E0
1.811930246E1,-7.328019142E-1,1.204187989E0,8.222336769E0
1.813819470E1,-1.147358418E0,1.324427366E0,7.364510059E0
1.815708689E1,-5.694918036E-1,1.578066587E0,7.472784996E0
1.817597908E1,-1.585244983E-1,1.611566067E0,7.153941631E0
1.819487132E1,-1.465603858E-1,1.532602906E0,7.273582458E0
1.821376350E1,-7.417750359E-1,1.451845169E0,8.289934158E0
1.823265569E1,-3.565305769E-1,1.655833244E0,9.093324661E0
1.825154793E1,7.190431952E-1,2.140379906E0,8.373085022E0
1.827044012E1,3.523431420E-1,2.142772675E0,8.309076309E0
1.828933231E1,-4.127619043E-2,1.791625977E0,9.203991890E0
1.830822449E1,-1.435693651E-1,1.629512191E0,9.129216194E0
1.832711673E1,6.520441920E-2,1.829312921E0,8.586644173E0
1.834600892E1,-1.034895778E-1,1.744965911E0,9.325428009E0
1.836490111E1,-2.584248483E-1,1.505085468E0,1.036331463E1
1.838379335E1,7.381857634E-1,1.614557028E0,9.609575272E0
1.840268554E1,7.160521746E-1,2.164308071E0,7.511668682E0
1.842157772E1,3.990031779E-1,2.313261271E0,7.983054638E0
1.844046996E1,1.034895778E-1,2.873181820E0,7.885547161E0
1.845936215E1,-4.905286431E-2,3.034099102E0,7.722835064E0
1.847825434E1,-3.529413417E-2,3.051447153E0,9.135198593E0
1.849714652E1,1.926222295E-1,3.028116941E0,9.290732384E0
1.851603876E1,4.630111754E-1,3.093919754E0,9.040681839E0
1.853493095E1,9.738788009E-1,2.818745136E0,9.145966530E0
1.855382314E1,1.508076429E0,1.983051777E0,1.123549843E1
1.857271538E1,1.445264935E0,1.473380566E0,1.224407387E1
1.859160757E1,1.590628862E0,1.372882009E0,1.183669567E1
1.861049975E1,2.456830740E0,1.641476393E0,1.057807064E1
1.862939199E1,2.670988321E0,1.849053741E0,9.259027481E0
1.864828418E1,2.401197433E0,2.136192322E0,7.822137356E0
1.866717637E1,2.041077614E0,2.190030813E0,7.868198872E0
1.868606856E1,1.679761529E0,2.116451740E0,8.785248756E0
1.870496079E1,1.904686809E0,2.038684845E0,1.007378292E1
1.872385298E1,1.761117458E0,1.950150490E0,9.738788605E0
1.874274517E1,1.166501045E0,1.700100541E0,8.386244774E0
1.876163741E1,1.601396561E0,2.152942181E0,8.826524734E0
1.878052960E1,2.061416626E0,2.097309113E0,1.003609657E1
1.879942178E1,2.160718918E0,2.360519648E0,9.873384476E0
1.881831402E1,2.216950178E0,2.474776745E0,8.849256516E0
1.883720621E1,2.119442701E0,2.355733871E0,9.501898766E0
1.885609840E1,2.270190477E0,2.525026083E0,1.031725311E1
1.887499059E1,2.387438774E0,2.389233351E0,8.500502586E0
1.890218661E1,-1.846660852E0,3.936193228E0,1.011565781E1
1.891816098E1,1.375873014E-2,3.762713671E0,1.035374355E1
1.893705312E1,2.398804724E-1,3.886542082E0,8.469395638E0
1.895594525E1,2.673979402E-1,4.087539196E0,7.804789066E0
1.897483734E1,4.109672904E-1,3.972085476E0,7.817351341E0
1.899372947E1,-3.248256743E-1,4.073182583E0,9.588040352E0
1.901262161E1,-5.515456200E-1,4.226921082E0,8.940781593E0
1.903151374E1,-9.062815905E-1,4.124628067E0,8.625527382E0
1.905040583E1,-2.267199457E-1,3.934996843E0,8.992227554E0
1.906929796E1,5.563312769E-1,3.869792461E0,9.174081802E0
1.908819010E1,2.739782035E-1,3.909274101E0,9.672985077E0
1.910708223E1,-3.876372576E-1,4.006781578E0,9.902098656E0
1.912597432E1,-8.967102766E-1,4.039682865E0,9.581459999E0
1.914486645E1,-8.123632669E-1,4.194618225E0,8.859425545E0
1.916375859E1,-7.328019142E-1,4.505086899E0,8.413164139E0
1.918265072E1,-4.450650215E-1,5.201996326E0,7.980661869E0
1.920154281E1,-2.931207716E-1,5.407779217E0,8.392825127E0
1.922043494E1,-3.942175210E-1,5.125426292E0,9.008976936E0
1.923932708E1,1.495514214E-1,4.609772682E0,8.833703041E0
1.925821921E1,-3.349951655E-2,4.186841488E0,9.804591179E0
1.927711130E1,1.770688742E-1,4.423730850E0,8.204390526E0
1.929600343E1,1.302293777E0,4.720440865E0,6.932605267E0
1.931489557E1,7.172485590E-1,4.534399033E0,6.640681267E0
1.933378765E1,-1.812563092E-1,4.042674065E0,5.971887112E0
1.935267978E1,5.120640397E-1,3.223132133E0,6.357729912E0
1.937157192E1,4.558327198E-1,1.935793519E0,1.049850941E1
1.939046406E1,5.015954494E0,2.186441660E0,1.136949635E1
1.940935614E1,3.741776466E0,1.738385677E0,7.861618996E0
1.942824828E1,3.166900873E0,2.366501570E0,5.963512421E0
1.944714041E1,1.176670551E0,2.137987137E0,7.494918823E0
1.946603249E1,-5.461617708E-1,2.416152716E0,9.637691498E0
1.948492463E1,-4.375874519E0,4.405186653E0,1.034776115E1
1.950381676E1,6.592226624E-1,4.082753658E0,5.662016392E0
1.952270885E1,-1.155135155E0,1.100698471E0,7.431509018E0
1.954160098E1,2.273181528E-1,1.009771109E0,1.081316566E1
1.956049312E1,2.170888424E0,1.411167145E0,1.279023552E1
1.957938525E1,1.080957651E0,1.250848055E0,1.214656639E1
1.959827734E1,-4.719842672E-1,1.768295884E0,9.641879082E0
1.961716947E1,-2.187039852E0,3.565903902E0,9.990034103E0
1.963606161E1,-2.322832584E0,2.930011272E0,1.194556904E1
1.965495369E1,-2.795415163E0,2.533401012E0,1.308933830E1
1.967384583E1,-2.102094650E0,1.944766641E0,1.303849030E1
1.969273791E1,-1.462612867E0,1.759322882E0,1.203470135E1
1.971163004E1,-1.387238979E0,2.106880426E0,1.014975548E1
1.973052218E1,-1.135992527E0,2.105085611E0,8.706883430E0
1.974941426E1,-1.000798106E0,1.966302037E0,8.298907280E0
1.976830640E1,-1.024726272E0,2.191227436E0,7.884948730E0
1.978719854E1,-8.213363886E-1,2.526820660E0,7.206583500E0
1.980609062E1,-9.996016622E-1,2.514258385E0,7.395018578E0
1.982498275E1,-1.073180914E0,2.097907305E0,8.269595146E0
1.984387489E1,-1.169492126E0,1.904088616E0,8.910273552E0
1.986276697E1,-1.217946768E0,1.792822361E0,9.266205788E0
1.988165911E1,-2.123031855E0,1.420140266E0,9.876974106E0
1.990055124E1,-2.897708178E0,8.859425783E-1,1.129113197E1
1.991944333E1,-2.478366137E0,5.264210105E-1,1.253480148E1
1.993833546E1,-1.400997639E0,2.967100143E-1,1.244626713E1
1.995722760E1,-6.957131624E-1,2.243271172E-1,1.203051376E1
1.997611968E1,-6.909275651E-1,-1.010967568E-1,1.257667542E1
1.999501182E1,-6.741777658E-1,-3.876372576E-1,1.325683594E1
2.001390390E1,-4.558327198E-1,-7.076773047E-1,1.374676609E1
2.003279604E1,-3.343969584E-1,-1.487139225E0,1.450469303E1
2.005168812E1,-3.577269912E-1,-1.852044702E0,1.496830177E1
2.007058025E1,-1.006181955E0,-1.301695466E0,1.382034492E1
2.008947239E1,-9.308080077E-1,-8.865407705E-1,1.055174923E1
2.010836447E1,-3.218346536E-1,-3.499503136E-1,7.892725468E0
2.012725661E1,2.985046208E-1,5.485545993E-1,7.743772507E0
2.014614869E1,9.553344250E-1,9.074779749E-1,9.032905579E0
2.016504083E1,3.451646566E-1,5.844469070E-1,1.084546852E1
2.018393296E1,-9.936196208E-1,-6.281159073E-2,1.197368431E1
2.020282504E1,-1.972284079E0,-5.335994363E-1,1.185404301E1
2.022171718E1,-1.931606054E0,-6.454638839E-1,1.123310566E1
2.024060926E1,-9.355936646E-1,-3.966103494E-1,9.958329201E0
2.025950140E1,8.973085135E-2,2.099701911E-1,7.946564198E0
2.027839354E1,1.079761267E0,4.959124923E-1,6.198009014E0
2.029728562E1,1.420738459E0,6.837490797E-1,5.461019516E0
2.031617775E1,1.018146038E0,8.356932998E-1,5.541777134E0
2.033506984E1,1.369891018E-1,1.119242787E0,6.325426579E0
2.035396197E1,-9.385846853E-1,1.209571838E0,7.126423836E0
2.037285406E1,-1.341177106E0,1.159322619E0,7.465606689E0
2.039174619E1,-1.158126116E0,1.561915040E0,7.538587570E0
2.041063828E1,-8.231309652E-1,2.104487419E0,7.280162811E0
2.042953041E1,-7.399803996E-1,2.223530531E0,8.531609535E0
2.044842254E1,-9.086744189E-1,1.525424480E0,1.208136177E1
2.046731463E1,-9.254241586E-1,3.792623878E-1,1.538345718E1
2.048620676E1,-9.170492887E-1,-8.673982322E-2,1.561316776E1
2.050509885E1,1.722832322E-1,2.410768867E-1,1.377368546E1
2.052399098E1,1.636092424E0,1.196411322E-3,1.254796219E1
2.054288307E1,1.775474429E0,-1.030110121E0,1.317428303E1
2.056177520E1,4.127618968E-1,-1.733600020E0,1.507358646E1
2.058066728E1,-1.119242787E0,-1.836491346E0,1.540379620E1
2.059955942E1,-1.961516380E0,-1.558923960E0,1.377488136E1
2.061845150E1,-1.803590059E0,-9.870393276E-1,1.087657547E1
2.063734364E1,-9.074779749E-1,-1.854437590E-1,8.421539307E0
2.065623572E1,3.110669367E-2,5.976074338E-1,7.372286797E0
2.067512786E1,7.800601721E-1,9.140582681E-1,7.605587006E0
2.069401994E1,1.045065284E0,9.164510965E-1,8.670392990E0
2.071291208E1,6.490531564E-1,1.006181955E0,9.441479683E0
2.073180416E1,-3.409772366E-2,1.200000525E0,9.316454887E0
2.075069630E1,-4.145565331E-1,1.215553880E0,8.124231339E0
2.076958838E1,-3.014956415E-1,1.454237938E0,6.498308182E0
2.078848051E1,2.255235314E-1,1.649851203E0,5.176273346E0
2.080737260E1,6.652047038E-1,1.956132531E0,5.157729149E0
2.082626473E1,6.999006271E-1,2.080559254E0,5.874977589E0
2.084515682E1,2.901297510E-1,2.067398787E0,5.772684574E0
2.086404895E1,-5.659025311E-1,1.788036704E0,5.243870735E0
2.088294104E1,-1.495514154E0,1.477568030E0,5.743970871E0
2.090183317E1,-1.821536183E0,1.478764415E0,6.737590313E0
2.092072525E1,-1.507478237E0,1.277767301E0,7.320840836E0
2.093961739E1,-6.197410822E-1,7.423732281E-1,8.168498039E0
2.095850947E1,-5.204389244E-2,-1.250249892E-1,1.130668545E1
2.097740161E1,3.589233849E-3,-9.672985673E-1,1.568794346E1
2.099629369E1,-2.219343036E-1,-1.772483349E0,1.793959045E1
2.101518583E1,-9.032905847E-2,-1.271785259E0,1.670309830E1
2.103407791E1,4.965106845E-1,-2.775674164E-1,1.358285809E1
2.105296999E1,1.249651670E0,5.665007830E-1,1.164108181E1
2.107186213E1,1.616351724E0,5.527420044E-1,1.182951736E1
2.109075421E1,9.332008362E-1,-2.961117923E-1,1.392562962E1
2.110964635E1,-3.768695593E-1,-1.133599758E0,1.558445358E1
2.112853843E1,-1.679163337E0,-9.553344250E-1,1.492523098E1
2.114743057E1,-1.782652855E0,-2.614158690E-1,1.159860992E1
2.116632265E1,-6.819544435E-1,5.772684813E-1,8.014161110E0
2.118521478E1,5.970092416E-1,1.268794179E0,6.126822472E0
2.120410687E1,1.052842021E0,1.656431437E0,6.002993584E0
2.122299895E1,5.264210105E-1,1.481755376E0,7.311269760E0
2.124189109E1,-5.676971674E-1,1.063609719E0,8.949754715E0
2.126078317E1,-1.235892892E0,8.590233326E-1,9.855438232E0
2.127967531E1,-1.007976532E0,7.956135273E-1,9.730413437E0
2.129856739E1,-3.098705411E-1,7.926225066E-1,8.861818314E0
2.131745947E1,3.960121572E-1,9.278169870E-1,7.489534855E0
2.133635161E1,9.708877802E-1,1.243669510E0,6.255436420E0
2.135524369E1,1.034895778E0,1.459621787E0,5.491528034E0
2.137413583E1,7.256234884E-1,1.437488198E0,5.061418056E0
2.139302791E1,8.374879509E-2,1.553540111E0,5.446662426E0
2.141192005E1,-7.489534616E-1,1.707278967E0,6.208178520E0
2.143081213E1,-9.661021233E-1,1.706082582E0,6.743572235E0
2.144970421E1,-6.550351977E-1,1.817947030E0,6.655636311E0
2.146859635E1,-5.120640397E-1,2.110469580E0,7.188637257E0
2.148748843E1,-6.693921089E-1,1.865205288E0,8.836693764E0
2.150638057E1,-1.160519004E0,9.332008362E-1,1.177089310E1
2.152527265E1,-1.819143414E0,4.223332107E-1,1.498565006E1
2.154416473E1,-2.068595171E0,2.153540403E-1,1.655115509E1
2.156305687E1,-2.012962103E0,2.081755698E-1,1.547677708E1
2.158194895E1,-1.406381488E0,3.912265003E-1,1.317069435E1
2.160084104E1,-4.935196638E-1,4.366901219E-1,1.290808201E1
2.161973317E1,-1.160518974E-1,-5.742774159E-2,1.482951832E1
2.163862525E1,-7.345965505E-1,-2.123630047E-1,1.590090466E1
2.165751739E1,-1.438086390E0,-1.794617064E-2,1.450947857E1
2.167640947E1,-1.888535261E0,5.306084156E-1,1.186002541E1
2.169530156E1,-1.933400750E0,1.005583763E0,9.598808289E0
2.171419369E1,-1.304088354E0,9.469595551E-1,8.341380119E0
2.173308578E1,-3.852444589E-1,8.937192559E-1,8.179863930E0
2.175197786E1,1.036092162E0,6.418746710E-1,9.236295700E0
2.177086999E1,1.380658627E0,4.989035130E-1,1.029033375E1
2.178976208E1,7.106683254E-1,4.019941986E-1,9.964311600E0
2.180865416E1,-1.800599098E-1,3.505485058E-1,8.448458672E0
2.182754630E1,-9.044869542E-1,5.569294691E-1,6.811169624E0
2.184643838E1,-8.201399446E-1,7.148557901E-1,5.555535793E0
2.186533046E1,-3.840480447E-1,1.057627559E0,5.325825214E0
2.188422260E1,1.345962733E-1,1.491326690E0,6.029912949E0
2.190311468E1,4.097708762E-1,1.584646821E0,6.716054916E0
2.192200682E1,-1.806581169E-1,1.630708575E0,6.863213539E0
2.194089890E1,-1.106680512E0,1.459621787E0,6.521039963E0
2.195979098E1,-1.459023595E0,1.371087432E0,5.827719688E0
2.197868312E1,-9.936196208E-1,1.681556106E0,5.045266628E0
2.199757520E1,-2.183450609E-1,2.092523336E0,5.496912003E0
2.201646728E1,2.973082066E-1,2.269592285E0,7.939385414E0
2.203535942E1,4.654040039E-1,1.814955950E0,1.060080242E1
2.205425150E1,1.316052526E-1,1.129412293E0,1.150469112E1
2.207314359E1,-5.760720372E-1,1.082154036E0,1.096391296E1
2.209203572E1,-1.094118118E0,1.244267821E0,1.025264645E1
2.211092781E1,-1.442872047E0,1.060020447E0,1.075035381E1
2.212981989E1,-1.945364833E0,4.785645306E-1,1.182174015E1
2.214871203E1,-1.825125456E0,3.092723191E-1,1.258445263E1
2.216760411E1,-6.041877270E-1,2.219343036E-1,1.327119255E1
2.218649624E1,1.104885817E0,-1.782652885E-1,1.501376534E1
2.220538833E1,2.517847538E0,-5.820540786E-1,1.718405533E1
2.222428041E1,2.434697151E0,-8.285148144E-1,1.712004852E1
2.224317254E1,1.165304661E0,-8.285148144E-1,1.484507179E1
2.226206463E1,4.432703853E-1,-6.741777658E-1,1.144786167E1
2.228095671E1,4.097708762E-1,4.606183618E-2,8.612366676E0
2.229984885E1,1.129412293E0,7.812566161E-1,7.150352478E0
2.231874093E1,2.094916344E0,1.110867858E0,7.490133286E0
2.233763301E1,2.521436930E0,1.026520967E0,9.332606316E0
2.235652515E1,2.383849621E0,7.567301393E-1,1.070728302E1
2.237541723E1,1.730010748E0,7.052844763E-1,1.052243805E1
2.239430932E1,1.071984529E0,7.058826685E-1,8.662615776E0
2.241320145E1,8.027920127E-1,8.632107973E-1,6.373282909E0
2.243209354E1,6.759724021E-1,1.258026481E0,5.230112076E0
2.245098567E1,5.276173949E-1,1.582253933E0,5.597410202E0
2.246987775E1,3.128615618E-1,1.758724689E0,6.253642082E0
2.248876984E1,3.062812984E-1,1.917847395E0,6.489933014E0
2.250766197E1,4.414757788E-1,2.067398787E0,6.687341213E0
2.252655406E1,4.079762697E-1,2.140379906E0,6.976274490E0
2.254544614E1,1.459621787E-1,1.959721804E0,7.167700291E0
2.256433828E1,3.960121572E-1,1.851446509E0,7.680362701E0
2.258323036E1,8.470591903E-1,1.892722726E0,8.864809990E0
2.260212244E1,9.050851464E-1,1.790429592E0,1.019342422E1
2.262101458E1,5.946164131E-1,1.260419369E0,1.131924725E1
2.263990666E1,-2.739782035E-1,6.681957245E-1,1.252343559E1
2.265879874E1,-1.063011408E0,2.584248483E-1,1.371386433E1
2.267769088E1,-1.168893814E0,3.170489967E-1,1.364447308E1
2.269658296E1,-5.676971674E-1,9.074779749E-1,1.241336536E1
2.271547510E1,4.486542344E-1,1.493121386E0,1.173978615E1
2.273436718E1,1.470987678E0,1.113260746E0,1.274776268E1
2.275325926E1,1.489532113E0,1.262213886E-1,1.472124290E1
2.277215140E1,4.145565331E-1,-3.858426511E-1,1.502573013E1
2.279104348E1,-9.463613629E-1,-4.624129832E-1,1.267298698E1
2.280993557E1,-1.903490424E0,-7.238288224E-2,9.333204269E0
2.282882770E1,-2.336591244E0,5.964110494E-1,7.177271366E0
2.284771979E1,-1.518844128E0,8.458628058E-1,6.786643028E0
2.286661187E1,-1.459621787E-1,8.638089895E-1,7.997411251E0
2.288550400E1,6.831508875E-1,8.991031051E-1,9.295517921E0
2.290439609E1,1.093519926E0,7.549355626E-1,9.773484230E0
2.292328822E1,8.261220455E-1,5.545366406E-1,9.589237213E0
2.294218031E1,2.099701911E-1,4.833501875E-1,9.493523598E0
2.296107239E1,-3.912265003E-1,6.514459848E-1,9.245268822E0
2.297996452E1,-5.850451589E-1,1.014556766E0,8.081758499E0
2.299885661E1,-3.439682424E-1,1.477568030E0,6.456433773E0
2.301774869E1,-1.088734269E-1,1.796411633E0,5.364109993E0
2.303664083E1,-3.786641955E-1,2.066800594E0,5.570491314E0
2.305553291E1,-9.511470199E-1,2.160120726E0,6.793821812E0
2.307442499E1,-1.443470240E0,1.947159410E0,7.892127514E0
2.309331708E1,-1.456630826E0,1.745564103E0,8.157731056E0
2.311220921E1,-9.942178130E-1,1.699502230E0,8.054839134E0
2.313110130E1,-3.619144261E-1,1.720439434E0,8.297112465E0
2.314999338E1,2.362912297E-1,1.756929994E0,8.988637924E0
2.316888551E1,4.462614357E-1,1.734796405E0,1.012702370E1
2.318777760E1,1.238285750E-1,1.506281853E0,1.143171024E1
2.320666968E1,-3.403790295E-1,1.158724308E0,1.148973656E1
2.322556182E1,-6.125625968E-1,1.195214868E0,1.040159988E1
2.324445390E1,-5.527420044E-1,1.414158225E0,9.515657425E0
2.326334598E1,-5.018945336E-1,1.359123230E0,9.777072906E0
2.328223812E1,-7.830511928E-1,8.673982024E-1,1.112782192E1
2.330113020E1,-6.687939167E-1,2.344966233E-1,1.315274811E1
2.332002228E1,2.213360965E-1,-9.810572863E-2,1.433181095E1
2.333891442E1,1.099501967E0,-9.451649338E-2,1.342792225E1
2.335780650E1,1.632503271E0,5.563312769E-2,1.213639641E1
2.337669859E1,2.115853310E0,-2.410768867E-1,1.195693493E1
2.339559072E1,2.221735716E0,-6.813562512E-1,1.343809223E1
2.341448281E1,1.460818172E0,-9.164510965E-1,1.446580887E1
2.343337489E1,7.812566161E-1,-9.595218897E-1,1.282852077E1
2.345226702E1,7.968099117E-1,-1.501496136E-1,9.559925079E0
2.347115911E1,1.331605792E0,8.673982024E-1,7.395018578E0
2.349005119E1,1.993221283E0,1.250249863E0,7.332805157E0
2.350894333E1,1.974078655E0,1.149153113E0,9.307481766E0
2.352783541E1,1.253240824E0,7.597211599E-1,1.111047363E1
2.354672749E1,2.572284341E-1,5.730810165E-1,1.082931709E1
2.356561958E1,-4.935196638E-1,4.612165689E-1,9.080761909E0
2.358451171E1,-7.088736892E-1,7.004988194E-1,7.652844906E0
2.360340380E1,-5.916253924E-1,1.052842021E0,7.045666218E0
2.362229588E1,-4.181457460E-1,1.194018483E0,6.419344902E0
2.364118801E1,-3.290131092E-1,1.307079315E0,5.830112457E0
2.366008010E1,-5.635097623E-1,1.503290772E0,5.847460270E0
2.367897218E1,-9.990034699E-1,1.510469317E0,6.615556240E0
2.369786432E1,-1.193420291E0,1.380658627E0,7.456035137E0
2.371675640E1,-1.206580877E0,1.170688510E0,8.353941917E0
2.373564848E1,-1.033699393E0,8.315058947E-1,9.681360245E0
2.375454062E1,-1.048654556E0,7.046862841E-1,1.095972633E1
2.377343270E1,-1.405185103E0,8.638089895E-1,1.096451187E1
2.379232478E1,-1.264008522E0,1.180259824E0,1.029033375E1
2.381121692E1,-9.966106415E-1,1.789831281E0,1.063310528E1
2.383010900E1,-6.843472719E-1,1.791625977E0,1.212682533E1
2.384900109E1,-3.200400174E-1,9.260223508E-1,1.381137276E1
2.386789317E1,2.691925503E-2,-1.794617027E-1,1.565623856E1
2.388678531E1,-3.188436031E-1,-1.150947690E0,1.664686775E1
2.390567739E1,-1.262812138E0,-1.643270969E0,1.559761429E1
2.392456947E1,-1.963909149E0,-1.341775298E0,1.256889915E1
2.394346161E1,-1.914856315E0,-5.898307562E-1,9.591629982E0
2.396235369E1,-1.193420291E0,1.435693540E-2,8.132007599E0
2.398124578E1,-1.926222295E-1,2.949153781E-1,7.914859295E0
2.400013786E1,7.178467698E-3,5.306084156E-1,7.725227833E0
2.401902999E1,-1.256231815E-1,4.671986103E-1,8.023134232E0
2.403792208E1,-6.640082598E-2,2.165504545E-1,8.413164139E0
2.405681416E1,-8.374879509E-2,-1.794616925E-3,9.096913338E0
2.407570630E1,-3.397808075E-1,6.819544733E-2,1.031605625E1
2.409459838E1,-8.171489239E-1,3.643072546E-1,1.076351452E1
2.411349046E1,-1.113260746E0,6.592226624E-1,9.774082184E0
2.413238255E1,-9.714859724E-1,7.244270444E-1,7.456035137E0
2.415127468E1,-6.574280262E-1,1.073180914E0,5.776273727E0
2.417016676E1,-4.402793646E-1,1.549950838E0,5.410171986E0
2.418905885E1,-1.597209126E-1,1.898704767E0,5.830710411E0
2.420795098E1,-3.020938635E-1,2.150549412E0,6.178866386E0
2.422684307E1,-9.613165259E-1,2.142772675E0,6.496513367E0
2.424573515E1,-1.853241086E0,1.823330879E0,6.259624004E0
2.426462723E1,-2.855235577E0,1.602592945E0,6.013163090E0
2.428351932E1,-2.660220623E0,1.531406522E0,6.528816700E0
2.430241145E1,-1.240080357E0,1.475773335E0,8.593822479E0
2.432130354E1,3.810569942E-1,1.238883972E0,1.189232826E1
2.434019562E1,9.780662656E-1,6.346961856E-1,1.467159176E1
2.435908775E1,-2.045863420E-1,-2.291127741E-1,1.457348633E1
2.437797984E1,-2.375474691E0,1.094716340E-1,1.335972691E1
2.439687192E1,-2.548356056E0,7.082754970E-1,1.330349541E1
2.441576400E1,-8.775677085E-1,3.780659735E-1,1.388794231E1
2.443465609E1,-4.971089065E-1,3.978067636E-1,1.505324745E1
2.445354822E1,-1.527817249E0,3.828516230E-2,1.578545094E1
2.447244031E1,-2.814557552E0,-5.204389244E-2,1.555035591E1
2.449133239E1,-2.781656265E0,5.706881881E-1,1.435514164E1
2.451022452E1,-1.139581800E0,1.023529887E0,1.207358456E1
2.452911661E1,4.767699242E-1,1.442273855E0,1.024606609E1
2.454800869E1,1.476969719E0,1.597209096E0,9.486943245E0
2.456690078E1,1.720439434E0,1.443470240E0,9.695717812E0
2.458579286E1,1.436890006E0,1.055832982E0,1.013061333E1
2.460468499E1,5.766702294E-1,5.593222976E-1,1.018863869E1
2.462357708E1,-2.219343036E-1,2.554338276E-1,9.589237213E0
2.464246916E1,-4.683950245E-1,1.298106313E-1,8.266005516E0
2.466136130E1,-1.286142170E-1,2.087737769E-1,6.614359856E0
2.468025338E1,4.815555513E-1,4.755735099E-1,5.949155331E0
2.469914546E1,1.040877819E0,6.921239495E-1,5.886941910E0
2.471803754E1,1.055234790E0,8.494520187E-1,5.871388435E0
2.473692968E1,7.770691514E-1,9.972088337E-1,5.504090309E0
2.475582176E1,2.901297510E-1,1.170688510E0,4.849055290E0
2.477471385E1,-5.569294691E-1,1.525424480E0,4.455435753E0
2.479360593E1,-1.412363529E0,1.832303882E0,5.032704353E0
2.481249807E1,-1.633699656E0,1.981257200E0,6.024528980E0
2.483139015E1,-1.593021631E0,1.972284079E0,6.726822853E0
2.485028223E1,-9.302098155E-1,1.708475351E0,7.698906898E0
2.486917432E1,-4.295116663E-1,1.253240824E0,9.244669914E0
2.488806640E1,-3.762713671E-1,7.429714203E-1,1.186122227E1
2.490695854E1,-6.957131624E-1,3.894318938E-1,1.383410454E1
2.492585062E1,-1.308874011E0,7.698906660E-1,1.311745358E1
2.494474270E1,-1.770688772E0,1.610369682E0,1.095254707E1
2.496363484E1,-1.920240164E0,1.913061738E0,1.082572746E1
2.498252692E1,-1.687538147E0,1.417149186E0,1.217109203E1
2.500141900E1,-2.080559254E0,1.116251707E0,1.326042461E1
2.502031109E1,-2.940180779E0,1.003190875E0,1.324008560E1
2.503920317E1,-3.445664644E0,6.358926296E-1,1.262513065E1
2.505809531E1,-3.333201885E0,4.839483798E-1,1.202154064E1
2.507698739E1,-2.839084148E0,6.729813814E-1,1.147059345E1
2.509587947E1,-1.948355794E0,7.471588850E-1,1.109252739E1
2.511477156E1,-1.387837172E0,7.680960894E-1,1.058465099E1
2.513366369E1,-1.331605792E0,8.027920127E-1,9.902696609E0
2.515255578E1,-1.478166223E0,9.571290612E-1,8.964710236E0
2.517144786E1,-1.505683661E0,1.113260746E0,7.447062492E0
2.519033994E1,-1.241276741E0,1.176072359E0,5.857031822E0
2.520923208E1,-1.025324464E0,1.181456208E0,4.630111694E0
2.522812416E1,-7.896314859E-1,8.321040869E-1,3.884149313E0
2.524701624E1,-7.459624410E-1,5.964110494E-1,3.576073408E0
2.526590833E1,-5.623133183E-1,6.233302951E-1,3.427718401E0
2.528480041E1,-8.147560954E-1,5.581258535E-1,3.914657831E0
2.530369254E1,-1.481157184E0,3.218346536E-1,5.551946640E0
2.532258463E1,-1.904686809E0,5.078766346E-1,7.004390240E0
2.534147671E1,-1.871187329E0,9.840483069E-1,8.167900085E0
2.536036880E1,-1.350748420E0,1.350748420E0,9.731011391E0
2.537926093E1,-1.036092162E0,1.467398524E0,1.176550865E1
2.539815301E1,-1.144965649E0,1.233500123E0,1.354696560E1
2.541704510E1,-1.853839397E0,1.216152072E0,1.438385487E1
2.543593718E1,-2.184048891E0,1.266999602E0,1.494497204E1
2.545482932E1,-1.618146300E0,1.414756417E0,1.565504169E1
2.547372140E1,-9.547362328E-1,1.663011789E0,1.583390522E1
2.549261348E1,-6.538388133E-1,1.745564103E0,1.541396523E1
2.551150557E1,-1.453639716E-1,1.457827210E0,1.560000706E1
2.553039765E1,1.152742267E0,9.463613629E-1,1.719901085E1
2.554928978E1,2.542374134E0,-1.280160099E-1,1.837986946E1
2.556818187E1,2.685943365E0,-9.044869542E-1,1.756331825E1
2.558707395E1,1.916650891E0,-1.222732425E0,1.432941818E1
2.560596604E1,1.182652593E0,-1.119840980E0,1.022453117E1
2.562485817E1,5.653043389E-1,-4.253242314E-1,6.988238335E0
2.564375025E1,3.798605800E-1,2.464607358E-1,5.371886730E0
2.566264234E1,8.063812256E-1,3.930211067E-1,5.274379253E0
2.568153442E1,1.092323542E0,3.505485058E-1,6.511468410E0
2.570042650E1,1.528415442E0,8.853443712E-2,7.756932735E0
2.571931864E1,1.503889084E0,-4.486542568E-2,7.715058327E0
2.573821072E1,1.118644595E0,2.656033039E-1,6.503692150E0
2.575710281E1,1.216750264E0,9.858429432E-1,5.290530682E0
2.577599489E1,1.317847013E0,1.428515077E0,5.251049519E0
2.579488697E1,1.089930773E0,1.666600943E0,6.210571289E0
2.581377911E1,4.666004181E-1,1.786840320E0,6.913462639E0
2.583267119E1,-6.077769399E-1,1.778465390E0,6.875775814E0
2.585156328E1,-1.301695466E0,1.634297848E0,6.993024349E0
2.587045536E1,-1.508076429E0,1.453041553E0,7.395616531E0
2.588934749E1,-1.281356573E0,1.351346612E0,8.478368759E0
2.590823958E1,-5.659025311E-1,1.380060434E0,9.710074425E0
2.592713166E1,3.684946895E-1,1.472184181E0,1.070189953E1
2.594602374E1,7.716853023E-1,1.576271892E0,1.116132164E1
2.596491588E1,4.313062727E-1,1.479362607E0,1.118106174E1
2.598380796E1,-6.317051649E-1,1.095912814E0,1.147238827E1
2.600270004E1,-1.700698733E0,8.763712645E-1,1.217707443E1
2.602159213E1,-1.910668850E0,1.033699393E0,1.307557964E1
2.604048426E1,-9.050851464E-1,1.143769264E0,1.370130253E1
2.605937635E1,1.986042857E-1,8.009973764E-1,1.413320732E1
2.607826843E1,6.257231236E-1,3.541377485E-1,1.480678654E1
2.609716051E1,-2.075773627E-1,3.864408433E-1,1.400638771E1
2.611605260E1,-1.430309772E0,6.460621357E-1,1.148734283E1
2.613494473E1,-2.200200319E0,8.853443861E-1,9.119047165E0
2.615383682E1,-2.408375978E0,1.241874933E0,7.785048485E0
2.617272890E1,-2.033899307E0,1.666600943E0,6.757331371E0
2.619162098E1,-1.920838356E0,2.158924341E0,6.334998131E0
2.621051312E1,-1.982453585E0,2.334796667E0,6.408577442E0
2.622940520E1,-1.098305583E0,1.725225091E0,6.698108673E0
2.624829728E1,3.559323549E-1,8.410771489E-1,8.958727837E0
2.626718937E1,-4.600201547E-1,9.756734371E-1,1.260239887E1
2.628608150E1,-1.037886858E0,9.696913958E-1,1.363669586E1
2.630497359E1,-9.056833982E-1,9.218349457E-1,1.073659515E1
2.632386567E1,-6.520441771E-1,1.207179070E0,6.518647194E0
2.634275775E1,-9.332008660E-2,1.663609982E0,4.045066833E0
2.636164984E1,5.629115105E-1,2.094916344E0,3.826123476E0
2.638054197E1,7.322037220E-1,2.224726915E0,5.535795212E0
2.639943406E1,-9.690931439E-2,2.092523336E0,7.204789162E0
2.641832614E1,-1.266999602E0,1.862812400E0,7.731808186E0
2.643721822E1,-1.803590059E0,1.631306887E0,7.359126091E0
2.645611031E1,-1.593021631E0,1.521835208E0,7.033702374E0
2.647500244E1,-7.579265833E-1,1.244267821E0,7.644470215E0
2.649389452E1,-2.512463741E-2,7.788637877E-1,8.946763992E0
2.651278661E1,-4.181457460E-1,5.473581553E-1,9.832108498E0
2.653167869E1,-1.630708575E0,5.312066078E-1,9.949356079E0
2.655057078E1,-2.486142635E0,1.022333503E0,1.038903809E1
2.656946291E1,-2.437688112E0,2.143969059E0,1.159143066E1
2.658835499E1,-1.663609982E0,2.208575249E0,1.274417305E1
2.660724708E1,-8.362914920E-1,1.490130305E0,1.290329647E1
2.662613916E1,-6.311069727E-1,1.418943882E0,1.245583820E1
2.664503124E1,-3.146561682E-1,1.041476011E0,1.216092300E1
2.666392338E1,1.627119333E-1,5.736792088E-1,1.282672596E1
2.668281546E1,5.198407173E-1,-2.135594189E-1,1.460519123E1
2.670170754E1,6.957131624E-1,-1.018744230E0,1.678983879E1
2.672059963E1,5.635097623E-1,-1.402792215E0,1.714696693E1
2.673949176E1,6.999006122E-2,-1.331605792E0,1.470808220E1
2.675838385E1,9.870393574E-2,-6.484549642E-1,1.111047363E1
2.677727593E1,5.754738450E-1,2.362912297E-1,8.325227737E0
2.679616801E1,1.247258782E0,7.764709592E-1,6.996015072E0
2.681506010E1,1.780260086E0,8.536394835E-1,7.006783009E0
2.683395223E1,1.483550072E0,8.081758618E-1,7.693522930E0
2.685284432E1,6.831508875E-1,7.459624410E-1,8.139185905E0
2.687173640E1,2.350948304E-1,7.028916478E-1,8.001000404E0
2.689062848E1,2.913261652E-1,6.723831892E-1,7.872386456E0
2.690952062E1,4.307080805E-1,8.344969153E-1,8.208578110E0
2.692841270E1,3.427718580E-1,1.147956610E0,8.494520187E0
2.694730478E1,2.991028316E-2,1.211366415E0,7.889136314E0
2.696619687E1,-1.495514214E-1,1.081555843E0,6.927819729E0
2.698508895E1,-3.637090325E-1,1.131805062E0,6.590431690E0
2.700398109E1,-5.258227587E-1,1.380658627E0,6.912864685E0
2.702287317E1,-5.138586760E-1,1.701895118E0,7.105486870E0
2.704176525E1,-5.503492057E-2,2.093121529E0,7.021738052E0
2.706065734E1,4.342973232E-1,2.313261271E0,6.754938126E0
2.707954947E1,5.694918036E-1,2.409572363E0,7.228118896E0
2.709844156E1,3.385843933E-1,2.437688112E0,8.352147102E0
2.711733364E1,-2.560320199E-1,2.445464849E0,9.240483284E0
2.713622572E1,-3.529413342E-1,2.131406784E0,9.455238342E0
2.715511781E1,-7.381857634E-1,2.307279348E0,1.045663452E1
2.717400994E1,-1.722234130E0,2.863610506E0,1.015992451E1
2.719290203E1,-9.810572863E-1,2.607578516E0,9.999007225E0
2.721179411E1,-8.853443712E-2,1.871187329E0,1.056610680E1
2.723068619E1,4.881358147E-1,-4.701896608E-1,1.135334492E1
2.724957833E1,4.013960063E-1,-1.047458172E0,1.291825104E1
2.726847041E1,-2.512463808E0,1.362114310E0,1.371865082E1
2.728736249E1,-6.125626087E0,3.701696634E0,1.423071480E1
2.730625458E1,-5.292325497E0,2.762513638E0,1.414158154E1
2.732514666E1,-1.281954765E0,4.713860750E-1,1.502513123E1
2.734403874E1,1.002592683E0,-1.836491376E-1,1.438445377E1
2.736293088E1,6.867401004E-1,7.998009920E-1,1.202931786E1
2.738182296E1,-1.139581800E0,2.423929453E0,1.097647572E1
2.740071505E1,-1.855633974E0,2.907279491E0,1.089691448E1
2.741960713E1,-1.355534077E0,2.730808735E0,1.034656525E1
2.743849926E1,-1.616351724E0,2.903092146E0,9.537193298E0
2.745739135E1,-1.613360643E0,2.833700180E0,8.042875290E0
2.747628343E1,-1.823330879E0,2.610569477E0,7.120441914E0
2.749517551E1,-9.708877802E-1,1.907677889E0,7.368099213E0
2.751406760E1,-9.547362328E-1,2.238485575E0,8.006982803E0
2.753295973E1,-7.220342159E-1,2.477169752E0,7.777870178E0
2.755185182E1,-8.943174481E-1,2.643470764E0,6.769893646E0
2.757074390E1,-1.758724689E0,2.980260611E0,6.282954216E0
2.758963598E1,-2.233101845E0,2.716451883E0,6.298507214E0
2.760852812E1,-2.066202402E0,2.635095835E0,6.367300987E0
2.762742020E1,-1.990828395E0,2.694916487E0,6.239883423E0
2.764631228E1,-2.906083107E0,2.628515720E0,6.298507214E0
2.766520437E1,-3.014956474E0,2.396411896E0,6.583253384E0
2.768409645E1,-2.656033039E0,2.457428932E0,7.207779884E0
2.770298854E1,-2.521436930E0,2.797807932E0,7.504489899E0
2.772188067E1,-2.174477577E0,2.810370207E0,7.292725086E0
2.774077275E1,-2.381456852E0,3.269792080E0,7.115057945E0
2.775966484E1,-2.170290232E0,3.622135162E0,7.556533813E0
2.777855692E1,-1.645663738E0,3.675375462E0,8.897112846E0
2.779744900E1,-2.137388945E0,3.918246984E0,9.028717995E0
2.781634114E1,-2.825923443E0,3.933202267E0,8.270193100E0
2.783523322E1,-3.288934708E0,4.104887009E0,7.341778278E0
2.785412531E1,-3.359523058E0,4.462614059E0,6.944569588E0
2.787301739E1,-2.391027927E0,4.348356724E0,7.168298244E0
2.789190953E1,-2.816950560E0,4.184448719E0,3.768695593E0
2.791080161E1,-2.690130949E0,4.130609989E0,5.727221012E0
2.792969369E1,-2.379662037E0,3.848257065E0,8.940183640E0
2.794858578E1,-3.497110367E0,3.553939819E0,1.000618649E1
2.796747786E1,-5.256433010E0,4.191029072E0,1.105484104E1
2.798636999E1,-5.766104221E0,3.848855257E0,8.898907661E0
2.802141526E1,-3.432504177E0,1.890928149E0,8.752944946E0
2.804030724E1,-3.071187973E0,2.869592667E0,7.914260864E0
2.805919922E1,-2.036292076E0,3.494717360E0,7.942974567E0
2.807809120E1,-8.243274093E-1,3.149552822E0,9.354740143E0
2.809698318E1,-7.417750359E-1,2.268994093E0,1.050209904E1
2.811587516E1,-1.721635938E0,1.736590981E0,1.045783138E1
2.813476714E1,-2.325225353E0,1.922034740E0,9.773484230E0
2.815365907E1,-2.116451740E0,2.395215511E0,8.660223007E0
2.817255105E1,-1.619940877E0,2.770888567E0,7.569096088E0
2.819144302E1,-1.747358680E0,2.870190859E0,7.055237770E0
2.821033500E1,-2.330609322E0,2.668595552E0,7.670791149E0
2.822922698E1,-2.253440619E0,2.192423820E0,9.125627518E0
2.824811896E1,-1.638485312E0,2.167299032E0,1.061575794E1
2.826701094E1,-1.819143414E0,2.319243431E0,1.126241779E1
2.828590287E1,-2.057229280E0,2.230110645E0,1.117986584E1
2.830479485E1,-2.010569334E0,2.260020971E0,9.761520386E0
2.832368683E1,-2.009970903E0,2.510071039E0,8.353343964E0
2.834257881E1,-2.611167669E0,2.801995277E0,8.109275818E0
2.836147079E1,-2.478964329E0,2.669791937E0,8.352147102E0
2.838036276E1,-2.187039852E0,2.473580360E0,9.622735977E0
2.839925474E1,-2.065604210E0,2.481357098E0,1.090409279E1
2.841814672E1,-2.414358139E0,2.636890650E0,1.169970608E1
2.843703865E1,-2.423331022E0,2.389233351E0,1.157527924E1
2.845593063E1,-9.481559992E-1,1.409970760E0,1.015753174E1
2.847482261E1,-7.447660565E-1,1.435095429E0,8.137392044E0
2.849371459E1,-6.275177598E-1,1.600798368E0,8.307282448E0
2.851260657E1,6.035895348E-1,7.615157962E-1,1.015932655E1
2.853149855E1,9.924231768E-1,1.902294010E-1,1.053559780E1
2.855039047E1,1.444068432E0,-1.507478207E-1,1.012463093E1
2.856928245E1,2.572882652E0,-3.780659735E-1,1.081436157E1
2.858817443E1,2.930609465E0,-6.137589812E-1,1.133240795E1
2.860706641E1,2.353939295E0,-8.877372146E-1,1.042911720E1
2.862595839E1,1.658226132E0,-1.032503009E0,9.666405678E0
2.864485037E1,9.619147182E-1,-6.729813814E-1,9.404989243E0
2.866374235E1,4.881358147E-1,-1.166501045E-1,9.416953087E0
2.868263433E1,2.291127741E-1,-8.195417374E-2,9.909276962E0
2.870152625E1,-5.982056609E-4,-2.913261652E-1,1.049073315E1
2.872041823E1,-3.170489892E-2,-2.243271172E-1,1.035254669E1
2.873931021E1,-1.076770201E-2,4.187439568E-3,1.013180923E1
2.875820219E1,3.074777126E-1,1.585244983E-1,1.002173901E1
2.877709417E1,5.102694035E-1,2.644068897E-1,9.930811882E0
2.879598615E1,5.988038778E-1,2.991028428E-1,9.878767967E0
2.881487813E1,5.186443329E-1,3.355933726E-1,9.665806770E0
2.883377006E1,3.678964674E-1,4.396811724E-1,9.376275063E0
2.885266204E1,2.530409992E-1,7.884350419E-1,9.142974854E0
2.887155402E1,3.655036688E-1,1.192822099E0,9.070592880E0
2.889044599E1,7.292127013E-1,1.311864972E0,9.121439934E0
2.890933797E1,8.745766878E-1,1.255633712E0,9.229715347E0
2.892822995E1,7.471588850E-1,1.255035520E0,9.004789352E0
2.894712188E1,7.806583643E-1,1.436291814E0,8.687741280E0
2.896601386E1,6.233302951E-1,1.457827210E0,8.691927910E0
2.898490584E1,4.815555513E-1,1.229312658E0,9.142376900E0
2.900379782E1,3.092723191E-1,1.041476011E0,9.524630547E0
2.902268980E1,2.667997181E-1,9.798609018E-1,9.814162254E0
2.904158178E1,1.651047617E-1,1.055234790E0,9.774082184E0
2.906047375E1,3.403790295E-1,1.088136077E0,9.722636223E0
2.907936568E1,6.233302951E-1,1.130608678E0,9.527023315E0
2.909825766E1,5.808576941E-1,1.250249863E0,9.180064201E0
2.911714964E1,9.451649338E-2,1.335195065E0,8.685347557E0
2.913604162E1,-4.995017350E-1,1.258624673E0,8.657830238E0
2.915493360E1,-1.109073281E0,1.144367456E0,9.445069313E0
2.917382558E1,-1.466800332E0,8.255237937E-1,1.087777138E1
2.919271756E1,-1.025922656E0,1.040877849E-1,1.244267750E1
2.921160948E1,-3.996013701E-1,-4.917250574E-1,1.390110302E1
2.923050146E1,2.033899166E-2,-8.033902049E-1,1.428874016E1
2.924939344E1,-2.303091735E-1,-9.493523836E-1,1.340638733E1
2.926828542E1,-8.697910309E-1,-1.357328653E0,1.231645679E1
2.928717740E1,-1.594218135E0,-1.680359721E0,1.172542953E1
2.930606933E1,-2.067996979E0,-1.904088616E0,1.155733299E1
2.932496131E1,-2.020140409E0,-1.840678811E0,1.161476135E1
2.934385329E1,-1.625923038E0,-1.609173179E0,1.144606686E1
2.936274526E1,-1.276570916E0,-1.466800332E0,1.115773201E1
2.938163724E1,-1.019940615E0,-1.450050473E0,1.082752228E1
2.940052922E1,-9.840483069E-1,-1.433300734E0,1.053081226E1
2.941942115E1,-8.015955687E-1,-1.399801254E0,1.023828983E1
2.943831313E1,-8.835497499E-1,-1.209571838E0,9.700503349E0
2.945720511E1,-1.027717352E0,-8.739784956E-1,9.369695663E0
2.947609709E1,-1.064806104E0,-4.594219327E-1,8.867800713E0
2.949498907E1,-1.006780148E0,-1.106680483E-1,8.540582657E0
2.951388105E1,-9.720842242E-1,8.614161611E-2,8.601598740E0
2.953277297E1,-9.182456732E-1,8.315058798E-2,8.595617294E0
2.955166495E1,-1.048654556E0,1.016949639E-1,8.420342445E0
2.957055693E1,-1.103689432E0,2.075773627E-1,8.154739380E0
2.958944891E1,-1.048654556E0,2.739782035E-1,8.054839134E0
2.960834089E1,-1.017547846E0,1.106680483E-1,7.911269665E0
2.962723287E1,-1.276570916E0,1.316052489E-2,7.740182877E0
2.964612480E1,-2.084148407E0,2.063809484E-1,7.727022648E0
2.966501677E1,-2.968894720E0,2.045863420E-1,8.138587952E0
2.968390875E1,-2.963510752E0,2.255235314E-1,8.434700012E0
2.970280073E1,-2.330609322E0,5.473581553E-1,8.072785378E0
2.972169271E1,-1.245464206E0,8.931210637E-1,8.088338852E0
2.974058469E1,-6.616154313E-1,1.185643673E0,8.653642654E0
2.975947662E1,-5.192425251E-1,1.318445325E0,9.442676544E0
2.977836860E1,-1.178465188E-1,1.268794179E0,1.006540871E1
2.979726058E1,3.714857101E-1,1.251446247E0,9.926624298E0
2.981615256E1,6.131607890E-1,1.278963685E0,9.116056442E0
2.983504454E1,1.698904037E-1,1.471585870E0,8.523832321E0
2.985393646E1,-5.934200287E-1,1.692323804E0,7.970492363E0
2.987282844E1,-8.668000102E-1,1.711466432E0,7.441678524E0
2.989172042E1,-1.235294700E0,1.724626899E0,7.328617573E0
2.991061240E1,-1.832902193E0,1.703689694E0,7.900502205E0
2.992950438E1,-1.971685886E0,1.521237016E0,8.899505615E0
2.994839582E1,-1.592423439E0,1.332203984E0,9.717850685E0
2.996728775E1,-9.816554785E-1,1.131805062E0,1.034955597E1
2.998617973E1,-8.763712645E-1,1.054038405E0,1.063370419E1
3.000507171E1,-1.145563841E0,8.177471161E-1,1.075992489E1
3.002396369E1,-1.350150228E0,2.554338276E-1,1.162612724E1
3.004285567E1,-1.648654819E0,-1.800599098E-1,1.286201954E1
3.006174764E1,-1.581057549E0,-4.181457460E-1,1.429232979E1
3.008063957E1,-1.259821177E0,-5.575276613E-1,1.487438393E1
3.009953155E1,-7.692924738E-1,-9.290133715E-1,1.437727451E1
3.011842353E1,-3.750749528E-1,-1.333400369E0,1.407996655E1
3.013731551E1,-6.113662124E-1,-1.290927768E0,1.392503166E1
3.015620749E1,-8.159525394E-1,-1.089930773E0,1.332802200E1
3.017509942E1,-5.605186820E-1,-9.858429432E-1,1.227398396E1
3.019399139E1,-4.450650215E-1,-8.416753411E-1,1.102672482E1
3.021288338E1,-4.552344978E-1,-5.437689424E-1,1.007198906E1
3.023177535E1,-1.441675574E-1,-3.846462369E-1,9.430712700E0
3.025066733E1,1.130608693E-1,-2.775674164E-1,9.129815102E0
3.026955926E1,2.165504545E-1,-2.327020019E-1,9.269196510E0
3.028845124E1,3.176472187E-1,-2.883351147E-1,9.574281693E0
3.030734322E1,4.109672904E-1,-4.354937077E-1,9.458230019E0
3.032623520E1,3.924229145E-1,-4.211367965E-1,8.876175880E0
3.034512718E1,1.184447184E-1,-2.440679073E-1,8.258827209E0
3.036401916E1,-3.290131092E-1,-4.247260094E-2,7.839485168E0
3.038291108E1,-8.763712645E-1,1.950150430E-1,7.447062492E0
3.040180306E1,-1.210170031E0,4.857429862E-1,7.504489899E0
3.042069504E1,-1.072582722E0,6.496513486E-1,7.872386456E0
3.043958702E1,-7.184450030E-1,7.214360237E-1,8.191229820E0
3.045847900E1,-4.031906128E-1,7.238288522E-1,8.249854088E0
3.047737093E1,-2.614158690E-1,6.669993401E-1,8.090731621E0
3.049626291E1,-3.206382394E-1,6.179464459E-1,7.646862984E0
3.051515488E1,-3.385843933E-1,6.215356588E-1,7.036693096E0
3.053404686E1,-4.079762697E-1,7.758727670E-1,6.554539204E0
3.055293884E1,-4.899304509E-1,9.942178130E-1,6.278168201E0
3.057183077E1,-5.162515044E-1,1.146760225E0,6.562914371E0
3.059072275E1,-5.132604837E-1,1.264008522E0,7.143772125E0
3.060961473E1,-5.718846321E-1,1.149751306E0,7.832904816E0
3.062850671E1,-6.436693072E-1,7.974081635E-1,8.732605934E0
3.064739869E1,-5.754738450E-1,3.834498227E-1,9.598808289E0
3.066629067E1,-7.118647099E-1,1.549352705E-1,1.039083195E1
3.068518264E1,-1.221535921E0,2.219343036E-1,1.104885864E1
3.070407457E1,-1.473380566E0,4.109672904E-1,1.142931747E1
3.072296655E1,-1.234696507E0,5.479564071E-1,1.133719349E1
3.074185853E1,-7.896314859E-1,7.268198729E-1,1.095852947E1
3.076075051E1,-4.342973232E-1,9.942178130E-1,1.069053364E1
3.077964249E1,-4.378865361E-1,1.271785259E0,1.049791145E1
3.079853442E1,-8.404789567E-1,1.496710539E0,1.068096161E1
3.081742640E1,-1.112662554E0,1.453041553E0,1.106441212E1
3.083631837E1,-1.188036442E0,1.177866936E0,1.166680527E1
3.085521035E1,-1.203589797E0,6.580262184E-1,1.247438240E1
3.087410233E1,-1.075573802E0,-2.811566554E-2,1.401954746E1
3.089299431E1,-4.767699242E-1,-6.442674994E-1,1.560060501E1
3.091188624E1,2.919243574E-1,-1.015154958E0,1.596790409E1
3.093077822E1,7.268198729E-1,-1.419542074E0,1.483250904E1
3.094967020E1,2.476571500E-1,-1.680957913E0,1.309292698E1
3.096856218E1,-4.067798555E-1,-1.333998680E0,1.153400326E1
3.098745416E1,-7.651050687E-1,-7.645068169E-1,9.865009308E0
3.100634614E1,-9.349954724E-1,-3.373879790E-1,8.294719696E0
3.102523806E1,-1.249053478E0,-1.836491376E-1,7.372884750E0
3.104413004E1,-1.551147223E0,-1.854437590E-1,6.875177860E0
3.106302202E1,-1.963909149E0,-2.524427772E-1,7.531409264E0
3.108191400E1,-2.104487419E0,-5.419743061E-1,8.372486115E0
3.110080598E1,-1.960319996E0,-1.269990563E0,9.707083702E0
3.111969796E1,-2.752942562E0,-8.703892231E-1,1.054098225E1
3.113858988E1,-3.472583771E0,-5.186443329E-1,1.054696369E1
3.115748186E1,-2.773281336E0,-1.216750264E0,1.042851925E1
3.117637384E1,-3.049652576E0,-9.960124493E-1,9.825528145E0
3.119526582E1,-3.481556892E0,-5.467599630E-1,8.818747520E0
3.121415780E1,-3.835694790E0,-2.482553422E-1,7.587640762E0
3.123304973E1,-4.005585194E0,2.177468538E-1,6.668198586E0
3.125194171E1,-3.653241873E0,7.435696125E-1,6.246463299E0
3.127083369E1,-3.123231649E0,1.101296663E0,6.129813194E0
3.128972567E1,-2.867797852E0,1.116251707E0,6.320641041E0
3.130861764E1,-2.809772015E0,8.398807645E-1,6.689135551E0
3.132750957E1,-2.788834810E0,8.446664214E-1,6.765706062E0
3.134640155E1,-2.531606436E0,9.278169870E-1,6.604788780E0
3.136529353E1,-2.297109842E0,1.046261668E0,6.891927242E0
3.138418551E1,-2.402393818E0,1.374078393E0,7.250252724E0
3.140307749E1,-2.846860647E0,1.642074585E0,7.786244869E0
3.142196947E1,-3.080759048E0,1.809572101E0,8.513663292E0
3.144086140E1,-3.007179976E0,1.931007862E0,8.691329956E0
3.145975338E1,-3.039483070E0,1.949552298E0,8.739784241E0
3.147864535E1,-2.949752092E0,1.628315806E0,9.571888924E0
3.149753733E1,-2.876172781E0,1.461416483E0,1.148375416E1
3.151642931E1,-2.876172781E0,1.217946768E0,1.241815090E1
3.153532129E1,-3.172284603E0,8.009973764E-1,1.129591751E1
3.155421322E1,-3.117249727E0,3.595215976E-1,9.913464546E0
3.157310520E1,-2.871387243E0,-1.076770201E-2,1.008275604E1
3.159199718E1,-2.502892494E0,3.326023519E-1,1.015035343E1
3.161088916E1,-1.577468276E0,6.622136831E-1,1.014616585E1
3.162978113E1,-9.840483069E-1,7.034898400E-1,1.049791145E1
3.164867311E1,-8.853443861E-1,8.967102766E-1,1.144008541E1
3.166756504E1,-4.498506486E-1,6.580262184E-1,1.157468128E1
3.168645702E1,2.213360965E-1,-2.213360965E-1,1.246241856E1
3.170534900E1,3.810569942E-1,-5.252245665E-1,1.499581909E1
3.172424098E1,5.569294691E-1,-7.328019142E-1,1.553420448E1
3.174313296E1,6.065805554E-1,-1.088136077E0,1.437906933E1
3.176202494E1,4.199403822E-1,-1.104287624E0,1.315932846E1
3.178091686E1,3.433700502E-1,-1.284945726E0,1.240798187E1
3.179980884E1,5.802594870E-2,-1.347757339E0,1.070249748E1
3.181870082E1,-1.277767301E0,-4.504488707E-1,9.292527199E0
3.183759280E1,-1.599601984E0,4.402793646E-1,9.177671432E0
3.185648478E1,4.115654826E-1,1.034895778E0,8.690134048E0
3.187537676E1,1.840080619E0,1.788036704E0,9.147761345E0
3.189426874E1,1.258026481E0,1.913061738E0,9.868598938E0
3.191316067E1,1.234098315E0,1.081555843E0,1.003789139E1
3.193205264E1,4.947160780E-1,4.384847581E-1,8.807980537E0
3.195094462E1,-5.850451589E-1,5.288137794E-1,7.412366390E0
3.196983660E1,-8.913264275E-1,9.308080077E-1,6.850052834E0
3.198872858E1,-2.973082066E-1,1.202991605E0,6.588038921E0
3.200762056E1,5.688936114E-1,1.488335729E0,7.016952515E0
3.202651249E1,1.023529887E0,1.951346874E0,7.560122967E0
3.204540447E1,6.675975323E-1,2.203789711E0,6.329015732E0
3.206429645E1,5.952146053E-1,1.658226132E0,5.331807137E0
3.208318843E1,4.683950245E-1,1.107876897E0,5.086542606E0
3.210208041E1,6.759724021E-2,1.083948612E0,5.606383324E0
3.212097238E1,-6.340979785E-2,9.625129104E-1,7.004988194E0
3.213986431E1,6.340979785E-2,9.583254457E-1,8.888139725E0
3.215875629E1,3.278166950E-1,9.397810698E-1,1.047338486E1
3.217764827E1,4.767699242E-1,6.017948985E-1,1.051466084E1
3.219654025E1,1.064806059E-1,4.510470629E-1,1.028255749E1
3.221543223E1,-4.558327198E-1,6.173482537E-1,1.063789082E1
3.223432421E1,-5.503492355E-1,7.040880919E-1,1.073180962E1
3.225321619E1,-2.727817893E-1,9.864411354E-1,9.759725571E0
3.227210811E1,-1.674975827E-2,1.573879123E0,9.207581520E0
3.229100009E1,7.334001660E-1,1.987239242E0,9.613164902E0
3.230989207E1,1.615155339E0,2.230110645E0,1.091306591E1
3.232878405E1,1.884347796E0,2.369492531E0,1.211186981E1
3.234767603E1,1.843669891E0,2.136790514E0,1.263051414E1
3.236656801E1,2.088335991E0,1.694716692E0,1.177029419E1
3.238545994E1,1.758126378E0,1.608574986E0,1.005404282E1
3.240435192E1,6.011967063E-1,1.782054663E0,8.595019341E0
3.242324390E1,-8.458628058E-1,1.960319996E0,7.439883709E0
3.244213588E1,-1.853839397E0,1.606182218E0,9.124430656E0
3.246102785E1,-2.398206472E0,3.176472187E-1,1.391127300E1
3.247991983E1,-3.385245800E0,-4.594219327E-1,1.484626770E1
3.249881181E1,-3.128615618E0,-1.427318692E0,1.409671593E1
3.251770374E1,-2.947957516E0,-2.030309916E0,1.324128246E1
3.253659572E1,-3.190829039E0,-2.367697954E0,1.193121147E1
3.255548770E1,-3.317648649E0,-2.167299032E0,1.128156090E1
3.257437968E1,-3.428914785E0,-1.514656782E0,1.075693417E1
3.259327166E1,-2.917448997E0,-1.097109199E0,1.059840965E1
3.261216364E1,-1.772483349E0,-7.890332937E-1,1.088375378E1
3.263105556E1,-1.369292736E0,-4.289134443E-1,1.024008465E1
3.264994754E1,-1.027119160E0,-3.409772217E-1,8.795417786E0
3.266883952E1,-1.061216831E0,1.316052489E-2,7.930412292E0
3.268773150E1,-1.389033556E0,4.139583111E-1,7.584649563E0
3.270662348E1,-1.487139225E0,6.305087805E-1,7.080960274E0
3.272551546E1,-1.384247899E0,7.268198729E-1,6.708278179E0
3.274440738E1,-1.483550072E0,8.099704385E-1,6.541976929E0
3.276329936E1,-1.584048629E0,1.023529887E0,6.720242500E0
3.278219134E1,-1.406979680E0,1.288534999E0,6.983452797E0
3.280108332E1,-1.110269666E0,1.343569875E0,7.205387115E0
3.281997530E1,-5.162515044E-1,1.107278705E0,7.759923935E0
3.283886728E1,-3.529413342E-1,7.830511928E-1,8.570492744E0
3.285775921E1,-6.891329288E-1,3.631108403E-1,8.986245155E0
3.287665119E1,-1.083350420E0,-6.999006122E-2,9.306285858E0
3.289554317E1,-1.427916884E0,-2.279163599E-1,9.774082184E0
3.291443514E1,-1.594816327E0,-6.041877344E-2,1.017188931E1
3.293332712E1,-1.425524116E0,2.973082066E-1,9.681958199E0
3.295221910E1,-1.101296663E0,6.681957245E-1,8.850452423E0
3.297111108E1,-9.978070259E-1,1.002592683E0,8.492725372E0
3.299000301E1,-1.042074203E0,1.213759303E0,8.130811691E0
3.300889499E1,-1.021735311E0,1.447657704E0,7.792226791E0
3.302778697E1,-8.584251404E-1,1.552941918E0,8.143373489E0
3.304667895E1,-7.537391186E-1,1.487139225E0,9.120243073E0
3.306557093E1,-7.393822074E-1,1.380658627E0,9.561120987E0
3.308446291E1,-7.022934556E-1,1.174277663E0,9.511469841E0
3.310335488E1,-6.843472719E-1,9.864411354E-1,9.786046028E0
3.312224686E1,-7.722834945E-1,7.369893789E-1,1.047159004E1
3.314113879E1,-8.709874153E-1,5.012963414E-1,1.082154083E1
3.316003077E1,-7.256234884E-1,3.840480447E-1,1.079880905E1
3.317892275E1,-4.067798555E-1,2.991028428E-1,1.090588760E1
3.319781473E1,-2.566302419E-1,3.230310604E-2,1.141077328E1
3.321670671E1,-1.531406492E-1,-4.516452849E-1,1.171705437E1
3.323559869E1,-3.314059377E-1,-9.182456732E-1,1.216570854E1
3.325449061E1,-7.076773047E-1,-1.178465128E0,1.241695499E1
3.327338259E1,-8.291130662E-1,-1.430309772E0,1.247916794E1
3.329227457E1,-3.326023519E-1,-1.791027784E0,1.301635742E1
3.331116655E1,3.469592929E-1,-2.132603168E0,1.421276855E1
3.333005853E1,5.778666735E-1,-2.326421738E0,1.512862110E1
3.334895051E1,3.379862010E-1,-2.182852507E0,1.445324707E1
3.336784249E1,3.026920557E-1,-1.598405480E0,1.239242840E1
3.338673447E1,7.573283911E-1,-9.397810698E-1,1.072522926E1
3.340562640E1,1.293320656E0,-3.523431420E-1,9.738788605E0
3.342451838E1,1.701895118E0,-5.563312769E-2,9.333204269E0
3.344341035E1,1.890329838E0,-3.194418252E-1,9.428318977E0
3.346230233E1,1.523629785E0,-6.789634228E-1,9.536594391E0
3.348119431E1,7.890332937E-1,-8.985049129E-1,9.370293617E0
3.350008629E1,2.344966233E-1,-8.183453679E-1,9.450452805E0
3.351897827E1,4.839483798E-1,-6.490531564E-1,9.557532310E0
3.353787020E1,1.069591761E0,-1.734796464E-1,9.422337532E0
3.355676218E1,1.428515077E0,1.686939895E-1,8.632705688E0
3.357565416E1,9.320043921E-1,3.601198196E-1,7.469794273E0
3.359454614E1,-7.118647546E-2,4.648058116E-1,6.748358250E0
3.361343811E1,-4.378865361E-1,1.603191197E-1,6.668198586E0
3.363233009E1,-2.895315289E-1,-4.785645381E-2,6.480361938E0
3.365122207E1,-4.785645381E-2,7.956135273E-2,6.212964058E0
3.367011405E1,2.398804724E-1,2.781656384E-1,6.199803352E0
3.368900598E1,3.966103494E-1,3.116651475E-1,6.847660065E0
3.370789796E1,3.852444589E-1,1.106680483E-1,7.832306862E0
3.372678994E1,2.291127741E-1,-2.338984162E-1,8.652446747E0
3.374568192E1,-1.495514158E-2,-3.038884699E-1,9.250054359E0
3.376457390E1,2.991028363E-3,-1.806581169E-1,9.419944763E0
3.378346588E1,7.298108935E-2,1.148554832E-1,9.290133476E0
3.380235785E1,-1.920240223E-1,4.378865361E-1,9.175278664E0
3.382124983E1,-4.229314029E-1,6.137589812E-1,9.128020287E0
3.384014176E1,-5.617151260E-1,6.879364848E-1,9.318249702E0
3.385903374E1,-3.517449200E-1,7.435696125E-1,9.735796928E0
3.387792572E1,1.585244983E-1,9.188438654E-1,9.697511673E0
3.389681770E1,3.499503136E-1,1.119840980E0,9.412766457E0
3.391570968E1,3.547359705E-1,1.172483087E0,9.169296265E0
3.393460166E1,2.542374134E-1,1.208973646E0,8.839685440E0
3.395349364E1,2.626122832E-1,1.142572761E0,9.019744873E0
3.397238561E1,3.158525825E-1,1.000199914E0,9.934401512E0
3.399127759E1,1.471585929E-1,8.919246197E-1,1.048714352E1
3.401016957E1,-3.188436031E-1,8.925228715E-1,1.028136063E1
3.402906150E1,-6.466603279E-1,8.081758618E-1,1.084726334E1
3.404795348E1,-2.799602449E-1,2.763710022E-1,1.308933830E1
3.406684546E1,3.690928817E-1,-5.030909777E-1,1.607258987E1
3.408573744E1,7.429714203E-1,-1.228116274E0,1.767039680E1
3.410462942E1,8.560323119E-1,-1.880758643E0,1.654696655E1
3.412352140E1,5.461617708E-1,-2.429313183E0,1.533559990E1
3.414241338E1,-7.417750359E-2,-3.203989506E0,1.302532959E1
3.416130535E1,-1.226321578E0,-2.293520451E0,1.131745243E1
3.418019733E1,-1.572084427E0,-5.461617708E-1,1.120439243E1
3.419908931E1,-1.581655741E0,-3.140579760E-1,9.666405678E0
3.421798124E1,-1.436890006E0,-1.237687469E0,8.819944382E0
3.423687322E1,-1.417747378E0,-1.411765337E0,9.516854286E0
3.425576520E1,-9.008977413E-1,-1.286740422E0,1.007318497E1
3.427465718E1,3.864408433E-1,-1.192822099E0,1.052303600E1
3.429354916E1,1.197607756E0,-6.855437160E-1,1.012762165E1
3.431244114E1,1.875374794E0,-3.248256743E-1,9.005388260E0
3.433133311E1,1.834696770E0,1.274178028E-1,8.024331093E0
3.435022509E1,8.057830334E-1,5.635097623E-1,7.384849072E0
3.436911707E1,-1.028913707E-1,5.335994363E-1,7.278966427E0
3.438800905E1,-8.398807645E-1,6.011967063E-1,7.848458290E0
3.440690098E1,-1.291526079E0,1.113858938E0,8.479565620E0
3.442579296E1,-1.043868899E0,1.331007600E0,8.223533630E0
3.444468494E1,-3.385843933E-1,1.163509965E0,7.326822758E0
3.446357692E1,-6.460621208E-2,1.113260746E0,6.463612080E0
3.448246890E1,-6.879364848E-1,1.381256819E0,6.682555676E0
3.450136088E1,-1.197009563E0,1.603191137E0,7.811967850E0
3.452025285E1,-9.798609018E-1,1.597807288E0,8.274978638E0
3.453914483E1,-5.425725579E-1,1.585245013E0,7.764709473E0
3.455803681E1,-2.392822644E-3,1.854437590E0,7.482954502E0
3.457692879E1,8.793623000E-2,2.062014818E0,7.917252064E0
3.459582077E1,-9.332008660E-2,1.916650891E0,9.061020851E0
3.461471275E1,-7.896314561E-2,1.601994753E0,9.468399048E0
3.463360468E1,1.010967568E-1,1.399801254E0,9.352347374E0
3.465249666E1,-9.332008660E-2,1.582852125E0,9.449256897E0
3.467138864E1,-2.973082066E-1,1.725225091E0,9.370891571E0
3.469028061E1,-2.877369225E-1,1.651047587E0,9.187840462E0
3.470917259E1,-4.863412082E-1,1.709073544E0,9.442676544E0
3.472806457E1,-7.334001660E-1,1.730608940E0,1.016471100E1
3.474695655E1,-8.362914920E-1,1.465005636E0,1.070369434E1
3.476584853E1,-8.949156404E-1,1.129412293E0,1.103151035E1
3.478474051E1,-3.816552162E-1,7.351947427E-1,1.184387398E1
3.480363249E1,3.409772217E-1,1.902294010E-1,1.266760349E1
3.482252447E1,5.180460811E-1,-2.811566591E-1,1.309173107E1
3.484141645E1,3.852444589E-1,-7.908278704E-1,1.305165100E1
3.486030838E1,1.728814393E-1,-1.225125194E0,1.304985619E1
3.487920035E1,3.732803464E-1,-1.397408366E0,1.378624725E1
3.489809233E1,4.731806815E-1,-1.636092424E0,1.353320694E1
3.491698431E1,3.894318938E-1,-1.614557028E0,1.288594818E1
3.493587629E1,5.916253924E-1,-1.017547846E0,1.199821091E1
3.495476827E1,7.746763229E-1,-1.830509305E-1,1.040339470E1
3.497366025E1,9.266205430E-1,4.606183469E-1,9.330213547E0
3.499255223E1,1.144965649E0,5.736792088E-1,8.778069496E0
3.501144421E1,1.311864972E0,2.811566591E-1,9.053842545E0
3.503033619E1,1.277169108E0,1.028913707E-1,9.658628464E0
3.504922817E1,1.324427366E0,7.118647546E-2,9.775279045E0
3.506812014E1,1.086939692E0,7.058826834E-2,9.192028046E0
3.508701207E1,5.156532526E-1,2.309073806E-1,8.572885513E0
3.510590405E1,3.385843933E-1,5.461617708E-1,8.070990562E0
3.512479603E1,2.985046208E-1,6.143572330E-1,7.656434059E0
3.514368801E1,2.578266263E-1,2.536391914E-1,7.645068169E0
3.516257999E1,5.922235921E-2,-1.561316848E-1,8.126026154E0
3.518147197E1,-2.063809484E-1,-2.572284266E-2,9.178269386E0
3.520036395E1,-1.124626622E-1,6.005984545E-1,9.088538170E0
3.521925593E1,3.601198196E-1,1.343569875E0,8.158926964E0
3.523814791E1,9.433703423E-1,1.871187329E0,7.386643410E0
3.525703988E1,9.936196208E-1,1.789831281E0,7.218547821E0
3.527593186E1,3.032902777E-1,1.318445325E0,7.888537884E0
3.529482384E1,-7.339983582E-1,1.044467092E0,8.464012146E0
3.531371582E1,-1.092323542E0,9.780662656E-1,8.075776100E0
3.533260780E1,-6.221339107E-1,1.286740422E0,7.664809227E0
3.535149978E1,7.178467698E-3,1.534995675E0,8.285746574E0
3.537039176E1,2.955136001E-1,1.482951880E0,9.158528328E0
3.538928369E1,6.460621208E-2,1.231705427E0,9.646664619E0
3.540817567E1,-5.479564071E-1,1.109671474E0,9.808777809E0
3.542706764E1,-7.998009920E-1,1.189831018E0,9.799804688E0
3.544595962E1,-4.175475538E-1,1.542174220E0,9.522835732E0
3.546485160E1,9.332008660E-2,1.786840320E0,9.489934921E0
3.548374358E1,2.219343036E-1,1.778465390E0,1.008455086E1
3.550263556E1,1.968096644E-1,1.509871125E0,1.120917797E1
3.552152754E1,-3.589234129E-2,1.075573802E0,1.201974678E1
3.554041952E1,-5.150550604E-1,4.977070987E-1,1.238405323E1
3.555931150E1,-9.332008362E-1,-1.058823988E-1,1.268674564E1
3.557820348E1,-1.061216831E0,-5.575276613E-1,1.373181057E1
3.559709546E1,-1.003789067E0,-1.049252748E0,1.465424442E1
3.561598744E1,-1.202991605E0,-1.369890928E0,1.399502182E1
3.563487942E1,-1.734796405E0,-1.021735311E0,1.169312572E1
3.565377140E1,-2.018944025E0,-4.498506486E-1,9.631709099E0
3.567266338E1,-2.092523336E0,-1.645065546E-1,9.014959335E0
3.569155535E1,-2.125424623E0,-4.271188378E-1,9.613164902E0
3.571044733E1,-2.090728760E0,-8.608179688E-1,1.057747269E1
3.572933931E1,-1.874178290E0,-1.162911773E0,1.079761219E1
3.574823124E1,-1.387238979E0,-1.223330617E0,1.024786091E1
3.576712327E1,-9.768698215E-1,-1.077966571E0,9.702297211E0
3.578601520E1,-6.281159520E-1,-7.465606928E-1,9.614959717E0
3.580490718E1,-5.659025311E-1,-3.379862010E-1,9.266803741E0
3.582379916E1,-7.208378315E-1,5.982056609E-4,8.617152214E0
3.584269114E1,-8.691928387E-1,2.243271172E-1,8.124231339E0
3.586158311E1,-9.738788009E-1,5.006981492E-1,7.689335346E0
3.588047509E1,-9.619147182E-1,7.435696125E-1,7.375875950E0
3.589936707E1,-7.345965505E-1,8.303094506E-1,7.735995770E0
3.591825905E1,-5.934200287E-1,7.770691514E-1,8.483154297E0
3.593715103E1,-4.546363056E-1,6.095715761E-1,8.669795036E0
3.595604301E1,-4.564309120E-1,5.264210105E-1,8.333602905E0
3.597493499E1,-7.040880919E-1,7.226324677E-1,7.914260864E0
3.599382697E1,-8.997012973E-1,1.127617717E0,7.742575645E0
3.601271895E1,-8.590233326E-1,1.363310695E0,7.676175117E0
3.603161093E1,-7.848458290E-1,1.393819213E0,7.720442295E0
3.605050291E1,-7.028916478E-1,1.338784218E0,7.882555962E0
3.606939488E1,-6.885347366E-1,1.317847013E0,8.541778564E0
3.608828686E1,-6.472585201E-1,1.292124271E0,9.090931892E0
3.610717884E1,-4.767699242E-1,1.301097274E0,9.458230019E0
3.612607082E1,-5.641079545E-1,1.377069473E0,9.311071396E0
3.614496280E1,-1.022931695E0,1.463211060E0,8.334799767E0
3.616385478E1,-1.542772412E0,1.555334687E0,7.749155998E0
3.618274676E1,-1.811366796E0,1.549352646E0,8.258827209E0
3.620163874E1,-1.689931035E0,1.547558069E0,9.041878700E0
3.622053072E1,-1.329213023E0,1.557727575E0,9.344570160E0
3.623942270E1,-1.253240824E0,1.654038668E0,9.549755096E0
3.625831468E1,-1.211964726E0,1.632503271E0,1.027059269E1
3.627720666E1,-1.088136077E0,1.242473125E0,1.137009525E1
3.629609864E1,-7.232306600E-1,5.509474277E-1,1.315274811E1
3.631499061E1,-4.283152521E-1,1.094716340E-1,1.483310795E1
3.633388259E1,-4.247260094E-1,-2.416750938E-1,1.480858135E1
3.635277457E1,-2.099701911E-1,-6.969096065E-1,1.307737350E1
3.637166655E1,-6.460621208E-2,-4.977070987E-1,1.252223873E1
3.639055853E1,4.396811724E-1,-6.412764788E-1,1.406441307E1
3.640945051E1,8.602197170E-1,-1.217348576E0,1.479960823E1
3.642834249E1,8.596215248E-1,-1.703091502E0,1.418465233E1
3.644723447E1,3.936193287E-1,-1.438684583E0,1.260180092E1
3.646612645E1,4.546362907E-2,-6.125625968E-1,1.063729286E1
3.648501843E1,5.156532526E-1,3.619144261E-1,9.236295700E0
3.650391035E1,1.249053478E0,1.072582722E0,8.797810555E0
3.652280238E1,1.656431437E0,9.134600163E-1,9.363713264E0
3.654169436E1,1.512862086E0,1.208375469E-1,9.885348320E0
3.656058634E1,6.287141442E-1,-2.033899277E-1,9.661021233E0
3.657947827E1,-2.811566554E-2,-2.392822653E-1,8.903693199E0
3.659837025E1,-2.404786795E-1,-2.632104978E-2,8.142177582E0
3.661726228E1,1.477568001E-1,4.624129832E-1,7.406384468E0
3.663615426E1,7.926225066E-1,1.081555843E0,6.818347931E0
3.665504624E1,1.038485050E0,1.530210137E0,7.128218651E0
3.667393822E1,8.967102766E-1,1.467996716E0,8.081160545E0
3.669283020E1,6.652047038E-1,1.197009563E0,8.005785942E0
3.671172218E1,4.438686073E-1,1.127617717E0,6.895516872E0
3.673061416E1,5.551348329E-1,1.207179070E0,6.778866768E0
3.674950614E1,8.560323119E-1,1.402792215E0,7.591229916E0
3.676839811E1,1.377069473E0,1.535593987E0,8.160123825E0
3.678729009E1,1.360917926E0,1.649851203E0,8.767302513E0
3.680618207E1,8.291130662E-1,1.671386600E0,9.850054741E0
3.682507405E1,2.069791555E-1,1.426720500E0,9.557532310E0
3.684396603E1,-3.912265003E-1,1.552343726E0,8.471788406E0
3.686285801E1,-5.324030519E-1,1.894517303E0,8.966505051E0
3.688174999E1,-2.099701911E-1,2.032104731E0,9.458827972E0
3.690064197E1,-2.691925503E-2,1.954337835E0,9.795019150E0
3.691953395E1,-2.733799815E-1,1.893320918E0,1.007617569E1
3.693842593E1,-1.537388563E-1,1.796411633E0,1.032682419E1
3.695731791E1,1.280160099E-1,1.748555183E0,1.117448139E1
3.697620988E1,4.073780477E-1,1.583450437E0,1.215553856E1
3.699510186E1,3.128615618E-1,1.210170031E0,1.253300667E1
3.701399384E1,-4.414757788E-1,9.541380405E-1,1.219861031E1
3.703288582E1,-1.043868899E0,6.077769399E-1,1.137547874E1
3.705177780E1,-1.072582722E0,2.943171859E-1,1.142453194E1
3.707066978E1,-1.010369420E0,-4.127619043E-2,1.184566879E1
3.708956176E1,-1.375274777E0,-4.145565331E-1,1.185284710E1
3.710845374E1,-2.126022816E0,-6.574280262E-1,1.119601727E1
3.712734572E1,-2.742773056E0,-5.778666735E-1,1.068455124E1
3.714623770E1,-2.799004316E0,-5.880361795E-1,1.013121128E1
3.716512968E1,-2.305484533E0,-5.665007830E-1,9.982257843E0
3.718402166E1,-1.506281853E0,-4.414757788E-1,1.033460140E1
3.720291364E1,-7.357929349E-1,-4.193421602E-1,1.067976570E1
3.722180561E1,-2.440679073E-1,-2.793620527E-1,1.112004471E1
3.724069759E1,-2.135594189E-1,5.682953820E-2,1.069053364E1
3.725958957E1,-2.566302419E-1,5.222335458E-1,9.501898766E0
3.727848155E1,-3.672982752E-1,1.035493970E0,8.407780647E0
3.729737353E1,-3.732803464E-1,1.467398524E0,7.765307903E0
3.731626551E1,-5.072783828E-1,1.739582062E0,7.264609337E0
3.733515749E1,-6.813562512E-1,2.026720762E0,6.947560310E0
3.735404947E1,-8.087740541E-1,2.329412937E0,6.564110756E0
3.737294145E1,-5.802595019E-1,2.045863390E0,5.124827862E0
3.739183343E1,6.161518395E-2,1.418345571E0,4.424329281E0
3.741072541E1,-9.152546525E-2,1.518844128E0,6.790830612E0
3.742961738E1,-8.219345808E-1,1.581057549E0,9.602396965E0
3.744850936E1,-9.696913958E-1,1.365105271E0,1.034297562E1
3.746740134E1,-1.059422255E0,1.371685624E0,8.928817749E0
3.748629332E1,-1.118046403E0,1.586441398E0,8.244470596E0
3.750518530E1,-9.720842242E-1,1.804188251E0,8.484949112E0
3.752407728E1,-6.951149702E-1,1.764108539E0,8.638090134E0
3.754296926E1,-7.010970116E-1,1.594816327E0,8.510073662E0
3.756186124E1,-1.180858016E0,1.624726534E0,8.662615776E0
3.758075322E1,-1.403988719E0,1.713261008E0,9.135198593E0
3.759964520E1,-1.329811215E0,1.710868239E0,9.553942680E0
3.761853718E1,-1.362114310E0,1.719841242E0,9.409176826E0
3.763742916E1,-1.414158225E0,1.841875196E0,9.066405296E0
3.765632114E1,-1.328614831E0,1.947159410E0,8.934800148E0
3.767521317E1,-1.262812138E0,1.971685886E0,8.888737679E0
3.769410514E1,-1.333400369E0,1.952543259E0,9.302696228E0
3.771299712E1,-1.179661512E0,1.666600943E0,1.033759212E1
3.773188910E1,-1.061815023E0,1.288534999E0,1.154178047E1
3.775078108E1,-8.512466550E-1,1.055832982E0,1.234636688E1
3.776967306E1,-3.367897868E-1,7.022934556E-1,1.296132183E1
3.778856504E1,1.453639716E-1,2.943171859E-1,1.355892944E1
3.780745702E1,4.624129832E-1,-1.782652885E-1,1.401236916E1
3.782634900E1,8.111668825E-1,-6.915257573E-1,1.460160160E1
3.784524098E1,1.064806104E0,-1.097707391E0,1.505683613E1
3.786413296E1,9.547362328E-1,-1.220937729E0,1.478764439E1
3.788302494E1,7.704889178E-1,-9.864411354E-1,1.377607822E1
3.790191692E1,6.472585201E-1,-5.635097623E-1,1.201436234E1
3.792080890E1,7.471588850E-1,-3.708875179E-2,1.036032391E1
3.793970088E1,1.155733347E0,5.569294691E-1,9.171689034E0
3.795859285E1,1.482353687E0,8.739784956E-1,8.498109818E0
3.797748483E1,1.345962763E0,6.951149702E-1,8.526823044E0
3.799637681E1,8.859425783E-1,1.328016520E-1,9.162117958E0
3.801526879E1,3.804588020E-1,-6.460621208E-2,9.576076508E0
3.803416082E1,2.129612118E-1,-5.563312769E-2,9.385248184E0
3.805305280E1,4.007977843E-1,1.962114573E-1,9.210572243E0
3.807194478E1,5.904290080E-1,6.023930907E-1,8.678169250E0
3.809083676E1,8.063812256E-1,9.954141974E-1,8.050651550E0
3.810972874E1,9.290133715E-1,1.325623751E0,7.517650604E0
3.812862072E1,9.098708034E-1,1.439282775E0,7.228118896E0
3.814751270E1,9.152546525E-1,1.419542074E0,7.247859955E0
3.816640468E1,8.841479421E-1,1.420738459E0,7.169494629E0
3.818529666E1,8.374879360E-1,1.431506157E0,6.835696220E0
3.820418864E1,1.099501967E0,1.339382529E0,6.769295216E0
3.822308061E1,1.353739381E0,1.200598717E0,6.804589272E0
3.824197259E1,1.290927768E0,1.161117196E0,6.626324177E0
3.826086457E1,9.439685345E-1,1.184447169E0,6.662216663E0
3.827975655E1,6.185446382E-1,1.187438250E0,7.311269760E0
3.829864853E1,6.430711150E-1,1.057627559E0,8.015955925E0
3.831754051E1,8.985049129E-1,8.542376757E-1,8.721240044E0
3.833643254E1,8.901300430E-1,7.441678643E-1,9.531210899E0
3.835532452E1,7.196413875E-1,7.082754970E-1,1.034656525E1
3.837421650E1,8.021938205E-1,6.418746710E-1,1.077906799E1
3.839310848E1,9.397810698E-1,7.357929349E-1,1.018744278E1
3.841200046E1,9.158528447E-1,1.157527924E0,9.473783493E0
3.843089244E1,1.032503009E0,1.621137381E0,9.332606316E0
3.844978442E1,1.166501045E0,1.968694806E0,9.530612946E0
3.846867640E1,9.601200819E-1,1.841277003E0,1.009830952E1
3.848756838E1,5.030909777E-1,1.284347534E0,1.115952682E1
3.850646035E1,-1.728814393E-1,9.062815905E-1,1.203888893E1
3.852535233E1,-6.101697683E-1,7.196413875E-1,1.216331577E1
3.854424431E1,-5.976074338E-1,2.787638307E-1,1.198325539E1
3.856313629E1,-3.367897868E-1,-3.780659735E-1,1.309173107E1
3.858202827E1,-9.571290761E-2,-1.015753269E0,1.520878029E1
3.860092030E1,-6.747759581E-1,-1.696511269E0,1.621257019E1
3.861981228E1,-2.259422779E0,-1.967498422E0,1.538465309E1
3.863870426E1,-3.418745279E0,-1.792822361E0,1.344885921E1
3.865759624E1,-3.558725595E0,-1.376471281E0,1.134497070E1
3.867648822E1,-3.044866800E0,-7.824530005E-1,1.014018440E1
3.869538020E1,-2.349153519E0,-3.248256743E-1,9.977472305E0
3.871427218E1,-1.508076429E0,-5.264210105E-1,1.098126125E1
3.873316416E1,-1.113858938E0,-8.392825127E-1,1.162493038E1
3.875205614E1,-1.152144074E0,-8.309076428E-1,1.078086281E1
3.877094811E1,-1.268794179E0,-7.094719410E-1,9.317052841E0
3.878984009E1,-1.371685624E0,-3.529413342E-1,8.452646255E0
3.880873207E1,-1.277767301E0,7.597211748E-2,8.056633949E0
3.882762405E1,-1.164108157E0,3.050848842E-1,7.426125050E0
3.884651603E1,-1.086341500E0,4.139583111E-1,6.735197544E0
3.886540801E1,-1.150349498E0,4.827519655E-1,6.232106686E0
3.888429999E1,-1.403390527E0,5.234299302E-1,6.087340832E0
3.890319202E1,-1.744367719E0,4.947160780E-1,6.060421467E0
3.892208400E1,-1.810170293E0,4.348955154E-1,6.078966141E0
3.894097598E1,-1.650449395E0,4.546363056E-1,6.250650883E0
3.895986796E1,-1.502094388E0,5.515456200E-1,6.517450809E0
3.897875994E1,-1.175474167E0,5.844469070E-1,7.141977310E0
3.899765192E1,-7.668996453E-1,5.156532526E-1,8.176275253E0
3.901654390E1,-5.844469070E-1,4.432703853E-1,9.427123070E0
3.903543588E1,-8.356932998E-1,5.222335458E-1,1.019043350E1
3.905432785E1,-1.083948612E0,6.921239495E-1,9.868598938E0
3.907321983E1,-9.481559992E-1,1.003789067E0,8.682954788E0
3.909211181E1,-7.878368497E-1,1.365703583E0,8.193622589E0
3.911100379E1,-9.774680734E-1,1.557129383E0,8.529814720E0
3.912989582E1,-1.831705689E0,1.328614831E0,8.821739197E0
3.914878780E1,-2.248655081E0,1.028315544E0,8.414958954E0
3.916767978E1,-1.949552298E0,1.097109199E0,7.687541008E0
3.918657176E1,-1.200598717E0,1.213161111E0,7.339983463E0
3.920546374E1,-8.129615188E-1,1.110867858E0,8.042875290E0
3.922435572E1,-9.254241586E-1,1.001994491E0,9.808179855E0
3.924324770E1,-9.427721500E-1,7.256234884E-1,1.110568810E1
3.926213968E1,-1.183250785E0,5.114658475E-1,1.173141098E1
3.928103166E1,-1.540379524E0,3.816552162E-1,1.218245792E1
3.929992364E1,-9.194421172E-1,2.871387079E-2,1.308574867E1
3.931881561E1,3.541377485E-1,-2.237289101E-1,1.467518139E1
3.933770759E1,1.364507079E0,-3.942175210E-1,1.630828285E1
3.935659962E1,1.872383714E0,-8.434699774E-1,1.704886055E1
3.937549155E1,1.682752490E0,-1.458425403E0,1.712423515E1
3.939438358E1,7.112665176E-1,-1.798206210E0,1.635255051E1
3.941327556E1,-2.183450609E-1,-1.581057549E0,1.433181095E1
3.943216754E1,-3.122633696E-1,-1.434497118E0,1.283809185E1
3.945105952E1,1.268195957E-1,-1.197607756E0,1.202572823E1
3.946995150E1,3.056831062E-1,-6.646065116E-1,1.054636574E1
3.948884348E1,6.257231236E-1,-6.305087805E-1,9.044869423E0
3.950773546E1,1.040279627E0,-8.063812256E-1,8.440083504E0
3.952662744E1,9.613165259E-1,-1.234098315E0,8.480163574E0
3.954551942E1,6.317051649E-1,-9.062815905E-1,8.906085968E0
3.956441140E1,1.033101201E0,-8.907282352E-1,9.173483849E0
3.958330338E1,1.533799291E0,-7.591229677E-1,8.648259163E0
3.960219541E1,1.234098315E0,-5.443671346E-1,7.667799950E0
3.962108738E1,7.274180651E-1,-2.973082066E-1,6.728617191E0
3.963997936E1,2.895315289E-1,3.589234129E-2,6.398407936E0
3.965887134E1,-2.829512656E-1,4.007977843E-1,6.893722057E0
3.967776332E1,-6.717849374E-1,7.345965505E-1,7.382455826E0
3.969665530E1,-5.270192027E-1,6.520441771E-1,7.010372162E0
3.971554728E1,-2.931207791E-2,2.099701911E-1,7.089335442E0
3.973443926E1,3.415754437E-1,1.495514158E-2,7.250252724E0
3.975333124E1,8.374879360E-1,3.218346536E-1,7.413562775E0
3.977222322E1,1.023529887E0,8.847461939E-1,7.808976650E0
3.979111525E1,7.094719410E-1,1.384247899E0,7.727022648E0
3.981000718E1,1.657029688E-1,1.639681697E0,7.685148239E0
3.982889921E1,-1.345962733E-1,1.767697692E0,7.697112083E0
3.984779119E1,-1.525424421E-1,1.952543259E0,8.030312538E0
3.986668317E1,1.872383654E-1,1.873580098E0,8.278568268E0
3.988557515E1,5.503492355E-1,2.053640127E0,8.324031830E0
3.990446712E1,4.001995921E-1,2.592623234E0,8.590831757E0
3.992335910E1,-9.332008660E-2,3.065804005E0,9.022137642E0
3.994225108E1,-1.806581169E-1,3.014956474E0,9.230911255E0
3.996114306E1,-4.893322289E-1,2.860619545E0,9.456435204E0
3.998003504E1,-9.320043921E-1,2.892324448E0,9.323633194E0
3.999892702E1,-7.507480979E-1,2.996412039E0,9.471389771E0
4.001781905E1,-3.349951804E-1,3.078366280E0,9.680762291E0
4.003671103E1,-7.776673883E-2,3.148356438E0,1.042074299E1
4.005560301E1,4.127619043E-2,3.115455151E0,1.098305607E1
4.007449499E1,1.016949583E-2,2.985046148E0,1.111765194E1
4.009338697E1,-7.716853172E-2,3.082553864E0,1.063430214E1
4.011227895E1,1.244267747E-1,3.273381472E0,1.012104130E1
4.013117093E1,4.731806815E-1,3.011965513E0,9.440881729E0
4.015006291E1,-4.785645381E-2,2.998805046E0,8.680562019E0
4.016895488E1,-1.616949916E0,3.526422262E0,8.670392990E0
4.018784686E1,-2.287538528E0,3.343969584E0,8.818747520E0
4.020673884E1,-2.557927370E0,2.764308453E0,8.901300430E0
4.022563082E1,-2.860619545E0,2.539382935E0,9.134002686E0
4.024452285E1,-2.645265341E0,2.571087837E0,9.241081238E0
4.026341483E1,-1.940579176E0,2.417349100E0,9.193224907E0
4.028230681E1,-1.947757602E0,2.715255499E0,9.514460564E0
4.030119879E1,-2.095514536E0,3.001796007E0,9.738189697E0
4.032009077E1,-1.938784599E0,3.111267567E0,9.650852203E0
4.033898275E1,-1.534397483E0,3.142374277E0,9.508479118E0
4.035787473E1,-1.541576028E0,3.030509949E0,9.678369522E0
4.037676671E1,-1.721037745E0,2.940778971E0,9.797411919E0
4.039565869E1,-2.352742910E0,3.179463148E0,8.732605934E0
4.041455067E1,-2.926422119E0,3.125026464E0,7.620542049E0
4.043344264E1,-4.238286972E0,3.162115097E0,5.977869034E0
4.045233462E1,-2.968894720E0,2.682952404E0,8.102695465E0
4.047122666E1,-1.134796143E0,3.448057413E0,9.814760208E0
4.049011864E1,-1.133001566E0,3.719044685E0,9.814162254E0
4.050901061E1,-8.195417523E-1,3.792025566E0,8.219346046E0
4.052790259E1,-3.238087177E0,3.527618885E0,7.673782349E0
4.056322192E1,-2.095514536E0,2.437688112E0,9.988240242E0
4.058211385E1,-2.498705149E0,2.368894339E0,1.055294609E1
4.060100573E1,-2.219941139E0,2.347358942E0,1.071565819E1
4.061989760E1,-1.738983870E0,2.397010088E0,9.932008743E0
4.063878948E1,-1.496710539E0,2.867199659E0,8.711668968E0
4.065768140E1,-1.535593987E0,3.208775282E0,7.955537319E0
4.067657328E1,-1.636092424E0,3.178266764E0,7.943572998E0
4.069546515E1,-1.858624935E0,2.836691141E0,8.312067986E0
4.071435703E1,-2.311466694E0,2.672184706E0,9.238089561E0
4.073324896E1,-1.962712765E0,2.533999205E0,9.766305923E0
4.075214083E1,-1.528415442E0,2.631506681E0,9.666405678E0
4.077103270E1,-1.380658627E0,2.801995277E0,9.352347374E0
4.078992458E1,-1.056431174E0,2.813959360E0,8.829515457E0
4.080881646E1,-1.041476011E0,3.068196774E0,8.892925262E0
4.082770838E1,-7.441678643E-1,3.056830883E0,8.985647202E0
4.084660026E1,-9.212366939E-1,2.898904562E0,8.959325790E0
4.086549213E1,-1.563709617E0,2.992224693E0,8.722436905E0
4.088438401E1,-1.788036704E0,3.245265722E0,8.816953659E0
4.090327588E1,-1.686939955E0,3.507279873E0,9.149555206E0
4.092216781E1,-1.582253933E0,3.638286829E0,9.110074043E0
4.094105968E1,-1.376471281E0,3.476173162E0,8.771489143E0
4.095995156E1,-1.226321578E0,3.524627686E0,8.876773834E0
4.097884343E1,-9.296116233E-1,3.594617844E0,9.382855415E0
4.099773531E1,-5.922235847E-1,3.665804386E0,1.028435135E1
4.101662724E1,-3.481557071E-1,3.515056372E0,1.084786129E1
4.103551911E1,4.073780477E-1,2.575873613E0,1.002054310E1
4.105441099E1,3.912265003E-1,1.931606054E0,9.026325226E0
4.107330291E1,-1.181456208E0,2.438286304E0,9.405587196E0
4.109219479E1,-1.977069736E0,2.825325251E0,1.090289593E1
4.111108666E1,-1.288534999E0,3.117847919E0,1.157946682E1
4.112997854E1,2.021935135E-1,2.751147747E0,1.100399303E1
4.114887041E1,2.396411896E0,1.255035520E0,9.077771187E0
4.116776234E1,2.478366137E0,1.133001566E0,1.003549862E1
4.118665422E1,5.904290080E-1,2.176870346E0,1.125942707E1
4.120554609E1,1.758724600E-1,2.258824587E0,1.076411247E1
4.122443797E1,3.828516304E-1,1.861616015E0,1.020359421E1
4.124332989E1,1.199402332E0,9.475577474E-1,8.001599312E0
4.126222177E1,6.747759581E-1,6.993024349E-1,7.713861942E0
4.128111364E1,-7.369893789E-1,1.307079315E0,9.580264091E0
4.130000552E1,-6.394818425E-1,2.291127682E0,1.047278690E1
4.131889739E1,9.200403094E-1,2.924627542E0,1.091725349E1
4.133778932E1,1.888535261E0,2.880360365E0,1.022512913E1
4.135668120E1,2.140379906E0,2.347358942E0,8.420941353E0
4.137557307E1,7.339983582E-1,1.791625977E0,8.442476273E0
4.139446494E1,-1.424327731E0,2.578864574E0,9.577870369E0
4.141335687E1,-1.823929071E0,2.327618122E0,9.669994354E0
4.143224875E1,-3.116651475E-1,2.203191519E0,9.646066666E0
4.145114062E1,4.887340367E-1,1.953739643E0,8.966505051E0
4.147003255E1,7.686942816E-1,1.907677889E0,8.703892708E0
4.148892442E1,3.152543902E-1,2.306680918E0,9.064012527E0
4.150781630E1,7.298108935E-2,2.704487801E0,9.466604233E0
4.152670817E1,4.582255483E-1,3.011367321E0,9.734601021E0
4.154560010E1,9.296116233E-1,3.180659533E0,9.345169067E0
4.156449198E1,1.225723386E0,2.645265341E0,8.875576973E0
4.158338385E1,8.979067206E-1,2.496910334E0,8.846264839E0
4.160227573E1,-4.965107143E-2,2.681157827E0,9.253045082E0
4.162116765E1,-8.225327730E-1,3.076571703E0,9.500103951E0
4.164005953E1,-7.004988194E-1,3.086143017E0,1.021436119E1
4.165895140E1,-1.854437590E-2,2.665006161E0,1.168475151E1
4.167784328E1,5.862415582E-2,2.283350945E0,1.362413406E1
4.169673520E1,-1.447657645E-1,1.609771490E0,1.522014618E1
4.171562708E1,7.058826834E-2,4.683950245E-1,1.596072483E1
4.173451896E1,2.410768867E-1,1.429711580E-1,1.519861126E1
4.175341088E1,-2.392822644E-3,7.244270444E-1,1.308694553E1
4.177230276E1,-1.633101404E-1,8.021938205E-1,1.041236782E1
4.179119463E1,-3.008974493E-1,8.015955687E-1,7.904091358E0
4.181008656E1,-1.292124271E0,9.242277741E-1,6.639484406E0
4.182897843E1,-2.257030010E0,1.117448211E0,6.954140663E0
4.184787031E1,-2.509472847E0,1.279561877E0,8.233104706E0
4.186676218E1,-1.728814363E0,1.043270707E0,9.433703423E0
4.188565411E1,6.101697683E-2,7.645068169E-1,1.074497032E1
4.190454599E1,1.112662554E0,4.660021961E-1,1.125823021E1
4.192343786E1,7.519445419E-1,7.932206988E-1,1.138504982E1
4.194232979E1,2.297109663E-1,1.175474167E0,1.039860916E1
4.196122166E1,1.495514158E-2,1.144965649E0,8.836693764E0
4.198011354E1,-2.410768867E-1,1.060618639E0,7.416553974E0
4.199900547E1,-3.720839322E-1,1.189232826E0,6.796214581E0
4.201789734E1,-8.985049129E-1,1.749153376E0,6.286543369E0
4.203678922E1,-9.942178130E-1,2.352742910E0,6.046064377E0
4.205568109E1,-9.942178130E-1,2.521436930E0,6.196214199E0
4.207457302E1,-8.650053740E-1,2.283350945E0,6.340381622E0
4.209346489E1,-7.010970116E-1,1.989033818E0,6.719644070E0
4.211235677E1,-5.784648657E-1,1.762313843E0,7.360920429E0
4.213124870E1,-5.688936114E-1,1.369890928E0,8.276175499E0
4.215014057E1,-6.544370055E-1,8.572286963E-1,1.028016472E1
4.216903245E1,-4.247260094E-1,4.630111754E-1,1.188215923E1
4.218792437E1,-2.464607358E-1,3.918247223E-1,1.289372444E1
4.220681625E1,-7.238288224E-2,2.578266263E-1,1.338724422E1
4.222570812E1,5.090730190E-1,1.274178028E-1,1.340818214E1
4.224460005E1,8.799605370E-1,2.338984162E-1,1.260838032E1
4.226349192E1,5.844469070E-1,4.043870270E-1,1.164407349E1
4.228238380E1,1.088734269E-1,3.553341627E-1,1.117089272E1
4.230127573E1,-3.954139352E-1,4.187439680E-1,1.183250809E1
4.232016760E1,-5.413761139E-1,3.714857101E-1,1.353859043E1
4.233905953E1,3.349951804E-1,3.828516304E-1,1.466082478E1
4.235795140E1,1.729412556E0,5.718846321E-1,1.330588818E1
4.237684328E1,2.240878344E0,7.561319470E-1,1.074855900E1
4.239573520E1,1.733001828E0,7.148557901E-1,8.281558990E0
4.241462708E1,8.673982024E-1,7.908278704E-1,7.229913712E0
4.243351896E1,2.464607358E-1,8.853443861E-1,7.823931694E0
4.245241088E1,2.159522474E-1,8.165507317E-1,9.172286987E0
4.247130276E1,6.065805554E-1,8.093722463E-1,1.038724327E1
4.249019463E1,1.202991605E0,7.489534616E-1,1.033579731E1
4.250908656E1,1.595414519E0,6.526423693E-1,9.169296265E0
4.252797843E1,1.024726272E0,9.469595551E-1,7.557730198E0
4.254687031E1,5.156532526E-1,1.377667665E0,6.507281303E0
4.256576224E1,-2.189432681E-1,1.670788407E0,6.470192432E0
4.258465411E1,-6.125625968E-1,1.688734531E0,6.607779503E0
4.260354604E1,-2.159522474E-1,1.357328653E0,6.125626087E0
4.262243791E1,6.089733839E-1,7.609176040E-1,5.301298618E0
4.264132979E1,5.539384484E-1,3.655036688E-1,5.674578667E0
4.266022172E1,1.932204217E-1,5.431707501E-1,8.082955360E0
4.267911359E1,3.320041299E-1,1.179661512E0,9.777671814E0
4.269800547E1,9.218349457E-1,1.048654556E0,9.451649666E0
4.271689739E1,1.038485050E0,5.359922647E-1,9.286544800E0
4.273578927E1,-6.340979785E-2,6.442674994E-1,8.928219795E0
4.275468120E1,-9.206385016E-1,1.020538807E0,8.635098457E0
4.277357307E1,-9.361918569E-1,1.495514154E0,8.964112282E0
4.279246495E1,7.956135273E-2,1.826321840E0,1.047218800E1
4.281135687E1,1.415354609E0,1.771286964E0,1.228415298E1
4.283024875E1,1.668993831E0,1.427916884E0,1.323829174E1
4.284914067E1,6.215356588E-1,8.171489239E-1,1.330648708E1
4.286803255E1,-1.316052526E-1,3.014956415E-1,1.303729439E1
4.288692442E1,-4.223332107E-1,7.417750359E-2,1.313121223E1
4.290581630E1,-2.608176768E-1,-1.525424421E-1,1.351167107E1
4.292470823E1,1.100698411E-1,-5.312066078E-1,1.360080433E1
4.294360010E1,-8.763712645E-1,-4.085744619E-1,1.339681530E1
4.296249203E1,-1.746162295E0,-9.469595551E-1,1.235833073E1
4.298138390E1,-2.163709879E0,-1.426122308E0,1.133958626E1
4.300027583E1,-2.408974171E0,-1.348355532E0,1.031007481E1
4.301916770E1,-1.844866276E0,-9.870393276E-1,9.692128181E0
4.303805958E1,-7.657032609E-1,-8.171489239E-1,9.806385040E0
4.305695151E1,-5.862415582E-2,-8.817551732E-1,1.037647533E1
4.307584338E1,3.469592705E-2,-1.124028444E0,1.046142101E1
4.309473531E1,-3.667000830E-1,-1.336391449E0,9.525228500E0
4.311362718E1,-1.192223907E0,-1.189232826E0,8.423334122E0
4.313251911E1,-1.650449395E0,-7.824530005E-1,7.970492363E0
4.315141099E1,-1.555334687E0,-2.542374134E-1,7.677371502E0
4.317030286E1,-1.348355532E0,2.644068897E-1,7.039085865E0
4.318919479E1,-1.139581800E0,6.197410822E-1,6.485745907E0
4.320808666E1,-1.210768223E0,7.184450030E-1,6.216553211E0
4.322697859E1,-1.301695466E0,6.137589812E-1,6.262016773E0
4.324587047E1,-1.337587833E0,5.503492355E-1,6.378068924E0
4.326476234E1,-1.240080357E0,5.611169338E-1,6.341578007E0
4.328365427E1,-8.333004713E-1,5.994020700E-1,6.069993019E0
4.330254614E1,-4.354937077E-1,6.436693072E-1,5.717051506E0
4.332143807E1,-3.720839322E-1,9.427721500E-1,5.953342915E0
4.334032995E1,-4.019941986E-1,1.118046403E0,6.550352097E0
4.335922187E1,-2.620140910E-1,9.828519225E-1,8.103892326E0
4.337811375E1,-1.369891018E-1,5.940182209E-1,1.025862885E1
4.339700567E1,-2.997010350E-1,9.272187948E-2,1.187198925E1
4.341589755E1,-7.812566161E-1,-2.578266263E-1,1.162493038E1
4.343478942E1,-1.235294700E0,5.982056726E-3,1.021974564E1
4.345368135E1,-1.096511006E0,5.485545993E-1,9.257232666E0
4.347257323E1,-7.591229677E-1,9.116654396E-1,9.567103386E0
4.349146515E1,-9.792626500E-1,1.043270707E0,1.112901783E1
4.351035703E1,-9.320043921E-1,5.509474277E-1,1.319821167E1
4.352924896E1,-6.675975323E-1,-1.537388563E-1,1.430967808E1
4.354814083E1,-2.464607358E-1,-6.454638839E-1,1.451964760E1
4.356703276E1,3.960121572E-1,-7.968099117E-1,1.335613823E1
4.358592463E1,1.000798106E0,-4.636093974E-1,1.326939774E1
4.360481656E1,2.476571321E0,-4.743770957E-1,1.490130329E1
4.362370843E1,2.924029350E0,-1.479960799E0,1.600020599E1
4.364260036E1,1.569093466E0,-2.502294302E0,1.610608864E1
4.366149224E1,-1.806581169E-1,-2.733799934E0,1.448854065E1
4.368038416E1,-6.807580590E-1,-2.268395901E0,1.168714428E1
4.369927604E1,2.111666054E-1,-1.470987678E0,9.581459999E0
4.371816797E1,9.421738982E-1,-5.778666735E-1,7.922037601E0
4.373705984E1,1.129412293E0,-2.578266263E-1,7.441080093E0
4.375595177E1,1.484148264E0,-7.441678643E-1,8.965308189E0
4.377484364E1,1.583450437E0,-1.064207911E0,1.042433167E1
4.379373557E1,1.029511929E0,-1.072582722E0,1.017428207E1
4.381262745E1,3.744767308E-1,-7.597211599E-1,8.920442581E0
4.383151937E1,2.614158690E-1,-3.786641955E-1,7.512266636E0
4.385041125E1,4.905286431E-1,1.226321608E-1,6.573681831E0
4.386930317E1,6.472585201E-1,5.718846321E-1,6.090332031E0
4.388819505E1,5.180460811E-1,4.827519655E-1,6.016752720E0
4.390708698E1,2.859423161E-1,2.189432681E-1,6.413362980E0
4.392597885E1,-5.204389244E-2,1.692921966E-1,6.692126751E0
4.394487078E1,-7.776673883E-2,2.087737769E-1,6.925426960E0
4.396376271E1,6.699903309E-2,4.091726840E-1,7.248457909E0
4.398265458E1,-1.615155302E-2,7.034898400E-1,7.209574699E0
4.400154651E1,3.409772366E-2,9.074779749E-1,7.154539585E0
4.402043838E1,4.121637046E-1,1.025922656E0,7.926225185E0
4.403933031E1,5.916253924E-1,1.167099237E0,9.813564301E0
4.405822218E1,7.902296782E-1,1.116251707E0,1.246840096E1
4.407711411E1,4.642075896E-1,8.350951076E-1,1.361157131E1
4.409600599E1,-1.004985452E0,6.346961856E-1,1.244267750E1
4.411489791E1,-1.853839397E0,6.436693072E-1,1.078385353E1
4.413378979E1,-1.450648785E0,8.955138922E-1,9.707681656E0
4.415268172E1,-4.109672904E-1,1.555932879E0,9.293723106E0
4.417157364E1,5.048855543E-1,1.942373753E0,9.398408890E0
4.419046552E1,4.869394004E-1,1.722832322E0,9.405587196E0
4.420935744E1,-2.883351147E-1,9.559326172E-1,9.741181374E0
4.422824932E1,-8.697910309E-1,3.194418252E-1,1.111167049E1
4.424714125E1,-1.236491084E0,-2.488535494E-1,1.282852077E1
4.426603312E1,-1.655235052E0,-7.956135273E-1,1.399143219E1
4.428492505E1,-2.347957134E0,-1.045663476E0,1.407338619E1
4.430381698E1,-2.788236618E0,-9.858429432E-1,1.300080395E1
4.432270885E1,-2.629113913E0,-7.226324677E-1,1.150828075E1
4.434160078E1,-2.035095692E0,-4.450650215E-1,1.057029438E1
4.436049265E1,-1.389631748E0,-2.805584669E-1,9.882357597E0
4.437938458E1,-7.830511928E-1,-9.930214286E-2,9.433105469E0
4.439827651E1,-1.884347796E-1,1.776670814E-1,9.196215630E0
4.441716838E1,-2.991028316E-2,5.641079545E-1,8.580063820E0
4.443606031E1,-1.848455518E-1,9.822536707E-1,7.803592682E0
4.445495218E1,-2.620140910E-1,1.222732425E0,7.412366390E0
4.447384411E1,-3.894318938E-1,1.363908887E0,7.449455261E0
4.449273599E1,-5.623133183E-1,1.325623751E0,7.729415417E0
4.451162791E1,-1.010967612E0,1.240080357E0,8.132605553E0
4.453051984E1,-1.489532113E0,1.158126116E0,8.173283577E0
4.454941172E1,-1.415354609E0,9.756734371E-1,7.283751965E0
4.456830364E1,-1.086341500E0,1.069591761E0,6.239284992E0
4.458719552E1,-7.842476368E-1,1.252044439E0,6.518647194E0
4.460608745E1,-8.709874153E-1,1.245464206E0,8.061419487E0
4.462497937E1,-1.454237938E0,9.517452121E-1,9.278169632E0
4.464387125E1,-1.852642894E0,5.294120312E-1,9.933204651E0
4.466276317E1,-1.681556106E0,3.038884699E-1,9.952945709E0
4.468165505E1,-1.149153113E0,5.174478889E-1,9.668798447E0
4.470054698E1,-4.109672904E-1,7.704889178E-1,9.222537041E0
4.471943890E1,-2.506481707E-1,8.440681696E-1,8.279764175E0
4.473833078E1,-1.187438250E0,9.493523836E-1,8.226524353E0
4.475722271E1,-2.109871387E0,1.185643673E0,9.062217712E0
4.477611463E1,-1.926820397E0,9.391828775E-1,9.284749985E0
4.479500651E1,-1.617548108E0,7.106683254E-1,1.037707329E1
4.481389843E1,-1.588834286E0,7.280163169E-1,1.198505020E1
4.483279036E1,-1.389033556E0,6.532405615E-1,1.321137238E1
4.485168224E1,-1.223928809E0,3.302095234E-1,1.350568962E1
4.487057416E1,-1.062413216E0,2.321037948E-1,1.263290691E1
4.488946609E1,-7.836494446E-1,3.810569942E-1,1.129890823E1
4.490835797E1,4.845465720E-2,2.697907388E-1,1.068036366E1
4.492724989E1,1.085743308E0,5.258227587E-1,1.184447193E1
4.494614182E1,2.434697151E0,1.155733347E0,1.362832165E1
4.496503370E1,3.796213150E0,1.259821177E0,1.432702541E1
4.498392562E1,3.929612875E0,5.892325640E-1,1.403031540E1
4.500281755E1,2.848655462E0,-1.764706671E-1,1.312702465E1
4.502170942E1,1.152742267E0,-5.539384484E-1,1.149870968E1
4.504060135E1,-1.591227055E-1,-6.185446382E-1,9.857831001E0
4.505949328E1,-4.552344978E-1,-3.912265003E-1,9.297312737E0
4.507838515E1,-2.069791555E-1,5.922235921E-2,9.579067230E0
4.509727708E1,1.348953724E0,1.142572761E0,1.076411247E1
4.511616901E1,2.587837696E0,7.208378315E-1,1.131685448E1
4.513506088E1,3.082553864E0,9.080761671E-1,1.091486073E1
4.515395281E1,2.313261271E0,3.696911037E-1,9.148957253E0
4.517284474E1,8.560323119E-1,-1.124626622E-1,7.418348312E0
4.519173666E1,-6.634100676E-1,4.905286431E-2,6.242874146E0
4.521062854E1,-1.479960799E0,5.491527915E-1,6.124429703E0
4.522952047E1,-9.511470199E-1,9.846464992E-1,6.544968128E0
4.524841239E1,-7.776673883E-2,1.496112347E0,7.094120979E0
4.526730432E1,3.996013701E-1,1.868196249E0,6.778866768E0
4.528619620E1,7.567301393E-1,1.653440475E0,6.711867332E0
4.530508812E1,8.165507317E-1,1.433898926E0,7.066005230E0
4.532398005E1,7.112665176E-1,1.423131227E0,6.825526714E0
4.534287192E1,5.258227587E-1,1.621137381E0,6.686742783E0
4.536176385E1,6.119644046E-1,2.053640127E0,6.728019238E0
4.538065578E1,5.730810165E-1,2.340778828E0,7.265207767E0
4.539954770E1,2.135594189E-1,2.133799553E0,7.686942577E0
4.541843958E1,6.281159073E-2,1.539183140E0,7.726424217E0
4.543733151E1,-5.144568533E-2,1.298704505E0,8.308478355E0
4.545622343E1,-1.878365725E-1,1.475175142E0,9.415757179E0
4.547511531E1,-3.768695518E-2,1.594816327E0,9.921838760E0
4.549400724E1,3.684946895E-1,1.767099500E0,9.374481201E0
4.551289916E1,6.927221417E-1,2.127817631E0,8.508278847E0
4.553179109E1,8.799605370E-1,2.288734913E0,8.166703224E0
4.555068297E1,8.105686903E-1,2.332403898E0,8.946763992E0
4.556957489E1,9.110672474E-1,2.410768747E0,1.074377346E1
4.558846682E1,8.799605370E-1,2.419143677E0,1.152084255E1
4.560735875E1,4.486542344E-1,2.533999205E0,1.080179977E1
4.562625062E1,1.495514214E-1,2.866003275E0,9.714262009E0
4.564514255E1,1.914258152E-1,3.440878868E0,9.588040352E0
4.566403448E1,1.118644550E-1,3.550350666E0,1.111047363E1
4.568292640E1,1.489532143E-1,2.778067112E0,1.404826164E1
4.570181833E1,8.099704385E-1,1.481157184E0,1.727677727E1
4.572071020E1,9.613165259E-1,3.744767308E-1,1.890270042E1
4.573960213E1,8.285148144E-1,-1.041476011E0,1.746521187E1
4.575849406E1,3.433700502E-1,-1.938186288E0,1.480140305E1
4.577738599E1,4.247260094E-2,-1.858026743E0,1.385863018E1
4.579627791E1,5.820540786E-1,-1.634297848E0,1.411466217E1
4.581516979E1,6.963114142E-1,-1.566700578E0,1.298704529E1
4.583406172E1,-4.510470629E-1,-1.158724308E0,1.161236858E1
4.585295364E1,-7.483552694E-1,-1.137787223E0,1.058764172E1
4.587184557E1,-7.040880919E-1,-1.264008522E0,1.005823040E1
4.589073750E1,-6.484549642E-1,-1.137188911E0,9.942177773E0
4.590962937E1,4.408775866E-1,-2.099701911E-1,8.853444099E0
4.592852130E1,2.991028363E-3,-1.313061476E0,7.845467091E0
4.594741323E1,-6.179464459E-1,-5.132604837E-1,7.397411346E0
4.596630515E1,-9.212367237E-2,-5.880361795E-1,7.982456207E0
4.598519708E1,4.223332107E-1,-6.610172391E-1,8.912068367E0
4.600408896E1,5.288137794E-1,-5.192425251E-1,8.845068932E0
4.602298088E1,1.196411345E-2,-3.349951804E-1,8.290532112E0
4.604187281E1,-2.195414752E-1,-2.440679073E-1,7.631907940E0
4.606076474E1,-4.660021961E-1,-2.572284266E-2,7.570890903E0
4.607965661E1,-5.545366406E-1,1.794617064E-2,8.139185905E0
4.609854854E1,-3.589234054E-1,-1.639083475E-1,8.313263893E0
4.611744047E1,-5.455635786E-1,-1.974078715E-1,8.727222443E0
4.613633239E1,-8.183453679E-1,-2.410768867E-1,9.153144836E0
4.615522432E1,-1.250848055E0,-1.076770201E-1,8.744570732E0
4.617411625E1,-1.259821177E0,4.905286431E-2,7.895118237E0
4.619300812E1,-7.848458290E-1,3.385843933E-1,7.299305439E0
4.621190005E1,-2.386840582E-1,6.143572330E-1,7.506882668E0
4.623079198E1,0.000000000E0,5.982056856E-1,7.593622684E0
4.624968390E1,-1.333998591E-1,5.940182209E-1,7.574480057E0
4.626857583E1,-6.580262631E-2,4.683950245E-1,7.755736351E0
4.628746776E1,-3.290131092E-1,6.101697683E-1,8.621339798E0
4.630635963E1,-4.719842672E-1,8.925228715E-1,9.407382011E0
4.632525156E1,-4.342973232E-1,9.140582681E-1,9.282955170E0
4.634414349E1,-8.512466550E-1,9.888339639E-1,8.557332039E0
4.636303541E1,-1.431506157E0,1.315454245E0,8.477770805E0
4.638192734E1,-1.667797327E0,1.493121386E0,8.933005333E0
4.640081927E1,-1.720439434E0,1.447657704E0,9.291928291E0
4.641971120E1,-1.783251047E0,1.319043517E0,8.876773834E0
4.643860312E1,-1.830509305E0,1.323230863E0,7.975277901E0
4.645749500E1,-1.573280931E0,1.437488198E0,7.126423836E0
4.647638692E1,-8.285148144E-1,1.707278967E0,7.104888439E0
4.649527885E1,-1.250249892E-1,1.945963025E0,7.409375191E0
4.651417078E1,3.391826153E-1,2.065006018E0,8.467002869E0
4.653306271E1,4.402793646E-1,1.997408748E0,9.848857880E0
4.655195463E1,1.106680483E-1,1.777867198E0,1.033160973E1
4.657084656E1,-1.363908947E-1,1.369890928E0,1.023948669E1
4.658973849E1,-1.537388563E-1,1.263410330E0,1.071864891E1
4.660863036E1,2.297109663E-1,9.744769931E-1,1.152503014E1
4.662752229E1,1.117448211E0,1.668993831E-1,1.330947781E1
4.664641422E1,1.577468276E0,-7.046862841E-1,1.592303848E1
4.666530614E1,1.453041553E0,-1.357328653E0,1.751187325E1
4.668419807E1,8.392825127E-1,-1.490728498E0,1.651585960E1
4.670309000E1,3.469592929E-1,-1.004985452E0,1.416909885E1
4.672198192E1,4.145565331E-1,-4.947160780E-1,1.228594780E1
4.674087385E1,6.460621357E-1,4.965107143E-2,1.164885902E1
4.675976578E1,8.027920127E-1,2.751746178E-1,1.244626713E1
4.677865771E1,1.528415442E0,-1.375873014E-2,1.347338581E1
4.679754958E1,1.607976794E0,-3.667000830E-1,1.217946720E1
4.681644151E1,1.307079315E0,-3.517449200E-1,9.911669731E0
4.683533343E1,1.378265858E0,-2.578266263E-1,8.904889107E0
4.685422536E1,9.038887620E-1,6.580262184E-1,7.705487251E0
4.687311729E1,9.098708034E-1,1.424925923E0,6.181857109E0
4.689200922E1,1.149751306E0,1.356132269E0,6.229115486E0
4.691090114E1,6.675975323E-1,1.278365493E0,6.252445698E0
4.692979307E1,4.438686073E-1,1.103091240E0,5.530411243E0
4.694868500E1,1.483550072E-1,1.058824062E0,6.178267956E0
4.696757692E1,-9.032905847E-2,1.217946768E0,7.437490940E0
4.698646885E1,-6.101697683E-2,1.344766378E0,8.013563156E0
4.700536078E1,4.396811724E-1,1.295713425E0,7.862216949E0
4.702425265E1,1.053440213E0,1.192822099E0,7.473383427E0
4.704314458E1,1.439880967E0,1.154536963E0,7.226324558E0
4.706203651E1,1.533201098E0,1.311864972E0,7.991429329E0
4.708092843E1,1.369890928E0,1.432702541E0,8.619544983E0
4.709982036E1,1.030110121E0,1.402194023E0,8.361120224E0
4.711871229E1,4.540380836E-1,1.435693622E0,7.957331657E0
4.713760422E1,1.064806059E-1,1.526022673E0,8.227720261E0
4.715649614E1,4.426721931E-1,1.381256819E0,8.220541954E0
4.717538807E1,2.422732860E-1,1.834696770E0,8.414958954E0
4.719428000E1,1.124626622E-1,2.061416626E0,8.271389961E0
4.721317192E1,2.560320199E-1,1.843669891E0,8.775078773E0
4.723206385E1,3.918247223E-1,1.489532113E0,9.686744690E0
4.725095578E1,3.840480447E-1,1.231705427E0,1.030409241E1
4.726984771E1,2.404786795E-1,1.000199914E0,1.093878841E1
4.728873963E1,4.785645287E-3,9.152546525E-1,1.124746323E1
4.730763151E1,-1.399801224E-1,9.864411354E-1,1.151545906E1
4.732652349E1,-4.666004330E-2,1.047458172E0,1.197787189E1
4.734541536E1,0.000000000E0,9.068797827E-1,1.310967731E1
4.736430729E1,2.662015259E-1,3.337987661E-1,1.405185127E1
4.738319922E1,1.549352705E-1,-3.206382394E-1,1.416551018E1
4.740209114E1,-5.694918036E-1,-5.958128572E-1,1.354816151E1
4.742098307E1,-1.323829174E0,-6.340979934E-1,1.203948689E1
4.743987500E1,-1.612164259E0,-5.682953596E-1,1.076471043E1
4.745876692E1,-1.786840320E0,-1.585244983E-1,1.058345413E1
4.747765885E1,-1.680359721E0,3.936193287E-1,1.069711399E1
4.749655078E1,-1.275972724E0,7.495517135E-1,1.065404320E1
4.751544271E1,-7.872386575E-1,5.575276613E-1,1.022692394E1
4.753433463E1,-6.825526357E-1,2.255235314E-1,9.925428391E0
4.755322656E1,-9.170492887E-1,1.298106313E-1,1.000678444E1
4.757211849E1,-9.702895880E-1,1.088734269E-1,1.013719273E1
4.759101041E1,-7.914260626E-1,1.812563092E-1,9.704092026E0
4.760990234E1,-5.300102234E-1,3.984049559E-1,8.364709854E0
4.762879427E1,-6.143572330E-1,6.717849374E-1,6.619743824E0
4.764768620E1,-1.122832060E0,9.535398483E-1,5.693123341E0
4.766657812E1,-1.566700578E0,1.113260746E0,6.136393547E0
4.768547005E1,-1.780858278E0,1.094118118E0,7.387241840E0
4.770436198E1,-1.587637782E0,8.961120844E-1,8.538188934E0
4.772325390E1,-1.268794179E0,6.849454641E-1,1.004327488E1
4.774214583E1,-8.201399446E-1,4.725824594E-1,9.334999084E0
4.776103776E1,-8.841479421E-1,4.319044948E-1,8.542975426E0
4.777992968E1,-1.164706469E0,7.716853023E-1,7.773084164E0
4.779882161E1,-1.152742267E0,1.214955688E0,7.377072334E0
4.781771354E1,-1.043868899E0,1.575075507E0,7.520641804E0
4.783660541E1,-9.415757060E-1,1.590030670E0,8.013563156E0
4.785549739E1,-6.269195080E-1,1.325025558E0,9.043673515E0
4.787438932E1,-7.220342159E-1,1.177268744E0,9.625727654E0
4.789328125E1,-1.015154958E0,9.708877802E-1,9.583254814E0
4.791217317E1,-1.219143152E0,9.044869542E-1,8.971888542E0
4.793106510E1,-1.606780410E0,1.153340459E0,8.557929993E0
4.794995703E1,-1.887338877E0,1.491326690E0,8.454441071E0
4.796884896E1,-1.990230203E0,1.699502230E0,8.588438988E0
4.798774083E1,-1.874776483E0,1.686341763E0,9.228518486E0
4.800663281E1,-1.584646821E0,1.584048629E0,9.901499748E0
4.802552474E1,-1.300499082E0,1.468594909E0,1.078863907E1
4.804441666E1,-1.011565804E0,1.365105271E0,1.185523987E1
4.806330859E1,-6.047859192E-1,1.218544960E0,1.247498131E1
4.808220052E1,-4.013960063E-1,1.084546804E0,1.229432297E1
4.810109245E1,-3.948157430E-1,1.009172916E0,1.183250809E1
4.811998437E1,-2.422732860E-1,1.036690354E0,1.148674488E1
4.813887630E1,-1.112662554E-1,1.035493970E0,1.150349522E1
4.815776823E1,-2.135594189E-1,8.542376757E-1,1.215553856E1
4.817666015E1,-8.841479421E-1,6.658028960E-1,1.342313671E1
4.819555208E1,-1.281954765E0,5.132604837E-1,1.470210075E1
4.821444401E1,-1.014556766E0,3.194418252E-1,1.547857189E1
4.823333593E1,-1.250249892E-1,1.579262912E-1,1.539781380E1
4.825222786E1,9.643075466E-1,6.999006122E-2,1.458664703E1
4.827111979E1,1.946561217E0,-1.974078640E-2,1.268794250E1
4.829001172E1,2.570489645E0,2.237289101E-1,1.062473106E1
4.830890364E1,2.356332064E0,9.942178130E-1,9.821938515E0
4.832779557E1,2.266601324E0,1.546959877E0,9.348159790E0
4.834668750E1,2.415554523E0,1.388435364E0,8.837890625E0
4.836557942E1,2.614158630E0,1.068993568E0,8.369495392E0
4.838447135E1,2.520240545E0,1.140778184E0,8.496315002E0
4.840336328E1,1.320838094E0,3.631108403E-1,8.386244774E0
4.842225521E1,-1.734796464E-1,9.397810698E-1,8.279764175E0
4.844114713E1,-1.100698411E-1,1.221535921E0,7.299903870E0
4.846003906E1,7.830511928E-1,1.022931695E0,6.377470493E0
4.847893099E1,1.378864050E0,9.840483069E-1,5.733202934E0
4.849782291E1,1.201795220E0,1.317248821E0,5.108078003E0
4.851671484E1,6.819544435E-1,1.854437590E0,5.324628353E0
4.853560682E1,1.968096644E-1,2.157129526E0,6.344569206E0
4.855449875E1,5.491527915E-1,2.085943222E0,6.994220734E0
4.857339067E1,1.212562919E0,1.920838356E0,7.677371502E0
4.859228260E1,1.652842283E0,1.822732687E0,7.796414375E0
4.861117453E1,2.097309113E0,1.773081541E0,7.436892986E0
4.863006646E1,1.862214208E0,1.742573142E0,7.141379356E0
4.864895838E1,1.084546804E0,1.724626899E0,7.253841877E0
4.866785031E1,2.787638307E-1,1.762912035E0,7.742575645E0
4.868674224E1,-1.411765367E-1,1.966302037E0,8.117053032E0
4.870563416E1,-1.770688742E-1,2.355135679E0,8.484351158E0
4.872452609E1,3.762713671E-1,2.627917528E0,8.187641144E0
4.874341802E1,7.226324677E-1,2.923431158E0,8.305487633E0
4.876230995E1,5.736792088E-1,3.133401155E0,8.845666885E0
4.878120187E1,5.096712112E-1,3.165106058E0,9.455238342E0
4.880009380E1,7.860422134E-1,2.988037348E0,9.695118904E0
4.881898573E1,1.356132269E0,2.604587555E0,9.527023315E0
4.883787765E1,1.655833244E0,2.528017044E0,9.726225853E0
4.885676958E1,1.178465128E0,2.581855536E0,9.772287369E0
4.887566151E1,2.608176768E-1,2.395813704E0,1.055533886E1
4.889455343E1,-4.648058116E-1,1.983649969E0,1.162313557E1
4.891344541E1,-7.076773047E-1,1.670788407E0,1.212383366E1
4.893233734E1,-2.039881349E-1,1.505085468E0,1.351047516E1
4.895122927E1,3.349951804E-1,1.412363529E0,1.488933849E1
4.897012120E1,4.001995921E-1,1.135394335E0,1.516810226E1
4.898901312E1,6.699903309E-2,6.975077987E-1,1.449392509E1
4.900790505E1,-4.917250574E-1,4.570291340E-1,1.286441231E1
4.902679698E1,-1.289133191E0,5.676971674E-1,1.116072273E1
4.904568890E1,-1.753340840E0,5.748756528E-1,1.026760197E1
4.906458083E1,-1.827518344E0,6.358926296E-1,1.079641533E1
4.908347276E1,-1.883749604E0,9.960124493E-1,1.184506989E1
4.910236468E1,-1.627717614E0,1.168295622E0,1.087059307E1
4.912125661E1,-1.171286702E0,9.631111026E-1,9.597611427E0
4.914014854E1,-8.440681696E-1,9.559326172E-1,9.161520004E0
4.915904052E1,-7.908278704E-1,1.057029366E0,9.321240425E0
4.917793244E1,-1.148554921E0,1.188036442E0,9.154939651E0
4.919682437E1,-1.121037364E0,1.365703583E0,8.035696983E0
4.921571630E1,-9.014959335E-1,1.456032634E0,7.533204079E0
4.923460823E1,-9.140582681E-1,1.583450437E0,7.727620602E0
4.925350015E1,-1.098903775E0,1.700698733E0,7.743174076E0
4.927239208E1,-1.253240824E0,1.634896040E0,7.998009682E0
4.929128401E1,-1.276570916E0,1.554736495E0,8.177471161E0
4.931017593E1,-1.131805062E0,1.434497118E0,7.628916740E0
4.932906791E1,-1.370489120E0,1.613360643E0,7.853842258E0
4.934795984E1,-1.362114310E0,1.724028707E0,8.956335068E0
4.936685177E1,-9.607182741E-1,1.737189293E0,9.043673515E0
4.938574370E1,-4.941178858E-1,1.829911113E0,8.635697365E0
4.940463562E1,-3.708875179E-1,1.901097536E0,8.176873207E0
4.942352755E1,-6.167500615E-1,1.987239242E0,7.810771465E0
4.944241948E1,-6.801598072E-1,1.992623091E0,7.917252064E0
4.946131140E1,-4.570291340E-1,1.893919110E0,7.837690353E0
4.948020333E1,-4.534398913E-1,1.974078655E0,7.879564762E0
4.949909531E1,-8.321040869E-1,1.910668850E0,7.744968891E0
4.951798724E1,-1.100100160E0,1.690529227E0,7.802396297E0
4.953687916E1,-9.708877802E-1,1.328016520E0,8.621339798E0
4.955577109E1,-5.455635786E-1,1.133001566E0,9.424132347E0
4.957466302E1,-3.529413342E-1,1.259222865E0,9.485149384E0
4.959355495E1,-2.596212626E-1,1.424925923E0,9.241081238E0
4.961244692E1,-1.806581169E-1,1.447059512E0,8.983254433E0
4.963133885E1,-3.068794906E-1,1.267597795E0,9.350552559E0
4.965023078E1,-8.285148144E-1,1.116850019E0,1.034297562E1
4.966912271E1,-7.770691514E-1,9.266205430E-1,1.128455162E1
4.968801463E1,-6.963114142E-1,7.435696125E-1,1.248275757E1
4.970690656E1,-3.284149170E-1,5.910272002E-1,1.323350525E1
4.972579854E1,3.391826153E-1,4.486542344E-1,1.353500175E1
4.974469047E1,9.720842242E-1,1.082752272E-1,1.432822227E1
4.976358239E1,1.285543919E0,-4.857429862E-1,1.536132336E1
4.978247432E1,1.262812138E0,-7.010970116E-1,1.534517193E1
4.980136625E1,1.018744230E0,-4.941178858E-1,1.538345718E1
4.982025817E1,9.409775138E-1,-9.511470050E-2,1.475474262E1
4.983915015E1,1.363908887E0,2.679961324E-1,1.266281700E1
4.985804208E1,1.938784599E0,7.423732281E-1,1.047876835E1
4.987693401E1,2.429911375E0,1.211964726E0,8.965308189E0
4.989582593E1,2.426920414E0,1.465603828E0,8.483752251E0
4.991471786E1,1.977069736E0,1.422533035E0,9.112466812E0
4.993360984E1,1.465603828E0,1.109073281E0,9.965508461E0
4.995250177E1,1.261017561E0,5.102694035E-1,1.056012440E1
4.997139370E1,9.655039310E-1,7.597211748E-2,1.025683403E1
4.999028562E1,7.172485590E-1,2.057827413E-1,9.327222824E0
5.000917755E1,8.213363886E-1,6.005984545E-1,8.412566185E0
5.002806953E1,1.091725349E0,9.260223508E-1,7.559525013E0
5.004696146E1,9.254241586E-1,1.334596872E0,6.740581512E0
5.006585338E1,3.373879790E-1,1.498505235E0,6.181857109E0
5.008474531E1,-2.291127741E-1,1.341177106E0,6.452246189E0
5.010363729E1,-2.877369225E-1,1.158724308E0,7.022336483E0
5.012252922E1,2.925225794E-1,1.274178028E0,7.092924595E0
5.014142114E1,5.557330847E-1,1.642672777E0,7.348358154E0
5.016031307E1,3.038884699E-1,1.560120344E0,7.236494064E0
5.017920505E1,-3.888336942E-2,1.340578914E0,7.601997375E0
5.019809698E1,-4.229314029E-1,1.627119422E0,7.929215908E0
5.021698890E1,-3.152543902E-1,1.890928149E0,7.429714203E0
5.023588083E1,5.922235921E-2,2.093121529E0,7.221538544E0
5.025477281E1,4.666004330E-2,2.486142635E0,7.545167923E0
5.027366474E1,1.094716340E-1,2.692523718E0,8.181060791E0
5.029255666E1,-1.130608693E-1,3.005385160E0,8.522037506E0
5.031144859E1,-4.618147612E-1,3.297907829E0,8.269595146E0
5.033034057E1,-7.393822074E-1,3.323032379E0,8.178069115E0
5.034923250E1,-9.613165259E-1,3.320639610E0,8.565707207E0
5.036812442E1,-8.626125455E-1,3.298506021E0,9.725028992E0
5.038701640E1,-2.907279432E-1,3.298506021E0,1.063370419E1
5.040590833E1,4.725824669E-2,3.256631613E0,1.067258739E1
5.042480026E1,-1.423729509E-1,3.397808075E0,1.016710377E1
5.044369224E1,-5.264210105E-1,3.471387386E0,9.885947227E0
5.046258416E1,-6.251249313E-1,3.192025423E0,1.071924686E1
5.048147609E1,5.730810165E-1,2.571087837E0,1.277348518E1
5.050036802E1,-4.755735099E-1,2.297109842E0,1.462313747E1
5.051926000E1,-2.951546669E0,2.056631088E0,1.395613766E1
5.053815192E1,-2.350948334E0,1.835294962E0,1.262812138E1
5.055704390E1,-1.584048629E0,2.091326952E0,1.241874981E1
5.057593583E1,-1.043270707E0,2.073979139E0,1.209751320E1
5.059482776E1,-1.449452281E0,1.716252089E0,1.106082249E1
5.061371974E1,-1.652244091E0,1.031306505E0,1.076471043E1
5.063261166E1,-2.149951220E0,1.261615753E0,1.154656601E1
5.065150359E1,-2.417947292E0,1.871785522E0,1.028255749E1
5.067039557E1,-2.139781713E0,1.628315806E0,9.933803558E0
5.068928750E1,-2.238485575E0,1.590030670E0,1.030289650E1
5.070817948E1,-1.574477315E0,1.839482427E0,9.211171150E0
5.072707140E1,-1.570888042E0,2.137388945E0,1.012343407E1
5.074596333E1,-1.347757339E0,2.053640127E0,9.966106415E0
5.076485531E1,-1.460818172E0,2.000399828E0,8.983852386E0
5.078374724E1,-1.797608018E0,2.139183521E0,8.362317085E0
5.080263922E1,-1.873580098E0,2.142772675E0,8.382058144E0
5.082153114E1,-1.975873351E0,2.050648928E0,8.185248375E0
5.084042307E1,-2.018345833E0,2.151745796E0,8.059624672E0
5.085931505E1,-2.045265198E0,2.133799553E0,8.071588516E0
5.087820698E1,-2.106880426E0,2.127219439E0,7.921439171E0
5.089709896E1,-2.111067772E0,2.149951220E0,7.356134892E0
5.091599088E1,-1.857428551E0,2.168495417E0,7.220342159E0
5.093488281E1,-1.684547186E0,2.359921217E0,7.347760201E0
5.095377479E1,-1.631905079E0,2.526222467E0,7.212565422E0
5.097266672E1,-1.620539188E0,2.469991207E0,7.368099213E0
5.099155870E1,-1.638485312E0,2.584846735E0,7.462615490E0
5.101045062E1,-1.719243050E0,2.767299414E0,5.882156372E0
5.102934260E1,-2.315055847E0,2.550150633E0,4.966901779E0
5.104823453E1,-2.532802820E0,2.423929453E0,7.068397999E0
5.106712651E1,-2.537588358E0,2.658426046E0,9.082556725E0
5.108601843E1,-2.941377163E0,3.051447153E0,1.082453156E1
5.110491041E1,-3.208176851E0,3.388236761E0,1.022034359E1
5.112380234E1,-3.218944550E0,2.867797852E0,7.237690449E0
5.115998811E1,-7.345965505E-1,4.586442947E0,6.465406895E0
5.117888003E1,1.380658627E0,3.756133318E0,1.043450165E1
5.119777191E1,1.008574724E0,3.340380430E0,1.227996540E1
5.121666378E1,-2.590230405E-1,3.312862873E0,1.144247818E1
5.123555566E1,-1.683948994E0,2.952743053E0,9.754940033E0
5.125444753E1,-2.949153900E0,2.777468920E0,9.421739578E0
5.127333941E1,-2.610569477E0,2.510669231E0,9.518050194E0
5.129223128E1,-1.363908887E0,2.370090723E0,9.143573761E0
5.131112316E1,-1.770688742E-1,2.645863533E0,9.360722542E0
5.133001509E1,3.667000830E-1,2.709273338E0,9.310472488E0
5.134890696E1,-2.255235314E-1,2.606382132E0,8.946166039E0
5.136779884E1,-7.052844763E-1,2.634497643E0,8.718847275E0
5.138669071E1,-6.664010882E-1,2.807977438E0,8.943773270E0
5.140558259E1,-5.443671346E-2,3.008974552E0,9.591629982E0
5.142447446E1,5.551348329E-1,3.052045345E0,1.036810017E1
5.144336634E1,2.967100143E-1,2.838485956E0,1.068156052E1
5.146225821E1,3.427718580E-1,2.905484915E0,9.431310654E0
5.148115014E1,2.159522474E-1,3.199203968E0,8.013563156E0
5.150004201E1,2.512463741E-2,3.341576815E0,7.509275436E0
5.151893389E1,-2.554338276E-1,3.402593851E0,7.472187042E0
5.153782576E1,-5.288137794E-1,3.168695450E0,7.738388538E0
5.155671764E1,3.044866920E-1,3.024527788E0,8.422137260E0
5.157560951E1,6.705885530E-1,2.830111027E0,8.508877754E0
5.159450139E1,1.154536963E0,2.918047190E0,7.596015453E0
5.161339326E1,1.036690354E0,3.409173965E0,6.488736629E0
5.163228514E1,1.761715651E0,3.283550978E0,7.478767395E0
5.165117701E1,1.410568953E0,2.508874655E0,8.907880783E0
5.167006889E1,3.110669367E-2,1.882553220E0,1.000498962E1
5.168896076E1,-9.332008660E-2,1.013958573E0,1.044347477E1
5.170785269E1,2.691925466E-1,8.458628058E-1,1.135992527E1
5.172674456E1,5.922235921E-2,1.611566067E0,1.236730385E1
5.174563644E1,-5.246263742E-1,1.533799291E0,1.277827072E1
5.176452831E1,-5.712863803E-1,5.258227587E-1,1.259342575E1
5.178342019E1,-2.434697002E-1,-4.175475538E-1,1.169133186E1
5.180231206E1,4.899304509E-1,-8.039883971E-1,1.119960594E1
5.182120394E1,1.628913999E0,-7.262216806E-1,1.074556828E1
5.184009581E1,2.568096876E0,-4.432703853E-1,1.072283649E1
5.185898769E1,2.359323025E0,-2.578266263E-1,1.102493000E1
5.187787956E1,1.393819213E0,-7.124629617E-1,1.124267673E1
5.189677144E1,-1.196411322E-3,-1.389033556E0,1.108235836E1
5.191566331E1,-1.113858938E0,-1.804786444E0,1.048953629E1
5.193455519E1,-1.987837434E0,-1.640279889E0,1.023769188E1
5.195344706E1,-1.939382792E0,-1.252044439E0,1.030648518E1
5.197233894E1,-8.333004713E-1,-9.547362328E-1,1.024666500E1
5.199123081E1,3.176472187E-1,-6.101697683E-1,8.930612564E0
5.201012269E1,8.644071817E-1,3.314059377E-1,8.224729538E0
5.202901456E1,8.446664214E-1,6.675975323E-1,9.228518486E0
5.204790644E1,4.743770957E-1,2.404786795E-1,1.005942631E1
5.206679831E1,-3.044866920E-1,6.759724021E-2,9.781260490E0
5.208569019E1,-8.883354068E-1,1.794617027E-1,9.108877182E0
5.210458206E1,-1.047458172E0,3.535395563E-1,8.818149567E0
5.212347394E1,-7.938188910E-1,6.245267391E-1,8.714659691E0
5.214236581E1,-4.773681164E-1,8.344969153E-1,8.728418350E0
5.216125769E1,-2.907279432E-1,7.878368497E-1,8.550153732E0
5.218014956E1,-6.281159073E-2,5.521438122E-1,8.155337334E0
5.219904144E1,3.230310604E-2,5.593222976E-1,8.131409645E0
5.221793331E1,1.375873014E-2,7.112665176E-1,8.536395073E0
5.223682519E1,-8.733802289E-2,8.554341197E-1,8.743971825E0
5.225571706E1,-3.164508045E-1,8.231309652E-1,8.464012146E0
5.227460894E1,-6.101697683E-1,7.399803996E-1,8.360522270E0
5.229350081E1,-1.024726272E0,6.526423693E-1,8.968897820E0
5.231239269E1,-1.496112347E0,4.307080805E-1,9.985847473E0
5.233128456E1,-1.866401672E0,2.715853751E-1,1.117388344E1
5.235017644E1,-1.792822361E0,1.956132501E-1,1.154297638E1
5.236906831E1,-1.238285661E0,4.642075896E-1,1.060259724E1
5.238796019E1,-5.419743061E-1,9.469595551E-1,9.745966911E0
5.240685206E1,-4.366901144E-2,1.186840057E0,9.885947227E0
5.242574394E1,-1.094716340E-1,1.046261668E0,1.087119102E1
5.244463581E1,-4.797609448E-1,2.542374134E-1,1.182473087E1
5.246352764E1,-2.679961324E-1,-7.806583643E-1,1.178225899E1
5.248241951E1,7.088736892E-1,-1.423131227E0,1.212981606E1
5.250131139E1,1.249651670E0,-1.613360643E0,1.355234909E1
5.252020326E1,1.194616675E0,-2.010569334E0,1.546241951E1
5.253909514E1,8.967102766E-1,-2.408974171E0,1.625264931E1
5.255798701E1,2.590230405E-1,-2.687737942E0,1.567657757E1
5.257687889E1,-2.327020019E-1,-2.599203587E0,1.391366577E1
5.259577076E1,-2.691925503E-2,-1.964507341E0,1.159741306E1
5.261466264E1,8.925228715E-1,-1.116850019E0,9.552745819E0
5.263355451E1,2.319841623E0,-3.954139352E-1,8.243872643E0
5.265244639E1,3.284149170E0,-4.426721856E-2,8.276175499E0
5.267133826E1,3.311666489E0,-7.357929647E-2,9.400203705E0
5.269023014E1,2.753540754E0,-3.260220885E-1,1.024726295E1
5.270912196E1,1.938784599E0,-5.198407173E-1,1.030409241E1
5.272801389E1,1.376471281E0,-4.863412082E-1,9.662218094E0
5.274690571E1,1.263410330E0,-1.238285750E-1,8.501100540E0
5.276579759E1,1.456630826E0,4.055834413E-1,7.363911629E0
5.278468946E1,1.680957913E0,7.752745152E-1,6.313462734E0
5.280358134E1,1.813759565E0,9.978070259E-1,5.866602898E0
5.282247321E1,1.960319996E0,9.409775138E-1,5.919843197E0
5.284136509E1,1.914258122E0,7.016952634E-1,6.393023968E0
5.286025696E1,1.305284739E0,5.970092416E-1,6.945765972E0
5.287914884E1,1.142572761E0,4.671986103E-1,7.021139622E0
5.289804066E1,1.606182218E0,4.426721931E-1,6.262615204E0
5.291693253E1,2.411366940E0,5.335994363E-1,5.205585480E0
5.293582441E1,2.614757061E0,7.369893789E-1,5.265406132E0
5.295471628E1,2.675773859E0,8.087740541E-1,6.223133564E0
5.297360816E1,2.601596355E0,8.626125455E-1,7.488338470E0
5.299250003E1,2.251047850E0,1.211366415E0,8.467600822E0
5.301139191E1,1.987837434E0,1.346560955E0,9.490532875E0
5.303028378E1,1.785045743E0,1.429711580E0,1.084487057E1
5.304917561E1,1.863410592E0,1.606780410E0,1.135932732E1
5.306806748E1,2.197807550E0,1.877169371E0,1.073659515E1
5.308695936E1,2.523231506E0,2.136192322E0,1.036451149E1
5.310585123E1,2.598007202E0,2.202593327E0,1.086341476E1
5.312474311E1,3.049054146E0,1.873580098E0,1.271246815E1
5.314363498E1,4.227519512E0,1.470987678E0,1.600918007E1
5.316252686E1,5.306682587E0,9.152546525E-1,1.889911079E1
5.318141868E1,4.902893543E0,2.871387079E-2,1.925683784E1
5.320031055E1,2.935993433E0,-7.274180651E-1,1.802034760E1
5.321920243E1,7.920243144E-1,-8.572286963E-1,1.584766483E1
5.323809430E1,-3.415754437E-1,-5.174478889E-1,1.281476212E1
5.325698618E1,-6.430711150E-1,-2.811566554E-2,9.934999466E0
5.327587805E1,-3.625126183E-1,2.464607358E-1,8.110472679E0
5.329476988E1,1.483550072E-1,2.392822644E-3,8.024331093E0
5.331366175E1,2.392822653E-1,-2.051845491E-1,9.096913338E0
5.333255363E1,-2.638086975E-1,-1.974078640E-2,9.374481201E0
5.335144550E1,-8.392825127E-1,1.950150430E-1,7.919644833E0
5.337033738E1,-1.022931695E0,3.379862010E-1,6.428916454E0
5.338922920E1,-6.209374666E-1,5.413761139E-1,5.243870735E0
5.340812107E1,-3.906283081E-1,9.355936646E-1,5.041079044E0
5.342701295E1,-2.201396823E-1,1.364507079E0,5.943771362E0
5.344590482E1,-9.810572863E-2,1.644467354E0,6.940980434E0
5.346479670E1,-6.472585201E-1,1.966302037E0,7.399804115E0
5.348368852E1,-1.313061476E0,2.032104731E0,7.296314240E0
5.350258040E1,-1.577468276E0,1.786242127E0,7.313662529E0
5.352147227E1,-1.600200176E0,1.544566989E0,7.550551891E0
5.354036415E1,-1.405783296E0,1.466202021E0,7.528418064E0
5.355925602E1,-9.152546525E-1,1.633699656E0,7.358527660E0
5.357814785E1,-3.068794906E-1,1.815554142E0,7.330412388E0
5.359703972E1,3.732803464E-1,1.681556106E0,7.776673794E0
5.361593160E1,5.742774606E-1,1.442273855E0,9.367900848E0
5.363482347E1,3.260220885E-1,1.057029366E0,1.074497032E1
5.365371529E1,-5.072783828E-1,7.238288522E-1,1.065284634E1
5.367260717E1,-1.432104349E0,5.449653864E-1,9.354142189E0
5.369149904E1,-1.704886079E0,5.599204898E-1,7.849056244E0
5.371039092E1,-1.143171072E0,1.016351461E0,7.670791149E0
5.372928274E1,-4.031906128E-1,1.747956991E0,8.526225090E0
5.374817462E1,1.746760458E-1,2.235494614E0,9.796216011E0
5.376706649E1,7.519445419E-1,2.105684042E0,1.058704376E1
5.378595837E1,8.925228715E-1,1.336391449E0,1.098664474E1
5.380485019E1,2.632104978E-2,6.263213158E-1,1.154297638E1
5.382374206E1,-6.257231236E-1,5.910272002E-1,1.279322624E1
5.384263394E1,-7.310073376E-1,5.473581553E-1,1.440239906E1
5.386152581E1,-4.139583111E-1,1.411765367E-1,1.524467278E1
5.388041764E1,-5.874379873E-1,-1.980060786E-1,1.521117401E1
5.389930951E1,-1.467398524E0,-4.085744619E-1,1.500598907E1
5.391820139E1,-2.667997360E0,-6.191428304E-1,1.410987663E1
5.393709326E1,-3.410370588E0,-6.484549642E-1,1.227338600E1
5.395598509E1,-3.265006542E0,-2.907279432E-1,1.022871876E1
5.397487696E1,-2.193022013E0,2.787638307E-1,8.899505615E0
5.399376884E1,-7.465606928E-1,7.992027402E-1,8.275577545E0
5.401266066E1,3.254238665E-1,1.116850019E0,8.307282448E0
5.403155253E1,6.137589812E-1,1.103689432E0,9.160323143E0
5.405044441E1,-2.153540403E-2,8.494520187E-1,9.763314247E0
5.406933623E1,-1.209571838E0,5.826523304E-1,9.798010826E0
5.408822811E1,-1.911267042E0,5.467599630E-1,9.792028427E0
5.410711998E1,-1.455434322E0,5.335994363E-1,8.952147484E0
5.412601186E1,-5.676971674E-1,7.489534616E-1,7.455437183E0
5.414490368E1,2.554338276E-1,1.018744230E0,7.158128738E0
5.416379555E1,6.041877270E-1,1.047458172E0,7.752745152E0
5.418268743E1,4.983053207E-1,9.140582681E-1,7.785646915E0
5.420157925E1,2.835494876E-1,8.787640929E-1,7.213163853E0
5.422047113E1,3.278166950E-1,9.326026440E-1,6.652047157E0
5.423936300E1,7.292127013E-1,1.029511929E0,6.193821430E0
5.425825488E1,1.420140266E0,1.138385415E0,6.430710793E0
5.427714670E1,1.839482427E0,1.170090318E0,7.241877556E0
5.429603857E1,1.743769526E0,9.314061999E-1,7.831110477E0
5.431493045E1,1.169492126E0,5.754738450E-1,8.093124390E0
5.433382227E1,5.401797295E-1,2.961117923E-1,8.822935104E0
5.435271415E1,1.250249892E-1,4.725824669E-2,9.710672379E0
5.437160602E1,-3.672982752E-1,-3.110669367E-2,1.035314560E1
5.439049785E1,-8.219345808E-1,1.172483116E-1,1.071446133E1
5.440938972E1,-9.200403094E-1,3.780659735E-1,1.053081226E1
5.442828160E1,-4.707878530E-1,6.610172391E-1,9.743574142E0
5.444717342E1,1.292124242E-1,1.025922656E0,9.348757744E0
5.446606529E1,3.146561682E-1,1.334596872E0,9.559925079E0
5.448495717E1,4.229314029E-1,1.447059512E0,9.686744690E0
5.450384899E1,7.328019142E-1,1.385444283E0,9.871589661E0
5.452274087E1,1.055234790E0,1.299302697E0,1.047159004E1
5.454163274E1,8.069794178E-1,1.491924882E0,1.123071289E1
5.456052456E1,3.888336718E-1,1.614557028E0,1.176072311E1
5.457941644E1,1.932204217E-1,1.387238979E0,1.194616699E1
5.459830826E1,3.655036688E-1,7.908278704E-1,1.195633698E1
5.461720014E1,6.251249313E-1,-2.386840582E-1,1.248515034E1
5.463609201E1,1.238285750E-1,-1.239482164E0,1.388375473E1
5.465498384E1,-8.159525394E-1,-1.792224169E0,1.528415489E1
5.467387571E1,-1.794018745E0,-2.028515339E0,1.534696579E1
5.469276759E1,-2.607578516E0,-2.008176327E0,1.364925861E1
5.471165941E1,-2.644667149E0,-1.796411633E0,1.118943691E1
5.473055128E1,-2.197209358E0,-1.307079315E0,9.860223770E0
5.474944311E1,-1.550549030E0,-1.023529887E0,1.003669453E1
5.476833498E1,-1.242473125E0,-1.111466169E0,1.095793152E1
5.478722686E1,-1.398604870E0,-1.268794179E0,1.156391335E1
5.480611868E1,-1.844866276E0,-1.397408366E0,1.121216869E1
5.482501055E1,-2.203191519E0,-1.442872047E0,1.004267693E1
5.484390243E1,-2.201396942E0,-1.119242787E0,8.782257080E0
5.486279425E1,-1.948355794E0,-6.113662124E-1,7.819146156E0
5.488168613E1,-1.600200176E0,-2.141576260E-1,6.911668301E0
5.490057795E1,-1.339980721E0,1.016949639E-1,6.061019897E0
5.491946982E1,-1.030708313E0,3.511467278E-1,5.562116146E0
5.493836170E1,-7.591229677E-1,7.322037220E-1,5.355136871E0
5.495725352E1,-5.312066078E-1,9.882357717E-1,5.266602516E0
5.497614540E1,-3.361915946E-1,1.119242787E0,4.730610371E0
5.499503722E1,-1.902294010E-1,1.162313581E0,4.273581028E0
5.501392910E1,-2.632105052E-1,1.062413216E0,5.348556995E0
5.503282097E1,-4.007977843E-1,9.990034699E-1,7.433901787E0
5.505171279E1,-3.810569942E-1,1.106680512E0,9.533603668E0
5.507060467E1,-2.165504545E-1,1.066002488E0,1.056610680E1
5.508949649E1,-2.799602449E-1,7.639086246E-1,1.004746246E1
5.510838837E1,-7.459624410E-1,3.822534084E-1,9.538389206E0
5.512728019E1,-1.625923038E0,-1.256231871E-2,9.515657425E0
5.514617206E1,-2.547757864E0,-1.848455518E-1,9.473783493E0
5.516506394E1,-2.696711063E0,-2.333002165E-2,9.370293617E0
5.518395576E1,-2.100300074E0,4.217349887E-1,9.110671997E0
5.520284764E1,-1.567897081E0,8.398807645E-1,9.052646637E0
5.522173946E1,-1.618744493E0,1.055832982E0,9.518050194E0
5.524063134E1,-2.032104731E0,9.248259664E-1,1.028614616E1
5.525952316E1,-2.603390932E0,4.061816335E-1,1.095613670E1
5.527841503E1,-3.182454109E0,-1.154536903E-1,1.148853970E1
5.529730691E1,-3.404388428E0,-5.533402562E-1,1.156271744E1
5.531619873E1,-2.825325251E0,-9.942178130E-1,1.181515980E1
5.533509061E1,-1.635494232E0,-1.300499082E0,1.173141098E1
5.535398243E1,-4.881358147E-1,-1.399203062E0,1.163749313E1
5.537287430E1,5.802594870E-2,-1.473380566E0,1.235713387E1
5.539176613E1,6.999006122E-2,-1.978864312E0,1.394417381E1
5.541065800E1,-3.882354796E-1,-2.621935368E0,1.540798283E1
5.542954982E1,-1.443470240E0,-2.873780012E0,1.598345661E1
5.544844170E1,-2.260020971E0,-3.005385160E0,1.522911930E1
5.546733357E1,-2.201396942E0,-2.895913601E0,1.314138222E1
5.548622540E1,-1.620539188E0,-2.263610125E0,1.057328510E1
5.550511727E1,-6.819544435E-1,-1.472782373E0,8.510073662E0
5.552400910E1,5.150550604E-1,-1.016949654E0,7.064210415E0
5.554290097E1,1.052243710E0,-6.119644046E-1,7.042077065E0
5.556179279E1,1.225125194E0,-5.682953596E-1,8.173882484E0
5.558068467E1,1.204786181E0,-7.525427341E-1,8.701499939E0
5.559957649E1,9.002995491E-1,-8.805587292E-1,8.425726891E0
5.561846837E1,8.793623000E-2,-6.681957245E-1,8.467600822E0
5.563736019E1,-6.257231236E-1,-3.589234054E-1,8.422137260E0
5.565625206E1,-9.714859724E-1,-9.631111473E-2,7.709674358E0
5.567514394E1,-9.948160052E-1,1.100698411E-1,6.745367050E0
5.569403576E1,-7.423732281E-1,2.775674164E-1,6.100501537E0
5.571292764E1,-3.128615618E-1,5.635097623E-1,5.997610092E0
5.573181946E1,2.321037948E-1,7.052844763E-1,6.250650883E0
5.575071134E1,5.365904570E-1,7.256234884E-1,6.780661106E0
5.576960316E1,7.914260626E-1,5.132604837E-1,7.267002583E0
5.578849503E1,1.075573802E0,1.489532143E-1,7.555337429E0
5.580738686E1,1.085743308E0,-1.495514214E-1,7.890332699E0
5.582627873E1,7.764709592E-1,-3.026920557E-1,8.482556343E0
5.584517055E1,6.664010882E-1,-4.151547253E-1,9.281759262E0
5.586406243E1,5.407779217E-1,-5.078766346E-1,9.761520386E0
5.588295425E1,2.021935135E-1,-4.426721931E-1,1.038604641E1
5.590184613E1,-1.585244983E-1,-2.446661144E-1,1.144487095E1
5.592073795E1,-1.256231871E-2,-4.749752879E-1,1.116670513E1
5.593962982E1,-8.135596663E-2,-5.730810165E-1,1.031007481E1
5.595852165E1,-4.504488707E-1,-3.409772217E-1,1.030648518E1
5.597741352E1,-3.894318938E-1,-9.391828626E-2,1.027896786E1
5.599630534E1,-9.750752151E-2,4.606183618E-2,1.019761181E1
5.601519722E1,-3.320041299E-1,1.076770201E-1,1.067438221E1
5.603408904E1,-7.256234884E-1,-1.196411345E-2,1.161775208E1
5.605298092E1,-4.624129832E-1,-1.238285750E-1,1.178345490E1
5.607187274E1,2.321037948E-1,-5.988038778E-1,1.166919804E1
5.609076462E1,3.918247223E-1,-1.176670551E0,1.299541950E1
5.610965644E1,9.511470050E-2,-1.452443361E0,1.533859158E1
5.612854831E1,-4.743770957E-1,-1.741376638E0,1.602712631E1
5.614744014E1,-1.113260746E0,-1.880758643E0,1.490788364E1
5.616633201E1,-1.231705427E0,-1.924427629E0,1.282433319E1
5.618522384E1,-1.582852125E0,-1.494915962E0,1.077847004E1
5.620411571E1,-1.959721804E0,-1.118046403E0,9.514460564E0
5.622300753E1,-2.547159672E0,-1.098903775E0,9.394221306E0
5.624189941E1,-3.175275564E0,-1.476371527E0,1.010189915E1
5.626079123E1,-3.672384501E0,-1.852044702E0,1.037468052E1
5.627968311E1,-4.232305050E0,-1.917847395E0,1.010010433E1
5.629857493E1,-4.529015064E0,-1.852044702E0,9.714262009E0
5.631746680E1,-4.485944271E0,-1.613958836E0,9.261420250E0
5.633635863E1,-4.024129391E0,-1.328016520E0,8.387441635E0
5.635525050E1,-3.306282759E0,-1.028315544E0,7.235297680E0
5.637414232E1,-2.644068956E0,-7.351947427E-1,6.077769279E0
5.639303420E1,-2.105085611E0,-5.078766346E-1,5.210371494E0
5.641192602E1,-1.823929071E0,-1.974078715E-1,4.814957142E0
5.643081790E1,-1.631905079E0,1.453639716E-1,4.709673405E0
5.644970972E1,-1.284347534E0,3.014956415E-1,4.734199524E0
5.646860160E1,-7.459624410E-1,1.848455518E-1,5.097908497E0
5.648749342E1,-4.133601189E-1,-2.817548811E-1,6.154938221E0
5.650638524E1,-8.297112584E-1,-1.240678549E0,8.008178711E0
5.652527712E1,-1.670788407E0,-2.027917147E0,1.023111153E1
5.654416894E1,-2.339582443E0,-1.707278967E0,1.163928795E1
5.656306081E1,-2.316252232E0,-9.361918569E-1,1.186241817E1
5.658195264E1,-1.791027784E0,-6.550351977E-1,1.066899776E1
5.660084451E1,-1.731207132E0,-5.359922647E-1,9.101698875E0
5.661973634E1,-1.747358680E0,-2.279163599E-1,7.801798344E0
5.663862821E1,-1.801795483E0,1.579262912E-1,6.618547440E0
5.665752003E1,-1.445863128E0,4.558327198E-1,6.148955822E0
5.667641191E1,-8.099704385E-1,6.879364848E-1,5.964708805E0
5.669530373E1,-5.144568533E-2,8.279166222E-1,6.772286415E0
5.671419561E1,6.005984545E-1,8.518448472E-1,8.011170387E0
5.673308743E1,3.936193287E-1,4.606183469E-1,9.674779892E0
5.675197925E1,-1.435693540E-2,-3.152543902E-1,1.140718365E1
5.677087113E1,-5.467599630E-1,-1.018146038E0,1.309591866E1
5.678976295E1,-9.930213690E-1,-1.283151150E0,1.453520107E1
5.680865482E1,-8.997012973E-1,-1.391426325E0,1.444905949E1
5.682754665E1,-2.171486616E-1,-1.421934843E0,1.311147213E1
5.684643852E1,1.968096644E-1,-1.360917926E0,1.226321602E1
5.686533035E1,9.332008660E-2,-1.736590981E0,1.327478218E1
5.688422222E1,-5.389832854E-1,-2.565105915E0,1.497009659E1
5.690311404E1,-1.871187329E0,-2.881556749E0,1.628256035E1
5.692200592E1,-3.212364435E0,-2.657229662E0,1.697468376E1
5.694089774E1,-3.623929977E0,-2.400001049E0,1.610190201E1
5.695978956E1,-2.772084951E0,-2.112862349E0,1.365464211E1
5.697868144E1,-1.636092424E0,-1.432702541E0,1.154596710E1
5.699757326E1,-4.522434771E-1,-1.014556766E0,9.996016502E0
5.701646514E1,4.420739710E-1,-7.190431952E-1,8.971290588E0
5.703535696E1,1.256830096E0,-4.845465720E-1,8.269595146E0
5.705424884E1,2.088934183E0,-4.259224236E-1,8.030911446E0
5.707314066E1,2.562114954E0,-3.272185028E-1,8.320442200E0
5.709203253E1,2.249253273E0,-2.021935135E-1,8.572287560E0
5.711092436E1,1.339382529E0,-1.555334777E-1,8.245068550E0
5.712981623E1,5.473581553E-1,-2.183450609E-1,7.441678524E0
5.714870805E1,2.554338276E-1,-2.925225794E-1,6.270391941E0
5.716759988E1,2.769692242E-1,-2.524427772E-1,5.446064472E0
5.718649175E1,4.971089065E-1,-2.075773627E-1,5.194219589E0
5.720538357E1,6.005984545E-1,-1.872383654E-1,5.305486202E0
5.722427545E1,6.478567123E-1,-5.335994363E-1,5.498706341E0
5.724316727E1,6.131607890E-1,-8.446664214E-1,5.865406513E0
5.726205915E1,6.209374666E-1,-7.423732281E-1,6.047859192E0
5.728095097E1,8.033902049E-1,-4.785645306E-1,6.464808464E0
5.729984285E1,1.296311617E0,-3.972085714E-1,7.425527096E0
5.731873467E1,1.756331801E0,-5.982056856E-1,8.531010628E0
5.733762649E1,1.634297848E0,-7.142575383E-1,9.272786140E0
5.735651837E1,8.027920127E-1,-6.771687865E-1,9.735796928E0
5.737541019E1,-1.692921966E-1,-4.540380836E-1,1.020239735E1
5.739430206E1,-5.557330847E-1,-1.633101404E-1,1.024008465E1
5.741319389E1,-8.853443712E-2,-1.196411327E-1,9.757332802E0
5.743208571E1,6.777670383E-1,-5.443671346E-2,9.150752068E0
5.745097759E1,1.097707391E0,8.374879137E-3,8.549555779E0
5.746986941E1,1.198205948E0,-8.374879137E-3,8.860024452E0
5.748876128E1,1.077966571E0,-7.357929647E-2,1.011625576E1
5.750765311E1,9.619147182E-1,6.041877344E-2,1.111705399E1
5.752654498E1,1.180259824E0,1.268195957E-1,1.142333508E1
5.754543680E1,1.910070658E0,-5.084748194E-2,1.199222851E1
5.756432863E1,2.473580360E0,-4.540380836E-1,1.381316662E1
5.758322050E1,2.491526604E0,-1.029511929E0,1.629332733E1
5.760211232E1,1.660020709E0,-1.507478237E0,1.793659782E1
5.762100420E1,-4.725824669E-2,-1.718644857E0,1.808973885E1
5.763989602E1,-1.776670814E0,-1.653440475E0,1.695793343E1
5.765878785E1,-2.431705952E0,-1.637887120E0,1.483609867E1
5.767767972E1,-2.017149448E0,-1.729412556E0,1.254736328E1
5.769657154E1,-1.455434322E0,-1.454836130E0,1.143230820E1
5.771546342E1,-1.233500123E0,-1.182652593E0,1.127677536E1
5.773435524E1,-1.223928809E0,-9.852447510E-1,1.089033413E1
5.775324712E1,-1.326820135E0,-7.334001660E-1,1.050568771E1
5.777213894E1,-1.050449133E0,-6.095715761E-1,1.035673428E1
5.779103081E1,-4.630111754E-1,-5.144568682E-1,1.001695347E1
5.780992264E1,1.842473447E-1,-3.589234054E-1,9.351749420E0
5.782881446E1,7.010970116E-1,-2.440679073E-1,8.091329575E0
5.784770634E1,7.884350419E-1,-2.267199457E-1,6.792026997E0
5.786659816E1,6.418746710E-1,-1.992024779E-1,5.845665932E0
5.788549003E1,2.967100143E-1,-6.340979785E-2,5.335396290E0
5.790438186E1,-2.279163599E-1,1.615155339E-1,5.079962254E0
5.792327373E1,-5.706881881E-1,3.798605800E-1,5.155934811E0
5.794216555E1,-4.677968323E-1,5.952146053E-1,5.166104317E0
5.796105738E1,-1.130608693E-1,6.711867452E-1,5.397609711E0
5.797994925E1,3.206382394E-1,6.999006271E-1,6.326622963E0
5.799884107E1,4.671986103E-1,6.628118753E-1,7.387839794E0
5.801773295E1,6.562315822E-1,6.095715761E-1,8.528617859E0
5.803662477E1,9.607182741E-1,6.029912829E-1,9.726225853E0
5.805551660E1,9.702895880E-1,8.632107973E-1,1.086939716E1
5.807440847E1,5.910272002E-1,1.264008522E0,1.133300591E1
5.809330029E1,1.262213886E-1,1.573879123E0,1.050269699E1
5.811219217E1,-6.999006122E-2,1.607378602E0,9.006584167E0
5.813108399E1,-2.225325108E-1,1.597807288E0,7.198208809E0
5.814997581E1,-3.684946895E-1,1.953141451E0,6.228517532E0
5.816886769E1,-4.450650215E-1,2.405983210E0,6.204588890E0
5.818775951E1,-6.484549642E-1,2.845066071E0,6.340980053E0
5.820665139E1,-9.194421172E-1,3.268595695E0,6.552744865E0
5.822554321E1,-1.148554921E0,3.455834150E0,6.801000118E0
5.824443509E1,-9.942178130E-1,3.240479946E0,7.287939548E0
5.826332691E1,-4.600201547E-1,2.751745939E0,8.315058708E0
5.828221873E1,3.068794906E-1,2.195414782E0,1.007617569E1
5.830111061E1,1.085145116E0,1.660020709E0,1.235175037E1
5.832000243E1,1.182652593E0,1.502094388E0,1.452862072E1
5.833889430E1,4.193421602E-1,1.244267821E0,1.516032600E1
5.835778613E1,-3.690928817E-1,8.279166222E-1,1.458903980E1
5.837667795E1,-4.947160780E-1,4.085744619E-1,1.388076401E1
5.839556982E1,-7.417750359E-2,3.194418252E-1,1.408594894E1
5.841446165E1,5.784648657E-1,3.002992272E-1,1.463151264E1
5.843335352E1,1.458425403E0,2.225325108E-1,1.455853081E1
5.845224535E1,2.181057930E0,2.231307179E-1,1.439701557E1
5.847113717E1,2.395215511E0,1.369891018E-1,1.429771328E1
5.849002904E1,2.243869543E0,-4.905286431E-2,1.393639755E1
5.850892087E1,1.788036704E0,-1.992024779E-1,1.286620712E1
5.852781274E1,1.876571178E0,-2.697907388E-1,1.113679504E1
5.854670456E1,2.383251429E0,-2.614158690E-1,9.471389771E0
5.856559639E1,2.627917528E0,2.560320199E-1,8.935398102E0
5.858448826E1,2.677568436E0,5.569294691E-1,9.738189697E0
5.860338009E1,2.407179594E0,2.799602449E-1,1.011864853E1
5.862227196E1,1.965105653E0,-1.004985496E-1,8.809774399E0
5.864116378E1,1.419542074E0,-4.331009090E-1,6.631109715E0
5.866005566E1,1.297508121E0,-7.178467698E-3,5.955137253E0
5.867894748E1,1.738385677E0,8.889335990E-1,6.700501442E0
5.869783930E1,2.163709879E0,1.448854089E0,6.844070911E0
5.871673118E1,2.380260229E0,1.646261930E0,6.309275150E0
5.873562300E1,2.128415823E0,1.682154298E0,6.332006931E0
5.875451488E1,1.335793257E0,1.686341763E0,6.619743824E0
5.877340670E1,7.250252366E-1,1.785045743E0,6.678368092E0
5.879229857E1,7.076773047E-1,1.951945066E0,6.163911343E0
5.881119040E1,1.283749342E0,2.213361025E0,5.954539299E0
5.883008222E1,2.121237278E0,2.447259426E0,7.320840836E0
5.884897410E1,2.693720102E0,2.267797709E0,8.997013092E0
5.886786592E1,2.361117840E0,1.967498422E0,9.799804688E0
5.888675779E1,1.288534999E0,1.837687731E0,9.761520386E0
5.890564962E1,4.743770957E-1,1.946561217E0,9.151350021E0
5.892454149E1,3.559323549E-1,2.307877541E0,7.955537319E0
5.894343331E1,9.379864931E-1,3.053241730E0,7.621738434E0
5.896232514E1,1.430907965E0,3.746562004E0,8.113463402E0
5.898121701E1,1.508076429E0,3.930809498E0,8.393424034E0
5.900010884E1,1.345962763E0,3.606581926E0,8.511270523E0
5.901900071E1,8.787640929E-1,3.345165968E0,8.742177963E0
5.903789253E1,5.563312769E-1,3.273979664E0,8.779266357E0
5.905678436E1,6.011967063E-1,3.175275564E0,8.498109818E0
5.907567623E1,7.106683254E-1,3.281157970E0,8.583653450E0
5.909456805E1,5.413761139E-1,3.524029493E0,9.442676544E0
5.911345993E1,2.039881349E-1,3.519243956E0,9.963713646E0
5.913235175E1,-1.399801224E-1,3.372085333E0,1.018923664E1
5.915124363E1,-1.196411345E-2,2.909074068E0,1.137009525E1
5.917013545E1,5.407779217E-1,2.251047850E0,1.354636765E1
5.918902727E1,9.750752449E-1,1.519442320E0,1.524706554E1
5.920791915E1,6.412764788E-1,8.554341197E-1,1.542592907E1
5.922681097E1,-4.648058116E-1,5.676971674E-1,1.424985695E1
5.924570279E1,-1.303490162E0,7.136593461E-1,1.239482117E1
5.926459467E1,-1.456630826E0,1.053440213E0,1.101117134E1
5.928348649E1,-1.238883972E0,1.307079315E0,1.045184898E1
5.930237837E1,-8.602197170E-1,1.177866936E0,1.053260708E1
5.932127019E1,-5.706881881E-1,8.997012973E-1,1.075932693E1
5.934016206E1,-5.688936114E-1,7.381857634E-1,1.071984577E1
5.935905389E1,-8.392825127E-1,7.549355626E-1,1.029332447E1
5.937794571E1,-9.272187948E-1,7.932206988E-1,9.625727654E0
5.939683759E1,-8.470591903E-1,9.702895880E-1,9.367302895E0
5.941572941E1,-8.895317912E-1,1.206580877E0,9.122636795E0
5.943462128E1,-9.505487680E-1,1.427916884E0,8.311469078E0
5.945351311E1,-1.060618639E0,1.579262972E0,7.172485828E0
5.947240493E1,-1.180858016E0,1.738385677E0,6.425326824E0
5.949129680E1,-1.426122308E0,1.933998942E0,6.519843578E0
5.951018863E1,-1.308275819E0,1.890928149E0,6.940382004E0
5.952908050E1,-6.580262184E-1,1.771885157E0,6.894918442E0
5.954797232E1,-1.842473447E-1,1.964507341E0,6.578467846E0
5.956686420E1,9.212367237E-2,2.248655081E0,6.449853420E0
5.958575602E1,2.560320199E-1,2.492722988E0,6.568298340E0
5.960464784E1,4.827519655E-1,2.637488842E0,7.275377274E0
5.962353972E1,6.179464459E-1,2.572284460E0,8.562117577E0
5.964243154E1,5.264210105E-1,2.401795626E0,9.672985077E0
5.966132342E1,1.495514158E-2,2.377867460E0,9.899106979E0
5.968021524E1,-5.659025311E-1,2.450848579E0,8.980263710E0
5.969910706E1,-8.350951076E-1,2.593221426E0,7.899903774E0
5.971799894E1,-8.380861282E-1,2.882753134E0,7.502695560E0
5.973689076E1,-6.777670383E-1,3.129812002E0,7.400402069E0
5.975578264E1,-4.677968323E-1,3.211168051E0,7.504489899E0
5.977467446E1,-5.383850932E-1,3.104089260E0,8.206185341E0
5.979356628E1,-6.293123364E-1,2.857030153E0,8.918049812E0
5.981245816E1,-4.767699242E-1,2.727219582E0,9.371489525E0
5.983134998E1,-1.232303679E-1,2.614158630E0,9.980463028E0
5.985024186E1,2.937189937E-1,2.465205431E0,1.094596672E1
5.986913368E1,7.770691514E-1,2.222334146E0,1.206580830E1
5.988802550E1,9.481559992E-1,1.753340840E0,1.282672596E1
5.990691738E1,8.793623447E-1,1.340578914E0,1.329512119E1
5.992580920E1,1.140179992E0,1.101894855E0,1.412782288E1
5.994470107E1,1.612762451E0,1.010369420E0,1.536012650E1
5.996359290E1,2.023131609E0,1.026520967E0,1.480080414E1
5.998248472E1,2.624328136E0,9.930213690E-1,1.402852058E1
6.000137660E1,2.742174864E0,1.025324464E0,1.350150204E1
6.002026842E1,2.559721947E0,8.410771489E-1,1.283569908E1
6.003916029E1,2.164906263E0,5.102694035E-1,1.188754272E1
6.005805212E1,1.527219057E0,3.810569942E-1,1.077188969E1
6.007694394E1,1.128215909E0,5.844469070E-1,9.768099785E0
6.009583581E1,1.359123230E0,1.018744230E0,9.120841980E0
6.011472764E1,1.896311998E0,1.402792215E0,8.709276199E0
6.013361951E1,2.328216314E0,1.463809252E0,8.502895355E0
6.015251134E1,2.546561480E0,1.380060434E0,8.401200294E0
6.017140316E1,2.309672117E0,1.334596872E0,8.234899521E0
6.019029503E1,1.847259045E0,1.236491084E0,7.858627796E0
6.020918686E1,1.561915040E0,1.204786181E0,7.470990658E0
6.022807873E1,1.381855130E0,1.494317770E0,7.439285755E0
6.024697055E1,1.219143152E0,1.902892232E0,7.267600536E0
6.026586238E1,1.369292736E0,2.008774519E0,7.227520943E0
6.028475425E1,1.597807288E0,2.036292076E0,7.483552933E0
6.030364607E1,1.801795483E0,2.155334949E0,8.010572433E0
6.032253795E1,1.895713687E0,2.062613010E0,8.284550667E0
6.034142977E1,1.730608940E0,1.940579176E0,8.459226608E0
6.036032160E1,1.396810174E0,1.967498422E0,8.438887596E0
6.037921347E1,1.320838094E0,1.958525300E0,8.224729538E0
6.039810529E1,1.351944804E0,1.942971945E0,8.072785378E0
6.041699717E1,1.408774376E0,1.975873351E0,8.045268059E0
6.043588899E1,1.332203984E0,2.110469580E0,8.192426682E0
6.045478081E1,1.034895778E0,2.303091764E0,8.355138779E0
6.047367269E1,7.878368497E-1,2.580659151E0,8.339585304E0
6.049256451E1,7.166503668E-1,2.824727058E0,8.193024635E0
6.051145639E1,7.447660565E-1,2.879761934E0,8.137989998E0
6.053034821E1,8.865407705E-1,2.840280533E0,8.281558990E0
6.054924003E1,1.153340459E0,2.848655462E0,8.703293800E0
6.056813191E1,1.161715388E0,2.944966555E0,9.204590797E0
6.058702373E1,1.044467092E0,3.083152056E0,9.548559189E0
6.060591555E1,1.107876897E0,3.183052301E0,9.746564865E0
6.062480743E1,1.256231904E0,3.304488182E0,9.594620705E0
6.064369925E1,1.231705427E0,3.355335474E0,9.375079155E0
6.066259113E1,1.001396298E0,3.346960783E0,9.460023880E0
6.068148295E1,8.673982024E-1,3.315854073E0,9.991828918E0
6.070037477E1,7.812566161E-1,3.184248686E0,1.067139053E1
6.071926665E1,9.254241586E-1,2.884547710E0,1.120259762E1
6.073815847E1,9.433703423E-1,2.493321180E0,1.132164001E1
6.075705035E1,9.332008362E-1,2.065006018E0,1.061037350E1
6.077594217E1,9.355936646E-1,1.767099500E0,9.400801659E0
6.079483399E1,5.611169338E-1,1.323829174E0,8.557332039E0
6.081372587E1,-2.285145670E-1,5.982056856E-1,8.925228119E0
6.083261769E1,-1.472782373E0,2.015953064E-1,1.069292641E1
6.085150956E1,-1.683948994E0,1.142572835E-1,1.334836102E1
6.087040139E1,-8.691928387E-1,-1.507478207E-1,1.420259857E1
6.088929321E1,4.725824594E-1,-6.526423693E-1,1.442034531E1
6.090818509E1,1.277169108E0,-1.148554921E0,1.489352608E1
6.092707691E1,9.284151793E-1,-1.389631748E0,1.468235970E1
6.094596878E1,-8.793623000E-2,-1.439282775E0,1.339262867E1
6.096486061E1,-8.745766878E-1,-1.353141189E0,1.145922756E1
6.098375243E1,-1.052842021E0,-1.058225870E0,9.636494637E0
6.100264430E1,-1.146760225E0,-3.002992272E-1,8.453842163E0
6.102153613E1,-7.334001660E-1,1.914258152E-1,7.930412292E0
6.104042795E1,-4.785645287E-3,2.572284341E-1,8.033902168E0
6.105931982E1,4.881358147E-1,3.714857101E-1,8.392227173E0
6.107821165E1,8.159525394E-1,4.785645306E-1,8.596215248E0
6.109710352E1,8.039883971E-1,4.486542344E-1,8.390432358E0
6.111599534E1,3.415754437E-1,5.551348329E-1,8.157132149E0
6.113488717E1,-9.451649338E-2,5.796613097E-1,7.791030407E0
6.115377904E1,-2.590230405E-1,4.384847581E-1,7.392027378E0
6.117267087E1,-2.979064286E-1,4.875376225E-1,7.202396393E0
6.119156274E1,-6.759724021E-2,7.764709592E-1,6.940980434E0
6.121045456E1,1.722832322E-1,1.108475089E0,6.789036274E0
6.122934639E1,3.732803464E-1,1.424327731E0,6.870990276E0
6.124823826E1,3.020938635E-1,1.666600943E0,7.329215527E0
6.126713009E1,2.015953064E-1,1.708475351E0,8.144570351E0
6.128602191E1,-1.238285750E-1,1.626521230E0,8.818149567E0
6.130491378E1,-2.650051117E-1,1.457827210E0,9.207581520E0
6.132380561E1,-1.196411322E-3,1.386042476E0,9.440881729E0
6.134269748E1,4.426721931E-1,1.431506157E0,9.443872452E0
6.136158930E1,3.756731451E-1,1.670190215E0,9.437292099E0
6.138048113E1,-5.024927482E-2,1.945963025E0,9.552745819E0
6.139937300E1,-5.096712112E-1,1.942971945E0,9.419346809E0
6.141826482E1,-1.169492126E0,2.067996979E0,9.617950439E0
6.143715670E1,-1.250848055E0,2.179263115E0,9.804591179E0
6.145604852E1,-8.099704385E-1,2.343171597E0,9.384650230E0
6.147494035E1,-3.056831062E-1,2.199602127E0,9.443274498E0
6.149383222E1,-8.434699476E-2,1.893320918E0,9.996614456E0
6.151272404E1,-1.196411345E-2,1.866401672E0,1.079402256E1
6.153161587E1,3.062812984E-1,2.131406784E0,9.981060982E0
6.155050774E1,5.814558864E-1,2.501696110E0,9.198010445E0
6.156939956E1,6.520441771E-1,2.352742910E0,8.864211082E0
6.158829144E1,2.877369225E-1,2.248655081E0,9.416355133E0
6.160718326E1,-1.214357466E-1,2.211566210E0,9.792626381E0
6.162607509E1,-1.216750264E0,3.081357241E0,1.025025368E1
6.164496696E1,-2.532802820E0,4.154538155E0,9.782457352E0
6.166385878E1,-3.371487141E0,4.603790760E0,8.545966148E0
6.168275061E1,-3.044268608E0,3.949951887E0,8.138587952E0
6.170164248E1,-1.723430514E0,2.858226538E0,8.965906143E0
6.172053430E1,-1.149751306E0,2.907279491E0,1.040159988E1
6.173942618E1,-5.533402562E-1,2.918645382E0,1.106919765E1
6.175831800E1,-3.906283081E-1,2.743371248E0,1.175593758E1
6.177720982E1,-8.769695163E-1,2.495115757E0,1.256830120E1
6.179610170E1,-1.637887120E0,2.502892494E0,1.394656658E1
6.181499352E1,-1.457229018E0,2.574079037E0,1.448794270E1
6.183388535E1,-1.351944804E-1,2.545963287E0,1.439641762E1
6.185277722E1,6.681957245E-1,2.890529871E0,1.462194061E1
6.187166904E1,6.514459848E-1,3.263810158E0,1.521177197E1
6.189056092E1,7.794619799E-1,2.761915445E0,1.433839130E1
6.190945274E1,2.572284341E-1,2.823530674E0,1.113021469E1
6.192834456E1,-2.572284341E-1,2.998206854E0,8.402397156E0
6.194723644E1,-5.389832854E-1,3.004786968E0,7.161718369E0
6.196612826E1,-6.795616150E-1,2.989233732E0,7.392625332E0
6.198502008E1,-3.242274821E-1,2.924627542E0,7.646862984E0
6.200391196E1,1.968096644E-1,2.499303341E0,7.300501823E0
6.202280378E1,5.982056609E-4,2.574677229E0,6.717849731E0
6.204169566E1,-8.129615188E-1,3.107080221E0,6.515058041E0
6.206058748E1,-6.454638839E-1,3.339782238E0,6.452246189E0
6.207947930E1,-1.728814393E-1,3.189632654E0,6.393621922E0
6.209837118E1,-1.501496136E-1,3.180659533E0,6.862615108E0
6.211726300E1,-3.164508045E-1,3.387638569E0,7.774878979E0
6.213615482E1,-9.690931439E-2,3.400799274E0,8.740981102E0
6.215504670E1,1.597209126E-1,3.290729284E0,8.773882866E0
6.217393852E1,-8.853443712E-2,3.300898790E0,7.558926582E0
6.219283035E1,-4.564309120E-1,3.457628727E0,6.165107727E0
6.221172222E1,-9.966106415E-1,3.936791420E0,5.638686657E0
6.223061404E1,-5.682953596E-1,3.942175388E0,5.985645771E0
6.224950592E1,3.349951655E-2,3.850051641E0,7.303493023E0
6.226839774E1,-5.742774159E-2,3.996612072E0,8.703892708E0
6.228728956E1,-5.952146053E-1,4.155734539E0,9.186046600E0
6.230618144E1,-1.122832060E0,4.266402721E0,9.039485931E0
6.232507326E1,-1.613958836E0,4.573880672E0,9.416355133E0
6.234396509E1,-1.318445325E0,4.241876125E0,9.142974854E0
6.236285696E1,2.835494876E-1,2.843869686E0,7.942974567E0
6.238174878E1,-1.107278705E0,3.747160196E0,9.047262192E0
6.240064066E1,-1.019940615E0,4.228117466E0,1.024307537E1
6.241953248E1,8.733802289E-2,4.134199142E0,1.074497032E1
6.243842430E1,-5.623133108E-2,4.479962349E0,1.126540947E1
6.245731618E1,-6.664010882E-1,4.173680782E0,1.190070343E1
6.247620800E1,-1.249651670E0,2.949153900E0,1.327956772E1
6.249509982E1,-2.342573404E0,2.182254314E0,1.447179127E1
6.251399170E1,-2.910270452E0,2.220539331E0,1.370429325E1
6.253288352E1,-1.603191137E0,2.357528448E0,1.141196918E1
6.255177540E1,-6.209374666E-1,3.041277647E0,9.279964447E0
6.257066722E1,-1.022931710E-1,2.991028309E0,8.534600258E0
6.258955904E1,-1.740778536E-1,2.936591625E0,9.309874535E0
6.260845092E1,-3.912265003E-1,2.726023197E0,1.020060253E1
6.262734274E1,-1.063011408E0,2.368296146E0,9.885348320E0
6.264623456E1,-1.306481123E0,2.383251429E0,8.879764557E0
6.266512644E1,-8.524430394E-1,2.566302299E0,7.635497093E0
6.268401826E1,-2.865405083E-1,2.594418049E0,6.949355125E0
6.270291014E1,-9.349954724E-1,2.453241348E0,7.469794273E0
6.272180196E1,-2.376072884E0,2.687139750E0,8.329415321E0
6.274069378E1,-2.997010469E0,2.573480844E0,8.795417786E0
6.275958566E1,-2.477169752E0,2.627917528E0,8.946763992E0
6.277847748E1,-1.528415442E0,2.795415163E0,7.926823139E0
6.279736930E1,-1.045663476E0,2.885145903E0,5.902495384E0
6.281626118E1,-1.219741344E0,3.067000389E0,7.204789162E0
6.283515300E1,-1.800000787E0,3.194418192E0,9.169296265E0
6.285404488E1,-2.444268227E0,2.909074068E0,9.510871887E0
