"Time (s)","Acceleration x (m/s^2)","Acceleration y (m/s^2)","Acceleration z (m/s^2)"
2.294941900E-2,7.469909191E-1,3.588908434E0,9.543288231E0
4.293843300E-2,6.464344859E-1,3.107673883E0,1.206677628E1
6.292744700E-2,-8.858546019E-1,2.535459518E0,9.761159897E0
8.291646000E-2,-2.161964178E0,2.102109194E0,7.680599213E0
1.029054740E-1,-2.049436569E0,1.503558636E0,8.370129585E0
1.229250050E-1,-1.240196466E0,1.762132406E0,9.493009567E0
1.429140190E-1,2.825157940E-1,3.014299870E0,9.672574997E0
1.629335500E-1,6.416460276E-1,3.787626982E0,8.178592682E0
1.829530810E-1,-6.536170840E-1,2.920926094E0,7.364564419E0
2.029420950E-1,-1.606509328E0,2.075772762E0,7.955932140E0
2.229311090E-1,-1.340752959E0,2.454056740E0,9.610325813E0
2.429201220E-1,-7.254431248E-1,3.124433279E0,1.067335129E1
2.629091360E-1,2.250549644E-1,3.047818661E0,1.067335129E1
2.828981500E-1,-8.954314590E-1,2.461239338E0,1.015141487E1
3.028871630E-1,-1.807622313E0,2.379836559E0,9.849745750E0
3.228761770E-1,-2.166752577E0,2.528276920E0,1.035013390E1
3.428651910E-1,-2.257732153E0,2.193088770E0,1.146343803E1
3.628542040E-1,-1.879448295E0,1.869871497E0,1.199973869E1
3.828432180E-1,-1.005564690E0,2.451662540E0,1.167652130E1
4.028627490E-1,-1.276109457E0,2.652775526E0,1.042914295E1
4.228517630E-1,-2.099714994E0,2.394201756E0,9.785101891E0
4.429018120E-1,-2.638410330E0,1.304839969E0,9.828198433E0
4.628908260E-1,-1.635239720E0,7.254431248E-1,1.080263805E1
4.829103570E-1,-4.477157295E-1,5.626373887E-1,1.186566353E1
5.028993700E-1,-2.008735180E0,-2.346317619E-1,1.166694450E1
5.229494190E-1,-3.758896589E0,-1.182735682E0,1.042674828E1
5.429384330E-1,-3.816357613E0,-1.125274777E0,1.008198357E1
5.629884820E-1,-3.157952070E0,-4.788403511E-1,9.955090523E0
5.829774950E-1,-2.291250944E0,6.775590777E-1,8.880094528E0
6.029665090E-1,-2.358288765E0,1.029506683E0,7.412448406E0
6.229250050E-1,-2.715024710E0,1.180341482E0,6.938396454E0
6.429445370E-1,-2.920926094E0,1.113303781E0,7.259219646E0
6.629335500E-1,-3.083731890E0,4.884171486E-1,7.558494568E0
6.829530810E-1,-2.920926094E0,5.291185975E-1,8.355764389E0
7.029420950E-1,-2.001552582E0,7.924807668E-1,8.877699852E0
7.229311090E-1,-1.656787634E0,1.019929886E0,8.413225174E0
7.429506400E-1,-2.001552582E0,1.137245774E0,8.030152321E0
7.629396540E-1,-2.710236311E0,7.685387731E-1,8.331821442E0
7.829591850E-1,-3.454833031E0,3.208230138E-1,9.030928612E0
8.029481990E-1,-2.355894566E0,6.775590777E-1,9.071630478E0
8.229677300E-1,-8.499416113E-1,1.941697598E0,8.578424454E0
8.429567440E-1,-9.672574997E-1,2.341529369E0,7.692570210E0
8.629457570E-1,-2.279279947E0,1.649604917E0,7.874529362E0
8.829347710E-1,-3.586514235E0,6.177040339E-1,8.942343712E0
9.029237850E-1,-2.985569477E0,6.057330370E-1,9.670180321E0
9.229127980E-1,-6.679822803E-1,1.697489023E0,1.147301483E1
9.429018120E-1,2.849099934E-1,2.774879694E0,1.042435455E1
9.628908260E-1,-3.423708379E-1,1.798045516E0,1.003170490E1
9.829103570E-1,-1.127668977E0,3.639186621E-1,1.040280628E1
1.002899370E0,-1.659181833E0,4.141969085E-1,1.220324612E1
1.022918902E0,2.992752194E-1,7.062895298E-1,1.275151825E1
1.042907915E0,2.389413357E0,1.831564307E0,1.208353615E1
1.062927447E0,3.948038578E0,1.584961534E0,1.435563374E1
1.082916460E0,-1.580173075E-1,2.346317619E-1,1.187524033E1
1.102874956E0,2.633621916E-2,-1.549048543E0,9.801861763E0
1.122894488E0,1.508347094E-1,-2.322375536E0,1.199495029E1
1.142883501E0,1.453280449E0,-3.543418646E-1,1.277067184E1
1.162872515E0,2.087743998E0,-2.489969730E-1,1.160469532E1
1.182892046E0,1.860294700E0,-7.852981687E-1,9.512163162E0
1.202881060E0,7.972691655E-1,-2.873041928E-1,6.974309444E0
1.222870074E0,1.915361285E-1,-3.615244627E-1,7.062894821E0
1.242859087E0,2.394201700E-3,-1.082179189E0,7.730877399E0
1.262848101E0,1.608903527E0,3.136404157E-1,8.327033043E0
1.282867632E0,7.709329724E-1,-5.410895944E-1,7.031770229E0
1.302887163E0,8.307880163E-1,-5.291185975E-1,7.218518257E0
1.322876177E0,1.508347094E-1,-3.591302410E-2,8.078036308E0
1.342865191E0,2.633621916E-2,-1.484405100E-1,7.484274387E0
1.362854204E0,-4.261679053E-1,3.878606856E-1,6.610390663E0
1.382843218E0,-1.508347094E-1,6.703764796E-1,7.632715225E0
1.402832232E0,5.027823523E-2,4.501099288E-1,8.908824921E0
1.422851763E0,2.633621991E-1,6.823474765E-1,8.951920509E0
1.442840777E0,-5.698199868E-1,4.716577232E-1,9.126696587E0
1.462799273E0,-3.567360640E-1,8.379706144E-1,9.926360130E0
1.482788287E0,-6.009446383E-1,4.572925270E-1,1.085291672E1
1.502807818E0,-2.466027737E-1,-2.130839527E-1,1.078827286E1
1.522796831E0,3.471592367E-1,-4.357447028E-1,1.085291672E1
1.542785845E0,3.399766386E-1,-8.092401624E-1,1.143231297E1
1.562774859E0,-1.412578970E-1,-7.158663273E-1,1.104205799E1
1.582763872E0,-1.338358760E0,-4.668693244E-1,9.916783333E0
1.602752886E0,-2.389413357E0,-2.633621991E-1,1.076433086E1
1.622772417E0,-1.874659896E0,-7.613561153E-1,1.266772079E1
1.642761431E0,-9.528923035E-1,-1.357512355E0,1.226788998E1
1.662750445E0,-7.900865674E-1,-1.297657371E0,1.107318306E1
1.682739458E0,-1.156399369E0,-6.320692301E-1,9.854534149E0
1.702728472E0,-1.766920805E0,2.394201700E-3,8.676587105E0
1.722748003E0,-1.774103403E0,2.394201700E-3,8.382100105E0
1.742737017E0,-1.790862918E0,-2.346317619E-1,8.944737434E0
1.762756548E0,-1.551442742E0,-1.173158810E-1,8.853757858E0
1.782745562E0,-2.413355350E0,1.149216816E-1,8.511386871E0
1.802795611E0,-1.630451322E0,5.267243832E-2,8.188169479E0
1.822784624E0,-6.727706790E-1,4.788403399E-3,8.592789650E0
1.842804156E0,-7.158663273E-1,1.843535304E-1,7.783549786E0
1.862793169E0,-6.392518282E-1,2.729389966E-1,7.278373241E0
1.882782183E0,-8.020575643E-1,2.753331959E-1,7.852981567E0
1.902801714E0,-1.747767180E-1,1.867477298E-1,8.825027466E0
1.922851763E0,-1.580173075E-1,4.405331016E-1,8.051700592E0
1.942840777E0,-5.506663918E-1,6.392518282E-1,6.806715488E0
1.962890826E0,-1.146822572E0,7.230489254E-1,7.539340973E0
1.982879839E0,-7.565677166E-1,7.517793179E-1,8.781931877E0
2.002868853E0,-2.298433632E-1,9.289502501E-1,8.611943245E0
2.022857867E0,-2.633621991E-1,1.130063176E0,8.825027466E0
2.042846880E0,-1.012747288E0,9.935936928E-1,9.811438560E0
2.062835894E0,-7.685387731E-1,4.668693244E-1,1.143470764E1
2.082824908E0,1.795651317E-1,1.556231081E-1,1.339795303E1
2.102813921E0,1.106121182E0,3.423708379E-1,1.357033539E1
2.122833453E0,1.206677675E0,6.272808313E-1,1.240675354E1
2.142852984E0,5.195417404E-1,1.170764685E0,1.129584408E1
2.162841997E0,1.034295082E0,1.019929886E0,1.086728191E1
2.182831011E0,9.911994934E-1,5.267243832E-2,1.080503273E1
2.202820025E0,8.140285611E-1,-8.619126081E-1,1.206198788E1
2.222809038E0,6.464344859E-1,-1.338358760E0,1.337401104E1
2.242798052E0,7.852981687E-1,-1.273715258E0,1.172679996E1
2.262817583E0,1.149216771E0,-7.445967197E-1,8.947132111E0
2.282806597E0,1.256955862E0,-5.554547906E-1,9.217676163E0
2.302765093E0,1.240196466E0,-9.576806799E-3,9.710882187E0
2.322754107E0,1.048660398E0,5.937620401E-1,8.497021675E0
2.342773638E0,1.048660398E0,7.733271718E-1,6.981492043E0
2.362762652E0,1.048660398E0,2.801215947E-1,6.509834290E0
2.382782183E0,6.153098345E-1,2.178723514E-1,7.015010834E0
2.402771197E0,3.543418646E-1,1.412578970E-1,7.213729858E0
2.422760210E0,1.604115069E-1,1.915361285E-1,7.821856976E0
2.442779742E0,4.070143029E-2,-1.125274822E-1,7.718906403E0
2.462768755E0,4.644751251E-1,2.561795712E-1,7.412448406E0
2.482757769E0,1.316810995E-1,8.451532125E-1,7.419631004E0
2.502777300E0,-5.506663769E-2,1.271321058E0,7.350199223E0
2.522766314E0,-2.298433632E-1,1.735796213E0,6.596025467E0
2.542785845E0,-2.394201756E-1,2.044648170E0,6.785167694E0
2.562774859E0,1.843535304E-1,2.018311977E0,7.987056732E0
2.582733355E0,2.705447972E-1,1.980004787E0,9.586383820E0
2.602752886E0,-3.519476354E-1,1.862688899E0,1.045547867E1
2.622741900E0,-3.663128614E-1,1.774103403E0,1.089361763E1
2.642761431E0,1.292868853E-1,1.752555609E0,1.142991924E1
2.662780962E0,-4.477157295E-1,1.292868972E0,1.169088650E1
2.682769976E0,-1.058237195E0,1.048660398E0,1.240196514E1
2.702758990E0,-1.587355733E0,6.991068721E-1,1.339316463E1
2.722748003E0,-1.731007814E0,5.267243981E-1,1.335006905E1
2.742737017E0,-1.936909199E0,6.655880809E-1,1.095107841E1
2.762756548E0,-2.260126352E0,6.320692301E-1,8.995016098E0
2.782745562E0,-2.293645144E0,7.182605099E-3,9.102754593E0
2.802734576E0,-2.580949545E0,-7.134721279E-1,1.132696819E1
2.822754107E0,-2.343923569E0,-9.696516991E-1,1.314895535E1
2.842743120E0,-2.166752577E0,-7.589619160E-1,1.252885723E1
2.862762652E0,-2.248155355E0,-3.327940404E-1,9.469067574E0
2.882751665E0,-2.985569477E0,-2.633621916E-2,7.922413349E0
2.902771197E0,-3.083731890E0,2.633621991E-1,8.410830498E0
2.922760210E0,-2.494758129E0,2.609679997E-1,8.468291283E0
2.942749224E0,-2.245761156E0,3.399766386E-1,7.879317760E0
2.962738238E0,-2.238578558E0,5.051765442E-1,6.825869083E0
2.982757769E0,-2.274491549E0,5.123591423E-1,6.478709698E0
3.002746783E0,-2.269703150E0,5.123591423E-1,7.149086475E0
3.022735796E0,-1.642422318E0,5.530605912E-1,7.987056732E0
3.042755328E0,-1.343147159E0,6.584054828E-1,8.731653214E0
3.062744341E0,-1.417367458E0,6.775590777E-1,7.848193169E0
3.082794390E0,-1.742978811E0,8.595184088E-1,6.531382084E0
3.102783404E0,-1.922544003E0,1.151610970E0,7.343016624E0
3.122772417E0,-1.465251446E0,1.151610970E0,8.990227699E0
3.142761431E0,-1.623268723E0,1.233013868E0,8.669404030E0
3.162750445E0,-1.611297727E0,1.405396342E0,8.267178535E0
3.182739458E0,-1.058237195E0,1.233013868E0,8.925583839E0
3.202728472E0,-3.351882398E-1,1.508347034E0,9.655815125E0
3.222748003E0,-6.727706790E-1,1.673547029E0,9.533711433E0
3.242737017E0,-1.177947283E0,1.455674648E0,1.089361763E1
3.262726031E0,-9.911994934E-1,7.876923680E-1,1.336203957E1
3.282715044E0,-6.751648784E-1,5.291185975E-1,1.419761562E1
3.302734576E0,-6.105214357E-1,6.105214357E-1,1.248815632E1
3.322723589E0,-7.948749661E-1,1.089361787E0,1.045787334E1
3.342682085E0,-6.368576288E-1,1.446097851E0,9.662998199E0
3.362671099E0,-1.077390760E-1,1.276109457E0,1.015859795E1
3.382690630E0,2.729389966E-1,7.613561153E-1,1.091995430E1
3.402679644E0,7.972691655E-1,2.322375625E-1,1.125753593E1
3.422638140E0,8.714894056E-1,1.292868853E-1,1.105881786E1
3.442657671E0,6.871358752E-1,2.873041928E-1,1.093192482E1
3.462677203E0,8.954314590E-1,4.860229492E-1,1.050815105E1
3.482666216E0,1.450886250E0,6.488286853E-1,1.018732834E1
3.502655230E0,1.381454349E0,8.762778044E-1,9.265560150E0
3.522644244E0,7.733271718E-1,1.223437071E0,8.157045364E0
3.542633257E0,8.236053586E-1,1.122880578E0,7.149086475E0
3.562622271E0,8.475474119E-1,1.036689281E0,6.514622688E0
3.582641802E0,5.722141862E-1,8.451532125E-1,7.000645638E0
3.602630816E0,4.213795066E-1,8.690952063E-1,7.316680431E0
3.622589312E0,2.729389966E-1,9.624691010E-1,7.082048416E0
3.642608843E0,3.854664862E-1,1.022324085E0,6.809109688E0
3.662597857E0,5.746083856E-1,1.211466074E0,7.493851185E0
3.682586870E0,7.302315235E-1,1.316810966E0,7.924807549E0
3.702545367E0,9.672574997E-1,1.644816518E0,8.286332130E0
3.722534380E0,6.679822803E-1,1.855506301E0,8.360552788E0
3.742553912E0,5.626373887E-1,2.020706177E0,7.953537941E0
3.762542925E0,4.357447028E-1,2.145204782E0,8.324639320E0
3.782531939E0,3.734954596E-1,2.281674147E0,9.179368973E0
3.802490435E0,-9.816227108E-2,2.138022184E0,1.018972206E1
3.822509966E0,2.633621916E-2,1.874659896E0,1.050096893E1
3.842498980E0,-3.974374831E-1,1.721431017E0,1.110670185E1
3.862518511E0,-5.339069963E-1,1.273715258E0,1.131978607E1
3.882507525E0,-1.098938584E0,8.619126081E-1,1.219606304E1
3.902496538E0,-1.762132406E0,7.781155705E-1,1.258631802E1
3.922516070E0,-2.054224968E0,7.541735172E-1,1.154244614E1
3.942535601E0,-2.193088770E0,1.460463107E-1,1.136288166E1
3.962524615E0,-2.444479942E0,-6.105214357E-1,1.190157700E1
3.982513628E0,-2.375048161E0,-1.007958889E0,1.264377880E1
4.002502642E0,-1.929726601E0,-8.283938169E-1,1.222239971E1
4.022522173E0,-1.417367458E0,-4.548983276E-1,1.104445267E1
4.042511187E0,-1.508347034E0,5.985504389E-2,1.000776291E1
4.062500201E0,-1.623268723E0,3.519476354E-1,8.518569946E0
4.082519732E0,-1.362300754E0,5.003881454E-1,7.843404770E0
4.102508745E0,-1.458068848E0,6.392518282E-1,7.556100368E0
4.122497759E0,-1.280897856E0,5.698199868E-1,7.817068577E0
4.142486773E0,-1.204283476E0,3.926490843E-1,8.257601738E0
4.162475787E0,-1.235408068E0,5.961562395E-1,7.721300602E0
4.182464800E0,-1.381454349E0,7.374141216E-1,7.319074631E0
4.202453814E0,-9.193734527E-1,7.996633649E-1,7.422025204E0
4.222442828E0,-7.493851185E-1,7.110779285E-1,7.845798969E0
4.242431841E0,-1.295263171E0,7.038952708E-1,8.008605003E0
4.262420855E0,-1.522712231E0,3.806780577E-1,8.544905663E0
4.282409869E0,-1.419761658E0,1.759738207E0,8.159439087E0
4.302398882E0,-1.460463047E0,1.328781962E0,7.881711960E0
4.322448931E0,-1.273715258E0,1.096544385E0,7.354987621E0
4.342437945E0,-1.027112484E0,1.029506683E0,8.894459724E0
4.362457476E0,-6.512228847E-1,1.185129881E0,9.390059471E0
4.382446490E0,-7.469909191E-1,1.446097851E0,9.916783333E0
4.402435503E0,-4.860229492E-1,9.744400978E-1,1.037647057E1
4.422424517E0,-6.679822803E-1,7.469909191E-1,1.059913063E1
4.442444048E0,-5.506663769E-2,3.974374831E-1,1.109473038E1
4.462433062E0,7.158663273E-1,2.657563984E-1,1.271321106E1
4.482452593E0,1.072602391E0,4.620809257E-1,1.395580196E1
4.502441607E0,7.637503147E-1,9.576807022E-1,1.253125191E1
4.522461138E0,4.932055473E-1,1.295263171E0,1.021366405E1
4.542480669E0,4.118026793E-1,1.314416766E0,1.007240677E1
4.562469683E0,8.403648138E-1,7.900865674E-1,1.103966427E1
4.582458697E0,1.611297727E0,7.422025502E-2,1.250012684E1
4.602447710E0,2.035071373E0,-4.453215301E-1,1.302924538E1
4.622436724E0,1.917755604E0,-2.801215947E-1,1.231577396E1
4.642425738E0,1.367089152E0,-4.788403399E-3,1.125753593E1
4.662414751E0,1.599326730E0,1.747767180E-1,9.856928825E0
4.682403765E0,1.288080573E0,3.519476354E-1,8.829815865E0
4.702392779E0,9.576807022E-1,1.723825186E-1,7.817068577E0
4.722381792E0,1.039083481E0,5.027823448E-1,7.572859764E0
4.742370806E0,1.118092179E0,4.118026793E-1,6.646304131E0
4.762359820E0,1.486799240E0,3.423708379E-1,6.356605530E0
4.782348833E0,1.173158884E0,3.112462163E-2,7.304709435E0
4.802337847E0,3.303998411E-1,2.513911724E-1,7.350199223E0
4.822326861E0,2.370259613E-1,6.344634295E-1,7.024587631E0
4.842315874E0,7.517793179E-1,9.265560508E-1,6.536170483E0
4.862304888E0,7.110779285E-1,1.029506683E0,6.514622688E0
4.882293902E0,9.504981041E-1,1.388636947E0,7.326257229E0
4.902282915E0,7.517793179E-1,1.814804912E0,8.085219383E0
4.922302447E0,4.213795066E-1,2.094926596E0,7.994239330E0
4.942321978E0,6.296750307E-1,2.138022184E0,8.027758598E0
4.962310992E0,9.097966552E-1,2.190694571E0,8.542511940E0
4.982269488E0,4.381389022E-1,2.583343744E0,8.798690796E0
5.002289019E0,5.985504389E-2,2.585737944E0,9.337387085E0
5.022278033E0,-1.819593310E-1,2.291250944E0,1.008198357E1
5.042297564E0,-6.560112834E-1,2.214636564E0,1.073320580E1
5.062317095E0,-2.298433632E-1,2.255337954E0,1.131020927E1
5.082306109E0,-7.086837292E-1,2.023100376E0,1.278024864E1
5.102295122E0,-1.015141487E0,1.754949808E0,1.337401104E1
5.122345171E0,-1.544260144E0,1.692700624E0,1.255519390E1
5.142334185E0,-1.616086125E0,1.496376038E0,1.062307262E1
5.162353716E0,-1.541865945E0,8.427590132E-1,9.516951561E0
5.182342730E0,-2.236184359E0,4.429273009E-1,1.076193619E1
5.202301226E0,-2.458845139E0,-4.070143029E-2,1.263180828E1
5.222320757E0,-1.831564307E0,7.422025502E-2,1.179623222E1
5.242309771E0,-1.572990537E0,2.418143749E-1,9.876082420E0
5.262298785E0,-1.759738207E0,5.602431893E-1,8.851364136E0
5.282287798E0,-1.587355733E0,7.757213712E-1,9.821015358E0
5.302276812E0,-1.517923832E0,8.307880163E-1,9.332598686E0
5.322296343E0,-1.802833915E0,1.194706678E0,7.747636795E0
5.342315874E0,-1.908178806E0,1.173158884E0,6.502651691E0
5.362304888E0,-1.582567334E0,1.031900883E0,6.907271862E0
5.382293902E0,-1.187524080E0,8.140285611E-1,8.178592682E0
5.402313433E0,-1.094150186E0,8.068459630E-1,8.276755333E0
5.422332964E0,-1.721431017E0,1.094150186E0,7.948749542E0
5.442291460E0,-1.163581967E0,9.265560508E-1,7.371747017E0
5.462310992E0,-7.110779285E-1,1.089361787E0,7.264008045E0
5.482300005E0,-1.010353088E0,1.223437071E0,7.194576263E0
5.502289019E0,-9.050082564E-1,1.256955862E0,8.037335396E0
5.522278033E0,-8.523358107E-1,1.292868972E0,8.851364136E0
5.542236529E0,-9.169792533E-1,1.460463047E0,9.021351814E0
5.562256060E0,-9.840168953E-1,1.534683347E0,8.434772491E0
5.582245074E0,-9.026140571E-1,1.608903527E0,8.137891769E0
5.602234087E0,-1.015141487E0,1.371877551E0,8.896853447E0
5.622223101E0,-9.265560508E-1,1.357512355E0,1.039083576E1
5.642242632E0,-6.320692301E-1,1.371877551E0,1.078827286E1
5.662231646E0,-6.775590777E-1,1.142034173E0,9.921571732E0
5.682220660E0,-5.434837937E-1,7.876923680E-1,1.073081207E1
5.702179156E0,-1.244984865E-1,5.865794420E-1,1.212902546E1
5.722168169E0,1.077390760E-1,5.482721925E-1,1.220085144E1
5.742157183E0,5.458779931E-1,6.799532771E-1,1.217690945E1
5.762146197E0,9.409212470E-1,8.643068075E-1,1.170046329E1
5.782135210E0,8.619126081E-1,2.896983922E-1,1.174595356E1
5.802154742E0,1.017535686E0,-4.022258818E-1,1.276109505E1
5.822174273E0,1.309628367E0,-5.315127969E-1,1.314656162E1
5.842163287E0,1.041477680E0,-2.513911724E-1,1.181299114E1
5.862121783E0,1.029506683E0,1.436520964E-1,1.042195988E1
5.882141314E0,1.137245774E0,3.591302633E-1,9.433155060E0
5.902160845E0,1.295263171E0,5.099649429E-1,8.817844391E0
5.922149859E0,1.039083481E0,4.070142806E-1,7.896077156E0
5.942138872E0,1.029506683E0,3.543418646E-1,8.384494781E0
5.962127886E0,8.858546019E-1,2.873041928E-1,8.164227486E0
5.982086382E0,1.053448796E0,3.375824392E-1,7.565677166E0
6.002075396E0,1.115697980E0,4.525041282E-1,7.113173485E0
6.022033892E0,7.493851185E-1,4.213795066E-1,7.587224960E0
6.042022906E0,5.817909837E-1,2.633621991E-1,8.937555313E0
6.061981402E0,7.302315235E-1,2.873041928E-1,9.358934402E0
6.082000933E0,6.464344859E-1,6.607996821E-1,7.912836552E0
6.101959429E0,7.326257229E-1,1.007958889E0,6.696582317E0
6.121978960E0,6.272808313E-1,1.237802267E0,7.074865818E0
6.141937456E0,4.213795066E-1,1.367089152E0,8.135497093E0
6.161926470E0,7.852981687E-1,1.565807939E0,9.227252960E0
6.181915484E0,1.127668977E0,1.905784607E0,9.758766174E0
6.201904497E0,1.618480325E0,1.810016513E0,8.963891029E0
6.221862994E0,1.027112484E0,1.812410712E0,8.858546257E0
6.241852007E0,-2.418143749E-1,1.838746905E0,9.763554573E0
6.261810503E0,2.633621916E-2,1.486799240E0,1.128387260E1
6.281799517E0,1.891419291E-1,2.609679997E-1,1.247139645E1
6.301758013E0,-4.309562966E-2,7.996633649E-1,1.208353615E1
6.321777544E0,-7.900865674E-1,1.441309452E0,1.091755962E1
6.341736040E0,-2.111685991E0,1.685518026E0,9.689333916E0
6.361755572E0,-2.075772762E0,1.613691926E0,9.861717224E0
6.381714068E0,-2.303221941E0,1.237802267E0,1.013226128E1
6.401703081E0,-2.106897593E0,7.613561153E-1,1.076433086E1
6.421692095E0,-1.379060149E0,2.609679997E-1,1.115458584E1
6.441681109E0,-9.696516991E-1,1.580173075E-1,1.062307262E1
6.461670122E0,-1.556231141E0,7.517793179E-1,9.679757118E0
6.481659136E0,-2.662352324E0,1.173158884E0,9.038111687E0
6.501648150E0,-2.537853718E0,1.467645645E0,9.548076630E0
6.521637163E0,-1.292868972E0,1.182735682E0,9.495404243E0
6.541626177E0,-4.836287498E-1,1.185129881E0,8.643068314E0
6.561615191E0,-2.202665508E-1,1.125274777E0,7.613561630E0
6.581604204E0,-1.302445769E0,1.110909581E0,7.400477409E0
6.601593218E0,-2.770091295E0,1.948880196E0,8.379706383E0
6.621582232E0,-1.460463047E0,1.683123827E0,8.281543732E0
6.641571245E0,-3.160346150E-1,1.304839969E0,8.006210327E0
6.661560259E0,-8.882488012E-1,1.367089152E0,7.225700855E0
6.681549273E0,-1.312022567E0,1.572990537E0,7.204153061E0
6.701538287E0,-9.720458984E-1,1.273715258E0,7.977479935E0
6.721527300E0,-3.782838583E-1,1.139639974E0,8.990227699E0
6.741516314E0,-5.434837937E-1,1.338358760E0,8.858546257E0
6.761505328E0,-1.168370485E0,1.692700624E0,8.046912193E0
6.781494341E0,-1.467645645E0,1.838746905E0,8.195352554E0
6.801483355E0,-1.651999116E0,2.116474390E0,8.734047890E0
6.821472369E0,-1.441309452E0,2.154781580E0,9.370905876E0
6.841461382E0,-1.091755986E0,2.051830769E0,9.945513725E0
6.861450396E0,-8.331822157E-1,1.896207690E0,1.011310768E1
6.881408892E0,-9.241618514E-1,1.838746905E0,1.061110210E1
6.901428423E0,-1.024718285E0,1.900996208E0,1.138682365E1
6.921386919E0,-4.165911078E-1,1.527500629E0,1.250012684E1
6.941406451E0,4.525041282E-1,1.491587639E0,1.178426075E1
6.961364947E0,4.692635238E-1,1.680729628E0,1.118570995E1
6.981384478E0,2.346317619E-1,1.613691926E0,1.102290440E1
7.001373492E0,-2.729389966E-1,7.182605267E-1,1.141076565E1
7.021362505E0,7.422025502E-2,-2.633621916E-2,1.314177322E1
7.041351519E0,7.038952708E-1,-1.963245422E-1,1.330218506E1
7.061340533E0,7.015010715E-1,2.873042040E-2,1.139400578E1
7.081360064E0,5.267243981E-1,6.200982332E-1,1.003888798E1
7.101379595E0,4.525041282E-1,1.039083481E0,9.346963882E0
7.121368609E0,1.532289088E-1,1.271321058E0,9.141061783E0
7.141388140E0,-3.711012602E-1,1.163581967E0,7.817068577E0
7.161346636E0,3.112462163E-2,1.352723956E0,7.513004780E0
7.181366167E0,5.578489900E-1,9.864110947E-1,7.788338184E0
7.201355181E0,3.040636182E-1,8.667010069E-1,7.785943985E0
7.221313677E0,-3.950432837E-1,1.010353088E0,7.824251175E0
7.241333208E0,-2.705447972E-1,1.053448796E0,8.212111473E0
7.261352740E0,-3.902548850E-1,1.570596337E0,8.152256966E0
7.281341753E0,2.489969730E-1,9.289502501E-1,6.584054470E0
7.301330767E0,4.070143029E-2,1.896207690E0,6.873753071E0
7.321289263E0,-3.136404157E-1,1.881842494E0,7.457938194E0
7.341308794E0,3.663128614E-1,2.200271368E0,7.805097580E0
7.361267290E0,4.788403213E-2,2.418143749E0,8.118738174E0
7.381286822E0,5.937620401E-1,2.185906172E0,8.777143478E0
7.401275835E0,-3.591302410E-2,2.384624958E0,8.566453934E0
7.421234331E0,-7.182605267E-1,2.401384354E0,9.210494041E0
7.441223345E0,-4.788403213E-2,1.886630893E0,1.157357121E1
7.461212359E0,3.351882398E-1,1.443703651E0,1.278503704E1
7.481201372E0,-2.609679997E-1,2.296039343E0,1.264856720E1
7.501190386E0,-1.501164436E0,2.276885748E0,1.111867237E1
7.521179400E0,-1.920149803E0,2.595314741E0,1.031182671E1
7.541168413E0,-1.283292055E0,2.284068346E0,1.061110210E1
7.561187945E0,-1.793257117E0,1.448492050E0,1.076193619E1
7.581207476E0,-2.063801765E0,8.044517636E-1,1.124556541E1
7.601196490E0,-2.173935175E0,7.972691655E-1,1.171482849E1
7.621185503E0,-1.572990537E0,1.034295082E0,1.024957752E1
7.641143999E0,-1.781286120E0,1.381454349E0,9.294290543E0
7.661163531E0,-2.183511972E0,1.455674648E0,9.610325813E0
7.681152544E0,-2.844311714E0,1.637633920E0,9.198522568E0
7.701141558E0,-2.913743496E0,1.666364431E0,8.791508675E0
7.721100054E0,-2.327163935E0,1.726219416E0,8.595184326E0
7.741119585E0,-2.111685991E0,1.515529633E0,7.922413349E0
7.761108599E0,-2.030282974E0,1.561019540E0,7.936778545E0
7.781097613E0,-1.383848548E0,1.515529633E0,8.566453934E0
7.801086626E0,-8.212111592E-1,1.312022567E0,8.116343498E0
7.821075640E0,-1.644816518E0,1.719036818E0,7.773972988E0
7.841064654E0,-1.762132406E0,1.723825216E0,7.656657219E0
7.861023150E0,-1.273715258E0,1.630451322E0,8.609549522E0
7.881073199E0,-1.752555609E0,1.290474772E0,9.097966194E0
7.901062212E0,-1.972822189E0,1.635239720E0,8.362946510E0
7.921051226E0,-2.068590164E0,2.044648170E0,8.516175270E0
7.941009722E0,-2.056619167E0,2.049436569E0,7.635109425E0
7.960998736E0,-1.699883223E0,2.001552582E0,8.073247910E0
7.981018267E0,-1.599326730E0,2.152387381E0,9.102754593E0
8.001007281E0,-1.441309452E0,2.298433542E0,9.768342972E0
8.020996294E0,-1.850717902E0,2.437297344E0,9.780313492E0
8.041015826E0,-2.317587137E0,2.597708941E0,1.066616821E1
8.061035357E0,-1.673547029E0,2.312798738E0,1.094629002E1
8.081024370E0,-1.417367458E0,2.422932148E0,1.066856289E1
8.100982867E0,-1.010353088E0,2.272097349E0,1.140118885E1
8.121002398E0,-1.089361787E0,2.391807556E0,1.095107841E1
8.140991412E0,-1.400607944E0,2.209848166E0,9.787496567E0
8.160980425E0,-1.314416766E0,1.699883223E0,1.056321812E1
8.180969439E0,-1.072602391E0,1.122880578E0,1.170764637E1
8.200988970E0,-4.548983276E-1,7.829039693E-1,1.138682365E1
8.221008501E0,-8.379705995E-2,1.290474772E0,1.047223854E1
8.240966997E0,-9.026140571E-1,2.039859772E0,4.261679173E0
8.260986529E0,-1.920149803E0,2.075772762E0,5.269638062E0
8.280975542E0,-1.027112484E0,1.522712231E0,1.057518864E1
8.300934038E0,-1.647210717E0,1.388636947E0,1.155681133E1
8.320953570E0,-6.512228847E-1,1.333570361E0,9.035717010E0
8.340942583E0,-1.290474772E0,1.836352706E0,7.192182064E0
8.360901079E0,-3.543418646E-1,2.300827742E0,5.322310448E0
8.377150733E0,-4.759673119E0,4.007893562E0,3.948038578E0
8.397139747E0,-3.548206806E0,3.804386616E0,9.133879662E0
8.417098243E0,-4.527435303E0,2.975992680E0,8.877699852E0
8.437087257E0,-5.542576790E0,2.851494312E0,4.570530891E0
8.457106788E0,-4.170699596E0,3.596091032E0,5.930437565E0
8.477095801E0,-2.616862535E0,4.218583584E0,9.627084732E0
8.497084815E0,-4.015076160E0,3.509899616E0,1.005085850E1
8.517073829E0,-5.037400246E0,2.456450939E0,1.056800652E1
8.537032325E0,-4.553771496E0,2.262520552E0,8.908824921E0
8.557021339E0,-4.046200752E0,2.956839085E0,7.283161640E0
8.577040870E0,-2.746149302E0,3.258508444E0,8.295908928E0
8.597029884E0,-1.230619669E0,4.635174274E0,1.132217979E1
8.617018897E0,-9.002198577E-1,4.031835556E0,1.013226128E1
8.637007911E0,-1.867477298E0,2.269703150E0,6.739677906E0
8.656996925E0,-2.082955539E-1,2.612074137E0,1.103966427E1
8.676985938E0,7.517793179E-1,2.791639090E0,1.243069553E1
8.697005469E0,-1.036689281E0,1.271321058E0,1.150413895E1
8.716994483E0,-2.252943754E0,6.703764796E-1,9.402029991E0
8.737014014E0,-6.775590777E-1,1.721431017E0,9.157821655E0
8.757003028E0,1.165976286E0,2.530671120E0,9.866505623E0
8.776992042E0,9.002198577E-1,1.781286120E0,1.032379818E1
8.796981055E0,-3.615244627E-1,1.070208192E0,9.050082207E0
8.816970069E0,-1.022324085E0,3.112462163E-1,8.530540466E0
8.836959083E0,-6.296750307E-1,6.105214357E-1,9.730035782E0
8.856948096E0,8.978256583E-1,1.611297727E0,1.137006378E1
8.876967628E0,5.554547906E-1,1.637633920E0,1.077390766E1
8.896956641E0,-1.139639974E0,7.158663273E-1,8.961497307E0
8.916945655E0,-1.529894829E0,8.834604025E-1,7.975085735E0
8.936934669E0,-9.648633003E-1,1.692700624E0,8.497021675E0
8.956923682E0,6.871358752E-1,2.861071110E0,9.744400978E0
8.976882178E0,9.313444495E-1,3.303998232E0,1.046745014E1
8.996871192E0,-5.913678408E-1,1.953668594E0,9.313444138E0
9.016890723E0,-1.865083098E0,1.891419291E0,9.114726067E0
9.036879737E0,-2.396595955E0,2.588132143E0,9.775525093E0
9.056899268E0,-1.197100878E0,3.371036053E0,1.146104336E1
9.076888282E0,-7.182605099E-3,2.858676910E0,1.086009884E1
9.096846778E0,-9.313444495E-1,2.547430515E0,1.012986755E1
9.116835792E0,-2.449268341E0,2.571372509E0,1.110909557E1
9.136824805E0,-2.461239338E0,2.056619167E0,1.188721180E1
9.156813819E0,-1.441309452E0,1.570596337E0,1.202846909E1
9.176802833E0,1.651999205E-1,2.166752577E0,1.163103199E1
9.196791846E0,0.000000000E0,2.118868589E0,9.835380554E0
9.216811378E0,-1.367089152E0,6.488286853E-1,9.351752281E0
9.236800391E0,-2.468421936E0,-6.224924326E-2,9.940725327E0
9.256789405E0,-2.585737944E0,-2.202665508E-1,8.623914719E0
9.276778419E0,-1.642422318E0,-1.484405100E-1,8.997409821E0
9.296767432E0,1.134851575E0,1.505952835E0,1.279700851E1
9.316756446E0,-3.337517262E0,-6.464344263E-2,9.794678688E0
9.336745460E0,-2.073378563E0,4.453215301E-1,7.884106159E0
9.356734473E0,1.414973259E0,2.039859772E0,1.249533844E1
9.376723487E0,-3.703830004E0,7.589619160E-1,7.912836552E0
9.396712501E0,2.561795712E-1,1.106121182E0,4.311957359E0
9.416701514E0,-1.819593310E-1,2.336740971E0,7.247248650E0
9.436690528E0,-3.411737442E0,-2.018311977E0,8.398859978E0
9.456679542E0,-1.211466074E0,1.058237195E0,4.905719280E0
9.476668555E0,1.180341482E0,2.674323320E0,4.311957359E0
9.496657569E0,-1.647210717E0,1.345541358E0,8.583212852E0
9.516646583E0,-1.118092179E0,1.106121182E0,9.018958092E0
9.536666114E0,-1.218648672E0,9.193734527E-1,9.488221169E0
9.556655128E0,-4.716577232E-1,1.740584612E0,8.853757858E0
9.576644141E0,7.541735172E-1,1.204283476E0,8.980650902E0
9.596663673E0,-8.403648138E-1,1.460463047E0,9.713275909E0
9.616652686E0,-1.486799240E0,2.446874142E0,1.219366932E1
9.636641700E0,-5.961562395E-1,1.575384736E0,1.255998230E1
9.656630714E0,1.266532660E0,1.323993564E0,1.198297977E1
9.676650245E0,1.561019540E0,4.644751251E-1,1.157596493E1
9.696639259E0,1.434126854E0,8.810662031E-1,1.128147888E1
9.716689307E0,4.285621047E-1,8.379706144E-1,1.152089882E1
9.736678321E0,8.427590132E-1,9.193734527E-1,1.188960552E1
9.756728370E0,7.110779285E-1,4.429273009E-1,1.161187840E1
9.776717384E0,4.860229492E-1,9.576806426E-2,1.153286934E1
9.796767432E0,5.889736414E-1,-2.466027737E-1,1.122641182E1
9.816756446E0,5.315127969E-1,2.442085743E-1,1.072602367E1
9.836775977E0,9.959878922E-1,3.926490843E-1,1.046505547E1
9.856764991E0,5.698199868E-1,6.344634295E-1,9.497797966E0
9.876784522E0,2.442085743E-1,9.840168953E-1,8.286332130E0
9.896804053E0,-3.375824392E-1,1.149216771E0,7.544129372E0
9.916793067E0,-1.070208192E0,1.012747288E0,6.363788128E0
9.936812598E0,-1.407790542E0,1.376665950E0,6.888118267E0
9.956801612E0,-6.392518282E-1,9.289502501E-1,6.552929878E0
9.976790626E0,9.097966552E-2,8.858546019E-1,7.687781811E0
9.996779639E0,-1.029506698E-1,8.020575643E-1,8.475474358E0
1.001676865E1,-8.858546019E-1,9.313444495E-1,8.722076416E0
1.003678818E1,-5.626373887E-1,1.254561663E0,7.704541206E0
1.005677720E1,3.160346150E-1,1.460463047E0,6.603208065E0
1.007679673E1,1.558625340E0,1.470039845E0,6.983886242E0
1.009678574E1,1.805228114E0,1.714248419E0,7.345410824E0
1.011677476E1,2.585737705E-1,2.035071373E0,8.499416351E0
1.013679429E1,-9.337386489E-2,2.449268341E0,1.058476543E1
1.015678330E1,4.716577232E-1,2.276885748E0,1.015380955E1
1.017680283E1,1.640028119E0,2.425326347E0,9.016563416E0
1.019679185E1,1.278503656E0,1.711854219E0,8.437167168E0
1.021678086E1,-2.202665508E-1,9.672574997E-1,1.166455078E1
1.023676987E1,-1.405396342E0,-2.370259613E-1,1.257913589E1
1.025672837E1,-1.915361285E-1,-7.445967197E-1,1.356075859E1
1.027674790E1,7.829039693E-1,-6.512228847E-1,1.233971596E1
1.029673692E1,-1.340752989E-1,-8.523358107E-1,1.147062016E1
1.031675645E1,-1.795651317E0,-5.985504389E-1,1.201649857E1
1.033674546E1,-1.704671621E0,-5.291185975E-1,1.306994724E1
1.035673447E1,-1.417367458E0,-1.276109457E0,1.290235329E1
1.037675400E1,-2.082955539E-1,-7.685387731E-1,1.125514221E1
1.039674302E1,-1.388636976E-1,-8.858546615E-2,8.671798706E0
1.041676255E1,-1.230619669E0,1.987187415E-1,8.015787125E0
1.043675156E1,-1.103726983E0,2.777273953E-1,8.767566681E0
1.045674058E1,-3.734954596E-1,3.591302633E-1,9.291896820E0
1.047672959E1,-1.125274822E-1,2.489969730E-1,8.446743965E0
1.049671860E1,-3.830722570E-1,2.561795712E-1,7.158663273E0
1.051673814E1,-9.361328483E-1,3.663128614E-1,6.311115742E0
1.053672715E1,-1.407790542E0,3.854664862E-1,7.086836815E0
1.055674668E1,-9.576807022E-1,4.572925270E-1,8.415618896E0
1.057673569E1,-3.112462163E-1,2.322375625E-1,8.786720276E0
1.059675522E1,-5.793967843E-1,3.639186621E-1,8.291120529E0
1.061674424E1,-1.051054597E0,8.020575643E-1,7.852981567E0
1.063676377E1,-8.954314590E-1,5.674257874E-1,7.127538681E0
1.065675278E1,-4.764461517E-1,1.197100878E0,7.541735172E0
1.067674180E1,7.350199223E-1,1.005564690E0,8.523358345E0
1.069676133E1,1.328781962E0,1.218648672E0,9.454702377E0
1.071675034E1,1.247379065E0,1.343147159E0,9.583989143E0
1.073673936E1,7.900865376E-2,1.649604917E0,9.414001465E0
1.075672837E1,-1.149216816E-1,1.893813491E0,9.847352028E0
1.077668687E1,4.070143029E-2,1.553836942E0,1.090319443E1
1.079670640E1,6.033388376E-1,1.110909581E0,1.167891598E1
1.081669541E1,1.295263171E0,9.911994934E-1,1.240675354E1
1.083668443E1,1.120486379E0,9.648633003E-1,1.271799946E1
1.085670396E1,1.333570361E0,1.352723956E0,1.158075333E1
1.087669297E1,1.381454349E0,6.296750307E-1,1.114261436E1
1.089671250E1,1.572990537E0,-3.399766386E-1,1.142752457E1
1.091670151E1,1.314416766E0,-5.363011956E-1,1.131499767E1
1.093672105E1,5.434837937E-1,-7.445967197E-1,1.080024433E1
1.095671006E1,9.528923035E-1,-3.854664862E-1,9.950302124E0
1.097669907E1,1.764526606E0,2.873042040E-2,9.785101891E0
1.099668809E1,2.154781580E0,6.248866320E-1,8.631096840E0
1.101667710E1,2.205059767E0,7.254431248E-1,7.491456985E0
1.103666611E1,1.266532660E0,7.757213712E-1,7.493851185E0
1.105665513E1,8.643068075E-1,7.685387731E-1,7.671022415E0
1.107667466E1,6.177040339E-1,5.722141862E-1,7.570465565E0
1.109666367E1,9.217676520E-1,7.038952708E-1,7.230489254E0
1.111665269E1,1.098938584E0,9.169792533E-1,6.866570473E0
1.113667222E1,1.558625340E0,5.243301988E-1,7.505822182E0
1.115666123E1,1.814804912E0,3.734954596E-1,7.848193169E0
1.117661973E1,1.304839969E0,6.679822803E-1,8.413225174E0
1.119663926E1,1.211466074E0,1.072602391E0,9.959878922E0
1.121662827E1,2.305616140E0,1.843535304E0,9.215282440E0
1.123664780E1,4.426878929E0,3.189076662E0,7.764396191E0
1.125663682E1,2.604891539E0,2.782062292E0,9.440337181E0
1.127665635E1,1.508347094E-1,1.486799240E0,7.343016624E0
1.129667588E1,-3.040636063E0,1.127668977E0,8.791508675E0
1.131666489E1,-2.286462545E0,1.872265697E0,1.068532181E1
1.133668443E1,-5.913678408E-1,3.040636063E0,9.033323288E0
1.135667344E1,-1.742978811E0,2.264914751E0,9.605537415E0
1.137666245E1,-3.280056238E0,1.036689281E0,1.181777954E1
1.139665147E1,-4.417302132E0,-1.364694983E-1,1.477940750E1
1.141664048E1,-2.375048161E0,9.552865028E-1,1.484883881E1
1.143666001E1,-1.398213744E0,8.212111592E-1,1.195903778E1
1.145664902E1,-1.388636947E0,8.188169599E-1,9.861717224E0
1.147663804E1,-2.703053713E0,2.609679997E-1,1.009156036E1
1.149665757E1,-3.009511471E0,1.340752989E-1,1.124077702E1
1.151664658E1,-2.025494576E0,-7.182604820E-2,1.241393566E1
1.153666611E1,-3.088520169E-1,-3.327940404E-1,1.097502041E1
1.155665513E1,-3.830722570E-1,-9.097966552E-2,9.181763649E0
1.157664414E1,-1.149216771E0,3.639186621E-1,7.582436562E0
1.159663316E1,-1.177947283E0,9.959878922E-1,8.315062523E0
1.161662217E1,-2.085349798E0,3.758896589E-1,9.751583099E0
1.163661118E1,-1.398213744E0,5.243301988E-1,9.258378029E0
1.165660020E1,-1.103726983E0,6.344634295E-1,6.167463779E0
1.167661973E1,-1.742978811E0,1.194706678E0,3.608062029E0
1.169660874E1,-1.874659896E0,1.623268723E0,4.218583584E0
1.171659776E1,-1.544260144E0,1.070208192E0,7.050923824E0
1.173661729E1,-1.019929886E0,9.313444495E-1,8.638279915E0
1.175660630E1,-9.385270476E-1,1.254561663E0,8.726864815E0
1.177656480E1,-1.158793569E0,1.549048543E0,8.702922821E0
1.179658433E1,-1.194706678E0,1.678335428E0,8.757989883E0
1.181657334E1,-6.703764796E-1,1.953668594E0,7.467514992E0
1.183659287E1,-3.998316824E-1,2.193088770E0,6.758831501E0
1.185661240E1,4.596867263E-1,2.566584110E0,7.762001991E0
1.187660142E1,8.786720037E-1,2.841917515E0,8.398859978E0
1.189659043E1,-3.806780577E-1,3.105279684E0,8.245630264E0
1.191657944E1,-1.546654344E0,3.351882458E0,8.197746277E0
1.193656846E1,-1.537077546E0,3.009511471E0,8.707711220E0
1.195655747E1,-1.029506683E0,2.229001760E0,1.024718285E1
1.197651597E1,-6.703764945E-2,1.721431017E0,1.222239971E1
1.199653550E1,1.199495077E0,1.410184860E0,1.432450867E1
1.201652451E1,1.568202138E0,1.453280449E0,1.370680428E1
1.203651353E1,1.970427990E0,1.817199111E0,1.254322243E1
1.205653306E1,1.580173135E0,1.692700624E0,1.134851646E1
1.207652207E1,7.829039693E-1,1.297657371E0,1.081939793E1
1.209654160E1,7.182605267E-1,8.930372596E-1,1.133415127E1
1.211653062E1,1.063025594E0,5.291185975E-1,1.210987186E1
1.213655015E1,1.592144132E0,3.232172430E-1,1.197340298E1
1.215653916E1,2.229001760E0,5.458779931E-1,1.076433086E1
1.217649766E1,2.643198729E0,9.026140571E-1,9.399636269E0
1.219651719E1,2.281674147E0,1.034295082E0,8.686163902E0
1.221650620E1,1.491587639E0,1.046266198E0,8.492233276E0
1.223652573E1,1.077390790E0,1.113303781E0,8.245630264E0
1.225651475E1,1.060631394E0,1.252167463E0,7.721300602E0
1.227650376E1,1.594538331E0,1.407790542E0,6.804321289E0
1.229652329E1,1.505952835E0,1.278503656E0,6.081272125E0
1.231654282E1,1.199495077E0,1.074996591E0,6.177040577E0
1.233656235E1,1.151610970E0,1.077390790E0,6.651092529E0
1.235655137E1,1.027112484E0,1.051054597E0,7.082048416E0
1.237654038E1,1.024718285E0,1.223437071E0,7.402871609E0
1.239652940E1,1.589749932E0,1.539471745E0,7.371747017E0
1.241648789E1,2.324769735E0,1.651999116E0,7.026981831E0
1.243650742E1,2.449268341E0,1.996764183E0,6.995857239E0
1.245652695E1,2.142810583E0,2.296039343E0,7.577648163E0
1.247651597E1,1.771709204E0,2.410961151E0,8.477868080E0
1.249650498E1,1.027112484E0,2.497152328E0,9.258378029E0
1.251649400E1,1.082179189E0,2.497152328E0,1.017535686E1
1.253648301E1,6.560112834E-1,2.406172752E0,1.100375080E1
1.255650254E1,1.048660398E0,2.138022184E0,1.213620853E1
1.257649155E1,1.012747288E0,1.537077546E0,1.320641613E1
1.259648057E1,2.346317619E-1,8.954314590E-1,1.385763931E1
1.261646958E1,-3.327940404E-1,4.405331016E-1,1.349611473E1
1.263645859E1,-5.410895944E-1,3.184288144E-1,1.232535076E1
1.265644761E1,-7.206547260E-1,3.447650373E-1,1.166215611E1
1.267646714E1,-7.445967197E-1,-1.364694983E-1,1.191833591E1
1.269648667E1,-1.204283476E0,-8.786720037E-1,1.279461384E1
1.271647568E1,-2.324769735E0,-9.457096457E-1,1.275630665E1
1.273643418E1,-2.767697096E0,-7.565677166E-1,1.172919369E1
1.275645371E1,-2.085349798E0,-4.955997467E-1,1.011550236E1
1.277647324E1,-9.816227108E-2,-8.858546615E-2,8.990227699E0
1.279646226E1,-6.871358752E-1,2.920926213E-1,9.713275909E0
1.281645127E1,2.298433632E-1,1.675941236E-2,9.356540680E0
1.283644028E1,7.182604820E-2,7.158663273E-1,8.401253700E0
1.285642930E1,-7.900865674E-1,4.525041282E-1,8.884882927E0
1.287644883E1,-1.678335428E0,-4.716577232E-1,7.182605267E0
1.289646836E1,-1.053448796E0,-1.723825186E-1,5.944802761E0
1.291645737E1,-3.280056417E-1,6.440402865E-1,6.981492043E0
1.293644639E1,-1.170764685E0,4.165911078E-1,7.307103634E0
1.295643540E1,-1.721431017E0,-1.173158810E-1,7.498639584E0
1.297642442E1,-1.620874524E0,1.915361360E-2,6.959944248E0
1.299641343E1,-1.731007814E0,4.955997467E-1,6.670246124E0
1.301640244E1,-8.978256583E-1,1.233013868E0,6.665457726E0
1.303639146E1,-8.092401624E-1,1.572990537E0,7.630321026E0
1.305638047E1,-8.379706144E-1,1.517923832E0,7.886500359E0
1.307636948E1,-7.422025204E-1,1.692700624E0,8.348581314E0
1.309632798E1,-3.519476354E-1,1.733402014E0,8.734047890E0
1.311631699E1,-1.939303428E-1,1.704671621E0,9.284713745E0
1.313633652E1,-1.268926859E-1,1.608903527E0,9.854534149E0
1.315632554E1,8.379705995E-2,1.520318031E0,1.036928749E1
1.317628403E1,-3.303998411E-1,1.302445769E0,1.057279491E1
1.319630357E1,-2.178723514E-1,1.359906554E0,1.104684639E1
1.321629258E1,4.955997467E-1,1.501164436E0,1.183932781E1
1.323631211E1,1.113303781E0,1.723825216E0,1.226788998E1
1.325630112E1,1.438915253E0,1.630451322E0,1.151371574E1
1.327629014E1,6.153098345E-1,1.589749932E0,1.072602367E1
1.329627915E1,-8.140286058E-2,1.426944256E0,1.106360626E1
1.331629868E1,-9.576806799E-3,1.024718285E0,1.305558205E1
1.333631821E1,-1.029506698E-1,1.151610970E0,1.372835255E1
1.335630723E1,1.460463107E-1,6.847416759E-1,1.210987186E1
1.337626572E1,2.609679997E-1,1.110909581E0,1.010592556E1
1.339625474E1,4.764461517E-1,9.576807022E-1,8.279149055E0
1.341627427E1,5.626373887E-1,1.142034173E0,7.723694801E0
1.343629380E1,8.164227605E-1,1.074996591E0,7.558494568E0
1.345631333E1,4.884171486E-1,1.010353088E0,7.204153061E0
1.347630234E1,-1.628057212E-1,1.048660398E0,7.115567684E0
1.349629136E1,-4.309563041E-1,1.154005170E0,7.036558628E0
1.351628037E1,1.867477298E-1,1.041477680E0,7.632715225E0
1.353629990E1,6.105214357E-1,7.948749661E-1,7.762001991E0
1.355628892E1,8.283938169E-1,6.943184733E-1,7.388506413E0
1.357627793E1,3.447650373E-1,8.906430602E-1,6.603208065E0
1.359623643E1,1.204283476E0,2.181117773E0,6.785167694E0
1.361625596E1,1.185129881E0,2.621650934E0,8.121131897E0
1.363624497E1,1.113303781E0,2.487575531E0,9.409213066E0
1.365623398E1,8.619126081E-1,2.774879694E0,8.511386871E0
1.367622300E1,1.031900883E0,3.083731890E0,8.195352554E0
1.369624253E1,1.357512355E0,2.997540474E0,8.748413086E0
1.371623154E1,1.860294700E0,3.007117271E0,9.469067574E0
1.373622056E1,1.398213744E0,2.724601507E0,1.026633644E1
1.375620957E1,7.661445141E-1,2.420537949E0,1.110191345E1
1.377619859E1,-4.596867263E-1,2.061407566E0,1.294544888E1
1.379618760E1,-3.088520169E-1,1.244984865E0,1.433648014E1
1.381617661E1,5.315127969E-1,1.139639974E0,1.342668343E1
1.383619614E1,5.219359994E-1,1.515529633E0,1.252406883E1
1.385621568E1,-2.178723514E-1,1.132457376E0,1.166694450E1
1.387620469E1,-1.060631394E0,7.972691655E-1,1.151850414E1
1.389619370E1,-2.444479942E0,6.392518282E-1,1.263180828E1
1.391621323E1,-3.023876667E0,3.040636182E-1,1.318726254E1
1.393620225E1,-2.049436569E0,1.604115069E-1,1.210747814E1
1.395619126E1,-9.361328483E-1,3.160346150E-1,9.904812813E0
1.397618027E1,-6.512228847E-1,5.865794420E-1,8.049305916E0
1.399616929E1,-1.460463047E0,8.355764151E-1,7.314286232E0
1.401615830E1,-2.106897593E0,9.744400978E-1,7.333439827E0
1.403614732E1,-2.501940727E0,1.019929886E0,7.204153061E0
1.405613633E1,-2.782062292E0,1.113303781E0,6.557718277E0
1.407612534E1,-2.461239338E0,1.110909581E0,5.987898350E0
1.409611436E1,-1.613691926E0,1.098938584E0,6.497863293E0
1.411613389E1,-1.247379065E0,1.206677675E0,6.909666061E0
1.413615342E1,-1.865083098E0,9.864110947E-1,6.979097843E0
1.415614243E1,-1.719036818E0,1.288080573E0,6.950367451E0
1.417613145E1,-1.896207690E0,1.426944256E0,7.098807812E0
1.419612046E1,-1.884236693E0,1.448492050E0,8.157045364E0
1.421610947E1,-1.297657371E0,1.556231141E0,8.588001251E0
1.423612901E1,-1.132457376E0,1.568202138E0,8.453926086E0
1.425614854E1,-1.012747288E0,1.819593310E0,8.628703117E0
1.427613755E1,-1.051054597E0,1.903390408E0,8.985439301E0
1.429612656E1,-1.403002143E0,2.152387381E0,9.133879662E0
1.431611558E1,-1.752555609E0,2.214636564E0,9.143456459E0
1.433610459E1,-1.728613615E0,2.018311977E0,9.526528358E0
1.435609360E1,-1.448492050E0,1.776497602E0,1.054166985E1
1.437608262E1,-6.895300746E-1,1.419761658E0,1.128866100E1
1.439610215E1,-5.602431893E-1,1.271321058E0,1.146104336E1
1.441606065E1,-2.442085743E-1,1.434126854E0,1.113543224E1
1.443608018E1,1.939303428E-1,1.637633920E0,1.060391903E1
1.445609971E1,5.339069963E-1,1.783680320E0,1.082179165E1
1.447608872E1,8.834604025E-1,1.745373011E0,1.142273617E1
1.449607774E1,5.410895944E-1,1.493981838E0,1.119528675E1
1.451606675E1,-9.816227108E-2,1.381454349E0,1.043153667E1
1.453605576E1,-2.777273953E-1,1.149216771E0,1.009634876E1
1.455604478E1,4.572925270E-1,1.003170490E0,1.012268448E1
1.457606431E1,1.046266198E0,9.744400978E-1,9.797073364E0
1.459605332E1,1.393425345E0,1.328781962E0,9.720458984E0
1.461601182E1,1.479616642E0,1.273715258E0,9.761159897E0
1.463603135E1,1.546654344E0,1.331176162E0,9.299078941E0
1.465605088E1,9.768342972E-1,1.431732655E0,8.547300339E0
1.467603989E1,6.272808313E-1,1.630451322E0,7.659051418E0
1.469602891E1,4.788403511E-1,1.759738207E0,6.773196697E0
1.471601792E1,1.651999205E-1,1.721431017E0,6.591237068E0
1.473600693E1,3.016694188E-1,1.553836942E0,6.873753071E0
1.475602647E1,4.046200812E-1,1.350329757E0,7.149086475E0
1.477604600E1,4.525041282E-1,1.328781962E0,7.129932880E0
1.479603501E1,5.961562395E-1,1.297657371E0,7.603984833E0
1.481605454E1,9.552865028E-1,1.350329757E0,8.209717751E0
1.483604356E1,1.156399369E0,1.470039845E0,8.391676903E0
1.485603257E1,1.426944256E0,1.668758631E0,8.164227486E0
1.487608262E1,1.802833915E0,1.987187386E0,8.147468567E0
1.489607163E1,1.551442742E0,2.061407566E0,8.762778282E0
1.491609116E1,8.571242094E-1,2.161964178E0,9.569623947E0
1.493611069E1,5.985504389E-2,2.367865562E0,9.768342972E0
1.495609971E1,2.059013397E-1,2.415749550E0,1.020887566E1
1.497611924E1,8.068459630E-1,1.857900500E0,1.091277122E1
1.499613877E1,8.786720037E-1,1.429338455E0,1.168849277E1
1.501612778E1,2.537853718E-1,1.225831270E0,1.279461384E1
1.503614732E1,-2.298433632E-1,7.158663273E-1,1.339316463E1
1.505616685E1,-4.668693244E-1,3.998316824E-1,1.306276417E1
1.507615586E1,-6.416460276E-1,5.937620401E-1,1.210747814E1
1.509614487E1,-1.438915253E0,6.009446383E-1,1.148498535E1
1.511613389E1,-2.542642117E0,3.926490843E-1,1.192791271E1
1.513612290E1,-3.768473387E0,7.422025502E-2,1.292150688E1
1.515611192E1,-3.821146011E0,-7.422025502E-2,1.287362289E1
1.517613145E1,-2.743755102E0,2.394201607E-2,1.160469532E1
1.519612046E1,-2.391807556E0,1.484405100E-1,1.027351952E1
1.521610947E1,-2.308010340E0,3.878606856E-1,9.105149269E0
1.523609849E1,-2.387019157E0,6.296750307E-1,8.923190117E0
1.525608750E1,-2.549824715E0,7.278373241E-1,8.516175270E0
1.527610703E1,-2.748543501E0,8.475474119E-1,7.958326340E0
1.529609605E1,-2.997540474E0,1.144428372E0,7.503427982E0
1.531608506E1,-2.856282711E0,1.264138460E0,6.895300865E0
1.533607407E1,-2.073378563E0,1.101332784E0,7.113173485E0
1.535606309E1,-1.558625340E0,9.097966552E-1,7.457938194E0
1.537605210E1,-1.450886250E0,9.576807022E-1,7.465120792E0
1.539604111E1,-1.857900500E0,1.039083481E0,7.177816868E0
1.541603013E1,-1.726219416E0,1.065419793E0,7.424419403E0
1.543601914E1,-1.142034173E0,9.600749016E-1,8.295908928E0
1.545597764E1,-9.935936928E-1,8.954314590E-1,8.540117264E0
1.547596665E1,-1.106121182E0,1.165976286E0,8.674192429E0
1.549592515E1,-1.077390790E0,1.335964561E0,8.212111473E0
1.551591416E1,-1.261744261E0,1.532289028E0,7.785943985E0
1.553587266E1,-1.077390790E0,1.742978811E0,7.881711960E0
1.555589219E1,-8.738836050E-1,1.810016513E0,7.946355343E0
1.557585068E1,-7.015010715E-1,1.900996208E0,8.473079681E0
1.559583970E1,-4.094084799E-1,1.970427990E0,9.052476883E0
1.561579819E1,-7.422025502E-2,2.078166962E0,9.220070839E0
1.563578721E1,2.633621916E-2,2.236184359E0,9.677363396E0
1.565577622E1,-4.309562966E-2,2.217030764E0,1.065419769E1
1.567573472E1,-4.644751251E-1,2.149993181E0,1.104684639E1
1.569572373E1,-3.399766386E-1,2.047042370E0,1.106360626E1
1.571571275E1,3.160346150E-1,1.824381709E0,1.152568722E1
1.573570176E1,7.469909191E-1,1.352723956E0,1.241872406E1
1.575572129E1,6.871358752E-1,9.050082564E-1,1.303403378E1
1.577567979E1,3.687070608E-1,6.440402865E-1,1.304121685E1
1.579569932E1,2.705447972E-1,5.051765442E-1,1.229662037E1
1.581571885E1,-5.506663769E-2,5.339069963E-1,1.120725822E1
1.583570786E1,3.112462163E-2,7.134721279E-1,1.053927612E1
1.585569688E1,6.703764796E-1,5.889736414E-1,1.034774017E1
1.587568589E1,8.355764151E-1,4.884171486E-1,9.955090523E0
1.589564438E1,4.381389022E-1,5.913678408E-1,9.378087997E0
1.591563340E1,2.681505978E-1,8.044517636E-1,8.588001251E0
1.593565293E1,2.394201607E-2,7.900865674E-1,7.941566944E0
1.595564194E1,-5.243301988E-1,7.134721279E-1,7.668628216E0
1.597563096E1,-1.915361285E-1,1.000776291E0,8.147468567E0
1.599561997E1,2.466027737E-1,9.720458984E-1,8.176198959E0
1.601560898E1,1.939303428E-1,1.221042871E0,7.671022415E0
1.603559800E1,-1.436520964E-1,1.594538331E0,7.072471619E0
1.605558701E1,-4.405331016E-1,1.647210717E0,6.828263283E0
1.607557603E1,8.619125932E-2,1.800439715E0,7.778761387E0
1.609556504E1,6.416460276E-1,1.793257117E0,8.860940933E0
1.611555405E1,8.044517636E-1,1.886630893E0,8.870517731E0
1.613554307E1,6.871358752E-1,2.145204782E0,8.125920296E0
1.615553208E1,5.985504389E-1,2.463633537E0,7.498639584E0
1.617552109E1,3.639186621E-1,3.019088268E0,7.697358608E0
1.619547959E1,-3.280056417E-1,2.358288765E0,9.076418877E0
1.621549912E1,1.149216816E-1,2.090138197E0,8.480262756E0
1.623548814E1,-3.184288144E-1,2.102109194E0,9.006986618E0
1.625547715E1,-9.050082564E-1,1.927332401E0,9.744400978E0
1.627546616E1,-7.757213712E-1,1.261744261E0,1.065419769E1
1.629542466E1,-1.407790542E0,9.409212470E-1,9.847352028E0
1.631544419E1,-7.062895298E-1,1.764526606E0,1.087925243E1
1.633543320E1,5.267243832E-2,2.128445387E0,1.330936718E1
1.635542222E1,-1.221042871E-1,2.353500366E0,1.292390060E1
1.637541123E1,-5.530605912E-1,3.892971992E0,9.421183586E0
1.639540024E1,-4.979939461E-1,4.285621166E0,7.350199223E0
1.641535874E1,-1.438915253E0,4.122815132E0,6.794744492E0
1.643537827E1,-3.811569214E0,3.306392431E0,7.144298077E0
1.645536729E1,-4.824316502E0,1.508347034E0,1.074278259E1
1.647532578E1,-5.154716492E0,-6.224924326E-2,1.202128696E1
1.649534531E1,-4.225766182E0,1.273715258E0,1.082897472E1
1.651533433E1,-1.841141105E0,3.035847664E0,8.913613319E0
1.653532334E1,1.206677675E0,3.117250681E0,8.611943245E0
1.655531235E1,1.862688899E0,2.501940727E0,8.516175270E0
1.657530137E1,1.915361285E-1,1.663970232E0,9.069235802E0
1.659529038E1,-3.256114423E-1,1.290474772E0,1.073320580E1
1.661527940E1,9.648633003E-1,2.715024710E0,9.519346237E0
1.663526841E1,-8.140285611E-1,3.263296843E0,8.676587105E0
1.665525742E1,9.600749016E-1,3.229778051E0,7.060500622E0
1.667524644E1,1.505952835E0,2.806004286E0,7.220912457E0
1.669520493E1,2.360682964E0,2.308010340E0,1.054166985E1
1.671522446E1,2.454056740E0,2.221819162E0,8.197746277E0
1.673524400E1,2.427720547E0,2.777273893E0,6.347028732E0
1.675523301E1,2.600103140E0,3.315969467E0,7.144298077E0
1.677522202E1,2.482787132E0,3.452438831E0,6.737283707E0
1.679521104E1,1.960851192E0,3.658340216E0,6.528987885E0
1.681516953E1,1.769315004E0,4.067748547E0,7.247248650E0
1.683518906E1,2.456450939E0,4.182670593E0,7.266402245E0
1.685520859E1,3.021482468E0,3.940855980E0,7.651868820E0
1.687519761E1,2.743755102E0,3.993528366E0,7.970297337E0
1.689518662E1,2.142810583E0,3.971980572E0,7.603984833E0
1.691517564E1,2.387019157E0,4.079719543E0,6.464344501E0
1.693516465E1,3.246537447E0,4.501099110E0,6.107608318E0
1.695515366E1,3.342305660E0,4.934449673E0,7.335834026E0
1.697511216E1,3.026270866E0,4.783615112E0,8.614337921E0
1.699510117E1,2.748543501E0,4.120420933E0,8.044517517E0
1.701509019E1,3.327940464E0,4.465186119E0,7.632715225E0
1.703507920E1,4.122815132E0,4.429273129E0,8.987833023E0
1.705503770E1,4.671087742E0,4.067748547E0,9.210494041E0
1.707502671E1,3.864241600E0,4.247313976E0,9.351752281E0
1.709504624E1,4.321534157E0,4.065354347E0,1.057518864E1
1.711500474E1,5.193023682E0,2.353500366E0,8.939949036E0
1.713499375E1,6.086060524E0,2.715024710E0,7.082048416E0
1.715498276E1,4.656722069E0,3.153163671E0,7.848193169E0
1.717497178E1,4.431667328E0,3.181894064E0,9.919178009E0
1.719496079E1,4.967968464E0,2.549824715E0,1.005325317E1
1.721491929E1,5.516240597E0,1.867477298E0,7.960720539E0
1.723493882E1,5.793968201E0,2.619256735E0,7.357381821E0
1.725495835E1,5.789179802E0,2.636016130E0,8.777143478E0
1.727494736E1,6.440402508E0,2.662352324E0,8.058882713E0
1.729493638E1,5.837063789E0,2.406172752E0,7.060500622E0
1.731492539E1,4.616020679E0,2.671929121E0,8.341399193E0
1.733488389E1,4.340687752E0,2.619256735E0,8.939949036E0
1.735490342E1,7.491456985E0,3.703830004E0,-5.506663769E-2
1.737492295E1,3.473986626E0,1.661576033E0,8.259995461E0
1.739491196E1,4.809951305E0,2.839523315E0,7.855375767E0
1.741487046E1,5.856217384E0,2.724601507E0,8.899248123E0
1.743488999E1,5.410895824E0,2.743755102E0,5.274426460E0
1.746865945E1,-3.359065056E0,3.572149038E0,8.559270859E0
1.748867898E1,-2.952050686E0,4.113238335E0,9.579200745E0
1.750866799E1,-2.547430515E0,4.604049683E0,6.873753071E0
1.752865701E1,-1.994369984E0,5.044582844E0,6.162675381E0
1.754864602E1,-7.182605267E-1,5.300762653E0,8.712499619E0
1.756863504E1,-2.039859772E0,4.548983097E0,9.267954826E0
1.758862405E1,-4.517858505E0,3.392583847E0,7.977479935E0
1.760864358E1,-4.905719280E0,3.584120035E0,7.048529625E0
1.762863259E1,-2.449268341E0,5.164293289E0,6.998251438E0
1.764862161E1,-1.187524080E0,5.853823185E0,7.771578789E0
1.766861062E1,-1.369483352E0,5.336675644E0,8.243236542E0
1.768856912E1,-3.248931646E0,4.101267338E0,8.286332130E0
1.770858865E1,-3.981557369E0,3.641580820E0,7.587224960E0
1.772857766E1,-3.653551817E0,3.813963413E0,7.139509678E0
1.774856668E1,-2.360682964E0,4.326322556E0,8.846575737E0
1.776855569E1,-2.063801765E0,3.816357613E0,1.071884060E1
1.778851418E1,-3.828328609E0,2.961627483E0,1.098459721E1
1.780853372E1,-4.458003521E0,2.614468336E0,1.020169353E1
1.782852273E1,-3.854664803E0,2.863465309E0,8.813055992E0
1.784854226E1,-3.126827478E0,3.423708439E0,9.519346237E0
1.786853128E1,-3.021482468E0,3.028665066E0,1.198776817E1
1.788848977E1,-4.185064793E0,2.432508945E0,1.138442898E1
1.790844827E1,-4.654327869E0,2.080561161E0,9.933543205E0
1.792840676E1,-4.338293552E0,2.379836559E0,8.983044624E0
1.794836526E1,-3.488351822E0,2.468421936E0,1.008916569E1
1.796832376E1,-2.985569477E0,1.786074519E0,1.114500904E1
1.798828225E1,-3.284844637E0,1.769315004E0,1.264617348E1
1.800824075E1,-3.210624456E0,2.157175779E0,9.804255486E0
1.802816873E1,-3.435679436E0,1.855506301E0,7.477091789E0
1.804809670E1,-4.211400986E0,1.055842996E0,7.141903877E0
1.806802468E1,-3.754108191E0,8.212111592E-1,8.013393402E0
1.808798318E1,-2.367865562E0,1.201889277E0,9.414001465E0
1.810794168E1,-1.484405041E0,1.695094824E0,1.099178028E1
1.812786965E1,-2.272097349E0,7.374141216E-1,8.204929352E0
1.814782815E1,-3.222595453E0,-4.788403399E-3,5.415684223E0
1.816778665E1,-1.999158382E0,3.232172430E-1,7.402871609E0
1.818774514E1,-1.819593310E0,4.405331016E-1,1.059673691E1
1.820770364E1,-8.571242094E-1,3.615244627E-1,9.459490776E0
1.822763162E1,-5.841852427E-1,-8.619125932E-2,7.862558365E0
1.824762063E1,-2.250549644E-1,-4.788403511E-1,7.841010571E0
1.826754861E1,-6.727706790E-1,5.027823448E-1,1.007958889E1
1.828747659E1,-4.692635238E-1,9.193734527E-1,9.926360130E0
1.830743508E1,-4.788403213E-2,5.674257874E-1,1.012986755E1
1.832739358E1,6.679822803E-1,4.788403511E-1,1.092234802E1
1.834735208E1,-6.943184882E-2,5.722141862E-1,8.990227699E0
1.836728005E1,-5.746083856E-1,1.098938584E0,8.504204750E0
1.838723855E1,-5.602431893E-1,7.685387731E-1,9.397241592E0
1.840719705E1,-2.609679997E-1,4.908113480E-1,9.241618156E0
1.842712502E1,-1.335964561E0,9.624691010E-1,9.742006302E0
1.844711404E1,-8.092401624E-1,1.175553083E0,1.024478912E1
1.846710305E1,-8.068459630E-1,6.440402865E-1,1.033098030E1
1.848703103E1,-3.351882473E-2,4.285621047E-1,9.121908188E0
1.850698953E1,-5.674257874E-1,4.261679053E-1,9.631873131E0
1.852694802E1,-1.278503656E0,9.313444495E-1,1.089361763E1
1.854687600E1,-1.249773264E0,7.613561153E-1,1.235647488E1
1.856686502E1,-4.668693244E-1,5.482721925E-1,9.339780807E0
1.858679299E1,-2.729389966E-1,7.182604820E-2,8.803479195E0
1.860675149E1,-4.261679053E-1,8.212111592E-1,1.083855152E1
1.862670999E1,-1.053448766E-1,2.681505978E-1,1.154962921E1
1.864666848E1,6.177040339E-1,-1.292868853E-1,1.153286934E1
1.866662698E1,7.900865674E-1,-7.661445439E-2,1.067574501E1
1.868661599E1,3.687070608E-1,3.687070608E-1,1.062786102E1
1.870657449E1,9.816226959E-1,5.698199868E-1,1.011071396E1
1.872653298E1,1.086967587E0,6.177040339E-1,9.880870819E0
1.874649148E1,7.038952708E-1,6.560112834E-1,9.253589630E0
1.876641946E1,6.847416759E-1,8.978256583E-1,8.556877136E0
1.878637796E1,4.118026793E-1,7.757213712E-1,8.487444878E0
1.880633645E1,1.604115069E-1,8.092401624E-1,8.334216118E0
1.882626443E1,3.758896589E-1,7.398083210E-1,7.465120792E0
1.884619241E1,4.836287498E-1,8.283938169E-1,6.833051682E0
1.886621194E1,-1.388636976E-1,9.050082564E-1,7.328651428E0
1.888613992E1,-1.580173075E-1,8.571242094E-1,8.286332130E0
1.890612893E1,2.202665508E-1,8.427590132E-1,8.693346024E0
1.892608743E1,3.591302633E-1,9.720458984E-1,8.817844391E0
1.894601541E1,1.436520964E-1,1.113303781E0,8.188169479E0
1.896600442E1,1.316810995E-1,1.237802267E0,7.915230751E0
1.898599343E1,4.908113480E-1,1.177947283E0,8.374917984E0
1.900595193E1,3.423708379E-1,1.290474772E0,9.306262016E0
1.902591042E1,2.609679997E-1,1.477222443E0,9.698910713E0
1.904586892E1,-1.532289088E-1,1.474828243E0,1.019451046E1
1.906588845E1,2.035071403E-1,1.048660398E0,1.074038887E1
1.908584695E1,-3.758896589E-1,9.911994934E-1,1.183453941E1
1.910580544E1,-9.265560508E-1,9.528923035E-1,1.149935055E1
1.912576394E1,-1.177947283E0,7.805097699E-1,1.071884060E1
1.914569192E1,-1.503558636E0,3.711012602E-1,1.043393135E1
1.916568093E1,-1.802833915E0,1.843535304E-1,1.091755962E1
1.918563943E1,-1.960851192E0,-9.097966552E-2,1.114740276E1
1.920559792E1,-2.233790159E0,-4.788403399E-3,1.142034245E1
1.922555642E1,-1.857900500E0,1.292868853E-1,1.136048698E1
1.924551492E1,-1.630451322E0,3.926490843E-1,1.040998936E1
1.926547341E1,-1.596932530E0,4.932055473E-1,9.533711433E0
1.928543191E1,-1.321599364E0,6.607996821E-1,8.655038834E0
1.930539041E1,-1.338358760E0,5.099649429E-1,8.511386871E0
1.932534890E1,-1.237802267E0,4.932055473E-1,8.985439301E0
1.934527688E1,-1.367089152E0,6.607996821E-1,8.200140953E0
1.936523538E1,-7.876923680E-1,4.501099288E-1,6.904877663E0
1.938516336E1,-9.385270476E-1,5.339069963E-1,6.861782074E0
1.940515237E1,-7.589619160E-1,5.171475410E-1,8.027758598E0
1.942511086E1,-7.158663273E-1,6.871358752E-1,8.916007042E0
1.944506936E1,-1.194706678E0,7.278373241E-1,7.867346764E0
1.946499734E1,-1.067813993E0,7.685387731E-1,7.110779285E0
1.948495584E1,-7.924807668E-1,8.116343617E-1,7.216124058E0
1.950491433E1,-9.648633003E-1,8.331822157E-1,7.747636795E0
1.952487283E1,-1.307234168E0,8.690952063E-1,8.736441612E0
1.954483132E1,-1.412579060E0,7.326257229E-1,8.647856712E0
1.956478982E1,-1.422155857E0,7.182605267E-1,8.508993149E0
1.958471780E1,-1.340752959E0,6.560112834E-1,8.580819130E0
1.960467630E1,-1.237802267E0,6.392518282E-1,8.968679428E0
1.962463479E1,-1.046266198E0,5.410895944E-1,1.007001209E1
1.964459329E1,-5.458779931E-1,6.200982332E-1,1.089601231E1
1.966452126E1,-5.195417404E-1,4.932055473E-1,1.093910789E1
1.968444924E1,-4.237737060E-1,4.836287498E-1,1.095107841E1
1.970440774E1,1.029506698E-1,6.009446383E-1,1.142513084E1
1.972436624E1,4.932055473E-1,5.458779931E-1,1.223437023E1
1.974432473E1,5.171475410E-1,3.519476354E-1,1.227746677E1
1.976425271E1,6.560112834E-1,9.576806426E-2,1.135330486E1
1.978424172E1,7.398083210E-1,-2.489969730E-1,1.109712505E1
1.980420022E1,5.961562395E-1,-8.427590132E-1,1.267969227E1
1.982412820E1,7.924807668E-1,-9.864110947E-1,1.314656162E1
1.984411721E1,1.383848548E0,-9.169792533E-1,1.201171017E1
1.986413674E1,1.115697980E0,-6.655880809E-1,1.052491093E1
1.988412576E1,6.416460276E-1,-4.668693244E-1,1.003409958E1
1.990414529E1,7.661445141E-1,-1.819593310E-1,9.674968719E0
1.992413430E1,1.029506683E0,-4.548983276E-2,9.332598686E0
1.994412332E1,1.242590666E0,-1.675941236E-2,8.954314232E0
1.996414285E1,1.134851575E0,1.149216816E-1,8.367734909E0
1.998413186E1,1.046266198E0,1.053448766E-1,7.151480675E0
2.000412088E1,5.386953950E-1,2.466027737E-1,7.216124058E0
2.002410989E1,6.991068721E-1,4.333505034E-1,8.056488991E0
2.004412942E1,5.650315881E-1,5.410895944E-1,8.801085472E0
2.006411843E1,-2.873042040E-2,4.884171486E-1,8.980650902E0
2.008413796E1,4.477157295E-1,6.416460276E-1,7.316680431E0
2.010412698E1,6.272808313E-1,7.038952708E-1,6.610390663E0
2.012411599E1,2.968810201E-1,8.906430602E-1,7.285555840E0
2.014410500E1,3.519476354E-1,1.259350061E0,9.009381294E0
2.016409402E1,3.160346150E-1,1.192312479E0,8.317456245E0
2.018408303E1,6.272808313E-1,1.443703651E0,6.665457726E0
2.020407205E1,7.757213712E-1,1.613691926E0,6.641515732E0
2.022406106E1,4.501099288E-1,1.630451322E0,7.900865555E0
2.024405007E1,1.508347094E-1,1.776497602E0,9.117119789E0
2.026403909E1,1.268926859E-1,2.130839586E0,9.220070839E0
2.028405862E1,5.554547906E-1,2.161964178E0,7.354987621E0
2.030404763E1,4.525041282E-1,2.540247917E0,7.606379032E0
2.032403665E1,3.639186621E-1,2.597708941E0,9.220070839E0
2.034402566E1,7.876923680E-1,2.789244890E0,1.059434223E1
2.036404519E1,6.488286853E-1,2.796427488E0,1.095586681E1
2.038403420E1,5.602431893E-1,3.045424461E0,9.706093788E0
2.040399270E1,9.050082564E-1,3.191470861E0,9.258378029E0
2.042398171E1,9.409212470E-1,3.198653460E0,1.098459721E1
2.044400125E1,5.171475410E-1,3.186682463E0,1.259589481E1
2.046399026E1,3.471592367E-1,3.234566450E0,1.147301483E1
2.048397927E1,8.427590132E-1,3.270479441E0,1.032619190E1
2.050396829E1,7.110779285E-1,2.846705914E0,1.212902546E1
2.052395730E1,1.628057212E-1,2.413355350E0,1.479616642E1
2.054394631E1,-4.357447028E-1,1.678335428E0,1.535401535E1
2.056393533E1,-5.770025849E-1,1.355118155E0,1.331655025E1
2.058392434E1,-8.762778044E-1,6.248866320E-1,1.129823780E1
2.060391336E1,-1.240196466E0,-5.386953950E-1,1.221761131E1
2.062390237E1,-2.056619167E0,-1.182735682E0,1.427901936E1
2.064389138E1,-2.025494576E0,-1.280897856E0,1.309628296E1
2.066388040E1,-1.623268723E0,-1.326387763E0,1.090798283E1
2.068389993E1,-1.417367458E0,-1.182735682E0,9.749189377E0
2.070388894E1,-1.501164436E0,-1.233013868E0,9.952696800E0
2.072387796E1,-1.690306425E0,-1.249773264E0,1.103726959E1
2.074386697E1,-2.367865562E0,-1.283292055E0,1.088404083E1
2.076382546E1,-2.214636564E0,-9.169792533E-1,9.569623947E0
2.078381448E1,-1.762132406E0,-4.285621047E-1,8.087613106E0
2.080383401E1,-1.750161409E0,8.619125932E-2,8.061277390E0
2.082382302E1,-1.752555609E0,2.681505978E-1,8.075642586E0
2.084381204E1,-1.769315004E0,5.051765442E-1,8.221688271E0
2.086383157E1,-1.417367458E0,4.740519226E-1,7.290344238E0
2.088382058E1,-8.331822157E-1,3.663128614E-1,6.478709698E0
2.090380960E1,-8.164227605E-1,4.740519226E-1,7.005434036E0
2.092382913E1,-8.930372596E-1,5.458779931E-1,7.505822182E0
2.094381814E1,-1.072602391E0,7.038952708E-1,6.675034523E0
2.096377664E1,-7.158663273E-1,1.036689281E0,5.329493046E0
2.098376565E1,-6.440402865E-1,1.177947283E0,5.267243862E0
2.100372415E1,-1.271321058E0,1.170764685E0,7.007828236E0
2.102371316E1,-1.824381709E0,1.340752959E0,8.341399193E0
2.104373269E1,-1.493981838E0,1.592144132E0,7.419631004E0
2.106372170E1,-1.103726983E0,1.683123827E0,5.724536419E0
2.108371072E1,-9.768342972E-1,1.766920805E0,5.640739441E0
2.110373025E1,-1.051054597E0,1.656787634E0,7.491456985E0
2.112374978E1,-1.391031146E0,1.850717902E0,8.544905663E0
2.114373880E1,-8.044517636E-1,2.123656988E0,8.453926086E0
2.116372781E1,-4.572925270E-1,2.279279947E0,6.770802498E0
2.118371682E1,-5.003881454E-1,2.430114746E0,5.956773758E0
2.120367532E1,-7.948749661E-1,2.446874142E0,6.892906666E0
2.122366433E1,-1.331176162E0,2.695871115E0,8.568847656E0
2.124368386E1,-1.630451322E0,3.066972494E0,9.291896820E0
2.126367288E1,-1.240196466E0,3.677493811E0,9.014169693E0
2.128366189E1,-1.223437071E0,3.794809580E0,8.791508675E0
2.130365090E1,-2.255337954E0,3.842693806E0,1.148738003E1
2.132363992E1,-2.786850691E0,4.101267338E0,1.392946529E1
2.134362893E1,-2.430114746E0,3.933673382E0,1.535641003E1
2.136358743E1,-1.458068848E0,3.737348795E0,1.653435707E1
2.138357644E1,-9.145850539E-1,3.703830004E0,1.595495987E1
2.140359597E1,-7.565677166E-1,2.834734917E0,1.467645645E1
2.142358499E1,-3.112462163E-1,1.771709204E0,1.394383049E1
2.144357400E1,-5.027823523E-2,1.268926859E-1,1.362300777E1
2.146356301E1,3.543418646E-1,-1.414973259E0,1.493263626E1
2.148355203E1,8.954314590E-1,-1.771709204E0,1.579933739E1
2.150354104E1,2.585737705E-1,-1.697489023E0,1.341710663E1
2.152353005E1,3.232172430E-1,-9.385270476E-1,1.086249352E1
2.154354959E1,4.118026793E-1,-5.554547906E-1,9.469067574E0
2.156356912E1,1.055842996E0,-3.878606856E-1,1.021366405E1
2.158355813E1,1.043871999E0,-5.339069963E-1,1.004846478E1
2.160354714E1,1.443703651E0,-3.280056417E-1,9.129091263E0
2.162356668E1,9.337386489E-1,-1.149216816E-1,8.999804497E0
2.164358621E1,1.012747288E0,4.788403213E-2,6.734889507E0
2.166357522E1,9.864110947E-1,4.094084799E-1,5.786785603E0
2.168356423E1,2.633621991E-1,5.315127969E-1,5.973533154E0
2.170358376E1,-7.182605099E-3,6.057330370E-1,7.115567684E0
2.172360330E1,1.508347094E-1,5.195417404E-1,6.545747280E0
2.174359231E1,4.692635238E-1,5.195417404E-1,5.233725071E0
2.176355081E1,3.782838583E-1,4.620809257E-1,5.702988625E0
2.178353982E1,7.661445439E-2,6.488286853E-1,7.374141216E0
2.180355935E1,-2.106897533E-1,8.044517636E-1,7.685387611E0
2.182354836E1,-1.532289088E-1,9.074024558E-1,6.591237068E0
2.184353738E1,6.703764945E-2,1.132457376E0,5.877765179E0
2.186352639E1,1.843535304E-1,1.271321058E0,5.810727596E0
2.188348489E1,-3.112462163E-2,1.508347034E0,6.569689274E0
2.190350442E1,-1.939303428E-1,1.769315004E0,7.237671852E0
2.192349343E1,-6.224924326E-2,1.968033791E0,7.048529625E0
2.194348245E1,3.232172430E-1,2.233790159E0,6.327875137E0
2.196347146E1,5.051765442E-1,2.463633537E0,6.279991150E0
2.198346047E1,1.604115069E-1,2.612074137E0,7.668628216E0
2.200344949E1,2.250549644E-1,2.877830505E0,8.825027466E0
2.202343850E1,2.585737705E-1,3.145981073E0,9.382876396E0
2.204345803E1,5.171475410E-1,3.313575268E0,9.279925346E0
2.206347756E1,8.499416113E-1,3.696647406E0,9.272743225E0
2.208346658E1,6.105214357E-1,3.610456228E0,1.062786102E1
2.210345559E1,-4.788403213E-2,3.153163671E0,1.293587208E1
2.212344460E1,-5.027823448E-1,3.112462282E0,1.480574322E1
2.214343362E1,-8.212111592E-1,2.753331900E0,1.415691471E1
2.216342263E1,-9.002198577E-1,2.456450939E0,1.359667110E1
2.218341165E1,-1.654393315E0,1.714248419E0,1.343865395E1
2.220340066E1,-2.355894566E0,-2.489969730E-1,1.362540150E1
2.222338967E1,-2.224213362E0,-1.788468719E0,1.666364288E1
2.224337869E1,-1.862688899E0,-1.910573006E0,1.821029854E1
2.226336770E1,-1.558625340E0,-1.441309452E0,1.460463047E1
2.228335671E1,-1.683123827E0,-9.026140571E-1,1.085531044E1
2.230334573E1,-1.335964561E0,-4.836287498E-1,9.126696587E0
2.232333474E1,-1.039083481E0,-5.291185975E-1,8.738836288E0
2.234335427E1,-1.757344007E0,-7.661445141E-1,1.019690514E1
2.236337380E1,-1.963245392E0,-5.410895944E-1,1.035971069E1
2.238336282E1,-1.843535304E0,-1.843535304E-1,8.456320763E0
2.240335183E1,-1.448492050E0,3.711012602E-1,6.725312710E0
2.242331033E1,-1.280897856E0,5.961562395E-1,6.584054470E0
2.244332986E1,-1.345541358E0,7.445967197E-1,7.232883453E0
2.246331887E1,-1.130063176E0,6.751648784E-1,6.974309444E0
2.248333840E1,-9.050082564E-1,6.392518282E-1,6.876147270E0
2.250329690E1,-1.747767180E-1,5.506663918E-1,6.947973251E0
2.252331643E1,-1.628057212E-1,4.094084799E-1,6.835445881E0
2.254330544E1,-5.458779931E-1,4.884171486E-1,7.553706169E0
2.256326394E1,-8.068459630E-1,6.200982332E-1,7.122750282E0
2.258325296E1,-5.410895944E-1,6.488286853E-1,5.738901615E0
2.260327249E1,-1.149216816E-1,9.911994934E-1,5.659893036E0
2.262326150E1,-4.788403511E-1,1.027112484E0,6.074089527E0
2.264325051E1,-9.361328483E-1,1.170764685E0,6.148310184E0
2.266327004E1,-7.541735172E-1,1.233013868E0,6.212953568E0
2.268328958E1,-3.543418646E-1,1.450886250E0,6.030993938E0
2.270327859E1,1.436521020E-2,1.836352706E0,5.887341976E0
2.272326760E1,-6.536170840E-1,1.824381709E0,6.651092529E0
2.274328713E1,-1.074996591E0,2.027888775E0,7.848193169E0
2.276330667E1,-4.094084799E-1,2.375048161E0,7.970297337E0
2.278329568E1,-5.841852427E-1,2.779668093E0,7.343016624E0
2.280325418E1,-7.661445141E-1,3.043030262E0,8.082824707E0
2.282324319E1,-1.233013868E0,2.918531895E0,9.816226959E0
2.284326272E1,-2.092532396E0,2.820369720E0,1.180820274E1
2.286325173E1,-1.364694953E0,3.287238836E0,1.253604031E1
2.288324075E1,-1.017535686E0,4.194641590E0,1.218648624E1
2.290322976E1,-1.462857246E0,4.005499363E0,1.286883450E1
2.292318826E1,-1.446097851E0,3.490746021E0,1.406354046E1
2.294320779E1,4.118026793E-1,3.354276657E0,1.316810894E1
2.296316628E1,6.991068721E-1,1.812410712E0,1.353202820E1
2.298318582E1,-1.225831270E0,-7.924807668E-1,1.582806778E1
2.300320535E1,-1.881842494E0,-1.939303398E0,1.848563194E1
2.302319436E1,-9.935936928E-1,-1.323993564E0,1.680729675E1
2.304318338E1,-4.022258818E-1,-1.118092179E0,1.368765068E1
2.306317239E1,5.147533417E-1,-7.422025204E-1,1.019211674E1
2.308313088E1,-2.346317619E-1,-5.937620401E-1,9.595960617E0
2.310315042E1,-6.512228847E-1,-6.488286853E-1,1.045069027E1
2.312316995E1,9.361328483E-1,-5.602431893E-1,1.131739140E1
2.314315896E1,1.498770237E0,-1.795651317E-1,1.087207031E1
2.316311746E1,1.398213744E0,-1.915361360E-2,8.659827232E0
2.318313699E1,9.840168953E-1,1.915361285E-1,8.499416351E0
2.320315652E1,6.607996821E-1,2.633621916E-2,9.548076630E0
2.322314553E1,4.764461517E-1,2.873041928E-1,9.631873131E0
2.324313455E1,2.274491638E-1,3.088520169E-1,8.626308441E0
2.326312356E1,3.351882473E-2,4.692635238E-1,7.108384609E0
2.328311257E1,-2.082955539E-1,1.891419291E-1,5.643133640E0
2.330313210E1,-1.556231081E-1,2.466027737E-1,6.665457726E0
2.332312112E1,-5.626373887E-1,5.674257874E-1,9.244012833E0
2.334307962E1,-7.733271718E-1,1.228225470E0,7.754819393E0
2.336309915E1,8.068459630E-1,-3.160346150E-1,4.606443882E0
2.338308816E1,1.498770237E0,4.453215301E-1,3.541024208E0
2.340307717E1,-1.699883193E-1,1.213860273E0,5.063736439E0
2.342309670E1,9.313444495E-1,2.059013397E-1,6.696582317E0
2.344311624E1,5.889736414E-1,5.626373887E-1,7.489062786E0
2.346307473E1,-4.932055473E-1,1.256955862E0,8.262390137E0
2.348309426E1,-6.943184733E-1,1.462857246E0,7.034164429E0
2.350308328E1,-2.992752194E-1,1.453280449E0,6.708553314E0
2.352307229E1,-3.160346150E-1,1.716642618E0,7.232883453E0
2.354306130E1,4.644751251E-1,2.568978310E0,7.120356083E0
2.356305032E1,5.075707436E-1,2.784456491E0,7.541735172E0
2.358300881E1,-2.394201607E-2,3.215412855E0,7.031770229E0
2.360299783E1,3.351882473E-2,3.722983599E0,8.470685959E0
2.362301736E1,1.254561663E0,3.373430252E0,9.765948296E0
2.364303689E1,1.742978811E0,3.660734415E0,1.053209305E1
2.366302590E1,7.469909191E-1,3.610456228E0,1.117373943E1
2.368298440E1,-2.442085743E-1,2.964021683E0,1.230140877E1
2.370297341E1,1.795651317E-1,2.351106167E0,1.313937855E1
2.372299294E1,3.447650373E-1,2.511517525E0,1.323035812E1
2.374298196E1,-3.232172430E-1,2.446874142E0,1.263899040E1
2.376294046E1,-1.920149803E0,1.082179189E0,1.358470058E1
2.378295999E1,-1.644816518E0,1.484405100E-1,1.424789429E1
2.380297952E1,-1.391031146E0,-1.024718285E0,1.448731422E1
2.382296853E1,-1.139639974E0,-1.517923832E0,1.389834118E1
2.384295754E1,-1.422155857E0,-1.635239720E0,1.345301914E1
2.386294656E1,-1.333570361E0,-1.570596337E0,1.195424938E1
2.388290505E1,-9.864110947E-1,-8.882488012E-1,9.528923035E0
2.390292459E1,-1.438915253E0,-9.193734527E-1,9.366117477E0
2.392294412E1,-2.188300371E0,-1.022324085E0,9.136273384E0
2.394290261E1,-1.855506301E0,-1.697489023E0,1.125035381E1
2.396292214E1,-7.637503147E-1,-1.323993564E0,1.175792408E1
2.398291116E1,-1.175553083E0,-9.337386489E-1,9.342175484E0
2.400290017E1,-1.388636947E0,-3.591302633E-1,6.057330132E0
2.402288918E1,-1.455674648E0,1.149216816E-1,5.403713226E0
2.404287820E1,-1.223437071E0,-7.661445439E-2,7.963114738E0
2.406286721E1,2.106897533E-1,2.873041928E-1,9.488221169E0
2.408285623E1,-8.140285611E-1,5.219359994E-1,-2.861071110E0
2.410284524E1,-7.062895298E-1,-7.709329724E-1,6.478709698E0
2.412283425E1,8.954314590E-1,9.337386489E-2,9.593565941E0
2.414282327E1,1.843535304E-1,1.065419793E0,9.773131371E0
2.416281228E1,3.064578176E-1,1.675941199E-1,8.092401505E0
2.418277078E1,-3.974374831E-1,1.101332784E0,1.623268723E0
2.420279031E1,-3.478775024E0,1.738190413E0,2.636016130E0
2.422277932E1,-6.895300746E-1,9.026140571E-1,7.675810814E0
2.424273782E1,1.096544385E0,1.051054597E0,1.000536919E1
2.426275735E1,-1.786074519E0,1.529894829E0,8.406042099E0
2.428277688E1,-3.835511208E0,2.183511972E0,6.545747280E0
2.430276589E1,-3.773261786E0,2.269703150E0,3.742137194E0
2.432275491E1,-2.106897593E0,2.102109194E0,5.540182590E0
2.434274392E1,-1.182735682E0,1.731007814E0,1.013226128E1
2.436270242E1,-6.153098345E-1,1.312022567E0,1.069011021E1
2.438269143E1,-1.180341482E0,1.544260144E0,8.518569946E0
2.440268044E1,-2.501940727E0,1.848323703E0,7.113173485E0
2.442266946E1,-2.145204782E0,2.159569979E0,7.304709435E0
2.444265847E1,-1.936909199E0,2.396595955E0,1.001973438E1
2.446267800E1,-4.692635238E-1,1.412579060E0,1.027830791E1
2.448269754E1,-4.692635238E-1,1.331176162E0,9.761159897E0
2.450268655E1,-2.195482969E0,1.534683347E0,9.823410034E0
2.452267556E1,-2.126051188E0,1.915361404E0,1.109951878E1
2.454269509E1,-1.063025594E0,1.364694953E0,1.143710136E1
2.456268411E1,5.650315881E-1,1.187524080E0,1.090319443E1
2.458264260E1,-7.230489254E-1,1.115697980E0,1.019929886E1
2.460266213E1,-8.643068075E-1,1.290474772E0,9.749189377E0
2.462265115E1,-1.103726983E0,1.283292055E0,9.789890289E0
2.464260964E1,-6.153098345E-1,1.137245774E0,9.428366661E0
2.466262918E1,1.244984865E-1,8.810662031E-1,9.284713745E0
2.468264871E1,-7.182605099E-3,7.326257229E-1,8.937555313E0
2.470263772E1,-1.149216816E-1,6.584054828E-1,9.454702377E0
2.472259622E1,6.320692301E-1,4.261679053E-1,1.053209305E1
2.474261575E1,1.154005170E0,4.596867263E-1,9.971850395E0
2.476263528E1,1.118092179E0,5.985504389E-1,9.078812599E0
2.478262429E1,5.578489900E-1,1.077390790E0,8.719682693E0
2.480258279E1,4.118026793E-1,1.089361787E0,8.585607529E0
2.482260232E1,1.331176162E0,7.565677166E-1,9.689333916E0
2.484262185E1,2.636016130E0,1.259350061E0,9.344569206E0
2.486261086E1,8.786720037E-1,1.422155857E0,8.171410561E0
2.488259988E1,-8.403648138E-1,1.857900500E0,8.197746277E0
2.490258889E1,-6.895300746E-1,1.704671621E0,9.641449928E0
2.492254739E1,4.381389022E-1,1.326387763E0,9.452308655E0
2.494256692E1,1.043871999E0,1.168370485E0,8.899248123E0
2.496258645E1,1.134851575E0,1.620874524E0,9.272743225E0
2.498257546E1,3.351882473E-2,1.735796213E0,9.222464561E0
2.500253396E1,-9.504981041E-1,2.047042370E0,9.229647636E0
2.502255349E1,-8.068459630E-1,2.430114746E0,9.193734169E0
2.504251199E1,-2.873042040E-2,2.329558372E0,8.971074104E0
2.506253152E1,4.453215301E-1,2.305616140E0,9.272743225E0
2.508249002E1,-4.309562966E-2,2.343923569E0,9.143456459E0
2.510247903E1,-1.419761658E0,2.655169725E0,9.196128845E0
2.512249856E1,-9.864110947E-1,2.662352324E0,8.997409821E0
2.514248757E1,7.661445439E-2,2.573766708E0,8.971074104E0
2.516247659E1,-1.029506698E-1,2.837129116E0,8.566453934E0
2.518246560E1,-9.935936928E-1,2.918531895E0,8.501810074E0
2.520242410E1,-1.726219416E0,3.232172251E0,9.117119789E0
2.522244363E1,-1.659181833E0,3.131615877E0,9.356540680E0
2.524243264E1,-1.216254473E0,3.088520288E0,9.478644371E0
2.526242166E1,-9.457096457E-1,3.220201254E0,8.743624687E0
2.528241067E1,-1.170764685E0,3.579331636E0,8.370129585E0
2.530243020E1,-3.473986626E0,4.525041103E0,4.019864559E0
2.532244973E1,-2.229001760E0,3.725377798E0,9.933543205E0
2.534243875E1,-2.312798738E0,3.756502390E0,1.043632507E1
2.536242776E1,-3.445256233E0,4.173093796E0,1.131020927E1
2.538241677E1,-2.703053713E0,3.754108191E0,8.623914719E0
2.540091498E1,-4.932055473E-1,2.698265314E0,9.313444138E0
2.542090399E1,-8.858546615E-2,2.319981337E0,1.101572227E1
2.544092353E1,-7.182604820E-2,2.128445387E0,1.177947235E1
2.546091254E1,-4.094084799E-1,2.037465572E0,1.058476543E1
2.548087104E1,-5.363011956E-1,1.881842494E0,9.753977776E0
2.550086005E1,-4.596867263E-1,1.649604917E0,9.758766174E0
2.552087958E1,-6.655880809E-1,1.264138460E0,1.028309631E1
2.554086859E1,-8.523358107E-1,9.792284966E-1,1.024478912E1
2.556085761E1,-8.762778044E-1,3.088520169E-1,1.078108978E1
2.558087714E1,-1.398213744E0,-9.576806799E-3,1.073081207E1
2.560089667E1,-1.735796213E0,-4.285621047E-1,1.189678860E1
2.562088568E1,-1.675941229E0,-2.873041928E-1,1.185369301E1
2.564090522E1,-2.023100376E0,-2.394201607E-2,1.085052204E1
2.566089423E1,-2.023100376E0,2.178723514E-1,1.025197124E1
2.568088324E1,-2.054224968E0,2.226607651E-1,9.224859238E0
2.570087226E1,-2.276885748E0,3.040636182E-1,8.549694061E0
2.572083075E1,-2.147598982E0,3.256114423E-1,9.220070839E0
2.574085028E1,-2.176329374E0,3.495534360E-1,9.435548782E0
2.576083930E1,-2.214636564E0,4.716577232E-1,9.117119789E0
2.578085883E1,-2.116474390E0,6.105214357E-1,8.329427719E0
2.580084784E1,-1.912967205E0,7.900865674E-1,7.886500359E0
2.582083686E1,-1.850717902E0,9.241618514E-1,7.860164165E0
2.584085639E1,-1.819593310E0,1.024718285E0,7.673416615E0
2.586084540E1,-1.798045516E0,1.091755986E0,7.987056732E0
2.588080390E1,-1.704671621E0,1.079784989E0,8.497021675E0
2.590079291E1,-1.654393315E0,1.132457376E0,8.085219383E0
2.592081244E1,-1.663970232E0,1.271321058E0,7.687781811E0
2.594080146E1,-1.711854219E0,1.414973259E0,7.831433773E0
2.596075995E1,-1.649604917E0,1.393425345E0,8.449137688E0
2.598074896E1,-1.774103403E0,1.364694953E0,8.621520042E0
2.600076850E1,-1.728613615E0,1.331176162E0,8.932766914E0
2.602075751E1,-1.848323703E0,1.484405041E0,8.714894295E0
2.604077704E1,-1.917755604E0,1.568202138E0,8.111555099E0
2.606076606E1,-2.305616140E0,1.637633920E0,8.456320763E0
2.608075507E1,-2.267308950E0,1.678335428E0,8.722076416E0
2.610074408E1,-2.133233786E0,1.788468719E0,9.150638580E0
2.612070258E1,-2.245761156E0,1.829170108E0,9.006986618E0
2.614072211E1,-2.200271368E0,1.915361404E0,8.346187592E0
2.616071112E1,-2.248155355E0,1.980004787E0,8.271966934E0
2.618070014E1,-2.355894566E0,2.102109194E0,8.571242332E0
2.620071967E1,-2.231395960E0,1.886630893E0,9.832986832E0
2.622070868E1,-2.059013367E0,1.843535304E0,1.025915432E1
2.624066718E1,-2.219424963E0,1.869871497E0,9.284713745E0
2.626068671E1,-2.293645144E0,1.867477298E0,9.801861763E0
2.628067572E1,-2.252943754E0,1.685518026E0,1.081460953E1
2.630066474E1,-1.927332401E0,1.419761658E0,1.180820274E1
2.632068427E1,-1.551442742E0,1.292868972E0,1.222718811E1
2.634067328E1,-1.383848548E0,1.419761658E0,1.107078838E1
2.636063178E1,-1.120486379E0,1.474828243E0,9.885659218E0
2.638062079E1,-1.300051570E0,1.055842996E0,1.124077702E1
2.640064032E1,-1.048660398E0,5.003881454E-1,1.223676491E1
2.642062934E1,-7.876923680E-1,2.394201607E-2,1.206438255E1
2.644064887E1,-6.512228847E-1,-2.346317619E-1,1.152808094E1
2.646063788E1,-2.849099934E-1,-2.106897533E-1,1.032858658E1
2.648062690E1,-4.046200812E-1,1.005564705E-1,9.612719536E0
2.650061591E1,-1.651999205E-1,2.825157940E-1,9.325415611E0
2.652063544E1,1.795651317E-1,4.644751251E-1,9.545681953E0
2.654062445E1,5.291185975E-1,5.817909837E-1,9.200917244E0
2.656061347E1,7.278373241E-1,7.996633649E-1,8.595184326E0
2.658060248E1,6.464344859E-1,9.050082564E-1,8.080430984E0
2.660059149E1,8.092401624E-1,8.451532125E-1,9.153033257E0
2.662058051E1,8.858546019E-1,5.386953950E-1,1.040041256E1
2.664060004E1,9.409212470E-1,5.722141862E-1,1.020648193E1
2.666058905E1,8.547300100E-1,9.002198577E-1,8.935160637E0
2.668057807E1,7.541735172E-1,1.175553083E0,7.852981567E0
2.670056708E1,7.876923680E-1,1.151610970E0,7.855375767E0
2.672055609E1,7.302315235E-1,1.149216771E0,8.487444878E0
2.674054511E1,9.002198577E-1,1.003170490E0,9.109937668E0
2.676050360E1,9.145850539E-1,1.101332784E0,8.427590370E0
2.678049262E1,5.698199868E-1,1.345541358E0,7.599195957E0
2.680051215E1,4.836287498E-1,1.491587639E0,7.671022415E0
2.682050116E1,6.200982332E-1,1.517923832E0,8.259995461E0
2.684045966E1,6.272808313E-1,1.596932530E0,9.112331390E0
2.686044867E1,7.757213712E-1,1.654393315E0,8.836998940E0
2.688046820E1,7.805097699E-1,1.838746905E0,8.164227486E0
2.690045722E1,7.182605267E-1,1.999158382E0,7.977479935E0
2.692044623E1,8.212111592E-1,1.965639591E0,8.425195694E0
2.694043524E1,5.961562395E-1,1.922544003E0,9.653421402E0
2.696042426E1,6.272808313E-1,1.889025092E0,9.785101891E0
2.698044379E1,6.296750307E-1,1.956062794E0,9.119514465E0
2.700043280E1,5.650315881E-1,2.126051188E0,9.074024200E0
2.702045233E1,3.854664862E-1,2.298433542E0,9.344569206E0
2.704047186E1,4.309563041E-1,2.367865562E0,9.181763649E0
2.706046088E1,4.381389022E-1,2.432508945E0,9.607931137E0
2.708044989E1,5.985504389E-1,2.195482969E0,1.026873112E1
2.710046942E1,5.027823448E-1,2.161964178E0,1.012268448E1
2.712045844E1,3.471592367E-1,2.147598982E0,9.866505623E0
2.714044745E1,9.576806799E-3,1.896207690E0,1.021366405E1
2.716046698E1,-1.173158810E-1,1.577778935E0,1.084812832E1
2.718045600E1,-5.195417404E-1,1.288080573E0,1.132217979E1
2.720044501E1,-9.672574997E-1,9.409212470E-1,1.121444035E1
2.722043402E1,-1.168370485E0,6.488286853E-1,1.093192482E1
2.724042304E1,-1.108515382E0,2.585737705E-1,1.179144382E1
2.726041205E1,-1.201889277E0,-1.077390760E-1,1.235886955E1
2.728040107E1,-1.218648672E0,-3.399766386E-1,1.213381386E1
2.730042060E1,-1.189918280E0,-1.173158810E-1,1.140837097E1
2.732040961E1,-1.180341482E0,1.867477298E-1,9.732429504E0
2.734042914E1,-1.580173135E0,3.495534360E-1,8.810662270E0
2.736044867E1,-1.465251446E0,4.141969085E-1,8.707711220E0
2.738043769E1,-1.142034173E0,3.351882398E-1,8.877699852E0
2.740045722E1,-1.460463047E0,3.208230138E-1,8.834604263E0
2.742044623E1,-1.683123827E0,3.902548850E-1,8.547300339E0
2.744043524E1,-1.831564307E0,5.698199868E-1,8.508993149E0
2.746042426E1,-1.798045516E0,7.062895298E-1,8.310274124E0
2.748038275E1,-2.039859772E0,7.829039693E-1,8.259995461E0
2.750040228E1,-2.109291792E0,7.900865674E-1,8.846575737E0
2.752039130E1,-1.915361404E0,8.116343617E-1,8.583212852E0
2.754041083E1,-1.893813491E0,8.762778044E-1,8.513781548E0
2.756039984E1,-1.910573006E0,9.121908545E-1,8.868123055E0
2.758041938E1,-1.889025092E0,9.888052940E-1,8.774748802E0
2.760040839E1,-1.719036818E0,1.058237195E0,8.477868080E0
2.762039740E1,-1.675941229E0,1.103726983E0,8.348581314E0
2.764041693E1,-1.659181833E0,1.098938584E0,8.202534676E0
2.766046698E1,-1.752555609E0,1.165976286E0,8.628703117E0
2.768045600E1,-1.980004787E0,1.295263171E0,8.559270859E0
2.770047553E1,-1.900996208E0,1.434126854E0,8.432378769E0
2.772046454E1,-1.563413739E0,1.546654344E0,7.872135162E0
2.774048407E1,-1.685518026E0,1.668758631E0,7.924807549E0
2.776047309E1,-1.695094824E0,1.704671621E0,9.581595421E0
2.778046210E1,-1.192312479E0,1.534683347E0,9.227252960E0
2.780048163E1,-1.036689281E0,1.821987510E0,8.192957878E0
2.782053168E1,-1.393425345E0,2.226607561E0,7.505822182E0
2.784052069E1,-1.606509328E0,2.269703150E0,7.524975777E0
2.786054022E1,-1.656787634E0,2.090138197E0,8.971074104E0
2.788055976E1,-1.836352706E0,1.786074519E0,1.034774017E1
2.790054877E1,-2.013523579E0,1.783680320E0,1.092713642E1
2.792056830E1,-1.877054095E0,1.802833915E0,1.016578007E1
2.794055732E1,-1.991975784E0,2.003946781E0,8.839392662E0
2.796057685E1,-2.025494576E0,2.267308950E0,8.087613106E0
2.798056586E1,-1.996764183E0,2.509123325E0,7.747636795E0
2.800055487E1,-1.520318031E0,2.466027737E0,8.913613319E0
2.802054389E1,-7.445967197E-1,1.939303398E0,1.117852783E1
2.804050238E1,-1.113303781E0,1.805228114E0,1.024957752E1
2.806052191E1,-1.821987510E0,1.917755604E0,8.746018410E0
2.808051093E1,-2.138022184E0,1.553836942E0,9.619902611E0
2.810049994E1,-2.145204782E0,8.978256583E-1,1.261265469E1
2.812051947E1,-1.606509328E0,-2.082955539E-1,1.417127991E1
2.814050849E1,-1.663970232E0,-4.309563041E-1,1.326866627E1
2.816046698E1,-1.620874524E0,-1.508347094E-1,1.140597725E1
2.818048651E1,-1.149216771E0,2.035071403E-1,1.071165848E1
2.820047553E1,-2.585737705E-1,5.219359994E-1,1.052012253E1
2.822049506E1,2.992752194E-1,6.655880809E-1,9.981427193E0
2.824051459E1,3.519476354E-1,8.403648138E-1,1.071405220E1
2.826050360E1,6.272808313E-1,7.829039693E-1,1.028549004E1
2.828046210E1,4.932055473E-1,8.451532125E-1,9.449913979E0
2.830045111E1,7.900865376E-2,9.026140571E-1,9.519346237E0
2.832047064E1,2.513911724E-1,1.074996591E0,9.844957352E0
2.834045966E1,4.764461517E-1,1.110909581E0,9.507374763E0
2.836047919E1,5.291185975E-1,1.039083481E0,8.425195694E0
2.838046820E1,6.105214357E-1,1.101332784E0,6.481103897E0
2.840045722E1,5.291185975E-1,1.204283476E0,6.327875137E0
2.842044623E1,8.259995580E-1,1.182735682E0,7.752425194E0
2.844040473E1,1.266532660E0,1.067813993E0,9.057265282E0
2.846042426E1,1.161187768E0,1.314416766E0,9.306262016E0
2.848041327E1,9.169792533E-1,1.350329757E0,7.783549786E0
2.850043280E1,7.015010715E-1,1.659181833E0,7.745242596E0
2.852042182E1,9.481038451E-1,1.529894829E0,8.573636055E0
2.854041083E1,1.249773264E0,1.355118155E0,1.006043530E1
2.856043036E1,1.462857246E0,1.276109457E0,1.001015759E1
2.858044989E1,9.050082564E-1,1.218648672E0,8.760383606E0
2.860046942E1,6.703764945E-2,1.355118155E0,8.657433510E0
2.862045844E1,-6.703764945E-2,1.505952835E0,9.009381294E0
2.864044745E1,6.607996821E-1,1.486799240E0,9.598354340E0
2.866046698E1,5.841852427E-1,1.517923832E0,9.169792175E0
2.868042548E1,4.596867263E-1,1.874659896E0,8.528146744E0
2.870044501E1,2.561795712E-1,2.138022184E0,8.317456245E0
2.872043402E1,7.781155705E-1,2.193088770E0,8.822632790E0
2.874045356E1,1.206677675E0,2.147598982E0,9.179368973E0
2.876044257E1,1.209071875E0,2.161964178E0,8.896853447E0
2.878046210E1,1.079784989E0,2.221819162E0,8.489839554E0
2.880045111E1,1.182735682E0,2.454056740E0,8.504204750E0
2.882047064E1,1.587355733E0,2.427720547E0,9.612719536E0
2.884049018E1,1.039083481E0,2.451662540E0,9.332598686E0
2.886047919E1,6.368576288E-1,2.516305923E0,8.487444878E0
2.888049872E1,5.099649429E-1,2.446874142E0,8.382100105E0
2.890048774E1,7.469909191E-1,2.454056740E0,8.339004517E0
2.892038005E1,8.116343617E-1,2.545036316E0,9.004592896E0
2.894036906E1,1.244984865E-1,2.482787132E0,9.485827446E0
2.896035807E1,3.758896589E-1,2.358288765E0,9.552865028E0
2.898034709E1,-1.460463107E-1,2.310404539E0,9.753977776E0
2.900036662E1,-4.884171486E-1,2.272097349E0,1.098220348E1
2.902035563E1,-2.801215947E-1,2.272097349E0,1.089122391E1
2.904034465E1,-4.453215301E-1,2.451662540E0,9.816226959E0
2.906033366E1,-7.852981687E-1,2.063801765E0,9.483432770E0
2.908032267E1,-1.029506683E0,1.778891921E0,8.659827232E0
2.910034220E1,-1.070208192E0,1.381454349E0,9.212887764E0
2.912033122E1,-8.259995580E-1,1.132457376E0,9.737217903E0
2.914032023E1,-3.016694188E-1,7.852981687E-1,1.043153667E1
2.916030925E1,-2.681505978E-1,3.998316824E-1,1.045069027E1
2.918029826E1,-8.427590132E-1,2.082955539E-1,1.022084713E1
2.920031779E1,-1.225831270E0,2.513911724E-1,1.115697956E1
2.922030680E1,-1.218648672E0,2.322375625E-1,1.144667816E1
2.924032634E1,-1.522712231E0,3.423708379E-1,1.075714779E1
2.926031535E1,-1.386242747E0,2.322375625E-1,1.058237171E1
2.928030436E1,-1.221042871E0,3.016694188E-1,1.103008747E1
2.930029338E1,-1.256955862E0,4.884171486E-1,1.037886429E1
2.932028239E1,-1.132457376E0,7.757213712E-1,9.454702377E0
2.934030192E1,-8.379706144E-1,7.829039693E-1,9.093177795E0
2.936029094E1,-7.900865674E-1,7.278373241E-1,8.868123055E0
2.938027995E1,-8.116343617E-1,7.062895298E-1,8.719682693E0
2.940029948E1,-1.015141487E0,6.248866320E-1,8.355764389E0
2.942028849E1,-1.024718285E0,4.333505034E-1,8.020575523E0
2.944027751E1,-1.225831270E0,4.405331016E-1,7.635109425E0
2.946026652E1,-1.288080573E0,4.908113480E-1,7.824251175E0
2.948025554E1,-1.300051570E0,5.650315881E-1,7.910442352E0
2.950024455E1,-1.235408068E0,7.038952708E-1,7.922413349E0
2.952026408E1,-1.307234168E0,7.900865674E-1,8.396465302E0
2.954025309E1,-1.204283476E0,8.858546019E-1,8.588001251E0
2.956024211E1,-1.154005170E0,8.619126081E-1,8.772355080E0
2.958023112E1,-1.367089152E0,8.667010069E-1,8.753201485E0
2.960022014E1,-1.537077546E0,9.121908545E-1,9.095572472E0
2.962020915E1,-1.256955862E0,8.116343617E-1,8.927978516E0
2.964016764E1,-1.508347034E0,8.403648138E-1,9.373299599E0
2.966018718E1,-1.666364431E0,8.331822157E-1,9.275136948E0
2.968017619E1,-1.968033791E0,7.158663273E-1,8.932766914E0
2.970019572E1,-1.865083098E0,7.996633649E-1,8.822632790E0
2.972018473E1,-1.898601890E0,9.097966552E-1,9.165003777E0
2.974020427E1,-2.109291792E0,9.864110947E-1,9.275136948E0
2.976019328E1,-2.214636564E0,1.118092179E0,9.258378029E0
2.978018229E1,-1.841141105E0,1.019929886E0,9.495404243E0
2.980020182E1,-1.841141105E0,9.864110947E-1,9.660603523E0
2.982019084E1,-2.068590164E0,1.063025594E0,1.058476543E1
2.984017985E1,-1.987187386E0,1.067813993E0,1.075475407E1
2.986016887E1,-1.853112102E0,1.055842996E0,1.061828423E1
2.988015788E1,-1.338358760E0,1.029506683E0,1.053448772E1
2.990014689E1,-7.733271718E-1,7.134721279E-1,1.046026707E1
2.992010539E1,-4.668693244E-1,3.016694188E-1,1.143470764E1
2.994012492E1,-4.955997467E-1,-2.370259613E-1,1.272518158E1
2.996011393E1,-3.806780577E-1,-4.644751251E-1,1.332852077E1
2.998010295E1,-3.878606856E-1,-4.022258818E-1,1.294784260E1
3.000012248E1,-3.232172430E-1,-1.795651317E-1,1.178426075E1
3.002017253E1,-7.182605099E-3,-5.506663769E-2,1.055842972E1
3.004016154E1,-3.950432837E-1,2.825157940E-1,9.363722801E0
3.006015056E1,-3.375824392E-1,5.171475410E-1,8.975862503E0
3.008017009E1,-2.729389966E-1,6.177040339E-1,8.868123055E0
3.010015910E1,2.154781520E-1,5.291185975E-1,8.815450668E0
3.012014811E1,1.915361285E-1,4.477157295E-1,8.525752068E0
3.014013713E1,-7.661445439E-2,4.189853072E-1,8.485051155E0
3.016012614E1,7.182605099E-3,6.105214357E-1,8.798690796E0
3.018011515E1,7.422025502E-2,6.895300746E-1,8.444349289E0
3.020010417E1,1.077390760E-1,7.206547260E-1,8.547300339E0
3.022009318E1,3.806780577E-1,7.733271718E-1,8.793902397E0
3.024008220E1,4.692635238E-1,9.433154464E-1,8.262390137E0
3.026010173E1,3.519476354E-1,1.027112484E0,8.142680168E0
3.028009074E1,5.674257874E-1,1.142034173E0,8.367734909E0
3.030011027E1,8.858546019E-1,1.046266198E0,9.196128845E0
3.032009928E1,8.571242094E-1,1.144428372E0,8.906430244E0
3.034008830E1,7.469909191E-1,1.379060149E0,7.939172745E0
3.036010783E1,5.913678408E-1,1.520318031E0,7.793126583E0
3.038009684E1,1.082179189E0,1.450886250E0,8.489839554E0
3.040008586E1,1.213860273E0,1.515529633E0,8.267178535E0
3.042007487E1,9.983820915E-1,1.606509328E0,7.924807549E0
3.044003337E1,1.146822572E0,1.558625340E0,7.977479935E0
3.046005290E1,1.094150186E0,1.515529633E0,8.645462036E0
3.048004191E1,3.399766386E-1,1.422155857E0,8.719682693E0
3.050006144E1,1.005564705E-1,1.400607944E0,8.853757858E0
3.052005046E1,1.484405100E-1,1.422155857E0,9.289502144E0
3.054003947E1,-1.675941199E-1,1.493981838E0,9.706093788E0
3.056005900E1,-2.322375625E-1,1.470039845E0,9.900024414E0
3.058004802E1,5.267243832E-2,1.604115129E0,1.029746151E1
3.060006755E1,2.082955539E-1,1.877054095E0,9.651026726E0
3.062005656E1,-2.442085743E-1,2.116474390E0,9.485827446E0
3.064004557E1,-2.202665508E-1,2.011129379E0,1.059673691E1
3.066006510E1,1.556231081E-1,1.685518026E0,1.171004009E1
3.068005412E1,-1.292868853E-1,1.460463047E0,1.137245846E1
3.070004313E1,-2.059013397E-1,1.486799240E0,1.046026707E1
3.072000163E1,-6.129156351E-1,1.740584612E0,1.051054573E1
3.074002116E1,-9.217676520E-1,1.697489023E0,1.057997704E1
3.076001017E1,-6.392518282E-1,1.151610970E0,1.122641182E1
3.077999919E1,-1.125274822E-1,5.674257874E-1,1.247139645E1
3.080001872E1,-3.064578176E-1,2.178723514E-1,1.322556973E1
3.082000773E1,-5.841852427E-1,7.182604820E-2,1.236365795E1
3.083996623E1,-5.602431893E-1,1.412578970E-1,1.144667816E1
3.085995524E1,-5.051765442E-1,5.506663769E-2,1.057997704E1
3.087997477E1,-1.082179189E0,8.068459630E-1,9.866505623E0
3.089996379E1,-1.414973259E0,1.244984865E-1,8.322244644E0
3.091995280E1,-1.453280449E0,5.961562395E-1,9.267954826E0
3.093994181E1,-2.128445387E0,1.843535304E-1,8.937555313E0
3.095993083E1,-2.023100376E0,2.466027737E-1,9.011775017E0
3.097995036E1,-2.322375625E-1,1.556231081E-1,8.643068314E0
3.099993937E1,-5.674257874E-1,-1.077390760E-1,8.537723541E0
3.101992839E1,-1.223437071E0,1.053448766E-1,8.022970200E0
3.103994792E1,-1.587355733E0,1.651999205E-1,7.826645374E0
3.105993693E1,-2.102109194E0,2.202665508E-1,8.623914719E0
3.107992595E1,-1.491587639E0,3.088520169E-1,7.388506413E0
3.109991496E1,-3.878606856E-1,2.418143749E-1,7.079654217E0
3.111990397E1,-9.121908545E-1,5.602431893E-1,6.928819656E0
3.113989299E1,-2.006340981E0,8.212111592E-1,8.449137688E0
3.115991252E1,-1.963245392E0,9.792284966E-1,8.427590370E0
3.117990153E1,-1.314416766E0,1.024718285E0,8.647856712E0
3.119989055E1,-1.101332784E0,9.457096457E-1,8.585607529E0
3.121987956E1,-9.217676520E-1,1.094150186E0,8.497021675E0
3.123983806E1,-1.254561663E0,1.139639974E0,8.427590370E0
3.125985759E1,-1.675941229E0,1.352723956E0,9.016563416E0
3.127984660E1,-1.450886250E0,1.273715258E0,9.011775017E0
3.129986613E1,-1.192312479E0,1.316810966E0,9.150638580E0
3.131988566E1,-9.935936928E-1,1.268926859E0,9.315838814E0
3.133987468E1,-1.041477680E0,1.443703651E0,9.188945770E0
3.135986369E1,-1.256955862E0,1.599326730E0,8.748413086E0
3.137988322E1,-1.525106430E0,1.800439715E0,8.695740700E0
3.139990275E1,-1.582567334E0,1.805228114E0,9.136273384E0
3.141989177E1,-1.280897856E0,1.687912226E0,9.186552048E0
3.143991130E1,-1.240196466E0,1.644816518E0,8.892065048E0
3.145990031E1,-1.254561663E0,1.608903527E0,8.894459724E0
3.147988932E1,-1.271321058E0,1.508347034E0,9.634267807E0
3.149987834E1,-1.043871999E0,1.570596337E0,9.878476143E0
3.151983683E1,-5.554547906E-1,1.529894829E0,9.277531624E0
3.153982585E1,-3.974374831E-1,1.525106430E0,9.114726067E0
3.155984538E1,-3.040636182E-1,1.424550056E0,9.600749016E0
3.157983439E1,-2.274491638E-1,1.436521053E0,9.777919769E0
3.159982341E1,1.388636976E-1,1.359906554E0,1.031422138E1
3.161981242E1,1.604115069E-1,1.127668977E0,1.099656868E1
3.163980143E1,-2.657563984E-1,1.173158884E0,1.136288166E1
3.165982096E1,1.867477298E-1,1.213860273E0,1.201410389E1
3.167984050E1,9.313444495E-1,1.022324085E0,1.222718811E1
3.169982951E1,1.393425345E0,7.493851185E-1,1.136048698E1
3.171981852E1,2.561795712E-1,6.440402865E-1,1.109473038E1
3.173980754E1,-5.171475410E-1,7.709329724E-1,1.156878281E1
3.175982707E1,7.661445439E-2,7.493851185E-1,1.184650993E1
3.177981608E1,1.065419793E0,6.296750307E-1,1.129344940E1
3.179977458E1,1.266532660E0,8.619126081E-1,9.950302124E0
3.181976359E1,8.690952063E-1,1.173158884E0,8.698134422E0
3.183978312E1,3.687070608E-1,1.417367458E0,8.396465302E0
3.185977214E1,2.849099934E-1,1.458068848E0,9.119514465E0
3.187979167E1,4.596867263E-1,1.170764685E0,9.967061996E0
3.189978068E1,8.283938169E-1,9.935936928E-1,9.490615845E0
3.191976970E1,8.714894056E-1,9.457096457E-1,8.537723541E0
3.193975871E1,6.320692301E-1,9.935936928E-1,8.305485725E0
3.195971721E1,3.734954596E-1,9.768342972E-1,8.504204750E0
3.197970622E1,-3.830722719E-2,1.194706678E0,8.508993149E0
3.199972575E1,-7.661445439E-2,1.218648672E0,7.800309181E0
3.201971476E1,1.604115069E-1,1.355118155E0,7.429207802E0
3.203970378E1,9.337386489E-2,1.280897856E0,7.383718014E0
3.205969279E1,2.130839527E-1,1.371877551E0,7.817068577E0
3.207971232E1,2.466027737E-1,1.424550056E0,8.128314972E0
3.209970134E1,2.537853718E-1,1.482010841E0,7.953537941E0
3.211972087E1,2.250549644E-1,1.455674648E0,7.618350029E0
3.213974040E1,3.830722570E-1,1.414973259E0,7.848193169E0
3.215972941E1,7.829039693E-1,1.216254473E0,8.427590370E0
3.217971843E1,7.326257229E-1,1.180341482E0,8.652645111E0
3.219973796E1,1.771709323E-1,1.383848548E0,8.525752068E0
3.221972697E1,-4.309562966E-2,1.503558636E0,8.458714485E0
3.223971598E1,4.932055473E-1,1.575384736E0,8.791508675E0
3.225970500E1,1.051054597E0,1.553836942E0,8.767566681E0
3.227969401E1,1.393425345E0,1.522712231E0,8.719682693E0
3.229971354E1,1.029506683E0,1.752555609E0,9.222464561E0
3.231970256E1,4.620809257E-1,1.831564307E0,9.634267807E0
3.233975260E1,3.136404157E-1,1.721431017E0,9.394847870E0
3.235974162E1,4.955997467E-1,1.422155857E0,8.331821442E0
3.237973063E1,1.120486379E0,2.195482969E0,8.595184326E0
3.239968913E1,1.556231141E0,2.355894566E0,6.909666061E0
3.241970866E1,4.261679053E-1,-2.609679997E-1,1.265575027E1
3.243969767E1,9.193734527E-1,-1.508347094E-1,1.469561005E1
3.245968669E1,9.959878922E-1,-4.955997467E-1,1.403481007E1
3.247967570E1,7.517793179E-1,-6.488286853E-1,1.286643982E1
3.249966472E1,1.053448766E-1,-7.158663273E-1,1.207395935E1
3.251965373E1,-5.698199868E-1,-1.189918280E0,1.211226654E1
3.253967326E1,-4.357447028E-1,-1.632845521E0,1.433408546E1
3.255966227E1,-2.896983922E-1,-2.063801765E0,1.542105293E1
3.257965129E1,9.576806799E-3,-2.264914751E0,1.476504230E1
3.259964030E1,3.926490843E-1,-1.678335428E0,1.432450867E1
3.261962931E1,4.884171486E-1,-1.496376038E0,1.142752457E1
3.263961833E1,6.584054828E-1,-9.504981041E-1,8.726864815E0
3.265960734E1,5.386953950E-1,-3.854664862E-1,7.862558365E0
3.267959636E1,-2.681505978E-1,-7.781155705E-1,8.133103371E0
3.269961589E1,-1.582567334E0,-1.347935557E0,7.888894558E0
3.271960490E1,-1.924938202E0,-1.798045516E0,7.692570210E0
3.273965495E1,1.987187415E-1,-6.584054828E-1,7.261613846E0
3.275964396E1,1.142034173E0,-2.370259613E-1,7.740454197E0
3.277963298E1,3.950432837E-1,-5.554547906E-1,7.805097580E0
3.279962199E1,-1.364694983E-1,-4.165911078E-1,8.099584579E0
3.281961100E1,-5.817909837E-1,-3.543418646E-1,8.777143478E0
3.283960002E1,-5.985504389E-1,-5.267243981E-1,8.386888504E0
3.285961955E1,-2.873042040E-2,-5.003881454E-1,7.666234016E0
3.287963908E1,-2.633621991E-1,-2.561795712E-1,6.605602264E0
3.289962809E1,-2.920926213E-1,-1.915361360E-2,6.670246124E0
3.291961711E1,-2.609679997E-1,9.816227108E-2,7.553706169E0
3.293960612E1,-1.675941199E-1,1.867477298E-1,8.008605003E0
3.295956462E1,-2.082955539E-1,1.149216816E-1,8.808267593E0
3.297958415E1,-3.232172430E-1,1.244984865E-1,8.621520042E0
3.299957316E1,-8.858546615E-2,6.248866320E-1,8.169015884E0
3.301959269E1,2.346317619E-1,6.919242740E-1,8.015787125E0
3.303958171E1,4.716577232E-1,7.805097699E-1,8.504204750E0
3.305960124E1,1.029506698E-1,8.930372596E-1,8.848969460E0
3.307959025E1,-6.368576288E-1,1.180341482E0,9.014169693E0
3.309957926E1,-6.416460276E-1,1.455674648E0,9.102754593E0
3.311959880E1,-8.619125932E-2,1.307234168E0,9.349357605E0
3.313955729E1,3.040636182E-1,1.323993564E0,9.330204010E0
3.315957682E1,4.070143029E-2,1.534683347E0,9.368511200E0
3.317956584E1,-3.758896589E-1,1.690306425E0,9.706093788E0
3.319958537E1,-1.699883193E-1,1.513135433E0,1.045787334E1
3.321957438E1,2.346317619E-1,1.292868972E0,1.102051067E1
3.323956340E1,6.655880809E-1,1.192312479E0,1.113543224E1
3.325955241E1,8.451532125E-1,1.333570361E0,1.097262669E1
3.327954142E1,9.289502501E-1,1.383848548E0,1.088643551E1
3.329953044E1,1.108515382E0,1.364694953E0,1.057758331E1
3.331948893E1,8.427590132E-1,1.355118155E0,1.018732834E1
3.333950846E1,8.858546615E-2,1.154005170E0,1.016578007E1
3.335949748E1,2.537853718E-1,9.241618514E-1,1.053448772E1
3.337951701E1,7.852981687E-1,5.602431893E-1,1.077869606E1
3.339950602E1,8.954314590E-1,2.322375625E-1,1.083136845E1
3.341955607E1,1.295263171E0,2.178723514E-1,1.078108978E1
3.343954509E1,1.936909199E0,1.628057212E-1,1.071165848E1
3.345956462E1,2.518700123E0,1.675941199E-1,1.016578007E1
3.347958415E1,2.094926596E0,4.357447028E-1,1.005564690E1
3.349957316E1,1.539471745E0,6.464344859E-1,9.698910713E0
3.351959269E1,1.477222443E0,8.882488012E-1,9.090784073E0
3.353958171E1,1.369483352E0,8.834604025E-1,8.487444878E0
3.355957072E1,1.558625340E0,9.744400978E-1,7.965508938E0
3.357955973E1,1.630451322E0,9.792284966E-1,7.735665798E0
3.359957926E1,1.642422318E0,9.169792533E-1,7.999027729E0
3.361956828E1,1.556231141E0,8.810662031E-1,8.334216118E0
3.363955729E1,1.407790542E0,8.930372596E-1,8.693346024E0
3.365954631E1,1.575384736E0,8.834604025E-1,8.664615631E0
3.367953532E1,1.678335428E0,9.121908545E-1,8.267178535E0
3.369952433E1,1.687912226E0,1.096544385E0,7.967903137E0
3.371954387E1,1.486799240E0,1.216254473E0,7.805097580E0
3.373953288E1,1.400607944E0,1.309628367E0,7.991845131E0
3.375952189E1,1.668758631E0,1.254561663E0,8.362946510E0
3.377951091E1,1.841141105E0,1.180341482E0,8.731653214E0
3.379949992E1,1.869871497E0,1.216254473E0,8.908824921E0
3.381948893E1,1.798045516E0,1.278503656E0,8.927978516E0
3.383944743E1,1.529894829E0,1.295263171E0,8.669404030E0
3.385943644E1,1.436521053E0,1.424550056E0,8.765172005E0
3.387945597E1,1.379060149E0,1.663970232E0,9.133879662E0
3.389944499E1,1.261744261E0,1.821987510E0,9.234436035E0
3.391940348E1,1.312022567E0,1.798045516E0,9.610325813E0
3.393939250E1,1.544260144E0,1.632845521E0,9.878476143E0
3.395941203E1,1.549048543E0,1.661576033E0,9.943120003E0
3.397940104E1,1.505952835E0,1.656787634E0,1.014183807E1
3.399939006E1,1.541865945E0,1.572990537E0,1.058716011E1
3.401937907E1,7.876923680E-1,1.419761658E0,1.140837097E1
3.403933757E1,4.405331016E-1,1.189918280E0,1.199495029E1
3.405935710E1,7.996633649E-1,9.864110947E-1,1.149695683E1
3.407934611E1,5.506663918E-1,9.169792533E-1,1.103008747E1
3.409936564E1,7.661445439E-2,6.727706790E-1,1.089601231E1
3.411935466E1,-3.878606856E-1,2.944868207E-1,1.104924107E1
3.413934367E1,-9.744400978E-1,-3.423708379E-1,1.234689808E1
3.415936320E1,-1.106121182E0,-7.469909191E-1,1.350329781E1
3.417935222E1,-7.781155705E-1,-8.236053586E-1,1.314416695E1
3.419931071E1,-2.274491638E-1,-6.943184733E-1,1.177947235E1
3.421933024E1,-1.580173075E-1,-4.716577232E-1,1.058237171E1
3.423934977E1,-3.064578176E-1,-1.939303428E-1,9.897629738E0
3.425933879E1,-8.283938169E-1,-1.915361360E-2,9.758766174E0
3.427932780E1,-1.561019540E0,1.149216816E-1,9.636661530E0
3.429934733E1,-1.374271750E0,1.891419291E-1,8.614337921E0
3.431936686E1,-8.331822157E-1,3.639186621E-1,7.920019150E0
3.433935588E1,-8.140285611E-1,4.860229492E-1,7.929595947E0
3.435937541E1,-8.451532125E-1,6.344634295E-1,7.836222172E0
3.437936442E1,-1.335964561E0,8.044517636E-1,7.450755596E0
3.439935344E1,-1.575384736E0,1.079784989E0,7.117961884E0
3.441934245E1,-9.169792533E-1,1.041477680E0,7.433996201E0
3.443933146E1,-3.495534360E-1,9.600749016E-1,8.046912193E0
3.445932048E1,-7.422025502E-2,1.019929886E0,8.274360657E0
3.447934001E1,-4.141969085E-1,1.089361787E0,8.228871346E0
3.449932902E1,-7.924807668E-1,1.244984865E0,7.867346764E0
3.451934855E1,-7.757213712E-1,1.441309452E0,7.805097580E0
3.453933757E1,-5.219359994E-1,1.340752959E0,7.886500359E0
3.455932658E1,-2.681505978E-1,1.472434044E0,8.032546997E0
3.457931559E1,-5.171475410E-1,1.618480325E0,8.370129585E0
3.459933512E1,-7.015010715E-1,1.611297727E0,8.700529099E0
3.461932414E1,-7.230489254E-1,1.750161409E0,8.817844391E0
3.463931315E1,-3.423708379E-1,1.781286120E0,8.676587105E0
3.465930217E1,-1.771709323E-1,1.903390408E0,8.382100105E0
3.467929118E1,-3.064578176E-1,2.020706177E0,8.207323074E0
3.469928019E1,-4.309563041E-1,2.128445387E0,8.255207062E0
3.471923869E1,-3.687070608E-1,2.130839586E0,8.808267593E0
3.473925822E1,-2.418143749E-1,2.114080191E0,9.176975250E0
3.475924723E1,-3.926490843E-1,2.171540976E0,8.992621422E0
3.477923625E1,-3.303998411E-1,2.152387381E0,9.114726067E0
3.479925578E1,-1.292868853E-1,2.082955360E0,9.445125580E0
3.481921428E1,4.548983276E-2,2.015917778E0,1.001973438E1
3.483923381E1,1.268926859E-1,2.059013367E0,1.027112484E1
3.485922282E1,-1.963245422E-1,2.059013367E0,1.062786102E1
3.487918132E1,-1.149216816E-1,1.989581585E0,1.112346077E1
3.489917033E1,9.097966552E-2,2.068590164E0,1.102051067E1
3.491915934E1,2.466027737E-1,2.066195965E0,1.057518864E1
3.493914836E1,1.029506698E-1,1.987187386E0,1.068053341E1
3.495913737E1,-4.620809257E-1,1.826775908E0,1.192073059E1
3.497909587E1,-2.274491638E-1,1.491587639E0,1.257913589E1
3.499911540E1,8.954314590E-1,1.237802267E0,1.251209831E1
3.501907389E1,1.462857246E0,1.065419793E0,1.206198788E1
3.503909343E1,1.448492050E0,1.065419793E0,1.138921738E1
3.505905192E1,6.248866320E-1,1.168370485E0,1.134372807E1
3.507907145E1,3.758896589E-1,9.935936928E-1,1.147540855E1
3.509906047E1,4.644751251E-1,8.690952063E-1,1.137724686E1
3.511901896E1,6.943184733E-1,9.121908545E-1,1.001015759E1
3.513903849E1,2.729389966E-1,1.134851575E0,8.978256226E0
3.515902751E1,1.388636976E-1,1.297657371E0,8.779537201E0
3.517901652E1,1.221042871E-1,1.223437071E0,8.537723541E0
3.519900554E1,2.944868207E-1,1.278503656E0,8.310274124E0
3.521902507E1,6.871358752E-1,1.235408068E0,8.307879448E0
3.523904460E1,7.637503147E-1,1.218648672E0,8.274360657E0
3.525900309E1,3.375824392E-1,1.273715258E0,8.324639320E0
3.527902262E1,1.771709323E-1,1.333570361E0,8.418013573E0
3.529901164E1,2.418143749E-1,1.381454349E0,8.099584579E0
3.531900065E1,8.427590132E-1,1.304839969E0,8.228871346E0
3.533895915E1,9.504981041E-1,1.065419793E0,8.923190117E0
3.535897868E1,7.517793179E-1,1.237802267E0,8.997409821E0
3.537896769E1,6.464344859E-1,1.532289028E0,8.461109161E0
3.539895671E1,6.057330370E-1,1.592144132E0,7.987056732E0
3.541894572E1,6.631938815E-1,1.687912226E0,8.073247910E0
3.543893473E1,6.153098345E-1,1.637633920E0,8.540117264E0
3.545895426E1,4.932055473E-1,1.798045516E0,8.616731644E0
3.547894328E1,6.416460276E-1,2.013523579E0,8.176198959E0
3.549890178E1,8.259995580E-1,2.205059767E0,7.807491779E0
3.551892131E1,6.727706790E-1,2.434903145E0,7.769184589E0
3.553891032E1,7.206547260E-1,2.592920542E0,7.917624950E0
3.555889933E1,7.062895298E-1,2.815581083E0,8.085219383E0
3.557891887E1,5.003881454E-1,2.825158119E0,8.796297073E0
3.559893840E1,5.147533417E-1,2.925714493E0,9.248801231E0
3.561895793E1,8.403648138E-1,3.126827478E0,8.841787338E0
3.563897746E1,1.132457376E0,3.296815634E0,8.197746277E0
3.565896647E1,9.050082564E-1,3.409343243E0,8.499416351E0
3.567895549E1,4.860229492E-1,3.591302633E0,8.875306129E0
3.569894450E1,3.040636182E-1,3.794809580E0,8.810662270E0
3.571893351E1,5.746083856E-1,3.928884983E0,9.009381294E0
3.573895304E1,5.099649429E-1,4.015076160E0,9.607931137E0
3.575897258E1,5.746084079E-2,3.967192173E0,1.038125896E1
3.577893107E1,2.513911724E-1,3.950432777E0,1.104205799E1
3.579888957E1,2.202665508E-1,3.689464808E0,1.097502041E1
3.581887858E1,2.274491638E-1,4.031835556E0,1.227507210E1
3.583889811E1,7.326257229E-1,3.859453201E0,1.313937855E1
3.585888713E1,9.121908545E-1,3.263296843E0,1.270602798E1
3.587887614E1,5.793967843E-1,2.908955097E0,1.212184334E1
3.589886515E1,6.607996821E-1,2.128445387E0,1.200931549E1
3.591882365E1,4.094084799E-1,1.316810966E0,1.138203526E1
3.593884318E1,-4.079719543E0,5.099649429E-1,1.342189503E1
3.595886271E1,-2.889801502E0,1.549048543E0,1.144907284E1
3.597885173E1,-9.145850539E-1,-2.226607651E-1,1.056082344E1
3.599884074E1,1.438915253E0,-1.508347094E-1,1.061589050E1
3.601882975E1,9.816227108E-2,3.280056417E-1,9.624691010E0
3.603878825E1,-7.015010715E-1,5.195417404E-1,9.734824181E0
3.605880778E1,-1.139639974E0,5.315127969E-1,9.787496567E0
3.607882731E1,-4.381389022E-1,1.651999205E-1,9.653421402E0
3.609881633E1,-4.620809257E-1,3.112462163E-2,9.651026726E0
3.611880534E1,-7.182605267E-1,7.302315235E-1,8.106766701E0
3.613879435E1,-1.055842996E0,1.074996591E0,7.781155586E0
3.615878337E1,-6.536170840E-1,1.424550056E0,9.047688484E0
3.617880290E1,-1.137245774E0,1.434126854E0,8.573636055E0
3.619882243E1,-1.422155857E0,3.095702887E0,6.933608055E0
3.621881144E1,-4.644751251E-1,1.458068848E0,8.461109161E0
3.623880046E1,1.029506698E-1,1.455674648E0,8.769960403E0
3.625881999E1,-7.398083210E-1,1.611297727E0,7.781155586E0
3.627880900E1,-1.570596337E0,1.774103403E0,8.264783859E0
3.629876750E1,-1.764526606E0,1.654393315E0,7.948749542E0
3.631878703E1,-4.285621047E-1,1.398213744E0,7.829039574E0
3.633877604E1,3.854664862E-1,1.058237195E0,8.832210541E0
3.635873454E1,-2.418143749E0,2.102109194E0,3.308786631E0
3.637872355E1,-9.648633003E-1,1.874659896E0,9.272743225E0
3.639871257E1,-1.139639974E0,1.561019540E0,9.282320023E0
3.641867106E1,-5.889736414E-1,1.747767210E0,9.667786598E0
3.643869059E1,-7.709329724E-1,2.008735180E0,8.987833023E0
3.645867961E1,-1.314416766E0,2.025494576E0,7.149086475E0
3.650213290E1,-6.512228847E-1,2.516305923E0,9.016563416E0
3.652212191E1,4.070143029E-2,2.367865562E0,9.706093788E0
3.654211093E1,-3.303998411E-1,2.454056740E0,9.543288231E0
3.656209994E1,-6.512228847E-1,2.590526342E0,9.016563416E0
3.658211947E1,-4.477157295E-1,2.638410330E0,8.652645111E0
3.660210848E1,-2.370259613E-1,2.607285738E0,8.710105896E0
3.662209750E1,-2.394201756E-1,2.592920542E0,9.375694275E0
3.664208651E1,-5.291185975E-1,2.597708941E0,9.742006302E0
3.666207553E1,-5.889736414E-1,2.602497339E0,9.770736694E0
3.668203402E1,-5.770025849E-1,2.466027737E0,9.610325813E0
3.670205355E1,-5.051765442E-1,2.284068346E0,1.020648193E1
3.672204257E1,-3.471592367E-1,2.229001760E0,1.143710136E1
3.674203158E1,-5.626373887E-1,2.181117773E0,1.197579670E1
3.676205111E1,-8.571242094E-1,1.980004787E0,1.151132202E1
3.678204013E1,-1.132457376E0,1.879448295E0,1.095107841E1
3.680202914E1,-1.209071875E0,1.735796213E0,1.073560047E1
3.682204867E1,-1.017535686E0,1.446097851E0,1.159751320E1
3.684206820E1,-8.283938169E-1,1.101332784E0,1.275870132E1
3.686205722E1,-1.194706678E0,5.698199868E-1,1.282573891E1
3.688204623E1,-1.484405041E0,3.998316824E-1,1.212663174E1
3.690200473E1,-1.414973259E0,2.896983922E-1,1.073560047E1
3.692202426E1,-1.259350061E0,1.843535304E-1,1.005325317E1
3.694204379E1,-1.142034173E0,4.788403399E-3,1.027351952E1
3.696206332E1,-1.319205165E0,4.788403399E-3,1.020648193E1
3.698205233E1,-1.752555609E0,0.000000000E0,9.816226959E0
3.700207186E1,-1.673547029E0,-8.379705995E-2,9.217676163E0
3.702206088E1,-1.637633920E0,-9.576806426E-2,8.439560890E0
3.704204989E1,-1.733402014E0,-5.506663769E-2,8.224082947E0
3.706203890E1,-1.783680320E0,1.388636976E-1,8.406042099E0
3.708202792E1,-1.999158382E0,2.226607651E-1,8.461109161E0
3.710201693E1,-1.999158382E0,3.471592367E-1,8.001421928E0
3.712200595E1,-2.087743998E0,3.543418646E-1,7.781155586E0
3.714202548E1,-2.051830769E0,4.548983276E-1,8.276755333E0
3.716201449E1,-1.982398987E0,4.357447028E-1,8.494627953E0
3.718203402E1,-1.896207690E0,4.525041282E-1,8.415618896E0
3.720202304E1,-2.013523579E0,7.110779285E-1,8.789113998E0
3.722204257E1,-1.877054095E0,9.217676520E-1,8.365341187E0
3.724203158E1,-1.781286120E0,9.050082564E-1,7.740454197E0
3.726205111E1,-1.656787634E0,1.154005170E0,7.970297337E0
3.728204013E1,-1.501164436E0,1.252167463E0,8.008605003E0
3.730205966E1,-1.467645645E0,1.218648672E0,8.362946510E0
3.732204867E1,-1.436521053E0,1.328781962E0,8.303091049E0
3.734203768E1,-1.666364431E0,1.441309452E0,8.628703117E0
3.736205722E1,-1.642422318E0,1.438915253E0,7.963114738E0
3.738204623E1,-1.438915253E0,1.594538331E0,8.796297073E0
3.740206576E1,-1.163581967E0,1.592144132E0,9.493009567E0
3.742205477E1,-1.470039845E0,1.661576033E0,9.378087997E0
3.744207431E1,-1.561019540E0,1.774103403E0,9.157821655E0
3.746206332E1,-1.690306425E0,1.956062794E0,9.081207275E0
3.748205233E1,-1.613691926E0,2.080561161E0,9.342175484E0
3.750204135E1,-1.139639974E0,2.001552582E0,1.030224991E1
3.752203036E1,-1.082179189E0,1.814804912E0,1.115458584E1
3.754201937E1,-1.175553083E0,1.812410712E0,1.110909557E1
3.756200839E1,-9.983820915E-1,1.929726601E0,1.097023201E1
3.758199740E1,-9.624691010E-1,1.956062794E0,1.076672459E1
3.760201693E1,-9.672574997E-1,1.910573006E0,1.105163479E1
3.762200595E1,-4.237737060E-1,1.596932530E0,1.183693314E1
3.764199496E1,-2.346317619E-1,1.386242747E0,1.218169785E1
3.766201449E1,-3.303998411E-1,1.173158884E0,1.235168648E1
3.768200351E1,1.029506698E-1,5.027823448E-1,1.260068321E1
3.770202304E1,-1.292868853E-1,2.801215947E-1,1.262223148E1
3.772201205E1,-2.154781520E-1,3.758896589E-1,1.214099693E1
3.774200106E1,-1.391031146E0,7.422025204E-1,1.071165848E1
3.776202060E1,6.871358752E-1,1.340752989E-1,9.097966194E0
3.778200961E1,1.079784989E0,4.022258818E-1,8.291120529E0
3.780202914E1,5.267243981E-1,8.116343617E-1,8.307879448E0
3.782201815E1,5.195417404E-1,9.792284966E-1,8.714894295E0
3.784200717E1,6.416460276E-1,9.002198577E-1,8.025363922E0
3.786199618E1,1.443703651E0,8.427590132E-1,6.979097843E0
3.788198519E1,1.292868972E0,7.685387731E-1,6.493074894E0
3.790197421E1,1.027112484E0,9.816226959E-1,7.084442616E0
3.792196322E1,4.692635238E-1,1.211466074E0,7.436390400E0
3.794195224E1,2.082955539E-1,1.264138460E0,7.580042362E0
3.796194125E1,2.394201607E-2,1.379060149E0,7.275979042E0
3.798196078E1,6.584054828E-1,1.118092179E0,8.293514252E0
3.800194979E1,1.137245774E0,1.051054597E0,7.302315235E0
3.802196932E1,8.283938169E-1,1.668758631E0,6.505045891E0
3.804195834E1,1.237802267E0,1.814804912E0,6.148310184E0
3.806194735E1,1.577778935E0,1.745373011E0,7.781155586E0
3.808193637E1,1.838746905E0,1.618480325E0,8.458714485E0
3.810192538E1,2.121262789E0,1.537077546E0,9.409213066E0
3.812191439E1,2.006340981E0,1.541865945E0,9.866505623E0
3.814190341E1,1.989581585E0,1.802833915E0,1.005085850E1
3.816189242E1,1.903390408E0,1.786074519E0,9.495404243E0
3.818188144E1,1.630451322E0,1.917755604E0,9.593565941E0
3.820183993E1,1.302445769E0,2.070984364E0,1.017056847E1
3.822185946E1,1.312022567E0,2.032677174E0,1.027591324E1
3.824184848E1,1.465251446E0,2.121262789E0,1.078108978E1
3.826183749E1,1.448492050E0,2.114080191E0,1.055364132E1
3.828185702E1,1.417367458E0,2.207453966E0,1.117613316E1
3.830184603E1,8.786720037E-1,1.893813491E0,1.236605167E1
3.832186556E1,3.184288144E-1,1.479616642E0,1.376905441E1
3.834185458E1,7.230489254E-1,9.576807022E-1,1.243308926E1
3.836184359E1,1.410184860E0,8.236053586E-1,1.042435455E1
3.838183261E1,1.297657371E0,4.022258818E-1,9.078812599E0
3.840185214E1,3.519476354E-1,-4.501099288E-1,9.272743225E0
3.842184115E1,-1.273715258E0,-9.648633003E-1,1.191594219E1
3.844186068E1,-1.886630893E0,-7.350199223E-1,1.352723980E1
3.846184970E1,-1.331176162E0,-4.309563041E-1,1.211944866E1
3.848183871E1,-3.208230138E-1,-2.968810201E-1,9.718064308E0
3.850182772E1,-2.777273953E-1,-5.147533417E-1,9.303867340E0
3.852184726E1,-1.089361787E0,-5.123591423E-1,9.586383820E0
3.854183627E1,-1.965639591E0,-1.628057212E-1,9.186552048E0
3.856185580E1,-1.929726601E0,6.703764945E-2,8.798690796E0
3.858184481E1,-1.359906554E0,1.819593310E-1,8.027758598E0
3.860186434E1,-1.154005170E0,4.189853072E-1,6.868964672E0
3.862185336E1,-1.177947283E0,7.206547260E-1,6.548141479E0
3.864184237E1,-1.326387763E0,7.900865674E-1,7.132327080E0
3.866183139E1,-1.154005170E0,9.121908545E-1,8.310274124E0
3.868178988E1,-1.180341482E0,8.068459630E-1,8.655038834E0
3.870180941E1,-1.007958889E0,9.911994934E-1,7.797914982E0
3.872179843E1,-9.265560508E-1,1.072602391E0,7.053318024E0
3.874184848E1,-8.619126081E-1,1.228225470E0,7.690176010E0
3.876183749E1,-1.158793569E0,1.381454349E0,8.212111473E0
3.878182650E1,-1.553836942E0,1.438915253E0,8.657433510E0
3.880181552E1,-1.707065821E0,1.505952835E0,8.233659744E0
3.882180453E1,-1.527500629E0,1.546654344E0,7.647080421E0
3.884176303E1,-1.149216771E0,1.630451322E0,8.396465302E0
3.886178256E1,-9.672574997E-1,1.659181833E0,9.196128845E0
3.888177157E1,-9.576807022E-1,1.683123827E0,9.342175484E0
3.890179110E1,-1.446097851E0,1.829170108E0,9.342175484E0
3.892178012E1,-1.364694953E0,1.960851192E0,9.832986832E0
3.894179965E1,-1.067813993E0,1.802833915E0,1.004128170E1
3.896181918E1,-6.943184733E-1,1.872265697E0,1.014662647E1
3.898180819E1,-2.968810201E-1,1.941697598E0,1.092474270E1
3.900182772E1,-3.232172430E-1,1.948880196E0,1.152329254E1
3.902181674E1,-3.591302633E-1,2.006340981E0,1.150653362E1
3.904183627E1,-1.460463107E-1,1.776497602E0,1.284010410E1
3.906182528E1,5.889736414E-1,1.941697598E0,1.249055004E1
3.908181430E1,9.193734527E-1,1.733402014E0,1.191833591E1
3.910180331E1,6.224924326E-1,1.264138460E0,1.204762268E1
3.912179232E1,-8.619125932E-2,9.576807022E-1,1.211944866E1
3.914181185E1,-2.777273953E-1,6.847416759E-1,1.205001736E1
3.916180087E1,6.033388376E-1,4.141969085E-1,1.132457447E1
3.918178988E1,1.453280449E0,4.118026793E-1,9.914389610E0
3.920180941E1,1.486799240E0,5.817909837E-1,8.477868080E0
3.922179843E1,1.462857246E0,8.690952063E-1,8.042123795E0
3.924178744E1,1.405396342E0,9.672574997E-1,8.736441612E0
3.926177645E1,1.125274777E0,9.935936928E-1,8.803479195E0
3.928173495E1,1.228225470E0,1.328781962E0,7.989450932E0
3.930175448E1,1.754949808E0,1.596932530E0,7.247248650E0
3.932174350E1,1.896207690E0,1.572990537E0,7.635109425E0
3.934173251E1,1.549048543E0,1.668758631E0,8.159439087E0
3.936175204E1,8.092401624E-1,1.948880196E0,8.209717751E0
3.938174105E1,7.182605267E-1,2.240972757E0,8.046912193E0
3.940173007E1,9.720458984E-1,2.078166962E0,8.116343498E0
3.942171908E1,1.130063176E0,2.080561161E0,7.946355343E0
3.944170810E1,1.139639974E0,2.169146776E0,7.278373241E0
3.946169711E1,1.326387763E0,2.255337954E0,7.357381821E0
3.948168612E1,1.453280449E0,2.260126352E0,8.061277390E0
3.950167514E1,1.285686255E0,2.217030764E0,8.415618896E0
3.952169467E1,1.434126854E0,2.250549555E0,8.061277390E0
3.954168368E1,1.551442742E0,2.334346771E0,7.867346764E0
3.956170321E1,1.616086125E0,2.432508945E0,8.068459511E0
3.958169223E1,1.161187768E0,2.461239338E0,8.360552788E0
3.960171176E1,-1.699883193E-1,2.700659513E0,8.906430244E0
3.962170077E1,-6.967126727E-1,3.100491285E0,8.860940933E0
3.964172030E1,1.101332754E-1,3.162740469E0,9.260771751E0
3.966170932E1,1.252167463E0,3.069366693E0,9.713275909E0
3.968172885E1,1.991975784E0,3.145981073E0,1.013704967E1
3.970168734E1,1.781286120E0,3.019088268E0,1.064222622E1
3.972170687E1,1.154005170E0,3.069366693E0,1.092713642E1
3.974169589E1,6.847416759E-1,2.975992680E0,1.127190113E1
3.976171542E1,2.968810201E-1,2.743755102E0,1.189200020E1
3.978170443E1,4.118026793E-1,2.439691544E0,1.161187840E1
3.980169345E1,3.232172430E-1,2.298433542E0,1.110670185E1
3.982168246E1,2.729389966E-1,2.161964178E0,1.066616821E1
3.984167147E1,-7.661445439E-2,1.860294700E0,9.892841339E0
3.986169101E1,-9.193734527E-1,1.539471745E0,9.866505623E0
3.988168002E1,-1.941697598E0,1.139639974E0,1.113064384E1
3.990169955E1,-1.936909199E0,7.350199223E-1,1.195903778E1
3.992168856E1,-8.236053586E-1,6.009446383E-1,1.147780323E1
3.994170810E1,-2.681505978E-1,7.302315235E-1,1.107318306E1
3.996169711E1,-1.412578970E-1,9.409212470E-1,1.028549004E1
3.998168612E1,-6.943184733E-1,1.223437071E0,9.267954826E0
4.000170565E1,-1.211466074E0,1.426944256E0,8.540117264E0
4.002169467E1,-1.326387763E0,1.501164436E0,8.432378769E0
4.004168368E1,-7.278373241E-1,1.537077546E0,8.061277390E0
4.006167269E1,-4.333505034E-1,1.604115129E0,7.534552574E0
4.008166171E1,-2.130839527E-1,1.589749932E0,7.747636795E0
4.010168124E1,-2.992752194E-1,1.551442742E0,7.994239330E0
4.012167025E1,-4.908113480E-1,1.572990537E0,8.034940720E0
4.014168978E1,-8.212111592E-1,1.697489023E0,7.836222172E0
4.016167880E1,-1.110909581E0,1.877054095E0,7.572859764E0
4.018172885E1,-1.130063176E0,2.011129379E0,7.419631004E0
4.020171786E1,-8.571242094E-1,2.027888775E0,7.592013359E0
4.022170687E1,-5.674257874E-1,1.944091797E0,7.678205013E0
4.024172640E1,-6.871358752E-1,2.001552582E0,7.457938194E0
4.026171542E1,-1.113303781E0,2.157175779E0,7.371747017E0
4.028173495E1,-1.683123827E0,2.315192938E0,7.436390400E0
4.030172396E1,-1.778891921E0,2.513911724E0,8.070854187E0
4.032171298E1,-1.493981838E0,2.413355350E0,8.772355080E0
4.034170199E1,-1.388636947E0,2.339135170E0,8.846575737E0
4.036169101E1,-1.525106430E0,2.446874142E0,8.698134422E0
4.038168002E1,-1.482010841E0,2.638410330E0,8.614337921E0
4.040166903E1,-1.280897856E0,2.547430515E0,9.267954826E0
4.042165805E1,-1.223437071E0,2.358288765E0,9.969455719E0
4.044164706E1,-1.209071875E0,2.370259762E0,1.052251625E1
4.046166659E1,-9.935936928E-1,2.401384354E0,1.107557678E1
4.048165560E1,-7.493851185E-1,2.288856745E0,1.158314800E1
4.050167514E1,-7.278373241E-1,2.315192938E0,1.103487587E1
4.052166415E1,-1.041477680E0,2.456450939E0,1.068053341E1
4.054168368E1,-8.667010069E-1,2.384624958E0,1.130302620E1
4.056170321E1,5.985504389E-2,2.346317768E0,1.177229023E1
4.058169223E1,5.315127969E-1,2.209848166E0,1.129105568E1
4.060171176E1,2.920926213E-1,2.238578558E0,1.024239445E1
4.062170077E1,-4.884171486E-1,2.011129379E0,9.830592155E0
4.064172030E1,-5.746083856E-1,1.520318031E0,1.084812832E1
4.066170932E1,-5.267243832E-2,1.146822572E0,1.136048698E1
4.068169833E1,8.786720037E-1,1.070208192E0,1.034055710E1
4.070168734E1,1.403002143E0,1.024718285E0,9.315838814E0
4.072167636E1,1.072602391E0,1.194706678E0,8.992621422E0
4.074166537E1,5.865794420E-1,1.426944256E0,9.141061783E0
4.076165438E1,5.554547906E-1,1.565807939E0,9.016563416E0
4.078167392E1,8.403648138E-1,1.606509328E0,8.492233276E0
4.080166293E1,1.180341482E0,1.733402014E0,8.085219383E0
4.082168246E1,1.206677675E0,1.889025092E0,7.951143742E0
4.084170199E1,5.482721925E-1,1.934514999E0,8.331821442E0
4.086166049E1,4.309563041E-1,2.085349798E0,8.585607529E0
4.088168002E1,7.637503147E-1,1.989581585E0,8.092401505E0
4.090166903E1,9.600749016E-1,1.956062794E0,7.644686222E0
4.092165805E1,1.048660398E0,2.023100376E0,7.917624950E0
4.094164706E1,1.228225470E0,1.900996208E0,8.324639320E0
4.096160556E1,1.118092179E0,1.884236693E0,8.173804283E0
4.098162509E1,1.139639974E0,2.145204782E0,7.788338184E0
4.100161410E1,1.462857246E0,2.233790159E0,7.829039574E0
4.102160311E1,1.276109457E0,2.252943754E0,7.939172745E0
4.104162265E1,1.115697980E0,2.415749550E0,7.991845131E0
4.106161166E1,1.553836942E0,2.592920542E0,8.221688271E0
4.108160067E1,1.695094824E0,2.446874142E0,8.449137688E0
4.110158969E1,1.769315004E0,2.492363930E0,8.585607529E0
4.112157870E1,1.472434044E0,2.576161146E0,8.923190117E0
4.114162875E1,9.193734527E-1,2.580949545E0,9.442731857E0
4.116161776E1,1.074996591E0,2.516305923E0,1.011550236E1
4.118160678E1,1.182735682E0,2.240972757E0,1.109473038E1
4.120162631E1,4.740519226E-1,1.771709204E0,1.168370438E1
4.122164584E1,-2.106897533E-1,1.764526606E0,1.208353615E1
4.124166537E1,-2.154781520E-1,1.604115129E0,1.209790134E1
4.126165438E1,3.327940404E-1,1.812410712E0,1.187524033E1
4.128167392E1,-4.309562966E-2,1.845929503E0,1.103487587E1
4.130166293E1,-8.355764151E-1,1.527500629E0,9.962273598E0
4.132165194E1,-2.525882721E0,1.053448796E0,1.137964058E1
4.134164096E1,-2.729389906E0,7.685387731E-1,1.262701988E1
4.136162997E1,-2.094926596E0,6.033388376E-1,1.216733265E1
4.138161898E1,-1.175553083E0,9.481038451E-1,1.125753593E1
4.140160800E1,-5.889736414E-1,8.954314590E-1,1.109233665E1
4.142159701E1,-1.113303781E0,8.403648138E-1,1.044829655E1
4.144161654E1,-1.845929503E0,1.120486379E0,9.507374763E0
4.146160556E1,-2.044648170E0,1.280897856E0,8.504204750E0
4.148159457E1,-1.719036818E0,1.381454349E0,7.364564419E0
4.150161410E1,-1.213860273E0,1.431732655E0,6.552929878E0
4.152160311E1,-8.523358107E-1,1.611297727E0,6.505045891E0
4.154159213E1,-8.044517636E-1,1.625662923E0,7.271190643E0
4.156161166E1,-8.786720037E-1,1.635239720E0,7.824251175E0
4.158160067E1,-9.816226959E-1,1.754949808E0,7.503427982E0
4.160158969E1,-1.230619669E0,1.881842494E0,7.062894821E0
4.162157870E1,-1.177947283E0,1.948880196E0,6.679822922E0
4.164153720E1,-1.122880578E0,2.044648170E0,7.065289021E0
4.166155673E1,-1.388636947E0,2.154781580E0,7.714118004E0
4.168154574E1,-1.671152830E0,2.116474390E0,8.389283180E0
4.170153476E1,-1.479616642E0,2.099714994E0,8.628703117E0
4.172155429E1,-1.120486379E0,1.984793186E0,8.544905663E0
4.174154330E1,-9.457096457E-1,1.968033791E0,8.477868080E0
4.176153231E1,-8.690952063E-1,2.044648170E0,8.815450668E0
4.178152133E1,-5.674257874E-1,2.006340981E0,9.397241592E0
4.180151034E1,-9.457096457E-1,1.910573006E0,9.718064308E0
4.182149935E1,-9.792284966E-1,2.181117773E0,9.579200745E0
4.184148837E1,-6.991068721E-1,2.181117773E0,9.289502144E0
4.186153842E1,-3.926490843E-1,2.080561161E0,9.552865028E0
4.188152743E1,-3.208230138E-1,1.936909199E0,1.034055710E1
4.190151644E1,-1.939303428E-1,1.872265697E0,1.078827286E1
4.192147494E1,2.873041928E-1,1.922544003E0,1.133893967E1
4.194149447E1,1.101332754E-1,1.611297727E0,1.200452709E1
4.196151400E1,3.280056417E-1,1.608903527E0,1.161906052E1
4.198150302E1,2.394201756E-1,1.707065821E0,1.108275986E1
4.200146151E1,-1.412578970E-1,1.465251446E0,1.090080070E1
4.202148104E1,-6.823474765E-1,1.144428372E0,1.173398209E1
4.204150058E1,-4.429273009E-1,8.140285611E-1,1.227746677E1
4.206148959E1,2.992752194E-1,3.687070608E-1,1.222479343E1
4.208147860E1,8.690952063E-1,2.442085743E-1,1.150174522E1
4.210149813E1,1.204283476E0,5.315127969E-1,1.026873112E1
4.212151766E1,1.031900883E0,8.259995580E-1,8.956708908E0
4.214150668E1,2.082955539E-1,1.110909581E0,8.868123055E0
4.216149569E1,-1.101332754E-1,1.338358760E0,8.942343712E0
4.218148471E1,1.915361285E-1,1.438915253E0,8.291120529E0
4.220144320E1,6.416460276E-1,1.398213744E0,7.608773232E0
4.222146273E1,8.355764151E-1,1.383848548E0,7.728483200E0
4.224148226E1,8.116343617E-1,1.333570361E0,8.185775757E0
4.226147128E1,5.363011956E-1,1.462857246E0,8.911218643E0
4.228146029E1,5.363011956E-1,1.431732655E0,8.978256226E0
4.230144931E1,5.578489900E-1,1.472434044E0,8.169015884E0
4.232143832E1,3.399766386E-1,1.651999116E0,7.642292023E0
4.234145785E1,1.675941199E-1,1.745373011E0,8.173804283E0
4.236147738E1,6.416460276E-1,1.647210717E0,8.705317497E0
4.238146640E1,1.077390790E0,1.443703651E0,8.690952301E0
4.240145541E1,1.072602391E0,1.596932530E0,8.497021675E0
4.242147494E1,7.062895298E-1,1.733402014E0,8.370129585E0
4.244149447E1,8.188169599E-1,1.869871497E0,8.726864815E0
4.246148348E1,1.027112484E0,1.709460020E0,9.121908188E0
4.248147250E1,1.000776291E0,1.783680320E0,8.896853447E0
4.250149203E1,1.024718285E0,2.056619167E0,8.353369713E0
4.252148104E1,1.051054597E0,2.152387381E0,8.552088737E0
4.254143954E1,8.954314590E-1,2.159569979E0,8.949525833E0
4.256145907E1,5.865794420E-1,2.296039343E0,9.284713745E0
4.258144809E1,7.326257229E-1,2.372653961E0,1.004128170E1
4.260140658E1,9.050082564E-1,2.308010340E0,1.078827286E1
4.262139560E1,3.615244627E-1,2.267308950E0,1.131260300E1
4.264141513E1,-1.987187415E-1,2.164358377E0,1.196621990E1
4.266140414E1,5.027823523E-2,1.960851192E0,1.211466026E1
4.268142367E1,4.788403399E-3,1.778891921E0,1.170046329E1
4.270144320E1,-8.188169599E-1,1.714248419E0,1.110191345E1
4.272146273E1,-2.303221941E0,1.149216771E0,1.131260300E1
4.274145175E1,-3.270479441E0,6.153098345E-1,1.306276417E1
4.276144076E1,-3.208230257E0,9.576806426E-2,1.414973164E1
4.278146029E1,-1.963245392E0,-8.140286058E-2,1.346020222E1
4.280147982E1,-1.005564690E0,1.604115069E-1,1.151850414E1
4.282146884E1,-5.339069963E-1,5.267243981E-1,9.600749016E0
4.284142733E1,-8.858546019E-1,7.278373241E-1,8.173804283E0
4.286144686E1,-1.759738207E0,8.020575643E-1,6.940790653E0
4.288143588E1,-2.035071373E0,8.116343617E-1,6.217741966E0
4.290145541E1,-1.462857246E0,6.847416759E-1,6.895300865E0
4.292147494E1,-7.661445141E-1,5.530605912E-1,8.499416351E0
4.294143344E1,-5.243301988E-1,3.806780577E-1,8.999804497E0
4.296145297E1,-7.230489254E-1,5.099649429E-1,8.243236542E0
4.298144198E1,-8.236053586E-1,7.972691655E-1,7.098807812E0
4.300143100E1,-8.068459630E-1,9.744400978E-1,6.411672115E0
4.302145053E1,-4.285621047E-1,1.082179189E0,6.931213856E0
4.304147006E1,-4.429273009E-1,9.457096457E-1,7.910442352E0
4.306145907E1,-7.398083210E-1,1.070208192E0,8.109161377E0
4.308144809E1,-8.906430602E-1,1.357512355E0,8.396465302E0
4.310143710E1,-9.911994934E-1,1.218648672E0,8.286332130E0
4.312142611E1,-8.523358107E-1,1.314416766E0,7.908048153E0
4.314141513E1,-4.213795066E-1,1.575384736E0,7.730877399E0
4.316143466E1,-2.849099934E-1,1.460463047E0,7.752425194E0
4.318142367E1,-6.296750307E-1,1.453280449E0,8.070854187E0
4.320141268E1,-7.517793179E-1,1.683123827E0,8.930372238E0
4.322143222E1,-7.015010715E-1,1.596932530E0,9.557653427E0
4.324145175E1,-6.081272364E-1,1.525106430E0,8.925583839E0
4.326144076E1,-1.771709323E-1,1.754949808E0,8.820239067E0
4.328139926E1,7.613561153E-1,1.419761658E0,9.955090523E0
4.330141879E1,1.223437071E0,1.110909581E0,1.087207031E1
4.332140780E1,1.022324085E0,1.407790542E0,1.220085144E1
4.334142733E1,1.065419793E0,1.352723956E0,1.264377880E1
4.336144686E1,9.145850539E-1,1.376665950E0,1.158793640E1
4.338140536E1,8.379706144E-1,1.589749932E0,1.057518864E1
4.340142489E1,1.060631394E0,1.470039845E0,1.107797146E1
4.342141390E1,9.241618514E-1,1.072602391E0,1.187284660E1
4.344140292E1,7.422025204E-1,6.248866320E-1,1.233971596E1
4.346136142E1,7.517793179E-1,4.477157295E-1,1.271081638E1
4.348135043E1,9.576807022E-1,3.112462163E-1,1.188242340E1
4.350136996E1,1.364694953E0,4.908113480E-1,1.043632507E1
4.352138949E1,1.953668594E0,5.650315881E-1,1.006761837E1
4.354134799E1,1.874659896E0,6.033388376E-1,9.315838814E0
4.356136752E1,1.316810966E0,8.331822157E-1,8.592789650E0
4.358135653E1,9.552865028E-1,9.576807022E-1,8.015787125E0
4.360134555E1,8.523358107E-1,8.690952063E-1,7.788338184E0
4.362136508E1,1.007958889E0,6.200982332E-1,7.953537941E0
4.364138461E1,1.347935557E0,5.147533417E-1,8.489839554E0
4.366134310E1,1.731007814E0,3.088520169E-1,8.678980827E0
4.368136264E1,1.692700624E0,2.394201756E-1,8.477868080E0
4.370135165E1,1.438915253E0,4.070142806E-1,8.252813339E0
4.372131015E1,1.546654344E0,6.009446383E-1,8.377311707E0
4.374129916E1,1.438915253E0,6.536170840E-1,8.339004517E0
4.376131869E1,1.561019540E0,9.145850539E-1,8.348581314E0
4.378133822E1,1.762132406E0,1.146822572E0,7.934384346E0
4.380129672E1,1.898601890E0,1.304839969E0,7.510610580E0
4.382131625E1,2.233790159E0,1.489193439E0,8.018181801E0
4.384130526E1,2.269703150E0,1.501164436E0,8.889671326E0
4.386126376E1,1.649604917E0,1.474828243E0,9.126696587E0
4.388128329E1,9.624691010E-1,1.663970232E0,8.825027466E0
4.390127230E1,8.858546019E-1,1.874659896E0,8.619126320E0
4.392126132E1,1.182735682E0,2.006340981E0,8.667010307E0
4.394128085E1,1.292868972E0,1.932120800E0,9.832986832E0
4.396123934E1,2.633621991E-1,1.671152830E0,1.091516590E1
4.398122836E1,-6.631938815E-1,1.709460020E0,1.117613316E1
4.400124789E1,-6.368576288E-1,1.407790542E0,1.124795914E1
4.402123690E1,-8.140286058E-2,9.169792533E-1,1.232535076E1
4.404119540E1,-8.619125932E-2,6.153098345E-1,1.247379112E1
4.406118441E1,-3.854664862E-1,6.512228847E-1,1.163103199E1
4.408117343E1,-1.975216389E0,3.998316824E-1,1.172440529E1
4.410113192E1,-3.687070608E0,-1.436521020E-2,1.312501335E1
4.412109042E1,-3.758896589E0,-2.753331959E-1,1.436521053E1
4.414107943E1,-2.331952572E0,-4.644751251E-1,1.399889755E1
4.416106845E1,-9.720458984E-1,-4.309563041E-1,1.168609810E1
4.418105746E1,-6.751648784E-1,-1.197100803E-2,9.361329079E0
4.420104647E1,-1.436521053E0,3.687070608E-1,8.394071579E0
4.422103549E1,-2.111685991E0,4.860229492E-1,8.286332130E0
4.424099398E1,-2.312798738E0,4.501099288E-1,8.441955566E0
4.426101352E1,-2.059013367E0,5.770025849E-1,8.228871346E0
4.428097201E1,-1.462857246E0,6.392518282E-1,7.558494568E0
4.430099154E1,-1.120486379E0,6.871358752E-1,7.050923824E0
4.432095004E1,-9.409212470E-1,9.097966552E-1,7.017405033E0
4.434096957E1,-1.089361787E0,1.034295082E0,7.532158375E0
4.436098910E1,-1.235408068E0,1.091755986E0,7.596801758E0
4.438097811E1,-1.383848548E0,1.182735682E0,7.309497833E0
4.440096713E1,-1.407790542E0,1.307234168E0,7.132327080E0
4.442095614E1,-1.357512355E0,1.426944256E0,6.562506676E0
4.444094516E1,-1.426944256E0,1.503558636E0,6.344634533E0
4.446093417E1,-1.285686255E0,1.616086125E0,6.933608055E0
4.448092318E1,-1.098938584E0,1.563413739E0,8.152256966E0
4.450091220E1,-1.479616642E0,1.551442742E0,8.444349289E0
4.452087069E1,-1.944091797E0,1.850717902E0,7.951143742E0
4.454089022E1,-2.085349798E0,2.140416384E0,7.333439827E0
4.456090976E1,-2.056619167E0,2.183511972E0,7.508216381E0
4.458089877E1,-1.853112102E0,2.035071373E0,8.267178535E0
4.460088778E1,-1.438915253E0,1.991975784E0,9.138668060E0
4.462087680E1,-1.096544385E0,1.893813491E0,9.758766174E0
4.464086581E1,-9.648633003E-1,1.908178806E0,9.540893555E0
4.466085482E1,-1.127668977E0,2.126051188E0,9.174580574E0
4.468081332E1,-1.247379065E0,2.166752577E0,9.519346237E0
4.470083285E1,-1.383848548E0,1.920149803E0,1.009874249E1
4.472085238E1,-1.309628367E0,1.956062794E0,1.036449909E1
4.474084140E1,-5.793967843E-1,1.903390408E0,1.070687008E1
4.476083041E1,-1.053448766E-1,1.314416766E0,1.182975101E1
4.478081942E1,4.668693244E-1,1.240196466E0,1.252646351E1
4.480080844E1,6.081272364E-1,1.474828243E0,1.199734497E1
4.482079745E1,1.556231081E-1,1.577778935E0,1.126950741E1
4.484075595E1,-3.519476354E-1,1.534683347E0,1.094868469E1
4.486074496E1,-9.959878922E-1,1.103726983E0,1.117852783E1
4.488076449E1,-1.024718285E0,7.948749661E-1,1.253364563E1
4.490075351E1,9.576806426E-2,5.482721925E-1,1.289995861E1
4.492074252E1,5.746083856E-1,3.543418646E-1,1.138682365E1
4.494073153E1,4.285621047E-1,6.703764796E-1,9.749189377E0
4.496072055E1,1.915361285E-1,1.022324085E0,9.586383820E0
4.498070956E1,2.346317619E-1,1.134851575E0,9.852140427E0
4.500069857E1,2.825157940E-1,1.134851575E0,9.583989143E0
4.502071810E1,5.913678408E-1,1.118092179E0,8.403648376E0
4.504073764E1,9.528923035E-1,1.103726983E0,7.603984833E0
4.506072665E1,1.266532660E0,9.983820915E-1,8.056488991E0
4.508068515E1,1.058237195E0,8.283938169E-1,8.568847656E0
4.510070468E1,8.786720037E-1,9.648633003E-1,8.339004517E0
4.512072421E1,6.751648784E-1,9.816226959E-1,8.147468567E0
4.514071322E1,7.374141216E-1,9.026140571E-1,8.492233276E0
4.516067172E1,9.768342972E-1,8.427590132E-1,8.616731644E0
4.518069125E1,1.204283476E0,9.074024558E-1,8.339004517E0
4.520064975E1,1.376665950E0,8.667010069E-1,8.252813339E0
4.522066928E1,1.146822572E0,9.169792533E-1,8.413225174E0
4.524062777E1,7.062895298E-1,1.019929886E0,8.485051155E0
4.526061679E1,9.121908545E-1,1.154005170E0,8.793902397E0
4.528063632E1,9.193734527E-1,1.113303781E0,8.755595207E0
4.530062533E1,9.313444495E-1,1.283292055E0,8.690952301E0
4.532061434E1,7.852981687E-1,1.405396342E0,8.518569946E0
4.534063388E1,3.878606856E-1,1.599326730E0,8.492233276E0
4.536065341E1,5.913678408E-1,1.879448295E0,8.789113998E0
4.538064242E1,1.187524080E0,1.889025092E0,9.076418877E0
4.540060092E1,1.161187768E0,1.991975784E0,8.985439301E0
4.542058993E1,7.924807668E-1,2.288856745E0,8.461109161E0
4.544057894E1,2.059013397E-1,2.542642117E0,8.307879448E0
4.546056796E1,2.585737705E-1,2.691082716E0,9.279925346E0
4.548055697E1,7.134721279E-1,2.463633537E0,1.010592556E1
4.550054598E1,1.086967587E0,2.434903145E0,9.646238327E0
4.552056552E1,1.185129881E0,2.741360903E0,9.179368973E0
4.554055453E1,9.481038451E-1,2.949656487E0,9.603142738E0
4.556054354E1,6.440402865E-1,2.983175278E0,1.045547867E1
4.558053256E1,4.884171486E-1,2.966415882E0,1.105402946E1
4.560052157E1,7.876923680E-1,3.019088268E0,1.120007515E1
4.562051059E1,1.541865945E0,3.033453465E0,1.104205799E1
4.564049960E1,1.742978811E0,2.664746523E0,1.116895103E1
4.566051913E1,4.357447028E-1,1.860294700E0,1.194946098E1
4.568050814E1,-2.042253971E0,1.221042871E0,1.440591145E1
4.570046664E1,-2.880224705E0,-1.077390760E-1,1.539950562E1
4.572045565E1,-1.742978811E0,-1.072602391E0,1.456632328E1
4.574047518E1,-2.729389966E-1,-1.441309452E0,1.418803883E1
4.576046420E1,1.089361787E0,-1.182735682E0,1.343147182E1
4.578042269E1,9.433154464E-1,-6.895300746E-1,1.144667816E1
4.580041171E1,-4.309562966E-2,-4.381389022E-1,9.445125580E0
4.582043124E1,-1.326387763E0,-1.340752989E-1,8.736441612E0
4.584038974E1,-2.264914751E0,3.591302410E-2,8.724471092E0
4.586037875E1,-1.714248419E0,-2.849099934E-1,8.999804497E0
4.588039828E1,-5.003881454E-1,-5.650315881E-1,9.799467087E0
4.590035678E1,0.000000000E0,-3.974374831E-1,8.911218643E0
4.592037631E1,-9.720458984E-1,9.576806799E-3,7.936778545E0
4.594036532E1,-1.869871497E0,4.453215301E-1,7.103596210E0
4.596035434E1,-2.106897593E0,5.889736414E-1,6.828263283E0
4.598034335E1,-1.977610588E0,6.416460276E-1,7.098807812E0
4.600030184E1,-1.388636947E0,5.482721925E-1,7.354987621E0
4.602032138E1,-9.193734527E-1,2.920926213E-1,7.671022415E0
4.604034091E1,-1.678335428E0,4.094084799E-1,7.831433773E0
4.606029940E1,-7.517793179E-1,3.639186621E-1,6.825869083E0
4.608031894E1,-1.012747288E0,8.188169599E-1,6.727706909E0
4.610030795E1,-8.499416113E-1,7.445967197E-1,8.281543732E0
4.612029696E1,-1.338358760E0,5.171475410E-1,8.003816605E0
4.614028598E1,-1.819593310E0,8.116343617E-1,6.955155849E0
4.616024447E1,-2.212242365E0,1.197100878E0,6.739677906E0
4.618026400E1,-2.205059767E0,1.434126854E0,6.821080685E0
4.620028353E1,-1.999158382E0,1.343147159E0,6.758831501E0
4.622027255E1,-2.202665567E0,1.158793569E0,8.975862503E0
4.624026156E1,-1.630451322E0,1.637633920E0,8.039729118E0
4.626028109E1,-1.446097851E0,1.381454349E0,8.667010307E0
4.628030062E1,-1.656787634E0,1.496376038E0,8.259995461E0
4.630028964E1,-1.678335428E0,1.857900500E0,6.653486729E0
4.632027865E1,-2.080561161E0,1.874659896E0,7.824251175E0
4.634026766E1,-2.303221941E0,1.989581585E0,9.787496567E0
4.636025668E1,-2.420537949E0,1.819593310E0,9.514557838E0
4.638024569E1,-2.817975283E0,2.073378563E0,7.778761387E0
4.640020419E1,-1.917755604E0,2.257732153E0,6.392518520E0
4.642022372E1,-1.793257117E0,2.109291792E0,8.449137688E0
4.644018222E1,-2.068590164E0,1.817199111E0,1.054166985E1
4.646020175E1,-2.355894566E0,1.934514999E0,1.033576870E1
4.648019076E1,-1.989581585E0,2.090138197E0,8.844181061E0
4.650017977E1,-1.493981838E0,1.944091797E0,8.365341187E0
4.652016879E1,-1.503558636E0,1.893813491E0,9.363722801E0
4.654015780E1,-2.001552582E0,1.994369984E0,1.047223854E1
4.656014682E1,-1.960851192E0,2.020706177E0,1.012029076E1
4.658010531E1,-1.747767210E0,1.965639591E0,9.955090523E0
4.660012484E1,-1.577778935E0,1.893813491E0,9.727641106E0
4.662011386E1,-1.197100878E0,1.618480325E0,1.115458584E1
4.664010287E1,-1.077390790E0,1.685518026E0,1.042914295E1
4.666009188E1,-2.966415882E0,3.280056238E0,6.871358871E0
4.668008090E1,-2.123656988E0,1.410184860E0,1.267250919E1
4.670006991E1,-1.223437071E0,1.628057122E0,1.201171017E1
4.672002841E1,-8.810662031E-1,2.078166962E0,1.211466026E1
4.674004794E1,-1.438915253E0,1.982398987E0,9.232041359E0
4.676000644E1,-7.015010715E-1,2.236184359E0,5.604825974E0
4.678620301E1,5.099649429E-1,1.371877551E0,8.097189903E0
4.680616151E1,1.261744261E0,1.206677675E0,9.071630478E0
4.682615052E1,1.326387763E0,1.012747288E0,1.103966427E1
4.684617005E1,8.499416113E-1,1.458068848E0,1.015620327E1
4.686615907E1,5.889736414E-1,1.795651317E0,8.501810074E0
4.688614808E1,6.703764796E-1,1.881842494E0,8.030152321E0
4.690613709E1,6.416460276E-1,1.898601890E0,9.205705643E0
4.692609559E1,6.679822803E-1,1.714248419E0,1.025436592E1
4.694608460E1,2.753331959E-1,1.941697598E0,9.378087997E0
4.696610413E1,1.843535304E-1,2.082955360E0,8.822632790E0
4.698606263E1,1.675941199E-1,2.075772762E0,8.760383606E0
4.700608216E1,1.244984865E-1,2.037465572E0,9.648633003E0
4.702607118E1,4.644751251E-1,2.030282974E0,1.011550236E1
4.704602967E1,2.442085743E-1,2.159569979E0,9.354146004E0
4.706601868E1,1.987187415E-1,2.293645144E0,9.301473618E0
4.708600770E1,4.477157295E-1,2.353500366E0,8.995016098E0
4.710599671E1,4.453215301E-1,2.355894566E0,9.095572472E0
4.712598573E1,5.554547906E-1,2.147598982E0,9.933543205E0
4.714597474E1,1.221042871E-1,2.281674147E0,1.014183807E1
4.716599427E1,3.495534360E-1,2.422932148E0,9.861717224E0
4.718598329E1,3.375824392E-1,2.384624958E0,9.052476883E0
4.720594178E1,8.523358107E-1,2.501940727E0,9.296685219E0
4.722593079E1,5.291185975E-1,2.518700123E0,9.856928825E0
4.724595033E1,3.782838583E-1,2.612074137E0,1.024000072E1
4.726593934E1,6.153098345E-1,2.810792685E0,9.686940193E0
4.728592835E1,4.860229492E-1,2.786850691E0,9.107542992E0
4.730594788E1,3.639186621E-1,2.904166698E0,9.734824181E0
4.732596742E1,2.418143749E-1,2.815581083E0,9.746794701E0
4.734595643E1,3.591302633E-1,2.731784105E0,9.983820915E0
4.736594544E1,3.208230138E-1,2.631227732E0,1.023281765E1
4.738593446E1,3.399766386E-1,2.549824715E0,1.079784966E1
4.740589295E1,2.394201700E-3,2.410961151E0,1.094389629E1
4.742591248E1,-6.224924326E-1,2.226607561E0,1.070447540E1
4.744587098E1,-8.475474119E-1,2.094926596E0,1.040280628E1
4.746585999E1,-4.836287498E-1,1.702277422E0,1.063983250E1
4.748587952E1,-8.259995580E-1,1.237802267E0,1.220085144E1
4.750586854E1,-1.879448295E0,3.974374831E-1,1.334288597E1
4.752585755E1,-1.963245392E0,2.346317619E-1,1.376187134E1
4.754584657E1,-2.724601507E0,3.567360640E-1,1.252646351E1
4.756580506E1,-2.145204782E0,1.699883193E-1,1.074278259E1
4.758579408E1,-1.225831270E0,4.237737060E-1,1.027830791E1
4.760581361E1,-2.149993181E0,1.939303428E-1,8.401253700E0
4.762580262E1,-8.714894056E-1,5.434837937E-1,7.371747017E0
4.764576112E1,-1.879448295E0,6.871358752E-1,8.446743965E0
4.766578065E1,-2.413355350E0,2.944868207E-1,8.094796181E0
4.768576966E1,-2.035071373E0,7.972691655E-1,6.646304131E0
4.770575868E1,-1.850717902E0,6.440402865E-1,6.746860504E0
4.772571717E1,-1.027112484E0,4.836287498E-1,8.398859978E0
4.774570618E1,-9.576807022E-1,1.747767180E-1,8.561665535E0
4.776572572E1,-3.208230138E-1,2.705447972E-1,7.946355343E0
4.778571473E1,-6.033388376E-1,9.696516991E-1,6.873753071E0
4.780567323E1,-1.079784989E0,1.084573388E0,6.785167694E0
4.782569276E1,-6.751648784E-1,7.517793179E-1,7.984662533E0
4.784568177E1,-9.265560508E-1,9.241618514E-1,7.934384346E0
4.786567079E1,-1.259350061E0,1.319205165E0,6.971915245E0
4.788565980E1,-1.364694953E0,1.249773264E0,7.161057472E0
4.790564881E1,-1.450886250E0,1.352723956E0,8.858546257E0
4.792560731E1,-1.321599364E0,1.359906554E0,9.141061783E0
4.794562684E1,-1.367089152E0,1.149216771E0,8.604761124E0
4.796561585E1,-4.836287498E-1,1.154005170E0,8.197746277E0
4.798563538E1,-3.399766386E-1,1.055842996E0,8.825027466E0
4.800562440E1,-1.460463047E0,1.462857246E0,9.560047150E0
4.802564393E1,-1.371877551E0,1.752555609E0,1.022324085E1
4.804563294E1,-1.156399369E0,1.853112102E0,9.988609314E0
4.806565247E1,-5.386953950E-1,1.359906554E0,9.892841339E0
4.808564149E1,-6.224924326E-1,1.113303781E0,1.046984386E1
4.810569154E1,-2.513911724E-1,1.204283476E0,1.058476543E1
4.812568055E1,-7.398083210E-1,1.649604917E0,1.134133339E1
4.814566956E1,-7.158663273E-1,1.570596337E0,1.120725822E1
4.816568910E1,4.740519226E-1,1.225831270E0,1.188481712E1
4.818567811E1,1.369483352E0,1.630451322E0,1.205480576E1
4.820569764E1,3.232172430E-1,1.582567334E0,1.072362900E1
4.822568665E1,-5.913678408E-1,1.824381709E0,9.627084732E0
4.824567567E1,-3.902548850E-1,1.424550056E0,1.044350815E1
4.826566468E1,1.364694983E-1,7.637503147E-1,1.149935055E1
4.828565370E1,1.987187415E-1,7.086837292E-1,1.188242340E1
4.830564271E1,1.340752989E-1,4.620809257E-1,1.106360626E1
4.832563172E1,6.560112834E-1,3.806780577E-1,1.081460953E1
4.834565125E1,9.193734527E-1,3.447650373E-1,1.027830791E1
4.836564027E1,1.024718285E0,2.466027737E-1,9.662998199E0
4.838565980E1,8.499416113E-1,4.908113480E-1,9.581595421E0
4.840567933E1,9.624691010E-1,6.871358752E-1,9.409213066E0
4.842566834E1,7.900865674E-1,1.007958889E0,8.262390137E0
4.844565736E1,6.081272364E-1,1.307234168E0,7.534552574E0
4.846564637E1,9.337386489E-2,1.441309452E0,7.422025204E0
4.848560487E1,-1.723825186E-1,1.539471745E0,8.006210327E0
4.850562440E1,1.197100803E-2,1.410184860E0,8.133103371E0
4.852561341E1,8.906430602E-1,1.240196466E0,8.252813339E0
4.854563294E1,1.446097851E0,1.031900883E0,8.346187592E0
4.856565247E1,5.626373887E-1,1.388636947E0,8.403648376E0
4.858564149E1,3.160346150E-1,1.529894829E0,8.561665535E0
4.860566102E1,2.226607651E-1,1.592144132E0,8.731653214E0
4.862565003E1,2.681505978E-1,1.719036818E0,8.018181801E0
4.864566956E1,2.513911724E-1,1.917755604E0,7.766790390E0
4.866565858E1,5.243301988E-1,2.008735180E0,8.339004517E0
4.868567811E1,6.057330370E-1,1.922544003E0,8.978256226E0
4.870566712E1,1.771709323E-1,1.905784607E0,9.018958092E0
4.872568665E1,6.296750307E-1,2.255337954E0,8.525752068E0
4.874567567E1,1.163581967E0,2.224213362E0,8.350975990E0
4.876569520E1,1.527500629E0,2.413355350E0,8.659827232E0
4.878568421E1,1.539471745E0,2.485181332E0,9.047688484E0
4.880567323E1,1.410184860E0,2.394201756E0,9.088389397E0
4.882566224E1,9.888052940E-1,2.475604534E0,9.126696587E0
4.884562074E1,1.381454349E0,2.578555346E0,9.382876396E0
4.886564027E1,1.474828243E0,2.602497339E0,9.464279175E0
4.888562928E1,1.237802267E0,2.609679937E0,9.459490776E0
4.890561829E1,8.427590132E-1,2.466027737E0,1.014423275E1
4.892563783E1,7.924807668E-1,2.305616140E0,1.096544361E1
4.894565736E1,6.177040339E-1,1.896207690E0,1.214339066E1
4.896567689E1,1.604115069E-1,1.510741234E0,1.275870132E1
4.898566590E1,-6.177040339E-1,1.022324085E0,1.257674122E1
4.900565492E1,-1.149216771E0,1.137245774E0,1.163103199E1
4.902564393E1,-1.407790542E0,6.272808313E-1,1.134372807E1
4.904563294E1,-1.623268723E0,3.256114423E-1,1.227267838E1
4.906565247E1,-1.649604917E0,-3.663128614E-1,1.291432381E1
4.908564149E1,-1.501164436E0,-1.364694983E-1,1.284010410E1
4.910566102E1,-2.035071373E0,1.675941199E-1,1.154723454E1
4.912565003E1,-1.546654344E0,4.189853072E-1,1.001973438E1
4.914566956E1,-1.271321058E0,6.368576288E-1,8.614337921E0
4.916565858E1,-1.285686255E0,7.709329724E-1,8.228871346E0
4.918567811E1,-1.517923832E0,9.696516991E-1,8.741230011E0
4.920566712E1,-1.599326730E0,8.882488012E-1,8.365341187E0
4.922571717E1,-1.383848548E0,9.888052940E-1,7.802703381E0
4.924570618E1,-1.347935557E0,1.106121182E0,7.730877399E0
4.926569520E1,-1.302445769E0,1.259350061E0,7.874529362E0
4.928571473E1,-1.247379065E0,1.170764685E0,7.773972988E0
4.930570374E1,-1.252167463E0,1.015141487E0,7.723694801E0
4.932569276E1,-1.151610970E0,8.212111592E-1,7.685387611E0
4.934568177E1,-1.060631394E0,1.046266198E0,7.692570210E0
4.936567079E1,-8.355764151E-1,7.876923680E-1,6.902483463E0
4.938565980E1,-1.539471745E0,8.020575643E-1,7.206547260E0
4.940567933E1,-1.331176162E0,1.335964561E0,7.862558365E0
4.942566834E1,-1.312022567E0,1.115697980E0,8.432378769E0
4.944568787E1,-1.103726983E0,1.364694953E0,9.323021889E0
4.946567689E1,-1.074996591E0,1.491587639E0,9.239224434E0
4.948569642E1,-1.058237195E0,1.467645645E0,8.300697327E0
4.950568543E1,-1.206677675E0,1.558625340E0,7.565677166E0
4.952564393E1,-1.089361787E0,1.632845521E0,8.032546997E0
4.954566346E1,-1.247379065E0,1.786074519E0,9.193734169E0
4.956565247E1,-9.600749016E-1,1.685518026E0,9.911994934E0
4.958564149E1,-1.158793569E0,1.762132406E0,9.026140213E0
4.960563050E1,-9.504981041E-1,1.936909199E0,8.729259491E0
4.962561952E1,-1.333570361E0,1.793257117E0,9.279925346E0
4.964560853E1,-8.906430602E-1,1.764526606E0,1.016578007E1
4.966562806E1,-6.871358752E-1,1.491587639E0,1.147540855E1
4.968561707E1,-1.055842996E0,1.570596337E0,1.114500904E1
4.970560609E1,-9.672574997E-1,1.640028119E0,1.125993061E1
4.972559510E1,-5.434837937E-1,1.788468719E0,1.241872406E1
4.974561463E1,-1.221042871E-1,1.838746905E0,1.225831223E1
4.976560365E1,-8.954314590E-1,1.333570361E0,1.151611042E1
4.978559266E1,-6.919242740E-1,1.256955862E0,1.093192482E1
4.980558167E1,1.039083481E0,1.458068848E0,1.184172153E1
4.982557069E1,1.666364431E0,1.233013868E0,1.227507210E1
4.984555970E1,1.438915253E0,1.091755986E0,1.167652130E1
4.986554871E1,1.063025594E0,8.595184088E-1,1.083615685E1
4.988553773E1,1.261744261E0,1.094150186E0,9.294290543E0
4.990552674E1,2.070984364E0,1.144428372E0,7.967903137E0
4.992551576E1,2.061407566E0,1.400607944E0,7.445967197E0
4.994550477E1,1.613691926E0,1.604115129E0,8.477868080E0
4.996552430E1,2.195482969E0,1.142034173E0,9.289502144E0
4.998551331E1,1.999158382E0,1.151610970E0,1.005085850E1
5.000550233E1,1.053448796E0,1.482010841E0,9.684545517E0
5.002549134E1,-2.489969730E-1,2.181117773E0,8.798690796E0
5.004548036E1,-5.770025849E-1,2.516305923E0,7.448361397E0
5.006546937E1,-6.536170840E-1,2.396595955E0,6.696582317E0
5.008542787E1,-5.506663918E-1,2.446874142E0,7.503427982E0
5.010544740E1,4.548983276E-2,2.451662540E0,8.037335396E0
5.012543641E1,5.195417404E-1,1.898601890E0,7.352593422E0
5.014545594E1,8.283938169E-1,2.176329374E0,6.447585106E0
5.016547547E1,1.103726983E0,2.152387381E0,6.375759125E0
5.018546449E1,1.604115129E0,2.013523579E0,7.936778545E0
5.020545350E1,1.886630893E0,1.467645645E0,9.327810287E0
5.022544251E1,2.063801765E0,1.632845521E0,9.471462250E0
5.024543153E1,2.078166962E0,1.252167463E0,8.592789650E0
5.026542054E1,2.755726099E0,8.762778044E-1,9.821015358E0
5.028544007E1,4.060565948E0,9.002198577E-1,9.552865028E0
5.030542909E1,2.918531895E0,1.546654344E0,8.504204750E0
5.032541810E1,1.130063176E0,1.532289028E0,8.295908928E0
5.034540711E1,1.029506683E0,1.766920805E0,8.607154846E0
5.036542664E1,4.118026793E-1,1.896207690E0,9.299078941E0
5.038541566E1,5.003881454E-1,1.982398987E0,1.059673691E1
5.040540467E1,1.386242747E0,2.025494576E0,9.706093788E0
5.042539368E1,2.176329374E0,2.205059767E0,9.069235802E0
5.044541322E1,1.601720929E0,2.482787132E0,8.659827232E0
5.046540223E1,9.265560508E-1,2.767697096E0,8.875306129E0
5.048536073E1,9.864110947E-1,2.899378300E0,9.674968719E0
5.050538026E1,9.552865028E-1,2.647987127E0,1.010353088E1
5.052536927E1,1.177947283E0,2.427720547E0,1.069489861E1
5.054535829E1,1.283292055E0,2.346317768E0,1.191594219E1
5.056537782E1,1.410184860E0,2.080561161E0,1.220085144E1
5.058536683E1,8.164227605E-1,1.778891921E0,1.169567490E1
5.060538636E1,-6.799532771E-1,1.805228114E0,1.148498535E1
5.062537537E1,-1.965639591E0,1.551442742E0,1.136767006E1
5.064536439E1,-2.683900118E0,1.089361787E0,1.142991924E1
5.066535340E1,-2.767697096E0,4.620809257E-1,1.220803452E1
5.068534242E1,-2.104503393E0,2.968810201E-1,1.166215611E1
5.070536195E1,-1.606509328E0,3.088520169E-1,1.096065521E1
5.072535096E1,-1.441309452E0,5.195417404E-1,1.010113716E1
5.074537049E1,-1.900996208E0,9.002198577E-1,9.196128845E0
5.076535951E1,-2.104503393E0,8.954314590E-1,8.889671326E0
5.078534852E1,-1.984793186E0,8.379706144E-1,8.961497307E0
5.080533753E1,-2.252943754E0,8.259995580E-1,9.763554573E0
5.082532655E1,-1.956062794E0,9.361328483E-1,9.533711433E0
5.084531556E1,-1.668758631E0,1.084573388E0,8.817844391E0
5.086533509E1,-1.180341482E0,1.206677675E0,7.922413349E0
5.088532410E1,-8.978256583E-1,1.108515382E0,7.441178799E0
5.090534364E1,-9.074024558E-1,1.101332784E0,7.390900612E0
5.092533265E1,-7.326257229E-1,1.304839969E0,7.429207802E0
5.094535218E1,-8.044517636E-1,1.376665950E0,7.307103634E0
5.096534120E1,-9.768342972E-1,1.510741234E0,6.775590897E0
5.098533021E1,-1.041477680E0,1.733402014E0,6.493074894E0
5.100534974E1,-9.768342972E-1,1.616086125E0,7.299921036E0
5.102533875E1,-8.092401624E-1,1.635239720E0,7.414842606E0
5.104535829E1,-8.451532125E-1,1.673547029E0,7.771578789E0
5.106534730E1,-1.247379065E0,1.766920805E0,8.858546257E0
5.108533631E1,-1.134851575E0,1.575384736E0,9.797073364E0
5.110532533E1,-1.053448796E0,1.376665950E0,9.787496567E0
5.112528382E1,-7.733271718E-1,1.618480325E0,9.524134636E0
5.114530335E1,-6.775590777E-1,1.781286120E0,8.750806808E0
5.116532288E1,-8.499416113E-1,1.850717902E0,8.116343498E0
5.118531190E1,-8.403648138E-1,2.044648170E0,7.750030994E0
5.120530091E1,-9.457096457E-1,2.047042370E0,8.176198959E0
5.122528993E1,-9.313444495E-1,2.066195965E0,8.504204750E0
5.124527894E1,-1.118092179E0,2.094926596E0,9.380482674E0
5.126529847E1,-1.125274777E0,2.085349798E0,8.959102631E0
5.128528748E1,-9.313444495E-1,2.135627985E0,8.286332130E0
5.130527650E1,-8.307880163E-1,2.037465572E0,9.265560150E0
5.132529603E1,-7.517793179E-1,1.903390408E0,1.115458584E1
5.134528504E1,-6.679822803E-1,1.881842494E0,1.096783829E1
5.136527406E1,-8.834604025E-1,2.114080191E0,9.662998199E0
5.138526307E1,-7.781155705E-1,2.365471363E0,8.604761124E0
5.140525208E1,-6.248866320E-1,2.248155355E0,9.121908188E0
5.142524110E1,-4.884171486E-1,2.365471363E0,9.988609314E0
5.144523011E1,-4.908113480E-1,2.695871115E0,1.003170490E1
5.146521912E1,-2.466027737E-1,2.461239338E0,1.081939793E1
5.148523866E1,4.070142806E-1,2.054224968E0,1.148498535E1
5.150522767E1,7.302315235E-1,2.025494576E0,1.170525169E1
5.152521668E1,1.915361285E-1,1.747767210E0,1.186566353E1
5.154520570E1,-1.149216816E-1,1.470039845E0,1.216972733E1
5.156519471E1,-3.974374831E-1,1.094150186E0,1.299333286E1
5.158518372E1,-5.793967843E-1,6.895300746E-1,1.307234097E1
5.160520326E1,-1.532289088E-1,7.278373241E-1,1.229901409E1
5.162519227E1,2.873041928E-1,7.685387731E-1,1.098699188E1
5.164518128E1,7.613561153E-1,9.624691010E-1,9.744400978E0
5.166517030E1,1.010353088E0,1.470039845E0,8.798690796E0
5.168512879E1,1.043871999E0,1.501164436E0,8.865729332E0
5.170514832E1,7.038952708E-1,1.304839969E0,9.078812599E0
5.172513734E1,7.852981687E-1,1.525106430E0,8.755595207E0
5.174515687E1,4.548983276E-1,1.644816518E0,7.989450932E0
5.176514588E1,2.394201756E-1,1.637633920E0,7.659051418E0
5.178516541E1,1.101332754E-1,1.620874524E0,8.204929352E0
5.180518495E1,-4.548983276E-2,1.551442742E0,8.628703117E0
5.182523499E1,2.202665508E-1,1.611297727E0,8.054094315E0
5.184522401E1,4.884171486E-1,1.630451322E0,7.817068577E0
5.186524354E1,7.445967197E-1,1.690306425E0,7.647080421E0
5.188523255E1,9.624691010E-1,1.836352706E0,7.862558365E0
5.190525208E1,1.233013868E0,1.812410712E0,8.101978302E0
5.192527162E1,1.628057122E0,1.802833915E0,8.226476669E0
5.194529115E1,1.802833915E0,1.781286120E0,8.061277390E0
5.196528016E1,1.702277422E0,2.013523579E0,7.101202011E0
5.198533021E1,1.568202138E0,2.147598982E0,7.184999466E0
5.200531922E1,1.529894829E0,2.142810583E0,8.281543732E0
5.202530824E1,1.771709204E0,2.102109194E0,9.004592896E0
5.204532777E1,1.618480325E0,2.142810583E0,8.911218643E0
5.206531678E1,1.340752959E0,2.367865562E0,8.571242332E0
5.208530579E1,9.959878922E-1,2.506729126E0,8.676587105E0
5.210529481E1,1.189918280E0,2.494758129E0,9.176975250E0
5.212528382E1,1.501164436E0,2.513911724E0,9.205705643E0
5.214530335E1,1.683123827E0,2.707842112E0,8.851364136E0
5.216532288E1,1.486799240E0,2.973598480E0,8.547300339E0
5.218531190E1,1.108515382E0,3.131615877E0,9.054870605E0
5.220533143E1,9.983820915E-1,3.050212860E0,9.883264542E0
5.222532044E1,1.223437071E0,2.983175278E0,1.032379818E1
5.224530946E1,1.252167463E0,3.031059265E0,1.061828423E1
5.226529847E1,5.051765442E-1,2.801215887E0,1.108515358E1
5.228528748E1,-5.578489900E-1,2.600103140E0,1.171482849E1
5.230530702E1,-6.775590777E-1,2.389413357E0,1.192312431E1
5.232529603E1,-4.022258818E-1,2.032677174E0,1.147780323E1
5.234528504E1,-2.178723514E-1,1.659181833E0,1.080024433E1
5.236530457E1,-5.937620401E-1,1.247379065E0,1.036689377E1
5.238529359E1,-1.115697980E0,9.792284966E-1,9.897629738E0
5.240528260E1,-2.066195965E0,7.829039693E-1,1.231337929E1
5.242527162E1,-2.090138197E0,7.996633649E-1,1.355836391E1
5.244526063E1,-1.412579060E0,6.631938815E-1,1.250252151E1
5.246524964E1,-7.374141216E-1,7.278373241E-1,1.024000072E1
5.248523866E1,-6.129156351E-1,9.720458984E-1,8.468291283E0
5.250525819E1,-1.132457376E0,1.046266198E0,8.025363922E0
5.252527772E1,-1.699883223E0,1.051054597E0,8.494627953E0
5.254526673E1,-1.790862918E0,1.127668977E0,8.623914719E0
5.256528626E1,-1.211466074E0,1.233013868E0,7.960720539E0
5.258527528E1,-6.751648784E-1,1.142034173E0,6.993463039E0
5.260526429E1,-4.453215301E-1,1.015141487E0,6.821080685E0
5.262525330E1,-9.600749016E-1,9.888052940E-1,8.073247910E0
5.264521180E1,-1.132457376E0,1.108515382E0,9.143456459E0
5.266523133E1,-1.189918280E0,1.089361787E0,8.719682693E0
5.268525086E1,-1.015141487E0,1.201889277E0,7.457938194E0
5.270523988E1,-9.576807022E-1,1.288080573E0,7.055712223E0
5.272522889E1,-8.403648138E-1,1.405396342E0,7.584830761E0
5.274521790E1,-8.259995580E-1,1.383848548E0,8.061277390E0
5.276523744E1,-9.289502501E-1,1.570596337E0,8.018181801E0
5.278522645E1,-1.256955862E0,1.687912226E0,7.965508938E0
5.280524598E1,-1.285686255E0,1.731007814E0,8.760383606E0
5.282523499E1,-8.786720037E-1,1.651999116E0,9.062053680E0
5.284525452E1,-6.679822803E-1,1.683123827E0,8.494627953E0
5.286524354E1,-9.576807022E-1,1.819593310E0,8.233659744E0
5.288526307E1,-1.266532660E0,1.999158382E0,8.753201485E0
5.290525208E1,-1.561019540E0,1.968033791E0,9.655815125E0
5.292527162E1,-1.510741234E0,1.867477298E0,9.979032516E0
5.294526063E1,-1.072602391E0,1.934514999E0,9.409213066E0
5.296521912E1,-8.068459630E-1,2.027888775E0,9.193734169E0
5.298523866E1,-6.584054828E-1,1.977610588E0,9.593565941E0
5.300522767E1,-7.709329724E-1,1.898601890E0,9.509769440E0
5.302521668E1,-8.403648138E-1,2.080561161E0,9.272743225E0
5.304520570E1,-1.098938584E0,2.104503393E0,9.411606789E0
5.306522523E1,-7.182605267E-1,2.152387381E0,1.000297451E1
5.308521424E1,-3.878606856E-1,1.865083098E0,1.044590187E1
5.310520326E1,-6.129156351E-1,1.707065821E0,1.056321812E1
5.312519227E1,-7.709329724E-1,1.781286120E0,1.074757099E1
5.314521180E1,-1.005564705E-1,1.754949808E0,1.102051067E1
5.316523133E1,3.782838583E-1,1.608903527E0,1.090319443E1
5.318522035E1,1.628057212E-1,1.467645645E0,1.089840603E1
5.320520936E1,-2.849099934E-1,1.048660398E0,1.191594219E1
5.322519837E1,-9.433154464E-1,3.615244627E-1,1.284968090E1
5.324518739E1,-8.810662031E-1,2.633621916E-2,1.277067184E1
5.326520692E1,-1.053448766E-1,-7.900865376E-2,1.220324612E1
5.328522645E1,8.188169599E-1,-1.077390760E-1,1.083855152E1
5.330521546E1,1.316810966E0,2.633621916E-2,9.768342972E0
5.332520448E1,1.431732655E0,3.615244627E-1,9.641449928E0
5.334522401E1,1.194706678E0,4.979939461E-1,9.761159897E0
5.336521302E1,7.852981687E-1,4.309563041E-1,9.674968719E0
5.338523255E1,5.961562395E-1,4.285621047E-1,8.844181061E0
5.340525208E1,4.357447028E-1,3.926490843E-1,8.001421928E0
5.342524110E1,5.075707436E-1,4.357447028E-1,7.860164165E0
5.344523011E1,5.650315881E-1,4.309563041E-1,8.058882713E0
5.346521912E1,7.038952708E-1,5.698199868E-1,7.752425194E0
5.348520814E1,6.344634295E-1,6.727706790E-1,7.079654217E0
5.350522767E1,4.788403511E-1,7.829039693E-1,6.868964672E0
5.352524720E1,3.184288144E-1,8.571242094E-1,7.618350029E0
5.354523621E1,6.943184733E-1,8.212111592E-1,8.580819130E0
5.356522523E1,1.163581967E0,6.847416759E-1,8.772355080E0
5.358524476E1,1.300051570E0,8.834604025E-1,8.068459511E0
5.360526429E1,1.010353088E0,1.139639974E0,7.381323814E0
5.362525330E1,5.363011956E-1,1.213860273E0,7.745242596E0
5.364524232E1,4.046200812E-1,1.221042871E0,8.475474358E0
5.366523133E1,6.871358752E-1,1.283292055E0,8.530540466E0
5.368518983E1,1.036689281E0,1.347935557E0,8.305485725E0
5.370520936E1,1.453280449E0,1.340752959E0,8.798690796E0
5.372522889E1,1.656787634E0,1.314416766E0,9.241618156E0
5.374521790E1,1.288080573E0,1.307234168E0,9.339780807E0
5.376520692E1,1.041477680E0,1.587355733E0,9.167398453E0
5.378519593E1,1.046266198E0,1.810016513E0,9.308655739E0
5.380521546E1,1.388636947E0,1.776497602E0,9.859322548E0
5.382517396E1,1.493981838E0,1.711854219E0,9.866505623E0
5.384519349E1,1.264138460E0,1.802833915E0,9.696516991E0
5.386515199E1,9.911994934E-1,1.810016513E0,1.014662647E1
5.388517152E1,1.015141487E0,1.740584612E0,1.097502041E1
5.390516053E1,9.409212470E-1,1.491587639E0,1.189678860E1
5.392514954E1,7.781155705E-1,1.187524080E0,1.199973869E1
5.394513856E1,5.889736414E-1,1.142034173E0,1.152808094E1
5.396512757E1,1.173158810E-1,8.882488012E-1,1.133893967E1
5.398514710E1,-2.226607651E-1,4.884171486E-1,1.109233665E1
5.400516663E1,-3.160346150E-1,1.867477298E-1,1.160948372E1
5.402515565E1,-6.153098345E-1,1.436521020E-2,1.225591850E1
5.404511414E1,-7.469909191E-1,-2.059013397E-1,1.183453941E1
5.406510316E1,-6.919242740E-1,-3.016694188E-1,1.096783829E1
5.408512269E1,-8.307880163E-1,-3.280056417E-1,1.062067890E1
5.410514222E1,-1.019929886E0,-2.298433632E-1,1.081221485E1
5.412516175E1,-1.072602391E0,-8.858546615E-2,1.063983250E1
5.414515077E1,-1.046266198E0,1.915361360E-2,9.720458984E0
5.416510926E1,-1.079784989E0,1.675941199E-1,8.810662270E0
5.418512879E1,-1.055842996E0,2.226607651E-1,8.449137688E0
5.420514832E1,-1.182735682E0,2.274491638E-1,8.312667847E0
5.422513734E1,-1.539471745E0,3.040636182E-1,8.499416351E0
5.424512635E1,-1.692700624E0,2.322375625E-1,8.791508675E0
5.426511537E1,-1.288080573E0,3.495534360E-1,8.686163902E0
5.428510438E1,-1.058237195E0,3.687070608E-1,8.453926086E0
5.430512391E1,-9.864110947E-1,4.620809257E-1,8.264783859E0
5.432514344E1,-1.161187768E0,4.788403511E-1,8.269572258E0
5.434513245E1,-9.457096457E-1,7.398083210E-1,8.001421928E0
5.436512147E1,-9.289502501E-1,8.140285611E-1,7.881711960E0
5.438511048E1,-1.089361787E0,9.504981041E-1,7.898471355E0
5.440509950E1,-1.431732655E0,1.060631394E0,7.635109425E0
5.442511903E1,-1.642422318E0,1.125274777E0,7.546523571E0
5.444513856E1,-1.441309452E0,1.158793569E0,7.582436562E0
5.446512757E1,-1.288080573E0,1.120486379E0,8.113949776E0
5.448511659E1,-1.235408068E0,1.110909581E0,8.700529099E0
5.450510560E1,-1.247379065E0,1.225831270E0,8.698134422E0
5.452509461E1,-1.436521053E0,1.321599364E0,8.183381081E0
5.454508363E1,-1.501164436E0,1.403002143E0,7.970297337E0
5.456507264E1,-1.235408068E0,1.448492050E0,8.540117264E0
5.458503114E1,-1.053448796E0,1.419761658E0,9.210494041E0
5.460505067E1,-1.113303781E0,1.446097851E0,9.349357605E0
5.462503968E1,-1.230619669E0,1.613691926E0,8.877699852E0
5.464502870E1,-1.338358760E0,1.723825216E0,8.597578049E0
5.466501771E1,-1.295263171E0,1.752555609E0,8.935160637E0
5.468500672E1,-1.199495077E0,1.723825216E0,9.327810287E0
5.470499574E1,-1.000776291E0,1.697489023E0,9.572018623E0
5.472498475E1,-8.547300100E-1,1.647210717E0,9.842563629E0
5.474497376E1,-7.062895298E-1,1.604115129E0,1.007958889E1
5.476496278E1,-4.932055473E-1,1.735796213E0,1.040280628E1
5.478495179E1,-1.436520964E-1,1.632845521E0,1.066137981E1
5.480494080E1,8.858546615E-2,1.414973259E0,1.082897472E1
5.482492982E1,1.723825186E-1,1.419761658E0,1.157596493E1
5.484491883E1,2.777273953E-1,1.290474772E0,1.213381386E1
5.486490785E1,3.974374831E-1,1.247379065E0,1.142273617E1
5.488489686E1,-1.460463107E-1,1.146822572E0,1.121683502E1
5.490488587E1,-5.243301988E-1,9.911994934E-1,1.212423706E1
5.492487489E1,-3.519476354E-1,5.386953950E-1,1.334288597E1
5.494486390E1,-1.412578970E-1,-1.915361360E-2,1.312501335E1
5.496485291E1,2.633621991E-1,-9.337386489E-2,1.205719948E1
5.498484193E1,6.703764796E-1,1.795651317E-1,1.094150162E1
5.500483094E1,5.578489900E-1,2.609679997E-1,1.012029076E1
5.502478944E1,3.040636182E-1,4.189853072E-1,9.409213066E0
5.504480897E1,5.889736414E-1,6.081272364E-1,8.664615631E0
5.506479798E1,8.379706144E-1,6.009446383E-1,8.209717751E0
5.508478700E1,9.792284966E-1,6.248866320E-1,8.214506149E0
5.510477601E1,8.236053586E-1,5.099649429E-1,8.497021675E0
5.512476502E1,6.584054828E-1,5.626373887E-1,8.908824921E0
5.514475404E1,8.116343617E-1,8.116343617E-1,8.667010307E0
5.516471253E1,1.046266198E0,9.409212470E-1,7.960720539E0
5.518473206E1,1.237802267E0,9.600749016E-1,7.979874134E0
5.520475160E1,1.204283476E0,8.451532125E-1,8.312667847E0
5.522474061E1,9.457096457E-1,8.379706144E-1,8.295908928E0
5.524469910E1,7.852981687E-1,9.504981041E-1,8.195352554E0
5.526471864E1,7.445967197E-1,1.070208192E0,8.441955566E0
5.528473817E1,1.180341482E0,1.216254473E0,8.628703117E0
5.530472718E1,1.280897856E0,1.010353088E0,8.743624687E0
5.532471620E1,1.230619669E0,1.122880578E0,8.250418663E0
5.534467469E1,1.048660398E0,1.335964561E0,7.797914982E0
5.536469422E1,9.840168953E-1,1.426944256E0,7.699752808E0
5.538468324E1,9.385270476E-1,1.477222443E0,8.214506149E0
5.540464173E1,1.139639974E0,1.395819545E0,8.377311707E0
5.542466126E1,1.316810966E0,1.271321058E0,8.269572258E0
5.544468079E1,1.393425345E0,1.323993564E0,8.832210541E0
5.546466981E1,1.601720929E0,1.357512355E0,9.002198219E0
5.548465882E1,1.692700624E0,1.422155857E0,9.033323288E0
5.550464784E1,1.381454349E0,1.561019540E0,9.023746490E0
5.552460633E1,1.256955862E0,1.731007814E0,9.153033257E0
5.554462586E1,1.333570361E0,1.635239720E0,9.473855972E0
5.556464539E1,1.517923832E0,1.596932530E0,9.744400978E0
5.558463441E1,1.441309452E0,1.690306425E0,1.022324085E1
5.560462342E1,4.429273009E-1,1.465251446E0,1.094868469E1
5.562464295E1,1.675941236E-2,1.532289028E0,1.099178028E1
5.564463197E1,6.847416759E-1,1.345541358E0,1.058716011E1
5.566465150E1,9.744400978E-1,1.230619669E0,1.093192482E1
5.568467103E1,9.217676520E-1,1.022324085E0,1.131978607E1
5.570466004E1,4.812345505E-1,8.140285611E-1,1.025675964E1
5.572464906E1,-8.690952063E-1,3.758896589E-1,1.085052204E1
5.574463807E1,-2.123656988E0,-7.661445439E-2,1.284489250E1
5.576462708E1,-2.020706177E0,-3.806780577E-1,1.352005672E1
5.578464662E1,-1.233013868E0,-4.548983276E-1,1.244745445E1
5.580466615E1,-4.261679053E-1,-1.843535304E-1,1.141555405E1
5.582468568E1,-2.035071403E-1,-9.816227108E-2,1.107318306E1
5.584470521E1,-5.674257874E-1,7.422025502E-2,1.083136845E1
5.586469422E1,-1.130063176E0,1.580173075E-1,1.009395409E1
5.588465272E1,-1.484405041E0,3.112462163E-1,9.002198219E0
5.590467225E1,-1.426944256E0,3.064578176E-1,8.595184326E0
5.592469178E1,-1.103726983E0,4.141969085E-1,8.343792915E0
5.594468079E1,-7.015010715E-1,5.937620401E-1,8.147468567E0
5.596470033E1,-6.416460276E-1,7.015010715E-1,8.056488991E0
5.598465882E1,-8.595184088E-1,8.858546019E-1,7.841010571E0
5.600467835E1,-1.089361787E0,9.720458984E-1,7.402871609E0
5.602466737E1,-1.022324085E0,9.720458984E-1,7.161057472E0
5.604465638E1,-9.169792533E-1,9.696516991E-1,7.455543995E0
5.606464539E1,-1.027112484E0,1.010353088E0,7.812280178E0
5.608463441E1,-1.304839969E0,9.864110947E-1,8.370129585E0
5.610465394E1,-1.522712231E0,9.457096457E-1,8.585607529E0
5.612464295E1,-1.460463047E0,9.457096457E-1,8.379706383E0
5.614466248E1,-1.139639974E0,1.084573388E0,7.606379032E0
5.616468202E1,-1.357512355E0,1.122880578E0,7.170634270E0
5.618467103E1,-1.541865945E0,1.142034173E0,7.771578789E0
5.620466004E1,-1.331176162E0,1.053448796E0,8.638279915E0
5.622464906E1,-8.164227605E-1,9.935936928E-1,8.997409821E0
5.624463807E1,-5.865794420E-1,9.840168953E-1,8.827422142E0
5.626465760E1,-7.493851185E-1,1.048660398E0,9.026140213E0
5.628467713E1,-1.187524080E0,1.118092179E0,9.320627213E0
5.630466615E1,-1.448492050E0,1.278503656E0,9.052476883E0
5.632468568E1,-1.276109457E0,1.367089152E0,8.626308441E0
5.634467469E1,-1.283292055E0,1.369483352E0,8.657433510E0
5.636466370E1,-1.379060149E0,1.498770237E0,9.042900085E0
5.638468324E1,-1.051054597E0,1.448492050E0,9.660603523E0
5.640470277E1,-9.193734527E-1,1.295263171E0,9.849745750E0
5.642469178E1,-7.110779285E-1,1.371877551E0,9.873687744E0
5.644465028E1,-2.513911724E-1,1.189918280E0,1.030464458E1
5.646466981E1,8.858546615E-2,9.457096457E-1,1.109233665E1
5.648468934E1,4.788403399E-3,9.768342972E-1,1.148977375E1
5.650467835E1,-1.819593310E-1,9.935936928E-1,1.113782597E1
5.652466737E1,1.508347094E-1,1.007958889E0,1.098220348E1
5.654462586E1,5.913678408E-1,9.959878922E-1,1.134612179E1
5.656461488E1,2.274491638E-1,8.068459630E-1,1.135330486E1
5.658460389E1,-6.512228847E-1,6.991068721E-1,1.175553036E1
5.660462342E1,-1.067813993E0,3.711012602E-1,1.310346603E1
5.662461244E1,-8.738836050E-1,-1.125274822E-1,1.355597019E1
5.664457093E1,-4.596867263E-1,-3.280056417E-1,1.196143150E1
5.666455995E1,4.548983276E-2,-1.747767180E-1,1.079545593E1
5.668457948E1,3.088520169E-1,-1.508347094E-1,1.084094524E1
5.670456849E1,5.746083856E-1,-6.703764945E-2,1.029985619E1
5.672452699E1,6.847416759E-1,-2.106897533E-1,9.777919769E0
5.674451600E1,7.038952708E-1,-1.388636976E-1,9.356540680E0
5.676453553E1,6.440402865E-1,-1.915361360E-2,8.827422142E0
5.678452454E1,4.165911078E-1,1.292868853E-1,8.353369713E0
5.680451356E1,1.508347094E-1,3.854664862E-1,7.905653954E0
5.682450257E1,7.661445439E-2,5.602431893E-1,8.063671112E0
5.684449158E1,1.388636976E-1,5.410895944E-1,8.298302650E0
5.686454163E1,4.046200812E-1,6.416460276E-1,8.386888504E0
5.688453065E1,4.285621047E-1,6.655880809E-1,8.202534676E0
5.690455018E1,3.016694188E-1,7.374141216E-1,7.864952564E0
5.692456971E1,2.202665508E-1,8.762778044E-1,7.905653954E0
5.694455872E1,1.651999205E-1,8.954314590E-1,8.264783859E0
5.696451722E1,1.604115069E-1,8.307880163E-1,8.497021675E0
5.698453675E1,2.992752194E-1,8.499416113E-1,8.329427719E0
5.700455628E1,5.506663918E-1,9.576807022E-1,8.434772491E0
5.702454530E1,5.961562395E-1,9.840168953E-1,8.978256226E0
5.704453431E1,3.567360640E-1,1.017535686E0,8.834604263E0
5.706452332E1,3.280056417E-1,1.223437071E0,8.140285492E0
5.708451234E1,1.867477298E-1,1.278503656E0,8.401253700E0
5.710453187E1,8.379705995E-2,1.237802267E0,9.402029991E0
5.712455140E1,1.604115069E-1,1.089361787E0,9.947908401E0
5.714454041E1,2.274491638E-1,1.101332784E0,1.016578007E1
5.716452943E1,1.532289088E-1,1.101332784E0,1.026633644E1
5.718451844E1,-1.077390760E-1,1.041477680E0,1.047223854E1
5.720450745E1,-1.628057212E-1,8.092401624E-1,1.092713642E1
5.722449647E1,7.182605099E-3,5.961562395E-1,1.098459721E1
5.724445496E1,4.788403399E-3,5.147533417E-1,1.030943298E1
5.726447450E1,-6.679822803E-1,4.381389022E-1,1.043871975E1
5.728446351E1,-1.860294700E0,1.891419291E-1,1.143710136E1
5.730448304E1,-2.250549555E0,4.309562966E-2,1.255998230E1
5.732450257E1,-1.831564307E0,-3.303998411E-1,1.272039318E1
5.734449158E1,-1.163581967E0,-5.626373887E-1,1.208114147E1
5.736445008E1,-5.267243981E-1,-4.189853072E-1,1.108994198E1
5.738443910E1,-6.177040339E-1,-2.178723514E-1,1.026873112E1
5.740445863E1,-1.292868972E0,5.027823523E-2,9.667786598E0
5.742444764E1,-1.721431017E0,2.753331959E-1,8.966285706E0
5.744443665E1,-1.723825216E0,2.513911724E-1,8.576030731E0
5.746442567E1,-1.173158884E0,1.963245422E-1,8.432378769E0
5.748441468E1,-4.094084799E-1,1.149216816E-1,8.288725853E0
5.750443421E1,-8.619125932E-2,1.268926859E-1,8.334216118E0
5.752445374E1,-3.854664862E-1,2.825157940E-1,8.252813339E0
5.754444276E1,-9.361328483E-1,5.171475410E-1,7.596801758E0
5.756443177E1,-1.288080573E0,6.488286853E-1,7.321468830E0
5.758439027E1,-1.285686255E0,7.302315235E-1,7.623138428E0
5.760440980E1,-9.385270476E-1,7.685387731E-1,8.075642586E0
5.762439881E1,-8.667010069E-1,7.685387731E-1,8.236053467E0
5.764438783E1,-1.122880578E0,8.403648138E-1,8.327033043E0
5.766434632E1,-1.197100878E0,8.786720037E-1,8.063671112E0
5.768436585E1,-1.110909581E0,9.744400978E-1,8.166622162E0
5.770435487E1,-1.074996591E0,9.624691010E-1,8.480262756E0
5.772434388E1,-1.082179189E0,9.816226959E-1,8.748413086E0
5.774436341E1,-9.026140571E-1,1.022324085E0,8.968679428E0
5.776438294E1,-8.762778044E-1,9.864110947E-1,9.021351814E0
5.778437196E1,-9.361328483E-1,9.983820915E-1,8.971074104E0
5.780439149E1,-1.015141487E0,1.053448796E0,9.102754593E0
5.782438050E1,-8.762778044E-1,1.041477680E0,9.212887764E0
5.784436952E1,-8.499416113E-1,9.600749016E-1,1.005804157E1
5.786435853E1,-4.716577232E-1,9.313444495E-1,1.058476543E1
5.788434754E1,-2.322375625E-1,8.331822157E-1,9.971850395E0
5.790436707E1,-1.173158810E-1,1.034295082E0,9.334992409E0
5.792438660E1,-2.801215947E-1,1.118092179E0,9.392453194E0
5.794437562E1,-3.591302633E-1,1.259350061E0,9.567230225E0
5.796436463E1,-1.364694983E-1,1.168370485E0,9.186552048E0
5.798438416E1,2.944868207E-1,1.156399369E0,9.275136948E0
5.800440370E1,3.136404157E-1,1.118092179E0,9.753977776E0
5.802439271E1,3.854664862E-1,1.110909581E0,9.677363396E0
5.804435120E1,5.027823448E-1,1.031900883E0,9.804255486E0
5.806437074E1,5.770025849E-1,8.714894056E-1,1.011071396E1
5.808439027E1,5.291185975E-1,8.427590132E-1,1.043632507E1
5.810437928E1,6.607996821E-1,9.935936928E-1,1.024957752E1
5.812436829E1,9.504981041E-1,1.096544385E0,9.713275909E0
5.814435731E1,1.060631394E0,1.292868972E0,9.215282440E0
5.816434632E1,9.385270476E-1,1.462857246E0,8.726864815E0
5.818436585E1,7.326257229E-1,1.532289028E0,8.525752068E0
5.820438538E1,5.578489900E-1,1.448492050E0,8.736441612E0
5.822437440E1,5.961562395E-1,1.398213744E0,9.507374763E0
5.824433289E1,6.416460276E-1,1.244984865E0,1.002452278E1
5.826435243E1,5.123591423E-1,1.225831270E0,9.801861763E0
5.828437196E1,5.746083856E-1,1.309628367E0,9.500192642E0
5.830436097E1,7.733271718E-1,1.194706678E0,9.442731857E0
5.832434998E1,7.541735172E-1,1.302445769E0,9.447520256E0
5.834433900E1,6.105214357E-1,1.484405041E0,9.524134636E0
5.836432801E1,7.350199223E-1,1.625662923E0,9.071630478E0
5.838431702E1,8.236053586E-1,1.795651317E0,8.626308441E0
5.840430604E1,7.493851185E-1,2.015917778E0,8.173804283E0
5.842432557E1,6.895300746E-1,2.229001760E0,8.034940720E0
5.844434510E1,5.434837937E-1,2.185906172E0,8.250418663E0
5.846433412E1,6.799532771E-1,2.099714994E0,8.674192429E0
5.848429261E1,7.805097699E-1,2.054224968E0,8.923190117E0
5.850434266E1,6.248866320E-1,2.097320795E0,9.145850182E0
5.852433167E1,6.129156351E-1,2.173935175E0,9.761159897E0
5.854435120E1,6.943184733E-1,2.207453966E0,9.765948296E0
5.856437074E1,6.057330370E-1,2.315192938E0,9.552865028E0
5.858435975E1,4.477157295E-1,2.375048161E0,9.581595421E0
5.860434876E1,5.027823448E-1,2.394201756E0,9.892841339E0
5.862430726E1,5.339069963E-1,2.070984364E0,1.022802925E1
5.864432679E1,3.040636182E-1,1.956062794E0,1.055842972E1
5.866431580E1,1.508347094E-1,1.810016513E0,1.069729328E1
5.868430482E1,1.532289088E-1,1.709460020E0,1.073799419E1
5.870429383E1,-3.399766386E-1,1.407790542E0,1.141555405E1
5.872428285E1,-9.888052940E-1,1.060631394E0,1.217690945E1
5.874430238E1,-1.431732655E0,6.584054828E-1,1.237562847E1
5.876432191E1,-1.728613615E0,2.011129409E-1,1.231577396E1
5.878434144E1,-1.812410712E0,3.830722719E-2,1.220563984E1
5.880436097E1,-1.343147159E0,9.097966552E-2,1.227746677E1
5.882426432E1,-5.554547906E-1,6.703764945E-2,1.102290440E1
5.884425334E1,-2.873041928E-1,1.963245422E-1,1.026154804E1
5.886427287E1,-1.034295082E0,3.256114423E-1,9.935936928E0
5.888429240E1,-1.429338455E0,4.884171486E-1,9.258378029E0
5.890428141E1,-1.821987510E0,5.147533417E-1,8.669404030E0
5.892427042E1,-1.838746905E0,6.775590777E-1,8.714894295E0
5.894425944E1,-1.572990537E0,8.475474119E-1,8.192957878E0
5.896424845E1,-1.400607944E0,8.762778044E-1,7.714118004E0
5.898426798E1,-1.326387763E0,8.978256583E-1,7.960720539E0
5.900428752E1,-1.391031146E0,9.648633003E-1,8.121131897E0
5.902427653E1,-1.345541358E0,1.017535686E0,7.951143742E0
5.904426554E1,-1.091755986E0,1.012747288E0,7.489062786E0
5.906425456E1,-8.786720037E-1,1.007958889E0,7.113173485E0
5.908424357E1,-1.130063176E0,1.113303781E0,7.204153061E0
5.910429362E1,-1.323993564E0,1.254561663E0,7.754819393E0
5.912428263E1,-2.054224968E0,1.134851575E0,1.018014526E1
5.914430216E1,-1.656787634E0,1.486799240E0,8.884882927E0
5.916432169E1,-1.745373011E0,1.362300754E0,7.568071365E0
5.918431071E1,-2.252943754E0,1.446097851E0,8.221688271E0
5.920429972E1,-1.889025092E0,1.477222443E0,8.044517517E0
5.922428874E1,-2.135627985E0,1.728613615E0,8.827422142E0
5.924424723E1,-1.898601890E0,1.601720929E0,8.925583839E0
5.926423625E1,-1.110909581E0,1.419761658E0,8.973467827E0
5.928425578E1,-1.637633920E0,1.630451322E0,8.760383606E0
5.930424479E1,-2.250549555E0,1.915361404E0,8.686163902E0
5.932423380E1,-2.051830769E0,1.963245392E0,9.368511200E0
5.934422282E1,-1.549048543E0,1.869871497E0,9.437943459E0
5.936421183E1,-1.599326730E0,1.910573006E0,8.434772491E0
5.938426188E1,-2.329558372E0,2.159569979E0,8.530540466E0
5.940425089E1,-2.564189911E0,2.317587137E0,8.731653214E0
5.942427042E1,-1.915361404E0,2.181117773E0,8.724471092E0
5.944428996E1,-2.073378563E0,1.958456993E0,8.985439301E0
5.946427897E1,-2.205059767E0,2.217030764E0,8.836998940E0
5.948426798E1,-1.783680320E0,2.176329374E0,9.224859238E0
5.950425700E1,-1.738190413E0,2.164358377E0,8.216899872E0
5.952424601E1,-2.322375536E0,2.252943754E0,8.693346024E0
5.954426554E1,-2.595314741E0,2.315192938E0,9.303867340E0
5.956428507E1,-1.991975784E0,2.130839586E0,9.619902611E0
5.958427409E1,-1.572990537E0,2.061407566E0,9.334992409E0
5.960423258E1,-2.111685991E0,2.111685991E0,9.174580574E0
5.962428263E1,-2.384624958E0,2.157175779E0,9.895236015E0
5.964427164E1,-1.905784607E0,1.951274395E0,1.050575733E1
5.966429118E1,-1.596932530E0,1.728613615E0,1.085531044E1
5.968431071E1,-3.406949043E0,2.391807556E0,7.955932140E0
5.970429972E1,-2.080561161E0,1.699883223E0,9.761159897E0
5.972428874E1,-1.805228114E0,1.836352706E0,1.091755962E1
5.974427775E1,-1.426944256E0,1.865083098E0,1.006043530E1
5.976426676E1,-1.575384736E0,1.611297727E0,1.071884060E1
5.978425578E1,-2.248155355E0,1.357512355E0,1.074757099E1
5.980424479E1,-1.685518026E0,1.659181833E0,8.949525833E0
5.982478363E1,-3.473986626E0,2.035071403E-1,5.102043629E0
5.984477265E1,-2.784456491E0,2.226607651E-1,7.709329605E0
5.986479218E1,-2.552218914E0,1.244984865E-1,9.253589630E0
5.988478119E1,-2.473210335E0,-3.351882473E-2,9.224859238E0
5.990477021E1,-2.418143749E0,3.375824392E-1,8.647856712E0
5.992475922E1,-2.760514498E0,4.644751251E-1,7.673416615E0
5.994471772E1,-2.815581083E0,5.482721925E-1,7.558494568E0
5.996473725E1,-2.913743496E0,5.841852427E-1,7.524975777E0
5.998469574E1,-2.542642117E0,7.685387731E-1,7.946355343E0
6.000471527E1,-2.293645144E0,8.355764151E-1,7.723694801E0
6.002473480E1,-2.707842112E0,9.313444495E-1,7.433996201E0
6.004469330E1,-2.815581083E0,1.252167463E0,7.675810814E0
6.006471283E1,-2.499546528E0,1.276109457E0,7.460332394E0
6.008470185E1,-2.619256735E0,1.206677675E0,7.517793179E0
6.010469086E1,-2.755726099E0,8.379706144E-1,7.232883453E0
6.012467987E1,-2.521094322E0,1.608903527E0,9.088389397E0
6.014463837E1,-2.396595955E0,1.470039845E0,1.040520096E1
6.016465790E1,-1.898601890E0,1.467645645E0,1.004367638E1
6.018464691E1,-1.599326730E0,1.374271750E0,9.078812599E0
6.020460541E1,-1.426944256E0,1.436521053E0,9.165003777E0
6.022459442E1,-1.675941229E0,1.484405041E0,9.919178009E0
6.024461396E1,-1.697489023E0,1.467645645E0,1.103008747E1
6.026457245E1,-1.029506683E0,1.261744261E0,1.118092155E1
6.028456146E1,-2.944868207E-1,9.050082564E-1,1.152329254E1
6.030451996E1,-5.650315881E-1,8.331822157E-1,1.137485218E1
6.032453949E1,-5.267243981E-1,1.089361787E0,1.090319443E1
6.034449799E1,-4.357447028E-1,1.110909581E0,1.080982113E1
6.036451752E1,-5.698199868E-1,9.457096457E-1,1.109473038E1
6.038453705E1,-2.059013397E-1,6.081272364E-1,1.251449203E1
6.040449555E1,1.556231081E-1,2.681505978E-1,1.308670616E1
6.042445404E1,4.022258818E-1,1.843535304E-1,1.158314800E1
6.044447358E1,9.050082564E-1,1.436520964E-1,9.540893555E0
6.046449311E1,1.280897856E0,2.633621991E-1,9.619902611E0
6.048445160E1,9.768342972E-1,4.429273009E-1,9.753977776E0
6.050447113E1,5.793967843E-1,7.302315235E-1,8.992621422E0
6.052442963E1,6.344634295E-1,8.882488012E-1,7.714118004E0
6.054441864E1,9.935936928E-1,1.000776291E0,6.825869083E0
6.056443817E1,1.280897856E0,1.046266198E0,6.861782074E0
6.058442719E1,1.374271750E0,1.084573388E0,7.436390400E0
6.060438568E1,1.443703651E0,1.089361787E0,7.580042362E0
6.062437470E1,9.504981041E-1,1.163581967E0,7.544129372E0
6.064439423E1,1.070208192E0,1.228225470E0,7.603984833E0
6.066435272E1,1.419761658E0,1.134851575E0,7.414842606E0
6.068437226E1,1.551442742E0,1.127668977E0,7.192182064E0
6.070433075E1,1.596932530E0,1.316810966E0,7.295132637E0
6.072435028E1,1.565807939E0,1.395819545E0,7.896077156E0
6.074430878E1,1.300051570E0,1.592144132E0,8.614337921E0
6.076432831E1,1.051054597E0,1.771709204E0,9.006986618E0
6.078431732E1,1.086967587E0,1.790862918E0,8.916007042E0
6.080427582E1,1.211466074E0,1.759738207E0,9.466673851E0
6.082429535E1,7.972691655E-1,1.812410712E0,1.066856289E1
6.084425385E1,5.602431893E-1,1.936909199E0,1.100135708E1
6.086427338E1,3.591302633E-1,1.838746905E0,1.148977375E1
6.088426239E1,-1.628057212E-1,1.869871497E0,1.272039318E1
6.090425141E1,-3.878606856E-1,1.922544003E0,1.314895535E1
6.092424042E1,-2.537853718E-1,1.666364431E0,1.227267838E1
6.094422943E1,-5.674257874E-1,1.515529633E0,1.164060879E1
6.096418793E1,-9.983820915E-1,1.592144132E0,1.124556541E1
6.098420746E1,-1.340752959E0,1.359906554E0,1.030943298E1
6.100416596E1,-2.296039343E0,9.792284966E-1,1.030703831E1
6.102418549E1,-3.248931646E0,8.092401624E-1,1.263659668E1
6.104417450E1,-2.975992680E0,6.033388376E-1,1.360624790E1
6.106416352E1,-1.632845521E0,2.178723514E-1,1.146583176E1
6.108415253E1,-9.528923035E-1,2.059013397E-1,9.282320023E0
6.110414154E1,-1.091755986E0,2.082955539E-1,8.729259491E0
6.112413056E1,-1.716642618E0,5.219359994E-1,9.279925346E0
6.114411957E1,-2.085349798E0,8.643068075E-1,9.346963882E0
6.116413910E1,-1.477222443E0,9.481038451E-1,8.116343498E0
6.118409760E1,-9.217676520E-1,8.020575643E-1,6.416460514E0
6.120411713E1,-1.355118155E0,8.044517636E-1,5.698200226E0
6.122413666E1,-1.692700624E0,9.169792533E-1,5.928043365E0
6.124412567E1,-1.340752959E0,9.265560508E-1,6.344634533E0
6.126411469E1,-5.027823448E-1,8.930372596E-1,7.568071365E0
6.128410370E1,-4.860229492E-1,8.188169599E-1,8.245630264E0
6.130409272E1,-7.900865674E-1,1.053448796E0,7.675810814E0
6.132408173E1,-1.108515382E0,1.307234168E0,7.204153061E0
6.134407074E1,-1.271321058E0,1.572990537E0,7.460332394E0
6.136405976E1,-1.031900883E0,1.716642618E0,7.951143742E0
6.138401825E1,-1.256955862E0,1.817199111E0,8.358158112E0
6.140403778E1,-1.194706678E0,1.994369984E0,8.176198959E0
6.142405732E1,-7.733271718E-1,1.956062794E0,8.269572258E0
6.144404633E1,-9.337386489E-1,1.920149803E0,9.100360870E0
6.146403534E1,-1.786074519E0,1.987187386E0,1.019451046E1
6.148402436E1,-1.666364431E0,1.951274395E0,1.104205799E1
6.150398285E1,-5.219359994E-1,1.754949808E0,1.163342571E1
6.152397187E1,-3.040636182E-1,1.470039845E0,1.291671848E1
6.154396088E1,-2.274491638E-1,1.553836942E0,1.310346603E1
6.156398041E1,-1.556231081E-1,1.757344007E0,1.259350109E1
6.158393891E1,4.548983276E-2,1.795651317E0,1.157596493E1
6.160395844E1,2.178723514E-1,1.893813491E0,1.069011021E1
6.162391693E1,-7.182605099E-3,1.754949808E0,1.084094524E1
6.164393646E1,-8.619125932E-2,1.338358760E0,1.190397072E1
6.166395600E1,2.513911724E-1,1.055842996E0,1.199973869E1
6.168391449E1,4.165911078E-1,9.433154464E-1,1.110909557E1
6.170393402E1,8.858546019E-1,8.738836050E-1,1.017296314E1
6.172392304E1,1.118092179E0,7.852981687E-1,1.022802925E1
6.174388153E1,1.242590666E0,8.667010069E-1,1.005325317E1
6.176390107E1,1.039083481E0,9.050082564E-1,9.167398453E0
6.178392060E1,7.278373241E-1,1.074996591E0,8.027758598E0
6.180390961E1,2.489969730E-1,1.194706678E0,7.161057472E0
6.182389862E1,3.615244627E-1,1.467645645E0,6.971915245E0
6.184388764E1,5.027823448E-1,1.333570361E0,7.158663273E0
6.186387665E1,5.147533417E-1,1.273715258E0,7.445967197E0
6.188389618E1,3.112462163E-1,1.314416766E0,7.582436562E0
6.190391571E1,5.339069963E-1,1.584961534E0,8.154650688E0
6.192387421E1,-3.112462163E-2,1.788468719E0,7.783549786E0
6.194389374E1,3.543418646E-1,2.094926596E0,6.742072105E0
6.196388275E1,3.950432837E-1,2.082955360E0,6.394912720E0
6.198387177E1,9.816227108E-2,2.545036316E0,7.273584843E0
6.200389130E1,4.381389022E-1,2.944868088E0,8.769960403E0
6.202391083E1,1.867477298E-1,2.885013103E0,8.997409821E0
6.204389984E1,-1.867477298E-1,3.050212860E0,8.042123795E0
6.206385834E1,-5.889736414E-1,3.136404276E0,7.841010571E0
6.208387787E1,-4.788403399E-3,3.126827478E0,9.327810287E0
6.210389740E1,2.681505978E-1,2.796427488E0,1.044350815E1
6.212388642E1,-1.436520964E-1,2.686294317E0,1.108754826E1
6.214384491E1,-2.657563984E-1,2.698265314E0,1.153047562E1
6.216383393E1,-3.351882398E-1,2.408566952E0,1.141555405E1
6.218385346E1,-9.648633003E-1,2.070984364E0,1.142752457E1
6.220384247E1,-1.256955862E0,1.977610588E0,1.194706631E1
6.222383149E1,-1.060631394E0,1.716642618E0,1.133175659E1
6.224382050E1,-1.082179189E0,1.647210717E0,1.062307262E1
6.226377900E1,-1.754949808E0,1.371877551E0,9.859322548E0
6.228376801E1,-1.807622313E0,1.029506683E0,9.950302124E0
6.230378754E1,-1.592144132E0,8.116343617E-1,1.203804588E1
6.232377655E1,-1.474828243E0,7.445967197E-1,1.315135002E1
6.234373505E1,-9.504981041E-1,6.536170840E-1,1.111627865E1
6.236372406E1,-7.829039693E-1,6.799532771E-1,8.844181061E0
6.238374359E1,-8.355764151E-1,9.672574997E-1,8.631096840E0
6.240373261E1,-7.469909191E-1,1.199495077E0,9.050082207E0
6.242372162E1,-9.744400978E-1,1.316810966E0,8.757989883E0
6.244374115E1,-1.357512355E0,1.450886250E0,7.987056732E0
6.246376068E1,-1.302445769E0,1.623268723E0,7.304709435E0
6.248374970E1,-1.316810966E0,1.774103403E0,7.122750282E0
6.250373871E1,-8.738836050E-1,1.848323703E0,7.742848396E0
6.252375824E1,-4.070142806E-1,1.829170108E0,7.939172745E0
6.254377777E1,-5.841852427E-1,2.070984364E0,7.491456985E0
6.256376679E1,-8.906430602E-1,2.296039343E0,7.007828236E0
6.258378632E1,-6.943184733E-1,2.454056740E0,7.290344238E0
6.260374482E1,-6.560112834E-1,2.461239338E0,7.917624950E0
6.262376435E1,-7.182605267E-1,2.568978310E0,8.418013573E0
6.264375336E1,-5.913678408E-1,2.521094322E0,8.595184326E0
6.266374237E1,-3.950432837E-1,2.557007313E0,9.085995674E0
6.268373139E1,-4.644751251E-1,2.796427488E0,9.246406555E0
6.270372040E1,-2.801215947E-1,2.762908697E0,8.767566681E0
6.272373993E1,-2.633621916E-2,2.535459518E0,9.160215378E0
6.274375946E1,-1.197100878E-1,2.545036316E0,9.718064308E0
6.276374848E1,-4.237737060E-1,2.726995707E0,9.957485199E0
6.278370697E1,-3.112462163E-2,2.722207308E0,1.007480049E1
6.280372650E1,1.340752989E-1,2.681505919E0,1.025197124E1
6.282374604E1,2.609679997E-1,2.875436306E0,1.041717148E1
6.284373505E1,3.663128614E-1,2.667140722E0,1.093192482E1
6.286369355E1,3.950432837E-1,2.504334927E0,1.070687008E1
6.288368256E1,7.398083210E-1,2.662352324E0,1.056321812E1
6.290370209E1,1.120486379E0,2.480392933E0,1.085052204E1
6.292369110E1,4.668693244E-1,2.056619167E0,1.092474270E1
6.294364960E1,-4.453215301E-1,1.922544003E0,1.048899746E1
6.296366913E1,-1.987187415E-1,1.879448295E0,1.113064384E1
6.298368866E1,1.003170490E0,1.532289028E0,1.146583176E1
6.300367768E1,1.991975784E0,1.374271750E0,1.096304989E1
6.302366669E1,2.066195965E0,1.505952835E0,1.001494598E1
6.304368622E1,1.587355733E0,1.781286120E0,9.193734169E0
6.306370575E1,1.292868972E0,2.003946781E0,8.585607529E0
6.308369477E1,1.173158884E0,2.130839586E0,7.630321026E0
6.310368378E1,1.302445769E0,2.267308950E0,6.943184853E0
6.312370331E1,1.197100878E0,2.269703150E0,6.574477673E0
6.314372284E1,1.230619669E0,2.250549555E0,6.998251438E0
6.316371186E1,1.254561663E0,2.202665567E0,7.852981567E0
6.318370087E1,7.517793179E-1,2.157175779E0,7.649474621E0
6.320368988E1,4.668693244E-1,2.264914751E0,6.749254704E0
6.322367890E1,7.326257229E-1,2.291250944E0,6.727706909E0
6.324366791E1,8.547300100E-1,2.303221941E0,7.527369976E0
6.326368744E1,7.015010715E-1,2.398990154E0,7.831433773E0
6.328367646E1,4.213795066E-1,2.549824715E0,7.228095055E0
6.330366547E1,5.123591423E-1,2.595314741E0,6.943184853E0
6.332365448E1,-8.619125932E-2,3.313575268E0,1.091277122E1
6.334364350E1,-1.005564690E0,3.062183857E0,8.858546257E0
6.336369355E1,-1.189918280E0,3.639186621E0,8.695740700E0
6.338368256E1,-1.292868853E-1,3.586514235E0,8.044517517E0
6.340370209E1,-2.394201607E-2,3.248931646E0,8.980650902E0
6.342372162E1,1.412578970E-1,3.124433279E0,1.043393135E1
6.344371064E1,-5.027823523E-2,2.839523315E0,1.171004009E1
6.346369965E1,-6.631938815E-1,2.695871115E0,1.135809326E1
6.348368866E1,-9.002198577E-1,2.506729126E0,1.030224991E1
6.350367768E1,-1.240196466E0,2.750937700E0,1.002691650E1
6.352366669E1,-1.323993564E0,2.466027737E0,1.035013390E1
6.354365570E1,-1.388636947E0,1.841141105E0,1.188721180E1
6.356364472E1,-1.266532660E0,1.364694953E0,1.325190639E1
6.358363373E1,-1.510741234E0,1.170764685E0,1.298854446E1
6.360362274E1,-1.860294700E0,1.137245774E0,1.144907284E1
6.362361176E1,-1.857900500E0,1.355118155E0,1.007719517E1
6.364360077E1,-1.491587639E0,1.525106430E0,9.983820915E0
6.366358979E1,-1.683123827E0,1.606509328E0,1.007240677E1
6.368360932E1,-2.049436569E0,1.776497602E0,8.441955566E0
6.370362885E1,-2.102109194E0,1.637633920E0,7.872135162E0
6.372364838E1,-2.353500366E0,1.790862918E0,7.522581577E0
6.374366791E1,-1.798045516E0,1.750161409E0,8.511386871E0
6.376365692E1,-1.450886250E0,1.683123827E0,8.398859978E0
6.378361542E1,-1.470039845E0,1.721431017E0,7.671022415E0
6.380363495E1,-1.529894829E0,1.663970232E0,6.746860504E0
6.382365448E1,-1.790862918E0,1.812410712E0,6.670246124E0
6.384364350E1,-1.850717902E0,1.905784607E0,7.237671852E0
6.386363251E1,-1.565807939E0,1.912967205E0,7.493851185E0
6.388362152E1,-1.522712231E0,1.946485996E0,7.328651428E0
6.390361054E1,-1.565807939E0,1.936909199E0,7.000645638E0
6.392359955E1,-1.539471745E0,2.094926596E0,7.165845871E0
6.394358857E1,-1.462857246E0,2.310404539E0,7.570465565E0
6.396357758E1,-1.757344007E0,2.585737944E0,8.075642586E0
6.398353608E1,-1.623268723E0,2.592920542E0,8.485051155E0
6.400355561E1,-1.158793569E0,2.583343744E0,8.944737434E0
6.402357514E1,-1.381454349E0,2.542642117E0,8.966285706E0
6.404356415E1,-2.276885748E0,2.552218914E0,1.013226128E1
6.406355316E1,-1.405396342E0,2.636016130E0,1.114979744E1
6.408354218E1,-7.924807668E-1,2.449268341E0,1.174116516E1
6.410353119E1,-1.077390790E0,2.339135170E0,1.334528065E1
6.412352020E1,-1.151610970E0,2.291250944E0,1.345301914E1
6.414353974E1,-6.105214357E-1,2.324769735E0,1.215536213E1
6.416352875E1,-2.394201607E-2,2.422932148E0,1.182975101E1
6.418348725E1,4.333505034E-1,2.082955360E0,1.199255657E1
6.420347626E1,4.453215301E-1,1.474828243E0,1.268448067E1
6.422349579E1,-3.088520169E-1,8.451532125E-1,1.280179691E1
6.424348481E1,6.799532771E-1,1.053448796E0,1.220563984E1
6.426347382E1,1.185129881E0,1.022324085E0,1.097502041E1
6.428346283E1,1.350329757E0,9.888052940E-1,9.514557838E0
6.430345185E1,9.768342972E-1,1.312022567E0,8.652645111E0
6.432347138E1,8.212111592E-1,1.532289028E0,8.492233276E0
6.434349091E1,6.655880809E-1,1.484405041E0,8.176198959E0
6.436347992E1,7.613561153E-1,1.283292055E0,7.184999466E0
6.438346894E1,8.212111592E-1,1.199495077E0,6.631938934E0
6.440345795E1,8.714894056E-1,1.151610970E0,7.187393665E0
6.442344696E1,8.427590132E-1,1.221042871E0,7.307103634E0
6.444343598E1,5.219359994E-1,1.278503656E0,7.278373241E0
6.446339447E1,5.027823448E-1,1.240196466E0,6.892906666E0
6.448338349E1,2.226607651E-1,1.515529633E0,6.416460514E0
6.450340302E1,4.309562966E-2,1.800439715E0,6.358999729E0
6.452339203E1,8.858546615E-2,2.149993181E0,6.854599476E0
6.454335053E1,7.230489254E-1,2.367865562E0,7.149086475E0
6.456337006E1,6.799532771E-1,2.497152328E0,7.584830761E0
6.458338959E1,2.753331959E-1,2.741360903E0,7.922413349E0
6.460337860E1,6.224924326E-1,2.873042107E0,8.664615631E0
6.462336762E1,6.368576288E-1,2.877830505E0,9.215282440E0
6.464332611E1,5.363011956E-1,2.806004286E0,9.811438560E0
6.466334564E1,5.219359994E-1,2.525882721E0,1.093910789E1
6.468333466E1,2.705447972E-1,2.461239338E0,1.177707863E1
6.470329316E1,-3.184288144E-1,2.298433542E0,1.178904915E1
6.472328217E1,-5.051765442E-1,1.881842494E0,1.155681133E1
6.474330170E1,-7.709329724E-1,1.819593310E0,1.255758762E1
6.476329071E1,-1.259350061E0,1.970427990E0,1.216493893E1
6.478327973E1,-1.774103403E0,1.788468719E0,1.066377449E1
6.480326874E1,-2.468421936E0,1.508347034E0,9.835380554E0
6.482325775E1,-2.377442360E0,1.151610970E0,1.228943729E1
6.484327729E1,-1.556231141E0,7.445967197E-1,1.436521053E1
6.486329682E1,-1.644816518E0,6.464344859E-1,1.346977901E1
6.488328583E1,-2.231395960E0,5.793967843E-1,1.109473038E1
6.490324433E1,-2.576161146E0,7.278373241E-1,9.734824181E0
6.492326386E1,-2.451662540E0,7.134721279E-1,9.765948296E0
6.494328339E1,-1.833958507E0,8.667010069E-1,1.015859795E1
6.496330292E1,-1.953668594E0,9.169792533E-1,8.753201485E0
6.498332245E1,-2.013523579E0,1.015141487E0,7.065289021E0
6.500331147E1,-2.463633537E0,1.276109457E0,6.047753334E0
6.502326996E1,-1.831564307E0,1.115697980E0,5.980715752E0
6.504328949E1,-8.882488012E-1,1.170764685E0,7.038952827E0
6.506327851E1,-9.672574997E-1,1.391031146E0,6.320692539E0
6.508329804E1,-1.704671621E0,1.383848548E0,5.870582581E0
6.510331757E1,-1.596932530E0,1.537077546E0,5.784391403E0
6.512330658E1,-1.558625340E0,1.704671621E0,6.624756336E0
6.514329560E1,-1.237802267E0,1.805228114E0,7.800309181E0
6.516328461E1,-1.326387763E0,1.819593310E0,8.329427719E0
6.518330414E1,-2.008735180E0,1.996764183E0,7.572859764E0
6.520329316E1,-2.123656988E0,2.102109194E0,6.986280441E0
6.522328217E1,-1.872265697E0,2.219424963E0,8.015787125E0
6.524327118E1,-1.790862918E0,2.432508945E0,8.963891029E0
6.526326020E1,-2.013523579E0,2.358288765E0,9.440337181E0
6.528327973E1,-1.659181833E0,2.188300371E0,9.730035782E0
6.530329926E1,-1.625662923E0,2.298433542E0,9.684545517E0
6.532328827E1,-1.884236693E0,2.322375536E0,9.696516991E0
6.534327729E1,-2.085349798E0,2.439691544E0,1.040520096E1
6.536326630E1,-1.659181833E0,2.370259762E0,1.134851646E1
6.538325531E1,-8.427590132E-1,2.185906172E0,1.169567490E1
6.540327484E1,-4.070142806E-1,2.106897593E0,1.140837097E1
6.542329438E1,-3.016694188E-1,1.932120800E0,1.085052204E1
6.544328339E1,-1.795651317E-1,2.094926596E0,1.145864964E1
6.546327240E1,9.816227108E-2,1.484405041E0,1.190875912E1
6.548326142E1,3.208230138E-1,1.125274777E0,1.271560478E1
6.550325043E1,8.667010069E-1,9.241618514E-1,1.265814400E1
6.552323944E1,1.041477680E0,1.151610970E0,1.048899746E1
6.554322846E1,7.326257229E-1,1.247379065E0,9.392453194E0
6.556321747E1,8.858546019E-1,1.611297727E0,9.904812813E0
6.558320648E1,1.510741234E0,1.728613615E0,1.012268448E1
6.560322602E1,1.472434044E0,1.690306425E0,9.241618156E0
6.562324555E1,9.385270476E-1,1.702277422E0,8.197746277E0
6.564323456E1,7.517793179E-1,1.517923832E0,7.254431248E0
6.566322358E1,7.613561153E-1,1.735796213E0,7.630321026E0
6.568321259E1,1.010353088E0,1.649604917E0,9.035717010E0
6.570320160E1,7.589619160E-1,1.592144132E0,9.411606789E0
6.572319062E1,1.963245422E-1,1.467645645E0,7.726089001E0
6.574317963E1,3.830722719E-2,1.568202138E0,6.715735912E0
6.576316864E1,-1.651999205E-1,1.865083098E0,6.912060261E0
6.578315766E1,-2.322375625E-1,2.035071373E0,7.733271599E0
6.580317719E1,-9.097966552E-2,2.166752577E0,8.480262756E0
6.582319672E1,-1.532289088E-1,2.305616140E0,7.414842606E0
6.584321625E1,3.112462163E-2,2.559401512E0,6.888118267E0
6.586323578E1,-3.615244627E-1,2.767697096E0,6.955155849E0
6.588322480E1,-3.375824392E-1,2.863465309E0,8.176198959E0
6.590318329E1,7.182605099E-3,2.949656487E0,8.961497307E0
6.592320282E1,-7.182604820E-2,3.117250681E0,8.585607529E0
6.594322235E1,-4.237737060E-1,3.213018656E0,8.106766701E0
6.596321137E1,-4.788403511E-1,3.505111217E0,8.238448143E0
6.598320038E1,-4.860229492E-1,3.914519787E0,9.212887764E0
6.600318940E1,-3.447650373E-1,3.981557369E0,1.003170490E1
6.602317841E1,-7.493851185E-1,4.118026733E0,1.014902115E1
6.604319794E1,-1.089361787E0,4.223371983E0,1.005085850E1
6.606321747E1,-1.467645645E0,4.036623955E0,1.043153667E1
6.608320648E1,-1.355118155E0,4.273650169E0,1.240914726E1
6.610319550E1,-1.436521053E0,4.211400986E0,1.288798809E1
6.612318451E1,-1.240196466E0,3.847482204E0,1.274672985E1
6.614317353E1,-1.374271750E0,3.222595453E0,1.214817905E1
6.616319306E1,-2.370259762E0,2.200271368E0,1.224634171E1
6.618318207E1,-3.186682463E0,9.481038451E-1,1.378341961E1
6.620317108E1,-2.920926094E0,1.005564705E-1,1.491827106E1
6.622316010E1,-2.501940727E0,-4.668693244E-1,1.415212631E1
6.624314911E1,-2.810792685E0,-5.339069963E-1,1.234689808E1
6.626313812E1,-2.664746523E0,-4.788403511E-1,1.095107841E1
6.628312714E1,-2.245761156E0,-3.854664862E-1,1.041717148E1
6.630311615E1,-2.434903145E0,-2.442085743E-1,9.579200745E0
6.632310517E1,-3.361459255E0,-2.274491638E-1,9.847352028E0
6.634309418E1,-3.043030262E0,-1.604115069E-1,9.588777542E0
6.636308319E1,-2.391807556E0,1.005564705E-1,8.372523308E0
6.638307221E1,-2.121262789E0,4.620809257E-1,7.548917770E0
6.640306122E1,-2.197877169E0,1.010353088E0,7.747636795E0
6.642305024E1,-2.035071373E0,1.233013868E0,7.860164165E0
6.644303925E1,-1.556231141E0,1.309628367E0,7.517793179E0
6.646302826E1,-1.455674648E0,1.244984865E0,6.926425457E0
6.648301728E1,-1.805228114E0,-3.758896589E-1,7.563282967E0
6.650300629E1,-1.395819545E0,1.757344007E0,7.455543995E0
6.652299530E1,-1.623268723E0,9.935936928E-1,7.460332394E0
6.654298432E1,-9.576807022E-1,1.453280449E0,7.850587368E0
6.656300385E1,-9.840168953E-1,1.400607944E0,7.012616634E0
6.658302338E1,-1.572990537E0,1.561019540E0,6.813898087E0
6.660301239E1,-1.441309452E0,1.575384736E0,6.967126846E0
6.662297089E1,-9.744400978E-1,1.716642618E0,7.364564419E0
6.664299042E1,-8.643068075E-1,1.939303398E0,7.390900612E0
6.666300995E1,-1.345541358E0,2.121262789E0,6.981492043E0
6.668299897E1,-1.651999116E0,2.331952572E0,7.151480675E0
6.670298798E1,-1.620874524E0,2.425326347E0,7.613561630E0
6.672303803E1,-1.177947283E0,2.655169725E0,8.846575737E0
6.674302704E1,-1.031900883E0,2.849100113E0,9.579200745E0
6.676304657E1,-1.620874524E0,2.717418909E0,9.009381294E0
6.678306610E1,-1.673547029E0,2.691082716E0,9.655815125E0
6.680308564E1,-1.283292055E0,2.578555346E0,1.070447540E1
6.682310517E1,-1.019929886E0,2.746149302E0,1.119528675E1
6.684309418E1,-8.499416113E-1,2.628833532E0,1.152089882E1
6.686308319E1,-1.268926859E-1,2.545036316E0,1.155681133E1
6.688310272E1,3.375824392E-1,2.408566952E0,1.065419769E1
6.690312226E1,7.661445439E-2,1.939303398E0,1.010353088E1
6.692311127E1,-4.141969085E-1,1.302445769E0,1.141794777E1
6.694310028E1,-1.268926859E-1,1.146822572E0,1.312261963E1
6.696308930E1,4.165911078E-1,1.149216771E0,1.244266605E1
6.698307831E1,2.561795712E-1,1.314416766E0,9.746794701E0
6.700309784E1,-7.182605099E-3,1.467645645E0,7.936778545E0
6.702311737E1,-2.202665508E-1,1.582567334E0,8.456320763E0
6.704310639E1,2.561795712E-1,1.470039845E0,9.476250648E0
6.706309540E1,9.169792533E-1,1.553836942E0,9.600749016E0
6.708308441E1,1.034295082E0,1.450886250E0,8.006210327E0
6.710307343E1,6.320692301E-1,1.575384736E0,6.675034523E0
6.712312348E1,1.125274822E-1,1.788468719E0,6.224924564E0
6.714311249E1,8.858546615E-2,1.946485996E0,7.323863029E0
6.716313202E1,2.489969730E-1,1.975216389E0,7.721300602E0
6.718315155E1,1.316810995E-1,1.865083098E0,7.663839817E0
6.720314057E1,-4.405331016E-1,1.941697598E0,6.550535679E0
6.722316010E1,-5.171475410E-1,2.248155355E0,6.481103897E0
6.724314911E1,-3.926490843E-1,2.432508945E0,7.132327080E0
6.726313812E1,-3.950432837E-1,2.535459518E0,8.257601738E0
6.728318817E1,-1.460463107E-1,2.738966703E0,8.482656479E0
6.730317719E1,2.633621991E-1,2.829946518E0,8.202534676E0
6.732316620E1,2.729389966E-1,3.043030262E0,8.097189903E0
6.734315522E1,1.268926859E-1,3.112462282E0,8.599972725E0
6.736314423E1,6.464344263E-2,3.081337690E0,9.521739960E0
6.738313324E1,1.532289088E-1,3.066972494E0,1.017296314E1
6.740315277E1,3.351882473E-2,3.105279684E0,9.514557838E0
6.742317231E1,-2.513911724E-1,3.141192675E0,9.495404243E0
6.744319184E1,-4.357447028E-1,3.241749048E0,1.034534550E1
6.746321137E1,-3.064578176E-1,3.083731890E0,1.116895103E1
6.748320038E1,-4.955997467E-1,2.810792685E0,1.153286934E1
6.750315888E1,-7.661445141E-1,2.394201756E0,1.142273617E1
6.752317841E1,-1.326387763E0,2.482787132E0,1.041238308E1
6.754319794E1,-1.819593310E0,1.762132406E0,1.061110210E1
6.756318695E1,-1.781286120E0,1.307234168E0,1.195664310E1
6.758314545E1,-1.929726601E0,9.385270476E-1,1.226549530E1
6.760313446E1,-2.446874142E0,8.978256583E-1,1.117373943E1
6.762315400E1,-2.925714493E0,8.259995580E-1,1.009634876E1
6.764314301E1,-2.580949545E0,9.361328483E-1,1.015141487E1
6.766313202E1,-2.458845139E0,8.810662031E-1,9.871294022E0
6.768312104E1,-2.243366957E0,8.930372596E-1,1.004607010E1
6.770311005E1,-2.439691544E0,8.834604025E-1,9.466673851E0
6.772306854E1,-2.614468336E0,9.504981041E-1,8.255207062E0
6.774308808E1,-2.667140722E0,1.039083481E0,7.510610580E0
6.776307709E1,-2.319981337E0,1.151610970E0,7.582436562E0
6.778306610E1,-1.903390408E0,1.240196466E0,8.489839554E0
6.780305512E1,-1.594538331E0,1.067813993E0,7.445967197E0
6.782304413E1,-3.122039080E0,1.728613615E0,4.611232281E0
6.784303314E1,-2.559401512E0,1.663970232E0,8.331821442E0
6.786302216E1,-2.861071110E0,1.874659896E0,8.456320763E0
6.788301117E1,-2.401384354E0,1.956062794E0,9.375694275E0
6.790300019E1,-2.686294317E0,1.642422318E0,7.888894558E0
6.792301972E1,-3.555389643E0,2.114080191E0,4.848258495E0
