"Time (s)","Acceleration x (m/s^2)","Acceleration y (m/s^2)","Acceleration z (m/s^2)"
1.856693700E-2,-8.835497499E-1,4.558327198E0,8.392825127E0
3.867797800E-2,-3.236292601E0,5.128417015E0,1.023649502E1
5.878896800E-2,-2.227119684E0,5.201398373E0,8.187641144E0
7.890000900E-2,-1.257428288E0,5.079962254E0,6.869195461E0
9.901099900E-2,-7.950153351E-1,4.837090969E0,7.533802032E0
1.191220410E-1,-6.388836503E-1,4.768895626E0,8.649456024E0
1.392330300E-1,-6.131607890E-1,4.849653244E0,8.940183640E0
1.593440720E-1,-4.163511395E-1,4.936991215E0,8.630910873E0
1.794550620E-1,-1.363908947E-1,4.787439823E0,8.522636414E0
1.995661030E-1,-3.284149170E-1,4.742574692E0,8.709874153E0
2.196770930E-1,-8.045865893E-1,4.949553490E0,8.823533058E0
2.397881340E-1,-9.840483069E-1,5.131408215E0,8.825327873E0
2.598991240E-1,-1.038485050E0,5.389235020E0,8.608179092E0
2.800101140E-1,-9.355936646E-1,5.467599869E0,8.988039970E0
3.001211550E-1,-6.047859192E-1,5.458626747E0,9.812965393E0
3.202321450E-1,-2.584248483E-1,5.734399319E0,1.012403297E1
3.403431870E-1,-5.300102234E-1,5.871986866E0,1.046022415E1
3.604541760E-1,-1.250249863E0,5.105685234E0,1.195454216E1
3.805652180E-1,-2.321636200E0,4.996213913E0,1.279561901E1
4.006762070E-1,-3.832703590E0,6.719046116E0,1.244267750E1
4.207872490E-1,-3.086741209E0,6.658627033E0,1.222014523E1
4.408982390E-1,2.243271172E-1,4.634897232E0,1.199342537E1
4.610092280E-1,2.779263496E0,3.272184849E0,1.261436272E1
4.811202700E-1,3.060420275E0,3.549752474E0,1.225962639E1
5.012312590E-1,1.912463546E0,3.976273060E0,1.136172009E1
5.213423010E-1,-3.194418252E-1,3.669393539E0,1.119003487E1
5.414532910E-1,-2.089532375E0,3.125624657E0,1.135932732E1
5.615642800E-1,-2.962314367E0,2.684148788E0,1.158485126E1
5.816753220E-1,-3.037688255E0,2.669193745E0,1.016351414E1
6.017863120E-1,-2.717648268E0,2.957528830E0,8.203194618E0
6.218973530E-1,-2.303091764E0,3.247658491E0,6.719046116E0
6.420083430E-1,-1.562513232E0,3.254238844E0,5.760720730E0
6.621193320E-1,-7.453642488E-1,2.823530674E0,6.075974941E0
6.822303740E-1,-4.618147612E-1,2.456830740E0,7.791030407E0
7.023413640E-1,-7.932206988E-1,2.416152716E0,9.494122505E0
7.224524050E-1,-1.452443361E0,2.748156786E0,9.929615974E0
7.425633950E-1,-1.804188251E0,3.277568817E0,8.424530029E0
7.626743840E-1,-1.756929994E0,3.695714474E0,6.186643124E0
7.827854260E-1,-1.573879123E0,3.754936934E0,5.599802971E0
8.028964160E-1,-1.474576950E0,3.568296671E0,6.510870457E0
8.230074050E-1,-1.132403374E0,3.186641455E0,7.558926582E0
8.431184470E-1,-4.989035130E-1,2.769692183E0,8.135597229E0
8.632294370E-1,-1.962114573E-1,2.636890650E0,8.513064384E0
8.833404260E-1,-3.667000830E-1,2.927618504E0,8.065009117E0
9.034514680E-1,-2.446661144E-1,3.038884640E0,7.558328629E0
9.235624570E-1,-8.973085321E-3,3.233899832E0,6.826723099E0
9.436734990E-1,-2.919243574E-1,3.878765583E0,6.318846226E0
9.637844890E-1,-9.690931439E-1,4.469194412E0,8.063214302E0
9.838954780E-1,-1.218544960E0,4.651049137E0,1.136710358E1
1.004006468E0,-4.223332107E-1,5.044668198E0,1.099561787E1
1.024117509E0,9.343972206E-1,5.052444935E0,9.422935486E0
1.044228499E0,1.649851203E0,4.703093052E0,1.051944637E1
1.064339489E0,1.493719578E0,3.736392498E0,1.250608730E1
1.084450530E0,2.578266263E-1,3.251846075E0,1.204487133E1
1.104561520E0,-1.519442320E0,3.751945972E0,9.154341698E0
1.124672509E0,-2.586641312E0,3.914059639E0,8.289934158E0
1.144783551E0,-2.258824587E0,3.138785124E0,1.140718365E1
1.164894541E0,-7.489534616E-1,1.966900229E0,1.343450260E1
1.185005530E0,2.548356056E-1,1.797608018E0,1.132343483E1
1.205116572E0,8.811569214E-1,2.440679073E0,8.280961037E0
1.225227562E0,8.769695163E-1,2.865405083E0,8.140382767E0
1.245338551E0,6.089733839E-1,2.863012314E0,8.835497856E0
1.265449593E0,3.619144261E-1,2.944966555E0,8.782257080E0
1.285560582E0,-2.632105052E-1,3.136392355E0,9.229715347E0
1.305671572E0,-1.533201098E0,3.476771355E0,1.010847950E1
1.325782562E0,-1.080957651E0,3.119642496E0,1.013898754E1
1.345893603E0,1.645065546E-1,2.657229662E0,8.910273552E0
1.366004593E0,5.796613097E-1,2.772683144E0,7.664210796E0
1.386115582E0,8.027920127E-1,2.988037348E0,7.811967850E0
1.406226572E0,8.422735929E-1,2.924029350E0,9.321240425E0
1.426337614E0,8.494520187E-1,2.978466034E0,8.871390343E0
1.446448603E0,8.907282352E-1,3.257229805E0,7.138388157E0
1.466559593E0,4.354937077E-1,3.965505362E0,6.025127411E0
1.486670634E0,-5.970092416E-1,4.753940582E0,6.827919483E0
1.506781624E0,-6.735795736E-1,4.811367989E0,8.505886078E0
1.526892614E0,5.832505226E-1,4.024129391E0,1.010429192E1
1.547003603E0,1.084546804E0,3.579064369E0,1.083589745E1
1.567114645E0,6.699903309E-2,4.396811485E0,9.391230583E0
1.587225634E0,-5.335994363E-1,5.144568920E0,8.469993591E0
1.607336624E0,2.452643216E-1,4.634897232E0,1.024367332E1
1.627447614E0,9.469595551E-1,3.590430260E0,1.217587757E1
1.647558603E0,7.010970116E-1,3.276970625E0,1.156092262E1
1.667669645E0,-4.079762697E-1,3.260818958E0,1.037886810E1
1.687780634E0,-1.731207132E0,3.390031576E0,1.001575756E1
1.707891624E0,-2.049452543E0,3.655634880E0,8.851649284E0
1.728002614E0,-1.165902853E0,3.520440340E0,7.360920429E0
1.748113603E0,-5.300102234E-1,3.079562664E0,8.513663292E0
1.768224645E0,4.366901144E-2,1.724626899E0,1.108714390E1
1.788335634E0,-7.310073376E-1,1.545165181E0,1.058943653E1
1.808446624E0,-1.720439434E0,2.548954248E0,8.105687141E0
1.828557614E0,-2.734398127E0,3.511467218E0,7.228717327E0
1.848668655E0,-3.984647989E0,4.095914364E0,8.037490845E0
1.868779645E0,-4.280759811E0,4.181457520E0,9.475577354E0
1.888890634E0,-2.846262455E0,3.518047571E0,1.020479012E1
1.909001624E0,-1.557129383E0,3.173480988E0,9.805189133E0
1.929112614E0,-1.246062398E0,3.170490026E0,9.544371605E0
1.949223655E0,-1.225125194E0,3.062214851E0,9.869196892E0
1.969334645E0,-7.818548083E-1,2.576471806E0,1.067916775E1
1.989445634E0,-8.033902049E-1,2.340180635E0,1.065643597E1
2.009556624E0,-1.525424480E0,2.769692183E0,9.537193298E0
2.029667614E0,-1.312463164E0,2.916252613E0,7.995018482E0
2.049778603E0,-4.689932466E-1,2.751745939E0,7.094120979E0
2.069889645E0,5.383851007E-2,2.748156786E0,7.299305439E0
2.090000634E0,-1.716850251E-1,3.040081263E0,7.618747234E0
2.110111624E0,-6.376872063E-1,3.373879910E0,8.635697365E0
2.130222614E0,-1.507478207E-1,3.192025423E0,9.862616539E0
2.150333603E0,3.678964674E-1,3.146561861E0,9.118449211E0
2.170444593E0,1.328016520E-1,3.780659676E0,8.080561638E0
2.190555634E0,-1.369891018E-1,4.178466320E0,7.871190071E0
2.210666624E0,-3.924229145E-1,4.383651257E0,8.306683540E0
2.230777614E0,-9.212367237E-2,4.393820763E0,8.895915985E0
2.250888603E0,8.201399446E-1,4.218546391E0,9.821340561E0
2.270999593E0,1.171884894E0,4.153940201E0,1.125105190E1
2.291110582E0,6.358926296E-1,4.412364960E0,1.287577820E1
2.311221572E0,1.302891970E0,4.156930923E0,1.284766293E1
2.331332614E0,2.643470764E0,3.752544165E0,1.102433205E1
2.351443603E0,3.424727440E0,3.296711445E0,1.058883858E1
2.371554593E0,3.381058455E0,2.800798893E0,1.163330555E1
2.391665582E0,2.519043922E0,2.800200701E0,1.148973656E1
2.411776572E0,1.418943882E0,3.188436270E0,9.879964828E0
2.431887562E0,6.245267391E-1,3.630510092E0,8.348558426E0
2.451998551E0,1.603191197E-1,3.645465374E0,7.840681553E0
2.472109541E0,2.123630047E-1,3.101696253E0,8.711668968E0
2.492220530E0,3.810569942E-1,2.256431818E0,1.072582722E1
2.512331572E0,1.686939895E-1,1.809572101E0,1.161595726E1
2.532442562E0,-4.701896608E-1,2.145763636E0,1.016949654E1
2.552553551E0,-1.124626637E0,2.808575630E0,7.610970497E0
2.572664541E0,-1.149153113E0,2.998206854E0,6.885347366E0
2.592775530E0,-4.396811724E-1,2.503490686E0,8.087141991E0
2.612886520E0,1.537388563E-1,2.305484533E0,8.193024635E0
2.632997509E0,4.121637046E-1,2.582453728E0,7.001399040E0
2.653108499E0,4.881358147E-1,3.119044304E0,6.440282345E0
2.673219489E0,1.484148264E0,2.936591625E0,8.289934158E0
2.693330478E0,1.766501307E0,2.315654039E0,1.061037350E1
2.713441468E0,7.058826685E-1,2.828316450E0,1.009172916E1
2.733552509E0,-1.645065546E-1,3.815953970E0,8.655437469E0
2.753663499E0,-8.889335990E-1,4.051646709E0,1.028315544E1
2.773774489E0,-1.033699393E0,3.521038532E0,1.350808239E1
2.793885478E0,2.536391914E-1,2.327019930E0,1.564786339E1
2.813996468E0,2.309073806E-1,2.365305185E0,1.315932846E1
2.834107457E0,-1.272981644E0,3.266801119E0,1.006181908E1
2.854218447E0,-2.219342947E0,3.728017569E0,8.564510345E0
2.874329437E0,-1.966302037E0,3.335594654E0,8.867202759E0
2.894440426E0,-1.263410330E0,2.877369165E0,9.107083321E0
2.914551416E0,-7.334001660E-1,2.903690338E0,8.146963120E0
2.934662405E0,-7.226324677E-1,3.181855917E0,7.315456867E0
2.954773395E0,-8.548358679E-1,3.177668571E0,7.747361660E0
2.974884384E0,-8.656035662E-1,2.980858803E0,9.105288506E0
2.994995374E0,-8.530412912E-1,3.072384357E0,9.870393753E0
3.015106364E0,-4.815555513E-1,3.330809116E0,9.180064201E0
3.035217405E0,6.305087805E-1,3.173480988E0,7.806583881E0
3.055328395E0,9.990034699E-1,3.296113253E0,7.039684296E0
3.075439384E0,-2.213360965E-1,3.701696634E0,7.945367813E0
3.095550374E0,-1.431506157E0,4.055834293E0,8.807381630E0
3.115661364E0,-1.691127419E0,4.051646709E0,8.891729355E0
3.135772353E0,-1.721037745E0,3.923630953E0,8.945567131E0
3.155883343E0,-1.709671736E0,3.873381615E0,9.570692062E0
3.175994332E0,-1.557727575E0,3.848257065E0,9.879964828E0
3.196105322E0,-1.125823021E0,3.815953970E0,9.600004196E0
3.216216312E0,-1.423131227E0,3.714857101E0,1.006361389E1
3.236327301E0,-2.341377020E0,3.591626883E0,1.055474091E1
3.256438291E0,-2.798406124E0,3.622733593E0,1.071506023E1
3.276549280E0,-2.655434847E0,4.103092670E0,1.037049294E1
3.296660270E0,-1.369890928E0,4.831109047E0,8.992227554E0
3.316771259E0,4.408775866E-1,5.205585480E0,8.059026718E0
3.336882249E0,1.935195327E0,4.686343193E0,9.348757744E0
3.356993239E0,2.584846735E0,3.825525284E0,1.134556866E1
3.377104228E0,2.663211584E0,3.281756163E0,1.193061352E1
3.397215218E0,2.142772675E0,3.336193085E0,1.024965572E1
3.417326207E0,8.811569214E-1,4.068396568E0,8.675178528E0
3.437437197E0,6.197410822E-1,4.032504559E0,7.794619560E0
3.457548187E0,6.945167780E-1,3.830909014E0,7.252047062E0
3.477659176E0,4.923232496E-1,3.824328899E0,6.862615108E0
3.497770166E0,1.866401732E-1,4.129413605E0,6.386443615E0
3.517881155E0,1.022931710E-1,4.303491592E0,5.845067501E0
3.537992145E0,6.173482537E-1,3.993022680E0,6.049654007E0
3.558103134E0,1.067797065E0,3.309273720E0,8.429914474E0
3.578214124E0,1.162313581E0,2.708675146E0,1.117866898E1
3.598325114E0,1.064207911E0,2.670390129E0,1.127498055E1
3.618436103E0,1.337587833E0,2.901895761E0,9.146564484E0
3.638547093E0,1.816152334E0,3.152543783E0,7.821538925E0
3.658658082E0,1.835294962E0,3.371487141E0,8.155936241E0
3.678769072E0,1.503290772E0,3.451048374E0,9.005388260E0
3.698880062E0,1.150349498E0,3.402593851E0,9.729216576E0
3.718991051E0,7.208378315E-1,3.725026608E0,9.036494255E0
3.739102041E0,-2.847459018E-1,4.240679741E0,7.466803074E0
3.759213030E0,-6.538388133E-1,4.089931965E0,7.874779224E0
3.779323968E0,1.854437590E-2,3.391227961E0,9.942776680E0
3.799434957E0,6.245267391E-1,2.995813847E0,1.089392376E1
3.819545947E0,8.231309652E-1,3.199203968E0,1.041296577E1
3.839656937E0,6.963114142E-1,3.726222992E0,9.100502968E0
3.859767926E0,2.656033039E-1,3.685544968E0,9.083154678E0
3.879878916E0,-6.442674994E-1,3.211766243E0,1.134556866E1
3.899989905E0,-9.649057388E-1,2.641676188E0,1.350927830E1
3.920100895E0,-8.093722463E-1,2.507678032E0,1.331845093E1
3.940211884E0,-3.619144261E-1,3.234498024E0,1.070369434E1
3.960322874E0,1.668993831E-1,3.669393539E0,8.531010628E0
3.980433864E0,2.566302419E-1,3.754936934E0,7.629515171E0
4.000544853E0,-1.537388563E-1,3.357130051E0,8.704490662E0
4.020655843E0,-1.021137118E0,3.205185890E0,9.605388641E0
4.040766832E0,-1.922633052E0,3.434896946E0,8.936594009E0
4.060877822E0,-2.682952404E0,4.201198578E0,7.951947689E0
4.080988812E0,-2.233101845E0,4.106681824E0,9.065806389E0
4.101099801E0,-5.551348329E-1,2.997608662E0,1.065404320E1
4.121210791E0,5.748756528E-1,2.183450699E0,1.089631653E1
4.141321728E0,1.600200176E0,2.335993052E0,8.065009117E0
4.161432770E0,1.716850281E0,3.196212769E0,5.624927998E0
4.181543707E0,7.537391186E-1,4.012165546E0,5.706283569E0
4.201654697E0,-7.190431952E-1,4.603192329E0,7.604988575E0
4.221765687E0,-1.642074585E0,4.866403103E0,9.140582085E0
4.241876676E0,-1.134796143E0,4.718646049E0,9.967901230E0
4.261987666E0,-2.159522474E-1,4.345963955E0,1.102493000E1
4.282098655E0,6.376872063E-1,3.993621111E0,1.101177025E1
4.302209645E0,2.027917147E0,3.448057413E0,1.007079220E1
4.322320634E0,3.277568817E0,3.304488182E0,8.727820396E0
4.342431624E0,3.765704632E0,3.372085333E0,7.092326164E0
4.362542614E0,2.948555708E0,3.591028690E0,6.086742401E0
4.382653603E0,1.354337573E0,4.006183147E0,6.346364021E0
4.402764541E0,1.944168359E-1,3.436691523E0,9.619147301E0
4.422875530E0,3.678964674E-1,2.298306227E0,1.371506119E1
4.442986520E0,1.057627559E0,1.924427629E0,1.433898926E1
4.463097509E0,9.948160052E-1,2.983849764E0,1.038544846E1
4.483208499E0,8.769695163E-1,3.943371773E0,6.968497753E0
4.503319489E0,7.381857634E-1,3.967898130E0,6.943971157E0
4.523430478E0,4.719842672E-1,3.291327477E0,8.723632812E0
4.543541468E0,7.956135273E-2,3.038286448E0,1.022213840E1
4.563652457E0,-3.840480447E-1,3.092723370E0,1.080838013E1
4.583763447E0,-4.707878530E-1,3.345165968E0,9.825528145E0
4.603874384E0,1.698904037E-1,3.238685369E0,8.379665375E0
4.623985374E0,9.337990284E-1,3.126222849E0,7.810771465E0
4.644096364E0,1.541576028E0,3.228515863E0,7.740182877E0
4.664207353E0,1.280758262E0,3.598206997E0,7.176673412E0
4.684318343E0,6.083751321E-1,3.732803345E0,7.540382385E0
4.704429332E0,1.938186288E-1,3.604189157E0,8.989834785E0
4.724540322E0,3.607180119E-1,3.262613773E0,9.784850121E0
4.744651312E0,6.460621357E-1,3.262613773E0,9.548559189E0
4.764762249E0,3.900300860E-1,3.754936934E0,8.863613129E0
4.784873239E0,1.674975827E-2,4.174877167E0,8.855836868E0
4.804984228E0,-8.075776696E-2,4.007977962E0,9.596415520E0
4.825095218E0,-4.127619043E-2,3.575475216E0,1.041835022E1
4.845206207E0,-2.237289101E-1,3.474378586E0,1.074855900E1
4.865317197E0,-3.625126183E-1,3.631108284E0,1.052064323E1
4.885428187E0,-2.709871531E-1,3.478565931E0,1.065404320E1
4.905539124E0,-5.401797295E-1,3.025724173E0,1.108056355E1
4.925650114E0,-6.185446382E-1,2.670988321E0,1.183849049E1
4.945761103E0,-1.603191197E-1,2.415554523E0,1.165065384E1
4.965872093E0,2.572284341E-1,2.247458696E0,1.093878841E1
4.985983082E0,2.057827413E-1,2.346760750E0,1.001934624E1
5.006094072E0,-8.608179688E-1,2.828914642E0,8.956335068E0
5.026205062E0,-1.805384636E0,3.299104214E0,8.385048866E0
5.046316051E0,-1.628315806E0,3.031108141E0,8.282755852E0
5.066426989E0,-1.422533035E0,2.825325251E0,8.321639061E0
5.086537978E0,-9.421738982E-1,2.848057270E0,8.121838570E0
5.106648968E0,-2.644068897E-1,2.764906645E0,8.204390526E0
5.126759957E0,4.929214716E-1,2.407777786E0,8.993423462E0
5.146870947E0,7.932206988E-1,2.053041935E0,1.048893833E1
5.166981937E0,5.497509837E-1,2.102094650E0,1.134317589E1
5.187092874E0,2.255235314E-1,2.288136721E0,1.111406326E1
5.207203864E0,-1.782652885E-1,2.543570518E0,1.020299530E1
5.227314853E0,-8.039883971E-1,2.654836655E0,1.012522888E1
5.247425843E0,-1.417747378E0,2.914458036E0,9.477970123E0
5.267536832E0,-1.487139225E0,3.488137245E0,8.070392609E0
5.287647822E0,-6.005984545E-1,3.823730469E0,6.745965004E0
5.307758812E0,4.336991012E-1,3.743571043E0,6.932007313E0
5.327869749E0,1.190429255E-1,3.850649834E0,8.033304214E0
5.347980739E0,-4.181457460E-1,3.934398651E0,8.741579056E0
5.368091728E0,-9.655039310E-1,4.016951084E0,9.171689034E0
5.388202718E0,-1.031306505E0,3.676572084E0,1.163569832E1
5.408313707E0,-1.506880045E0,3.154936552E0,1.454477215E1
5.428424697E0,-2.345564365E0,3.069393158E0,1.425464249E1
5.448535634E0,-2.218744755E0,3.209971666E0,1.178166008E1
5.468646624E0,-3.942175210E-1,3.092723370E0,9.463613510E0
5.488757614E0,1.411765337E0,3.050250769E0,8.388039589E0
5.508868603E0,2.092523336E0,2.575275421E0,9.307481766E0
5.528979593E0,1.677966833E0,2.126621008E0,1.028614616E1
5.549090530E0,2.398804724E-1,2.448455811E0,1.048235798E1
5.569201520E0,-8.231309652E-1,2.893520832E0,9.792028427E0
5.589312509E0,-9.068797827E-1,2.905484915E0,9.568898201E0
5.609423499E0,-4.666004181E-1,2.362314224E0,1.018325520E1
5.629534489E0,5.324030295E-2,1.928016901E0,9.897911072E0
5.649645478E0,2.165504545E-1,1.920240164E0,8.832506180E0
5.669756416E0,-3.649054468E-2,2.057229280E0,7.875377655E0
5.689867405E0,-4.618147612E-1,1.772483349E0,8.069195747E0
5.709978395E0,-6.107679605E-1,1.919043779E0,8.082955360E0
5.730089384E0,1.567298770E-1,2.220539331E0,7.029514790E0
5.750200322E0,1.223928809E0,2.564507723E0,7.362715244E0
5.770311312E0,1.581057549E0,2.792423964E0,9.605986595E0
5.790422301E0,1.418943882E0,3.126821041E0,1.060678482E1
5.810533291E0,9.302098155E-1,3.481556892E0,8.748159409E0
5.830644280E0,4.462614357E-1,3.597010612E0,6.783652306E0
5.850755270E0,3.511467278E-1,3.024527788E0,6.006583214E0
5.870866207E0,2.027917206E-1,2.048256159E0,8.842078209E0
5.890977197E0,-1.285543919E0,1.327418327E0,1.299661636E1
5.911088187E0,-2.629113913E0,1.843669891E0,1.434915924E1
5.931199176E0,-2.264208317E0,2.445464849E0,1.173799133E1
5.951310166E0,-1.486541033E0,2.491526604E0,9.542576790E0
5.971421103E0,-9.433703423E-1,2.768495798E0,7.573283672E0
5.991532093E0,4.055834413E-1,2.626721144E0,7.241279602E0
6.011643082E0,1.231705427E0,2.112862349E0,9.095118523E0
6.031754072E0,3.284149170E-1,2.097309113E0,1.157049370E1
6.051865009E0,-6.562315822E-1,2.653042078E0,1.121635628E1
6.071975999E0,-7.549355626E-1,3.106482029E0,8.834898949E0
6.092086989E0,-9.714859724E-1,3.293122053E0,7.337590694E0
6.112197978E0,-1.152144074E0,3.047259569E0,8.589634895E0
6.132308968E0,-1.052842021E0,2.525026083E0,1.082991505E1
6.152419905E0,-1.387837172E0,2.599203587E0,1.132642555E1
6.172530895E0,-1.602592945E0,3.123830080E0,8.969495773E0
6.192641884E0,-1.362114310E0,3.233301640E0,7.978867054E0
6.212752874E0,-1.374078393E0,3.183052301E0,8.587840080E0
6.232863812E0,-1.178465128E0,3.022733212E0,9.044869423E0
6.252974801E0,-9.409775138E-1,3.038884640E0,9.059226990E0
6.273085791E0,-7.920243144E-1,3.102892876E0,9.347561836E0
6.293196780E0,-6.789634228E-1,3.211168051E0,9.104091644E0
6.313307770E0,-6.448656917E-1,3.321835995E0,8.450253487E0
6.333418707E0,-3.960121572E-1,3.412165165E0,9.055039406E0
6.353529697E0,-2.392822690E-2,3.238685369E0,1.096630573E1
6.373640687E0,4.683950245E-1,3.084348440E0,1.172124195E1
6.393751624E0,6.813562512E-1,3.085544825E0,1.124447155E1
6.413862614E0,3.732803464E-1,2.975475073E0,1.056132126E1
6.433973603E0,-3.912265003E-1,3.189632654E0,1.050867844E1
6.454084593E0,-6.999006271E-1,3.507279873E0,9.463015556E0
6.474195582E0,-7.316055298E-1,4.170690060E0,8.093124390E0
6.494306520E0,-3.948157281E-2,4.057030678E0,9.080163956E0
6.514417509E0,9.553344250E-1,3.279363394E0,1.111825085E1
6.534528499E0,1.956132531E0,2.688934565E0,1.139402294E1
6.554639489E0,2.216351986E0,2.574677229E0,1.014975548E1
6.574750426E0,1.560718536E0,2.718246460E0,8.591429710E0
6.594861416E0,1.190429255E-1,2.788834810E0,8.255836487E0
6.614972405E0,-1.371685624E0,3.107080221E0,8.665008545E0
6.635083395E0,-1.663011789E0,3.360719442E0,8.656036377E0
6.655194332E0,-1.272383451E0,3.705883980E0,7.963912010E0
6.675305322E0,-4.289134443E-1,3.662813187E0,7.457829952E0
6.695416312E0,-6.622136831E-1,3.276970625E0,7.447660446E0
6.715527249E0,-8.913264275E-1,2.758326292E0,7.658228874E0
6.735638239E0,-2.386840582E-1,2.127817631E0,9.250054359E0
6.755749228E0,5.856433511E-1,1.439282775E0,1.197846985E1
6.775860218E0,4.546363056E-1,1.436291814E0,1.274836063E1
6.795971155E0,-2.937189937E-1,2.221735716E0,1.035852909E1
6.816082145E0,-6.813562512E-1,2.966501951E0,7.511668682E0
6.836193134E0,-6.017948985E-1,3.093321562E0,6.441478729E0
6.856304124E0,-1.788634956E-1,2.568695068E0,7.839485168E0
6.876415062E0,-6.340979785E-2,2.160718918E0,1.002712345E1
6.896526051E0,-4.289134443E-1,2.245065928E0,1.164108181E1
6.916637041E0,-1.074975610E0,2.934797049E0,1.158664513E1
6.936748030E0,-9.924231768E-1,3.393620729E0,9.939187050E0
6.956858968E0,-5.682953596E-1,3.463610888E0,9.043673515E0
6.976969957E0,-2.967100143E-1,3.083750248E0,9.731609344E0
6.997080947E0,-3.481557071E-1,2.398206472E0,1.276929760E1
7.017191937E0,-2.572284341E-1,1.750349760E0,1.479601860E1
7.037302874E0,-1.304088384E-1,1.964507341E0,1.250608730E1
7.057413864E0,-3.170489967E-1,2.734996319E0,8.507680893E0
7.077524853E0,-8.285148144E-1,3.396013498E0,6.483353138E0
7.097635791E0,-1.083350420E0,3.541975737E0,6.402595043E0
7.117746780E0,-9.870393276E-1,3.110669374E0,7.694719315E0
7.137857770E0,-9.272187948E-1,2.857030153E0,8.633303642E0
7.157968759E0,-7.387840152E-1,2.933002472E0,8.575278282E0
7.178079697E0,-2.847459018E-1,3.002394199E0,8.404789925E0
7.198190687E0,2.452643216E-1,2.783450842E0,8.953344345E0
7.218301676E0,-4.127619043E-2,2.718246460E0,9.704092026E0
7.238412614E0,-5.802595019E-1,2.828316450E0,9.622138023E0
7.258523603E0,-1.229312658E0,3.329612732E0,8.099106789E0
7.278634593E0,-1.591227055E0,3.939184189E0,6.799205780E0
7.298745582E0,-1.357926846E0,4.201796532E0,7.003193855E0
7.318856520E0,-9.984052777E-1,4.242474556E0,7.272386074E0
7.338967509E0,-1.332802176E0,4.508078098E0,7.480561733E0
7.359078499E0,-2.213959217E0,4.752145767E0,7.804789066E0
7.379189437E0,-2.367099762E0,4.548157692E0,9.494720459E0
7.399300426E0,-2.232503414E0,4.276572227E0,1.134018517E1
7.419411416E0,-1.773679733E0,4.118646145E0,1.200897884E1
7.439522405E0,-6.454638839E-1,3.931407690E0,1.121037388E1
7.459633343E0,-6.819544733E-2,3.871587038E0,1.030229759E1
7.479744332E0,2.213360965E-1,3.721437454E0,9.613762856E0
7.499855322E0,1.657029688E-1,3.528217077E0,7.604390144E0
7.519966259E0,-1.004985496E-1,3.658625841E0,6.375077724E0
7.540077249E0,-5.790630579E-1,3.042474031E0,9.430712700E0
7.560188239E0,-9.487541914E-1,2.131406784E0,1.337587833E1
7.580299228E0,-6.299105883E-1,1.741974831E0,1.472004700E1
7.600410166E0,-3.038884699E-1,2.154138565E0,1.231884956E1
7.620521155E0,-2.991028428E-1,2.723032236E0,9.332008362E0
7.640632145E0,-1.908276081E-1,3.253640652E0,6.724429607E0
7.660743082E0,8.494520187E-2,3.405584812E0,5.912066460E0
7.680854072E0,-1.794617027E-1,3.347558975E0,7.039684296E0
7.700965062E0,-7.758727670E-1,3.178864956E0,9.036494255E0
7.721075999E0,-1.030110121E0,2.938386202E0,1.021196842E1
7.741186989E0,-7.328019142E-1,2.697309256E0,1.009531879E1
7.761297978E0,-2.219343036E-1,2.486740828E0,9.738788605E0
7.781408916E0,-5.982056726E-3,2.565105915E0,9.336195946E0
7.801519905E0,-1.238285750E-1,2.808575630E0,9.401998520E0
7.821630895E0,-2.590230405E-1,3.080759048E0,8.717052460E0
7.841741832E0,-6.269195080E-1,3.332603693E0,8.292326927E0
7.861852822E0,-6.616154313E-1,3.143570662E0,8.933603287E0
7.881963812E0,-4.654040039E-1,2.807977438E0,1.002413273E1
7.902074749E0,-3.176472187E-1,2.705684185E0,1.026341438E1
7.922185739E0,-7.902296782E-1,3.170490026E0,9.756733894E0
7.942296728E0,-7.830511928E-1,3.541975737E0,8.700901031E0
7.962407718E0,-2.566302419E-1,3.507279873E0,8.340781212E0
7.982518655E0,4.522434771E-1,3.141776085E0,9.037691116E0
8.002629645E0,3.266202807E-1,2.932404041E0,9.191430092E0
8.022740634E0,-3.870390654E-1,2.930011272E0,8.714659691E0
8.042851572E0,-1.138385415E0,2.653640270E0,9.913464546E0
8.062962562E0,-1.333998680E0,1.758724689E0,1.274895859E1
8.083073551E0,-1.164706469E0,1.408774376E0,1.362772274E1
8.103184489E0,-8.763712645E-1,1.942373753E0,1.123549843E1
8.123295478E0,-6.604190469E-1,2.654836655E0,7.887341499E0
8.143406468E0,-1.086939692E0,3.345764160E0,5.810371399E0
8.163517405E0,-1.752742529E0,3.498904943E0,5.840281963E0
8.183628395E0,-2.495713949E0,3.188436270E0,8.047660828E0
8.203739384E0,-2.825325251E0,2.771486759E0,1.019581699E1
8.223850322E0,-2.530410051E0,2.724826813E0,1.029332447E1
8.243961312E0,-2.156531334E0,2.987439156E0,8.415556908E0
8.264072301E0,-1.704886079E0,3.010170937E0,7.465008259E0
8.284183239E0,-1.600200176E0,2.883949518E0,8.918647766E0
8.304294228E0,-8.237292171E-1,2.255235434E0,1.057388306E1
8.324405218E0,-3.577269912E-1,2.062014818E0,1.028614616E1
8.344516155E0,-7.663014531E-1,2.513660192E0,9.173483849E0
8.364627145E0,-1.217348576E0,2.911466837E0,8.745168686E0
8.384738134E0,-1.469193101E0,3.115455151E0,8.949156761E0
8.404849072E0,-1.159322619E0,2.949752092E0,9.747162819E0
8.424960062E0,-4.061816335E-1,2.665604353E0,1.003131104E1
8.445071051E0,-4.426721856E-2,2.685943365E0,1.019462109E1
8.465181989E0,-1.950150430E-1,2.995813847E0,1.031366348E1
8.485292978E0,-3.068794906E-1,3.308675528E0,1.053619671E1
8.505403968E0,-3.218346536E-1,3.156731367E0,1.214297676E1
8.525514905E0,-1.286142170E-1,2.993421078E0,1.301695538E1
8.545625895E0,2.482553422E-1,3.092125177E0,1.096810055E1
8.565736884E0,-5.982056726E-3,3.275176048E0,8.732605934E0
8.585847822E0,-7.046862841E-1,3.068196774E0,9.388837814E0
8.605958812E0,-4.857429862E-1,1.554138303E0,1.316650677E1
8.626069749E0,1.674975827E-2,4.510470629E-1,1.616471291E1
8.646180739E0,-1.094716340E-1,9.200403094E-1,1.359900951E1
8.666291728E0,-7.926225066E-1,2.529811859E0,8.950352669E0
8.686402718E0,-1.062413216E0,3.605385542E0,5.880959988E0
8.706513655E0,-9.403793216E-1,3.957130432E0,5.292325497E0
8.726624645E0,-5.018945336E-1,3.122035265E0,7.470392227E0
8.746735582E0,-2.709871531E-1,2.480160713E0,9.565308571E0
8.766846572E0,1.190429255E-1,1.964507341E0,1.051226807E1
8.786957562E0,2.135594189E-1,2.028515339E0,1.004387283E1
8.807068499E0,1.884347796E-1,2.364108801E0,8.043473244E0
8.827179489E0,3.768695593E-1,2.539382935E0,6.535995007E0
8.847290478E0,-4.725824669E-2,2.852842808E0,7.156334400E0
8.867401416E0,-2.015953064E-1,2.854039192E0,7.546962738E0
8.887512405E0,3.056831062E-1,2.668595552E0,6.938587666E0
8.907623343E0,5.712863803E-1,2.545365095E0,7.934599876E0
8.927734332E0,7.860422134E-1,2.286342144E0,1.073719311E1
8.947845322E0,2.901297510E-1,2.602792740E0,1.117089272E1
8.967956259E0,-6.879365444E-2,3.406781197E0,8.495717049E0
8.988067249E0,2.679961324E-1,3.801596880E0,7.101897717E0
9.008178239E0,6.885347366E-1,3.568296671E0,8.190631866E0
9.028289176E0,4.001995921E-1,3.201596737E0,1.007139015E1
9.048400166E0,2.512463741E-2,3.443271875E0,1.069950676E1
9.068511155E0,-1.824527234E-1,3.994817495E0,9.413962364E0
9.088622093E0,-1.108475089E0,4.472185612E0,8.229515076E0
9.108733082E0,-2.229512453E0,4.592424870E0,8.950352669E0
9.128844020E0,-2.214557409E0,3.672982693E0,1.148136139E1
9.148955009E0,-1.629512191E0,2.301895380E0,1.519920921E1
9.169065999E0,-3.972085714E-1,1.283749342E0,1.630469322E1
9.189176937E0,2.195414752E-1,1.520040631E0,1.227817154E1
9.209287926E0,-2.225325108E-1,2.302493572E0,7.890332699E0
9.229398916E0,-1.360917926E0,2.961117983E0,6.319444656E0
9.249509853E0,-2.197807550E0,2.668595552E0,8.130212784E0
9.269620843E0,-2.171486616E0,2.169692039E0,1.016471100E1
9.289731832E0,-1.260419369E0,1.691127419E0,1.107876873E1
9.309842770E0,-4.378865361E-1,1.812563181E0,1.019162941E1
9.329953759E0,-1.028913707E-1,2.062613010E0,8.680562019E0
9.350064697E0,-1.136590764E-1,2.298904419E0,7.269993305E0
9.370175687E0,-3.116651475E-1,2.457428932E0,6.624529362E0
9.390286676E0,-7.549355626E-1,2.553141832E0,6.918248653E0
9.410397614E0,-1.097109199E0,2.672184706E0,8.035696983E0
9.430508603E0,-9.176474810E-1,2.756531715E0,8.414958954E0
9.450619541E0,-6.394818425E-1,2.916252613E0,8.085946083E0
9.470730530E0,-3.194418252E-1,3.245265722E0,7.758129120E0
9.490841520E0,3.457628787E-1,3.345764160E0,7.548757076E0
9.510952457E0,6.825526357E-1,3.329612732E0,7.811967850E0
9.531063447E0,6.113662124E-1,3.497110367E0,8.057829857E0
9.551174384E0,5.030909777E-1,3.458226919E0,8.575876236E0
9.571285374E0,-4.139583111E-1,3.692125320E0,9.530014038E0
9.591396364E0,-1.377667665E0,4.053441525E0,1.056790161E1
9.611507301E0,-1.310070395E0,4.412364960E0,1.045304585E1
9.631618291E0,-2.847459018E-1,4.098307133E0,9.351749420E0
9.651729228E0,-1.166501045E-1,3.750749588E0,9.487542152E0
9.671840218E0,-8.584251404E-1,3.557528973E0,1.063549805E1
9.691951207E0,-1.080957651E0,2.884547710E0,1.259462166E1
9.712062145E0,-6.293123364E-1,2.270190477E0,1.453221035E1
9.732173134E0,5.389832854E-1,1.800000787E0,1.454656696E1
9.752284072E0,6.945167780E-1,2.289931297E0,1.228176022E1
9.772395062E0,2.697907388E-1,2.847458839E0,1.019162941E1
9.792505999E0,-3.050848842E-1,3.271586657E0,8.629117012E0
9.812616989E0,-6.436693072E-1,3.293720484E0,7.823931694E0
9.832727978E0,-8.494520187E-1,3.218346357E0,7.395018578E0
9.852838916E0,-1.230509043E0,3.183650494E0,7.818548203E0
9.872949905E0,-1.254437327E0,3.034099102E0,7.864011765E0
9.893060895E0,-9.134600163E-1,2.879761934E0,7.161718369E0
9.913171832E0,-5.946164131E-1,2.741576433E0,6.685546398E0
9.933282822E0,-2.045863420E-1,2.606382132E0,6.732206345E0
9.953393759E0,3.750749528E-1,2.453241348E0,7.121040344E0
9.973504749E0,9.577272534E-1,2.432902336E0,7.511070251E0
9.993615687E0,1.019342422E0,2.589034081E0,8.359326363E0
1.001372668E1,6.789634228E-1,2.759522676E0,9.509675026E0
1.003383767E1,2.500499785E-1,2.988635540E0,9.958928108E0
1.005394860E1,4.145565331E-1,2.766103029E0,1.047996521E1
1.007405959E1,3.936193287E-1,2.754138947E0,1.061994553E1
1.009417053E1,8.554340899E-2,3.000001431E0,1.060618591E1
1.011428152E1,-3.445664644E-1,3.131008387E0,1.095852947E1
1.013439246E1,-8.207381964E-1,3.339782238E0,1.156570816E1
1.015450345E1,-7.824530005E-1,3.223132133E0,1.125284672E1
1.017461444E1,-6.915257573E-1,3.026920557E0,1.083290672E1
1.019472537E1,-1.168893814E0,2.818146944E0,1.144008541E1
1.021483636E1,-1.632503271E0,2.263610125E0,1.346082401E1
1.023494730E1,-1.613360643E0,1.565504193E0,1.505384541E1
1.025505829E1,-1.182652593E0,1.295713425E0,1.421336651E1
1.027516928E1,-7.663014531E-1,1.754537225E0,1.075035381E1
1.029528022E1,-6.113662124E-1,2.249253273E0,7.879564762E0
1.031539121E1,-8.201399446E-1,2.647658348E0,6.547959328E0
1.033550215E1,-9.589236975E-1,2.498106956E0,7.120441914E0
1.035561313E1,-1.127617717E0,2.120040894E0,8.581260681E0
1.037572407E1,-1.190429211E0,1.815554142E0,1.001456070E1
1.039583506E1,-1.182054400E0,1.804188251E0,1.035613632E1
1.041594600E1,-1.156331539E0,2.062014818E0,9.677771568E0
1.043605699E1,-9.320043921E-1,2.292922258E0,8.722436905E0
1.045616798E1,-5.952146053E-1,2.376072884E0,8.261817932E0
1.047627892E1,-1.549352705E-1,2.165504456E0,8.296514511E0
1.049638991E1,-2.452643216E-1,2.072782516E0,8.577073097E0
1.051650084E1,-4.935196638E-1,2.112264156E0,8.778668404E0
1.053661183E1,-8.602197170E-1,2.446063042E0,8.702097893E0
1.055672277E1,-1.184447169E0,2.974278450E0,8.212765694E0
1.057683376E1,-1.431506157E0,3.329612732E0,8.094919205E0
1.059694475E1,-1.564906001E0,3.507279873E0,8.368897438E0
1.061705569E1,-1.384846091E0,3.442673683E0,8.793622971E0
1.063716668E1,-1.051047325E0,3.278765202E0,8.973683357E0
1.065727761E1,-4.743770957E-1,2.947359324E0,9.830313683E0
1.067738860E1,-6.532405615E-1,2.773879766E0,1.138325596E1
1.069749954E1,-9.014959335E-1,2.895913601E0,1.221416283E1
1.071761053E1,-2.811566591E-1,2.824727058E0,1.076650524E1
1.073772147E1,1.022931710E-1,2.901297569E0,9.101698875E0
1.075783246E1,1.501496136E-1,2.533401012E0,1.000618649E1
1.077794345E1,1.896311939E-1,1.840678811E0,1.230628681E1
1.079805438E1,6.508477330E-1,1.313061476E0,1.275135231E1
1.081816537E1,3.439682424E-1,1.738983870E0,1.094536877E1
1.083827631E1,-8.279166222E-1,2.667398930E0,9.144171715E0
1.085838730E1,-1.101296663E0,3.110669374E0,7.945367813E0
1.087849824E1,-7.465606928E-1,2.887538671E0,7.105486870E0
1.089860923E1,-3.038884699E-1,2.589632273E0,7.319644451E0
1.091872017E1,6.352944374E-1,2.146960020E0,8.232506752E0
1.093883116E1,5.413761139E-1,1.962712765E0,9.693324089E0
1.095894209E1,1.878365725E-1,2.209173441E0,9.273982048E0
1.097905308E1,3.535395563E-1,2.324028969E0,8.217551231E0
1.099916407E1,3.230310678E-1,2.443071842E0,7.825128078E0
1.101927501E1,-2.679961324E-1,2.721237659E0,7.895118237E0
1.103938600E1,-3.290131092E-1,2.885145903E0,8.354539871E0
1.105949694E1,1.256231815E-1,2.723630428E0,8.395816803E0
1.107960793E1,2.428714931E-1,2.724228621E0,8.242077827E0
1.109971886E1,-5.294120312E-1,3.130410194E0,7.920242786E0
1.111982985E1,-8.075776696E-1,3.264408350E0,7.993822098E0
1.113994079E1,-3.631108403E-1,3.016152859E0,8.617152214E0
1.116005178E1,-2.344966233E-1,2.946761131E0,9.201599121E0
1.118016272E1,-5.084748268E-1,3.153141975E0,9.047860146E0
1.120027371E1,-3.966103494E-1,3.315854073E0,8.447261810E0
1.122038465E1,-6.801598072E-1,3.531208038E0,9.068199158E0
1.124049563E1,-7.238288522E-1,3.568296671E0,9.512666702E0
1.126060657E1,-5.593222976E-1,3.798605919E0,8.428119659E0
1.128071756E1,1.094716340E-1,3.590430260E0,7.953144073E0
1.130082850E1,7.896314859E-1,3.029911757E0,9.073583603E0
1.132093949E1,7.806583643E-1,2.696711063E0,9.808179855E0
1.134105043E1,3.014956415E-1,2.827120066E0,9.854840279E0
1.136116142E1,-1.956132501E-1,3.099303484E0,9.853643417E0
1.138127240E1,-7.519445419E-1,3.343969584E0,1.033160973E1
1.140138334E1,-9.870393276E-1,3.397808075E0,1.023170948E1
1.142149428E1,-7.938188910E-1,3.315255880E0,9.671789169E0
1.144160527E1,-1.473978758E0,3.854837179E0,8.925827026E0
1.147425434E1,-4.109672904E-1,4.473979950E0,8.566305161E0
1.149436522E1,-8.428717852E-1,4.607978344E0,9.256035805E0
1.151447611E1,-5.359922647E-1,4.312464714E0,8.752346992E0
1.153458694E1,1.435693651E-1,4.304687977E0,8.757730484E0
1.155469783E1,-8.973085135E-2,4.313661098E0,8.665607452E0
1.157480871E1,-7.812566161E-1,4.554139614E0,8.364111900E0
1.159491960E1,-1.472782373E0,4.840082169E0,8.048856735E0
1.161503048E1,-1.936391711E0,4.913661480E0,8.227720261E0
1.163514132E1,-2.167897224E0,4.884349346E0,8.209176064E0
1.165525220E1,-1.869392633E0,4.856233597E0,8.039285660E0
1.167536309E1,-1.183848977E0,4.612763882E0,8.480163574E0
1.169547397E1,-7.334001660E-1,4.463810444E0,9.076574326E0
1.171558481E1,-7.058826685E-1,4.572085857E0,9.345169067E0
1.173569569E1,-5.700899959E-1,4.667200565E0,9.429515839E0
1.175580658E1,-1.065404296E0,5.018945694E0,9.480961800E0
1.177591746E1,-1.573280931E0,5.386841774E0,9.883553505E0
1.179602835E1,-1.352542996E0,5.441876888E0,1.029272652E1
1.181613918E1,-4.977070987E-1,4.993820667E0,1.038843918E1
1.183625007E1,-6.831508875E-1,5.103890896E0,1.053978539E1
1.185636095E1,-1.791027784E0,5.453841209E0,1.090828037E1
1.187647179E1,-1.597209096E0,5.382056236E0,1.219322586E1
1.189658267E1,-9.200403094E-1,4.712066174E0,1.303131199E1
1.191669356E1,-9.840483069E-1,4.747958183E0,1.287757301E1
1.193680444E1,-1.735992789E0,4.913661480E0,1.211486149E1
1.195691528E1,-1.913659930E0,4.750350952E0,1.157169056E1
1.197702616E1,-1.591227055E0,3.994219303E0,1.135035419E1
1.199713705E1,-7.525427341E-1,3.063411236E0,1.123011494E1
1.201724788E1,-1.189831018E0,2.840280533E0,1.053021431E1
1.203735876E1,-2.201396942E0,3.022733212E0,9.428318977E0
1.205746965E1,-2.279761791E0,3.046063185E0,8.059026718E0
1.207758054E1,-2.269592285E0,2.926422119E0,7.634300709E0
1.209769137E1,-2.418545485E0,2.793022156E0,7.944769382E0
1.211780225E1,-2.449652195E0,2.660818815E0,7.813762188E0
1.213791314E1,-2.298904419E0,2.581855536E0,7.864609718E0
1.215802397E1,-1.716850281E0,2.452044964E0,8.238488197E0
1.217813486E1,-8.620143533E-1,2.103291035E0,9.317052841E0
1.219824574E1,-4.217349887E-1,2.126022816E0,9.809974670E0
1.221835658E1,-1.070788130E-1,2.193022013E0,9.268598557E0
1.223846746E1,-4.247260094E-2,2.152942181E0,8.262416840E0
1.225857835E1,-2.967100143E-1,2.273779631E0,7.783852100E0
1.227868918E1,-4.115654826E-1,2.245065928E0,7.721638680E0
1.229880007E1,-6.077769399E-1,2.377867460E0,7.861020565E0
1.231891095E1,-8.991031051E-1,2.701496840E0,7.992625713E0
1.233902178E1,-1.281954765E0,2.871387243E0,8.931210518E0
1.235913267E1,-1.846062660E0,2.970091105E0,9.784252167E0
1.237924356E1,-1.514058471E0,3.259024382E0,9.409176826E0
1.239935439E1,-8.673982024E-1,3.787838221E0,8.927620888E0
1.241946528E1,-4.474578202E-1,4.199403763E0,9.327820778E0
1.243957616E1,-3.708875179E-1,4.022933006E0,1.130548859E1
1.245968699E1,-3.523431420E-1,3.256631613E0,1.355234909E1
1.247979788E1,-3.343969584E-1,2.857628345E0,1.320239925E1
1.249990871E1,-2.033899166E-2,2.943770170E0,1.013958549E1
1.252001960E1,-4.701896608E-1,3.494717360E0,7.709076405E0
1.254013048E1,-1.412363529E0,3.800998688E0,7.660621643E0
1.256024132E1,-1.625923038E0,3.445066452E0,9.435498238E0
1.258035220E1,-8.039883971E-1,2.898306370E0,1.037647533E1
1.260046304E1,6.167500615E-1,2.624926329E0,9.967901230E0
1.262057392E1,1.724028707E0,2.744567633E0,8.687142372E0
1.264068481E1,1.910070658E0,2.819941521E0,8.222336769E0
1.266079564E1,1.165902853E0,3.338585854E0,8.883952141E0
1.268090653E1,6.789634228E-1,3.979862213E0,8.918049812E0
1.270101736E1,8.141579032E-1,3.830909014E0,8.562715530E0
1.272112824E1,6.418746710E-1,3.448655605E0,8.699705124E0
1.274123913E1,-7.507480979E-1,3.466601849E0,9.964311600E0
1.276134996E1,-1.356730461E0,3.274577856E0,9.298508644E0
1.278146085E1,-1.440479279E0,3.064607620E0,8.287541389E0
1.280157168E1,-5.144568682E-1,2.839682341E0,8.736793518E0
1.282168257E1,9.469595551E-1,2.448455811E0,9.049654961E0
1.284179340E1,1.430907965E0,2.380858421E0,8.743373871E0
1.286190429E1,1.016351461E0,2.439482689E0,8.382058144E0
1.288201517E1,5.270192027E-1,2.413759947E0,8.385048866E0
1.290212600E1,5.144568533E-2,2.453839540E0,8.662615776E0
1.292223689E1,-5.401797295E-1,2.955734253E0,8.918049812E0
1.294234772E1,-1.000798106E0,3.330210924E0,8.875576973E0
1.296245861E1,-1.131206870E0,3.369692564E0,8.802596092E0
1.298256944E1,-1.159920812E0,3.080759048E0,9.695717812E0
1.300268033E1,-1.135992527E0,2.914458036E0,1.008814049E1
1.302279116E1,-1.321436286E0,3.017947674E0,1.028375340E1
1.304290205E1,-1.374676585E0,3.123231649E0,1.115533924E1
1.306301288E1,-1.252642632E0,3.058625460E0,1.088973618E1
1.308312376E1,-8.626125455E-1,2.898904562E0,1.026939678E1
1.310323460E1,-2.632105052E-1,2.452643156E0,1.109432220E1
1.312334548E1,-5.688936114E-1,2.002194405E0,1.267657661E1
1.314345632E1,-7.686942816E-1,1.967498422E0,1.214836025E1
1.316356720E1,-7.004988194E-1,2.225923300E0,1.040100193E1
1.318367804E1,-6.915257573E-1,2.255235434E0,9.820742607E0
1.320378892E1,-4.821537733E-1,1.879562140E0,9.620942116E0
1.322389975E1,-4.863412082E-1,1.450648785E0,1.041476059E1
1.324401064E1,-9.804590940E-1,9.062815905E-1,1.240140152E1
1.326412147E1,-1.670190215E0,8.368897438E-1,1.279920864E1
1.328423236E1,-1.871785522E0,1.138983607E0,1.060439205E1
1.330434319E1,-1.535593987E0,1.658226132E0,7.833503246E0
1.332445408E1,-1.110269666E0,1.782652855E0,6.795018196E0
1.334456491E1,-5.060819983E-1,1.454836130E0,6.891329288E0
1.336467580E1,-1.968096644E-1,1.377069473E0,7.938189030E0
1.338478663E1,-1.152144074E0,1.591227055E0,8.782257080E0
1.340489751E1,-2.453241348E0,1.958525300E0,9.570094109E0
1.342500835E1,-2.267797709E0,1.974078655E0,8.754141808E0
1.344511923E1,-1.227517962E0,1.708475351E0,8.188837051E0
1.346523007E1,-8.512466550E-1,1.673181176E0,8.094321251E0
1.348534090E1,-2.297109663E-1,1.987239242E0,7.446464062E0
1.350545179E1,9.032905847E-2,2.126621008E0,7.712067604E0
1.352556262E1,-1.549352705E-1,2.154138565E0,9.262018204E0
1.354567350E1,-4.061816335E-1,2.376072884E0,9.940383911E0
1.356578434E1,-7.627122402E-1,3.007778168E0,1.001515961E1
1.358589522E1,-7.166503668E-1,3.353540897E0,1.104048347E1
1.360600606E1,-3.493520916E-1,2.947957516E0,1.191625690E1
1.362611689E1,9.810572863E-2,2.574079037E0,1.251087284E1
1.364622778E1,1.890329868E-1,2.207378864E0,1.268674564E1
1.366633861E1,2.261217386E-1,2.070389748E0,1.287996578E1
1.368644949E1,2.015953064E-1,1.999801517E0,1.159681511E1
1.370656033E1,1.010967568E-1,2.652443886E0,9.127422333E0
1.372667116E1,-1.178465188E-1,3.485146284E0,7.581060410E0
1.374678205E1,-4.319044948E-1,3.222533941E0,8.528617859E0
1.376689288E1,-6.388836503E-1,2.879761934E0,9.647262573E0
1.378700376E1,-5.623133183E-1,2.654238462E0,9.224929810E0
1.380711460E1,-7.405785918E-1,2.787638426E0,8.237890244E0
1.382722543E1,-7.423732281E-1,2.713460922E0,7.833503246E0
1.384733632E1,-5.282155871E-1,2.115255117E0,8.873783112E0
1.386744715E1,-6.131607890E-1,1.577468276E0,1.036570740E1
1.388755804E1,-1.064207911E0,1.471585870E0,1.106022453E1
1.390766887E1,-1.303490162E0,1.576870084E0,1.082393360E1
1.392777970E1,-9.726824164E-1,1.700698733E0,1.056610680E1
1.394789059E1,-2.333002090E-1,1.600798368E0,9.857233047E0
1.396800142E1,4.450650215E-1,1.539183140E0,8.880363464E0
1.398811225E1,8.009973764E-1,1.558923960E0,8.181060791E0
1.400822314E1,4.911268353E-1,1.692921996E0,8.158329010E0
1.402833397E1,-3.116651475E-1,1.907677889E0,8.449654579E0
1.404844486E1,-1.138385415E0,2.358724833E0,8.127222061E0
1.406855569E1,-1.157527924E0,2.220539331E0,8.481958389E0
1.408866652E1,-4.941178858E-1,1.264606714E0,1.024307537E1
1.410877741E1,6.161518395E-2,1.585244983E-1,1.194497108E1
1.412888824E1,-5.635097623E-1,3.487538993E-1,1.139222908E1
1.414899908E1,-2.015354872E0,2.076970100E0,9.241679192E0
1.416910996E1,-2.082952023E0,2.808575630E0,8.810971260E0
1.418922080E1,-1.118644595E0,1.766501307E0,1.230449200E1
1.420933163E1,-9.571290761E-2,6.729813814E-1,1.537328720E1
1.422944251E1,-9.631111473E-2,8.117650747E-1,1.413859081E1
1.424955335E1,-9.236295223E-1,2.063211441E0,1.014078236E1
1.426966418E1,-1.785643935E0,3.031706333E0,7.257431030E0
1.428977507E1,-2.123031855E0,3.444468260E0,6.192026615E0
1.430988590E1,-2.013560295E0,2.915056229E0,7.379465103E0
1.432999673E1,-1.381855130E0,2.264208317E0,8.842078209E0
1.435010757E1,-3.469592929E-1,1.737189293E0,9.358927727E0
1.437021845E1,2.691925503E-2,1.741974831E0,9.104690552E0
1.439032928E1,-5.802595019E-1,2.234298229E0,8.872586250E0
1.441044012E1,-1.131805062E0,2.412563324E0,8.758927345E0
1.443055100E1,-9.098708034E-1,2.439482689E0,8.299505234E0
1.445066184E1,-5.395814776E-1,2.541177750E0,8.386843681E0
1.447077267E1,-6.077769399E-1,2.969492912E0,9.297910690E0
1.449088356E1,-1.345364571E0,3.385843992E0,1.001037312E1
1.451099439E1,-2.452643156E0,3.859622955E0,1.023589706E1
1.453110522E1,-2.255833626E0,3.620938778E0,1.043569756E1
1.455121606E1,-1.337587833E0,2.771486759E0,1.158365440E1
1.457132694E1,-7.609176040E-1,2.266003132E0,1.192463207E1
1.459143778E1,-1.339980662E-1,2.262413740E0,1.081017494E1
1.461154861E1,4.552344978E-1,2.609373093E0,8.953344345E0
1.463165944E1,4.809573591E-1,3.123830080E0,8.678768158E0
1.465177033E1,7.112665176E-1,3.285943747E0,8.938388824E0
1.467188116E1,1.240678549E0,3.132802963E0,9.133403778E0
1.469199199E1,1.498505235E0,2.952743053E0,9.410971642E0
1.471210288E1,8.961120844E-1,2.481357098E0,1.110628605E1
1.473221371E1,2.817548811E-1,1.886740685E0,1.329571915E1
1.475232455E1,4.713860750E-1,1.633699656E0,1.340219975E1
1.477243538E1,9.744769931E-1,2.015953064E0,1.081555843E1
1.479254621E1,1.019940615E0,2.449652195E0,8.679964066E0
1.481265710E1,8.446664214E-1,2.517847538E0,7.667799950E0
1.483276793E1,4.468596280E-1,2.455035925E0,7.515855789E0
1.485287876E1,6.580262445E-3,2.460419893E0,7.629515171E0
1.487298960E1,-6.616154313E-1,2.645863533E0,7.295716286E0
1.489310048E1,-9.236295223E-1,2.694916487E0,7.082156658E0
1.491321132E1,-6.197410822E-1,2.400001049E0,7.718647480E0
1.493332215E1,-5.204389244E-2,1.930409670E0,8.832506180E0
1.495343298E1,4.492524564E-1,1.701296926E0,9.754341125E0
1.497354387E1,7.585247755E-1,1.656431437E0,9.580862045E0
1.499365470E1,4.055834413E-1,2.096710920E0,8.415556908E0
1.501376554E1,-8.973085321E-3,2.726621389E0,7.405188084E0
1.503387637E1,2.931207791E-2,3.126821041E0,7.151548862E0
1.505398720E1,-1.375873014E-2,2.986840963E0,9.247062683E0
1.507409809E1,-6.065805554E-1,2.742773056E0,1.166201973E1
1.509420892E1,-1.448255897E0,2.810968399E0,1.293141174E1
1.511431975E1,-1.814955950E0,3.027518749E0,1.267657661E1
1.513443059E1,-1.716252089E0,3.271586657E0,1.198624706E1
1.515454142E1,-8.123632669E-1,3.131008387E0,1.135035419E1
1.517465225E1,4.307080805E-2,2.918645382E0,1.016650486E1
1.519476314E1,-3.170489967E-1,3.044268608E0,9.308079720E0
1.521487397E1,-1.315454245E0,3.141177893E0,8.997611046E0
1.523498481E1,-1.824527264E0,2.826521635E0,1.001874828E1
1.525509564E1,-1.510469317E0,1.837687731E0,1.294935799E1
1.527520647E1,-7.746763229E-1,8.422735929E-1,1.465783310E1
1.529531736E1,-6.167500615E-1,9.511470199E-1,1.254616737E1
1.531542819E1,-7.657032609E-1,1.894517303E0,9.138788223E0
1.533553903E1,-1.130010486E0,2.955734253E0,6.272784710E0
1.535564986E1,-1.351346612E0,3.510270834E0,5.199005604E0
1.537576069E1,-1.055234790E0,3.040081263E0,6.678966045E0
1.539587152E1,-4.827519655E-1,2.301895380E0,8.576474190E0
1.541598236E1,-5.784648657E-1,2.030309916E0,9.397212982E0
1.543609324E1,-1.082154036E0,2.465803623E0,9.126823425E0
1.545620408E1,-1.246062398E0,2.764906645E0,8.687741280E0
1.547631491E1,-1.336391449E0,2.845066071E0,8.529814720E0
1.549642574E1,-9.786644578E-1,2.860021353E0,8.684151649E0
1.551653658E1,-4.606183469E-1,2.831905603E0,8.901898384E0
1.553664741E1,-3.284149170E-1,2.786442041E0,9.518648148E0
1.555675830E1,-5.371887088E-1,2.787040234E0,9.912267685E0
1.557686913E1,-1.162313581E0,3.230310678E0,9.851250648E0
1.559697996E1,-1.977667928E0,3.751945972E0,8.946763992E0
1.561709080E1,-2.380260229E0,3.906881094E0,9.534201622E0
1.563720163E1,-1.354337573E0,2.929413080E0,1.204367447E1
1.565731246E1,-1.567298770E-1,2.147558212E0,1.390888023E1
1.567742330E1,-3.523431420E-1,2.614757061E0,1.220279694E1
1.569753413E1,-6.436693072E-1,3.784847260E0,9.223732948E0
1.571764501E1,-5.718846321E-1,4.275974274E0,7.060023308E0
1.573775585E1,-2.368894368E-1,4.490131855E0,6.583851337E0
1.575786668E1,-6.083751321E-1,4.158725739E0,7.655237675E0
1.577797751E1,-7.920243144E-1,3.509672642E0,9.796216011E0
1.579808835E1,-4.007977843E-1,2.701496840E0,1.164646626E1
1.581819918E1,-2.243271172E-1,2.475973129E0,1.072821999E1
1.583831001E1,-1.722832322E-1,2.627917528E0,9.002396584E0
1.585842085E1,4.019941986E-1,2.636292458E0,8.813364029E0
1.587853168E1,7.645068169E-1,2.795415163E0,8.501100540E0
1.589864251E1,1.067198873E0,2.972483873E0,7.878368378E0
1.591875340E1,8.249256015E-1,3.180061340E0,7.083951473E0
1.593886423E1,-3.888336942E-2,3.506681681E0,7.392625332E0
1.595897507E1,-8.285148144E-1,3.318845034E0,8.493324280E0
1.597908590E1,-1.315454245E0,3.242872953E0,9.042476654E0
1.599919673E1,-1.249651670E0,3.187239647E0,8.767302513E0
1.601930757E1,-8.979067206E-1,3.312862873E0,7.873582840E0
1.603941840E1,-2.715853751E-1,3.390629768E0,7.610372543E0
1.605952923E1,6.729813814E-1,3.379263878E0,7.622336388E0
1.607964007E1,1.537986755E0,3.351746321E0,7.641479015E0
1.609975090E1,1.152144074E0,3.797409534E0,7.923832417E0
1.611986173E1,-3.230310604E-2,4.390231133E0,8.725427628E0
1.613997257E1,-3.403790295E-1,4.677968502E0,9.527023315E0
1.616008345E1,-1.698904037E-1,4.342374802E0,1.006301594E1
1.618019428E1,-4.695914388E-1,4.066602230E0,1.062353420E1
1.620030512E1,-6.317051649E-1,3.699902058E0,1.080419254E1
1.622041595E1,-7.477570772E-1,3.479762316E0,9.947562218E0
1.624052678E1,-1.220339537E0,3.777668715E0,8.257032394E0
1.626063762E1,-1.178465128E0,3.736392498E0,7.889734268E0
1.628074845E1,-6.939185858E-1,3.309871912E0,9.104091644E0
1.630085928E1,-7.399803996E-1,3.022733212E0,1.024905777E1
1.632097012E1,-5.252245665E-1,2.762513638E0,1.086700439E1
1.634108095E1,-3.499503136E-1,2.532802820E0,1.106979561E1
1.636119179E1,-3.714857101E-1,2.247458696E0,1.128156090E1
1.638130262E1,-5.700899959E-1,1.855633974E0,1.178046417E1
1.640141345E1,-1.095912814E0,1.752742529E0,1.299781227E1
1.642152428E1,-1.654038668E0,1.765304923E0,1.322393417E1
1.644163512E1,-2.160718918E0,2.088335991E0,1.198146152E1
1.646174595E1,-1.948953986E0,2.292324066E0,1.037707329E1
1.648185678E1,-1.286142230E0,2.184647083E0,9.582057953E0
1.650196762E1,-6.538388133E-1,2.136192322E0,9.006584167E0
1.652207845E1,-9.212366939E-1,2.661417007E0,7.640282631E0
1.654218928E1,-1.211366415E0,3.014358282E0,6.440880299E0
1.656230012E1,-5.054838061E-1,2.629712105E0,6.315855503E0
1.658241095E1,3.415754437E-1,1.856830359E0,8.725427628E0
1.660252178E1,5.676971674E-1,1.226919770E0,1.067139053E1
1.662263262E1,-4.941178858E-1,1.457229018E0,1.016530895E1
1.664274345E1,-1.649851203E0,2.149353027E0,7.885547161E0
1.666285428E1,-2.197807550E0,2.529213428E0,6.361319065E0
1.668296517E1,-2.278565407E0,2.583052158E0,7.331010342E0
1.670307600E1,-2.553740025E0,2.608774900E0,9.495916367E0
1.672318684E1,-2.057229280E0,2.539382935E0,1.026760197E1
1.674329767E1,-4.043870270E-1,2.156531334E0,8.592027664E0
1.676340850E1,-8.374879509E-2,2.194816589E0,7.597810268E0
1.678351934E1,-1.139581800E0,2.429911375E0,8.622536659E0
1.680363017E1,-2.329412937E0,2.888136864E0,9.701699257E0
1.682374100E1,-2.114656925E0,2.901895761E0,9.531210899E0
1.684385179E1,-7.962117195E-1,2.645265341E0,8.446663857E0
1.686396267E1,3.804588020E-1,2.346162558E0,8.793622971E0
1.688407350E1,8.021938205E-1,2.212762833E0,1.159442234E1
1.690418428E1,9.224331379E-1,2.333002090E0,1.293141174E1
1.692429512E1,8.039883971E-1,2.551945448E0,1.184746265E1
1.694440595E1,2.943171859E-1,2.913261652E0,1.039023399E1
1.696451678E1,1.998006850E-1,2.884547710E0,1.017787075E1
1.698462767E1,6.125625968E-1,2.259422779E0,1.194556904E1
1.700473845E1,2.572284341E-1,1.735992789E0,1.379940796E1
1.702484929E1,-8.614161611E-1,1.963310957E0,1.359362507E1
1.704496012E1,-1.197607756E0,2.143370867E0,1.138504982E1
1.706507095E1,-1.040877819E0,2.219342947E0,1.030588722E1
1.708518179E1,-1.521835208E0,2.546561480E0,1.017846966E1
1.710529262E1,-1.225125194E0,2.553141832E0,9.701699257E0
1.712540345E1,-6.245267391E-1,2.278565407E0,9.067003250E0
1.714551428E1,-3.242274821E-1,2.105085611E0,9.188439369E0
1.716562512E1,-1.896311939E-1,1.984248161E0,8.599205971E0
1.718573595E1,-2.195414752E-1,1.928615093E0,7.838887215E0
1.720584679E1,-1.603191197E-1,1.838884234E0,7.130013466E0
1.722595762E1,3.828516304E-1,1.414756417E0,7.194619656E0
1.724606845E1,1.310070395E0,1.003789067E0,7.801798344E0
1.726617928E1,1.819741607E0,8.075776696E-1,8.664410591E0
1.728629012E1,1.559522152E0,9.816554785E-1,8.981459618E0
1.730640095E1,8.069794178E-1,1.537388563E0,8.644669533E0
1.732651178E1,5.605186820E-1,1.765903115E0,9.275776863E0
1.734662262E1,3.415754437E-1,1.981257200E0,1.058285618E1
1.736673345E1,2.183450609E-1,2.073979139E0,1.111107159E1
1.738684429E1,6.047859192E-1,2.338984251E0,1.002293587E1
1.740695512E1,6.777670383E-1,2.548356056E0,9.567103386E0
1.742706595E1,-9.391828775E-1,2.981456995E0,9.609575272E0
1.744717678E1,-1.370489120E0,3.484548092E0,8.680562019E0
1.746728757E1,-1.639083505E0,3.611965895E0,7.963313580E0
1.748739840E1,-1.156929731E0,2.637488842E0,1.025025368E1
1.750750923E1,-1.627119333E-1,1.390229940E0,1.342194080E1
1.752762007E1,7.884350419E-1,2.087737769E-1,1.499163246E1
1.754773090E1,3.595215976E-1,1.381855011E-1,1.279202938E1
1.756784173E1,-9.828519225E-1,1.064806104E0,8.501100540E0
1.758795257E1,-2.586641312E0,2.431107759E0,5.977869034E0
1.760806340E1,-3.012563705E0,3.142972469E0,6.400800705E0
1.762817423E1,-1.657029629E0,2.705085993E0,8.626724243E0
1.764828507E1,-5.150550604E-1,1.943570137E0,1.069172955E1
1.766839590E1,-8.189435601E-1,1.948953986E0,1.052841949E1
1.768850673E1,-1.885544300E0,2.747558594E0,8.230711937E0
1.770861757E1,-1.840080619E0,3.156133175E0,6.942176819E0
1.772872835E1,-7.561319470E-1,3.029911757E0,7.876574039E0
1.774883918E1,7.178467698E-3,3.043670416E0,8.385048866E0
1.776895001E1,4.354937077E-1,3.321237803E0,7.194619656E0
1.778906085E1,3.948157430E-1,3.481556892E0,7.578069210E0
1.780917168E1,-1.830509305E-1,3.244069338E0,1.073061275E1
1.782928251E1,-5.449653864E-1,2.784647465E0,1.277288723E1
1.784939335E1,-4.115654826E-1,2.844467878E0,1.232662582E1
1.786950418E1,-1.190429255E-1,3.276372433E0,1.028853893E1
1.788961501E1,3.284149170E-1,3.545564890E0,9.199206352E0
1.790972585E1,3.457628787E-1,3.581457376E0,9.772886276E0
1.792983668E1,-1.238285750E-1,3.421138287E0,1.095673466E1
1.794994746E1,1.668993831E-1,3.304488182E0,1.154656601E1
1.797005830E1,2.333002165E-2,3.432504177E0,1.033400249E1
1.799016913E1,-1.950150490E0,4.152145386E0,9.254241943E0
1.801027996E1,-3.929612875E0,4.797011375E0,9.442078590E0
1.803039080E1,-4.013361931E0,4.159324169E0,1.031186962E1
1.805050163E1,-1.804786444E0,2.929413080E0,1.065284634E1
1.807061246E1,7.537391186E-1,2.171486616E0,1.001396275E1
1.809072330E1,1.202991605E0,2.370688915E0,8.923434258E0
1.811083413E1,7.154539824E-1,2.700898647E0,8.315058708E0
1.813094491E1,6.191428304E-1,2.350948334E0,8.587840080E0
1.815105574E1,8.488538265E-1,1.996810555E0,9.417551994E0
1.817116658E1,1.058225870E0,1.838884234E0,9.720243454E0
1.819127741E1,7.651050687E-1,1.961516380E0,9.485149384E0
1.821138824E1,3.834498227E-1,2.047657967E0,9.281759262E0
1.823149908E1,1.004985496E-1,2.085345030E0,8.902496338E0
1.825160991E1,-6.161518395E-2,2.275574446E0,8.085348129E0
1.827172074E1,-1.854437590E-2,2.564507723E0,7.253841877E0
1.829183152E1,1.645065546E-1,2.863012314E0,7.042077065E0
1.831194236E1,-6.759724021E-2,3.108874798E0,8.125427246E0
1.833205319E1,-3.720839322E-1,3.498904943E0,9.588040352E0
1.835216402E1,3.290131316E-2,3.246462107E0,1.119182968E1
1.837227486E1,2.482553422E-1,3.095714331E0,1.096152020E1
1.839238569E1,-7.298108935E-1,3.527618885E0,1.034955597E1
1.841249652E1,-1.107876897E0,3.320639610E0,1.014676476E1
1.843260736E1,-8.021938205E-1,2.639881611E0,1.044885826E1
1.845271814E1,-9.260223508E-1,2.394617319E0,1.064507008E1
1.847282897E1,-1.217946768E0,2.542374134E0,9.656833649E0
1.849293981E1,-1.189232826E0,2.444268227E0,8.636295319E0
1.851305064E1,-1.329213023E0,2.535195589E0,8.775676727E0
1.853316147E1,-4.313062727E-1,2.151147604E0,1.046620655E1
1.855327231E1,5.395814776E-1,1.239482164E0,1.357747364E1
1.857338314E1,7.328019142E-1,9.337990284E-1,1.454357624E1
1.859349392E1,-1.752742529E-1,1.829312921E0,1.179960632E1
1.861360475E1,-1.467996716E0,3.270390272E0,7.943572998E0
1.863371559E1,-2.117648125E0,4.371686935E0,5.514857769E0
1.865382642E1,-1.402792215E0,4.080958843E0,5.274379253E0
1.867393725E1,-4.779663086E-1,3.229712248E0,6.199803352E0
1.869404809E1,2.386840582E-1,2.743969440E0,7.963313580E0
1.871415887E1,3.637090325E-1,2.334796667E0,1.056251717E1
1.873426970E1,3.343969584E-1,1.948953986E0,1.164407349E1
1.875438054E1,5.204389244E-2,1.747956991E0,1.103988552E1
1.877449137E1,-6.107679605E-1,2.046461582E0,9.680762291E0
1.879460220E1,-1.343569875E0,2.669791937E0,8.136195183E0
1.881471304E1,-2.052443504E0,3.406183004E0,7.001399040E0
1.883482382E1,-1.645065546E0,3.582055569E0,6.853044033E0
1.885493465E1,-7.040880919E-1,3.095116138E0,7.813164234E0
1.887504548E1,-3.361915946E-1,2.961117983E0,8.791828156E0
1.889515632E1,-3.302095234E-1,3.168097258E0,9.310472488E0
1.891526715E1,-4.336991012E-1,3.200400352E0,1.039382362E1
1.893537793E1,-5.000999570E-1,3.069393158E0,1.185882950E1
1.895548876E1,3.702892959E-1,2.713460922E0,1.242174053E1
1.897559960E1,2.173281193E0,2.362314224E0,1.271605778E1
1.899571043E1,2.680559635E0,2.393420935E0,1.060259724E1
1.901582126E1,1.075573802E0,3.855435371E0,8.148159027E0
1.903593210E1,-6.287141442E-1,4.534996986E0,8.166703224E0
1.905604288E1,-1.334596872E0,3.957130432E0,9.215357780E0
1.907615371E1,-1.330409408E0,2.790629387E0,1.115115166E1
1.909626455E1,-5.623133108E-2,1.704886079E0,1.266521072E1
1.911637538E1,6.646065116E-1,1.667797327E0,1.146461105E1
1.913648621E1,5.880361795E-1,2.124826431E0,8.829515457E0
1.915659699E1,3.284149170E-1,2.566302299E0,6.739385128E0
1.917670783E1,-2.871387303E-1,2.564507723E0,7.310073376E0
1.919681866E1,-1.233500123E0,2.487339020E0,9.576674461E0
1.921692949E1,-2.010569334E0,2.717648268E0,1.023230743E1
1.923704033E1,-2.127219439E0,2.890529871E0,9.071788788E0
1.925715116E1,-1.932204247E0,2.950350285E0,8.282755852E0
1.927726194E1,-9.744769931E-1,2.554338217E0,8.168498039E0
1.929737278E1,3.493520916E-1,2.000399828E0,8.303692818E0
1.931748361E1,4.534398913E-1,2.182254314E0,8.152346611E0
1.933759444E1,-3.469592705E-2,2.812164783E0,7.905287743E0
1.935770528E1,3.768695518E-2,3.034099102E0,8.229515076E0
1.937781606E1,4.319044948E-1,2.988635540E0,8.788239479E0
1.939792689E1,5.162515044E-1,3.115455151E0,9.123832703E0
1.941803772E1,3.361915946E-1,3.392424345E0,9.199805260E0
1.943814856E1,1.226321608E-1,3.553341627E0,9.678967476E0
1.945825934E1,2.392822644E-3,3.475574970E0,1.049192905E1
1.947837017E1,1.884347796E-1,2.992822886E0,1.106560802E1
1.949848100E1,-3.565305769E-1,2.938386202E0,1.176072311E1
1.951859184E1,-7.250252366E-1,2.931207657E0,1.140060329E1
1.953870267E1,-1.548754454E0,3.081955671E0,1.104108143E1
1.955881345E1,-2.260619164E0,3.102892876E0,1.164586735E1
1.957892428E1,-2.082952023E0,2.437089920E0,1.320180035E1
1.959903512E1,-1.259222865E0,1.654636860E0,1.411884975E1
1.961914595E1,-4.869394004E-1,1.625923038E0,1.254257774E1
1.963925678E1,-3.487538993E-1,2.150549412E0,9.452845573E0
1.965936757E1,-7.274180651E-1,2.787040234E0,6.920641422E0
1.967947840E1,-1.037288666E0,2.875574589E0,7.018746853E0
1.969958923E1,-1.158126116E0,2.201396942E0,9.055637360E0
1.971970007E1,-1.423131227E0,1.765304923E0,1.038963604E1
1.973981085E1,-1.687538147E0,1.660618901E0,1.009053326E1
1.975992168E1,-1.755135417E0,1.892722726E0,8.755337715E0
1.978003251E1,-1.234098315E0,1.850848317E0,7.594220638E0
1.980014335E1,-7.435696125E-1,1.613360643E0,6.978667259E0
1.982025418E1,-9.589236975E-1,1.630110383E0,6.587440968E0
1.984036496E1,-1.396810174E0,2.018345833E0,5.130211830E0
1.986047580E1,-1.493121386E0,2.416152716E0,4.456632137E0
1.988058663E1,-1.430907965E0,2.574079037E0,5.868995667E0
1.990069746E1,-1.283749342E0,2.471785784E0,8.675178528E0
1.992080824E1,-1.054636598E0,2.405983210E0,1.090349483E1
1.994091908E1,-8.159525394E-1,2.626122952E0,1.187438202E1
1.996102991E1,-4.588237405E-1,2.694318295E0,1.315514088E1
1.998114074E1,-8.129615188E-1,2.739183664E0,1.432164192E1
2.000125152E1,-1.079162955E0,2.755933523E0,1.416132259E1
2.002136236E1,-1.188036442E0,2.848655462E0,1.324367523E1
2.004147319E1,-1.167697430E0,3.443870068E0,1.162971592E1
2.006158403E1,-4.468596280E-1,3.829712629E0,9.568299294E0
2.008169481E1,-3.631108403E-1,4.273581028E0,7.917252064E0
2.010180564E1,-8.745766878E-1,4.094717979E0,8.724231720E0
2.012191647E1,-1.437488198E0,3.440280676E0,1.125164986E1
2.014202731E1,-9.918249846E-1,2.706880569E0,1.371506119E1
2.016213814E1,3.050848842E-1,2.210968018E0,1.295833111E1
2.018224892E1,1.298106313E0,2.496910334E0,9.627521515E0
2.020235975E1,9.774680734E-1,3.080759048E0,6.856035233E0
2.022247059E1,-2.117647976E-1,3.511467218E0,6.098706722E0
2.024258137E1,-9.361918569E-1,3.158525944E0,7.094718933E0
2.026269220E1,-9.894321561E-1,2.586043119E0,8.505288124E0
2.028280304E1,-8.847461939E-1,2.244467735E0,9.411569595E0
2.030291387E1,-8.614161611E-1,2.273181438E0,9.456435204E0
2.032302470E1,-1.028913736E0,2.508874655E0,8.350951195E0
2.034313548E1,-7.447660565E-1,2.430509567E0,8.009973526E0
2.036324632E1,-2.991028363E-3,2.151147604E0,7.742575645E0
2.038335715E1,7.704889178E-1,2.067996979E0,7.164111137E0
2.040346798E1,1.358525038E0,2.250449657E0,6.917052269E0
2.042357876E1,1.007976532E0,2.599203587E0,8.335995674E0
2.044368960E1,1.096511006E0,2.468196630E0,1.033639526E1
2.046380043E1,5.318048596E-1,2.807977438E0,9.926624298E0
2.048391121E1,-1.176072359E0,3.487539053E0,9.680164337E0
2.050402205E1,-1.876571178E0,3.425923824E0,1.063310528E1
2.052413288E1,-6.251249313E-1,2.487937450E0,1.042193890E1
2.054424371E1,7.016952634E-1,1.513460279E0,9.588040352E0
2.056435449E1,1.432702541E0,9.439685345E-1,9.535996437E0
2.058446533E1,9.206385016E-1,1.101894855E0,6.987041950E0
2.060457616E1,-3.128615618E-1,2.109273195E0,4.776073933E0
2.062468699E1,-1.456630826E0,2.640479803E0,6.281159401E0
2.064479778E1,-1.672582984E0,1.776670814E0,1.197009563E1
2.066490861E1,-6.556333899E-1,6.269195080E-1,1.639741516E1
2.068501944E1,6.759724021E-2,8.404789567E-1,1.465783310E1
2.070513028E1,-1.495514214E-1,1.904686809E0,9.777671814E0
2.072524106E1,-1.060020447E0,2.788236618E0,6.990631580E0
2.074535189E1,-2.288136721E0,2.857030153E0,8.938388824E0
2.076546272E1,-2.619542599E0,2.531606436E0,1.007677460E1
2.078557356E1,-2.246262312E0,2.156531334E0,9.341579437E0
2.080568434E1,-1.485942841E0,1.939382792E0,8.634500504E0
2.082579517E1,-1.067198873E0,1.600798368E0,1.031605625E1
2.084590600E1,-8.147560954E-1,1.266401410E0,1.199641609E1
2.086601678E1,-7.304090858E-1,1.138385415E0,1.157946682E1
2.088612762E1,-7.136593461E-1,1.438086390E0,9.535398483E0
2.090623845E1,-8.775677085E-1,1.891526341E0,8.251648903E0
2.092634928E1,-8.542376757E-1,2.238485575E0,8.264809608E0
2.094646007E1,-8.805587292E-1,2.373081923E0,8.582456589E0
2.096657090E1,-8.303094506E-1,2.562114954E0,8.002795219E0
2.098668173E1,-7.788637877E-1,2.660220623E0,8.373682976E0
2.100679257E1,-6.789634228E-1,2.565105915E0,9.832108498E0
2.102690335E1,-9.074779749E-1,2.563909531E0,1.089811039E1
2.104701418E1,-1.198804140E0,3.021536827E0,1.107099247E1
2.106712501E1,-8.853443861E-1,3.299104214E0,1.107278633E1
2.108723585E1,-8.913264424E-2,3.122633457E0,1.141914749E1
2.110734663E1,4.516452849E-1,3.052045345E0,1.159083271E1
2.112745746E1,9.158528447E-1,3.085544825E0,1.049791145E1
2.114756830E1,4.390829504E-1,3.241078377E0,8.294719696E0
2.116767908E1,-1.351944804E-1,3.463012457E0,6.601797581E0
2.118778991E1,-3.134597540E-1,2.736790895E0,1.032502937E1
2.120790074E1,6.640082598E-2,7.902296782E-1,1.714636803E1
2.122801158E1,-2.368894368E-1,3.768695593E-1,1.790130424E1
2.124812236E1,-7.070791125E-1,1.590030670E0,1.248694515E1
2.126823319E1,-7.986045480E-1,2.586043119E0,8.514261246E0
2.128834402E1,-5.976074338E-1,2.996412039E0,6.965506554E0
2.130845481E1,1.734796464E-1,2.645265341E0,6.841678143E0
2.132856564E1,9.272187948E-1,2.068595171E0,7.120441914E0
2.134867647E1,6.831508875E-1,2.073979139E0,7.649255753E0
2.136878731E1,-3.056831062E-1,2.329412937E0,8.492725372E0
2.138889809E1,-1.152144074E0,2.492124796E0,9.061619759E0
2.140900892E1,-1.150947690E0,2.435295343E0,8.804988861E0
2.142911975E1,-7.184450030E-1,2.502294302E0,7.817351341E0
2.144923054E1,-1.782652885E-1,2.635694027E0,7.256833076E0
2.146934137E1,3.601198196E-1,2.784647465E0,6.826723099E0
2.148945220E1,6.466603279E-1,2.765504837E0,7.120441914E0
2.150956304E1,2.297109663E-1,2.852244616E0,7.925028801E0
2.152967382E1,-1.507478207E-1,3.044866800E0,8.275577545E0
2.154978465E1,2.841476798E-1,2.995813847E0,8.108677864E0
2.156989548E1,5.413761139E-1,3.108874798E0,8.555537224E0
2.159000626E1,6.113662124E-1,3.161516905E0,9.013762474E0
2.161011710E1,2.309073806E-1,3.400799274E0,8.589634895E0
2.163022793E1,-1.734796464E-1,3.582055569E0,8.310871124E0
2.165033876E1,-3.385843933E-1,3.291925669E0,9.985847473E0
2.167044955E1,-3.667000830E-1,2.816352367E0,1.156391335E1
2.169056038E1,-6.430711150E-1,2.825923443E0,1.230269718E1
2.171067121E1,-7.938188910E-1,3.160918713E0,1.212203979E1
2.173078199E1,-8.195417523E-1,3.471985579E0,1.131386375E1
2.175089283E1,-9.702895880E-1,3.706482172E0,1.028255749E1
2.177100366E1,-1.349551916E0,3.296113253E0,1.133839035E1
2.179111449E1,-1.631306887E0,2.508874655E0,1.377069473E1
2.181122528E1,-1.278365493E0,1.842473388E0,1.464048576E1
2.183133611E1,-5.862415433E-1,1.591227055E0,1.299003601E1
2.185144694E1,-4.211367965E-1,1.873580098E0,1.041835022E1
2.187155772E1,-5.641079545E-1,2.248655081E0,9.257232666E0
2.189166856E1,-6.311069727E-1,2.371885538E0,9.020941734E0
2.191177939E1,-7.429714203E-1,2.233700037E0,9.276374817E0
2.193189022E1,-9.547362328E-1,2.128415823E0,9.126823425E0
2.195200100E1,-1.024128079E0,2.002194405E0,9.062815666E0
2.197211184E1,-1.296311617E0,2.030908108E0,9.033503532E0
2.199222267E1,-1.165902853E0,1.874178290E0,9.075378418E0
2.201233350E1,-4.947160780E-1,1.694716692E0,8.787042618E0
2.203244428E1,-7.537391037E-2,1.837687731E0,7.981858253E0
2.205255512E1,-1.286142170E-1,2.100300074E0,7.400402069E0
2.207266595E1,-4.205385745E-1,2.419741869E0,6.991229534E0
2.209277673E1,-6.017948985E-1,2.627319336E0,7.141977310E0
2.211288757E1,-7.627122402E-1,2.748156786E0,6.994220734E0
2.213299840E1,-1.114457130E0,3.020938635E0,7.384849072E0
2.215310918E1,-8.213363886E-1,3.040081263E0,8.120043755E0
2.217322001E1,-4.055834413E-1,3.014358282E0,8.018946648E0
2.219333085E1,-8.374879360E-1,3.229712248E0,8.002795219E0
2.221344168E1,-2.327618122E0,3.055634499E0,1.130668545E1
2.223355246E1,-1.546959877E0,3.199203968E0,1.089332485E1
2.225366330E1,3.840480447E-1,2.072184324E0,1.149033451E1
2.227377413E1,5.665007830E-1,2.595614433E0,1.060439205E1
2.229388491E1,3.391826153E-1,3.367299557E0,8.532207489E0
2.231399574E1,5.168496966E-1,3.708875179E0,7.923832417E0
2.233410658E1,5.144568682E-1,3.393022537E0,1.043629551E1
2.235421741E1,5.186443329E-1,2.432902336E0,1.319222927E1
2.237432819E1,-3.708875179E-2,2.240280151E0,1.365344620E1
2.239443902E1,-4.354937077E-1,2.727219582E0,1.106979561E1
2.241454986E1,-4.755735099E-1,3.241676569E0,9.303893089E0
2.243466064E1,-1.932204217E-1,3.327818155E0,8.734998703E0
2.245477147E1,1.621137410E-1,3.133999348E0,8.848059654E0
2.247488231E1,4.947160780E-1,2.745764017E0,9.467801094E0
2.249499314E1,3.481557071E-1,2.667398930E0,9.638887405E0
2.251510392E1,4.845465720E-1,2.760719061E0,9.277571678E0
2.253521475E1,2.027917206E-1,2.915654421E0,9.306883812E0
2.255532559E1,-5.611169338E-1,3.273381472E0,9.057432175E0
2.257543642E1,-4.085744619E-1,3.065205812E0,8.770293236E0
2.259554720E1,-2.787638307E-1,2.910868645E0,8.885746956E0
2.261565804E1,5.982056633E-2,2.747558594E0,8.314460754E0
2.263576887E1,2.602194548E-1,2.778665304E0,7.572087288E0
2.265587965E1,1.298106313E-1,2.974278450E0,7.216155052E0
2.267599048E1,-3.349951804E-1,3.103491068E0,6.437291145E0
2.269610132E1,-1.250249892E-1,3.137588739E0,7.505088329E0
2.271621210E1,3.385843933E-1,2.937189817E0,8.335397720E0
2.273632293E1,2.213360965E-1,3.190230846E0,8.392227173E0
2.275643376E1,-2.081755698E-1,3.602394581E0,8.601598740E0
2.277654460E1,1.196411322E-3,3.613760471E0,8.300702095E0
2.279665538E1,9.828519225E-1,3.256631613E0,7.921439171E0
2.283790640E1,-2.440679073E-1,4.347758770E0,7.269395351E0
2.285801718E1,-4.929214716E-1,4.113262177E0,9.571888924E0
2.287812796E1,-1.186241865E0,4.587639332E0,9.260822296E0
2.289823875E1,-1.558923960E0,4.688735962E0,8.579465866E0
2.291834953E1,-1.427916884E0,4.663012981E0,8.296514511E0
2.293846036E1,-1.285543919E0,4.503890514E0,8.669795036E0
2.295857114E1,-9.672985673E-1,4.263411522E0,9.485149384E0
2.297868192E1,-9.810572863E-1,4.235894203E0,1.018744278E1
2.299879270E1,-1.156929731E0,4.389034748E0,1.008335495E1
2.301890349E1,-1.128215909E0,4.453640938E0,9.441479683E0
2.303901427E1,-8.285148144E-1,4.508078098E0,9.343374252E0
2.305912505E1,-7.399803996E-1,4.290330887E0,1.067557812E1
2.307923583E1,-9.684949517E-1,4.015754700E0,1.273819160E1
2.309934661E1,-1.332802176E0,3.993022680E0,1.372463226E1
2.311945739E1,-2.053041935E0,4.359124660E0,1.306002617E1
2.313956817E1,-2.110469580E0,4.775475979E0,1.233619690E1
2.315967896E1,-2.333600283E0,4.869394302E0,1.096690464E1
2.317978979E1,-2.843271494E0,4.572085857E0,1.024247742E1
2.319990057E1,-3.411566973E0,3.824328899E0,1.055713367E1
2.322001135E1,-3.432504177E0,2.733201742E0,1.285543919E1
2.324012213E1,-2.668595552E0,1.560120344E0,1.398664665E1
2.326023291E1,-1.883749604E0,1.253839016E0,1.270409393E1
2.328034370E1,-1.452443361E0,1.689332843E0,1.054217815E1
2.330045448E1,-1.389631748E0,2.063211441E0,9.661021233E0
2.332056526E1,-1.697707653E0,2.388635159E0,9.444471359E0
2.334067604E1,-2.100300074E0,2.402992249E0,9.519247055E0
2.336078682E1,-2.275574446E0,2.434098721E0,8.968298912E0
2.338089760E1,-2.115255117E0,2.417947292E0,8.468199730E0
2.340100838E1,-1.782054663E0,2.487339020E0,8.057231903E0
2.342111916E1,-1.569093466E0,2.442473650E0,8.314460754E0
2.344122994E1,-1.298106313E0,2.326421738E0,8.523234367E0
2.346134078E1,-9.649057388E-1,2.094317913E0,8.606385231E0
2.348145156E1,-1.126421213E0,2.307877541E0,8.144570351E0
2.350156234E1,-1.431506157E0,2.912065268E0,7.207779884E0
2.352167312E1,-1.362114310E0,3.148356438E0,6.857231617E0
2.354178390E1,-1.071386337E0,3.192025423E0,6.905686378E0
2.356189468E1,-1.001994491E0,3.198007345E0,6.976274490E0
2.358200546E1,-6.532405615E-1,3.346960783E0,7.333403111E0
2.360211625E1,-1.968096644E-1,3.376870871E0,8.257032394E0
2.362222703E1,2.536391914E-1,3.336791277E0,9.673583984E0
2.364233781E1,3.056831062E-1,3.002992392E0,1.083350468E1
2.366244859E1,2.584248483E-1,3.034099102E0,1.074497032E1
2.368255937E1,1.764706671E-1,3.162115097E0,1.074317551E1
2.370267015E1,-2.488535494E-1,3.439084291E0,1.063490009E1
2.372278093E1,-5.335994363E-1,3.846462488E0,1.081077290E1
2.374289172E1,4.061816335E-1,3.598805189E0,1.139581776E1
2.376300250E1,1.895713687E0,3.111865759E0,1.107099247E1
2.378311328E1,2.186441660E0,2.821137905E0,1.069890785E1
2.380322406E1,1.167099237E0,3.147758245E0,9.367900848E0
2.382333484E1,3.158525825E-1,3.285943747E0,7.798807144E0
2.384344562E1,3.643072546E-1,2.739781857E0,8.108677864E0
2.386355640E1,1.317248821E0,1.846660852E0,9.862018585E0
2.388366718E1,1.699502230E0,1.237687469E0,1.112841988E1
2.390377796E1,1.074975610E0,1.364507079E0,9.951150894E0
2.392388875E1,-2.787638307E-1,2.190629244E0,6.993622303E0
2.394399958E1,-1.347159147E0,2.769093990E0,5.229514122E0
2.396411031E1,-1.100100160E0,2.611167669E0,5.727221012E0
2.398422109E1,-2.632105052E-1,2.043470621E0,7.800601959E0
2.400433192E1,-2.961117923E-1,1.968096614E0,9.565906525E0
2.402444265E1,-9.032905847E-2,2.275574446E0,1.013121128E1
2.404455343E1,1.520638824E0,1.954337835E0,9.452247620E0
2.406466427E1,2.849851847E0,1.671386600E0,8.734400749E0
2.408477500E1,2.925823927E0,1.852044702E0,8.446663857E0
2.410488583E1,2.037488461E0,2.551945448E0,8.282156944E0
2.412499661E1,7.040880919E-1,3.080160856E0,7.992625713E0
2.414510739E1,2.309073806E-1,3.076571703E0,7.838887215E0
2.416521817E1,3.385843933E-1,2.956930637E0,7.870592117E0
2.418532896E1,-2.632104978E-2,3.065205812E0,8.891130447E0
2.420543974E1,-3.230310678E-1,3.203391314E0,1.056610680E1
2.422555052E1,-3.278166950E-1,3.075375319E0,1.226142120E1
2.424566130E1,1.064806059E-1,2.817548752E0,1.320120239E1
2.426577208E1,1.015154958E0,2.347358942E0,1.393819237E1
2.428588286E1,2.078166485E0,1.877767563E0,1.415115356E1
2.430599364E1,2.036890268E0,2.291725874E0,1.296550941E1
2.432610442E1,1.116850019E0,3.543770313E0,1.091366386E1
2.434621520E1,8.057830334E-1,4.074976921E0,1.004148006E1
2.436632599E1,9.637092948E-1,3.783052683E0,1.000199890E1
2.438643677E1,9.619147182E-1,2.883949518E0,1.025324535E1
2.440654755E1,2.919243574E-1,2.267199516E0,1.114457130E1
2.442665828E1,-2.673979402E-1,1.680957913E0,1.298824120E1
2.444676911E1,-3.158525825E-1,1.189831018E0,1.382034492E1
2.446687989E1,-1.429711580E-1,1.026520967E0,1.235892868E1
2.448699062E1,2.177468538E-1,1.268794179E0,9.521639824E0
2.450710146E1,2.464607358E-1,1.517647743E0,7.503293514E0
2.452721218E1,-2.644068897E-1,1.643270969E0,7.182057381E0
2.454732296E1,-1.361516118E0,2.106880426E0,8.239685059E0
2.456743375E1,-1.428515077E0,2.244467735E0,9.106484413E0
2.458754453E1,-3.002992272E-1,1.791625977E0,9.310472488E0
2.460765531E1,1.161715388E0,1.157527924E0,1.000558758E1
2.462776609E1,2.081755638E0,8.458628058E-1,1.037408257E1
2.464787687E1,1.913061738E0,1.082154036E0,9.747162819E0
2.466798765E1,1.034895778E0,1.419542074E0,8.986245155E0
2.468809843E1,1.477568001E-1,1.617548108E0,7.882555962E0
2.470820922E1,-1.674975902E-1,1.506281853E0,7.674380302E0
2.472832000E1,-7.836493850E-2,1.063011408E0,9.728618622E0
2.474843078E1,-5.096712112E-1,7.070791125E-1,1.046680450E1
2.476854156E1,-1.170090318E0,1.123430252E0,8.711071014E0
2.478865234E1,-1.688136339E0,1.814955950E0,7.148557663E0
2.480876312E1,-1.491326690E0,2.288136721E0,6.538387775E0
2.482887390E1,-8.303094506E-1,2.231905222E0,7.688737392E0
2.484898468E1,-4.342973232E-1,2.084148407E0,9.020941734E0
2.486909546E1,-1.539781332E0,2.565105915E0,9.884750366E0
2.488920625E1,-3.270988464E0,3.121437073E0,1.083769226E1
2.490931703E1,-1.587637782E0,2.098505497E0,1.511426449E1
2.492942781E1,2.213959217E0,2.542374134E-1,1.881835365E1
2.494953859E1,4.203591347E0,8.853443712E-2,1.603849220E1
2.496964937E1,3.113660574E0,1.433898926E0,1.088136101E1
2.498976015E1,3.194418252E-1,2.761915445E0,8.287541389E0
2.500987093E1,-1.299302697E0,3.193221807E0,7.342974663E0
2.502998172E1,5.461617708E-1,2.239083767E0,7.951349735E0
2.505009250E1,2.645863533E0,1.431506157E0,8.753543854E0
2.507020328E1,4.045066833E0,1.183848977E0,8.318049431E0
2.509031406E1,3.729214191E0,9.230313301E-1,6.940382004E0
2.511042479E1,1.453639746E0,1.273579836E0,6.587440968E0
2.513053562E1,-5.748756528E-1,1.661815286E0,7.311867714E0
2.515064635E1,-1.244866014E0,1.868196249E0,8.908478737E0
2.517075713E1,-4.205385745E-1,1.290927768E0,9.279366493E0
2.519086791E1,1.440479279E0,7.645068169E-1,7.110272408E0
2.521097870E1,2.935395241E0,3.511467278E-1,6.265605927E0
2.523108948E1,1.310070395E0,3.266202807E-1,9.938589096E0
2.525120026E1,-4.456632137E-1,1.349551916E0,1.230389404E1
2.527131104E1,5.682953596E-1,1.618146300E0,1.067139053E1
2.529142182E1,1.179063320E0,1.747956991E0,1.006959629E1
2.531153260E1,-1.161117196E0,2.088934183E0,1.118465137E1
2.533164338E1,-3.167499065E0,2.605185747E0,1.171884918E1
2.535175416E1,-2.736790895E0,2.462214470E0,1.119063377E1
2.537186494E1,-1.495514154E0,2.171486616E0,1.011685371E1
2.539197573E1,-1.172483087E0,2.281556368E0,1.148973656E1
2.541208651E1,-1.400399446E0,2.638087034E0,1.080838013E1
2.543219729E1,-2.283350945E0,2.976073265E0,9.184849739E0
2.545230807E1,-3.386442184E0,2.557329178E0,1.038006496E1
2.547241885E1,-3.183052301E0,1.328614831E0,1.368395424E1
2.549252958E1,-1.013360381E0,-2.991028316E-2,1.630947876E1
2.551264036E1,2.321037948E-1,-1.363908947E-1,1.510947895E1
2.553275114E1,-3.942175210E-1,1.098903775E0,9.907482147E0
2.555286192E1,-1.228116274E0,2.306680918E0,5.865406513E0
2.557297270E1,-1.589432478E0,3.067598581E0,4.295116425E0
2.559308349E1,-1.463809252E0,2.959921598E0,5.143372059E0
2.561319427E1,-7.004988194E-1,2.250449657E0,6.393023968E0
2.563330505E1,1.196411345E-2,1.811366796E0,7.179066181E0
2.565341583E1,-3.469592705E-2,1.570289850E0,8.642875671E0
2.567352661E1,1.806581169E-1,1.402194023E0,9.651450157E0
2.569363739E1,-1.076770201E-2,1.517647743E0,9.279964447E0
2.571374817E1,-4.636093974E-1,1.913659930E0,7.855636597E0
2.573385896E1,-5.539384484E-1,2.069791555E0,6.978068829E0
2.575396974E1,-2.015953064E-1,2.195414782E0,6.869793892E0
2.577408046E1,-4.420739710E-1,2.529213428E0,7.073183537E0
2.579419125E1,-9.541380405E-1,2.784647465E0,7.447062492E0
2.581430203E1,-1.729412556E0,2.493919373E0,8.836095810E0
2.583441281E1,-1.408774376E0,1.646261930E0,1.196291637E1
2.585452359E1,-5.515456200E-1,1.286142230E0,1.351884937E1
2.587463437E1,-3.750749528E-1,2.088934183E0,1.084965611E1
2.589474515E1,-7.004988194E-1,3.148954630E0,7.659425259E0
2.591485593E1,-7.848458290E-1,3.721437454E0,7.515257835E0
2.593496672E1,-1.198804140E0,3.031108141E0,1.009771156E1
2.595507750E1,-1.364507079E0,2.751147747E0,1.241575813E1
2.597518828E1,-1.182054400E0,2.764906645E0,1.111226845E1
2.599529906E1,-8.572286963E-1,2.511267424E0,1.081496048E1
2.601540984E1,3.870390654E-1,1.570289850E0,1.275075340E1
2.603552057E1,2.258824587E0,5.407779217E-1,1.464885998E1
2.605563135E1,2.662613392E0,6.436693072E-1,1.350509071E1
2.607574213E1,1.246660590E0,1.875972986E0,1.014437199E1
2.609585291E1,-9.816554785E-1,3.108276606E0,7.130611420E0
2.611596370E1,-2.292922258E0,3.661018610E0,6.455237389E0
2.613607448E1,-1.916650891E0,3.121437073E0,7.590631485E0
2.615618526E1,-5.581258535E-1,2.214557409E0,8.875576973E0
2.617629604E1,9.463613629E-1,1.965703845E0,8.367102623E0
2.619640682E1,8.572286963E-1,2.338984251E0,6.857829571E0
2.621651760E1,-1.322034448E-1,2.216950178E0,7.103692055E0
2.623662838E1,4.426721931E-1,1.418345571E0,1.040399265E1
2.625673916E1,2.671586514E0,7.118647546E-2,1.391067410E1
2.627684989E1,2.261217356E0,-7.298108935E-2,1.388255882E1
2.629696067E1,-2.153540403E-1,1.116850019E0,9.378069878E0
2.631707146E1,-2.248056889E0,2.610569477E0,5.776872158E0
2.633718224E1,-2.041675806E0,3.172284603E0,5.921039581E0
2.635729302E1,-7.561319470E-1,2.179861546E0,8.935398102E0
2.637740380E1,-1.227517962E0,2.132603168E0,1.120080280E1
2.639751458E1,-2.070389748E0,2.649452925E0,1.233739376E1
2.641762536E1,-1.148554921E0,2.415554523E0,1.313300705E1
2.643773614E1,1.152742267E0,1.554736495E0,1.374856091E1
2.645784692E1,2.215753794E0,6.574280262E-1,1.406022549E1
2.647795765E1,8.590233326E-1,1.046859860E0,1.140957642E1
2.649806849E1,-1.474576950E0,1.234696507E0,8.712865829E0
2.651817922E1,-2.072782516E0,7.375875711E-1,1.042552853E1
2.653829000E1,-1.465603858E-1,-3.086741269E-1,1.279442310E1
2.655840078E1,1.408774376E0,-5.186443329E-1,1.203769207E1
2.657851156E1,9.702895880E-1,2.763710022E-1,8.958129883E0
2.659862234E1,-3.702892959E-1,1.328016520E0,6.423532486E0
2.661873312E1,-1.371087432E0,2.052443504E0,6.016154289E0
2.663884390E1,-1.268794179E0,1.909472466E0,7.275377274E0
2.665895468E1,-6.287141442E-1,1.386042476E0,8.401200294E0
2.667906546E1,-5.425725579E-1,1.348355532E0,8.957531929E0
2.669917620E1,-6.747759581E-1,1.498505235E0,9.686744690E0
2.671928698E1,-7.190431952E-1,1.576870084E0,1.013838959E1
2.673939776E1,1.226321608E-1,1.396810174E0,9.534201622E0
2.675950854E1,8.895317912E-1,1.255035520E0,1.064566803E1
2.677961932E1,1.042074203E0,1.413560033E0,1.155254745E1
2.679973010E1,8.859425783E-1,1.907079697E0,9.588638306E0
2.681984088E1,-1.034895778E-1,2.656033039E0,7.292725086E0
2.683995166E1,-1.723430514E0,3.230908871E0,8.039285660E0
2.686006244E1,-1.450648785E0,2.845066071E0,9.687940598E0
2.688017323E1,-3.200400174E-1,2.054836512E0,1.079222870E1
2.690028401E1,-6.143572330E-1,2.058425665E0,1.137428284E1
2.692039474E1,-1.588834286E0,2.479562521E0,1.114457130E1
2.694050552E1,-2.039283037E0,2.467000246E0,1.001456070E1
2.696061630E1,-5.730810165E-1,1.825723648E0,9.848259926E0
2.698072708E1,1.791625977E0,9.044869542E-1,9.363115311E0
2.700083786E1,2.321636200E0,9.918249846E-1,7.111468792E0
2.702094864E1,2.392822653E-1,2.273181438E0,6.094519138E0
2.704105942E1,-1.333998680E0,2.744567633E0,8.603393555E0
2.706117020E1,4.666004330E-2,1.679163337E0,1.146999550E1
2.708128099E1,2.124826431E0,6.185446382E-1,1.158126163E1
2.710139172E1,1.497308731E0,1.164108157E0,1.102792168E1
2.712150250E1,-7.148557901E-1,2.059023857E0,1.037647533E1
2.714161328E1,-2.044068813E0,2.873181820E0,8.355138779E0
2.716172406E1,-1.843071699E0,2.825325251E0,7.312466145E0
2.718183484E1,-1.411167145E0,2.641077995E0,8.292326927E0
2.720194562E1,-1.493121386E0,2.691925526E0,8.962317467E0
2.722205640E1,-1.672582984E0,2.688336134E0,9.583254814E0
2.724216718E1,-9.080761671E-1,2.395813704E0,1.030469036E1
2.726227797E1,9.954141974E-1,1.543370605E0,1.032443142E1
2.728238875E1,2.079961061E0,9.044869542E-1,9.911669731E0
2.730249948E1,1.191027522E0,1.503290772E0,9.326025963E0
2.732261026E1,9.391828626E-2,2.432304144E0,7.898707390E0
2.734272104E1,1.734796464E-1,2.888136864E0,6.990033150E0
2.736283182E1,2.171486616E-1,3.075973511E0,7.302894592E0
2.738294260E1,-8.871390224E-1,3.141177893E0,8.564510345E0
2.740305338E1,-2.922832966E0,3.362514019E0,1.024905777E1
2.742316416E1,-3.350549936E0,4.194019794E0,1.207837009E1
2.744327494E1,-6.448656917E-1,3.722633839E0,1.134377384E1
2.746338573E1,1.112662554E0,3.194418192E0,9.747760773E0
2.748349646E1,9.828519225E-1,3.715455294E0,9.670592308E0
2.750360724E1,5.324030519E-1,3.829712629E0,1.052243805E1
2.752371802E1,7.118647546E-2,3.619144201E0,1.085623646E1
2.754382880E1,-8.901300430E-1,3.273381472E0,1.057208824E1
2.756393958E1,-1.523629785E0,2.697309256E0,1.128873920E1
2.758405036E1,-1.264008522E0,2.279761791E0,1.210469151E1
2.760416114E1,-1.197607756E0,2.149951220E0,1.109850979E1
2.762427192E1,-3.056831062E-1,1.866401672E0,1.106501007E1
2.764438265E1,1.006181955E0,1.262812138E0,1.200838089E1
2.766449343E1,1.250249863E0,1.050449133E0,1.196949673E1
2.768460422E1,4.701896608E-1,1.488335729E0,1.029153061E1
2.770471500E1,-2.177468538E-1,1.954337835E0,8.512466431E0
2.772482578E1,-6.478567123E-1,2.264806747E0,7.648657799E0
2.774493656E1,-1.400399446E0,2.370090723E0,8.155337334E0
2.776504734E1,-1.885544300E0,2.286342144E0,9.281160355E0
2.778515812E1,-1.331007600E0,1.868794441E0,1.030887794E1
2.780526890E1,-4.977070987E-1,1.454237938E0,9.944570541E0
2.782537968E1,-8.494520187E-2,1.193420291E0,8.361120224E0
2.784549046E1,1.190429255E-1,1.032503009E0,6.644868374E0
2.786560120E1,-7.806583643E-1,1.439880967E0,5.200799942E0
2.788571198E1,-7.555337548E-1,1.643270969E0,6.312864304E0
2.790582276E1,-1.519442350E-1,1.256231904E0,8.266005516E0
2.792593354E1,5.623133108E-2,1.089332461E0,8.414958954E0
2.794604432E1,-7.094719410E-1,1.369890928E0,8.038089752E0
2.796615510E1,-2.017747641E0,1.927418590E0,8.219944000E0
2.798626588E1,-2.925823927E0,2.348555326E0,8.093124390E0
2.800637666E1,-3.515056372E0,2.561516523E0,8.221738815E0
2.802648744E1,-3.368496180E0,2.545963287E0,9.283554077E0
2.804659817E1,-2.574079037E0,2.521436930E0,1.029153061E1
2.806670896E1,-1.795813441E0,2.706282377E0,9.661619186E0
2.808681974E1,-1.700100541E0,3.120838881E0,9.573084831E0
2.810693052E1,-1.609771490E0,3.314657450E0,1.029392338E1
2.812704130E1,-1.155733347E0,3.095116138E0,1.077607632E1
2.814715208E1,-1.311266780E0,2.752942562E0,1.166381359E1
2.816726286E1,-1.750349760E0,2.652443886E0,1.323530006E1
2.818737364E1,-1.712064624E0,2.540579557E0,1.356790257E1
2.820748442E1,-1.805384636E0,2.951546669E0,1.267956734E1
2.822759515E1,-1.907079697E0,3.343969584E0,1.076112175E1
2.824770593E1,-2.140978098E0,3.744767427E0,9.429515839E0
2.826781672E1,-2.228316069E0,3.649054527E0,1.026520920E1
2.828792750E1,-1.378864050E0,2.826521635E0,1.198146152E1
2.830803828E1,-4.899304509E-1,2.072782516E0,1.252283764E1
2.832814906E1,-5.688936114E-1,2.196012974E0,1.071506023E1
2.834825984E1,-1.788036704E0,2.898904562E0,8.054241180E0
2.836837062E1,-2.581257343E0,3.301496983E0,7.362715244E0
2.838848135E1,-2.609971285E0,3.252444267E0,8.592626572E0
2.840859213E1,-1.603789330E0,2.741576433E0,9.196215630E0
2.842870291E1,-7.172485590E-1,2.350350142E0,9.722636223E0
2.844881370E1,-5.222335458E-1,2.403590441E0,9.880562782E0
2.846892448E1,-7.555337548E-1,2.676970243E0,9.560523033E0
2.848903526E1,-7.399803996E-1,2.584846735E0,9.093922615E0
2.850914604E1,-2.697907388E-1,2.072782516E0,9.065208435E0
2.852925682E1,5.862415582E-2,1.797009826E0,8.784649849E0
2.854936760E1,4.366901144E-2,1.549352646E0,8.526225090E0
2.856947838E1,-3.439682424E-1,1.685743570E0,7.795217991E0
2.858958916E1,-7.926225066E-1,1.816750646E0,7.261618614E0
2.860969989E1,-9.002995491E-1,1.856232166E0,7.055237770E0
2.862981067E1,-1.036092162E0,1.932204247E0,7.005586624E0
2.864992146E1,-1.207777262E0,1.935195327E0,7.819744587E0
2.867003224E1,-1.272981644E0,1.823929071E0,8.712865829E0
2.869014302E1,-1.333400369E0,1.581655741E0,1.045543861E1
2.871025380E1,-1.598405480E0,1.603191137E0,1.140180016E1
2.873036458E1,-2.221137524E0,1.791027784E0,1.094895840E1
2.875047536E1,-2.117648125E0,1.770090580E0,9.744770050E0
2.877058614E1,-1.312463164E0,9.924231768E-1,1.035075283E1
2.879069692E1,-6.675975323E-1,2.470589429E-1,9.908679008E0
2.881080771E1,-3.547359705E-1,1.519442350E-1,9.007183075E0
2.883091843E1,-7.746763229E-1,6.047859192E-1,8.728418350E0
2.885102922E1,-9.637092948E-1,1.131206870E0,9.011968613E0
2.887114000E1,-1.256830096E0,1.323829174E0,1.100638580E1
2.889125078E1,-1.521237016E0,1.592423439E0,1.272503090E1
2.891136156E1,-1.442273855E0,1.958525300E0,1.090409279E1
2.893147234E1,-1.532004714E0,2.404786825E0,9.275178909E0
2.895158312E1,-1.590628862E0,2.298306227E0,1.133958626E1
2.897169390E1,-1.099501967E0,2.028515339E0,1.241336536E1
2.899180468E1,-4.414757788E-1,1.843669891E0,1.080778122E1
2.901191546E1,-6.520441920E-2,1.840080619E0,9.371489525E0
2.903202620E1,7.118647546E-2,1.746162295E0,9.422337532E0
2.905213698E1,-3.098705411E-1,1.570888042E0,9.997811317E0
2.907224776E1,-9.463613629E-1,1.667797327E0,9.497711182E0
2.909235854E1,-1.436291814E0,1.976471543E0,8.607581139E0
2.911246932E1,-1.797009826E0,2.312663078E0,8.560322762E0
2.913258010E1,-9.589236975E-1,2.158325911E0,8.618349075E0
2.915269088E1,1.178465188E-1,1.765304923E0,8.575278282E0
2.917280166E1,3.894318938E-1,1.794616938E0,8.693722725E0
2.919291244E1,2.261217386E-1,2.322234392E0,8.716454506E0
2.921302323E1,8.333004713E-1,2.404188633E0,9.631709099E0
2.923313396E1,4.743770957E-1,2.334198475E0,1.189771271E1
2.925324474E1,-1.794617064E-2,2.335993052E0,1.205683517E1
2.927335552E1,6.580262445E-3,2.614757061E0,1.034955597E1
2.929346630E1,-9.391828626E-2,2.989831924E0,1.010668468E1
2.931357708E1,2.715853751E-1,3.067000389E0,9.492925644E0
2.933368786E1,4.121637046E-1,3.043072224E0,8.774480820E0
2.935379864E1,4.594219327E-1,2.859423161E0,9.605388641E0
2.937390942E1,4.025924206E-1,2.053640127E0,1.274477196E1
2.939402020E1,4.851447940E-1,1.231705427E0,1.380479240E1
2.941413099E1,1.250249892E-1,1.272981644E0,1.323171139E1
2.943424177E1,-7.369893789E-1,2.129014015E0,1.145503998E1
2.945435255E1,7.178467698E-3,2.245065928E0,8.964112282E0
2.947446328E1,1.214955688E0,1.734796405E0,7.977670670E0
2.949457406E1,1.676172256E0,1.278365493E0,8.805587769E0
2.951468484E1,1.663011789E0,1.161715388E0,9.358927727E0
2.953479562E1,1.109073281E0,1.488335729E0,9.261420250E0
2.955490640E1,6.245267391E-1,1.712064624E0,9.074181557E0
2.957501718E1,6.071787477E-1,1.747358680E0,8.450253487E0
2.959512796E1,5.036891699E-1,1.829312921E0,7.680960655E0
2.961523875E1,3.696911037E-1,1.920240164E0,7.729415417E0
2.963534953E1,4.253242314E-1,2.014756680E0,6.987041950E0
2.965546031E1,7.136593461E-1,2.076371908E0,7.092326164E0
2.967557109E1,4.432703853E-1,2.401197433E0,7.705487251E0
2.969568187E1,2.781656384E-1,2.319243431E0,7.462615490E0
2.971579265E1,-1.567298770E-1,2.706880569E0,7.247859955E0
2.973590338E1,-3.631108403E-1,3.050848961E0,7.764111042E0
2.975601416E1,4.815555513E-1,2.764906645E0,9.589835167E0
2.977612494E1,2.224128723E0,1.259821177E0,1.184865952E1
2.979623573E1,2.228316069E0,6.963114142E-1,1.258684540E1
2.981634651E1,-3.816552162E-1,1.197607756E0,1.262094307E1
2.983645729E1,-2.793620348E0,2.190629244E0,1.168774223E1
2.985656807E1,-2.104487419E0,2.279163599E0,1.142333508E1
2.987667885E1,-1.619940877E0,2.161915302E0,1.217827129E1
2.989678963E1,-3.763311863E0,2.426920414E0,1.243310642E1
2.991690041E1,-3.646661758E0,2.629113913E0,1.020359421E1
2.993701120E1,-9.852447510E-1,1.800599098E0,7.814360619E0
2.995712198E1,3.906283081E-1,1.161715388E0,9.368498802E0
2.997723276E1,-1.447657645E-1,6.616154313E-1,1.187737370E1
2.999734354E1,-1.509871125E0,6.849454641E-1,1.211486149E1
3.001745432E1,-2.162513494E0,1.293320656E0,9.681958199E0
3.003756505E1,-1.508674622E0,1.489532113E0,8.535796165E0
3.005767583E1,-1.251446247E0,1.513460279E0,9.226723671E0
3.007778661E1,-1.660020709E0,1.899302959E0,9.679565430E0
3.009789739E1,-1.557727575E0,2.181057930E0,8.880961418E0
3.011800817E1,-7.722834945E-1,2.233101845E0,7.731808186E0
3.013811896E1,-1.076770201E-2,2.162513494E0,7.634898663E0
3.015822974E1,-9.870393574E-2,2.145763636E0,8.844470978E0
3.017834052E1,-8.153542876E-1,2.398804665E0,8.828319550E0
3.019845130E1,-1.334596872E0,2.791227579E0,7.959724426E0
3.021856208E1,-5.682953820E-2,2.287538528E0,8.841479301E0
3.023867286E1,4.564309120E-1,1.778465390E0,1.109372425E1
3.025878364E1,5.443671346E-2,1.749153376E0,1.237926769E1
3.027889442E1,-3.314059377E-1,1.921436548E0,1.178704453E1
3.029900520E1,-5.850451589E-1,2.364108801E0,1.026102161E1
3.031911599E1,-7.890332937E-1,2.820539713E0,9.534799576E0
3.033922672E1,-7.531409264E-1,2.943171740E0,9.310472488E0
3.035933750E1,-5.479564071E-1,2.913261652E0,9.891928673E0
3.037944828E1,-3.314059377E-1,2.743969440E0,9.956535339E0
3.039955906E1,-2.123630047E-1,2.871985435E0,8.480761528E0
3.041966984E1,5.623133108E-2,2.865405083E0,7.778468132E0
3.043978062E1,3.044866920E-1,2.273779631E0,1.039442158E1
3.045989140E1,1.058225870E0,1.197009563E0,1.384487152E1
3.048000218E1,1.685145378E0,5.533402562E-1,1.496172142E1
3.050011296E1,1.140179992E0,1.348953724E0,1.159442234E1
3.052022375E1,-3.314059377E-1,2.484348059E0,7.895118237E0
3.054033453E1,-1.290329576E0,3.145365477E0,6.473183632E0
3.056044531E1,-1.185045362E0,3.017947674E0,6.767500877E0
3.058055609E1,-5.509474277E-1,2.687139750E0,7.499105930E0
3.060066687E1,-3.966103494E-1,2.617149830E0,7.731808186E0
3.062077765E1,-4.253242314E-1,2.757728100E0,7.531409264E0
3.064088843E1,1.094716340E-1,2.268994093E0,9.181859016E0
3.066099922E1,9.266205430E-1,1.869990945E0,1.123789120E1
3.068111000E1,8.243274093E-1,1.821536183E0,1.037168980E1
3.070122073E1,6.161518395E-2,2.690729141E0,7.645666599E0
3.072133151E1,8.973085135E-2,3.337389469E0,5.758327484E0
3.074144229E1,-8.554340899E-2,3.454637766E0,7.278368473E0
3.076155307E1,-3.212364316E-1,2.904288530E0,9.803992271E0
3.078166385E1,4.504488707E-1,1.838884234E0,1.070070267E1
3.080177463E1,5.760720372E-1,1.692323804E0,9.951150894E0
3.082188541E1,-2.650051117E-1,2.440679073E0,1.039621639E1
3.084199620E1,-3.643072546E-1,2.508874655E0,1.155135155E1
3.086210698E1,-1.633101404E-1,2.122433662E0,1.218245792E1
3.088221776E1,2.392822644E-3,2.266601324E0,1.151127148E1
3.090232854E1,3.146561682E-1,2.790031195E0,1.062951660E1
3.092243932E1,4.540380836E-1,3.128017426E0,9.741181374E0
3.094255010E1,5.557330847E-1,3.228515863E0,9.149555206E0
3.096266088E1,1.872383654E-1,3.232703447E0,9.782457352E0
3.098277166E1,-2.763710022E-1,2.974278450E0,1.095254707E1
3.100288244E1,-3.200400174E-1,2.585444927E0,1.247976685E1
3.102299323E1,-6.939185411E-2,2.205584288E0,1.329571915E1
3.104310401E1,6.209374666E-1,1.804188251E0,1.255334568E1
3.106321479E1,5.258227587E-1,1.994417667E0,9.746564865E0
3.108332557E1,-1.298106313E-1,2.553740025E0,6.784848690E0
3.110343635E1,-1.215553880E0,3.136990547E0,5.827121258E0
3.112354713E1,-2.065006018E0,3.180061340E0,6.957131863E0
3.114365786E1,-1.620539188E0,2.661417007E0,7.976474285E0
3.116376870E1,-6.711867452E-1,2.163111687E0,8.562715530E0
3.118387942E1,-1.339980662E-1,2.042872429E0,8.837890625E0
3.120399020E1,4.372883439E-1,1.750349760E0,9.199805260E0
3.122410099E1,8.560323119E-1,1.415952802E0,9.528220177E0
3.124421177E1,6.699903607E-1,1.582852125E0,8.994022369E0
3.126432255E1,-8.255238086E-2,2.134397745E0,8.004590034E0
3.128443333E1,-3.798605800E-1,2.371885538E0,7.603792191E0
3.130454411E1,-5.982056633E-2,2.271985054E0,7.759325504E0
3.132465489E1,3.469592705E-2,2.325823545E0,7.794619560E0
3.134476567E1,-4.127618968E-1,2.633301258E0,7.821538925E0
3.136487646E1,-8.333004713E-1,2.867199659E0,8.696713448E0
3.138498724E1,-1.081555843E0,2.806182861E0,1.024068260E1
3.140509802E1,-8.632107973E-1,2.532204628E0,1.171525955E1
3.142520880E1,-2.542374134E-1,2.337787628E0,1.212862015E1
3.144531958E1,9.870393574E-2,2.581257343E0,1.185165024E1
3.146543036E1,6.771687865E-1,2.603989124E0,1.188873959E1
3.148554114E1,1.715653777E0,2.181057930E0,1.247079372E1
3.150565192E1,7.788637877E-1,2.774477959E0,1.187916756E1
3.152576270E1,-1.194018483E0,3.885943890E0,9.629914284E0
3.154587349E1,-2.579462767E0,4.598406792E0,9.214161873E0
3.156598427E1,-2.292922258E0,3.906881094E0,1.081795120E1
3.158609505E1,-1.068993568E0,3.113660574E0,1.138983536E1
3.160620583E1,2.344966233E-1,2.784049034E0,1.006181908E1
3.162631661E1,7.872386575E-1,2.746362209E0,8.548358917E0
3.164642739E1,6.765705943E-1,2.744567633E0,8.422137260E0
3.166653817E1,4.283152521E-1,3.057429075E0,8.761320114E0
3.168664896E1,3.050848842E-2,3.572484255E0,8.816953659E0
3.170675974E1,-9.104689956E-1,3.895515203E0,9.040681839E0
3.172687052E1,-1.420738459E0,3.867997885E0,9.374481201E0
3.174698130E1,-1.135992527E0,3.464807272E0,9.790233612E0
3.176709208E1,-7.543373108E-1,3.111267567E0,9.164510727E0
3.178720286E1,2.973082066E-1,2.728415966E0,8.417949677E0
3.180731364E1,1.764108539E0,2.361716032E0,8.027321815E0
3.182742442E1,2.525026083E0,2.233700037E0,8.251050949E0
3.184753520E1,2.199602127E0,2.196012974E0,9.315258980E0
3.186764599E1,1.302891970E0,2.335993052E0,9.600603104E0
3.188775677E1,5.940182209E-1,2.347957134E0,8.732605934E0
3.190786755E1,-8.075776696E-2,2.316850424E0,8.615358353E0
3.192797833E1,-6.795616150E-1,2.417349100E0,9.133403778E0
3.194808911E1,-8.392825127E-1,2.702693224E0,9.422935486E0
3.196819989E1,-3.308077157E-1,2.890529871E0,9.333803177E0
3.198831062E1,3.714857101E-1,2.687737942E0,9.591031075E0
3.200842140E1,6.119644046E-1,2.762513638E0,1.068574810E1
3.202853218E1,4.570291340E-1,3.059821844E0,9.994221687E0
3.204864296E1,-2.572284266E-2,3.227917671E0,8.857631683E0
3.206875375E1,-7.716853023E-1,3.537788391E0,7.992625713E0
3.208886453E1,-8.697910309E-1,3.026322365E0,8.726624489E0
3.210897531E1,-2.662015259E-1,2.005185366E0,1.191565895E1
3.212908609E1,6.634100676E-1,9.391828775E-1,1.501615810E1
3.214919687E1,3.762713671E-1,1.000798106E0,1.435454273E1
3.216930765E1,-3.397808075E-1,1.829911113E0,1.060678482E1
3.218941843E1,-1.325623751E0,2.465803623E0,8.179863930E0
3.220952922E1,-1.685145378E0,2.851646423E0,6.963113785E0
3.222964000E1,-1.328614831E0,2.638685226E0,7.400402069E0
3.224975078E1,-9.044869542E-1,2.270788670E0,8.094919205E0
3.226986156E1,-5.503492355E-1,1.996810555E0,8.423932076E0
3.228997234E1,-7.495517135E-1,2.383251429E0,7.651050568E0
3.231008312E1,-1.284945726E0,3.035295486E0,6.966702938E0
3.233019390E1,-4.145565331E-1,2.808575630E0,7.080960274E0
3.235030468E1,1.143171072E0,2.057827473E0,7.812565804E0
3.237041546E1,1.290329576E0,2.134397745E0,8.231309891E0
3.239052625E1,2.297109663E-1,3.041875839E0,8.294719696E0
3.241063703E1,-7.597211599E-1,3.995415688E0,8.346165657E0
3.243074781E1,-3.008974493E-1,3.960121393E0,8.502895355E0
3.245085859E1,5.647061467E-1,3.262613773E0,9.131011009E0
3.247096937E1,1.056431174E0,2.912663460E0,1.004686451E1
3.249108015E1,7.854440212E-1,3.078964472E0,1.064806080E1
3.251119093E1,5.180460811E-1,3.388834953E0,1.052483082E1
3.253130172E1,6.604190469E-1,3.495913982E0,1.028076267E1
3.255141250E1,7.651050687E-1,3.617947817E0,1.053858948E1
3.257152328E1,1.215553880E0,4.090530396E0,1.116431236E1
3.259163406E1,1.487737536E0,4.566701889E0,1.069172955E1
3.261174484E1,1.277767301E0,4.271786690E0,1.201854992E1
3.263185562E1,1.058824062E0,3.086143017E0,1.351107311E1
3.265196640E1,4.474578202E-1,2.364108801E0,1.387059498E1
3.267207718E1,-1.495514214E-1,2.379662037E0,1.240738392E1
3.269218796E1,-4.791627228E-1,2.761915445E0,9.750752449E0
3.271229875E1,-5.629115105E-1,3.162115097E0,7.108478069E0
3.273240953E1,-2.428714931E-1,3.023331404E0,7.964509964E0
3.275252031E1,9.212367237E-2,2.349153519E0,1.010249710E1
3.277263109E1,4.642075896E-1,1.862214208E0,1.053499985E1
3.279274187E1,4.779663086E-1,1.877767563E0,9.519845009E0
3.281285265E1,3.176472187E-1,2.087737799E0,8.435297966E0
3.283296343E1,-2.243271172E-1,2.382653236E0,7.642077446E0
3.285307422E1,-6.921239495E-1,2.560320139E0,7.152146816E0
3.287318500E1,-5.904290080E-1,2.595614433E0,7.097112179E0
3.289329578E1,5.144568533E-2,2.407777786E0,6.961917400E0
3.291340656E1,4.037888348E-1,2.335394859E0,6.868597507E0
3.293351734E1,2.416750938E-1,2.577069998E0,7.231708050E0
3.295362812E1,-3.948157281E-2,2.963510752E0,7.442874908E0
3.297373890E1,1.016949583E-2,3.124428272E0,7.627122402E0
3.299384968E1,4.504488707E-1,3.209373474E0,8.203194618E0
3.301396046E1,6.825526357E-1,3.281157970E0,8.887541771E0
3.303407125E1,4.713860750E-1,3.471985579E0,9.090931892E0
3.305418203E1,-1.046859920E-1,3.670589924E0,9.795019150E0
3.307429281E1,5.982056609E-4,3.434896946E0,1.134377384E1
3.309440359E1,3.744767308E-1,3.195016384E0,1.201854992E1
3.311451437E1,8.147560954E-1,2.920439959E0,1.202034473E1
3.313462515E1,8.500502706E-1,3.109472990E0,1.075753212E1
3.315473593E1,3.553341627E-1,3.230908871E0,8.824729919E0
3.317484672E1,-6.251249313E-1,3.322434187E0,7.777870178E0
3.319495750E1,-1.404586911E0,3.086143017E0,9.686744690E0
3.321506828E1,-7.136593461E-1,1.929213285E0,1.383769321E1
3.323517906E1,3.529413417E-2,1.277169108E0,1.593380642E1
3.325528984E1,4.366901144E-2,1.395613790E0,1.459262848E1
3.327540062E1,-3.134597540E-1,1.858624935E0,1.150588799E1
3.329551140E1,-5.443671346E-1,2.143969059E0,9.369096756E0
3.331562218E1,-5.563312769E-1,2.178664923E0,8.254639626E0
3.333573302E1,-1.127617717E0,2.249851465E0,8.343772888E0
3.335584380E1,-1.836491346E0,2.394019127E0,8.326424599E0
3.337595453E1,-2.106282234E0,2.480758905E0,8.274380684E0
3.339606536E1,-1.826920033E0,2.281556368E0,8.974879265E0
3.341617614E1,-1.229312658E0,1.999801517E0,1.008455086E1
3.343628692E1,-7.357929349E-1,1.804188251E0,1.057208824E1
3.345639770E1,-1.025922656E0,2.197209358E0,9.110671997E0
3.347650849E1,-1.512862086E0,2.835494757E0,7.412366390E0
3.349661927E1,-1.561316729E0,3.221337557E0,6.976274490E0
3.351673005E1,-8.464609981E-1,2.867797852E0,7.667201996E0
3.353684083E1,-3.828516304E-1,2.494517565E0,8.478368759E0
3.355695161E1,-5.084748268E-1,2.633899450E0,9.029315948E0
3.357706239E1,-5.958128572E-1,3.087339401E0,8.726624489E0
3.359717317E1,-6.460621208E-2,3.200400352E0,7.896913052E0
3.361728396E1,2.201396823E-1,3.274577856E0,7.639684677E0
3.363739474E1,2.751746029E-2,3.227319479E0,8.846264839E0
3.365750552E1,-3.894318938E-1,3.335594654E0,1.013659477E1
3.367761630E1,-9.828519225E-1,3.882354736E0,9.138788223E0
3.369772708E1,-9.337990284E-1,4.296313286E0,8.446663857E0
3.371783786E1,-1.313061476E0,3.655036688E0,1.210648632E1
3.373794864E1,4.576273263E-1,3.739383698E0,1.177149105E1
3.375805942E1,6.556333899E-1,2.468794823E0,1.472184086E1
3.377817020E1,8.536394835E-1,2.340180635E0,1.353799248E1
3.379828099E1,4.875376225E-1,2.427518606E0,1.152622700E1
3.381839177E1,-5.144568533E-2,2.785843849E0,9.653842926E0
3.383850255E1,3.990031779E-1,2.614158630E0,8.870791435E0
3.385861333E1,5.108676553E-1,2.482553482E0,8.671588898E0
3.387872411E1,3.284149170E-1,2.574079037E0,7.950153351E0
3.389883489E1,3.499503136E-1,2.761317253E0,7.937591076E0
3.391894567E1,7.429714203E-1,2.746362209E0,8.260024071E0
3.393905646E1,1.104885817E0,2.670390129E0,8.871988297E0
3.395916724E1,9.589236975E-1,2.562713146E0,9.254241943E0
3.397927802E1,6.011967063E-1,2.695514679E0,8.590831757E0
3.399938880E1,1.447657645E-1,2.870789051E0,7.966903210E0
3.401949958E1,3.547359705E-1,2.923431158E0,7.668398380E0
3.403961036E1,5.066801906E-1,2.929413080E0,7.545766354E0
3.405972114E1,4.785645306E-1,2.940180779E0,7.571488857E0
3.407983192E1,2.566302419E-1,3.014358282E0,8.000402451E0
3.409994271E1,1.674975902E-1,3.093919754E0,8.230711937E0
3.412005349E1,2.518445849E-1,3.163311481E0,8.030312538E0
3.414016427E1,6.161518097E-1,3.059223652E0,8.143971443E0
3.416027505E1,8.117650747E-1,2.974876642E0,8.629117012E0
3.418038583E1,3.918247223E-1,3.056232691E0,8.760123253E0
3.420049661E1,9.152546525E-2,3.212364435E0,8.824729919E0
3.422060739E1,-2.147558331E-1,3.641277790E0,8.812766075E0
3.424071817E1,-6.478567123E-1,3.961317778E0,8.734998703E0
3.426082896E1,-1.095912814E0,4.088735580E0,7.864011765E0
3.428093974E1,-5.018945336E-1,3.292523861E0,9.313464165E0
3.430105052E1,4.486542568E-2,2.673979282E0,1.035613632E1
3.432116130E1,-1.190429255E-1,2.556730986E0,1.121216869E1
3.434127208E1,-6.550351977E-1,2.953341246E0,1.098784161E1
3.436138286E1,-2.470589429E-1,3.236890793E0,9.387042999E0
3.438149364E1,5.084748268E-1,3.171088219E0,8.161917686E0
3.442633563E1,-6.149554253E-1,5.103292465E0,7.833503246E0
3.444644630E1,-6.711867452E-1,4.959125042E0,8.702695847E0
3.446655703E1,-1.877767563E0,5.142774105E0,9.707083702E0
3.448666776E1,-2.358724833E0,5.410770416E0,9.300303459E0
3.450677844E1,-1.755135417E0,4.974678040E0,8.875576973E0
3.452688917E1,-1.743769526E0,4.990829945E0,9.088538170E0
3.454699990E1,-1.679761529E0,5.230710506E0,8.943773270E0
3.456711057E1,-1.290329576E0,5.207380295E0,9.404989243E0
3.458722130E1,-1.232901812E0,5.197210789E0,1.015035343E1
3.460733198E1,-1.521237016E0,5.181657314E0,1.083051395E1
3.462744271E1,-1.570289850E0,4.833501816E0,1.161715412E1
3.464755344E1,-1.559522152E0,4.500899315E0,1.154417324E1
3.466766412E1,-1.678565025E0,4.341776848E0,1.107278633E1
3.468777485E1,-2.233700037E0,4.489533424E0,1.134437180E1
3.470788558E1,-2.925225735E0,4.309473515E0,1.094178009E1
3.472799625E1,-3.032304525E0,4.004986763E0,1.009830952E1
3.474810698E1,-2.394617319E0,3.796213150E0,9.456435204E0
3.476821766E1,-1.756331801E0,3.553341627E0,9.314660072E0
3.478832839E1,-1.859821439E0,3.267399311E0,1.039920712E1
3.480843912E1,-2.029113531E0,2.420938253E0,1.268973637E1
3.482854979E1,-2.104487419E0,1.846062660E0,1.359721470E1
3.484866052E1,-1.679163337E0,1.974676847E0,1.283868980E1
3.486877120E1,-1.588235974E0,2.275574446E0,1.107159042E1
3.488888193E1,-1.848455548E0,2.426920414E0,9.696913719E0
3.490899266E1,-2.054238319E0,2.340180635E0,1.007797050E1
3.492910334E1,-2.106880426E0,2.203191519E0,1.093998528E1
3.494921406E1,-1.581655741E0,2.112264156E0,1.006660461E1
3.496932474E1,-1.091127157E0,2.170290232E0,8.322237015E0
3.498943547E1,-1.398006678E0,2.520838737E0,7.028318405E0
3.500954615E1,-1.889731646E0,2.844467878E0,7.086344242E0
3.502965688E1,-9.266205430E-1,2.566900492E0,7.599006653E0
3.504976755E1,2.727817893E-1,2.308475733E0,6.349953175E0
3.506987828E1,-5.521438122E-1,2.810370207E0,5.580062389E0
3.508998896E1,-1.862214208E0,3.452843189E0,5.779862881E0
3.511009969E1,-1.810170293E0,3.345165968E0,7.838288784E0
3.513021042E1,-3.966103494E-1,2.535195589E0,1.053619671E1
3.515032110E1,1.800599098E-1,2.132603168E0,1.156331539E1
3.517043182E1,-7.076773047E-1,2.715255499E0,1.038066292E1
3.519054250E1,-1.900499344E0,3.519842148E0,9.857831001E0
3.521065323E1,-2.423929453E0,3.932604074E0,1.010668468E1
3.523076391E1,-1.922633052E0,3.857828379E0,1.071745300E1
3.525087464E1,-8.733802438E-1,3.452244759E0,1.167218876E1
3.527098531E1,-1.375873014E-2,3.038884640E0,1.197966671E1
3.529109604E1,1.645065546E-1,3.248256683E0,1.133300591E1
3.531120672E1,-5.443671346E-2,3.880560160E0,9.832108498E0
3.533131745E1,-3.834498227E-1,4.375276089E0,9.640682220E0
3.535142813E1,-5.730810165E-1,3.953541279E0,1.097169018E1
3.537153886E1,-5.126622319E-1,3.373879910E0,1.155793190E1
3.539164953E1,1.250249892E-1,3.167499065E0,1.028016472E1
3.541176026E1,9.972088337E-1,3.192025423E0,8.436494827E0
3.543187094E1,1.397408366E0,3.220739365E0,7.483552933E0
3.545198167E1,7.537391186E-1,3.130410194E0,7.649255753E0
3.547209235E1,-6.580262631E-2,3.161516905E0,7.721040249E0
3.549220302E1,-3.493520916E-1,3.167499065E0,7.278368473E0
3.551231375E1,-5.264210105E-1,3.423531055E0,6.193223000E0
3.553242443E1,-6.364908218E-1,3.701696634E0,5.112864017E0
3.555253516E1,-6.592226624E-1,3.627519131E0,5.231308460E0
3.557264583E1,-2.536391914E-1,3.081955671E0,7.293323517E0
3.559275656E1,2.057827413E-1,2.939582586E0,7.639684677E0
3.561286724E1,3.302095234E-1,3.205784082E0,6.790830612E0
3.563297797E1,2.608176768E-1,3.451646566E0,7.186842918E0
3.565308865E1,5.240281820E-1,3.096910715E0,9.762118340E0
3.567319938E1,-9.571290761E-2,3.128017426E0,1.111107159E1
3.569331005E1,-9.798609018E-1,3.666402578E0,1.126780224E1
3.571342073E1,-1.007378340E0,4.402793884E0,1.082931709E1
3.573353146E1,-6.185446382E-1,4.531407833E0,1.071984577E1
3.575364214E1,-1.428515077E0,4.335794449E0,1.208854008E1
3.577375287E1,-1.880160451E0,4.393222332E0,1.167159081E1
3.579386354E1,-1.493121386E0,4.654039860E0,9.683753014E0
3.581397427E1,-5.563312769E-1,4.365106583E0,9.504291534E0
3.583408495E1,2.865405083E-1,4.228117466E0,9.996614456E0
3.585419563E1,2.309073806E-1,3.744169235E0,1.072522926E1
3.587430636E1,2.650051117E-1,2.957528830E0,1.198505020E1
3.589441703E1,7.746763229E-1,2.029711723E0,1.410748386E1
3.591452776E1,1.220937729E0,2.024327993E0,1.369711494E1
3.593463844E1,1.018744230E0,2.711666346E0,1.095374393E1
3.595474912E1,2.536391914E-1,3.176471949E0,9.994221687E0
3.597485985E1,3.409772366E-2,3.144767046E0,9.773484230E0
3.599497052E1,3.966103494E-1,3.077768087E0,8.579465866E0
3.601508125E1,1.351944804E-1,3.343969584E0,7.599006653E0
3.603519193E1,-3.565305769E-1,3.497110367E0,7.514659405E0
3.605530261E1,-3.559323549E-1,3.279363394E0,7.503891945E0
3.607541334E1,6.400800496E-2,2.676970243E0,7.540980339E0
3.609552401E1,5.904290080E-1,2.118246317E0,7.418348312E0
3.611563469E1,6.568298340E-1,2.042872429E0,6.707081795E0
3.613574542E1,3.074777126E-1,2.073380709E0,5.741578102E0
3.615585610E1,-8.315058798E-2,1.972284079E0,5.626124382E0
3.617596682E1,-2.512463629E-1,1.890928149E0,6.320042610E0
3.619607750E1,-2.745763958E-1,1.962712765E0,7.063014030E0
3.621618818E1,-1.049252748E0,2.484946251E0,7.649854183E0
3.623629891E1,-1.890329838E0,3.227917671E0,8.148757935E0
3.625640958E1,-1.413560033E0,3.082553864E0,8.864211082E0
3.627652026E1,-8.488538265E-1,2.611167669E0,9.429515839E0
3.629663099E1,-1.746760488E0,2.808575630E0,9.905089378E0
3.631674167E1,-3.684946775E0,3.732803345E0,9.818947792E0
3.633685235E1,-4.052843571E0,4.517649174E0,8.616554260E0
3.635696307E1,-3.050848961E0,4.417748928E0,8.572287560E0
3.637707375E1,-2.423331022E0,4.148556232E0,1.020479012E1
3.639718443E1,-1.869392633E0,3.867997885E0,1.179003525E1
3.641729516E1,-1.356132269E0,3.893720627E0,1.184148121E1
3.643740584E1,-3.649054468E-2,3.508476257E0,1.063310528E1
3.645751651E1,8.566305041E-1,3.517449379E0,8.093722343E0
3.647762724E1,-2.752942562E0,4.887340069E0,7.306483746E0
3.649773792E1,-4.773082733E0,5.002195835E0,9.942177773E0
3.651784860E1,-1.120439172E0,2.487339020E0,1.422293758E1
3.653795927E1,7.094719410E-1,1.360917926E0,1.580100441E1
3.655807000E1,7.064808607E-1,1.651645780E0,1.205922794E1
3.657818068E1,-1.603789330E0,2.676372051E0,8.556135178E0
3.659829136E1,-3.331407309E0,3.528217077E0,7.438687325E0
3.661840208E1,-2.997010469E0,3.270390272E0,8.806783676E0
3.663851276E1,-9.361918569E-1,2.093121529E0,1.081017494E1
3.665862344E1,7.471588850E-1,1.180259824E0,1.170808125E1
3.667873412E1,-1.136590764E-1,1.708475351E0,1.049432182E1
3.669884485E1,-2.633301258E0,2.965305567E0,8.554341316E0
3.671895552E1,-3.605983734E0,3.617349625E0,8.849256516E0
3.673906620E1,-1.769492388E0,2.989831924E0,1.144487095E1
3.675917688E1,8.554341197E-1,1.582253933E0,1.365224934E1
3.677928761E1,1.232901812E0,1.233500123E0,1.282194042E1
3.679939828E1,-3.409772366E-2,2.121237278E0,9.338588715E0
3.681950896E1,-4.941178858E-1,2.757129908E0,7.794619560E0
3.683961964E1,3.840480447E-1,2.682952404E0,7.547560692E0
3.685973037E1,4.510470629E-1,2.711068153E0,7.872984886E0
3.687984104E1,-5.425725579E-1,2.952743053E0,8.120043755E0
3.689995172E1,-1.712662816E0,3.206382275E0,8.124231339E0
3.692006240E1,-2.286940336E0,3.201596737E0,8.667402267E0
3.694017313E1,-2.057229280E0,2.894717216E0,9.285946846E0
3.696028380E1,-2.051845312E0,2.254637241E0,9.708877563E0
3.698039448E1,-1.666600943E0,1.384247899E0,8.132605553E0
3.700050516E1,-1.524826288E0,1.430309772E0,5.155336380E0
3.702061584E1,-2.544766903E0,2.270190477E0,3.845864296E0
3.704072656E1,-3.221935749E0,2.118844509E0,6.020939827E0
3.706083724E1,-3.391826153E0,1.338784218E0,1.123549843E1
3.708094792E1,-3.189034462E0,9.445667267E-1,1.529552078E1
3.710105860E1,-2.837289333E0,1.627717614E0,1.317847061E1
3.712116927E1,-2.103889227E0,2.265404940E0,7.743174076E0
3.714128000E1,-2.359323025E0,3.135195971E0,5.569294930E0
3.716139068E1,-3.440280676E0,3.545564890E0,8.236095428E0
3.718150136E1,-2.376671076E0,3.091526747E0,9.165707588E0
3.720161203E1,-4.199403822E-1,2.501097918E0,8.428717613E0
3.722172271E1,1.298106313E0,2.066800594E0,8.435895920E0
3.724183344E1,-1.387837082E-1,2.129014015E0,1.209332561E1
3.726194412E1,-2.240280151E0,2.744567633E0,1.487079430E1
3.728205479E1,-2.000399828E0,2.483749866E0,1.354696560E1
3.730216547E1,-1.259222865E0,2.694916487E0,9.802198410E0
3.732227615E1,-5.413761139E-1,2.854637384E0,8.165507317E0
3.734238688E1,-1.932204217E-1,2.953341246E0,8.005785942E0
3.736249755E1,-6.323033571E-1,2.956930637E0,8.730812073E0
3.738260823E1,-1.350748420E0,3.111865759E0,9.518050194E0
3.740271891E1,-1.741974831E0,3.107080221E0,9.790233612E0
3.742282958E1,-1.572682738E0,3.028116941E0,1.064925671E1
3.744294026E1,-1.076770186E0,2.740978241E0,1.166620636E1
3.746305094E1,-2.344966233E-1,2.397608280E0,1.210947704E1
3.748316167E1,5.108676553E-1,2.262413740E0,1.082931709E1
3.750327235E1,3.774677813E-1,2.724228621E0,8.684151649E0
3.752338302E1,3.403790295E-1,3.007778168E0,7.444669247E0
3.754349370E1,1.194018483E0,2.340778828E0,9.425926208E0
3.756360438E1,1.301695466E0,1.460219979E0,1.230329609E1
3.758371505E1,3.637090325E-1,1.734198213E0,1.217767239E1
3.760382573E1,-8.458628058E-1,2.689532757E0,9.289535522E0
3.762393641E1,-9.702895880E-1,3.147758245E0,6.698707104E0
3.764404714E1,-8.949156404E-1,2.950350285E0,5.969494343E0
3.766415781E1,-1.193420291E0,2.188834429E0,7.930412292E0
3.768426849E1,-1.956730723E0,1.858624935E0,9.493523598E0
3.770437917E1,-2.403590441E0,1.935195327E0,9.149555206E0
3.772448985E1,-2.565704107E0,2.200798512E0,8.971888542E0
3.774460052E1,-2.143969059E0,2.032702923E0,9.248259544E0
3.776471120E1,-1.479362607E0,1.733001828E0,9.201001167E0
3.778482193E1,-9.649057388E-1,1.768894196E0,8.120641708E0
3.780493261E1,-8.757730722E-1,2.131406784E0,7.147959232E0
3.782504328E1,-4.384847581E-1,2.233101845E0,7.244868755E0
3.784515396E1,-4.366901219E-1,2.159522533E0,8.356932640E0
3.786526464E1,-5.928218365E-1,1.962712765E0,9.931410789E0
3.788537531E1,-1.066002488E0,1.818545222E0,1.149033451E1
3.790548599E1,-2.158325911E0,2.145165443E0,1.231884956E1
3.792559667E1,-2.690130949E0,2.254637241E0,1.262931824E1
3.794570735E1,-2.420938253E0,2.133799553E0,1.285723400E1
3.796581802E1,-1.719841242E0,2.050648928E0,1.220578861E1
3.798592870E1,-1.126421213E0,2.271985054E0,1.143470097E1
3.800603938E1,-6.831508875E-1,2.529213428E0,9.291330338E0
3.802615011E1,-1.144965649E0,2.567498684E0,7.571488857E0
3.804626073E1,-2.444268227E0,2.340778828E0,8.934201241E0
3.806637146E1,-2.636890650E0,1.057029366E0,1.360858059E1
3.808648214E1,-2.085943222E0,-2.171486616E-1,1.841396713E1
3.810659281E1,-2.079961061E0,1.806581169E-1,1.661217117E1
3.812670349E1,-1.932802439E0,1.345962763E0,1.072223854E1
3.814681417E1,-1.462612867E0,1.947757602E0,6.661618233E0
3.816692485E1,-1.236491084E0,2.027917147E0,5.913262844E0
3.818703552E1,-1.809572101E0,1.883151412E0,7.688737392E0
3.820714620E1,-1.316650629E0,1.652842283E0,9.907482147E0
3.822725688E1,-9.684949517E-1,1.599601984E0,1.011805058E1
3.824736755E1,-2.351546526E0,2.425724030E0,8.672785759E0
3.826747823E1,-3.211168051E0,3.078366280E0,7.311269760E0
3.828758891E1,-2.374278307E0,2.888735056E0,6.407979012E0
3.830769958E1,-1.266401410E0,2.258226395E0,7.185646534E0
3.832781026E1,-2.739782035E-1,1.857428551E0,7.955537319E0
3.834792094E1,-2.566302419E-1,2.115255117E0,7.561917782E0
3.836803162E1,-7.052844763E-1,2.633301258E0,7.348956585E0
3.838814229E1,-1.102493048E0,3.011965513E0,8.058428764E0
3.840825297E1,-1.024726272E0,3.131008387E0,8.602197647E0
3.842836365E1,-5.282155871E-1,3.032902718E0,8.737391472E0
3.844847432E1,-3.068794906E-1,3.037090063E0,9.165707588E0
3.846858505E1,-7.058826834E-2,2.880958557E0,1.020778179E1
3.848869568E1,2.344966233E-1,2.717050076E0,1.055174923E1
3.850880641E1,-5.461617708E-1,3.175873756E0,9.961320877E0
3.852891708E1,-1.173081279E0,4.413561344E0,7.669594765E0
3.854902771E1,-5.264210105E-1,4.600201607E0,5.944967747E0
3.856913839E1,-5.096712112E-1,4.064209461E0,7.645666599E0
3.858924906E1,1.926222295E-1,2.550150633E0,1.187976646E1
3.860935979E1,4.666004181E-1,1.495514154E0,1.531406498E1
3.862947042E1,2.889333367E-1,1.852044702E0,1.364686584E1
3.864958110E1,8.973085135E-2,2.924627542E0,9.476176262E0
3.866969182E1,-4.247260094E-1,3.727419376E0,7.057032108E0
3.868980245E1,-7.196413875E-1,3.806980848E0,7.182057381E0
3.870991313E1,-9.631111026E-1,3.393022537E0,8.307880402E0
3.873002380E1,-1.371087432E0,3.299702406E0,8.440083504E0
3.875013448E1,-1.813759565E0,3.553341627E0,8.024331093E0
3.877024516E1,-1.803590059E0,3.720241070E0,7.384849072E0
3.879035584E1,-1.169492126E0,3.354139090E0,8.571688652E0
3.881046651E1,-4.175475538E-1,2.679363251E0,1.036750221E1
3.883057719E1,-4.618147612E-1,2.498705149E0,1.068634605E1
3.885068787E1,-5.706881881E-1,2.724826813E0,8.855836868E0
3.887079854E1,-3.978067636E-1,3.181257725E0,6.945167542E0
3.889090922E1,-2.518445849E-1,3.562912941E0,6.744170666E0
3.891101990E1,1.316052489E-2,3.489931822E0,9.148957253E0
3.893113058E1,7.118647546E-2,3.491128206E0,1.101894855E1
3.895124125E1,-3.134597540E-1,3.827319860E0,1.115832996E1
3.897135193E1,-1.163509965E0,4.450051785E0,1.078744221E1
3.899146261E1,-1.742573142E0,4.439882278E0,1.051525879E1
3.901157328E1,-1.610369682E0,4.104887009E0,1.087837029E1
3.903168396E1,-9.810572863E-1,3.448057413E0,1.190728378E1
3.905179464E1,-1.196411345E-2,2.661417007E0,1.281117249E1
3.907190531E1,2.578266263E-1,2.617149830E0,1.237448215E1
3.909201599E1,-1.256231871E-2,2.577069998E0,1.091964626E1
3.911212667E1,-4.713860750E-1,2.760719061E0,8.688339233E0
3.913223735E1,-4.271188378E-1,2.192423820E0,9.848857880E0
3.915234797E1,-2.338984162E-1,1.235892892E0,1.259462166E1
3.917245870E1,-4.031906128E-1,1.076770186E0,1.260598755E1
3.919256932E1,-3.230310678E-1,1.596012712E0,1.011864853E1
3.921268000E1,5.563312769E-2,1.950748682E0,7.780262947E0
3.923279068E1,1.363908947E-1,2.331805706E0,6.826124668E0
3.925290136E1,-2.793620527E-1,2.408375978E0,7.466803074E0
3.927301203E1,-6.346961856E-1,2.352144718E0,8.468797684E0
3.929312271E1,-1.153938770E0,2.495713949E0,9.655637741E0
3.931323339E1,-1.285543919E0,2.575873613E0,1.043450165E1
3.933334406E1,-7.519445419E-1,2.343171597E0,1.049312592E1
3.935345474E1,-2.715853751E-1,2.158924341E0,1.004686451E1
3.937356542E1,-4.055834413E-1,2.329412937E0,8.913264275E0
3.939367610E1,-2.703889608E-1,2.452643156E0,7.073781967E0
3.941378672E1,-4.606183618E-2,2.451446772E0,5.622535229E0
3.943389740E1,-4.839483798E-1,2.628515720E0,5.147559643E0
3.945400808E1,-1.478764415E0,2.869592667E0,5.420939922E0
3.947411875E1,-1.703091502E0,2.862414122E0,5.327619553E0
3.949422943E1,-1.178465128E0,2.816950560E0,6.521039963E0
3.951434011E1,-4.307080805E-1,2.813959360E0,7.926225185E0
3.953445078E1,-7.758727670E-1,3.411566973E0,8.316255569E0
3.955456146E1,-1.918445587E0,4.123431683E0,9.450452805E0
3.957467214E1,-2.158325911E0,4.255635262E0,1.125523949E1
3.959478276E1,-1.033699393E0,3.779463291E0,1.258205986E1
3.961489344E1,1.034895778E-1,3.461217880E0,1.317966747E1
3.963500412E1,7.525427341E-1,3.193820000E0,1.385504150E1
3.965511479E1,4.725824594E-1,2.712264538E0,1.418405437E1
3.967522547E1,-1.639083505E0,2.966501951E0,1.332084370E1
3.969533615E1,-3.147160053E0,4.253840446E0,1.056012440E1
3.971544682E1,-2.252244234E0,4.614558697E0,1.018684387E1
3.973555750E1,-5.682953820E-2,3.269193888E0,1.247258759E1
3.975566813E1,1.799402595E0,1.456032634E0,1.432822227E1
3.977577880E1,2.174477577E0,9.176474810E-1,1.307019520E1
3.979588948E1,8.554341197E-1,1.930409670E0,9.607182503E0
3.981600016E1,-7.375875711E-1,2.960519791E0,7.268796921E0
3.983611084E1,-1.813759565E0,3.342175007E0,6.745965004E0
3.985622151E1,-2.009372711E0,3.125624657E0,6.982256413E0
3.987633219E1,-1.518844128E0,2.769093990E0,6.948158741E0
3.989644281E1,-1.411167145E0,2.544766903E0,7.800601959E0
3.991655349E1,-1.124626637E0,2.293520451E0,8.635098457E0
3.993666417E1,-3.888336718E-1,1.879562140E0,8.096115112E0
3.995677485E1,-1.609173268E-1,1.660020709E0,7.852645874E0
3.997688552E1,-4.761717021E-1,1.712064624E0,7.597810268E0
3.999699620E1,-3.278166950E-1,1.768295884E0,6.774080753E0
4.001710688E1,-1.992024779E-1,1.898106575E0,6.198009014E0
4.003721750E1,-1.561316848E-1,2.099701881E0,5.969494343E0
4.005732818E1,-8.913264424E-2,2.271386862E0,5.918048382E0
4.007743886E1,4.546362907E-2,2.603989124E0,6.003592014E0
4.009754953E1,1.513460279E-1,2.865405083E0,6.961319447E0
4.011766021E1,1.411765367E-1,3.145963669E0,8.364111900E0
4.013777089E1,-1.794617027E-1,3.448057413E0,1.016231823E1
4.015788151E1,-3.595215976E-1,3.538386583E0,1.167757225E1
4.017799219E1,-4.899304509E-1,3.501297712E0,1.261316681E1
4.019810287E1,-5.922235847E-1,3.449851990E0,1.410210037E1
4.021821354E1,-9.056833982E-1,3.287140131E0,1.528714561E1
4.023832422E1,-1.229312658E0,3.587439299E0,1.414098358E1
4.025843490E1,-1.745564103E0,4.229313850E0,1.220818138E1
4.027854552E1,-1.668395638E0,4.191627026E0,1.177388382E1
4.029865620E1,-1.068395257E0,3.195016384E0,1.307258797E1
4.031876688E1,-3.463610709E-1,2.006979942E0,1.386760330E1
4.033887755E1,-7.399803996E-1,1.732403636E0,1.319462204E1
4.035898823E1,-1.348953724E0,2.279163599E0,9.860223770E0
4.037909891E1,-1.369292736E0,2.974876642E0,5.794219971E0
4.039920953E1,-1.331007600E0,3.477967739E0,4.015754700E0
4.041932021E1,-1.275972724E0,3.358924866E0,4.718646049E0
4.043943089E1,-1.487139225E0,3.019144058E0,5.901299000E0
4.045954156E1,-1.878365755E0,2.728415966E0,7.797610760E0
4.047965224E1,-1.915454507E0,2.333600283E0,9.347561836E0
4.049976287E1,-1.131805062E0,2.033899307E0,8.626724243E0
4.051987354E1,-4.414757788E-1,1.983649969E0,6.798607349E0
4.053998422E1,-5.934200287E-1,2.262413740E0,5.648856163E0
4.056009490E1,-9.451649189E-1,2.569891453E0,5.839683533E0
4.058020557E1,-1.252044439E0,2.709273338E0,6.943971157E0
4.060031625E1,-1.120439172E0,2.922832966E0,8.791828156E0
4.062042688E1,-2.973082066E-1,2.825325251E0,1.051645565E1
4.064053755E1,-3.116651475E-1,2.986840963E0,1.036510944E1
4.066064823E1,-8.111668825E-1,3.690330744E0,8.872586250E0
4.068075891E1,-6.568298340E-1,4.076771736E0,8.752944946E0
4.070086958E1,-6.143572330E-1,4.010969162E0,9.699904442E0
4.072098021E1,-1.290927768E0,4.004986763E0,1.022273636E1
4.074109089E1,-1.724626899E0,3.872185230E0,1.124507046E1
4.076120156E1,-2.016551256E0,3.812364578E0,1.257488155E1
4.078131224E1,-2.164906263E0,3.749552965E0,1.305583858E1
4.080142292E1,-1.855035782E0,3.934996843E0,1.157109165E1
4.082153354E1,-1.449452281E0,4.155734539E0,9.701101303E0
4.084164422E1,-2.044068813E0,4.452444553E0,9.311669350E0
4.086175490E1,-2.343769789E0,4.180261135E0,1.053978539E1
4.088186558E1,-1.599601984E0,3.247658491E0,1.301097298E1
4.090197620E1,-3.714857101E-1,2.129612207E0,1.521117401E1
4.092208688E1,4.857429862E-1,1.497308731E0,1.551326752E1
4.094219755E1,5.066801906E-1,1.869392633E0,1.232662582E1
4.096230823E1,-1.920240223E-1,2.677568436E0,8.499904633E0
4.098241891E1,-1.368694544E0,3.668795347E0,6.664609432E0
4.100252953E1,-1.509272933E0,3.943371773E0,6.857829571E0
4.102264021E1,-7.238288522E-1,3.399004459E0,7.530810833E0
4.104275089E1,-3.290131092E-1,2.963510752E0,8.496315002E0
4.106286156E1,-2.949153781E-1,2.815155745E0,8.865407944E0
4.108297219E1,-2.404786795E-1,2.940778971E0,7.918448448E0
4.110308287E1,-1.316052526E-1,2.984447956E0,7.264011383E0
4.112319354E1,4.785645287E-3,2.882753134E0,7.189235687E0
4.114330422E1,1.692921966E-1,2.638087034E0,7.569694519E0
4.116341490E1,4.588237405E-1,2.381456852E0,7.843672752E0
4.118352552E1,4.331009090E-1,2.303689957E0,7.948956966E0
4.120363620E1,-9.990034252E-2,2.731407166E0,7.387839794E0
4.122374688E1,-7.280163169E-1,3.494717360E0,6.828517437E0
4.124385755E1,-6.825526357E-1,4.064807415E0,7.223333359E0
4.126396818E1,1.818545163E-1,4.150351048E0,7.724629879E0
4.128407886E1,8.135596663E-2,4.299304008E0,9.175876617E0
4.130418953E1,-2.919243574E-1,4.234697819E0,1.022692394E1
4.132430021E1,-8.536394835E-1,3.872185230E0,1.074138069E1
4.134441084E1,-9.182456732E-1,3.484548092E0,1.079521942E1
4.136452151E1,-9.415757060E-1,3.245265722E0,1.007139015E1
4.138463219E1,-1.467398524E0,3.422932863E0,1.005224800E1
4.140474287E1,-1.599601984E0,3.460021496E0,1.107637596E1
4.142485349E1,-1.011565804E0,2.745165825E0,1.273878956E1
4.144496417E1,5.563312769E-2,1.693520188E0,1.347099304E1
4.146507485E1,2.727817893E-1,1.449452281E0,1.248036480E1
4.148518552E1,-2.667997181E-1,1.994417667E0,9.735198975E0
4.150529615E1,-7.190431952E-1,2.436491728E0,7.630113125E0
4.152540682E1,-1.416550994E0,2.766103029E0,7.632505894E0
4.154551750E1,-1.796411633E0,2.635095835E0,8.510671616E0
4.156562818E1,-2.096710920E0,2.659622431E0,7.913662910E0
4.158573880E1,-3.121437073E0,3.011367321E0,6.731009960E0
4.160584948E1,-4.077968121E0,3.391227961E0,5.717051506E0
4.162596016E1,-3.360719442E0,2.854039192E0,6.037689686E0
4.164607083E1,-1.697109461E0,1.861616015E0,8.581858635E0
4.166618146E1,-9.768698215E-1,1.059422255E0,1.235175037E1
4.168629214E1,-1.831705689E0,1.429113269E0,1.191326618E1
4.170640281E1,-2.228316069E0,2.322234392E0,8.943174362E0
4.172651344E1,-1.978266120E0,2.947957516E0,7.176074982E0
4.174662412E1,-8.955138922E-1,3.067000389E0,6.932605267E0
4.176673479E1,-1.615155302E-2,2.919243574E0,7.279564857E0
4.178684547E1,5.324030295E-2,2.974278450E0,8.599804878E0
4.180695610E1,-1.848455518E-1,3.113062143E0,9.791430473E0
4.182706677E1,-5.587241054E-1,3.196212769E0,1.082632637E1
4.184717745E1,-1.131805062E0,3.559921980E0,1.068574810E1
4.186728813E1,-1.396211982E0,3.853042603E0,1.016471100E1
4.188739875E1,-1.243669510E0,3.842873096E0,1.024307537E1
4.190750943E1,-9.936196208E-1,3.803391695E0,1.042492962E1
4.192762011E1,-1.120439172E0,3.812962770E0,1.038604641E1
4.194773073E1,-1.189232826E0,4.085146427E0,9.611370087E0
4.196784141E1,-7.872386575E-1,4.392025948E0,8.688937187E0
4.198795208E1,-1.806581169E-1,4.875974178E0,7.543971539E0
4.200806276E1,-2.482553422E-1,4.877170563E0,7.173084259E0
4.202817339E1,-1.056431174E0,4.529613495E0,9.043673515E0
4.204828406E1,-2.370090723E0,3.687339783E0,1.348834133E1
4.206839474E1,-2.220539331E0,2.541177750E0,1.600080490E1
4.208850537E1,-1.392024517E0,2.317448616E0,1.395494175E1
4.210861604E1,-6.616154313E-1,2.760719061E0,1.011206818E1
4.212872672E1,-3.966103494E-1,3.105285645E0,8.612366676E0
4.214883740E1,-2.566302419E-1,3.053839922E0,8.369495392E0
4.216894802E1,-2.901297510E-1,3.002394199E0,8.100302696E0
4.218905870E1,-8.129615188E-1,3.138186932E0,7.925626755E0
4.220916938E1,-1.351346612E0,3.338585854E0,7.818548203E0
4.222928005E1,-1.751546144E0,3.476173162E0,8.033304214E0
4.224939068E1,-1.799402595E0,3.269193888E0,8.599804878E0
4.226950136E1,-1.227517962E0,2.949752092E0,8.105687141E0
4.228961203E1,-4.522434771E-1,2.743371248E0,7.563114166E0
4.230972266E1,2.267199457E-1,2.739781857E0,7.170093060E0
4.232983334E1,7.220342159E-1,2.748754978E0,7.237092018E0
4.234994401E1,6.622136831E-1,2.900699139E0,8.011768341E0
4.237005464E1,8.135597110E-1,2.971287489E0,8.130212784E0
4.239016531E1,5.952146053E-1,3.182454109E0,7.916653633E0
4.241027599E1,-1.286142170E-1,3.610769272E0,8.700303078E0
4.243038667E1,-3.655036688E-1,3.658625841E0,9.995418549E0
4.245049729E1,2.362912297E-1,3.287140131E0,1.068036366E1
4.247060797E1,3.224328458E-1,3.446262836E0,1.029631615E1
4.249071865E1,1.728814393E-1,3.912863255E0,9.376873970E0
4.251082927E1,3.768695593E-1,4.190430641E0,8.962915421E0
4.253093995E1,1.086341500E0,3.936193228E0,9.016156197E0
4.255105058E1,9.900303483E-1,3.373879910E0,9.725627899E0
4.257116125E1,-7.483552694E-1,3.627519131E0,1.017727280E1
4.259127193E1,-3.013760090E0,4.064209461E0,1.151964664E1
4.261138261E1,-3.732205153E0,4.080360889E0,1.237328625E1
4.263149323E1,-2.280958176E0,3.519842148E0,1.242592812E1
4.265160391E1,-2.542374134E-1,2.645863533E0,1.287518024E1
4.267171458E1,1.109671474E0,1.874178290E0,1.327478218E1
4.269182521E1,9.272187948E-1,1.760519266E0,1.262333584E1
4.271193589E1,-6.939185411E-2,2.232503414E0,1.059960651E1
4.273204656E1,-1.067198873E0,2.779861689E0,8.619544983E0
4.275215724E1,-2.056631088E0,3.129812002E0,7.909475327E0
4.277226787E1,-2.866601467E0,3.348157167E0,8.006384850E0
4.279237854E1,-2.562114954E0,3.243471146E0,7.654639721E0
4.281248922E1,-1.387238979E0,2.926422119E0,7.460821152E0
4.283259985E1,-4.474578202E-1,2.497508526E0,8.415556908E0
4.285271052E1,-8.015955985E-2,2.201396942E0,9.041280746E0
4.287282120E1,-2.536391914E-1,2.217548370E0,8.732605934E0
4.289293182E1,-5.886343718E-1,2.569891453E0,7.715058327E0
4.291304250E1,-8.835497499E-1,3.009572744E0,6.917650223E0
4.293315318E1,-9.918249846E-1,3.259024382E0,6.492326260E0
4.295326380E1,-9.954141974E-1,3.401397467E0,6.899703979E0
4.297337448E1,-5.748756528E-1,3.390031576E0,6.981658459E0
4.299348516E1,1.836491376E-1,3.324826956E0,6.839883327E0
4.301359578E1,6.675975323E-1,3.479762316E0,6.993622303E0
4.303370646E1,4.408775866E-1,3.772883177E0,7.802994728E0
4.305381714E1,-3.361915946E-1,4.019941807E0,9.396016121E0
4.307392776E1,-7.328019142E-1,4.094119549E0,1.026461124E1
4.309403844E1,-7.555337548E-1,4.106681824E0,1.129352474E1
4.311414912E1,-8.548358679E-1,4.021736622E0,1.253240871E1
4.313425974E1,-1.003190875E0,3.742972851E0,1.344826126E1
4.315437042E1,-8.506484628E-1,3.919443607E0,1.269033527E1
4.317448110E1,-3.050848842E-2,4.250849247E0,1.052901745E1
4.319459172E1,5.060819983E-1,4.317250252E0,1.014138031E1
4.321470240E1,9.272187948E-2,4.104887009E0,1.099083233E1
4.323481308E1,-2.488535494E-1,3.168097258E0,1.306959724E1
4.325492370E1,-3.379862010E-1,2.644068956E0,1.373181057E1
4.327503438E1,1.519442350E-1,2.826521635E0,1.082094193E1
4.329514505E1,3.290131092E-1,3.352942705E0,7.571488857E0
4.331525568E1,4.522434771E-1,3.656831264E0,6.047859192E0
4.333536636E1,2.261217386E-1,3.547957659E0,6.963712215E0
4.335547703E1,3.367897868E-1,3.192025423E0,8.167302132E0
4.337558766E1,7.190431952E-1,2.778665304E0,8.648857117E0
4.339569834E1,4.235295951E-1,2.804388046E0,8.778069496E0
4.341580901E1,-2.919243574E-1,3.008376360E0,8.534600258E0
4.343591964E1,-8.368897438E-1,3.354139090E0,7.573283672E0
4.345603031E1,-1.056431174E0,3.655036688E0,6.663413048E0
4.347614099E1,-9.846464992E-1,3.710669756E0,6.514459610E0
4.349625162E1,-4.552344978E-1,3.489333630E0,7.347161770E0
4.351636229E1,2.578266263E-1,3.254837036E0,8.035696983E0
4.353647297E1,2.901297510E-1,3.506083488E0,8.190631866E0
4.355658360E1,3.409772217E-1,3.864408493E0,8.487341881E0
4.357669427E1,9.637092948E-1,3.752544165E0,1.006421185E1
4.359680495E1,8.362914920E-1,3.677768469E0,1.259103298E1
4.361691558E1,-5.264210105E-1,4.068994999E0,1.402014637E1
4.363702625E1,-1.850848317E0,4.643272400E0,1.323410416E1
4.365713693E1,-2.255235434E0,5.254040241E0,1.092682457E1
4.367724755E1,-1.624726534E0,5.214558601E0,9.276973724E0
4.369735823E1,-7.208378315E-1,4.544568539E0,9.316454887E0
4.371746891E1,-3.188436031E-1,4.089334011E0,9.740582466E0
4.373757958E1,-3.828516230E-2,4.077369690E0,8.261219978E0
4.375769021E1,1.022931710E-1,4.596014023E0,6.439683914E0
4.377780089E1,2.494517565E-1,4.615755081E0,7.660621643E0
4.379791151E1,2.063809484E-1,3.927818298E0,1.067677498E1
4.381802219E1,2.027917206E-1,3.071786165E0,1.237926769E1
4.383813287E1,1.405783296E-1,2.871985435E0,1.251685524E1
4.385824349E1,-3.074777126E-1,3.542573929E0,1.023888779E1
4.387835417E1,-9.792626500E-1,4.237090588E0,7.391428947E0
4.389846485E1,-1.652244091E0,4.601995945E0,6.360720634E0
4.391857547E1,-2.160120726E0,4.461417675E0,6.754938126E0
4.393868615E1,-2.017747641E0,4.051646709E0,6.963113785E0
4.395879682E1,-1.355534077E0,3.574877024E0,7.301698208E0
4.397890745E1,-8.452646136E-1,2.977867842E0,8.899505615E0
4.399901813E1,-6.777670383E-1,2.668595552E0,9.674779892E0
4.401912880E1,-5.042873621E-1,2.576471806E0,8.970093727E0
4.403923943E1,-5.790630579E-1,2.872583628E0,7.482954502E0
4.405935011E1,-6.801598072E-1,3.110669374E0,7.100102901E0
4.407946078E1,-4.749752879E-1,3.110071182E0,7.696514130E0
4.409957141E1,-4.845465720E-2,3.014956474E0,7.902296543E0
4.411968208E1,1.585244983E-1,2.985046148E0,7.938189030E0
4.413979276E1,-4.534398913E-1,3.425325632E0,7.383054256E0
4.415990339E1,-1.202991605E0,4.017549038E0,6.833901405E0
4.418001406E1,-1.774876237E0,4.494318962E0,6.988836765E0
4.420012469E1,-1.469193101E0,4.673780918E0,7.499105930E0
4.422023537E1,-1.009771109E0,4.716253281E0,7.696514130E0
4.424034604E1,-5.976074338E-1,4.779065132E0,8.487939835E0
4.426045667E1,-8.494520187E-2,4.482355118E0,1.114397335E1
4.428056735E1,-9.990034252E-2,4.397409916E0,1.304746342E1
4.430067802E1,-5.294120312E-1,4.559523582E0,1.302353573E1
4.432078865E1,-1.788634956E-1,4.902893543E0,1.161535931E1
4.434089932E1,1.016351461E0,5.172086239E0,9.649655342E0
4.436101000E1,2.048854351E0,5.069792747E0,9.241081238E0
4.438112063E1,2.257628202E0,4.231108665E0,1.128455162E1
4.440123130E1,7.339983582E-1,3.682554007E0,1.259701443E1
4.442134198E1,-1.034297585E0,3.848855257E0,1.151067352E1
4.444145261E1,-1.586441398E0,4.136591911E0,9.297312737E0
4.446156328E1,-8.775677085E-1,4.176671982E0,7.666005611E0
4.448167396E1,1.142572835E-1,3.949353695E0,7.196413994E0
4.450178458E1,6.514459848E-1,3.608974695E0,7.540382385E0
4.452189526E1,7.908278704E-1,3.310470104E0,8.133204460E0
4.454200594E1,2.075773627E-1,3.288934708E0,8.573483467E0
4.456211656E1,-6.921239495E-1,3.482155085E0,8.629714966E0
4.458222724E1,-1.210768223E0,3.655036688E0,8.207980156E0
4.460233792E1,-8.195417523E-1,3.577867985E0,7.611568928E0
4.462244854E1,-1.914258115E-2,3.614956856E0,7.532007694E0
4.464255922E1,5.210371017E-1,3.805186272E0,6.895516872E0
4.466266985E1,6.095715761E-1,3.777668715E0,6.972685337E0
4.468278052E1,1.483550072E-1,3.799204111E0,7.463213921E0
4.470289120E1,-3.798605800E-1,3.744169235E0,7.887939930E0
4.472300182E1,-2.662015259E-1,3.766901016E0,7.810771465E0
4.474311250E1,6.281159073E-2,3.936193228E0,7.608577728E0
4.476322318E1,1.040877849E-1,4.194618225E0,8.261219978E0
4.478333380E1,2.638086975E-1,4.247858524E0,9.360722542E0
4.480344448E1,4.516452849E-1,4.552943230E0,9.725627899E0
4.482355516E1,5.168496966E-1,4.966901779E0,9.157332420E0
4.484366578E1,4.893322289E-1,4.886143684E0,9.585049629E0
4.486377646E1,4.175475538E-1,4.337589264E0,1.076291656E1
4.488388708E1,4.336991012E-1,3.909274101E0,1.156331539E1
4.490399776E1,3.571287692E-1,4.128217220E0,1.082572746E1
4.492410844E1,3.816552162E-1,4.314857483E0,1.004626560E1
4.494421906E1,5.712863803E-1,4.332803726E0,9.578469276E0
4.496432974E1,-2.494517565E-1,4.445266247E0,9.598209381E0
4.498444042E1,-1.371087432E0,4.610969067E0,1.006241703E1
4.500455104E1,-1.957328916E0,4.446462631E0,1.086461163E1
4.502466172E1,-1.930409670E0,3.824927092E0,1.285304642E1
4.504477240E1,-1.237687469E0,2.992224693E0,1.484925938E1
4.506488302E1,-5.706881881E-1,2.321038008E0,1.471226978E1
4.508499370E1,-2.727817893E-1,2.216351986E0,1.267358494E1
4.510510432E1,-7.190431952E-1,2.723630428E0,1.024247742E1
4.512521500E1,-1.390828133E0,3.244069338E0,8.390432358E0
4.514532568E1,-2.035693884E0,3.579064369E0,7.767700672E0
4.516543630E1,-2.199003935E0,3.423531055E0,8.312067986E0
4.518554698E1,-2.065006018E0,3.186043262E0,8.963513374E0
4.520565766E1,-1.773081541E0,3.005983353E0,9.001798630E0
4.522576828E1,-1.125823021E0,2.855833769E0,8.364111900E0
4.524587896E1,-5.485545993E-1,2.729612350E0,7.773084164E0
4.526598958E1,-4.588237405E-1,2.615355253E0,7.791030407E0
4.528610026E1,-7.112665176E-1,2.554936409E0,7.820342541E0
4.530621094E1,-8.135597110E-1,2.664407969E0,7.241877556E0
4.532632156E1,-7.202396393E-1,2.905484915E0,6.665805817E0
4.534643224E1,-7.076773047E-1,3.239881754E0,6.004190445E0
4.536654292E1,-1.322632670E0,3.646063566E0,6.089733601E0
4.538665354E1,-2.175075769E0,3.915256023E0,8.612366676E0
4.540676422E1,-9.433703423E-1,3.464807272E0,8.181658745E0
4.542687490E1,-5.904290080E-1,3.370888948E0,8.668598175E0
4.544698552E1,-4.480560422E-1,3.569493294E0,8.129016876E0
4.546709620E1,2.177468538E-1,3.585046530E0,7.755138397E0
4.548720682E1,-5.904290080E-1,4.058227062E0,9.072985649E0
4.550731750E1,-1.356730461E0,4.657031059E0,8.655437469E0
4.552742818E1,-6.819544435E-1,4.555335999E0,8.292924881E0
4.554753880E1,-7.106683254E-1,4.712066174E0,8.965906143E0
4.556764948E1,-1.210170031E0,4.785047054E0,9.959526062E0
4.558776011E1,-1.515254974E0,4.838885784E0,1.025503922E1
4.560787078E1,-1.230509043E0,4.585844517E0,1.049671459E1
4.562798146E1,-6.382854581E-1,4.503292084E0,1.010608673E1
4.564809208E1,-1.764706671E-1,4.505086899E0,9.816555023E0
4.566820276E1,-4.187439680E-1,4.403391838E0,1.067557812E1
4.568831339E1,-1.107876897E0,4.060021877E0,1.187198925E1
4.570842406E1,-9.948160052E-1,3.643670797E0,1.182891846E1
4.572853474E1,-5.766702294E-1,3.671786308E0,1.028614616E1
4.574864537E1,-1.034895778E-1,3.909274101E0,9.090332985E0
4.576875604E1,-4.073780477E-1,4.268197536E0,8.695517540E0
4.578886672E1,-7.214360237E-1,4.507479668E0,8.174480438E0
4.580897735E1,-5.359922647E-1,4.304089546E0,8.214560509E0
4.582908802E1,-3.008974493E-1,4.032504559E0,8.931808472E0
4.584919865E1,-9.690931439E-2,3.857828379E0,9.692128181E0
4.586930932E1,-1.872383654E-1,3.847060680E0,9.748359680E0
4.588942000E1,-4.241278172E-1,3.930809498E0,8.627322197E0
4.590953063E1,-9.308080077E-1,4.101297855E0,7.951349735E0
4.592964130E1,-9.427721500E-1,4.066602230E0,7.779664516E0
4.594975198E1,-7.926225066E-1,3.999004841E0,7.634300709E0
4.596986261E1,-7.172485590E-1,4.016352654E0,7.402794838E0
4.598997328E1,-4.594219327E-1,3.920041800E0,7.698906898E0
4.601008391E1,-7.938188910E-1,3.979862213E0,7.795815945E0
4.603019458E1,-7.070791125E-1,4.088137627E0,7.862815380E0
4.605030526E1,-5.892325640E-1,4.126422882E0,8.166703224E0
4.607041589E1,-5.934200287E-1,4.240081787E0,8.137392044E0
4.609052656E1,-5.461617708E-1,4.262215137E0,8.178069115E0
4.611063719E1,-1.033101201E0,4.511068821E0,7.289135933E0
4.613074787E1,-9.457631707E-1,4.669593334E0,8.141578674E0
4.615085854E1,-3.804588020E-1,4.479363918E0,8.631509781E0
4.617096917E1,-7.495517135E-1,4.744369030E0,8.899505615E0
4.619107985E1,-1.386640668E0,5.335396290E0,8.453842163E0
4.621119047E1,-1.618744493E0,5.388636589E0,7.653443336E0
4.625328842E1,-9.696913958E-1,4.842474937E0,8.050053596E0
4.627339905E1,3.678964674E-1,4.272384644E0,9.600603104E0
4.629350967E1,-2.063809484E-1,4.780859470E0,9.229715347E0
4.631362030E1,-1.119242787E0,5.043471813E0,9.296713829E0
4.633373087E1,-1.843669891E0,5.021338463E0,1.027119160E1
4.635384149E1,-2.435893536E0,4.871188641E0,1.042792130E1
4.637395212E1,-2.248655081E0,4.823930264E0,9.744770050E0
4.639406274E1,-1.614557028E0,4.665405750E0,8.804390907E0
4.641417337E1,-8.685946465E-1,4.503890514E0,8.254041672E0
4.643428394E1,6.699903309E-2,4.134199142E0,8.286344528E0
4.645439457E1,4.869394004E-1,3.871587038E0,8.587242126E0
4.647450519E1,4.917250574E-1,3.781257868E0,9.094520569E0
4.649461582E1,-2.721835673E-1,4.091128349E0,9.275178909E0
4.651472644E1,-1.219741344E0,4.655236244E0,8.721240044E0
4.653483702E1,-1.300499082E0,4.953142643E0,8.039883614E0
4.655494764E1,-1.191625714E0,5.070391178E0,8.252246857E0
4.657505826E1,-1.135992527E0,5.045266628E0,9.175876617E0
4.659516889E1,-1.771286964E0,5.405386448E0,9.988240242E0
4.661527952E1,-2.397608280E0,5.777470112E0,1.004626560E1
4.663539009E1,-2.588435888E0,5.704489231E0,9.756733894E0
4.665550071E1,-2.495713949E0,5.892923832E0,9.272786140E0
4.667561134E1,-2.086541414E0,5.968895912E0,9.205188751E0
4.669572196E1,-1.807777524E0,5.644070625E0,9.337990761E0
4.671583259E1,-1.697109461E0,5.199603558E0,8.665008545E0
4.673594316E1,-1.190429211E0,4.715056896E0,9.186046600E0
4.675605379E1,-1.353739381E0,4.250251293E0,1.147478104E1
4.677616441E1,-1.356132269E0,3.607778311E0,1.254856014E1
4.679627504E1,-1.101894855E0,2.873780012E0,1.201137161E1
4.681638566E1,-1.088136077E0,2.618944407E0,1.206580830E1
4.683649623E1,-1.273579836E0,2.684148788E0,1.272862053E1
4.685660686E1,-9.613165259E-1,2.769692183E0,1.211785221E1
4.687671748E1,-8.644071817E-1,3.035893679E0,1.041176987E1
4.689682811E1,-1.250249863E0,3.073580742E0,9.610772133E0
4.691693868E1,-1.587637782E0,3.106482029E0,9.462417603E0
4.693704931E1,-8.051848412E-1,2.775076151E0,8.603992462E0
4.695715993E1,-6.412764788E-1,2.608774900E0,8.987442017E0
4.697727056E1,-1.131805062E0,2.521436930E0,9.653244972E0
4.699738113E1,-1.566102386E0,2.723032236E0,9.499505997E0
4.701749175E1,-1.121037364E0,2.762513638E0,7.868198872E0
4.703760238E1,-3.858426511E-1,2.659622431E0,6.683752060E0
4.705771300E1,3.846462369E-1,2.387438774E0,7.583453178E0
4.707782358E1,6.299105883E-1,2.187638044E0,9.232706070E0
4.709793420E1,1.836491376E-1,2.626122952E0,9.200403214E0
4.711804483E1,-7.597211599E-1,3.513261795E0,8.653642654E0
4.713815545E1,-3.912265003E-1,3.963112593E0,7.667799950E0
4.715826608E1,-3.828516230E-2,3.919443607E0,7.931608677E0
4.717837665E1,-1.196411371E0,3.976871252E0,1.015394306E1
4.719848728E1,-2.234298229E0,4.214358807E0,1.139880848E1
4.721859790E1,-1.207777262E0,3.855435371E0,1.099023438E1
4.723870847E1,3.188436031E-1,3.184846878E0,1.059123135E1
4.725881910E1,4.839483798E-1,3.050250769E0,1.072821999E1
4.727892972E1,-1.716850251E-1,3.334398270E0,1.037348461E1
4.729904035E1,-5.282155871E-1,3.808775425E0,9.480961800E0
4.731915092E1,-1.441675574E-1,4.002593994E0,9.263813019E0
4.733926155E1,8.129615188E-1,3.501895905E0,1.218126202E1
4.735937217E1,1.667199135E0,2.565105915E0,1.414636707E1
4.737948280E1,1.456032634E0,2.452044964E0,1.202572823E1
4.739959337E1,1.398604870E0,3.072384357E0,8.885149002E0
4.741970399E1,1.570289850E0,3.753740549E0,6.139384747E0
4.743981462E1,9.912267923E-1,4.124029636E0,5.659025669E0
4.745992524E1,-3.667000830E-1,4.041477680E0,7.362117290E0
4.748003582E1,-6.885347366E-1,3.595814228E0,8.599205971E0
4.750014644E1,-6.664010882E-1,3.580859184E0,8.008777618E0
4.752025707E1,-1.333998591E-1,3.635295868E0,7.525427341E0
4.754036769E1,2.667997181E-1,3.548556089E0,7.993224144E0
4.756047826E1,-1.746760458E-1,3.663411379E0,8.302495956E0
4.758058889E1,-4.253242314E-1,3.739383698E0,7.822137356E0
4.760069946E1,-2.279163599E-1,3.580859184E0,7.418946743E0
4.762081009E1,1.435693540E-2,3.371487141E0,7.339983463E0
4.764092071E1,4.546362907E-2,3.326621771E0,7.480561733E0
4.766103134E1,8.434699476E-2,3.387040377E0,7.289135933E0
4.768114191E1,-3.164508045E-1,3.629911900E0,7.492526054E0
4.770125254E1,-5.868397355E-1,4.289732933E0,7.926823139E0
4.772136316E1,4.235295951E-1,4.900500774E0,6.715456963E0
4.774147379E1,1.626521230E0,5.019543648E0,7.118647575E0
4.776158436E1,5.832505226E-1,4.893920422E0,9.896714211E0
4.778169498E1,-1.225723386E0,5.251049519E0,1.120977592E1
4.780180561E1,-1.335793257E0,5.502295494E0,1.147358418E1
4.782191618E1,-1.004985496E-1,4.822135925E0,1.147777176E1
4.784202681E1,-4.157529473E-1,4.188037872E0,1.167697430E1
4.786213743E1,-1.833500385E0,3.698705673E0,1.189950657E1
4.788224806E1,-2.379063845E0,3.474976778E0,1.245284748E1
4.790235863E1,-7.322037220E-1,2.894119024E0,1.126720333E1
4.792246925E1,6.000002623E-1,2.115853310E0,1.072522926E1
4.794257988E1,5.090730190E-1,1.934597135E0,1.001156998E1
4.796269045E1,-3.655036688E-1,2.112264156E0,9.658030510E0
4.798280108E1,-1.009172916E0,2.281556368E0,1.013599682E1
4.800291170E1,-4.995017350E-1,2.012962103E0,1.087358475E1
4.802302228E1,-5.264210105E-1,2.121835470E0,1.035733318E1
4.804313290E1,-1.177866936E0,2.488535643E0,9.975079536E0
4.806324353E1,-1.596012712E0,2.732005358E0,1.011805058E1
4.808335410E1,-1.382453322E0,2.946761131E0,9.580264091E0
4.810346472E1,-4.414757788E-1,2.968296528E0,8.810971260E0
4.812357535E1,1.579262912E-1,3.167499065E0,8.708079338E0
4.814368592E1,1.160518974E-1,3.302693367E0,8.341380119E0
4.816379655E1,-7.782655358E-1,3.892524242E0,7.057032108E0
4.818390717E1,-1.724028707E0,4.286143780E0,6.845865726E0
4.820401774E1,-1.649253011E0,4.179064751E0,7.618149281E0
4.822412837E1,-1.244267747E-1,3.428316593E0,8.498109818E0
4.824423899E1,8.063812256E-1,2.969492912E0,8.794221878E0
4.826434957E1,3.738785386E-1,3.046661377E0,8.511270523E0
4.828446019E1,-8.398807645E-1,3.361317635E0,7.748558044E0
4.830457082E1,-1.764108539E0,3.628117323E0,7.925626755E0
4.832468139E1,-1.323230863E0,3.429512978E0,8.082356453E0
4.834479202E1,-5.072783828E-1,3.355933666E0,7.503293514E0
4.836490264E1,-2.237289101E-1,3.267399311E0,7.125825882E0
4.838501326E1,-7.064808607E-1,3.493520975E0,6.614359856E0
4.840512384E1,-1.284945726E0,3.853640795E0,5.854638577E0
4.842523446E1,-1.238883972E0,3.826721668E0,5.156532764E0
4.844534504E1,-7.441678643E-1,3.588037491E0,5.709274769E0
4.846545566E1,-8.476574421E-1,3.787838221E0,6.549753666E0
4.848556629E1,-1.265803218E0,4.443471432E0,6.650850773E0
4.850567686E1,-8.572286963E-1,4.550550461E0,7.031309128E0
4.852578748E1,7.962117195E-1,4.336990833E0,7.977072716E0
4.854589811E1,1.762912035E0,4.258028030E0,9.993623734E0
4.856600868E1,2.764906645E0,4.048655987E0,1.255155087E1
4.858611931E1,3.894318819E0,3.853042603E0,1.287039471E1
4.860622993E1,3.518645763E0,3.948157310E0,1.346022511E1
4.862634050E1,2.057827473E0,4.487140656E0,1.387119293E1
4.864645113E1,7.657032609E-1,4.976472855E0,1.381735420E1
4.866656175E1,9.332008362E-1,4.604389191E0,1.515135288E1
4.868667233E1,2.673979282E0,3.482155085E0,1.576690674E1
4.870678295E1,3.308077335E0,3.126222849E0,1.332562923E1
4.872689358E1,2.647658348E0,3.732803345E0,1.020718288E1
4.874700415E1,1.902294040E0,3.997210264E0,9.090931892E0
4.876711478E1,1.540977836E0,3.651447296E0,9.042476654E0
4.878722540E1,1.168295622E0,3.257827997E0,9.238688469E0
4.880733597E1,8.811569214E-1,3.005983353E0,9.001798630E0
4.882744660E1,6.520441920E-2,3.108874798E0,8.496912956E0
4.884755717E1,-1.214357495E0,3.193820000E0,8.897112846E0
4.886766780E1,-1.419542074E0,3.065205812E0,9.294321060E0
4.888777842E1,-1.304088384E-1,2.982055187E0,8.808578491E0
4.890788899E1,1.031306505E0,3.018545866E0,7.979465485E0
4.892799962E1,1.281954765E0,3.117249727E0,7.556533813E0
4.894811024E1,2.003988922E-1,3.001197815E0,8.801400185E0
4.896822082E1,-6.071787477E-1,2.932404041E0,9.265008926E0
4.898833144E1,-2.051845491E-1,2.799602509E0,8.058428764E0
4.900844207E1,3.361915946E-1,2.787040234E0,7.356733322E0
4.902855264E1,4.540380836E-1,2.769093990E0,7.844869137E0
4.904866326E1,-1.471585929E-1,2.982653379E0,8.648259163E0
4.906877384E1,-6.520441771E-1,3.036491871E0,9.492327690E0
4.908888446E1,-6.729813814E-1,3.153740168E0,9.032307625E0
4.910899509E1,-8.470591903E-1,3.726821184E0,8.111070633E0
4.912910566E1,-1.042672515E0,4.238885403E0,7.904689789E0
4.914921629E1,-6.550351977E-1,4.351946354E0,8.818747520E0
4.916932691E1,-5.114658475E-1,4.307080746E0,1.002413273E1
4.918943748E1,-6.586244106E-1,4.110869408E0,1.083769226E1
4.920954811E1,-9.876375198E-1,4.093521118E0,1.064507008E1
4.922965868E1,-9.397810698E-1,4.040879250E0,9.181859016E0
4.924976931E1,-1.671386600E0,4.445266247E0,7.512266636E0
4.926987993E1,-2.468794823E0,4.626522541E0,7.587640762E0
4.928999050E1,-2.302493572E0,3.858426571E0,1.069412231E1
4.931010113E1,-1.234098315E0,2.947957516E0,1.374556923E1
4.933021175E1,4.827519655E-1,2.438884497E0,1.318385410E1
4.935032233E1,1.640279889E0,2.358126640E0,1.022572803E1
4.937043295E1,8.165507317E-1,2.708675146E0,9.334999084E0
4.939054352E1,-9.571290612E-1,3.011965513E0,9.155537605E0
4.941065415E1,-2.141576290E0,3.538984776E0,7.104888439E0
4.943076478E1,-2.517847538E0,3.834498405E0,5.840281963E0
4.945087535E1,-2.970091105E0,4.028316975E0,7.094120979E0
4.947098597E1,-2.533401012E0,3.837489367E0,8.201399803E0
4.949109660E1,-1.264606714E0,3.356531858E0,8.965308189E0
4.951120717E1,-3.056831062E-1,2.914458036E0,9.932008743E0
4.953131780E1,-1.387837082E-1,2.958725214E0,1.022034359E1
4.955142837E1,4.247260094E-2,3.219542980E0,9.010771751E0
4.957153899E1,1.710868180E-1,3.420539856E0,7.671987534E0
4.959164962E1,1.094716340E-1,3.577867985E0,7.572685242E0
4.961176019E1,2.751746029E-2,3.661018610E0,8.175078392E0
4.963187082E1,-4.127619043E-2,3.925425529E0,8.097909927E0
4.965198144E1,-2.327020019E-1,4.252644062E0,7.706683636E0
4.967209202E1,-5.910272002E-1,4.612165451E0,7.546364307E0
4.969220264E1,6.580262631E-2,4.543372154E0,8.284550667E0
4.971231321E1,5.551348329E-1,4.340580463E0,9.959526062E0
4.973242384E1,3.320041299E-1,4.368695736E0,1.054038334E1
4.975253446E1,4.546363056E-1,4.728815556E0,9.005986214E0
4.977264504E1,-5.413761139E-1,5.161318302E0,8.148159027E0
4.979275566E1,-2.136790514E0,5.458626747E0,9.186046600E0
4.981286629E1,-1.121635556E0,5.060221672E0,9.826126099E0
4.983297686E1,1.156331539E0,4.525425911E0,8.648857117E0
4.985308748E1,2.300698996E0,4.628317356E0,6.750751019E0
4.987319806E1,1.362114310E0,4.921437740E0,7.301100254E0
4.989330868E1,-8.793623000E-2,4.371088982E0,1.091486073E1
4.991341931E1,-3.702892959E-1,3.406781197E0,1.352782249E1
4.993352988E1,1.166501045E-1,3.378067255E0,1.229970646E1
4.995364050E1,1.049252748E0,3.541377544E0,1.040219784E1
4.997375113E1,7.250252366E-1,3.646661758E0,9.264410973E0
4.999386170E1,-2.362912297E-1,3.727419376E0,8.957531929E0
5.001397233E1,-5.712863803E-1,3.526422262E0,8.805587769E0
5.003408290E1,-6.323033571E-1,3.413361549E0,9.013164520E0
5.005419352E1,-1.417747438E-1,3.200998545E0,8.794221878E0
5.007430415E1,2.093719840E-1,3.033500910E0,8.651249886E0
5.009441472E1,-1.328016520E-1,3.064009428E0,8.797212601E0
5.011452535E1,-5.700899959E-1,3.281157970E0,8.307282448E0
5.013463597E1,-5.359922647E-1,3.463012457E0,7.267002583E0
5.015474655E1,1.680957973E-1,3.437887907E0,6.556932449E0
5.017485717E1,1.028913736E0,3.233301640E0,7.709674358E0
5.019496774E1,1.685145378E0,2.838485956E0,1.016889763E1
5.021507837E1,1.449452281E0,2.825325251E0,1.098963642E1
5.023518899E1,9.487541914E-1,3.254238844E0,9.196215630E0
5.025529957E1,5.527420044E-1,3.774677753E0,7.846663475E0
5.027541019E1,4.354937077E-1,3.988237143E0,7.914260864E0
5.029552082E1,1.046859860E0,3.977469444E0,8.243273735E0
5.031563139E1,1.440479279E0,4.198207378E0,8.105687141E0
5.033574202E1,1.088734269E0,4.590032101E0,8.688937187E0
5.035585259E1,1.274776220E0,4.594219685E0,1.062353420E1
5.037596321E1,1.514058471E0,4.412963390E0,1.223749352E1
5.039607384E1,1.386042476E0,4.451846600E0,1.252642632E1
5.041618441E1,8.949156404E-1,4.674977303E0,1.275912857E1
5.043629504E1,3.206382394E-1,4.832305431E0,1.161176968E1
5.045640566E1,-3.792623878E-1,4.812564373E0,1.013360405E1
5.047651623E1,-2.985046208E-1,4.222135544E0,1.000738239E1
5.049662686E1,5.629115105E-1,3.102892876E0,1.219083309E1
5.051673743E1,1.370489120E0,2.139781713E0,1.374257851E1
5.053684806E1,1.402194023E0,2.053640127E0,1.212622738E1
5.055695868E1,1.068395257E0,2.458027124E0,8.870193481E0
5.057706925E1,2.279163599E-1,2.833700180E0,6.794419765E0
5.059717988E1,-9.888339639E-1,3.044866800E0,7.379465103E0
5.061729050E1,-1.498505235E0,2.980260611E0,8.683553696E0
5.063740108E1,-1.301695466E0,2.938984394E0,9.022735596E0
5.065751170E1,-4.193421602E-1,2.913261652E0,8.542376518E0
5.067762228E1,3.236292601E-1,2.808575630E0,8.308478355E0
5.069773290E1,5.928218365E-1,2.807977438E0,8.082955360E0
5.071784352E1,5.395814776E-1,2.819343328E0,8.021339417E0
5.073795410E1,4.025924206E-1,2.891128063E0,8.035098076E0
5.075806472E1,2.087737769E-1,3.097508907E0,7.964509964E0
5.077817535E1,8.494520187E-1,3.385843992E0,8.035098076E0
5.079828592E1,1.012762189E0,3.452843189E0,8.635697365E0
5.081839655E1,1.603191197E-1,3.627519131E0,9.465408325E0
5.083850712E1,-6.532405615E-1,3.937389612E0,9.007183075E0
5.085861774E1,-1.106082320E0,4.662415028E0,7.349554539E0
5.087872837E1,-1.035493970E0,5.096712112E0,6.468397617E0
5.089883894E1,-3.290131092E-1,5.158925533E0,6.818946362E0
5.091894957E1,4.235295951E-1,4.853840828E0,8.331808090E0
5.093906019E1,9.996016622E-1,4.591826439E0,9.562915802E0
5.095917076E1,1.077966571E0,4.508676052E0,1.024845982E1
5.097928139E1,1.186840057E0,4.590630054E0,9.999007225E0
5.099939196E1,1.101894855E0,4.575077057E0,9.723235130E0
5.101950259E1,8.859425783E-1,4.889732838E0,9.835697174E0
5.103961321E1,1.157527924E0,5.209773064E0,8.889336586E0
5.105972379E1,1.012163997E0,5.646463394E0,7.430910587E0
5.107983441E1,-7.537391037E-2,5.952146530E0,7.997411251E0
5.109994504E1,-1.243071318E0,5.434100151E0,1.072881889E1
5.112005561E1,-1.375872970E0,4.712664127E0,1.265504074E1
5.114016623E1,-5.036891699E-1,4.477569580E0,1.121037388E1
5.116027686E1,2.536391914E-1,4.753342152E0,7.948956966E0
5.118038743E1,4.007977843E-1,5.195415974E0,5.574678421E0
5.120049806E1,6.101697683E-2,5.386243820E0,5.140381336E0
5.122060868E1,3.529413417E-2,4.930410862E0,6.524031162E0
5.124071925E1,2.901297510E-1,4.429712772E0,7.390232563E0
5.126082988E1,2.446661144E-1,4.178466320E0,8.053643227E0
5.128094045E1,1.292124242E-1,4.055834293E0,9.391230583E0
5.130105108E1,1.136590764E-1,3.640679598E0,1.056670475E1
5.132116170E1,1.495514158E-2,3.463610888E0,1.001037312E1
5.134127228E1,-1.435693540E-2,3.669393539E0,8.276175499E0
5.136138290E1,1.441675574E-1,3.854837179E0,7.060621262E0
5.138149352E1,6.233302951E-1,3.667000771E0,6.917650223E0
5.140160410E1,8.482556343E-1,3.556332588E0,6.698108673E0
5.142171472E1,6.424728632E-1,3.997210264E0,6.097510338E0
5.144182535E1,4.486542344E-1,4.368695736E0,6.525227547E0
5.146193592E1,5.718846321E-1,4.570889473E0,7.770093441E0
5.148204655E1,8.524430394E-1,4.411168575E0,8.588438988E0
5.150215712E1,8.656035662E-1,4.490729809E0,8.676374435E0
5.152226774E1,9.816554785E-1,4.658825874E0,8.334799767E0
5.154237837E1,1.064207911E0,4.817350388E0,8.263014793E0
5.156248894E1,4.468596280E-1,4.956732273E0,8.743971825E0
5.158259957E1,-2.512463741E-2,4.847260475E0,8.939585686E0
5.160271019E1,-5.264210105E-1,4.639084816E0,9.566504478E0
5.162282076E1,-1.174875975E0,4.626522541E0,1.070728302E1
5.164293139E1,-1.225125194E0,4.579862595E0,1.113141060E1
5.166304202E1,-7.399803996E-1,4.745565414E0,1.011805058E1
5.168315259E1,1.208375469E-1,4.739583492E0,9.506086349E0
5.170326321E1,7.561319470E-1,4.339982033E0,9.726823807E0
5.172337384E1,4.576273263E-1,3.732205153E0,1.003549862E1
5.174348441E1,-2.231307179E-1,3.702294827E0,9.850054741E0
5.176359504E1,-6.191428304E-1,3.949951887E0,1.040818024E1
5.178370566E1,-1.155135155E0,4.258028030E0,1.178106213E1
5.180381623E1,-1.377667665E0,4.351347923E0,1.241097260E1
5.182392686E1,-1.036690354E0,4.098905087E0,1.187617683E1
5.184403748E1,1.579262912E-1,3.443870068E0,1.129531956E1
5.186414806E1,7.088736892E-1,2.795415163E0,1.171466160E1
5.188425868E1,8.949156404E-1,2.792423964E0,1.153759289E1
5.190436925E1,1.096511006E0,2.996412039E0,1.047517967E1
5.192447988E1,1.594218135E0,3.405584812E0,8.513064384E0
5.194459050E1,1.938784599E0,3.848855257E0,7.098308563E0
5.196470113E1,1.574477315E0,4.230510235E0,7.067201614E0
5.198481170E1,9.451649189E-1,4.138985157E0,8.818747520E0
5.200492233E1,9.349954724E-1,3.580260992E0,1.101655579E1
5.202503295E1,1.422533035E0,3.000001431E0,1.143051338E1
5.204514352E1,1.944766641E0,2.907279491E0,9.714262009E0
5.206525415E1,2.084746838E0,2.776272535E0,8.433503151E0
5.208536478E1,1.880160451E0,2.428714991E0,7.820940971E0
5.210547535E1,5.204389095E-1,2.519642353E0,8.126624107E0
5.212558597E1,-6.675975323E-1,2.579462767E0,9.200403214E0
5.214569655E1,-9.278169870E-1,2.475374937E0,9.095717430E0
5.216580717E1,-7.022934556E-1,2.449054003E0,7.369893551E0
5.218591780E1,-1.860419661E-1,2.581855536E0,6.023931026E0
5.220602842E1,3.146561682E-1,2.733799934E0,5.668596745E0
5.222613899E1,5.545366406E-1,2.914458036E0,5.816353798E0
5.224624962E1,6.329016089E-1,3.276970625E0,5.868397713E0
5.226636019E1,3.206382394E-1,3.781257868E0,6.232106686E0
5.228647082E1,-6.041877270E-1,4.277768612E0,7.042675018E0
5.230658144E1,-1.736590981E0,4.786243439E0,8.665008545E0
5.232669207E1,-1.869392633E0,5.168497086E0,9.961320877E0
5.234680264E1,-8.793623000E-2,5.057828903E0,8.708079338E0
5.236691326E1,2.234896421E0,3.676572084E0,1.097527885E1
5.238702389E1,3.753142357E0,2.076970100E0,1.364447308E1
5.240713446E1,3.022733212E0,2.114058733E0,1.401236916E1
5.242724509E1,1.639681697E0,3.457030535E0,1.154656601E1
5.244735571E1,1.342971683E0,4.464408875E0,9.292527199E0
5.246746629E1,1.807777524E0,4.749752998E0,7.686942577E0
5.248757691E1,8.638089895E-1,4.604389191E0,8.998209953E0
5.250768754E1,-5.383850932E-1,4.216751575E0,1.208854008E1
5.252779811E1,-1.361516118E0,3.383451223E0,1.514237976E1
5.254790873E1,-7.064808607E-1,3.016751051E0,1.424447346E1
5.256801936E1,5.485545993E-1,3.264408350E0,1.099501991E1
5.258812993E1,1.239482164E0,3.488137245E0,8.721240044E0
5.260824056E1,1.429113269E0,3.530609846E0,7.754539967E0
5.262835118E1,1.320838094E0,3.206980467E0,8.199007034E0
5.264846181E1,7.794619799E-1,2.952144861E0,8.886942863E0
5.266857238E1,4.031906128E-1,2.682952404E0,9.509077072E0
5.268868300E1,6.879365444E-2,2.598007202E0,9.393025398E0
5.270879363E1,-4.277170599E-1,2.769093990E0,9.329615593E0
5.272890420E1,-2.434697002E-1,2.632104874E0,8.198408127E0
5.274901483E1,3.361915946E-1,2.591426849E0,6.609574318E0
5.276912545E1,5.730810165E-1,2.889931440E0,4.822135925E0
5.278923602E1,4.743770957E-1,3.076571703E0,4.838287354E0
5.280934665E1,2.524427772E-1,2.926422119E0,6.200999737E0
5.282945728E1,4.205385745E-1,2.786442041E0,7.231708050E0
5.284956790E1,8.099704385E-1,2.971885681E0,7.493124008E0
5.286967847E1,1.026520967E0,3.466003656E0,7.792825222E0
5.288978910E1,1.114457130E0,3.865006685E0,8.982057571E0
5.290989972E1,1.083350420E0,3.889533281E0,1.036391354E1
5.293001030E1,7.345965505E-1,3.705883980E0,1.192941761E1
5.295012092E1,-5.084748194E-2,3.601796389E0,1.327478218E1
5.297023155E1,-6.466603279E-1,3.619144201E0,1.281476212E1
5.299034217E1,-5.670989752E-1,3.550948858E0,1.133719349E1
5.301045274E1,-2.829512656E-1,3.626920938E0,9.936794281E0
5.303056337E1,1.076770201E-1,3.951148272E0,8.199007034E0
5.305067399E1,5.856433511E-1,4.196412563E0,7.085746288E0
5.307078457E1,8.967102766E-1,4.072584152E0,8.067999840E0
5.309089519E1,5.641079545E-1,3.679563046E0,9.349356651E0
5.311100582E1,-2.691925466E-1,3.736990690E0,1.040698433E1
5.313111644E1,-1.071984529E0,3.789632797E0,1.207597733E1
5.315122702E1,-1.323230863E0,3.280559778E0,1.465603828E1
5.317133764E1,-6.903293133E-1,2.592623234E0,1.505205059E1
5.319144827E1,4.917250574E-1,2.332403898E0,1.263529968E1
5.321155884E1,8.560323119E-1,2.434098721E0,9.947562218E0
5.323166946E1,8.135596663E-2,3.007778168E0,7.850253105E0
5.325178009E1,-5.186443329E-1,3.240479946E0,8.527421951E0
5.327189071E1,-2.781656384E-1,2.608774900E0,1.045603657E1
5.329200129E1,-2.159522474E-1,2.219342947E0,1.056490993E1
5.331211191E1,-5.916253924E-1,2.475973129E0,8.901898384E0
5.333222254E1,-1.128215909E0,2.932404041E0,7.351349354E0
5.335233316E1,-9.505487680E-1,2.943171740E0,7.006184578E0
5.337244373E1,-3.948157281E-2,2.526820660E0,7.202994347E0
5.339255436E1,6.795616150E-1,2.027318954E0,7.710272789E0
5.341266498E1,8.105686903E-1,1.898704767E0,7.860422611E0
5.343277556E1,4.241278172E-1,2.286940336E0,7.339385033E0
5.345288618E1,-5.443671346E-2,2.852244616E0,6.817151546E0
5.347299681E1,-7.579265833E-1,3.424727440E0,6.134599209E0
5.349310743E1,-1.320838094E0,3.981058598E0,5.553741455E0
5.351321800E1,-1.655235052E0,4.247260094E0,5.877968788E0
5.353332863E1,-1.491924882E0,4.238885403E0,7.530212879E0
5.355343925E1,-3.493520916E-1,3.728017569E0,8.998209953E0
5.357354988E1,8.470591903E-1,3.232703447E0,9.783653259E0
5.359366045E1,1.106082320E0,3.314059258E0,9.879366875E0
5.361377108E1,3.768695593E-1,3.935595036E0,9.170493126E0
5.363388170E1,-5.688936114E-1,4.509274483E0,8.752944946E0
5.365399233E1,-1.396211982E0,4.703093052E0,9.842277527E0
5.367410290E1,-1.740180254E0,4.788038254E0,1.123071289E1
5.369421352E1,-1.338186026E0,4.888536453E0,1.094716358E1
5.371432415E1,-1.147956610E0,5.297111034E0,1.012821960E1
5.373443478E1,-1.405185103E0,4.816154003E0,1.283450222E1
5.375454535E1,-1.264008522E0,3.806980848E0,1.524646759E1
5.377465597E1,-1.447657645E-1,2.760719061E0,1.567059517E1
5.379476660E1,1.020538807E0,2.669791937E0,1.294636726E1
5.381487722E1,1.145563841E0,3.186043262E0,9.520442963E0
5.383498780E1,1.890329868E-1,3.668197155E0,7.495516777E0
5.385509842E1,-1.291526079E0,4.326821327E0,6.696314335E0
5.387520905E1,-1.692921996E0,4.293322086E0,7.414160728E0
5.389531967E1,-1.163509965E0,3.805784464E0,8.673383713E0
5.391543024E1,-6.484549642E-1,3.659822226E0,9.334401131E0
5.393554087E1,-7.417750359E-2,3.556332588E0,9.328418732E0
5.395565149E1,3.834498227E-1,3.412165165E0,8.921639442E0
5.397576212E1,8.901300430E-1,2.921636343E0,8.974281311E0
5.399587269E1,9.086744189E-1,2.490330219E0,9.185447693E0
5.401598332E1,6.041877270E-1,2.415554523E0,8.337192535E0
5.403609394E1,9.463613629E-1,2.407179594E0,6.927819729E0
5.405620457E1,1.859821439E0,2.242672920E0,6.620940208E0
5.407631514E1,2.272583246E0,2.032702923E0,7.567301750E0
5.409642576E1,1.652244091E0,2.130210400E0,7.349554539E0
5.411653639E1,3.182454109E-1,2.644068956E0,6.480959892E0
5.413664702E1,-1.530808330E0,3.466003656E0,6.588637352E0
5.415675759E1,-2.634497643E0,4.230510235E0,7.735995770E0
5.417686821E1,-2.054836512E0,3.941577196E0,1.008933640E1
5.419697884E1,-4.731806815E-1,2.891128063E0,1.335135174E1
5.421708946E1,2.141576260E-1,2.445464849E0,1.556291866E1
5.423720004E1,-8.255237937E-1,2.859423161E0,1.433540058E1
5.425731066E1,-2.507678032E0,3.896113396E0,1.076351452E1
5.427742129E1,-3.592225075E0,4.739583492E0,8.271389961E0
5.429753191E1,-3.862613916E0,4.664807796E0,8.405387878E0
5.431764248E1,-2.803789854E0,3.359523058E0,1.107278633E1
5.433775311E1,-1.138385415E0,2.024327993E0,1.359242916E1
5.435786373E1,-2.985046208E-1,1.381855130E0,1.401775360E1
5.437797436E1,-5.718846321E-1,1.809572101E0,1.156810093E1
5.439808498E1,-9.164510965E-1,2.070987940E0,9.778269768E0
5.441819556E1,-1.248455167E0,1.973480463E0,9.244669914E0
5.443830618E1,-1.789831281E0,2.046461582E0,8.703293800E0
5.445841681E1,-2.263610125E0,2.522035122E0,7.235297680E0
5.447852743E1,-2.167299032E0,3.104089260E0,6.082555294E0
5.449863806E1,-1.761715651E0,3.284149170E0,5.921638012E0
5.451874863E1,-1.345962763E0,3.126222849E0,6.728019238E0
5.453885925E1,-8.644071817E-1,2.760120869E0,7.420741081E0
5.455896988E1,-2.811566591E-1,2.560918331E0,7.752147198E0
5.457908050E1,2.111666054E-1,2.552543640E0,8.347960472E0
5.459919108E1,5.706881881E-1,2.548356056E0,9.230313301E0
5.461930170E1,4.875376225E-1,2.667398930E0,9.336195946E0
5.463941233E1,-1.310070455E-1,3.162115097E0,8.452047348E0
5.465952295E1,-7.453642488E-1,3.796811342E0,7.614559650E0
5.467963358E1,-1.243071318E0,4.315455437E0,7.231708050E0
5.469974415E1,-1.389631748E0,4.583451748E0,7.425527096E0
5.471985478E1,-1.573879123E0,4.733601570E0,8.118248940E0
5.473996540E1,-1.580459356E0,4.721637249E0,9.244669914E0
5.476007603E1,-1.005583763E0,4.572085857E0,9.670592308E0
5.478018660E1,1.788634956E-1,4.349553585E0,1.013479996E1
5.480029722E1,8.632107973E-1,3.970889091E0,1.182293701E1
5.482040785E1,7.160521746E-1,3.781856298E0,1.333878994E1
5.484051847E1,6.089733839E-1,3.971487284E0,1.169013500E1
5.486062910E1,6.843472719E-1,4.344169617E0,8.701499939E0
5.488073967E1,4.660021961E-1,4.359723091E0,7.712665558E0
5.490085030E1,-3.870390654E-1,3.834498405E0,9.164510727E0
5.492096092E1,-1.563111424E0,3.451048374E0,1.128275681E1
5.494107155E1,-1.220937729E0,2.928216696E0,1.192642593E1
5.496118217E1,-9.571290575E-3,2.800200701E0,9.964909554E0
5.498129280E1,6.083751321E-1,2.931207657E0,8.650651932E0
5.500140337E1,6.059823632E-1,2.767299414E0,9.059824944E0
5.502151399E1,9.445667267E-1,2.308475733E0,9.659226418E0
5.504162462E1,1.017547846E0,1.952543259E0,1.026939678E1
5.506173524E1,4.546363056E-1,2.425125837E0,9.425328255E0
5.508184587E1,1.196411327E-1,2.851048231E0,7.481758118E0
5.510195644E1,1.136590727E-2,3.177668571E0,6.332006931E0
5.512206707E1,2.901297510E-1,2.963510752E0,6.562914371E0
5.514217769E1,8.123632669E-1,2.804986238E0,7.282555580E0
5.516228832E1,1.306481123E0,2.711666346E0,8.084749222E0
5.518239894E1,1.044467092E0,2.857628345E0,8.961120605E0
5.520250957E1,5.964110494E-1,3.124428272E0,8.752346992E0
5.522262014E1,3.900300860E-1,3.304488182E0,8.218747139E0
5.524273077E1,3.954139352E-1,3.173480988E0,8.626125336E0
5.526284139E1,2.129612118E-1,3.090928555E0,9.293723106E0
5.528295202E1,-1.543370634E-1,3.224328518E0,9.941579819E0
5.530306259E1,-6.640082598E-1,3.269792080E0,1.152921772E1
5.532317321E1,-8.913264275E-1,3.149552822E0,1.301635742E1
5.534328384E1,-1.274178028E-1,2.775674343E0,1.284527016E1
5.536339446E1,1.549352705E-1,2.682354212E0,1.264367485E1
5.538350509E1,5.742774159E-2,2.660818815E0,1.247019482E1
5.540361571E1,-3.852444589E-1,3.045464993E0,1.046321487E1
5.542372629E1,-7.609176040E-1,3.461816072E0,8.462815285E0
5.544383691E1,-1.130608678E0,3.490530014E0,8.858827591E0
5.546394754E1,-1.055832982E0,3.020938635E0,1.096690464E1
5.548405816E1,-2.231307179E-1,2.200200319E0,1.299841118E1
5.550416879E1,3.966103494E-1,1.879562140E0,1.287637711E1
5.552427941E1,2.913261652E-1,2.324028969E0,1.048654556E1
5.554438998E1,-2.985046208E-1,2.880958557E0,8.096714020E0
5.556450061E1,-1.299900889E0,3.283550978E0,7.369893551E0
5.558461123E1,-2.004587173E0,3.309273720E0,7.622934818E0
5.560472186E1,-2.257030010E0,3.192623615E0,7.819744587E0
5.562483248E1,-2.310270309E0,3.147758245E0,7.698308468E0
5.564494311E1,-1.988435626E0,2.983251572E0,7.963313580E0
5.566505368E1,-1.363908887E0,2.746362209E0,8.866603851E0
5.568516431E1,-6.161518097E-1,2.446661234E0,9.483354568E0
5.570527493E1,-4.277170599E-1,2.320439816E0,9.539586067E0
5.572538556E1,-1.130608693E-1,2.384447813E0,7.864609718E0
5.574549618E1,1.178465188E-1,2.686541557E0,6.045466423E0
5.576560681E1,-1.184447184E-1,3.097508907E0,5.576473236E0
5.578571738E1,-7.190431952E-1,3.442673683E0,6.250052929E0
5.580582800E1,-1.047458172E0,3.550350666E0,7.741977692E0
5.582593863E1,-1.365105271E0,3.620340586E0,9.161520004E0
5.584604925E1,-1.731207132E0,3.964907169E0,9.504291534E0
5.586615988E1,-1.939382792E0,4.283152580E0,9.540781975E0
5.588627050E1,-1.436291814E0,4.183252335E0,9.796813965E0
5.590638108E1,-8.733802438E-1,3.813561201E0,1.077308559E1
5.592649170E1,-5.138586760E-1,3.516252756E0,1.186780167E1
5.594660233E1,-6.209374666E-1,3.346362352E0,1.226381397E1
5.596671295E1,-1.133001566E0,3.607778311E0,1.117388344E1
5.598682358E1,-1.476371527E0,4.255635262E0,8.432307243E0
5.600693420E1,-1.234696507E0,4.539782524E0,6.765107632E0
5.602704483E1,-8.494520187E-1,4.031906128E0,9.029315948E0
5.604715540E1,-5.653043389E-1,2.676372051E0,1.390469265E1
5.606726602E1,3.529413417E-2,1.568495274E0,1.655653763E1
5.608737665E1,1.125823021E0,1.362114310E0,1.409013653E1
5.610748728E1,1.319043517E0,2.332403898E0,9.430712700E0
5.612759790E1,1.320239902E0,2.934797049E0,6.859624386E0
5.614770852E1,1.273579836E0,2.909672260E0,7.019943237E0
5.616781910E1,1.070788145E0,2.306680918E0,8.900702477E0
5.618792972E1,4.689932466E-1,2.160718918E0,9.836894035E0
5.620804035E1,-1.657029688E-1,2.447857618E0,9.272188187E0
5.622815097E1,-5.730810165E-1,2.812164783E0,8.024929047E0
5.624826160E1,-3.505485058E-1,3.002394199E0,6.997211456E0
5.626837222E1,2.703889608E-1,2.706880569E0,6.972685337E0
5.628848285E1,6.723831892E-1,2.402393818E0,7.602595806E0
5.630859342E1,8.554341197E-1,2.380858421E0,7.721638680E0
5.632870405E1,9.613165259E-1,2.591426849E0,6.882954121E0
5.634881467E1,9.708877802E-1,2.840280533E0,6.513861656E0
5.636892530E1,6.556333899E-1,3.025125980E0,6.967301369E0
5.638903592E1,2.961117923E-1,3.244069338E0,7.420143127E0
5.640914655E1,3.475574851E-1,3.299702406E0,8.279166222E0
5.642925717E1,1.316052526E-1,3.477369547E0,9.016754150E0
5.644936780E1,-1.908276081E-1,3.723830223E0,9.517452240E0
5.646947837E1,-6.352944374E-1,3.775874138E0,1.027358437E1
5.648958899E1,-8.679963946E-1,3.663411379E0,1.108774185E1
5.650969962E1,-4.666004181E-1,3.409173965E0,1.144128132E1
5.652981024E1,2.255235314E-1,2.959323406E0,1.130130100E1
5.654992087E1,3.882354796E-1,2.633301258E0,1.190070343E1
5.657003149E1,-5.742774159E-2,2.715853691E0,1.208734322E1
5.659014212E1,-7.274180651E-1,3.119642496E0,1.100399303E1
5.661025274E1,-1.259821177E0,3.467798233E0,1.065643597E1
5.663036332E1,-1.283749342E0,3.324228764E0,1.197607708E1
5.665047394E1,-4.480560422E-1,2.315055847E0,1.496531105E1
5.667058457E1,6.281159520E-1,1.240678549E0,1.716850281E1
5.669069519E1,1.209571838E0,8.883354068E-1,1.596910000E1
5.671080582E1,1.036690354E0,1.357328653E0,1.201555920E1
5.673091644E1,4.713860750E-1,1.861017823E0,8.951549530E0
5.675102707E1,-1.208375469E-1,2.200798512E0,7.365108013E0
5.677113764E1,-7.256234884E-1,2.514856577E0,6.476772785E0
5.679124826E1,-1.046261668E0,2.716451883E0,6.105287075E0
5.681135889E1,-1.167697430E0,3.089732170E0,5.811567783E0
5.683146952E1,-1.216152072E0,3.654438496E0,5.559723377E0
5.685158014E1,-6.705885530E-1,3.610171080E0,6.379265308E0
5.687169077E1,3.726821244E-1,2.585444927E0,8.734400749E0
5.689180139E1,6.520441771E-1,1.850848317E0,9.894919395E0
5.691191202E1,3.134597540E-1,1.804188251E0,8.378468513E0
5.693202259E1,-4.354937077E-1,2.286940336E0,6.467799664E0
5.695213326E1,-1.180259824E0,2.675773859E0,6.169893265E0
5.697224384E1,-1.418345571E0,2.839084148E0,6.672386169E0
5.699235446E1,-8.883354068E-1,2.988635540E0,7.106683254E0
5.701246509E1,-4.169493318E-1,2.962314367E0,8.514261246E0
5.703257571E1,-2.123630047E-1,2.937189817E0,1.025862885E1
5.705268634E1,-2.362912297E-1,3.345764160E0,1.059601688E1
5.707279696E1,-1.758724600E-1,3.826123476E0,1.010429192E1
5.709290759E1,-2.333002090E-1,4.186841488E0,1.039442158E1
5.711301821E1,8.434699476E-2,4.121636868E0,1.140239811E1
5.713312879E1,6.263213158E-1,3.839283943E0,1.236850071E1
5.715323941E1,6.634100676E-1,3.820739508E0,1.273340607E1
5.717335004E1,2.362912297E-1,4.283750534E0,1.146580791E1
5.719346066E1,4.683950245E-1,4.762315273E0,9.086744308E0
5.721357129E1,6.957131624E-1,5.166702271E0,8.146963120E0
5.723368191E1,5.204389095E-1,4.488337040E0,1.114636612E1
5.725379254E1,5.318048596E-1,3.056232691E0,1.531765461E1
5.727390316E1,8.027920127E-1,2.256431818E0,1.652423477E1
5.729401379E1,6.394818425E-1,2.723032236E0,1.321017551E1
5.731412436E1,3.038884699E-1,3.267997503E0,9.355937004E0
5.733423498E1,3.583251834E-1,3.358924866E0,6.823731899E0
5.735434561E1,5.868397355E-1,3.017947674E0,6.507281303E0
5.737445623E1,5.820540786E-1,2.573480844E0,7.490133286E0
5.739456686E1,5.641079545E-1,2.435893536E0,7.966304779E0
5.741467748E1,6.586244106E-1,2.449652195E0,7.403991699E0
5.743478811E1,6.346961856E-1,2.604587555E0,6.757929325E0
5.745489873E1,3.397808075E-1,2.772084951E0,6.424728870E0
5.747500936E1,8.614161611E-2,2.995813847E0,6.082555294E0
5.749511993E1,2.877369225E-1,3.040679455E0,6.240481377E0
5.751523056E1,8.033902049E-1,2.980858803E0,6.495915413E0
5.753534118E1,1.108475089E0,2.891726255E0,7.068996429E0
5.755545181E1,8.865407705E-1,3.087339401E0,7.294519901E0
5.757556243E1,7.914260626E-1,3.392424345E0,7.034898758E0
5.759567306E1,9.834501147E-1,3.524029493E0,7.265805721E0
5.761578368E1,1.158126116E0,3.720241070E0,7.858029366E0
5.763589431E1,1.474576950E0,3.745365620E0,8.786444664E0
5.765600493E1,1.345962763E0,3.826721668E0,9.798010826E0
5.767611556E1,1.205384374E0,3.811168194E0,1.031964588E1
5.769622613E1,7.028916478E-1,4.010969162E0,1.041057301E1
5.771633675E1,2.614158690E-1,4.158725739E0,1.035673428E1
5.773644738E1,-5.204389244E-2,4.071387768E0,1.104885864E1
5.775655800E1,4.366901144E-2,3.669991732E0,1.221535969E1
5.777666863E1,4.444667995E-1,3.624528170E0,1.181755257E1
5.779677925E1,3.888336942E-2,4.258625984E0,9.587442398E0
5.781688988E1,-5.772684813E-1,4.614558697E0,8.949754715E0
5.783700050E1,-6.155536175E-1,4.508078098E0,9.481559753E0
5.785711113E1,-2.524427772E-1,3.669393539E0,1.088614655E1
5.787722175E1,-1.196411327E-1,2.981456995E0,1.213460159E1
5.789733238E1,-1.244267747E-1,2.719442844E0,1.223809147E1
5.791744295E1,4.127619043E-2,2.629712105E0,1.190309620E1
5.793755358E1,3.708875179E-1,2.494517565E0,1.149212933E1
5.795766420E1,3.248256743E-1,2.489732027E0,1.095135117E1
5.797777483E1,-3.284149170E-1,2.742773056E0,1.056012440E1
5.799788545E1,-9.810572863E-1,3.052045345E0,1.028016472E1
5.801799608E1,-9.828519225E-1,3.135195971E0,9.712467194E0
5.803810670E1,-9.553344250E-1,3.197409153E0,9.308678627E0
5.805821733E1,-9.708877802E-1,3.193221807E0,9.196215630E0
5.807832795E1,-7.441678643E-1,3.086143017E0,9.019744873E0
5.809843858E1,-4.887340367E-1,2.928814888E0,8.857032776E0
5.811854920E1,-6.323033571E-1,2.926422119E0,8.817551613E0
5.813865983E1,-8.057830334E-1,3.000001431E0,8.513064384E0
5.815877040E1,-7.968099117E-1,3.147160053E0,7.767102242E0
5.817888102E1,-7.369893789E-1,3.160320520E0,7.271788120E0
5.819899165E1,-7.052844763E-1,3.034697294E0,7.396214962E0
5.821910228E1,-7.968099117E-1,3.075973511E0,7.131807804E0
5.823921290E1,-7.980063558E-1,3.127419233E0,7.040282249E0
5.825932352E1,-7.537391186E-1,3.205185890E0,7.503293514E0
5.827943415E1,-6.173482537E-1,3.177668571E0,7.957930088E0
5.829954478E1,-5.904290080E-1,3.446262836E0,7.372286797E0
5.831965540E1,-5.796613097E-1,3.675973892E0,7.218547821E0
5.833976602E1,-4.971089065E-1,3.592225075E0,8.566305161E0
5.835987665E1,-4.971089065E-1,3.582055569E0,9.332008362E0
5.837998728E1,-7.734799385E-1,3.661616802E0,9.595816612E0
5.840009785E1,-1.001396298E0,3.664009571E0,1.011745262E1
5.842020852E1,-1.075573802E0,3.809971809E0,1.003908730E1
5.844031910E1,-6.263213158E-1,3.888935089E0,9.894321442E0
5.846042972E1,2.147558331E-1,3.602394581E0,1.001456070E1
5.848054035E1,6.017948985E-1,2.671586514E0,1.273460197E1
5.850065097E1,1.085743308E0,1.591825247E0,1.511426449E1
5.852076160E1,1.194018483E0,1.927418590E0,1.266640663E1
5.854087222E1,6.693921089E-1,2.247458696E0,9.962516785E0
5.856098285E1,-2.685943544E-1,2.795415163E0,9.571888924E0
5.858109347E1,-4.558327198E-1,2.936591625E0,8.791828156E0
5.860120410E1,-3.212364316E-1,2.988037348E0,8.321639061E0
5.862131472E1,-2.662015259E-1,3.040081263E0,9.001798630E0
5.864142535E1,-1.764706671E-1,2.853441000E0,9.452247620E0
5.866153597E1,-4.013960063E-1,2.749353170E0,9.348159790E0
5.868164660E1,-5.413761139E-1,2.666202545E0,8.807980537E0
5.870175717E1,-8.165507317E-1,2.648854733E0,8.724231720E0
5.872186780E1,-1.081555843E0,2.841476917E0,8.365905762E0
5.874197842E1,-7.734799385E-1,2.851048231E0,7.875975609E0
5.876208905E1,-5.114658475E-1,2.863610506E0,7.661818027E0
5.878219967E1,-6.520441771E-1,2.952743053E0,7.927421570E0
5.880231030E1,-2.805584669E-1,2.798406124E0,8.107481003E0
5.882242092E1,8.315058798E-2,2.712862730E0,7.878966808E0
5.884253155E1,-9.332008660E-2,2.859423161E0,7.713263988E0
5.886264217E1,-3.427718580E-1,2.916252613E0,7.878368378E0
5.888275280E1,-1.731805444E0,3.635295868E0,6.302096844E0
5.890286342E1,-1.329811215E0,3.122035265E0,8.425726891E0
5.892297405E1,-9.822536707E-1,3.260818958E0,9.239286423E0
5.894308467E1,-1.624128342E0,3.715455294E0,9.886545181E0
5.896319530E1,-2.478964329E0,4.080958843E0,1.040818024E1
5.900874884E1,-9.487541914E-1,4.317250252E0,8.602795601E0
5.902885936E1,-9.391828775E-1,4.648656368E0,8.636893272E0
5.904896994E1,-8.404789567E-1,4.868795872E0,7.673183918E0
5.906908051E1,-3.349951655E-2,4.610969067E0,7.521239758E0
5.908919108E1,-1.734796464E-1,4.405186653E0,8.020741463E0
5.910930160E1,-1.869990945E0,4.692923546E0,8.947361946E0
5.912941218E1,-2.609373093E0,4.914857864E0,9.961918831E0
5.914952275E1,-1.921436548E0,4.983651161E0,9.556933403E0
5.916963327E1,-9.206385016E-1,5.081757069E0,9.013762474E0
5.918974384E1,-3.457628787E-1,5.133800983E0,9.489934921E0
5.920985442E1,-1.902294010E-1,5.006382942E0,1.050927734E1
5.922996494E1,-4.091726840E-1,4.951946259E0,1.130788136E1
5.925007551E1,-4.031906128E-1,5.019543648E0,1.157587814E1
5.927018608E1,-3.768695593E-1,5.185844898E0,1.138086224E1
5.929029666E1,-1.854437590E-1,5.422734261E0,1.136590767E1
5.931040718E1,-9.092725813E-2,5.371288776E0,1.158006477E1
5.933051775E1,-7.872386575E-1,5.149952412E0,1.201974678E1
5.935062832E1,-1.781456470E0,5.042873859E0,1.111884880E1
5.937073884E1,-2.215155602E0,5.080560684E0,9.169296265E0
5.939084942E1,-2.503490686E0,4.904089928E0,9.017352104E0
5.941095994E1,-2.654836655E0,4.191627026E0,1.088674450E1
5.943107051E1,-2.314457655E0,2.934797049E0,1.452323723E1
5.945118108E1,-1.055234790E0,1.710269928E0,1.592543125E1
5.947129166E1,-1.956132501E-1,1.270588875E0,1.337707520E1
5.949140218E1,-4.342973232E-1,1.760519266E0,9.266205788E0
5.951151275E1,-1.159322619E0,2.358724833E0,6.673582554E0
5.953162327E1,-1.952543259E0,2.995215654E0,5.825326920E0
5.955173384E1,-2.346760750E0,3.269792080E0,5.921039581E0
5.957184442E1,-1.990828395E0,3.203989506E0,6.209972858E0
5.959195494E1,-1.128215909E0,2.816352367E0,7.341778278E0
5.961206551E1,-4.671986103E-1,2.365903378E0,9.363115311E0
5.963217608E1,-1.627119333E-1,2.133201361E0,1.031426239E1
5.965228660E1,-2.554338276E-1,2.011765718E0,9.985248566E0
5.967239718E1,-5.204389095E-1,2.053041935E0,8.837292671E0
5.969250770E1,-9.080761671E-1,2.141576290E0,7.852645874E0
5.971261827E1,-1.415354609E0,2.441277266E0,7.416553974E0
5.973272884E1,-1.673181176E0,2.747558594E0,7.651050568E0
5.975283936E1,-1.013958573E0,2.890529871E0,8.172087669E0
5.977294994E1,2.991028316E-2,2.358126640E0,8.363512993E0
5.979306046E1,-2.333002165E-2,2.553740025E0,8.745168686E0
5.981317103E1,-7.627122402E-1,3.328416348E0,8.392227173E0
5.983328160E1,-9.296116233E-1,4.025325775E0,8.504091263E0
5.985339212E1,-6.412764788E-1,4.036093712E0,1.073898792E1
5.987350270E1,-6.729813814E-1,4.041477680E0,1.245165062E1
5.989361322E1,-1.020538807E0,4.043272018E0,1.205743313E1
5.991372379E1,-1.381256819E0,4.337589264E0,1.180499077E1
5.993383436E1,-7.411768436E-1,4.419543266E0,1.075214863E1
5.995394488E1,3.164508045E-1,3.966701746E0,1.004566765E1
5.997405546E1,4.941178858E-1,3.340380430E0,1.133659554E1
5.999416598E1,-5.742774606E-1,2.852842808E0,1.327837086E1
6.001427655E1,-1.112662554E0,2.598605394E0,1.273280716E1
6.003438707E1,-7.310073376E-1,2.821736097E0,9.524032593E0
6.005449765E1,1.549352705E-1,3.067598581E0,6.986443996E0
6.007460822E1,7.292127013E-1,3.065804005E0,5.931209087E0
6.009471874E1,6.472585201E-1,2.913859844E0,6.533602238E0
6.011482931E1,-6.041877344E-2,2.709871531E0,7.677969456E0
6.013493983E1,-1.178465128E0,2.909074068E0,8.255238533E0
6.015505041E1,-2.288136721E0,3.370290756E0,7.694719315E0
6.017516093E1,-2.769692183E0,3.827319860E0,6.509075642E0
6.019527150E1,-2.474776745E0,3.838087559E0,6.436692715E0
6.021538202E1,-2.022533417E0,3.543770313E0,7.255636692E0
6.023549259E1,-1.577468276E0,3.251247883E0,7.639086246E0
6.025560311E1,-1.296311617E0,3.226721287E0,7.490133286E0
6.027571369E1,-1.300499082E0,3.616153240E0,6.352345943E0
6.029582426E1,-1.359123230E0,4.223930359E0,5.288736343E0
6.031593478E1,-7.178468108E-1,4.296911240E0,4.667200565E0
6.033604535E1,3.463610709E-1,3.855435371E0,6.710670948E0
6.035615588E1,5.814558864E-1,3.457628727E0,9.720243454E0
6.037626645E1,-1.585244983E-1,3.800998688E0,1.097946644E1
6.039637697E1,-8.512466550E-1,4.003192425E0,1.134257793E1
6.041648754E1,-1.293918848E0,3.804588079E0,1.208136177E1
6.043659806E1,-1.133599758E0,3.423531055E0,1.280160141E1
6.045670864E1,-3.188436031E-1,3.230908871E0,1.312762356E1
6.047681916E1,1.208375469E-1,3.035295486E0,1.290927792E1
6.049692973E1,-5.036891699E-1,2.857030153E0,1.250429249E1
6.051704025E1,-2.131406784E0,3.057429075E0,1.154417324E1
6.053715082E1,-3.242274761E0,3.505485058E0,1.072463131E1
6.055726134E1,-2.883949518E0,3.524627686E0,1.128634644E1
6.057737192E1,-1.587637782E0,2.755335331E0,1.380419350E1
6.059748244E1,-6.406782866E-1,1.996212244E0,1.452682590E1
6.061759301E1,-4.648058116E-1,1.835294962E0,1.239302635E1
6.063770353E1,-7.944171429E-1,2.213361025E0,9.259027481E0
6.065781410E1,-1.487737536E0,2.710469961E0,6.908079147E0
6.067792462E1,-2.455634356E0,3.406781197E0,6.463612080E0
6.069803520E1,-2.490330219E0,3.602992773E0,6.825526714E0
6.071814572E1,-2.073979139E0,3.387638569E0,7.484150887E0
6.073825624E1,-1.572682738E0,3.177070379E0,8.350353241E0
6.075836681E1,-8.955138922E-1,3.079562664E0,8.504690170E0
6.077847733E1,-5.042873621E-1,3.086741209E0,8.416753769E0
6.079858791E1,-1.241874933E0,3.333201885E0,8.599804878E0
6.081869843E1,-2.399402857E0,3.649054527E0,9.102297783E0
6.083880900E1,-2.520838737E0,3.668197155E0,8.933603287E0
6.085891952E1,-1.816750646E0,3.467200041E0,8.231907845E0
6.087903009E1,-1.291526079E0,3.202793121E0,7.712067604E0
6.089914061E1,-1.263410330E0,3.384647608E0,6.569494724E0
6.091925114E1,-1.417149186E0,3.895515203E0,5.210969448E0
6.093936171E1,-1.470987678E0,4.164109707E0,5.408975601E0
6.095947223E1,-1.047458172E0,4.078566074E0,6.948158741E0
6.097958280E1,-4.007977843E-1,3.798007727E0,8.634500504E0
6.099969332E1,-2.751746178E-1,3.710669756E0,9.421739578E0
6.101980390E1,-5.078766346E-1,4.067200184E0,9.388837814E0
6.103991442E1,8.614161611E-2,4.028316975E0,1.031007481E1
6.106002494E1,2.793620527E-1,3.536591768E0,1.141256714E1
6.108013551E1,-3.373879790E-1,3.798007727E0,1.008754253E1
6.110024603E1,-1.254437327E0,4.356133461E0,9.520442963E0
6.112035660E1,-1.708475351E0,4.542773724E0,1.031545830E1
6.114046712E1,-1.197607756E0,4.736592293E0,9.113663673E0
6.116057765E1,-3.206382394E-1,4.709673405E0,7.942376614E0
6.118068822E1,-2.494517565E-1,3.977469444E0,1.048355389E1
6.120079874E1,-4.648058116E-1,2.506481647E0,1.441256905E1
6.122090931E1,-7.010970116E-1,1.605584025E0,1.551685619E1
6.124101983E1,-7.914260626E-1,2.005185366E0,1.229611778E1
6.126113041E1,-1.095912814E0,2.807977438E0,8.753543854E0
6.128124093E1,-1.978864312E0,3.360121250E0,7.950153351E0
6.130135145E1,-3.013161898E0,3.056830883E0,9.517452240E0
6.132146202E1,-3.451646566E0,2.930609465E0,1.050508976E1
6.134157254E1,-2.313261271E0,3.145963669E0,8.923434258E0
6.136168306E1,-7.124629617E-1,3.734597921E0,6.626922131E0
6.138179364E1,-5.808576941E-1,4.376472473E0,6.324828625E0
6.140190416E1,-1.520040631E0,4.328616142E0,7.810771465E0
6.142201473E1,-1.945963025E0,3.795016766E0,8.831310272E0
6.144212525E1,-1.380658627E0,3.214757204E0,8.662615776E0
6.146223577E1,-6.029912829E-1,3.121437073E0,7.495516777E0
6.148234634E1,-6.101697683E-2,3.226721287E0,6.494120598E0
6.150245686E1,-1.423729509E-1,3.463012457E0,5.897709846E0
6.152256738E1,-8.739784956E-1,3.763311863E0,5.932405472E0
6.154267796E1,-1.453041553E0,3.817748547E0,7.099504948E0
6.156278848E1,-1.812563181E0,3.777668715E0,8.623134613E0
6.158289900E1,-1.663011789E0,3.696312666E0,9.745368004E0
6.160300957E1,-1.250249863E0,3.655634880E0,1.011984539E1
6.162312009E1,-8.261220455E-1,3.809971809E0,1.012582684E1
6.164323067E1,-5.904290080E-1,3.546761274E0,1.057747269E1
6.166334119E1,-1.131206870E0,3.232105255E0,1.182233810E1
6.168345171E1,-2.654238462E0,4.225126743E0,1.206700420E1
6.170356228E1,-1.301097274E0,4.492524624E0,1.147358418E1
6.172367280E1,5.335994363E-1,4.016352654E0,1.029153061E1
6.174378332E1,-1.284347534E0,5.133202553E0,1.003848934E1
6.176389390E1,-3.570091486E0,5.953342915E0,1.117448139E1
6.178400442E1,-3.435495138E0,4.874179840E0,1.299302673E1
6.180411494E1,-1.456630826E0,3.567100286E0,1.409731483E1
6.182422551E1,7.651050687E-1,2.916850805E0,1.184506989E1
6.184433603E1,1.095912814E0,3.571287870E0,8.466404915E0
6.186444655E1,1.836491376E-1,4.536791801E0,6.924828529E0
6.188455712E1,-7.004988194E-1,4.495515347E0,6.952346325E0
6.190466765E1,-1.138983607E0,4.223331928E0,7.536194801E0
6.192477817E1,-6.735795736E-1,3.970290899E0,7.301698208E0
6.194488874E1,3.002992272E-1,3.693321705E0,6.692724705E0
6.196499926E1,6.251249313E-1,3.301496983E0,7.118647575E0
6.198510978E1,1.333998591E-1,3.081955671E0,7.907680511E0
6.200522035E1,-1.489532143E-1,2.785245657E0,8.200202942E0
6.202533088E1,-9.152546525E-2,2.818146944E0,7.804789066E0
6.204544140E1,1.375873089E-1,3.046661377E0,7.195217609E0
6.206555192E1,-1.082752272E-1,3.247060299E0,7.184450150E0
6.208566249E1,-9.451649189E-1,3.608974695E0,7.916055679E0
6.210577301E1,-2.056631088E0,4.142574310E0,9.227322578E0
6.212588353E1,-1.704886079E0,4.671986103E0,1.019940662E1
6.214599410E1,-2.213360965E-1,4.882554531E0,1.050030422E1
6.216610462E1,-3.290131092E-1,5.054239750E0,1.104945660E1
6.218621515E1,-1.380060434E0,5.435296535E0,1.122951698E1
6.220632567E1,-1.080359459E0,5.443671703E0,1.021196842E1
6.222643624E1,2.632105052E-1,4.462614059E0,1.002114105E1
6.224654676E1,8.470591903E-1,3.768097401E0,1.000678444E1
6.226665728E1,4.995017350E-1,3.988237143E0,9.287142754E0
6.228676785E1,3.188436031E-1,4.362115860E0,7.651050568E0
6.230687838E1,-1.878365725E-1,4.576871395E0,6.842276573E0
6.232698890E1,-6.227321029E-1,4.208376884E0,8.552546501E0
6.234709942E1,2.991028363E-3,3.330210924E0,1.134915733E1
6.236720999E1,9.708877802E-1,2.810370207E0,1.157408333E1
6.238732051E1,8.913264275E-1,3.206382275E0,9.163313866E0
6.240743103E1,-1.298106313E-1,3.633501291E0,7.262216568E0
6.242754160E1,-6.652047038E-1,3.635894060E0,7.292725086E0
6.244765213E1,-2.907279432E-1,3.262015581E0,7.828717709E0
6.246776265E1,-2.087737769E-1,3.075973511E0,8.175676346E0
6.248787317E1,-2.955136001E-1,3.186641455E0,7.555935860E0
6.250798369E1,-1.633101404E-1,3.282354355E0,6.948158741E0
6.252809426E1,5.234299302E-1,3.000001431E0,7.082755089E0
6.254820478E1,9.708877802E-1,2.776272535E0,7.479963779E0
6.256831530E1,1.280160099E-1,3.143570662E0,7.892127514E0
6.258842588E1,-4.426721931E-1,3.535993576E0,7.952546120E0
6.260853640E1,-1.824527234E-1,3.636492252E0,7.786244869E0
6.262864692E1,2.141576260E-1,3.817150354E0,7.728816986E0
6.264875744E1,4.115654826E-1,4.112065792E0,7.974081516E0
6.266886801E1,2.255235314E-1,4.346562386E0,8.340781212E0
6.268897853E1,-3.637090325E-1,4.650450706E0,8.633902550E0
6.270908905E1,-8.889335990E-1,4.508676052E0,9.669396400E0
6.272919957E1,-9.978070259E-1,3.920639992E0,1.127079296E1
6.274931015E1,-6.311069727E-1,3.361915827E0,1.290987682E1
6.276942067E1,2.590230405E-1,3.180061340E0,1.308694553E1
6.278953119E1,1.054038405E0,3.289532900E0,1.107218838E1
6.280964171E1,1.836491376E-1,4.335196495E0,9.690333366E0
6.282975223E1,-1.467996716E0,4.896911621E0,8.581260681E0
6.284986280E1,-2.359921217E0,5.233701229E0,7.880761147E0
6.286997332E1,-2.036890268E0,4.214358807E0,1.182592773E1
6.289008384E1,-4.378865361E-1,2.154736757E0,1.711047745E1
6.291019436E1,1.440479279E0,9.672985673E-1,1.748794365E1
6.293030494E1,1.986042738E0,1.581655741E0,1.136590767E1
6.295041546E1,3.475574851E-1,2.978466034E0,7.021738052E0
6.297052598E1,-2.239083767E0,3.922434568E0,7.760521889E0
6.299063650E1,-2.773879766E0,3.738785267E0,8.764909744E0
6.301074707E1,-2.060818434E0,3.093919754E0,8.590831757E0
6.303085759E1,-2.070987940E0,3.162115097E0,8.340183258E0
6.305096811E1,-2.136192322E0,3.384647608E0,8.272585869E0
6.307107864E1,-1.805384636E0,3.273979664E0,8.359326363E0
6.309118916E1,-1.183250785E0,2.880958557E0,7.924430370E0
6.311129973E1,-1.151545882E0,2.781058073E0,7.738388538E0
6.313141025E1,-1.490130305E0,3.071187973E0,7.252047062E0
6.315152077E1,-1.651047587E0,3.602992773E0,6.559923172E0
6.317163129E1,-1.731207132E0,3.926621914E0,6.660421848E0
6.319174181E1,-1.266401410E0,4.012763500E0,7.016354084E0
6.321185238E1,-7.621139884E-1,4.103690624E0,6.878767014E0
6.323196291E1,-1.516451359E0,4.612763882E0,7.113263607E0
6.325207343E1,-2.217548370E0,4.934598446E0,8.124829292E0
6.327218395E1,-1.826920033E0,4.704887390E0,1.056730270E1
6.329229447E1,-7.274180651E-1,3.955335855E0,1.242891884E1
6.331240499E1,-8.434699476E-2,3.724428415E0,1.162193966E1
6.333251556E1,-5.850451589E-1,4.246662140E0,9.626325607E0
6.335262608E1,-1.110269666E0,4.945964336E0,8.328817368E0
6.337273660E1,-1.005583763E0,5.303092957E0,7.041478634E0
6.339284712E1,-1.198804140E0,5.010570526E0,8.338987350E0
6.341295765E1,-1.485344648E0,4.262215137E0,1.145803165E1
6.343306822E1,-1.534995675E0,3.965505362E0,1.285783291E1
6.345317874E1,-1.204786181E0,4.657629490E0,1.042612648E1
6.347328926E1,-6.777670383E-1,5.267798901E0,7.618747234E0
6.349339978E1,-5.682953820E-2,4.949553490E0,8.464012146E0
6.351351030E1,4.139583111E-1,3.738785267E0,1.115653515E1
6.353362088E1,6.538388133E-1,2.947359324E0,1.143230820E1
6.355373140E1,2.470589429E-1,3.049054146E0,9.406784058E0
6.357384192E1,-2.261217386E-1,3.498904943E0,7.467401028E0
6.359395244E1,-2.009970993E-1,3.823730469E0,5.968297958E0
6.361406296E1,-2.386840582E-1,3.660420418E0,6.335596085E0
6.363417348E1,-3.140579760E-1,3.248854876E0,7.727022648E0
6.365428405E1,-1.549352705E-1,2.928814888E0,8.151748657E0
6.367439457E1,-8.614161611E-2,2.668595552E0,8.416753769E0
6.369450509E1,-9.032905847E-2,2.505883455E0,8.429914474E0
6.371461561E1,-5.018945336E-1,2.671586514E0,7.800003529E0
6.373472614E1,-1.167697430E0,3.172882795E0,6.945167542E0
6.375483666E1,-1.115653515E0,3.442075491E0,6.370890141E0
6.377494723E1,-8.703892231E-1,3.615555048E0,6.553941250E0
6.379505775E1,-1.020538807E0,4.095315933E0,6.891329288E0
6.381516827E1,-1.101894855E0,4.514657974E0,7.473383427E0
6.383527879E1,-1.043270707E0,4.595416069E0,8.414958954E0
6.385538931E1,-1.319641709E0,4.559523582E0,1.002054310E1
6.387549983E1,-1.572682738E0,4.457828522E0,1.101775169E1
6.389561041E1,-1.080957651E0,4.224528313E0,1.159621716E1
6.391572093E1,-7.537391186E-1,4.066602230E0,1.180917835E1
6.393583145E1,-8.733802438E-1,4.252045631E0,1.148554897E1
6.395594197E1,-1.586441398E0,4.684548378E0,9.896116257E0
6.397605249E1,-1.183250785E0,4.555335999E0,9.473184586E0
6.399616301E1,2.350948304E-1,3.758526087E0,1.212203979E1
6.401627353E1,1.407577872E0,2.331805706E0,1.504606915E1
6.403638410E1,6.801598072E-1,2.007578135E0,1.540738487E1
6.405649462E1,-9.110672474E-1,2.723630428E0,1.299841118E1
6.407660515E1,-1.700698733E0,3.611367464E0,9.489336014E0
6.409671567E1,-1.477568030E0,3.669393539E0,8.567501068E0
6.411682619E1,-8.219345808E-1,3.170490026E0,9.851250648E0
6.413693671E1,-1.495514158E-2,2.570489645E0,1.059960651E1
6.415704723E1,2.446661144E-1,2.492124796E0,9.882955551E0
6.417715780E1,9.511470050E-2,2.686541557E0,8.625527382E0
6.419726832E1,3.218346536E-1,2.568096876E0,7.858029366E0
6.421737884E1,3.822534084E-1,2.272583246E0,7.831110477E0
6.423748936E1,1.262213886E-1,2.145763636E0,7.791628838E0
6.425759988E1,-9.332008660E-2,2.131406784E0,7.337590694E0
6.427771041E1,-4.947160780E-1,2.487937450E0,6.294918060E0
6.429782093E1,-1.191027522E0,3.122633457E0,4.926223755E0
6.431793150E1,-1.560120344E0,3.571287870E0,4.057629108E0
6.433804202E1,-1.259821177E0,3.515654564E0,5.155336380E0
6.435815254E1,-4.067798555E-1,2.991626501E0,7.438687325E0
6.437826306E1,4.588237405E-1,2.670988321E0,8.183453560E0
6.439837358E1,7.399803996E-1,2.959323406E0,7.512865067E0
6.441848410E1,4.947160780E-1,3.461816072E0,7.545766354E0
6.443859463E1,-4.683950245E-1,4.124628067E0,8.426922798E0
6.445870515E1,-1.169492126E0,4.258625984E0,9.993025780E0
6.447881572E1,-1.336391449E0,4.202394962E0,1.144247818E1
6.449892624E1,-1.313659668E0,3.952943087E0,1.349791241E1
6.451903676E1,-8.673982024E-1,3.391227961E0,1.599482250E1
6.453914728E1,-4.420739710E-1,3.455235958E0,1.582792377E1
6.455925780E1,-9.643075466E-1,4.621138573E0,1.292901897E1
6.457936832E1,-7.501499057E-1,5.160121918E0,1.000558758E1
6.459947884E1,9.326026440E-1,4.009174347E0,1.095493984E1
6.461958936E1,1.936391711E0,2.157129526E0,1.553001690E1
6.463969988E1,1.963909149E0,1.170090318E0,1.659482384E1
6.465981046E1,9.595218897E-1,1.855633974E0,1.298106289E1
6.467992098E1,-1.477568001E-1,2.778665304E0,9.256634712E0
6.470003150E1,-3.224328458E-1,2.970689297E0,8.078767776E0
6.472014202E1,2.859423161E-1,2.407777786E0,8.148757935E0
6.474025254E1,1.543370605E0,1.596610904E0,7.721040249E0
6.476036306E1,1.660618901E0,1.094716311E0,8.231907845E0
6.478047358E1,-3.511467278E-1,1.095912814E0,9.851250648E0
6.480058410E1,-2.684148788E0,1.368096352E0,1.000020409E1
6.482069468E1,-3.458226919E0,1.622333765E0,8.595617294E0
6.484080520E1,-2.806182861E0,1.835893154E0,6.894320011E0
6.486091572E1,-1.831107497E0,1.968694806E0,5.871388435E0
6.488102624E1,-1.071386337E0,2.265404940E0,6.059823513E0
6.490113676E1,4.025924206E-1,1.661217093E0,7.550551891E0
6.492124728E1,5.844469070E-1,1.813759565E0,6.875775814E0
6.494135780E1,-5.162515044E-1,2.864806890E0,5.871388435E0
6.496146832E1,-6.412764788E-1,3.373281717E0,7.679165840E0
6.498157884E1,4.049852192E-1,2.693720102E0,9.979865074E0
6.500168942E1,4.103690982E-1,2.614757061E0,1.033759212E1
6.502179994E1,-4.689932466E-1,3.783650875E0,8.404789925E0
6.504191046E1,-1.995015860E0,4.966901779E0,8.007580757E0
6.506202098E1,-1.969292998E0,5.276772022E0,1.005763149E1
6.508213150E1,-6.077769399E-1,4.187439442E0,1.175414276E1
6.510224202E1,-5.162515044E-1,4.269393921E0,1.205862999E1
6.512235254E1,-7.567301393E-1,4.975276470E0,1.032742214E1
6.514246306E1,-4.331009090E-1,4.733003139E0,9.336195946E0
6.516257358E1,-4.785645381E-2,3.410370588E0,1.210349560E1
6.518268410E1,2.225325108E-1,2.230110645E0,1.390110302E1
6.520279462E1,-1.998006850E-1,2.097309113E0,1.272981644E1
6.522290520E1,-1.249651670E0,2.898306370E0,9.223732948E0
6.524301572E1,-1.985444546E0,3.550948858E0,6.964908600E0
6.526312624E1,-1.980060697E0,3.499503136E0,6.456433773E0
6.528323676E1,-1.612164259E0,2.995215654E0,7.089933395E0
6.530334728E1,-1.460818172E0,2.796611547E0,7.459026337E0
6.532345780E1,-1.575075507E0,3.023929596E0,7.134799004E0
6.534356832E1,-1.336989641E0,3.070589542E0,7.000801086E0
6.536367884E1,-9.140582681E-1,2.794816732E0,7.449455261E0
6.538378936E1,-2.733799815E-1,2.301895380E0,9.342177391E0
6.540389988E1,-1.190429255E-1,2.588435888E0,9.618548393E0
6.542401046E1,-8.626125455E-1,3.340978622E0,8.120641708E0
6.544412098E1,-1.247856975E0,3.761517286E0,7.155138016E0
6.546423150E1,-1.265803218E0,4.293322086E0,6.128018856E0
6.548434202E1,-1.247856975E0,4.896313190E0,6.398407936E0
6.550445254E1,-1.174277663E0,5.102096081E0,8.210372925E0
6.552456306E1,-4.642075896E-1,4.798805714E0,9.653842926E0
6.554467358E1,1.142572835E-1,4.651049137E0,1.039262676E1
6.556478410E1,2.416750938E-1,4.445266247E0,1.166800117E1
6.558489462E1,-2.105683982E-1,4.414757729E0,1.283330631E1
6.560500515E1,-6.251249313E-1,4.590630054E0,1.239123249E1
6.562511567E1,-9.140582681E-1,5.092525005E0,1.080718327E1
6.564522624E1,-5.760720372E-1,5.258227825E0,8.850452423E0
6.566533676E1,-2.871387079E-2,5.077569485E0,8.852845192E0
6.568544728E1,8.111668825E-1,3.731008768E0,1.229671574E1
6.570555780E1,5.874379873E-1,2.799004316E0,1.438026619E1
6.572566832E1,-6.358926296E-1,2.909074068E0,1.300199986E1
6.574577884E1,-1.013958573E0,3.478565931E0,9.248857498E0
6.576588936E1,-5.347958803E-1,3.698107481E0,6.617949009E0
6.578599988E1,1.579262912E-1,3.454637766E0,6.320042610E0
6.580611041E1,4.277170599E-1,3.128615618E0,7.421937466E0
6.582622093E1,7.573283911E-1,2.961117983E0,7.655237675E0
6.584633145E1,9.056833982E-1,3.095116138E0,6.686742783E0
6.586644197E1,2.703889608E-1,3.579662561E0,6.522834301E0
6.588655254E1,-3.672982752E-1,3.717848301E0,7.694719315E0
6.590666306E1,-3.451646566E-1,3.377469063E0,9.164510727E0
6.592677358E1,-1.333998591E-1,3.093321562E0,9.924231529E0
6.594688410E1,-6.400800496E-2,3.095714331E0,9.118449211E0
6.596699462E1,-1.160518974E-1,3.199203968E0,7.965108395E0
6.598710515E1,-2.195414752E-1,3.164507866E0,7.332206726E0
6.600721567E1,-7.579265833E-1,3.306282759E0,7.408777237E0
6.602732619E1,-6.951149702E-1,3.519842148E0,7.192824841E0
6.604743671E1,-4.725824669E-2,3.464807272E0,7.202396393E0
6.606754723E1,2.626122832E-1,3.209971666E0,8.315656662E0
6.608765775E1,3.948157281E-2,3.098107100E0,9.954142570E0
6.610776827E1,-3.349951655E-2,2.947359324E0,1.109910774E1
6.612787879E1,-2.458625287E-1,2.800798893E0,1.224526978E1
6.614798931E1,-8.536394835E-1,3.022733212E0,1.278664589E1
6.616809988E1,-1.510469317E0,3.540779352E0,1.153938675E1
6.618821041E1,-1.841875196E0,3.756731510E0,1.057627583E1
6.620832093E1,-2.010569334E0,3.422932863E0,1.117567825E1
6.622843145E1,-1.472782373E0,2.682354212E0,1.220279694E1
6.624854197E1,-1.005583763E0,2.382653236E0,1.184207916E1
6.626865249E1,-8.709874153E-1,2.826521635E0,9.646066666E0
6.628876301E1,-5.904290080E-1,3.287140131E0,8.103892326E0
6.630887353E1,-5.934200287E-1,3.072982550E0,9.072386742E0
6.632898405E1,-1.208973646E0,2.675773859E0,1.056610680E1
6.634909457E1,-1.924427629E0,2.999403238E0,9.613164902E0
6.636920509E1,-2.317448616E0,3.360121250E0,8.586644173E0
6.638931561E1,-2.338385820E0,3.309871912E0,8.816354752E0
6.640942614E1,-1.652842283E0,2.767897606E0,9.228518486E0
6.642953666E1,-5.551348329E-1,2.193022013E0,9.209974289E0
6.644964718E1,1.136590727E-2,2.000998020E0,8.532805443E0
6.646975775E1,-1.280160099E-1,2.407179594E0,7.167101860E0
6.648986827E1,-3.152543902E-1,2.753540754E0,5.924628735E0
6.650997879E1,-5.078766346E-1,3.064009428E0,5.569892883E0
6.653008931E1,-6.927221417E-1,3.303889751E0,6.214758396E0
6.655019983E1,-6.119644046E-1,3.309273720E0,6.900900364E0
6.657031035E1,-9.044869542E-1,3.342773199E0,7.926225185E0
6.659042088E1,-8.548358679E-1,3.362514019E0,8.601000786E0
6.661053140E1,-3.314059377E-1,3.403790236E0,8.782855988E0
6.663064192E1,-1.363908947E-1,3.354737282E0,1.063729286E1
6.665075244E1,1.196411327E-1,3.005385160E0,1.269691563E1
6.667086296E1,-4.187439755E-2,2.931207657E0,1.353799248E1
6.669097348E1,-2.207378894E-1,3.276372433E0,1.233918858E1
6.671108400E1,-3.858426511E-1,3.937389612E0,1.045902824E1
6.673119452E1,-3.613162339E-1,4.701896667E0,9.040083885E0
6.675130509E1,-1.274178028E-1,4.174279213E0,1.149990559E1
6.677141561E1,3.732803464E-1,2.359323025E0,1.608455467E1
6.679152614E1,6.293123364E-1,1.444666624E0,1.769970894E1
6.681163666E1,8.153542876E-1,2.012363911E0,1.335793209E1
6.683174718E1,9.200403094E-1,2.726621389E0,9.843474388E0
6.685185770E1,6.406782866E-1,2.852244616E0,9.484550476E0
6.687196822E1,1.214357466E-1,2.815753937E0,9.001200676E0
6.689207874E1,-3.158525825E-1,2.817548752E0,8.113463402E0
6.691218926E1,-1.021735311E0,2.866003275E0,7.606783390E0
6.693229978E1,-1.502094388E0,3.024527788E0,7.375875950E0
6.695241030E1,-1.500299811E0,2.907877684E0,7.407580853E0
6.697252082E1,-1.420140266E0,2.765504837E0,7.306483746E0
6.699263134E1,-1.321436286E0,2.688336134E0,7.036095142E0
6.701274186E1,-8.775677085E-1,2.485544443E0,7.133004189E0
6.703285244E1,-3.445664644E-1,2.301895380E0,7.658827305E0
6.705296296E1,4.983053207E-1,2.123630047E0,7.819146156E0
6.707307348E1,1.048056364E0,2.413161755E0,7.010970116E0
6.709318400E1,9.158528447E-1,2.779861689E0,7.255038261E0
6.711329452E1,2.470589429E-1,3.114258766E0,7.575676441E0
6.713340504E1,-7.782655358E-1,3.524029493E0,7.328019142E0
6.715351556E1,-2.152942181E0,4.180261135E0,6.571289062E0
6.717362608E1,-2.577668190E0,4.177868366E0,7.765905857E0
6.719373660E1,-1.444666624E0,3.010769129E0,1.173081303E1
6.721384712E1,6.047859192E-1,2.077568293E0,1.487916946E1
6.723395765E1,7.447660565E-1,2.864806890E0,1.316830158E1
6.725406817E1,-5.605186820E-1,4.134797573E0,1.143529987E1
6.727417869E1,-2.003988981E0,4.435695171E0,1.231346512E1
6.729428921E1,-2.143969059E0,3.491128206E0,1.472184086E1
6.731439973E1,-1.147956610E0,2.382653236E0,1.606720543E1
6.733451030E1,-1.836491376E-1,1.995614052E0,1.423430347E1
6.735462082E1,-1.896311939E-1,2.308475733E0,1.066540909E1
6.737473134E1,-8.662018180E-1,2.867199659E0,7.701898098E0
6.739484186E1,-2.021337032E0,3.160918713E0,7.010970116E0
6.741495238E1,-2.873780012E0,3.220141172E0,6.984051228E0
6.743506291E1,-2.936591625E0,3.065804005E0,6.573083878E0
6.745517343E1,-2.439482689E0,2.813361168E0,6.570691109E0
6.747528395E1,-1.607976794E0,2.450848579E0,7.091728210E0
6.749539447E1,-6.311069727E-1,1.962712765E0,8.072785378E0
6.751550499E1,1.537388563E-1,1.537986755E0,8.611170769E0
6.753561551E1,1.573280841E-1,1.602592945E0,7.750950813E0
6.755572603E1,-3.625126183E-1,2.127219439E0,6.466603279E0
6.757583655E1,-7.298108935E-1,2.609971285E0,5.397011280E0
6.759594707E1,-7.555337548E-1,3.139981508E0,5.067998409E0
6.761605759E1,-5.228317380E-1,3.269193888E0,6.288337708E0
6.763616811E1,-1.836491376E-1,3.068196774E0,7.721040249E0
6.765627869E1,2.362912297E-1,2.952743053E0,8.440681458E0
6.767638921E1,2.548356056E-1,2.779861689E0,8.746364594E0
6.769649973E1,-1.064806059E-1,3.035893679E0,8.799605370E0
6.771661025E1,-4.821537733E-1,3.242274761E0,9.635298729E0
6.773672077E1,-1.426720500E0,3.288336515E0,1.121216869E1
6.775683129E1,-2.330609322E0,3.659822226E0,1.230748367E1
6.777694181E1,-1.580459356E0,3.884747505E0,1.176670551E1
6.779705233E1,-5.766702294E-1,4.028914928E0,1.118644619E1
6.781716285E1,-1.830509305E-1,3.714258909E0,1.177986622E1
6.783727338E1,1.878365725E-1,2.901297569E0,1.360558987E1
6.785738390E1,3.355933726E-1,2.382653236E0,1.477926922E1
6.787749442E1,-8.374879509E-2,2.703889608E0,1.365763378E1
6.789760494E1,-7.429714203E-1,3.375674486E0,1.095673466E1
6.791771551E1,-8.584251404E-1,3.673580885E0,8.609973907E0
6.793782603E1,-7.154539824E-1,3.467200041E0,8.086544037E0
6.795793655E1,-8.177471161E-1,2.903690338E0,9.298508644E0
6.797804707E1,-1.016949654E0,2.567498684E0,1.016231823E1
6.799815759E1,-8.309076428E-1,2.503490686E0,8.918049812E0
6.801826811E1,-7.286145091E-1,2.694318295E0,6.999006271E0
6.803837864E1,-5.838487148E-1,2.839682341E0,5.695516109E0
6.805848916E1,-3.625126183E-1,2.937788010E0,5.476572990E0
6.807859968E1,-1.477568001E-1,2.908475876E0,6.105885029E0
6.809871020E1,2.249253243E-1,2.773879766E0,7.054639339E0
6.811882072E1,3.756731451E-1,2.787638426E0,7.741977692E0
6.813893124E1,-2.512463629E-1,2.500499725E0,9.333204269E0
6.815904176E1,-8.482556343E-1,2.149353027E0,1.089691448E1
6.817915233E1,-9.170492887E-1,2.258824587E0,1.112722397E1
6.819926285E1,-1.272383451E0,2.369492531E0,1.056191921E1
6.821937338E1,-2.097907305E0,2.654836655E0,1.076530933E1
6.823948390E1,-2.689532757E0,2.252842426E0,1.258564854E1
6.825959442E1,-2.137987137E0,1.631905079E0,1.366780281E1
6.827970494E1,-7.914260626E-1,1.475175142E0,1.235593796E1
6.829981546E1,-3.948157281E-2,2.058425665E0,9.823733330E0
6.831992598E1,-2.039881349E-1,2.747558594E0,8.459824562E0
6.834003650E1,-7.824530005E-1,2.821736097E0,9.265607834E0
6.836014702E1,-1.081555843E0,2.337787628E0,1.149990559E1
6.838025754E1,-4.061816335E-1,1.296311617E0,1.404407406E1
6.840036806E1,2.997010350E-1,7.082754970E-1,1.476132298E1
6.842047864E1,5.192425251E-1,8.003991842E-1,1.257368469E1
6.844058916E1,2.147558331E-1,1.255633712E0,9.795618057E0
6.846069968E1,-3.804588020E-1,1.671386600E0,8.009973526E0
6.848081020E1,-7.722834945E-1,1.861017823E0,7.092924595E0
6.850092072E1,-1.374078393E0,2.073380709E0,6.894918442E0
6.852103124E1,-1.896910191E0,2.160120726E0,7.481160164E0
6.854114176E1,-1.814357758E0,1.999801517E0,7.907680511E0
6.856125228E1,-1.374676585E0,1.811964989E0,7.784450054E0
6.858136280E1,-9.547362328E-1,1.612762451E0,7.412964344E0
6.860147332E1,-9.559326172E-1,1.570888042E0,6.653841496E0
6.862158384E1,-1.122233868E0,1.756929994E0,5.797809124E0
6.864169442E1,-1.170688510E0,2.122433662E0,5.450850010E0
6.866180494E1,-8.662018180E-1,2.369492531E0,5.666203976E0
6.868191546E1,-2.578266263E-1,2.450848579E0,6.799205780E0
6.870202598E1,6.885347366E-1,2.123031855E0,9.564111710E0
6.872213650E1,5.060819983E-1,2.266601324E0,1.082213879E1
6.874224702E1,-5.820540786E-1,3.026920557E0,1.042971611E1
6.876235754E1,-1.730010748E0,3.735794306E0,1.014496994E1
6.878246806E1,-2.663809776E0,4.089931965E0,1.089392376E1
6.880257858E1,-2.859423161E0,3.938585997E0,1.252762318E1
6.882268910E1,-2.194816589E0,3.393620729E0,1.385863018E1
6.884279962E1,-1.354337573E0,3.404986620E0,1.355414391E1
6.886291020E1,-5.024927258E-1,3.432504177E0,1.227159119E1
6.888302072E1,-4.683950245E-1,3.282952785E0,1.207717419E1
6.890313124E1,-7.920243144E-1,2.769093990E0,1.296072388E1
6.892324176E1,-7.878368497E-1,2.210369825E0,1.347637749E1
6.894335228E1,-8.374879509E-2,1.841277003E0,1.247557926E1
6.896346280E1,6.394818425E-1,1.920838356E0,1.026341438E1
6.898357332E1,1.080957651E0,1.861017823E0,8.667402267E0
6.900368384E1,9.661021233E-1,1.846062660E0,7.674380302E0
6.902379436E1,3.409772217E-1,2.056032896E0,7.540382385E0
6.904390488E1,-3.050848842E-1,2.322832584E0,7.931608677E0
6.906401546E1,-7.178468108E-1,2.430509567E0,8.352147102E0
6.908412598E1,-7.722834945E-1,2.291127682E0,8.641080856E0
6.910423650E1,-8.757730722E-1,2.278565407E0,8.400003433E0
6.912434702E1,-9.164510965E-1,2.324028969E0,7.556533813E0
6.914445754E1,-5.114658475E-1,2.298904419E0,6.460022926E0
6.916456806E1,-3.170489892E-2,2.303689957E0,5.517251015E0
6.918467858E1,1.639083475E-1,2.396411896E0,5.367101192E0
6.920478910E1,3.343969584E-1,2.346760750E0,6.040680885E0
6.922489962E1,5.335994363E-1,2.498106956E0,6.446264267E0
6.924501015E1,1.539183140E0,2.477767944E0,6.556334019E0
6.926512072E1,1.841875196E0,2.551347256E0,7.838887215E0
6.928523124E1,5.569294691E-1,3.056232691E0,9.698110580E0
6.930534176E1,-3.762713671E-1,3.090928555E0,1.186600780E1
6.932545228E1,-7.716853172E-2,2.579462767E0,1.260000610E1
6.934556280E1,-4.061816335E-1,2.843869686E0,1.369890976E1
6.936567332E1,-1.208375454E0,3.520440340E0,1.371266842E1
6.938578384E1,-1.872981906E0,4.034897327E0,1.319222927E1
6.940589436E1,-2.107478619E0,3.863810301E0,1.179063320E1
6.942600488E1,-2.317448616E0,3.619742393E0,1.141735363E1
6.944611546E1,-1.941177368E0,2.953939438E0,1.316052437E1
6.946622598E1,-1.009771109E0,1.814955950E0,1.516032600E1
6.948633650E1,-6.646065116E-1,9.457631707E-1,1.599601936E1
6.950644702E1,-7.136593461E-1,7.668996453E-1,1.386401463E1
6.952655754E1,-9.816554785E-1,1.389631748E0,9.568299294E0
6.954666806E1,-1.319641709E0,2.283949137E0,6.549155712E0
6.956677858E1,-1.272383451E0,2.888735056E0,5.481956482E0
6.958688910E1,-1.205384374E0,2.853441000E0,5.982655048E0
6.960699962E1,-1.601396561E0,2.912663460E0,6.635297298E0
6.962711015E1,-2.262413740E0,3.270988464E0,6.830312252E0
6.964722072E1,-2.392224550E0,3.126222849E0,7.504489899E0
6.966733124E1,-1.581057549E0,2.373081923E0,8.763712883E0
6.968744176E1,-4.815555513E-1,1.765304923E0,9.424730301E0
6.970755228E1,-1.375873014E-2,1.587637782E0,9.866804123E0
6.972766280E1,-2.721835673E-1,1.740778446E0,9.644271851E0
6.974777332E1,-9.493523836E-1,2.085345030E0,7.784450054E0
6.976788384E1,-1.405783296E0,2.510669231E0,7.079763889E0
6.978799436E1,-1.766501307E0,2.608176708E0,6.839883327E0
6.980810494E1,-1.593021631E0,2.603390932E0,7.859824181E0
6.982821546E1,-3.918247223E-1,1.869392633E0,1.120618629E1
6.984832598E1,-7.375875711E-1,2.088934183E0,1.180977631E1
6.986843650E1,-1.111466169E0,2.575873613E0,1.085384369E1
6.988854702E1,-1.245464206E0,2.852244616E0,1.028195858E1
6.990865754E1,-1.043270707E0,2.768495798E0,1.027537823E1
6.992876806E1,-5.365904570E-1,2.546561480E0,9.843474388E0
6.994887858E1,-1.351944804E-1,2.461616278E0,9.003593445E0
6.996898910E1,-3.768695518E-2,2.551347256E0,8.675776482E0
6.998909968E1,-6.400800496E-2,2.517847538E0,9.332606316E0
7.000921020E1,-1.250249892E-1,2.434098721E0,1.057567787E1
7.002932072E1,-2.560320199E-1,2.438884497E0,1.098425198E1
7.004943124E1,-4.558327198E-1,2.576471806E0,1.023888779E1
7.006954176E1,-7.746763229E-1,2.734398127E0,9.202795982E0
7.008965228E1,-8.668000102E-1,2.785245657E0,8.779864311E0
7.010976280E1,-6.783652306E-1,2.676970243E0,9.553942680E0
7.012987332E1,9.810572863E-2,2.483749866E0,1.024606609E1
7.014998384E1,5.670989752E-1,2.535793781E0,9.747760773E0
7.017009442E1,4.743770957E-1,2.417947292E0,9.227920532E0
7.019020494E1,-3.619144261E-1,2.417947292E0,9.335597992E0
7.021031546E1,-7.722834945E-1,2.446661234E0,8.187641144E0
7.023042598E1,-6.340979934E-1,2.333600283E0,8.057231903E0
7.025053650E1,-3.242274821E-1,2.166102648E0,7.898707390E0
7.027064702E1,-1.088734269E-1,2.061416626E0,8.318648338E0
7.029075754E1,2.333002090E-1,1.915454507E0,8.274380684E0
7.031086806E1,-6.257231236E-1,2.457428932E0,6.455237389E0
7.033097864E1,-1.046859860E0,2.357528448E0,9.035896301E0
7.035108916E1,-5.306084156E-1,2.234896421E0,9.224330902E0
7.037119968E1,-9.385846853E-1,2.733201742E0,8.275577545E0
7.039131020E1,-1.398604870E0,3.299104214E0,7.975277901E0
7.041142072E1,-1.299302697E0,3.661616802E0,8.387441635E0
7.043153124E1,-7.244270444E-1,3.912265062E0,7.329813957E0
7.047313150E1,-8.847461939E-1,4.895715237E0,8.431110382E0
7.049324197E1,-5.054838061E-1,4.576273441E0,9.143573761E0
7.051335244E1,-3.140579760E-1,4.493721008E0,9.582656860E0
7.053346291E1,-1.050449133E0,4.756333351E0,9.393025398E0
7.055357338E1,-1.546361685E0,5.059623718E0,8.328219414E0
7.057368390E1,-1.811366796E0,5.182853699E0,7.525427341E0
7.059379437E1,-1.752742529E0,5.199005604E0,7.586444378E0
7.061390484E1,-1.467996716E0,5.085944653E0,7.957331657E0
7.063401531E1,-1.153340459E0,5.017749310E0,7.983652592E0
7.065412578E1,-1.015753269E0,5.059025288E0,7.581060410E0
7.067423624E1,-8.261220455E-1,5.130211830E0,7.092326164E0
7.069434671E1,-5.772684813E-1,5.105087280E0,6.991229534E0
7.071445718E1,-1.878365725E-1,4.961517811E0,7.104290485E0
7.073456765E1,1.381855011E-1,4.629513741E0,7.217949390E0
7.075467817E1,3.308077157E-1,4.344767570E0,6.540780544E0
7.077478864E1,1.674975827E-2,4.442873478E0,5.463412285E0
7.079489911E1,-5.066801906E-1,4.788038254E0,5.117051125E0
7.081500958E1,2.117647976E-1,4.797011375E0,5.879165173E0
7.083512005E1,1.336989641E0,5.023132801E0,6.791429043E0
7.085523052E1,1.101894855E0,5.657829285E0,8.095517159E0
7.087534098E1,-3.224328458E-1,6.382256031E0,1.295294762E1
7.089545145E1,-2.527418852E0,6.589833736E0,1.804248047E1
7.091556197E1,-2.199602127E0,8.933005333E0,1.386461258E1
7.093567244E1,-7.357929349E-1,1.157647610E1,7.018746853E0
7.095578291E1,-1.090528965E0,1.263230896E1,6.752545357E0
7.097589338E1,-8.602197170E-1,1.049192905E1,1.353320694E1
7.099600385E1,8.344969153E-1,7.386045456E0,1.909651947E1
7.101611432E1,2.676372051E0,6.081358910E0,1.655175209E1
7.103622479E1,2.258226395E0,6.818946362E0,9.936196327E0
7.105633526E1,1.435095429E0,7.723433495E0,6.664609432E0
7.107644572E1,1.518844128E0,6.671189308E0,7.967501163E0
7.109655619E1,1.867598057E0,4.427320004E0,1.085563850E1
7.111666666E1,4.570291340E-1,2.896511793E0,1.142333508E1
7.113677718E1,-1.756929994E0,2.273779631E0,1.052782154E1
7.115688765E1,-2.969492912E0,2.687737942E0,8.529814720E0
7.117699812E1,-3.075375319E0,3.401995659E0,7.523034573E0
7.119710859E1,-1.456032634E0,3.174079180E0,9.412766457E0
7.121721906E1,1.010369420E0,2.240878344E0,1.215494061E1
7.123732953E1,2.949153900E0,1.882553220E0,1.047996521E1
7.125743999E1,2.837887764E0,2.670988321E0,8.731410027E0
7.127755046E1,1.385444283E0,2.995813847E0,1.042134094E1
7.129766093E1,9.690931439E-1,2.664407969E0,1.290808201E1
7.131777140E1,1.022931695E0,2.523829699E0,1.217886925E1
7.133788187E1,1.046859920E-1,2.858226538E0,1.012044334E1
7.135799234E1,-3.018545866E0,4.021138668E0,9.662218094E0
7.137810281E1,-5.222933769E0,5.487938881E0,8.957531929E0
7.139821328E1,-3.401995659E0,4.720440865E0,6.876374245E0
7.141832374E1,-4.660021961E-1,3.303889751E0,3.821337700E0
7.143843421E1,7.160521746E-1,2.770290375E0,3.302095175E0
7.145854468E1,6.149554253E-1,2.597409010E0,6.969694138E0
7.147865515E1,-3.469592705E-2,2.333002090E0,9.835697174E0
7.149876562E1,-1.191027522E0,2.630310297E0,8.359924316E0
7.151887609E1,-2.160718918E0,3.078964472E0,6.053243160E0
7.153898656E1,-2.373680115E0,3.182454109E0,5.979663849E0
7.155909703E1,-1.616949916E0,2.835494757E0,6.792625427E0
7.157920749E1,-4.977070987E-1,2.377269268E0,7.435696602E0
7.159931796E1,4.785645381E-2,2.330011129E0,7.400402069E0
7.161942843E1,1.148554832E-1,2.556730986E0,6.799205780E0
7.163953890E1,3.050848842E-2,2.915056229E0,6.263213158E0
7.165964937E1,-1.716850251E-1,3.259622574E0,7.006783009E0
7.167975984E1,-2.452643216E-1,3.340978622E0,9.208778381E0
7.169987031E1,-4.797609448E-1,3.257229805E0,1.077188969E1
7.171998078E1,-1.420738459E0,3.747160196E0,1.004506969E1
7.174009124E1,-2.516651154E0,4.299902439E0,9.985847473E0
7.176020171E1,-2.528615236E0,4.522434711E0,1.133181000E1
7.178031218E1,-1.171884894E0,4.233501434E0,1.153819084E1
7.180042265E1,-1.028913707E-1,4.791028976E0,1.003011417E1
7.182053312E1,3.954139352E-1,5.656632900E0,8.574680328E0
7.184064359E1,4.576273263E-1,5.129613400E0,1.005823040E1
7.186075406E1,1.252642632E0,3.230310678E0,1.328196049E1
7.188086453E1,2.441277266E0,1.441675663E0,1.529133320E1
7.190097499E1,2.117648125E0,1.159322619E0,1.405843163E1
7.192108546E1,8.003991842E-1,2.143969059E0,1.047817039E1
7.194119593E1,-3.583251834E-1,3.065804005E0,7.096513748E0
7.196130640E1,-4.444667995E-1,3.474378586E0,5.499902725E0
7.198141687E1,-4.546362907E-2,2.955136061E0,6.202196121E0
7.200152734E1,-1.734796353E-2,2.362912416E0,7.005586624E0
7.202163781E1,-2.446661144E-1,2.110469580E0,6.620342255E0
7.204174828E1,-3.816552162E-1,2.076970100E0,5.829514027E0
7.206185874E1,-8.554340899E-2,1.898704767E0,5.185246468E0
7.208196921E1,3.278166950E-1,1.579262972E0,6.425925255E0
7.210207968E1,1.004387259E0,8.321040869E-1,9.575477600E0
7.212219015E1,8.955138922E-1,8.524430394E-1,1.099681473E1
7.214230062E1,-2.991028316E-2,1.697109461E0,8.963513374E0
7.216241109E1,-7.429714203E-1,2.785843849E0,6.659225464E0
7.218252156E1,-1.023529887E0,3.360121250E0,7.884350777E0
7.220263203E1,-7.513462901E-1,2.959921598E0,1.081256771E1
7.222274244E1,-1.045663476E0,2.904886723E0,1.237627697E1
7.224285291E1,-2.025524378E0,3.521038532E0,1.266042423E1
7.226296338E1,-2.407179594E0,4.038486481E0,1.298285770E1
7.228307385E1,-2.170888424E0,3.954737663E0,1.391306686E1
7.230318432E1,-2.515454769E0,3.745963812E0,1.395075417E1
7.232329479E1,-3.540181160E0,3.909872293E0,1.370907879E1
7.234340526E1,-4.197608948E0,4.256233215E0,1.320359516E1
7.236351572E1,-3.965505362E0,4.257429600E0,1.244267750E1
7.238362619E1,-2.611167669E0,3.625126362E0,1.309831142E1
7.240373666E1,-9.577272534E-1,2.417349100E0,1.497667694E1
7.242384713E1,-3.349951804E-1,1.972882271E0,1.412243938E1
7.244395760E1,-1.100698471E0,2.548356056E0,1.050927734E1
7.246406802E1,-1.707877159E0,3.028116941E0,7.239484787E0
7.248417848E1,-2.213959217E0,3.311666489E0,5.257031441E0
7.250428895E1,-2.946761131E0,3.446262836E0,4.328018188E0
7.252439942E1,-3.416352510E0,3.500101328E0,4.269991875E0
7.254450989E1,-2.715853691E0,3.495315790E0,4.782055855E0
7.256462036E1,-1.420738459E0,3.149552822E0,5.563312531E0
7.258473083E1,-3.134597540E-1,2.966501951E0,6.821339130E0
7.260484130E1,1.231107235E0,2.902493954E0,7.635497093E0
7.262495176E1,2.114656925E0,3.236890793E0,7.463213921E0
7.264506218E1,1.687538147E0,3.948755503E0,6.608377934E0
7.266517265E1,1.306481123E0,4.063611031E0,7.798209190E0
7.268528312E1,1.147358418E0,3.950550079E0,1.007019424E1
7.270539359E1,5.976074338E-1,3.720241070E0,1.255514050E1
7.272550406E1,-8.434699476E-2,3.856631994E0,1.265025520E1
7.274561453E1,-1.003789067E0,4.322035789E0,1.078205872E1
7.276572499E1,-2.057827473E0,4.606183529E0,8.644071579E0
7.278583546E1,-2.609373093E0,4.450051785E0,7.770093441E0
7.280594588E1,-2.231307030E0,3.973880291E0,1.003430176E1
7.282605635E1,-1.724028707E0,3.634099483E0,1.163809109E1
7.284616682E1,-1.723430514E0,4.342973232E0,9.232108116E0
7.286627729E1,-1.555334687E0,4.992026329E0,6.973283291E0
7.288638776E1,-2.955136001E-1,4.928616524E0,7.716254711E0
7.290649822E1,8.745766878E-1,4.201796532E0,1.100459099E1
7.292660869E1,1.908276081E0,3.696312666E0,1.303968716E1
7.294671911E1,2.720639229E0,2.775076151E0,1.424806213E1
7.296682958E1,1.716252089E0,2.050648928E0,1.346261883E1
7.298694005E1,5.389832854E-1,2.192423820E0,1.155613708E1
7.300705052E1,-3.050848842E-2,2.592025042E0,1.068335533E1
7.302716098E1,-3.708875179E-1,2.773281336E0,1.045304585E1
7.304727145E1,1.794617027E-1,2.587837696E0,1.006780148E1
7.306738187E1,1.308275819E0,2.166700840E0,9.127422333E0
7.308749234E1,2.079961061E0,1.870589137E0,7.844869137E0
7.310760281E1,2.260619164E0,1.859821439E0,6.547959328E0
7.312771328E1,2.000399828E0,2.007578135E0,6.351149559E0
7.314782374E1,1.999801517E0,1.886142492E0,6.382256031E0
7.316793416E1,1.725225091E0,1.936391711E0,6.119643688E0
7.318804463E1,1.253240824E0,2.148156643E0,5.486742496E0
7.320815510E1,6.352944374E-1,2.496312141E0,5.112864017E0
7.322826557E1,4.648058116E-1,2.402393818E0,6.383452415E0
7.324837604E1,7.022934556E-1,1.898106575E0,8.786444664E0
7.326848650E1,1.341775298E0,1.484746456E0,9.543772697E0
7.328859692E1,1.328614831E0,1.747956991E0,8.288737297E0
7.330870739E1,7.722834945E-1,2.319243431E0,7.319644451E0
7.332881786E1,3.595215976E-1,2.811566591E0,6.981658459E0
7.334892833E1,1.495514214E-1,3.063411236E0,7.642077446E0
7.336903880E1,-3.852444589E-1,3.635295868E0,8.307880402E0
7.338914926E1,-4.378865361E-1,4.320839405E0,9.671789169E0
7.340925968E1,5.431707501E-1,4.249652863E0,1.208136177E1
7.342937015E1,1.120439172E0,4.159922123E0,1.380299759E1
7.344948062E1,9.565308690E-1,4.577469826E0,1.308814144E1
7.346959109E1,1.074377418E0,5.062614441E0,1.191625690E1
7.348970156E1,8.943174481E-1,5.263013363E0,1.184686470E1
7.350981197E1,5.383851007E-3,5.510072231E0,1.165603733E1
7.352992244E1,-1.094716311E0,5.824130535E0,1.129651546E1
7.355003291E1,-1.683948994E0,6.026922226E0,1.043629551E1
7.357014338E1,-1.164706469E0,5.596213818E0,1.021555805E1
7.359025380E1,1.118644550E-1,4.584050179E0,1.129113197E1
7.361036426E1,7.328019142E-1,4.178466320E0,1.341356564E1
7.363047473E1,-2.237289101E-1,4.731208801E0,1.283809185E1
7.365058520E1,-5.539384484E-1,4.376472473E0,1.215673542E1
7.367069567E1,-1.854437590E-1,3.714258909E0,1.306959724E1
7.369080609E1,2.111666054E-1,2.952144861E0,1.293859005E1
7.371091656E1,-4.360919297E-1,2.696711063E0,1.170748329E1
7.373102703E1,-2.297708035E0,2.803191662E0,1.051705360E1
7.375113749E1,-3.850649834E0,3.142374277E0,8.953942299E0
7.377124791E1,-4.298706055E0,3.449851990E0,7.624729156E0
7.379135838E1,-3.295515060E0,3.403192043E0,6.841079712E0
7.381146885E1,-1.357328653E0,2.833700180E0,6.437889099E0
7.383157932E1,9.810572863E-2,2.200798512E0,6.411568165E0
7.385168973E1,-1.441675574E-1,1.971087694E0,7.027719975E0
7.387180020E1,-1.369890928E0,2.179263115E0,7.290332317E0
7.389191067E1,-2.265404940E0,2.965305567E0,5.754738331E0
7.391202114E1,-2.291127682E0,3.675375462E0,3.260818958E0
7.393213156E1,-1.066002488E0,3.749552965E0,1.585843205E0
7.395224203E1,6.239284873E-1,2.899502754E0,3.688536167E0
7.397235249E1,1.333998680E0,2.252842426E0,7.097112179E0
7.399246296E1,1.816750646E0,1.892722726E0,9.463613510E0
7.401257338E1,2.540579557E0,1.695913076E0,9.585647583E0
7.403268385E1,1.392024517E0,2.492722988E0,9.138189316E0
7.405279432E1,6.460621208E-2,3.518645763E0,8.082356453E0
7.407290473E1,-2.709871531E-1,3.969094515E0,7.304090977E0
7.409301520E1,-5.192425251E-1,3.975076675E0,8.389834404E0
7.411312567E1,-1.119840980E0,4.217350006E0,1.022094154E1
7.413323614E1,-7.842476368E-1,4.300500393E0,9.104091644E0
7.415334656E1,-1.223928809E0,4.332205296E0,8.999405861E0
7.417345703E1,9.571290575E-3,3.238685369E0,1.257787228E1
7.419356749E1,3.031108141E0,1.387238979E0,1.465843105E1
7.421367796E1,3.960719585E0,1.576271892E0,1.224885941E1
7.423378838E1,2.309073925E0,3.345165968E0,7.182655334E0
7.425389885E1,7.591229677E-1,5.071587563E0,6.100501537E0
7.427400932E1,1.666600943E0,5.134997368E0,5.859424591E0
7.429411979E1,3.415156126E0,3.684946775E0,8.184051514E0
7.431423020E1,4.147958279E0,2.334796667E0,1.181456184E1
7.433434067E1,3.588635683E0,1.899302959E0,1.278126240E1
7.435445114E1,1.533201098E0,2.788236618E0,1.119063377E1
7.437456156E1,4.295116663E-1,3.604787350E0,9.642477036E0
7.439467203E1,2.937189937E-1,3.698705673E0,9.550353050E0
7.441478249E1,2.081755698E-1,3.367299557E0,1.068156052E1
7.443489291E1,-4.743770957E-1,3.291925669E0,1.020598698E1
7.445500338E1,-1.740778536E-1,3.566502094E0,7.213762283E0
7.447511385E1,1.569093466E0,2.625524759E0,6.026323795E0
7.449522432E1,2.126621008E0,1.786840320E0,7.161718369E0
7.451533473E1,1.517647743E0,1.487737536E0,8.529216766E0
7.453544520E1,4.079762697E-1,1.916650891E0,8.998209953E0
7.455555567E1,6.580262184E-1,1.822134495E0,8.182855606E0
7.457566609E1,7.154539824E-1,1.807179332E0,7.473981380E0
7.459577656E1,3.403790295E-1,1.950748682E0,7.210172653E0
7.461588703E1,8.913264424E-2,2.181057930E0,7.590631485E0
7.463599744E1,-5.449653864E-1,2.523829699E0,8.260024071E0
7.465610791E1,-7.531409264E-1,2.546561480E0,1.024666500E1
7.467621838E1,-5.958128572E-1,2.541177750E0,1.123729324E1
7.469632885E1,-8.255238086E-2,2.661417007E0,1.084068298E1
7.471643926E1,-9.667003751E-1,3.242274761E0,1.048893833E1
7.473654973E1,-1.856830359E0,3.929014683E0,1.092742252E1
7.475666020E1,-2.513660192E0,3.753740549E0,1.253599739E1
7.477677062E1,-2.903690338E0,3.619144201E0,1.500180149E1
7.479688109E1,-1.529611826E0,2.832503796E0,1.716072655E1
7.481699156E1,1.278365493E0,1.537986755E0,1.783011818E1
7.483710197E1,2.803191662E0,9.343972206E-1,1.513101387E1
7.485721244E1,1.682154298E0,1.457229018E0,1.104526901E1
7.487732291E1,-7.579265833E-1,2.353939295E0,8.342576027E0
7.489743333E1,-2.536990166E0,2.767299414E0,7.669594765E0
7.491754380E1,-2.967698336E0,2.556730986E0,8.162516594E0
7.493765426E1,-2.138585329E0,2.105085611E0,8.258229256E0
7.495776468E1,-1.161715388E0,1.895713687E0,7.476374149E0
7.497787515E1,-5.563312769E-1,1.797608018E0,6.537191391E0
7.499798562E1,2.554338276E-1,1.525424480E0,8.134400368E0
7.501809604E1,5.754738450E-1,8.171489239E-1,1.109910774E1
7.503820650E1,1.109073281E0,3.152543902E-1,1.197428226E1
7.505831697E1,1.887338877E0,4.265206456E-1,9.427721024E0
7.507842739E1,1.916650891E0,9.349954724E-1,6.000600815E0
7.509853786E1,1.069591761E0,1.646860242E0,4.295714855E0
7.511864833E1,-1.322034448E-1,2.559123755E0,4.341776848E0
7.513875874E1,3.768695518E-2,3.076571703E0,4.470989227E0
7.515886921E1,6.640082598E-1,3.281756163E0,5.707480431E0
7.517897963E1,1.293320656E0,3.260220766E0,7.934599876E0
7.519909010E1,1.693520188E0,3.088535786E0,1.138086224E1
7.521920057E1,1.442273855E0,3.299104214E0,1.237986660E1
7.523931098E1,1.238285661E0,4.040879250E0,1.065105152E1
7.525942145E1,2.148156643E0,4.265206337E0,9.735198975E0
7.527953192E1,3.069393158E0,3.384647608E0,1.125464153E1
7.529964234E1,1.342373490E0,2.488535643E0,1.582612896E1
7.531975281E1,1.016949639E-1,1.730608940E0,1.879502296E1
7.533986328E1,2.166700840E0,9.415757060E-1,1.632622910E1
7.535997369E1,3.559921980E0,5.934200287E-1,1.229851055E1
7.538008416E1,2.722434044E0,1.136590719E0,8.112266541E0
7.540019458E1,-7.896314561E-2,2.081157446E0,5.049454212E0
7.542030505E1,-3.076571703E0,3.102892876E0,4.436293125E0
7.544041552E1,-4.482355118E0,3.389433384E0,6.040680885E0
7.546052593E1,-3.515654564E0,2.988635540E0,7.655836105E0
7.548063640E1,-1.111466169E0,2.176870346E0,8.378468513E0
7.550074687E1,2.590230405E-1,1.741974831E0,7.867002487E0
7.552085729E1,3.541377485E-1,1.779063582E0,6.965506554E0
7.554096776E1,1.866401732E-1,1.905285001E0,6.250052929E0
7.556107822E1,4.767699242E-1,2.124228239E0,5.949155331E0
7.558118864E1,1.707278967E0,2.240878344E0,6.235695839E0
7.560129911E1,2.139781713E0,2.325823545E0,8.362915039E0
7.562140953E1,1.698904037E-1,3.061018467E0,1.006062317E1
7.564151999E1,-1.834696770E0,4.424329281E0,9.230911255E0
7.566163046E1,-2.860619545E0,5.615356445E0,9.412766457E0
7.568174088E1,-1.030708313E0,5.182853699E0,1.061515903E1
7.570185135E1,7.250252366E-1,3.301496983E0,1.418106365E1
7.572196182E1,1.202393398E-1,2.562114954E0,1.622333717E1
7.574207223E1,-8.578268886E-1,2.688336134E0,1.574357700E1
7.576218270E1,-7.956135273E-1,2.560320139E0,1.427677631E1
7.578229317E1,-1.202991605E0,2.567498684E0,1.188873959E1
7.580240359E1,-2.139183521E0,2.644068956E0,1.060917759E1
7.582251406E1,-2.457428932E0,2.310868502E0,1.084726334E1
7.584262447E1,-1.734796405E0,1.886142492E0,1.027717304E1
7.586273494E1,-8.727820516E-1,1.831107497E0,8.447261810E0
7.588284541E1,-2.105683982E-1,2.056032896E0,6.105287075E0
7.590295583E1,-3.343969584E-1,2.361117840E0,5.062016487E0
7.592306630E1,-1.380658627E0,2.457428932E0,6.347560406E0
7.594317671E1,-1.816750646E0,2.198405743E0,7.988438606E0
7.596328718E1,-1.143171072E0,1.733600020E0,9.247062683E0
7.598339765E1,-8.973085135E-2,1.490130305E0,9.239884377E0
7.600350807E1,2.009970993E-1,1.490728498E0,7.905287743E0
7.602361854E1,-3.308077157E-1,1.509871125E0,7.049853802E0
7.604372895E1,-4.175475538E-1,1.382453322E0,7.521239758E0
7.606383942E1,1.196411345E-2,1.653440475E0,7.320242882E0
7.608394989E1,3.553341627E-1,2.315055847E0,6.090332031E0
7.610406031E1,6.879365444E-2,2.819941521E0,6.352943897E0
7.612417078E1,-7.800601721E-1,3.236890793E0,7.799405575E0
7.614428124E1,-1.076770186E0,3.798605919E0,8.237890244E0
7.616439166E1,-6.735795736E-1,4.258625984E0,8.431708336E0
7.618450213E1,-7.734799385E-1,4.462016106E0,9.599406242E0
7.620461255E1,-1.213759303E0,4.436891556E0,1.140479088E1
7.622472302E1,-1.325025558E0,4.215555191E0,1.240917778E1
7.624483348E1,-1.164108157E0,4.038486481E0,1.274776268E1
7.626494390E1,-9.332008362E-1,4.101297855E0,1.219322586E1
7.628505437E1,-1.288534999E0,4.552345276E0,1.099202919E1
7.630516484E1,-6.807580590E-1,4.975874901E0,9.742975235E0
7.632527526E1,7.226324677E-1,4.778466702E0,9.026923180E0
7.634538572E1,1.324427366E0,3.622733593E0,1.200419331E1
7.636549614E1,1.282552958E0,1.735394597E0,1.610728645E1
7.638560661E1,1.003789067E0,1.206580877E0,1.621257019E1
7.640571708E1,9.571290612E-1,1.795813441E0,1.222373486E1
7.642582749E1,9.810572863E-1,2.401795626E0,8.553144455E0
7.644593796E1,6.879364848E-1,2.693121910E0,6.589235306E0
7.646604838E1,1.316052489E-2,2.559123755E0,6.608976364E0
7.648615885E1,-5.509474277E-1,2.333600283E0,7.703094482E0
7.650626932E1,-6.580262631E-2,2.053640127E0,7.989036560E0
7.652637973E1,6.329016089E-1,1.999801517E0,7.368697166E0
7.654649020E1,8.715856671E-1,1.969292998E0,7.119245529E0
7.656660062E1,6.334998012E-1,1.909472466E0,7.369295597E0
7.658671109E1,5.653043389E-1,1.833500385E0,8.578866959E0
7.660682156E1,1.196411327E-1,2.023131609E0,1.062054348E1
7.662693197E1,-4.953143001E-1,1.938784599E0,1.140180016E1
7.664704244E1,-1.052842021E0,2.673979282E0,9.498309135E0
7.666715291E1,-1.746760458E-1,3.067598581E0,7.126423836E0
7.668726333E1,1.305882931E0,3.000599623E0,6.649653912E0
7.670737380E1,1.370489120E0,3.000599623E0,8.851051331E0
7.672748421E1,4.570291340E-1,3.153740168E0,1.074676514E1
7.674759468E1,-8.614161611E-1,3.556332588E0,1.103390312E1
7.676770515E1,-9.708877802E-1,3.685544968E0,1.187797165E1
7.678781560E1,4.618147612E-1,2.965903759E0,1.346919823E1
7.680792606E1,1.068993568E0,2.733201742E0,1.360558987E1
7.682803648E1,1.122233868E0,3.377469063E0,1.050389290E1
7.684814695E1,8.021938205E-1,3.642474174E0,8.422137260E0
7.686825737E1,-5.389832854E-1,3.024527788E0,1.058465099E1
7.688836784E1,-2.026720762E0,2.227119684E0,1.382632732E1
7.690847830E1,-1.956132531E0,1.617548108E0,1.371685600E1
7.692858872E1,-8.267202377E-1,1.540379524E0,1.125164986E1
7.694869919E1,4.127619043E-2,1.960918188E0,8.439485550E0
7.696880966E1,1.674975902E-1,2.532802820E0,7.476374149E0
7.698892008E1,-2.937189937E-1,2.747558594E0,8.260024071E0
7.700903054E1,-5.647061467E-1,2.904288530E0,7.999206066E0
7.702914096E1,-1.389033556E0,3.391227961E0,7.321439266E0
7.704925143E1,-1.781456470E0,3.792623997E0,6.857829571E0
7.706936190E1,-1.369890928E0,3.522234917E0,6.912266254E0
7.708947232E1,-5.359922647E-1,2.643470764E0,8.630312920E0
7.710958278E1,4.199403822E-1,1.540977836E0,1.073480034E1
7.712969320E1,1.134796143E0,1.107278705E0,1.138804150E1
7.714980367E1,1.210170031E0,1.273579836E0,9.684351921E0
7.716991414E1,2.452643216E-2,2.117648125E0,7.875975609E0
7.719002456E1,-1.304088354E0,2.994019270E0,6.787241459E0
7.721013502E1,-1.557727575E0,3.223132133E0,6.762714863E0
7.723024544E1,-1.202393413E0,2.970091105E0,7.355536938E0
7.725035591E1,-3.128615618E-1,2.778665304E0,7.646862984E0
7.727046638E1,4.313062727E-1,2.970689297E0,9.092725754E0
7.729057679E1,7.339983582E-1,3.164507866E0,1.124327564E1
7.731068726E1,5.347958803E-1,3.547359467E0,1.190429306E1
7.733079768E1,2.003988922E-1,4.374678135E0,9.705886841E0
7.735090815E1,4.695914388E-1,5.263013363E0,7.006783009E0
7.737101862E1,1.701296926E0,5.250451088E0,5.944967747E0
7.739112903E1,2.555534601E0,4.248456478E0,8.048856735E0
7.741123950E1,2.556730986E0,2.860619545E0,1.192223835E1
7.743134997E1,1.905285001E0,2.045265198E0,1.469671631E1
7.745146039E1,8.183453679E-1,2.420340061E0,1.403510094E1
7.747157086E1,-1.465603858E-1,3.305684566E0,1.016112137E1
7.749168127E1,-7.304090858E-1,3.870988846E0,7.334599495E0
7.751179174E1,-8.811569214E-1,3.629911900E0,7.454838753E0
7.753190221E1,-5.138586760E-1,3.016751051E0,8.859425545E0
7.755201263E1,-8.195417374E-2,2.568096876E0,9.608977318E0
7.757212310E1,2.003988922E-1,2.514856577E0,8.934800148E0
7.759223351E1,-9.212367237E-2,2.720639229E0,8.109275818E0
7.761234398E1,-2.069791555E-1,2.743371248E0,7.638488293E0
7.763245445E1,4.187439680E-1,2.559123755E0,7.013961315E0
7.765256487E1,1.133599758E0,2.386840582E0,6.812366009E0
7.767267534E1,1.660618901E0,2.268994093E0,7.201199532E0
7.769278575E1,1.880160451E0,2.312663078E0,6.992425919E0
7.771289622E1,1.659422517E0,2.748156786E0,6.699305058E0
7.773300669E1,8.733802438E-1,3.391227961E0,7.792825222E0
7.775311711E1,1.441675574E-1,3.857828379E0,9.483952522E0
7.777322758E1,-4.905286431E-1,4.067200184E0,1.142213917E1
7.779333804E1,-8.841479421E-1,4.100101471E0,1.305763340E1
7.781344846E1,-1.435095429E0,3.881756544E0,1.433540058E1
7.783355893E1,-1.677966833E0,3.142972469E0,1.526919937E1
7.785366935E1,-2.005185366E0,3.001796007E0,1.510469341E1
7.787377982E1,-3.082553864E0,3.274577856E0,1.303669643E1
7.789389028E1,-3.847060680E0,3.321237803E0,1.179541969E1
7.791400070E1,-3.607180119E0,2.714059114E0,1.185583782E1
7.793411117E1,-2.455634356E0,1.841875196E0,1.213400364E1
7.795422164E1,-8.231309652E-1,1.363310695E0,1.073779202E1
7.797433206E1,5.982056856E-1,1.563709617E0,7.578069210E0
7.799444252E1,1.025922656E0,2.218744755E0,5.103890896E0
7.801455294E1,-2.937189937E-1,2.659622431E0,5.050650597E0
7.803466341E1,-1.775474429E0,2.606980324E0,6.468397617E0
7.805477388E1,-2.227119684E0,2.068595171E0,7.461419106E0
7.807488429E1,-2.641077995E0,1.688136339E0,8.218747139E0
7.809499476E1,-2.429911375E0,1.369890928E0,8.948558807E0
7.811510523E1,-1.553540111E0,8.979067206E-1,9.888937950E0
7.813521565E1,-5.676971674E-1,5.832505226E-1,1.002233791E1
7.815532612E1,8.554340899E-2,5.132604837E-1,9.234500885E0
7.817543653E1,-3.409772366E-2,8.991031051E-1,7.693522930E0
7.819554700E1,-5.886343718E-1,1.472782373E0,6.171089649E0
7.821565747E1,-1.256830096E0,2.153540373E0,5.133202553E0
7.823576789E1,-1.724028707E0,2.657827854E0,5.210969448E0
7.825587836E1,-2.124228239E0,2.794218540E0,6.929614544E0
7.827598882E1,-1.962114573E0,2.659622431E0,9.270991325E0
7.829609924E1,-1.747956991E0,2.601596355E0,1.096630573E1
7.831620971E1,-1.498505235E0,2.940180779E0,1.144726372E1
7.833632018E1,-1.095314622E0,3.269792080E0,1.108175945E1
7.835643060E1,-9.990034699E-1,3.849453449E0,1.001934624E1
7.837654106E1,-9.523434043E-1,4.286741734E0,9.714262009E0
7.839665153E1,-7.088736892E-1,4.387838364E0,9.936794281E0
7.841676195E1,7.896314561E-2,4.292723656E0,1.047817039E1
7.843687242E1,6.945167780E-1,4.352544308E0,9.718449593E0
7.845698284E1,6.909275651E-1,4.686343193E0,7.270591736E0
7.847709331E1,1.597209126E-1,4.107878208E0,9.502496719E0
7.849720377E1,-3.451646566E-1,2.352144718E0,1.538285828E1
7.851731419E1,-7.471588850E-1,1.310070395E0,1.858505440E1
7.853742466E1,-7.256234884E-1,1.710868239E0,1.570469284E1
7.855753513E1,-5.383850932E-1,2.483151674E0,1.119422245E1
7.857764554E1,-1.920240223E-1,2.908475876E0,8.306683540E0
7.859775601E1,4.462614357E-1,2.689532757E0,8.085348129E0
7.861786648E1,4.833501875E-1,2.284547329E0,9.053842545E0
7.863797690E1,-2.321037948E-1,2.285145521E0,1.003489971E1
7.865808737E1,-9.613165259E-1,2.594418049E0,9.566504478E0
7.867819784E1,-9.511470199E-1,2.722434044E0,8.181658745E0
7.869830825E1,-1.895713687E0,2.877967358E0,9.432506561E0
7.871841872E1,-2.733201742E0,2.938984394E0,1.075813103E1
7.873852919E1,-2.243869543E0,2.673381090E0,9.817750931E0
7.875863961E1,-1.185045362E0,2.922234535E0,7.625327587E0
7.877875008E1,7.896314561E-2,3.039483070E0,6.923034191E0
7.879886049E1,7.674978375E-1,3.199802160E0,7.146762848E0
7.881897096E1,6.442674994E-1,3.676572084E0,6.516254425E0
7.883908143E1,-8.614161611E-2,4.345963955E0,5.932405472E0
7.885919185E1,-1.378864050E0,4.578666210E0,7.125825882E0
7.887930232E1,-2.080559254E0,4.125226021E0,8.712266922E0
7.889941278E1,-1.886740685E0,3.221337557E0,1.023170948E1
7.891952320E1,-1.152144074E0,2.422732830E0,1.105663490E1
7.893963367E1,-7.322037220E-1,2.375474691E0,1.062712383E1
7.895974414E1,-6.819544435E-1,2.985644341E0,9.547362328E0
7.897985461E1,-1.641476393E0,4.068994999E0,7.398607731E0
7.899996502E1,-2.264208317E0,4.760520458E0,6.565307140E0
7.902007549E1,-1.652244091E0,3.921238184E0,8.537590981E0
7.904018591E1,-9.625129104E-1,2.486142635E0,1.280519009E1
7.906029638E1,1.513460279E-1,1.120439172E0,1.708415604E1
7.908040685E1,4.797609448E-1,1.040877819E0,1.713261032E1
7.910051732E1,1.848455518E-1,2.127219439E0,1.200538921E1
7.912062773E1,-3.661018610E-1,3.022135019E0,8.351549149E0
7.914073820E1,-3.822534084E-1,3.187239647E0,7.127620220E0
7.916084867E1,-2.817548811E-1,2.969492912E0,7.395616531E0
7.918095909E1,-1.764706671E-1,2.827718258E0,7.994420528E0
7.920106956E1,-7.878368497E-1,2.856431961E0,8.934201241E0
7.922118002E1,-1.623530149E0,2.885744095E0,9.804591179E0
7.924129049E1,-1.691127419E0,2.702095032E0,9.440881729E0
7.926140091E1,-8.799605370E-1,2.304288149E0,8.356932640E0
7.928151138E1,-4.067798331E-2,2.169093609E0,6.306283951E0
7.930162179E1,-4.229314029E-1,2.607578516E0,5.067998409E0
7.932173226E1,-1.503889084E0,3.337389469E0,4.642076015E0
7.934184273E1,-1.822134495E0,3.565903902E0,5.322834015E0
7.936195320E1,-1.041476011E0,3.395415306E0,6.342176437E0
7.938206362E1,-2.937189937E-1,3.187239647E0,7.938787460E0
7.940217409E1,-7.561319470E-1,3.533600807E0,8.616554260E0
7.942228456E1,-1.618744493E0,4.042075634E0,8.935398102E0
7.944239497E1,-2.161915302E0,4.251447678E0,8.886344910E0
7.946250544E1,-2.032104731E0,4.180859566E0,9.384052277E0
7.948261591E1,-1.768894196E0,3.996013880E0,1.050030422E1
7.950272638E1,-1.207179070E0,3.779463291E0,1.082871914E1
7.952283679E1,-1.225723386E0,3.913461447E0,9.582656860E0
7.954294726E1,-1.106082320E0,4.343571186E0,8.254041672E0
7.956305773E1,-4.660021961E-1,4.826921463E0,7.890930653E0
7.958316815E1,1.208375469E-1,4.799404144E0,9.225527763E0
7.960327862E1,7.411768436E-1,3.638885021E0,1.245464230E1
7.962338909E1,5.916253924E-1,2.769692183E0,1.465005684E1
7.964349956E1,2.608176768E-1,2.489133835E0,1.440897942E1
7.966360997E1,-9.690931439E-2,2.646461725E0,1.244806194E1
7.968372044E1,6.933203340E-1,2.718246460E0,9.785448074E0
7.970383091E1,5.521438122E-1,2.769692183E0,7.494918823E0
7.972394138E1,-1.647458434E0,3.281157970E0,7.249056339E0
7.974405179E1,-2.768495798E0,3.023929596E0,1.054875851E1
7.976416226E1,-8.769695163E-1,1.719841242E0,1.408355618E1
7.978427273E1,1.393819153E-1,2.262413740E0,9.577272415E0
7.980438320E1,1.597209126E-1,2.535793781E0,8.127222061E0
7.982449362E1,1.375873014E-2,2.388635159E0,9.434301376E0
7.984460409E1,-3.487538993E-1,2.679961443E0,8.402995110E0
7.986471456E1,-9.930214286E-2,2.854039192E0,6.275775433E0
7.988482502E1,-9.571290575E-3,2.943171740E0,6.110072613E0
7.990493544E1,1.549352705E-1,2.992822886E0,6.620940208E0
7.992504591E1,-1.268195957E-1,3.080759048E0,7.177271366E0
7.994515638E1,-1.088734269E0,3.277568817E0,8.100900650E0
7.996526685E1,-1.241276741E0,3.156133175E0,9.169296265E0
7.998537726E1,-6.287141442E-1,2.995215654E0,1.003071213E1
8.000548773E1,-8.117650747E-1,3.253640652E0,9.591629982E0
8.002559820E1,-1.467996716E0,3.635894060E0,8.927022934E0
8.004570867E1,-1.590030670E0,3.452843189E0,9.399605751E0
8.006581909E1,-1.137188911E0,3.387638569E0,9.894919395E0
8.008592956E1,-2.159522474E-1,3.441477060E0,1.057986546E1
8.010604002E1,4.067798331E-2,3.662813187E0,1.147597694E1
8.012615049E1,-7.292127013E-1,4.237090588E0,1.177807140E1
8.014626096E1,-1.394417405E0,4.526023865E0,1.162373447E1
8.016637138E1,-9.367900491E-1,4.338187218E0,1.144008541E1
8.018648185E1,-2.249253243E-1,4.176671982E0,1.199103260E1
8.020659232E1,2.590230405E-1,3.368496180E0,1.274836063E1
8.022670278E1,1.459621787E-1,3.031108141E0,1.211725426E1
8.024681325E1,-3.481557071E-1,3.015554667E0,1.049252701E1
8.026692367E1,-2.518445849E-1,2.801397085E0,9.169296265E0
8.028703414E1,7.537391037E-2,2.537588358E0,8.794221878E0
8.030714461E1,2.069791555E-1,2.469991207E0,7.650452137E0
8.032725508E1,-3.655036688E-1,2.800200701E0,7.127022266E0
8.034736554E1,-3.296113312E-1,2.698505640E0,8.626125336E0
8.036747596E1,-8.410771489E-1,2.794816732E0,9.337990761E0
8.038758643E1,-5.694918036E-1,2.699702263E0,9.227322578E0
8.040769690E1,-4.438686073E-1,2.715255499E0,8.630312920E0
8.042780737E1,-4.959124923E-1,2.859423161E0,8.051848412E0
8.044791784E1,1.794617027E-1,2.681157827E0,7.042077065E0
8.048805430E1,-8.895317912E-1,4.429712772E0,7.985447407E0
8.050816477E1,3.230310604E-2,3.933202267E0,9.315856934E0
8.052827529E1,5.144568533E-2,3.875176191E0,9.595816612E0
8.054838581E1,-4.253242314E-1,4.055834293E0,8.952746391E0
8.056849628E1,-1.462612867E0,4.441078663E0,8.861220360E0
8.058860680E1,-1.737189293E0,4.552943230E0,9.917651176E0
8.060871732E1,-1.157527924E0,4.200001717E0,1.116251755E1
8.062882779E1,-5.371887088E-1,3.988835335E0,1.155553913E1
8.064893831E1,-6.496513486E-1,4.047459602E0,1.145803165E1
8.066904883E1,-1.609771490E0,4.604987144E0,1.154477119E1
8.068915930E1,-2.096112728E0,4.610371113E0,1.173679543E1
8.070926982E1,-2.076970100E0,3.947559118E0,1.169073296E1
8.072938034E1,-1.779661894E0,3.514458179E0,1.212084293E1
8.074949081E1,-1.925025821E0,3.553341627E0,1.164287663E1
8.076960133E1,-2.795415163E0,3.561118364E0,1.072821999E1
8.078971185E1,-3.847658873E0,3.571886063E0,1.080479050E1
8.080982232E1,-3.830909014E0,2.786442041E0,1.199581814E1
8.082993284E1,-2.751147747E0,1.642672777E0,1.314856052E1
8.085004336E1,-1.496112347E0,8.063812256E-1,1.352901936E1
8.087015383E1,-6.484549642E-1,7.764709592E-1,1.239960670E1
8.089026435E1,-5.174478889E-1,9.858429432E-1,1.099382401E1
8.091037487E1,-1.354337573E0,1.432104349E0,9.858428955E0
8.093048534E1,-2.230110645E0,1.818545222E0,9.206983566E0
8.095059586E1,-2.533401012E0,2.215155602E0,8.133802414E0
8.097070638E1,-2.355733871E0,2.418545485E0,7.445865631E0
8.099081685E1,-2.073380709E0,2.410768747E0,6.929016113E0
8.101092737E1,-1.944168448E0,2.380858421E0,6.976274490E0
8.103103789E1,-1.792822361E0,2.203191519E0,8.094919205E0
8.105114836E1,-1.368096352E0,1.927418590E0,8.565108299E0
8.107125888E1,-1.152144074E0,1.825125456E0,8.310871124E0
8.109136940E1,-1.111466169E0,1.895713687E0,7.811369419E0
8.111147987E1,-9.499505758E-1,2.159522533E0,7.357929707E0
8.113159039E1,-1.008574724E0,2.392822742E0,7.138388157E0
8.115170091E1,-7.399803996E-1,2.505883455E0,7.675576687E0
8.117181143E1,-1.190429255E-1,2.402992249E0,8.763114929E0
8.119192190E1,5.551348329E-1,2.300100803E0,9.763913155E0
8.121203242E1,5.365904570E-1,2.562713146E0,9.473184586E0
8.123214294E1,-2.165504545E-1,3.285943747E0,8.594420433E0
8.125225341E1,-1.601396561E0,4.057629108E0,7.756932735E0
8.127236393E1,-2.160120726E0,4.406980991E0,6.880561352E0
8.129247446E1,-1.638485312E0,3.909274101E0,8.719446182E0
8.131258492E1,-7.651050687E-1,2.985644341E0,1.180140114E1
8.133269544E1,-4.181457460E-1,2.364706993E0,1.364686584E1
8.135280596E1,-7.298108935E-1,2.388036966E0,1.279322624E1
8.137291643E1,-8.045865893E-1,2.868994236E0,1.167398357E1
8.139302696E1,-1.818545163E-1,2.843271494E0,1.145503998E1
8.141313748E1,6.334998012E-1,2.746362209E0,1.134556866E1
8.143324800E1,1.073779106E0,2.468794823E0,1.127976608E1
8.145335846E1,1.191027522E0,2.067398787E0,1.070847988E1
8.147346899E1,1.076171994E0,2.025524378E0,9.778269768E0
8.149357951E1,1.067198873E0,2.248056889E0,9.034101486E0
8.151368998E1,8.787640929E-1,2.505285263E0,8.765507698E0
8.153380050E1,2.841476798E-1,2.854637384E0,8.660223007E0
8.155391102E1,-5.335994363E-1,3.056830883E0,8.279166222E0
8.157402149E1,-1.383649707E0,3.196810961E0,7.621738434E0
8.159413201E1,-1.963909149E0,3.257827997E0,7.481758118E0
8.161424253E1,-2.328216314E0,3.151347399E0,7.829315662E0
8.163435300E1,-2.052443504E0,2.884547710E0,8.081758499E0
8.165446352E1,-1.435693622E0,2.661417007E0,8.333004951E0
8.167457404E1,-1.495514154E0,2.709871531E0,9.163912773E0
8.169468451E1,-1.434497118E0,2.625524759E0,9.637093544E0
8.171479503E1,2.644068897E-1,2.436491728E0,7.438687325E0
8.173490555E1,1.033699393E0,2.861217737E0,5.715855122E0
8.175501602E1,-6.747759581E-1,3.940979004E0,6.631109715E0
8.177512654E1,-2.146960020E0,4.422534466E0,8.525627136E0
8.179523706E1,-1.884347796E0,4.450650215E0,9.352347374E0
8.181534758E1,-1.471585870E0,4.040879250E0,9.410971642E0
8.183545805E1,-2.727219582E0,3.934996843E0,1.016530895E1
8.185556857E1,-3.561716557E0,3.713660717E0,1.263589859E1
8.187567909E1,-2.624328136E0,2.840878725E0,1.423071480E1
8.189578956E1,-1.514656782E0,2.321038008E0,1.321496105E1
8.191590008E1,-1.415952802E0,2.647658348E0,1.129352474E1
8.193601060E1,-1.399801254E0,2.812762976E0,1.109791183E1
8.195612107E1,-5.180460811E-1,2.543570518E0,1.091605663E1
8.197623159E1,3.888336718E-1,2.205584288E0,9.699306488E0
8.199634211E1,3.242274821E-1,2.063809633E0,9.768698692E0
8.201645263E1,-1.301097274E0,2.227119684E0,1.169731331E1
8.203656310E1,-1.517647743E0,2.134397745E0,1.271845055E1
8.205667362E1,-2.183450609E-1,1.564307809E0,1.159023476E1
8.207678414E1,4.247260094E-2,1.607378602E0,9.958928108E0
8.209689461E1,-3.672982752E-1,2.082952023E0,8.243872643E0
8.211700513E1,-1.292722464E0,2.399402857E0,8.414361000E0
8.213711565E1,-1.971685886E0,2.523829699E0,9.580862045E0
8.215722612E1,-1.768295884E0,2.397608280E0,9.525228500E0
8.217733664E1,-1.699502230E0,2.314457655E0,9.156734467E0
8.219744716E1,-1.919043779E0,2.349153519E0,8.953344345E0
8.221755768E1,-2.516651154E0,2.651845694E0,9.189635277E0
8.223766815E1,-2.407777786E0,2.602194548E0,9.589237213E0
8.225777867E1,-9.738788009E-1,2.213959217E0,9.399007797E0
8.227788919E1,-1.088734269E-1,2.212762833E0,8.260024071E0
8.229799966E1,-7.758727670E-1,2.886940479E0,6.739385128E0
8.231811018E1,-1.520040631E0,3.265604734E0,6.299703598E0
8.233822070E1,-1.640878081E0,3.214757204E0,7.341778278E0
8.235833122E1,-1.245464206E0,2.724826813E0,8.292326927E0
8.237844169E1,-7.639086246E-1,2.782852650E0,7.259823799E0
8.239855222E1,-5.599204898E-1,3.270390272E0,6.118447304E0
8.241866274E1,-3.224328458E-1,3.619742393E0,6.482156754E0
8.243877320E1,-4.546363056E-1,3.748356581E0,8.359924316E0
8.245888372E1,-2.644068897E-1,3.905684710E0,8.863015175E0
8.247899425E1,2.751746178E-1,3.600599766E0,8.723632812E0
8.249910472E1,-1.465603858E-1,3.543172121E0,9.128020287E0
8.251921524E1,-7.316055298E-1,3.561118364E0,1.021316528E1
8.253932576E1,-2.346162558E0,3.773481369E0,1.183310604E1
8.255943628E1,-2.898904562E0,4.532006264E0,1.104945660E1
8.257954675E1,-1.199402332E0,4.877170563E0,7.165307522E0
8.259965727E1,-3.409772217E-1,4.777868748E0,7.603792191E0
8.261976779E1,-6.239284873E-1,3.671188116E0,1.204487133E1
8.263987826E1,-1.824527234E-1,2.325823545E0,1.499641800E1
8.265998878E1,7.106683254E-1,1.618146300E0,1.483250904E1
8.268009930E1,1.636092424E0,1.869990945E0,1.251206970E1
8.270020977E1,1.627717614E0,2.221137524E0,1.058285618E1
8.272032029E1,9.541380405E-1,2.467000246E0,9.647262573E0
8.274043081E1,3.870390654E-1,2.210369825E0,1.020120144E1
8.276054133E1,1.627119333E-1,1.830509305E0,1.077547836E1
8.278065180E1,-1.142572835E-1,1.696511269E0,1.014796066E1
8.280076232E1,-6.723831892E-1,2.059023857E0,8.009973526E0
8.282087284E1,-9.415757060E-1,2.429911375E0,5.826523304E0
8.284098331E1,-1.068395257E0,2.536391973E0,4.825126648E0
8.286109383E1,-8.285148144E-1,2.304886341E0,4.585246563E0
8.288120435E1,-1.974078640E-2,2.024926186E0,4.247858524E0
8.290131487E1,1.460818172E0,1.896311998E0,4.033700943E0
8.292142534E1,2.397608280E0,1.782652855E0,5.833103180E0
8.294153586E1,1.626521230E0,2.342573404E0,7.761718273E0
8.296164638E1,2.859423161E-1,2.904886723E0,9.573683739E0
8.298175685E1,-1.356730461E0,3.359523058E0,1.204905796E1
8.300186737E1,-2.675773859E0,3.313461065E0,1.434317684E1
8.302197789E1,-3.527618885E0,3.209373474E0,1.635554123E1
8.304208841E1,-3.114856958E0,3.224926710E0,1.687478256E1
8.306219888E1,-1.269990563E0,2.994019270E0,1.463270855E1
8.308230940E1,7.178468257E-2,3.135195971E0,1.194437218E1
8.310241992E1,1.094716340E-1,3.735794306E0,1.003669453E1
8.312253044E1,-6.185446382E-1,3.964308977E0,9.797411919E0
8.314264091E1,-9.678967595E-1,3.187838078E0,1.019521904E1
8.316275143E1,-1.011565804E0,2.192423820E0,1.047996521E1
8.318286196E1,-1.406381488E0,2.361117840E0,9.786046028E0
8.320297242E1,-2.033301115E0,3.130410194E0,9.552745819E0
8.322308294E1,-2.461018085E0,3.184846878E0,1.134317589E1
8.324319346E1,-2.632104874E0,2.434697151E0,1.394955826E1
8.326330393E1,-2.381456852E0,1.580459356E0,1.376830196E1
8.328341446E1,-1.902294040E0,1.758126378E0,1.022154045E1
8.330352498E1,-1.904686809E0,2.397608280E0,6.921837807E0
8.332363550E1,-2.204387903E0,3.017349243E0,5.380261898E0
8.334374596E1,-2.325225353E0,2.927020311E0,6.308078766E0
8.336385649E1,-1.750947952E0,2.330609322E0,7.830512047E0
8.338396701E1,-9.206385016E-1,1.963310957E0,8.441878319E0
8.340407753E1,-4.384847581E-1,1.881356835E0,8.236693382E0
8.342418800E1,-1.782652885E-1,2.006979942E0,8.003992081E0
8.344429852E1,1.202393398E-1,2.210369825E0,8.419744492E0
8.346440904E1,-6.526423693E-1,2.301895380E0,8.596813202E0
8.348451951E1,-1.783849239E0,2.396411896E0,8.142177582E0
8.350463003E1,-2.806182861E0,2.642872572E0,6.986443996E0
8.352474055E1,-3.424727440E0,3.184248686E0,5.444269657E0
8.354485107E1,-3.594617844E0,3.803391695E0,4.427320004E0
8.356496154E1,-3.004786968E0,3.988835335E0,5.105087280E0
8.358507206E1,-1.956132531E0,3.468994617E0,7.377670288E0
8.360518258E1,-8.452646136E-1,2.974278450E0,9.723833084E0
8.362529310E1,-2.261217386E-1,2.672782898E0,1.110808086E1
8.364540357E1,3.589233849E-3,2.679961443E0,1.145204926E1
8.366551409E1,-6.580262631E-2,2.838485956E0,1.143470097E1
8.368562461E1,-6.000002623E-1,3.133999348E0,1.141675472E1
8.370573508E1,-1.068993568E0,3.379263878E0,1.174337578E1
8.372584560E1,-7.597211599E-1,3.635894060E0,1.162493038E1
8.374595612E1,1.483550072E-1,3.739383698E0,1.059900761E1
8.376606664E1,3.714857101E-1,3.818944931E0,1.075394344E1
8.378617716E1,5.461617708E-1,3.275176048E0,1.306660652E1
8.380628763E1,9.930213690E-1,2.324627161E0,1.485225010E1
8.382639815E1,4.648058116E-1,2.000399828E0,1.536491203E1
8.384650867E1,-5.880361795E-1,2.507678032E0,1.390588856E1
8.386661914E1,-1.311266780E0,3.357130051E0,1.013061333E1
8.388672966E1,-1.424925923E0,3.866203070E0,7.386045456E0
8.390684018E1,-1.159920812E0,3.695714474E0,6.581458569E0
8.392695070E1,-9.744769931E-1,3.159124136E0,7.101897717E0
8.394706117E1,-1.172483087E0,2.800200701E0,7.949554920E0
8.396717169E1,-1.269392371E0,2.514856577E0,8.122436523E0
8.398728222E1,-1.098903775E0,2.203789711E0,8.063214302E0
8.400739274E1,-9.906286001E-1,2.145763636E0,7.229913712E0
8.402750320E1,-9.463613629E-1,2.328814745E0,6.232704639E0
8.404761372E1,-7.471588850E-1,2.430509567E0,5.885745525E0
8.406772425E1,-5.180460811E-1,2.306680918E0,6.635895252E0
8.408783477E1,3.469592705E-2,2.304886341E0,7.396214962E0
8.410794524E1,2.135594189E-1,2.702693224E0,8.161917686E0
8.412805576E1,-3.409772217E-1,3.227319479E0,7.486543655E0
8.414816628E1,-1.561915040E0,3.249453068E0,6.894918442E0
8.416827680E1,-2.618346214E0,3.370290756E0,8.787042618E0
8.418838727E1,-2.628515720E0,3.038884640E0,1.103091240E1
8.420849779E1,-2.318645239E0,2.504687071E0,1.380658627E1
8.422860831E1,-1.511067510E0,2.009372711E0,1.526202106E1
8.424871883E1,-9.224331379E-1,1.526620865E0,1.408116341E1
8.426882930E1,-2.020738840E0,2.191227436E0,1.201914787E1
8.428893982E1,-3.398406267E0,2.696711063E0,1.133779144E1
8.430905034E1,-3.687339783E0,2.212164640E0,1.249711418E1
8.432916086E1,-2.788236618E0,1.095912814E0,1.370728493E1
8.434927133E1,-1.479960799E0,5.527420044E-1,1.256770229E1
8.436938185E1,-9.349954724E-1,9.098708034E-1,9.558728218E0
8.438949237E1,-1.485942841E0,1.682154298E0,6.448657036E0
8.440960289E1,-2.532802820E0,2.720639229E0,4.896911621E0
8.442971336E1,-2.692523718E0,2.846860647E0,5.540580750E0
8.444982388E1,-2.073979139E0,2.484348059E0,6.658627033E0
8.446993440E1,-1.312463164E0,2.151147604E0,7.390830994E0
8.449004492E1,-8.572286963E-1,2.190030813E0,7.451848030E0
8.451015539E1,-7.040880919E-1,2.365305185E0,7.664210796E0
8.453026591E1,-8.416753411E-1,2.513062000E0,7.959126472E0
8.455037643E1,-1.190429211E0,2.498106956E0,7.770093441E0
8.457048696E1,-1.275374413E0,2.652443886E0,7.417750359E0
8.459059742E1,-8.829515576E-1,2.554338217E0,8.191229820E0
8.461070794E1,-6.759724021E-1,2.213959217E0,9.646664619E0
8.463081846E1,-3.672982752E-1,1.965703845E0,1.093699455E1
8.465092899E1,-7.716853172E-2,1.525424480E0,1.087059307E1
8.467103951E1,-6.592226624E-1,2.142772675E0,1.043509960E1
8.469114998E1,-1.283749342E0,2.440080881E0,1.075334454E1
8.471126050E1,-1.856232166E0,2.508276224E0,1.151246834E1
8.473137102E1,-2.507678032E0,2.720041037E0,1.190010548E1
8.475148154E1,-1.756331801E0,2.894717216E0,1.124746323E1
8.477159206E1,-3.978067636E-1,2.888136864E0,1.048056316E1
8.479170253E1,1.184447184E-1,3.091526747E0,1.010907745E1
8.481181305E1,-1.704886109E-1,3.083152056E0,1.087059307E1
8.483192357E1,-6.915257573E-1,2.602792740E0,1.356132221E1
8.485203409E1,-4.163511395E-1,1.791027784E0,1.577767467E1
8.487214456E1,7.956135273E-2,1.576271892E0,1.468235970E1
8.489225508E1,-1.112662554E-1,2.059622049E0,1.141795158E1
8.491236560E1,-6.825526357E-1,2.519043922E0,8.810373306E0
8.493247612E1,-1.195813060E0,2.708076954E0,7.762316704E0
8.495258664E1,-1.408176184E0,2.592623234E0,7.983652592E0
8.497269711E1,-1.234098315E0,2.317448616E0,8.007580757E0
8.499280763E1,-5.946164131E-1,2.076970100E0,7.555935860E0
8.501291815E1,-2.075773627E-1,2.545963287E0,6.673582554E0
8.503302867E1,1.579262912E-1,3.469592810E0,5.423332691E0
8.505313914E1,3.505485058E-1,3.873381615E0,6.617949009E0
8.507324966E1,5.048855543E-1,3.622135162E0,8.785248756E0
8.509336018E1,8.805587292E-1,2.928814888E0,9.638887405E0
8.511347070E1,1.130608678E0,2.384447813E0,8.108677864E0
8.513358122E1,1.097109199E0,2.253440619E0,7.874779224E0
8.515369169E1,1.161715388E0,2.005185366E0,9.769894600E0
8.517380222E1,9.332008362E-1,1.585245013E0,1.140060329E1
8.519391274E1,2.859423161E-1,1.383649707E0,1.061575794E1
8.521402326E1,-8.195417523E-1,2.147558212E0,8.642276764E0
8.523413372E1,-1.947159410E0,2.981456995E0,7.885547161E0
8.525424425E1,-2.312663078E0,3.132204771E0,9.287142754E0
8.527435477E1,-1.671386600E0,2.393420935E0,1.191565895E1
8.529446529E1,1.429711580E-1,1.188634634E0,1.410927868E1
8.531457581E1,4.941178858E-1,7.585247755E-1,1.366481209E1
8.533468628E1,-8.871390224E-1,1.673181176E0,1.203589821E1
8.535479680E1,-1.734796405E0,2.135594130E0,1.122891808E1
8.537490732E1,-1.345364571E0,1.556531072E0,1.207597733E1
8.539501784E1,-4.271188378E-1,8.913264275E-1,1.226142120E1
8.541512836E1,1.680957973E-1,6.753742099E-1,1.108235836E1
8.543523883E1,5.778666735E-1,1.086341500E0,8.922237396E0
8.545534935E1,4.331009090E-1,1.794018745E0,6.723233223E0
8.547545987E1,-4.061816335E-1,2.340778828E0,5.956932068E0
8.549557039E1,-1.295713425E0,2.466402054E0,6.028118610E0
8.551568091E1,-2.144567251E0,2.329412937E0,7.135995388E0
8.553579138E1,-2.745764017E0,2.314457655E0,7.752147198E0
8.555590190E1,-2.486740828E0,2.234298229E0,7.778468132E0
8.557601242E1,-1.261615753E0,1.896311998E0,7.926225185E0
8.559612294E1,-2.751746178E-1,1.451845169E0,8.652446747E0
8.561623346E1,1.884347796E-1,1.229910851E0,9.126225471E0
8.563634399E1,6.023930907E-1,1.293918848E0,9.084351540E0
8.565645446E1,1.822134495E0,1.237687469E0,8.679964066E0
8.567656498E1,2.377867460E0,1.249651670E0,8.504690170E0
8.569667550E1,1.534995675E0,1.775474429E0,8.260024071E0
8.571678602E1,2.524427772E-1,2.586641312E0,8.177471161E0
8.573689654E1,-3.798605800E-1,3.336791277E0,8.321639061E0
8.575700706E1,-6.197410822E-1,3.382853031E0,9.659825325E0
8.577711753E1,-7.202396393E-1,3.241676569E0,1.080957603E1
8.579722805E1,-5.240281820E-1,2.977269650E0,1.137009525E1
8.581733857E1,-4.905286431E-1,2.344367981E0,1.276869965E1
8.583744909E1,-1.003190875E0,1.662413478E0,1.526979733E1
8.585755961E1,-1.463809252E0,1.131805062E0,1.723011780E1
8.587767008E1,-1.598405480E0,1.371685624E0,1.582134342E1
8.589778060E1,-1.001994491E0,2.214557409E0,1.275075340E1
8.591789112E1,-3.475574851E-1,2.283949137E0,1.216211891E1
8.593800164E1,-2.033899277E-1,2.174477577E0,1.159202957E1
8.595811216E1,-1.118644550E-1,2.344966173E0,9.357730865E0
8.597822268E1,5.802594870E-2,2.632703066E0,7.488338470E0
8.599833320E1,-8.374879137E-3,2.827120066E0,6.630511761E0
8.601844367E1,-2.500499785E-1,2.818745136E0,6.452246189E0
8.603855419E1,-4.175475538E-1,2.592025042E0,7.548159122E0
8.605866472E1,-2.955136001E-1,1.896910191E0,9.828518867E0
8.607877524E1,-2.123630047E-1,1.153340459E0,1.194138145E1
8.609888576E1,-5.012963414E-1,7.543373108E-1,1.198804188E1
8.611899628E1,-7.866404653E-1,9.361918569E-1,9.533005714E0
8.613910680E1,-6.795616150E-1,1.059422255E0,6.616154671E0
8.615921727E1,-3.690928817E-1,1.127019525E0,4.774877548E0
8.617932779E1,3.236292601E-1,1.338784218E0,3.809971809E0
8.619943831E1,8.985049129E-1,1.402194023E0,4.360919476E0
8.621954883E1,2.006381750E0,1.027717352E0,7.025327206E0
8.623965935E1,3.209971666E0,3.595215976E-1,9.243474007E0
8.625976987E1,2.600399971E0,7.627122402E-1,1.013838959E1
8.627988039E1,8.662018180E-1,1.535593987E0,1.061515903E1
8.629999086E1,-3.864408433E-1,1.872383714E0,1.086939716E1
8.632010138E1,-9.678967595E-1,2.132603168E0,1.049432182E1
8.634021190E1,-9.517452121E-1,2.194816589E0,1.055294609E1
8.636032242E1,-9.122636318E-1,2.271985054E0,1.072163963E1
8.638043294E1,-1.293918848E0,2.787638426E0,1.049910736E1
8.640054346E1,-2.012962103E0,3.291327477E0,1.134796143E1
8.642065399E1,-1.835294962E0,2.879163742E0,1.356431293E1
8.644076446E1,-3.990031779E-1,1.513460279E0,1.640100479E1
8.646087498E1,9.559326172E-1,6.867401004E-1,1.626042557E1
8.648098550E1,1.413560033E0,1.011565804E0,1.271964741E1
8.650109602E1,9.714859724E-1,1.583450437E0,9.057432175E0
8.652120654E1,6.759724021E-2,2.187039852E0,6.291328907E0
8.654131706E1,-1.267597795E0,2.687737942E0,6.164509296E0
8.656142758E1,-2.368296146E0,2.575275421E0,8.819346428E0
8.658153810E1,-1.291526079E0,1.647458434E0,1.137368393E1
8.660164857E1,1.004985496E-1,8.105686903E-1,1.095852947E1
8.662175909E1,4.917250574E-1,7.064808607E-1,8.752944946E0
8.664186961E1,-1.555334684E-2,1.200598717E0,6.185446739E0
8.666198013E1,-7.052844763E-1,1.631905079E0,5.078167915E0
8.668209065E1,-1.267597795E0,1.959721804E0,5.003392220E0
8.670220117E1,-1.278963685E0,2.023729801E0,5.039882660E0
8.672231169E1,-1.011565804E0,2.233101845E0,5.212764263E0
8.674242222E1,-6.849454641E-1,2.548356056E0,5.636891842E0
8.676253274E1,-4.755735099E-1,2.784049034E0,6.606583118E0
8.678264320E1,4.546363056E-1,2.523829699E0,8.920442581E0
8.680275372E1,1.621137381E0,1.869392633E0,1.183191013E1
8.682286425E1,2.289333105E0,1.258624673E0,1.448196125E1
8.684297477E1,2.041077614E0,1.424327731E0,1.528116322E1
8.686308529E1,1.339980721E0,2.384447813E0,1.344287777E1
8.688319581E1,1.432104349E0,3.258426189E0,1.129711437E1
8.690330633E1,1.856830359E0,3.641277790E0,1.009113121E1
8.692341685E1,2.009970903E0,3.180061340E0,1.124148083E1
8.694352737E1,1.994417667E0,2.145763636E0,1.254138184E1
8.696363789E1,1.438684583E0,1.530808330E0,1.293619728E1
8.698374841E1,-3.589234129E-2,1.823929071E0,1.147537899E1
8.700385888E1,-2.510071039E0,2.896511793E0,9.489934921E0
8.702396940E1,-2.979064226E0,3.258426189E0,8.854042053E0
8.704407992E1,-1.056431174E0,2.154736757E0,1.013719273E1
8.706419044E1,7.166503668E-1,1.144965649E0,1.093639565E1
8.708430096E1,1.345962763E0,7.651050687E-1,1.010788059E1
8.710441149E1,9.565308690E-1,9.320043921E-1,8.369495392E0
8.712452201E1,-2.398804724E-1,1.346560955E0,7.396214962E0
8.714463253E1,-1.133599758E0,1.457827210E0,7.354938507E0
8.716474305E1,-1.091725349E0,1.318445325E0,7.657032490E0
8.718485357E1,-6.741777658E-1,1.115055323E0,7.060023308E0
8.720496409E1,-8.279166222E-1,1.287338614E0,5.779264927E0
8.722507456E1,-8.763712645E-1,1.925624013E0,5.449653625E0
8.724518508E1,7.507480979E-1,2.188236237E0,6.763313293E0
8.726529560E1,2.204387903E0,1.807777524E0,9.405587196E0
8.728540612E1,2.466402054E0,2.251646042E0,9.748359680E0
8.730551664E1,1.660618901E0,3.349951744E0,9.103493690E0
8.732562716E1,3.188436031E-1,3.799204111E0,1.044766140E1
8.734573768E1,-1.374078393E0,4.046861172E0,1.233440208E1
8.736584820E1,-2.332403898E0,4.149154663E0,1.326042461E1
8.738595872E1,-2.087737799E0,3.564707518E0,1.308933830E1
8.740606925E1,-1.460818172E0,2.916850805E0,1.198983574E1
8.742617977E1,-1.103091240E0,3.168097258E0,1.075035381E1
8.744629029E1,-4.115654826E-1,2.140978098E0,1.415474224E1
8.746640081E1,7.668996453E-1,9.332008660E-2,1.846361732E1
8.748651133E1,4.755735099E-1,1.668993831E-1,1.693939018E1
8.750662185E1,-5.359922647E-1,1.096511006E0,1.149392319E1
8.752673237E1,-9.020941257E-1,1.897508383E0,6.697510719E0
8.754684284E1,-1.173679471E0,2.211566210E0,5.479563713E0
8.756695336E1,-1.781456470E0,2.045265198E0,8.170890808E0
8.758706388E1,-2.187039852E0,2.039881229E0,1.011147022E1
8.760717440E1,-2.670988321E0,2.179263115E0,1.157468128E1
8.762728492E1,-2.544168711E0,2.045265198E0,1.145982552E1
8.764739544E1,-1.591825247E0,1.913061738E0,9.152546883E0
8.766750596E1,-9.020941257E-1,1.647458434E0,7.500302792E0
8.768761649E1,-5.120640397E-1,1.469193101E0,6.990033150E0
8.770772701E1,-3.541377485E-1,1.516451359E0,6.077171326E0
8.772783753E1,-4.767699242E-1,1.977667928E0,5.018347263E0
8.774794805E1,-9.655039310E-1,2.376072884E0,5.173880577E0
8.776805857E1,-1.106082320E0,2.472982168E0,5.197210789E0
8.778816909E1,-9.427721500E-1,2.461616278E0,5.689534187E0
8.780827961E1,-1.423729420E0,3.157329559E0,6.890730858E0
8.782839013E1,-1.320838094E0,2.785843849E0,7.366304398E0
8.784850065E1,-1.463211060E0,2.248056889E0,8.065607071E0
8.786861117E1,-1.525424480E0,2.641077995E0,8.921639442E0
8.788872169E1,-1.063609719E0,3.254238844E0,8.662615776E0
8.790883222E1,-2.021935135E-1,3.354737282E0,9.248857498E0
8.792894274E1,9.577272534E-1,3.247658491E0,1.053260708E1
8.794905326E1,1.393221021E0,3.362514019E0,1.214895916E1
8.796916378E1,9.810572863E-1,3.144168854E0,1.396511078E1
8.798927430E1,5.814558864E-1,2.675773859E0,1.452921867E1
8.800938482E1,7.495517135E-1,2.401795626E0,1.352004623E1
8.802949529E1,1.122233868E0,2.548954248E0,1.095314598E1
8.804960581E1,7.878368497E-1,2.927020311E0,9.155537605E0
8.806971633E1,9.212367237E-2,3.075375319E0,1.025683403E1
8.808982685E1,-3.481557071E-1,2.545365095E0,1.225364494E1
8.810993737E1,-9.044869542E-1,2.377269268E0,1.271007538E1
8.813004789E1,-9.702895880E-1,2.613560438E0,1.039920712E1
8.815015841E1,-3.954139352E-1,2.727817774E0,7.686344624E0
8.817026893E1,3.343969584E-1,2.494517565E0,6.561119556E0
8.819037946E1,7.836494446E-1,2.014158487E0,6.934400082E0
8.821048998E1,7.501499057E-1,1.740778446E0,7.955537319E0
8.823060050E1,8.045865893E-1,1.662413478E0,7.794619560E0
8.825071102E1,5.736792088E-1,2.005783558E0,7.347161770E0
8.827082154E1,5.629115105E-1,2.411366940E0,7.631907940E0
8.829093206E1,5.144568533E-2,2.962314367E0,8.050053596E0
8.831104258E1,-8.153542876E-1,3.571287870E0,9.540781975E0
8.833115310E1,6.580262631E-2,3.334996462E0,1.274776268E1
8.835126362E1,2.129612207E0,2.623729944E0,1.331366539E1
8.837137414E1,2.609971285E0,2.499303341E0,1.237807178E1
8.839148466E1,3.547359705E-1,3.110669374E0,1.231406307E1
8.841159518E1,-1.965703845E0,3.462414265E0,1.094776154E1
8.843170570E1,-1.629512191E0,3.099901676E0,1.001934624E1
8.845181622E1,-1.387837082E-1,2.428714991E0,9.824930191E0
8.847192675E1,2.805584669E-1,2.002194405E0,9.892526627E0
8.849203727E1,-1.107876897E0,1.901097536E0,1.137069321E1
8.851214779E1,-1.905883193E0,1.266999602E0,1.330588818E1
8.853225831E1,-1.141376376E0,6.077769399E-1,1.310309696E1
8.855236883E1,-5.324030295E-2,7.339983582E-1,9.575477600E0
8.857247935E1,-3.074777126E-1,1.425524116E0,6.023332596E0
8.859258987E1,-2.148754835E0,2.099103689E0,5.968895912E0
8.861270039E1,-3.838685751E0,2.068595171E0,8.671588898E0
8.863281091E1,-3.853640795E0,2.073979139E0,9.591031075E0
8.865292143E1,-2.425125837E0,1.846062660E0,9.386445045E0
8.867303196E1,-1.378864050E0,1.712662816E0,9.053244591E0
8.869314248E1,-9.248259664E-1,1.945963025E0,8.226524353E0
8.871325300E1,-5.892325640E-1,2.245065928E0,7.097112179E0
8.873336352E1,-3.942175210E-1,2.572882652E0,6.870990276E0
8.875347404E1,-2.512463741E-2,2.541775942E0,7.368099213E0
8.877358456E1,-1.058823988E-1,2.613560438E0,7.225726128E0
8.879369513E1,-5.048855543E-1,2.648256540E0,7.232904434E0
8.881380560E1,-1.272981644E0,2.821137905E0,7.586444378E0
8.883391617E1,-2.103291035E0,3.073580742E0,8.108677864E0
8.885402669E1,-2.090728760E0,2.682354212E0,9.211769104E0
8.887413722E1,-1.295115232E0,2.831307411E0,8.814560890E0
8.889424774E1,-6.065805554E-1,3.811168194E0,7.568498135E0
8.891435826E1,-3.786641955E-1,4.411766529E0,8.330014229E0
8.893446878E1,-4.498506486E-1,3.999603033E0,1.101775169E1
8.895457930E1,-1.027119160E0,3.946362734E0,1.302174091E1
8.897468982E1,-1.850250125E0,4.383651257E0,1.286022568E1
8.899480034E1,-1.789831281E0,4.892126083E0,1.167757225E1
8.901491086E1,-1.765304923E0,4.709673405E0,1.131565857E1
8.903502138E1,-8.009973764E-1,3.568296671E0,1.129412270E1
8.905513190E1,-2.219343036E-1,2.302493572E0,9.748359680E0
8.907524242E1,-1.120439172E0,2.341377020E0,8.532805443E0
8.909535294E1,-9.206385016E-1,2.190030813E0,8.713463783E0
8.911546346E1,-2.931207791E-2,1.631905079E0,9.998409271E0
8.913557399E1,5.814558864E-1,1.207179070E0,1.088853931E1
8.915568451E1,5.988038778E-1,1.383649707E0,1.024487019E1
8.917579503E1,6.562315822E-1,1.722832322E0,8.807980537E0
8.919590555E1,4.905286431E-1,1.849651933E0,8.870193481E0
8.921601607E1,2.679961324E-1,1.752742529E0,9.791430473E0
8.923612659E1,5.653043389E-1,1.612762451E0,9.405587196E0
8.925623711E1,8.177471161E-1,1.765304923E0,8.531609535E0
8.927634763E1,1.204786181E0,1.896910191E0,7.724031448E0
8.929645815E1,9.361918569E-1,2.222334146E0,7.636095047E0
8.931656867E1,1.280160099E-1,2.536990166E0,9.129815102E0
8.933667919E1,-1.196411322E-3,2.876172781E0,9.551549911E0
8.935678972E1,4.438686073E-1,3.373281717E0,8.700303078E0
8.937690029E1,2.009970993E-1,3.975674868E0,8.146365166E0
8.939701081E1,5.922235921E-2,3.967299938E0,9.495318413E0
8.941712133E1,6.352944374E-1,3.174079180E0,1.054457092E1
8.943723185E1,2.638086975E-1,2.633899450E0,1.115892887E1
8.945734237E1,-1.010967568E-1,2.494517565E0,1.104885864E1
8.947745289E1,-9.391828626E-2,2.273181438E0,1.075932693E1
8.949756341E1,1.154536903E-1,2.145763636E0,1.216869926E1
8.951767393E1,4.689932466E-1,2.087139606E0,1.160279655E1
8.953778446E1,-2.476571500E-1,2.389233351E0,9.757930756E0
8.955789498E1,-1.418345571E0,2.635095835E0,1.046500969E1
8.957800550E1,-2.694916487E0,2.164906263E0,1.427617836E1
8.959811602E1,-2.323430777E0,1.469193101E0,1.584407520E1
8.961822654E1,-5.958128572E-1,1.485344648E0,1.202453232E1
8.963833706E1,5.150550604E-1,1.722832322E0,8.502297401E0
8.965844758E1,3.948157281E-2,2.207378864E0,7.116254330E0
8.967855815E1,-1.478166223E0,2.685943365E0,7.505088329E0
8.969866867E1,-2.295913219E0,2.761915445E0,7.986045361E0
8.971877919E1,-2.374876499E0,2.630908489E0,8.140382767E0
8.973888972E1,-1.518245935E0,2.541775942E0,8.197212219E0
8.975900024E1,-5.222335458E-1,2.254039049E0,7.934599876E0
8.977911076E1,-6.807580590E-1,2.195414782E0,7.341179848E0
8.979922128E1,-1.089332461E0,2.131406784E0,6.334998131E0
8.981933180E1,-6.789634228E-1,1.969292998E0,6.653243542E0
8.983944232E1,8.500502706E-1,1.621137381E0,7.755138397E0
8.985955284E1,2.464009047E0,1.310070395E0,7.649854183E0
8.987966336E1,1.546959877E0,1.735992789E0,7.794619560E0
8.989977388E1,-7.351947427E-1,2.877967358E0,7.592426300E0
8.991988440E1,-2.143969059E0,3.861417532E0,6.953542709E0
8.993999492E1,-1.749153376E0,4.282554150E0,7.051648140E0
8.996010550E1,-6.472585201E-1,4.033102512E0,8.741579056E0
8.998021602E1,1.107876897E0,3.008974552E0,1.202991581E1
9.000032654E1,1.594816327E0,2.685345173E0,1.427498150E1
9.002043706E1,4.295116663E-1,3.379862070E0,1.393400478E1
9.004054758E1,-1.854437590E-2,4.150351048E0,1.241815090E1
9.006065810E1,5.138586760E-1,4.234697819E0,1.081496048E1
9.008076862E1,4.277170599E-1,3.979264021E0,1.233380413E1
9.010087914E1,3.457628787E-1,3.315255880E0,1.438325691E1
9.012098966E1,5.778666735E-1,2.477767944E0,1.531825256E1
9.014110018E1,8.973084688E-1,2.064407825E0,1.390529060E1
9.016121070E1,1.455434322E0,2.184048891E0,9.994820595E0
9.018132128E1,1.698904037E0,2.573480844E0,6.932007313E0
9.020143180E1,1.613958836E0,2.633899450E0,6.122634888E0
9.022154232E1,1.059422255E0,2.548954248E0,7.059424877E0
9.024165284E1,7.459624410E-1,2.231905222E0,8.443074226E0
9.026176336E1,7.543373108E-1,2.059622049E0,8.749954224E0
9.028187388E1,7.896314859E-1,2.038086653E0,8.263612747E0
9.030198440E1,1.161715388E0,1.848455548E0,7.710870743E0
9.032209492E1,1.200598717E0,1.732403636E0,7.476972580E0
9.034220544E1,7.848458290E-1,1.856232166E0,7.295117855E0
9.036231596E1,1.274178028E0,1.777867198E0,6.402595043E0
9.038242654E1,1.859821439E0,1.666600943E0,5.382056236E0
9.040253706E1,1.165902853E0,1.917847395E0,6.442675114E0
9.042264758E1,8.835497499E-1,2.185843468E0,7.797610760E0
9.044275810E1,9.942178130E-1,2.571686029E0,8.541778564E0
9.046286862E1,1.065404296E0,3.120838881E0,8.266005516E0
9.048297914E1,7.447660565E-1,3.593421459E0,7.906484127E0
9.050308966E1,-1.974078640E-2,3.866801500E0,9.044869423E0
9.052320018E1,-2.500499785E-1,3.706482172E0,1.136530972E1
9.054331070E1,1.046261668E0,2.817548752E0,1.364566898E1
9.056342128E1,2.130808592E0,1.910668850E0,1.533978748E1
9.058353180E1,2.012962103E0,2.044068813E0,1.482652760E1
9.060364232E1,5.742774606E-1,3.209971666E0,1.141256714E1
9.062375284E1,-6.993024349E-1,3.926621914E0,9.481559753E0
9.064386336E1,-5.976074338E-1,3.095714331E0,1.112901783E1
9.066397388E1,5.294120312E-1,1.579861164E0,1.439522076E1
9.068408440E1,2.300100803E0,6.891329288E-1,1.449272823E1
9.070419492E1,3.330809116E0,6.628118753E-1,1.144427204E1
9.072430550E1,2.894717216E0,1.214955688E0,8.410771370E0
9.074441602E1,1.054636598E0,1.907677889E0,7.278966427E0
9.076452654E1,-7.680960894E-1,2.458027124E0,7.448258877E0
9.078463706E1,-1.697707653E0,2.626721144E0,7.394420147E0
9.080474758E1,-1.810170293E0,2.700898647E0,7.092924595E0
9.082485810E1,-1.204786181E0,2.452044964E0,7.907680511E0
9.084496862E1,-2.344966233E-1,1.678565025E0,9.414560318E0
9.086507914E1,-2.775674164E-1,1.358525038E0,1.028734303E1
9.088518966E1,-7.513462901E-1,1.510469317E0,9.178269386E0
9.090530024E1,-1.044467092E0,1.921436548E0,7.902296543E0
9.092541076E1,-4.420739710E-1,1.890329838E0,7.844869137E0
9.094552128E1,1.663011760E-1,1.131206870E0,9.638887405E0
9.096563180E1,8.554340899E-2,5.688936114E-1,1.153161049E1
9.098574232E1,-5.216353536E-1,6.149554253E-1,1.082453156E1
9.100585284E1,-1.555334687E0,1.664806366E0,7.859225750E0
9.102596336E1,-2.215155602E0,2.709273338E0,5.944967747E0
9.104607393E1,-1.900499344E0,3.014956474E0,6.165705681E0
9.106618446E1,-6.568298340E-1,2.351546526E0,6.735197544E0
9.108629498E1,-3.667000830E-1,2.702693224E0,7.713263988E0
9.110640550E1,-6.502495408E-1,3.850649834E0,7.526025295E0
9.112651602E1,-1.064207911E0,4.924428940E0,7.630711555E0
9.114662654E1,-7.567301393E-1,4.670789719E0,9.139386177E0
9.116673706E1,-3.278166950E-1,3.891327858E0,1.066780186E1
9.118684758E1,-1.320239902E0,3.742972851E0,1.190429306E1
9.120695815E1,-2.518445730E0,3.786641836E0,1.322333622E1
9.122706867E1,-1.055234790E0,2.927020311E0,1.567179203E1
9.124717919E1,1.119840980E0,3.181855917E0,1.016351414E1
9.126728972E1,1.256231871E-2,4.106681824E0,9.324830055E0
9.128740024E1,-5.222335458E-1,4.314259052E0,8.177471161E0
9.130751076E1,-4.025924206E-1,3.937987804E0,9.231510162E0
9.132762133E1,2.213360928E-2,2.826521635E0,1.197787189E1
9.134773185E1,1.195214868E0,1.861616015E0,1.381137276E1
9.136784237E1,1.600798368E0,1.774278045E0,1.262812138E1
9.138795289E1,1.025324464E0,2.386840582E0,1.034776115E1
9.140806341E1,6.909275651E-1,2.729612350E0,8.464012146E0
9.142817393E1,6.454638839E-1,2.657229662E0,8.489734650E0
9.144828446E1,8.452646136E-1,2.184048891E0,8.995817184E0
9.146839503E1,8.458628058E-1,1.966900229E0,8.791828156E0
9.148850555E1,6.562315822E-1,1.973480463E0,8.215756416E0
9.150861607E1,4.564309120E-1,2.059023857E0,7.631309509E0
9.152872659E1,4.001995921E-1,2.292324066E0,7.456035137E0
9.154883711E1,9.439685345E-1,2.240280151E0,8.193622589E0
9.156894763E1,1.393819213E0,1.963310957E0,8.561519623E0
9.158905820E1,1.392024517E0,2.116451740E0,8.687142372E0
9.160916872E1,1.646261930E0,2.072782516E0,8.187042236E0
9.162927925E1,8.937192559E-1,2.427518606E0,7.788637638E0
9.164938977E1,-8.673982322E-2,2.915056229E0,7.751548767E0
9.166950029E1,3.266202807E-1,2.863012314E0,7.776075363E0
9.168961081E1,1.103689432E0,2.679961443E0,8.172685623E0
9.170972138E1,1.382453322E0,2.328814745E0,8.857631683E0
9.172983190E1,6.927221417E-1,2.467000246E0,9.197412491E0
9.174994242E1,-1.513460279E-1,2.777468920E0,8.915657043E0
9.177005294E1,-4.360919297E-1,3.105883837E0,8.718847275E0
9.179016346E1,1.854437590E-2,3.122035265E0,9.111269951E0
9.181027399E1,3.367897868E-1,3.378067255E0,7.298109055E0
9.183038456E1,1.028913707E-1,3.003590584E0,9.163912773E0
9.185049508E1,9.092725813E-2,2.833700180E0,1.070189953E1
9.187060560E1,-2.799602449E-1,3.041277647E0,1.088315582E1
9.189071612E1,-6.340979934E-1,3.390031576E0,1.074257755E1
9.191082664E1,-5.341976285E-1,3.566502094E0,9.525228500E0
9.194679680E1,-2.608774900E0,4.543372154E0,9.535996437E0
9.196690722E1,-1.994417667E0,4.339384079E0,8.669196129E0
9.198701764E1,-1.590030670E0,4.165306091E0,8.927022934E0
9.200712811E1,-1.534995675E0,4.512265205E0,9.494720459E0
9.202723852E1,-1.432702541E0,4.926223755E0,9.698110580E0
9.204734894E1,-1.551745534E0,5.036891460E0,1.017667484E1
9.206745941E1,-1.817947030E0,4.788038254E0,1.102074242E1
9.208756982E1,-1.979462504E0,4.554139614E0,1.098126125E1
9.210768024E1,-2.085345030E0,4.591228485E0,1.002293587E1
9.212779071E1,-2.263610125E0,4.741377831E0,8.994620323E0
9.214790113E1,-2.165504456E0,4.762315273E0,8.206783295E0
9.216801154E1,-1.770090580E0,4.527220249E0,8.167302132E0
9.218812201E1,-1.396211982E0,4.293920040E0,8.641678810E0
9.220823243E1,-1.277767301E0,4.125226021E0,9.308678627E0
9.222834285E1,-1.246660590E0,4.199403763E0,9.513862610E0
9.224845331E1,-1.374676585E0,4.499702930E0,9.719047546E0
9.226856373E1,-1.572682738E0,4.581058979E0,1.148076344E1
9.228867415E1,-6.640082598E-1,3.840480328E0,1.442034531E1
9.230878462E1,-2.985046208E-1,3.548556089E0,1.464347649E1
9.232889503E1,-1.234098315E0,4.977669239E0,1.026042366E1
9.234900545E1,-1.072582722E0,6.257231236E0,8.839685440E0
9.236911592E1,2.512463629E-1,5.479563713E0,9.676574707E0
9.238922634E1,3.708875179E-2,4.789234638E0,9.691530228E0
9.240933675E1,-2.117049932E0,4.804189682E0,9.050253868E0
9.242944717E1,-3.619144201E0,4.475176334E0,8.958129883E0
9.244955764E1,-3.097508907E0,3.563511133E0,1.027717304E1
9.246966806E1,-1.421336651E0,2.489732027E0,1.154776192E1
9.248977847E1,-4.031906128E-1,2.137388945E0,1.043689442E1
9.250988889E1,-2.548356056E-1,2.250449657E0,8.651249886E0
9.252999936E1,-1.214357466E-1,2.271386862E0,7.912466049E0
9.255010977E1,-7.716853172E-2,2.324627161E0,7.920242786E0
9.257022019E1,2.093719877E-2,2.460419893E0,8.047660828E0
9.259033066E1,4.001995921E-1,2.603390932E0,8.170890808E0
9.261044108E1,9.816554785E-1,2.458625317E0,8.166703224E0
9.263055149E1,1.313061476E0,2.371885538E0,7.572685242E0
9.265066191E1,1.068395257E0,2.128415823E0,7.975277901E0
9.267077238E1,3.409772217E-1,1.804188251E0,9.429515839E0
9.269088279E1,-3.565305769E-1,1.658824325E0,1.065344429E1
9.271099321E1,-8.201399446E-1,1.829312921E0,1.023051357E1
9.273110363E1,-9.008977413E-1,2.041675806E0,9.230313301E0
9.275121410E1,-9.463613629E-1,2.465205431E0,8.081758499E0
9.277132451E1,-7.734799385E-1,2.913859844E0,7.105486870E0
9.279143493E1,-4.636093974E-1,2.951546669E0,7.336394310E0
9.281154535E1,-1.734796464E-1,2.623729944E0,8.784051895E0
9.283165581E1,-3.134597540E-1,2.629113913E0,1.016590691E1
9.285176623E1,3.852444589E-1,3.507878065E0,1.013479996E1
9.287187665E1,1.068993568E0,5.054837704E0,8.792427063E0
9.289198706E1,1.959721804E0,5.377270699E0,8.228917122E0
9.291209748E1,3.344567776E0,3.516851187E0,1.273759270E1
9.293220795E1,4.306482315E0,1.695913076E0,1.687418556E1
9.295231837E1,2.819343328E0,2.063211441E0,1.499342632E1
9.297242878E1,2.709871531E-1,3.619144201E0,8.657232285E0
9.299253920E1,-5.030909777E-1,4.252644062E0,6.578467846E0
9.301264967E1,2.715853751E-1,3.156731367E0,9.862616539E0
9.303276009E1,2.007578135E0,1.613958836E0,1.343210983E1
9.305287050E1,2.737389088E0,1.185643673E0,1.270050430E1
9.307298092E1,1.702493310E0,2.070987940E0,8.876175880E0
9.309309134E1,3.068794906E-1,2.874976397E0,6.623332977E0
9.311320175E1,2.243271172E-1,2.871387243E0,7.118647575E0
9.313331222E1,1.085743308E0,2.313261271E0,8.263014793E0
9.315342264E1,1.335793257E0,2.056631088E0,8.000402451E0
9.317353306E1,8.739784956E-1,2.403590441E0,6.504888535E0
9.319364347E1,4.737788737E-1,3.015554667E0,6.037091732E0
9.321375389E1,6.514459848E-1,3.009572744E0,6.965506554E0
9.323386436E1,1.314257860E0,2.344367981E0,9.180662155E0
9.325397477E1,2.075175524E0,1.577468276E0,1.074556828E1
9.327408519E1,2.231905222E0,1.298106313E0,9.894321442E0
9.329419561E1,1.342971683E0,1.877767563E0,7.700103283E0
9.331430602E1,2.638086975E-1,2.985644341E0,5.836094379E0
9.333441649E1,-9.690931439E-2,3.769891977E0,5.755934715E0
9.335452691E1,8.626125455E-1,3.357130051E0,8.502895355E0
9.337463732E1,1.353739381E0,2.696112871E0,1.108415222E1
9.339474774E1,7.878368497E-1,2.735594511E0,1.105902767E1
9.341485816E1,-2.327020019E-1,3.581457376E0,9.503094673E0
9.343496858E1,-6.753742099E-1,4.473979950E0,8.149355888E0
9.345507899E1,-3.409772217E-1,4.720440865E0,7.560721397E0
9.347518946E1,-2.769692242E-1,4.562514782E0,8.170890808E0
9.349529988E1,-4.109672904E-1,4.208974838E0,8.695517540E0
9.351541029E1,-8.434699476E-2,3.512065411E0,9.462417603E0
9.353552071E1,1.603191197E-1,2.766701221E0,1.078265667E1
9.355563113E1,-2.356930375E-1,2.425724030E0,1.210409355E1
9.357574154E1,-1.077966571E0,2.510071039E0,1.380479240E1
9.359585196E1,-1.034895778E0,2.852842808E0,1.296132183E1
9.361596238E1,-1.998006850E-1,2.857628345E0,1.218126202E1
9.363607285E1,1.297508121E0,1.828116536E0,1.501376534E1
9.365618326E1,2.639881611E0,4.265206456E-1,1.868973923E1
9.367629368E1,1.840678811E0,7.794619799E-1,1.633161354E1
9.369640410E1,3.744767308E-1,2.398804665E0,1.085444164E1
9.371651451E1,-7.244270444E-1,3.966701746E0,7.213762283E0
9.373662493E1,-1.631905079E0,4.663012981E0,6.433701992E0
9.375673535E1,-1.707278967E0,4.322634220E0,7.250252724E0
9.377684576E1,-8.554341197E-1,3.382254839E0,8.387441635E0
9.379695618E1,6.263213158E-1,2.400001049E0,8.566903114E0
9.381706665E1,1.567298889E0,1.998605132E0,8.141578674E0
9.383717706E1,1.277169108E0,2.258824587E0,7.782655716E0
9.385728748E1,-5.467599630E-1,3.069393158E0,7.658228874E0
9.387739790E1,-2.304288149E0,3.529413462E0,8.090731621E0
9.389750832E1,-2.661417007E0,3.362514019E0,8.173283577E0
9.391761873E1,-1.861616015E0,2.975475073E0,7.424928665E0
9.393772915E1,-4.414757788E-1,2.472982168E0,6.998407841E0
9.395783956E1,5.036891699E-1,2.381456852E0,6.888936520E0
9.397794998E1,1.393819153E-1,2.676372051E0,6.217749596E0
9.399806040E1,-3.906283081E-1,3.379263878E0,5.562116146E0
9.401817081E1,-5.479564071E-1,3.635894060E0,5.032105923E0
9.403828128E1,-9.098708034E-1,3.745963812E0,5.149952412E0
9.405839170E1,-2.251047850E0,4.361517429E0,5.404190063E0
9.407850212E1,-3.324228764E0,4.450051785E0,7.603193760E0
9.409861253E1,-2.791825771E0,3.541377544E0,1.076949692E1
9.411872295E1,-1.311266780E0,2.270788670E0,1.399741459E1
9.413883337E1,-9.912267923E-1,2.367697954E0,1.373300743E1
9.415894378E1,-1.745564103E0,3.635894060E0,1.000319481E1
9.417905420E1,-1.935793519E0,4.452444553E0,8.039285660E0
9.419916462E1,-5.682953596E-1,4.286143780E0,9.071190834E0
9.421927503E1,4.588237405E-1,3.754936934E0,9.795019150E0
9.423938545E1,-3.080759048E-1,3.535993576E0,1.055055332E1
9.425949587E1,-1.971685886E0,3.623331785E0,1.167757225E1
9.427960628E1,-2.341377020E0,3.315854073E0,1.261436272E1
9.429971670E1,-1.528415442E0,2.695514679E0,1.284347534E1
9.431982712E1,-9.613165259E-1,2.644667149E0,1.180140114E1
9.433993753E1,-1.133599758E0,2.965305567E0,1.029033375E1
9.436004795E1,-1.735394597E0,3.501895905E0,8.532805443E0
9.438015837E1,-2.197209358E0,3.869194269E0,7.587042332E0
9.440026878E1,-1.604387641E0,3.459423304E0,7.625327587E0
9.442037920E1,-9.140582681E-1,2.667398930E0,8.520841599E0
9.444048962E1,-7.076773047E-1,2.120639086E0,9.243474007E0
9.446060003E1,-7.447660565E-1,1.964507341E0,8.774480820E0
9.448071045E1,-9.050851464E-1,2.143370867E0,7.932805061E0
9.450082087E1,-1.363310695E0,2.539382935E0,6.950551510E0
9.452093128E1,-1.595414519E0,3.046063185E0,5.996413708E0
9.454104175E1,-1.141376376E0,3.133401155E0,5.946762562E0
9.456115212E1,-4.749752879E-1,3.086741209E0,6.898507595E0
9.458126253E1,3.936193287E-1,2.697907448E0,8.971290588E0
9.460137295E1,7.728816867E-1,2.563311338E0,1.001456070E1
9.462148337E1,6.586244106E-1,2.708076954E0,1.026819992E1
9.464159378E1,5.264209956E-2,2.983849764E0,1.056072235E1
9.466170420E1,-7.543373108E-1,3.324228764E0,1.098963642E1
9.468181462E1,-8.003991842E-1,3.230310678E0,1.201436234E1
9.470192503E1,-8.733802289E-2,2.865405083E0,1.320060444E1
9.472203545E1,8.853443861E-1,2.673381090E0,1.315573883E1
9.474214587E1,3.643072546E-1,3.010769129E0,1.217288685E1
9.476225628E1,-1.603191137E0,3.314059258E0,1.392084408E1
9.478236670E1,-1.124626637E0,2.279761791E0,1.537328720E1
9.480247712E1,2.112264156E0,9.439685345E-1,1.278186035E1
9.482258753E1,3.320639610E0,1.314257860E0,9.406186104E0
9.484269795E1,1.795215130E0,2.382055044E0,8.919844627E0
9.486280837E1,-1.633101404E-1,3.013161898E0,9.538987160E0
9.488291878E1,-9.164510965E-1,3.069393158E0,9.253045082E0
9.490302920E1,-8.273184299E-1,2.462214470E0,9.183054924E0
9.492313962E1,-1.061216831E0,2.220539331E0,8.832506180E0
9.494325003E1,-1.810170293E0,2.400599241E0,7.990232944E0
9.496336045E1,-2.132004976E0,2.775076151E0,7.064808846E0
9.498347087E1,-1.231107235E0,2.405385017E0,7.140182972E0
9.500358128E1,-7.782655358E-1,1.966302037E0,8.894720078E0
9.502369170E1,-1.515853167E0,2.212164640E0,1.000618649E1
9.504380212E1,-2.270190477E0,2.845066071E0,9.436694145E0
9.506391253E1,-2.191227436E0,3.476771355E0,7.728219032E0
9.508402295E1,-9.403793216E-1,3.514458179E0,6.729215622E0
9.510413337E1,-1.477568001E-1,3.452244759E0,7.189235687E0
9.512424378E1,-2.003988922E-1,3.649652719E0,8.031509399E0
9.514435420E1,-3.134597540E-1,3.820141315E0,8.480761528E0
9.516446462E1,-3.840480447E-1,4.356133461E0,9.443274498E0
9.518457503E1,8.159525394E-1,4.225724697E0,1.022572803E1
9.520468545E1,1.237687469E0,3.581457376E0,1.214357471E1
9.522479587E1,1.217946768E0,3.390031576E0,1.247797203E1
9.524490628E1,2.141576260E-1,4.084548473E0,1.033819008E1
9.526501670E1,-7.854440212E-1,4.773681164E0,8.812766075E0
9.528512706E1,2.662015259E-1,4.043870449E0,9.216554642E0
9.530523753E1,1.971685886E0,2.918645382E0,1.056431198E1
9.532534790E1,2.540579557E0,2.486740828E0,1.142273712E1
9.534545832E1,1.847259045E0,2.871387243E0,1.050329494E1
9.536556873E1,1.051645517E0,3.506083488E0,8.100302696E0
9.538567915E1,5.324030295E-2,3.994219303E0,6.760322094E0
9.540578956E1,-7.932206988E-1,3.945166349E0,7.722237110E0
9.542589998E1,-7.555337548E-1,3.576671600E0,9.182456970E0
9.544601040E1,1.770688742E-1,3.039483070E0,9.031708717E0
9.546612082E1,7.106683254E-1,2.722434044E0,8.137392044E0
9.548623123E1,1.603191197E-1,2.785245657E0,7.615158081E0
9.550634165E1,-4.402793646E-1,2.949752092E0,7.310073376E0
9.552645206E1,-1.734796464E-1,2.953939438E0,6.990631580E0
9.554656248E1,5.401797295E-1,3.029911757E0,6.806982040E0
9.556667290E1,6.825526357E-1,3.212364435E0,7.689933777E0
9.558678326E1,6.376872063E-1,3.437289715E0,8.498707771E0
9.560689368E1,9.326026440E-1,3.467798233E0,8.499305725E0
9.562700410E1,1.228116274E0,3.693919897E0,8.642276764E0
9.564711451E1,1.121635556E0,3.873979807E0,9.360722542E0
9.566722493E1,8.835497499E-1,3.719044685E0,1.097886848E1
9.568733535E1,1.082752228E0,2.947957516E0,1.377248859E1
9.570744576E1,1.019940615E0,2.567498684E0,1.492044544E1
9.572755618E1,2.213360965E-1,3.092125177E0,1.339741421E1
9.574766660E1,-5.222335458E-1,3.792025566E0,1.167458153E1
9.576777701E1,-7.519445419E-1,4.234697819E0,9.419944763E0
9.578788738E1,-1.127019525E0,4.414159775E0,8.239685059E0
9.580799779E1,-1.340578914E0,4.031906128E0,1.014078236E1
9.582810821E1,-7.920243144E-1,2.894717216E0,1.337887001E1
9.584821863E1,-9.092725813E-2,1.931007862E0,1.416610813E1
9.586832904E1,-5.162515044E-1,2.517847538E0,1.051765156E1
9.588843946E1,-1.182652593E0,3.721437454E0,6.261418819E0
9.590854988E1,-1.640279889E0,4.496711731E0,4.674977303E0
9.592866029E1,-1.829911113E0,4.098905087E0,6.175875187E0
9.594877071E1,-1.311266780E0,3.210569859E0,8.437092781E0
9.596888113E1,-6.640082598E-1,2.634497643E0,9.459425926E0
9.598899154E1,-1.210170031E0,3.193221807E0,8.846264839E0
9.600910191E1,-1.175474167E0,3.449851990E0,8.267800331E0
9.602921232E1,-4.342973232E-1,2.942573547E0,9.466006279E0
9.604932274E1,-2.009970993E-1,2.606382132E0,9.692128181E0
9.606943316E1,-1.375873014E-2,2.807977438E0,6.784848690E0
9.608954358E1,-5.862415582E-2,3.433700562E0,4.054039955E0
9.610965399E1,-4.911268353E-1,3.576671600E0,5.167898655E0
9.612976441E1,-9.302098155E-1,3.729214191E0,6.065207005E0
9.614987477E1,-8.327022791E-1,3.918845177E0,6.681358814E0
9.616998519E1,-3.529413342E-1,3.958326817E0,8.183453560E0
9.619009561E1,2.739782035E-1,3.808775425E0,9.664610863E0
9.621020602E1,9.260223508E-1,3.800998688E0,1.019103146E1
9.623031644E1,1.150947690E0,3.778865099E0,1.089751244E1
9.625042686E1,8.434699774E-1,3.929612875E0,1.163270760E1
9.627053727E1,1.261615753E0,4.117449760E0,1.093460083E1
9.629064769E1,1.722234130E0,4.897509575E0,9.484550476E0
9.631075811E1,1.612164259E0,5.244469166E0,7.945367813E0
9.633086847E1,9.128618240E-1,5.103292465E0,8.933005333E0
9.635097889E1,1.444666624E0,3.579064369E0,1.278724384E1
9.637108930E1,2.705085993E0,2.190629244E0,1.485763359E1
9.639119972E1,2.852244616E0,2.228316069E0,1.313420391E1
9.641131014E1,1.874178290E0,3.247060299E0,9.999606133E0
9.643142055E1,1.489532113E0,4.102494240E0,7.316055298E0
9.645153092E1,1.044467092E0,4.222733974E0,7.761120319E0
9.647164134E1,1.677368641E0,3.369692564E0,1.055832958E1
9.649175175E1,2.635694027E0,2.537588358E0,1.119063377E1
9.651186217E1,2.432902336E0,2.552543640E0,9.659825325E0
9.653197259E1,1.545165181E0,2.745764017E0,8.356932640E0
9.655208300E1,1.708475351E0,2.412563324E0,8.029714584E0
9.657219342E1,2.483749866E0,1.869392633E0,8.419744492E0
9.659230378E1,2.927618504E0,1.695314884E0,8.223533630E0
9.661241420E1,3.614358664E0,1.642074585E0,7.198806763E0
9.663252462E1,2.568096876E0,2.206182480E0,6.208178520E0
9.665263503E1,5.132604837E-1,3.292523861E0,5.611767292E0
9.667274545E1,-2.943171859E-1,3.731606960E0,6.312864304E0
9.669285587E1,-2.871387079E-2,3.456432343E0,8.522037506E0
9.671296623E1,9.104689956E-1,3.146561861E0,8.985049248E0
9.673307665E1,8.973084688E-1,3.507279873E0,7.980063438E0
9.675318706E1,6.508477330E-1,3.912265062E0,7.805985451E0
9.677329748E1,5.347958803E-1,3.848855257E0,8.553144455E0
9.679340790E1,2.799602449E-1,3.533600807E0,1.039741230E1
9.681351832E1,2.691925503E-2,3.013760090E0,1.316471195E1
9.683362868E1,-2.949153781E-1,2.831307411E0,1.396511078E1
9.685373910E1,-6.448656917E-1,3.015554667E0,1.257727432E1
9.687384951E1,-7.782655358E-1,2.915654421E0,1.200180054E1
9.689395993E1,-8.219345808E-1,2.380260229E0,1.339920902E1
9.691407035E1,-1.429711580E-1,1.787438512E0,1.432044506E1
9.693418071E1,2.141576260E-1,1.685743570E0,1.375753403E1
9.695429113E1,-1.884347796E-1,2.218744755E0,1.173200989E1
9.697440154E1,-6.879364848E-1,2.706282377E0,9.802198410E0
9.699451196E1,-1.188036442E0,2.825325251E0,9.458827972E0
9.701462238E1,-1.727019787E0,2.694318295E0,1.018026352E1
9.703473279E1,-8.494520187E-1,2.271386862E0,9.721440315E0
9.705484321E1,-4.067798331E-2,1.932802439E0,9.301499367E0
9.707495358E1,-9.212367237E-2,1.837687731E0,9.300303459E0
9.709506399E1,-3.200400174E-1,1.706082582E0,9.851250648E0
9.711517441E1,-6.711867452E-1,1.840678811E0,9.375677109E0
9.713528482E1,-8.524430394E-1,2.249851465E0,7.726424217E0
9.715539524E1,-6.789634228E-1,2.565105915E0,6.409773827E0
9.717550561E1,-5.712863803E-1,2.691925526E0,5.683551788E0
9.719561602E1,-1.244866014E0,2.941377163E0,5.020740032E0
9.721572644E1,-2.319841623E0,3.583251953E0,4.279563427E0
9.723583686E1,-7.519445419E-1,3.135195971E0,5.313860893E0
9.725594727E1,2.027917206E-1,2.612364054E0,7.816154957E0
9.727605764E1,-5.563312769E-1,3.080759048E0,9.297910690E0
9.729616806E1,-1.054038405E0,3.596412420E0,9.132207870E0
9.731627847E1,-8.679963946E-1,3.857828379E0,9.538389206E0
9.733638889E1,-1.256231815E-1,3.525824070E0,1.065942669E1
9.735649930E1,2.458625287E-1,3.052643538E0,1.242592812E1
9.737660967E1,-2.075773627E-1,2.833700180E0,1.439223003E1
9.739672009E1,-8.470591903E-1,2.612364054E0,1.551386547E1
9.741683050E1,-5.665007830E-1,2.498705149E0,1.413859081E1
9.743694092E1,-4.636093974E-1,3.157329559E0,1.091725349E1
9.745705134E1,-3.439682424E-1,3.652643681E0,9.538389206E0
9.747716170E1,2.919243574E-1,3.216551781E0,1.020479012E1
9.749727212E1,6.825526357E-1,2.454437733E0,1.155075264E1
9.751738253E1,7.423732281E-1,2.005185366E0,1.208136177E1
9.753749295E1,9.906286001E-1,1.785643935E0,1.117866898E1
9.755760337E1,1.084546804E0,1.875972986E0,9.932606697E0
9.757771373E1,1.271785259E0,1.698305845E0,8.998807907E0
9.759782415E1,1.435693622E0,1.280160069E0,8.220541954E0
9.761793456E1,4.624129832E-1,1.328016520E0,8.133204460E0
9.763804498E1,-1.704886109E-1,1.641476393E0,8.161917686E0
9.765815540E1,-9.690931439E-2,1.724626899E0,7.974679470E0
9.767826576E1,-6.855437160E-1,2.178066730E0,7.441678524E0
9.769837618E1,-1.170688510E0,2.742174864E0,6.407979012E0
9.771848660E1,-1.551745534E0,3.141776085E0,6.396014690E0
9.773859701E1,-1.602592945E0,2.910868645E0,8.968298912E0
9.775870743E1,-9.349954724E-1,2.387438774E0,1.062712383E1
9.777881779E1,-2.081755698E-1,2.184647083E0,1.026760197E1
9.779892821E1,-1.453639716E-1,2.691925526E0,8.486743927E0
9.781903863E1,-1.220339537E-1,3.300300598E0,7.140780926E0
9.783914904E1,-3.008974493E-1,3.301496983E0,7.744370461E0
9.785925941E1,-5.670989752E-1,2.803789854E0,9.869794846E0
9.787936982E1,-3.870390654E-1,2.269592285E0,1.119123173E1
9.789948024E1,-7.453642488E-1,2.134397745E0,1.122832012E1
9.791959066E1,-1.130010486E0,2.340778828E0,1.100219822E1
9.793970107E1,-1.022931695E0,2.519043922E0,1.043270683E1
9.795981144E1,-8.913264275E-1,2.617149830E0,9.824930191E0
9.797992186E1,-1.219143152E0,2.387438774E0,1.058166027E1
9.800003227E1,-1.133001566E0,1.884945989E0,1.200718403E1
9.802014269E1,-1.250848055E0,1.772483349E0,1.324068451E1
9.804025311E1,-9.840483069E-1,1.652842283E0,1.232483101E1
9.806036347E1,-7.710871100E-1,2.169692039E0,9.028717995E0
9.808047389E1,-1.185643673E0,2.977867842E0,7.014559746E0
9.810058430E1,-1.393819213E0,2.959921598E0,7.731808186E0
9.812069472E1,-1.327418327E0,2.483749866E0,8.969495773E0
9.814080509E1,-1.286142230E0,2.350350142E0,9.544371605E0
9.816091550E1,-9.846464992E-1,2.453839540E0,9.544371605E0
9.818102592E1,-3.403790295E-1,2.411965132E0,8.477172852E0
9.820113634E1,2.829512656E-1,2.573480844E0,6.735795975E0
9.822124670E1,3.505485058E-1,2.818146944E0,6.671787739E0
9.824135712E1,-1.417747438E-1,2.800798893E0,7.521239758E0
9.826146753E1,5.862415582E-2,3.036491871E0,6.793821812E0
9.828157795E1,-8.823533654E-1,3.589832067E0,6.965506554E0
9.830168837E1,-1.424925923E0,3.964907169E0,6.919445038E0
9.832179873E1,-1.432702541E0,4.232305050E0,7.030112743E0
9.834190915E1,-1.281954765E0,4.445864677E0,7.198806763E0
9.836201956E1,-9.732806087E-1,4.107280254E0,8.391629219E0
9.838212998E1,-4.528416991E-1,3.613162279E0,1.083769226E1
9.840224040E1,-1.184447184E-1,3.437289715E0,1.210229874E1
9.842235076E1,8.063812256E-1,3.577867985E0,1.089691448E1
9.844246118E1,7.034898400E-1,4.113262177E0,1.035254669E1
9.846257160E1,6.460621357E-1,4.214358807E0,1.045125103E1
9.848268201E1,9.290133715E-1,4.133601189E0,1.089153004E1
9.850279238E1,7.872386575E-1,3.666402578E0,1.275972652E1
9.852290279E1,5.000999570E-1,2.818745136E0,1.484746456E1
9.854301321E1,7.866404653E-1,1.872383714E0,1.542652798E1
9.856312363E1,1.414756417E0,1.632503271E0,1.359541988E1
9.858323399E1,1.271785259E0,2.243869543E0,1.025204849E1
9.860334441E1,6.041877270E-1,3.248256683E0,6.951747894E0
9.862345482E1,4.091726840E-1,3.808775425E0,5.527420521E0
9.864356524E1,3.349951655E-2,3.449851990E0,6.742974281E0
9.866367561E1,-1.166501045E-1,2.839682341E0,8.578269005E0
9.868378602E1,-4.785645287E-3,2.362912416E0,9.443872452E0
9.870389644E1,1.154536903E-1,2.155933142E0,9.447462082E0
9.872400686E1,6.520441771E-1,1.863410592E0,9.064610481E0
9.874411727E1,1.062413216E0,1.807777524E0,8.347960472E0
9.876422764E1,9.714859724E-1,1.814357758E0,7.858029366E0
9.878433805E1,8.961120844E-1,2.154736757E0,7.247261524E0
9.880444847E1,1.152144074E0,2.331207514E0,7.186244488E0
9.882455889E1,1.156929731E0,2.487339020E0,7.656434059E0
9.884466925E1,1.118644595E0,2.750549555E0,8.111668587E0
9.886477967E1,4.935196638E-1,2.967698336E0,9.028717995E0
9.888489009E1,-6.424728632E-1,3.248256683E0,9.458827972E0
9.890500050E1,-1.442872047E0,3.474378586E0,9.406784058E0
9.892511087E1,-1.383649707E0,3.365504980E0,1.037647533E1
9.894522128E1,-6.011967063E-1,2.642274380E0,1.208315659E1
9.896533170E1,1.507478207E-1,2.029113531E0,1.311685562E1
9.898544212E1,-5.922235921E-2,2.350948334E0,1.195633698E1
9.900555253E1,-7.603194118E-1,3.173480988E0,1.018923664E1
9.902566290E1,-1.229312658E0,3.179463148E0,9.732806206E0
9.904577331E1,-6.837490797E-1,2.292922258E0,1.134855938E1
9.906588373E1,-1.962114573E-1,1.240080357E0,1.334417343E1
9.908599415E1,-1.345962733E-1,6.053841114E-1,1.428156185E1
9.910610451E1,-8.195417523E-1,6.903293133E-1,1.202273750E1
9.912621493E1,-1.615753531E0,2.067996979E0,8.852845192E0
9.914632535E1,-1.819741607E0,2.542374134E0,5.809175014E0
9.916643576E1,-1.918445587E0,2.664407969E0,6.865606308E0
9.918654613E1,-2.557329178E0,2.280359983E0,9.607182503E0
9.920665654E1,-2.449652195E0,1.586441398E0,1.123190975E1
9.922676696E1,-1.466202021E0,1.238883972E0,1.036092186E1
9.924687738E1,-4.145565331E-1,1.140778184E0,8.670990944E0
9.926698774E1,3.661018610E-1,1.290927768E0,7.311867714E0
9.928709816E1,4.139583111E-1,1.722234130E0,6.290132523E0
9.930720857E1,-1.627119333E-1,2.474776745E0,5.919843197E0
9.932731899E1,-5.736792088E-1,2.734996319E0,7.108478069E0
9.934742936E1,-3.158525825E-1,2.497508526E0,8.349156380E0
9.936753977E1,-2.219343036E-1,2.494517565E0,9.101698875E0
9.938765019E1,-4.558327198E-1,2.678765059E0,9.351749420E0
9.940776061E1,-4.360919297E-1,2.867797852E0,9.457631111E0
9.942787097E1,-5.096712112E-1,3.053839922E0,9.654440880E0
9.944798139E1,-4.127618968E-1,2.827120066E0,1.150768185E1
9.946809180E1,-1.417747438E-1,2.428714991E0,1.264008522E1
9.948820222E1,3.200400174E-1,2.468794823E0,1.131745243E1
9.950831259E1,7.710871100E-1,3.143570662E0,9.537193298E0
9.952842300E1,1.046859860E0,3.290729284E0,8.944969177E0
9.954853342E1,4.019941986E-1,2.834298372E0,1.099083233E1
9.956864384E1,-1.417747438E-1,2.155933142E0,1.401057434E1
9.958875425E1,1.513460279E-1,8.291130662E-1,1.606660843E1
9.960886462E1,1.127019525E0,8.662018180E-1,1.421396446E1
9.962897503E1,1.221535921E0,1.764108539E0,9.915258408E0
9.964908545E1,2.135594189E-1,2.486740828E0,7.643871784E0
9.966919587E1,-1.241276741E0,2.935395241E0,8.126026154E0
9.968930623E1,-2.086541414E0,2.874976397E0,9.664012909E0
9.970941665E1,-8.374879360E-1,2.374278307E0,9.924231529E0
9.972952706E1,1.639681697E0,1.160519004E0,1.029571724E1
9.974963748E1,2.162513494E0,7.022934556E-1,1.094836044E1
9.976974785E1,7.040880919E-1,1.325623751E0,9.936196327E0
9.978985826E1,-6.406782866E-1,2.033899307E0,7.926225185E0
9.980996868E1,-9.595218897E-1,2.690729141E0,6.929614544E0
9.983007910E1,-2.422732860E-1,2.731407166E0,7.097710133E0
9.985018946E1,4.737788737E-1,2.581257343E0,7.327421188E0
9.987029988E1,7.070791125E-1,2.303689957E0,7.341778278E0
9.989041029E1,1.567298770E-1,3.071187973E0,6.200999737E0
9.991052071E1,-9.661021233E-1,3.620938778E0,7.068397999E0
9.993063108E1,-7.184450030E-1,2.774477959E0,1.011505985E1
9.995074149E1,-3.194418252E-1,1.922633052E0,1.187378407E1
9.997085191E1,8.919246197E-1,1.844866276E0,1.013300610E1
9.999096232E1,8.135597110E-1,2.667398930E0,8.478368759E0
1.000110727E2,1.015753269E0,3.252444267E0,7.911269665E0
1.000311831E2,6.753742099E-1,3.946960926E0,8.369495392E0
1.000512935E2,1.698904037E-1,4.061816216E0,8.245666504E0
1.000714039E2,-2.303091735E-1,3.827319860E0,7.760521889E0
1.000915144E2,-1.245464206E0,3.270988464E0,8.858827591E0
1.001116247E2,-1.945963025E0,2.432902336E0,1.222014523E1
1.001317351E2,-8.039883971E-1,7.872386575E-1,1.629691696E1
1.001518456E2,9.625129104E-1,1.399801224E-1,1.647219086E1
1.001719560E2,1.828116536E0,5.150550604E-1,1.232363510E1
1.001920663E2,1.176670551E0,1.586441398E0,8.295916557E0
1.002121768E2,-8.362914920E-1,2.562713146E0,6.851847649E0
1.002322872E2,-2.825923443E0,2.962912560E0,8.212765694E0
1.002523976E2,-3.519243956E0,2.603989124E0,1.021077251E1
1.002725080E2,-2.626721144E0,2.349153519E0,1.048774147E1
1.002926184E2,-1.648056626E0,2.251646042E0,1.012702370E1
1.003127288E2,-1.121037364E0,2.056032896E0,1.030469036E1
1.003328392E2,-6.993024349E-1,1.900499344E0,9.897911072E0
1.003529496E2,-2.434697002E-1,1.703689694E0,9.240483284E0
1.003730600E2,-1.866401732E-1,1.847259045E0,7.969295979E0
1.003931704E2,-1.244267747E-1,2.032104731E0,6.989434719E0
1.004132808E2,-3.822534084E-1,2.367099762E0,7.147959232E0
1.004333912E2,-7.722834945E-1,2.723630428E0,6.945167542E0
1.004535016E2,-1.108475089E0,3.084946632E0,6.750751019E0
1.004736120E2,-1.163509965E0,3.334996462E0,6.665805817E0
1.004937224E2,-1.153938770E0,3.635295868E0,6.482156754E0
1.005138328E2,-1.538584948E0,4.015754700E0,6.543173313E0
1.005339433E2,-1.709671736E0,4.083950043E0,7.968099594E0
1.005540536E2,-1.264008522E0,3.492922783E0,9.941579819E0
1.005741640E2,2.117647976E-1,2.533999205E0,1.083111191E1
1.005942745E2,1.266999602E0,2.498705149E0,1.243191051E1
1.006143849E2,1.108475089E0,2.985046148E0,1.437906933E1
1.006344953E2,2.907279432E-1,3.122633457E0,1.572383595E1
1.006546057E2,-5.802594870E-2,2.609373093E0,1.509272861E1
1.006747161E2,-8.745766878E-1,2.596212626E0,1.295653629E1
1.006948265E2,-1.989033818E0,3.233899832E0,1.025324535E1
1.007149369E2,-2.324627161E0,3.867399693E0,7.981858253E0
1.007350473E2,-1.871785522E0,3.758526087E0,7.509873867E0
1.007551577E2,-1.346560955E0,3.440280676E0,7.744968891E0
1.007752681E2,-9.254241586E-1,2.822932482E0,8.454441071E0
1.007953785E2,-4.582255483E-1,2.243271112E0,8.703293800E0
1.008154889E2,-1.645065546E-1,1.945963025E0,8.588438988E0
1.008355993E2,-3.278166950E-1,2.013560295E0,8.257631302E0
1.008557097E2,-5.551348329E-1,2.087139606E0,8.437092781E0
1.008758201E2,-3.852444589E-1,1.929213285E0,8.627920151E0
1.008959306E2,-6.699903309E-2,1.751546144E0,8.373085022E0
1.009160409E2,-3.164508045E-1,1.971087694E0,7.522436142E0
1.009361513E2,-6.885347366E-1,2.505883455E0,6.706483841E0
1.009562618E2,-4.983053207E-1,2.975475073E0,6.153741837E0
1.009763722E2,-5.324030295E-2,2.993421078E0,6.725028038E0
1.009964826E2,-1.908276081E-1,2.680559635E0,9.004789352E0
1.010165929E2,-4.971089065E-1,2.449054003E0,1.069232845E1
1.010367034E2,-5.473581553E-1,2.537588358E0,9.958928108E0
1.010568138E2,-8.823533654E-1,2.867797852E0,9.452845573E0
1.010769242E2,-1.049850941E0,2.918645382E0,1.026760197E1
1.010970346E2,-9.960124493E-1,2.523231506E0,1.167876911E1
1.011171450E2,-3.212364316E-1,2.062014818E0,1.267478180E1
1.011372554E2,4.773681164E-1,1.748555183E0,1.184686470E1
1.011573658E2,1.232303679E-1,2.056631088E0,1.039023399E1
1.011774762E2,-1.028315544E0,2.297109842E0,1.009890842E1
1.011975866E2,-1.947757602E0,1.968096614E0,1.187916756E1
1.012176970E2,-1.672582984E0,1.098903775E0,1.347757339E1
1.012378074E2,-6.568298340E-1,1.094118118E0,1.269870949E1
1.012579178E2,-6.909275651E-1,1.563709617E0,1.075454140E1
1.012780283E2,-1.262213945E0,2.137388945E0,9.391828537E0
1.012981387E2,-1.820339799E0,2.302493572E0,8.653044701E0
1.013182490E2,-2.351546526E0,2.490330219E0,8.271987915E0
1.013383595E2,-2.231905222E0,2.432304144E0,7.891529083E0
1.013584699E2,-2.078764677E0,2.505285263E0,7.860422611E0
1.013785803E2,-1.600200176E0,2.252842426E0,8.219944000E0
1.013986907E2,-6.687939167E-1,1.664208174E0,8.309675217E0
1.014188011E2,-1.866401732E-1,1.298704505E0,7.941180229E0
1.014389115E2,-7.926225066E-1,1.478166223E0,7.871190071E0
1.014590219E2,-7.746763229E-1,1.681556106E0,9.062217712E0
1.014791323E2,-1.375873089E-1,1.572084427E0,9.718449593E0
1.014992427E2,4.899304509E-1,1.922633052E0,8.468199730E0
1.015193531E2,9.810572863E-2,2.734996319E0,7.316055298E0
1.015394635E2,-1.340578914E0,3.501895905E0,7.456633568E0
1.015595739E2,-2.145763636E0,3.494717360E0,9.667003632E0
1.015796844E2,-1.247856975E0,2.364108801E0,1.300858021E1
1.015997948E2,2.602194548E-1,1.366301775E0,1.503709602E1
1.016199052E2,1.094118118E0,1.243071318E0,1.417867088E1
1.016400156E2,7.441678643E-1,1.945364833E0,1.201555920E1
1.016601260E2,3.200400174E-1,2.649452925E0,1.058644581E1
1.016802364E2,3.463610709E-1,3.153740168E0,9.710672379E0
1.017003468E2,1.179063320E0,2.994617462E0,9.937990189E0
1.017204572E2,1.783849239E0,2.343171597E0,1.144546890E1
1.017405676E2,1.395015597E0,1.214955688E0,1.385743427E1
1.017606780E2,1.153938770E0,7.633104324E-1,1.438325691E1
1.017807884E2,1.347159147E0,1.624726534E0,1.110568810E1
1.018008988E2,1.073180914E0,3.008376360E0,7.039684296E0
1.018210093E2,9.296116233E-1,3.936791420E0,5.694319725E0
1.018411197E2,5.515456200E-1,4.057629108E0,6.114858150E0
1.018612300E2,6.436693072E-1,3.331407309E0,7.844869137E0
1.018813404E2,9.846464992E-1,2.590828657E0,8.565108299E0
1.019014509E2,8.811569214E-1,2.551945448E0,8.163114548E0
1.019215613E2,1.627119333E-1,2.701496840E0,8.335397720E0
1.019416717E2,6.053841114E-1,2.351546526E0,8.902496338E0
1.019617821E2,1.523031592E0,2.116451740E0,9.047860146E0
1.019818925E2,1.668993831E0,2.287538528E0,7.947760582E0
1.020020029E2,1.359123230E0,2.528615236E0,6.464210510E0
1.020221133E2,6.095715761E-1,2.885145903E0,5.726024628E0
1.020422237E2,-7.597211748E-2,3.166302681E0,7.011568546E0
1.020623341E2,-3.589234129E-2,2.919243574E0,9.206983566E0
1.020824446E2,5.682953596E-1,2.777468920E0,9.931410789E0
1.021025549E2,1.197009563E0,2.808575630E0,9.842875481E0
1.021226653E2,1.303490162E0,2.890529871E0,9.829715729E0
1.021427758E2,1.363908887E0,2.846860647E0,9.788438797E0
1.021628862E2,1.394417405E0,2.633899450E0,1.001396275E1
1.021829966E2,1.390229940E0,2.400599241E0,1.122652531E1
1.022031070E2,1.214955688E0,2.897109985E0,1.184746265E1
1.022232174E2,7.878368497E-1,3.606581926E0,1.045902824E1
1.022433278E2,1.525424421E-1,3.704687595E0,9.629914284E0
1.022634382E2,9.511470050E-2,2.807379246E0,1.257308674E1
1.022835486E2,1.451246977E0,7.070791125E-1,1.749512291E1
1.023036590E2,2.690729141E0,-4.205385745E-1,1.817169380E1
1.023237695E2,2.195414782E0,1.046859860E0,1.296371460E1
1.023438799E2,4.420739710E-1,3.080759048E0,7.747361660E0
1.023639902E2,-1.228714466E0,4.134199142E0,6.099305153E0
1.023841007E2,-1.703689694E0,3.839283943E0,7.486543655E0
1.024042111E2,-6.592226624E-1,2.655434847E0,8.871390343E0
1.024243215E2,3.152543902E-1,2.006381750E0,9.031708717E0
1.024444319E2,8.913264275E-1,1.712662816E0,8.283353806E0
1.024645423E2,1.303490162E0,1.437488198E0,7.743174076E0
1.024846527E2,1.331007600E0,1.086341500E0,7.811967850E0
1.025047631E2,7.262216806E-1,1.229910851E0,7.956135273E0
1.025248735E2,-2.219343036E-1,1.814955950E0,7.808976650E0
1.025449839E2,-8.883354068E-1,2.341377020E0,7.460222721E0
1.025650944E2,-9.649057388E-1,2.824727058E0,6.948158741E0
1.025852048E2,-3.415754437E-1,2.799004316E0,7.252645493E0
1.026053152E2,8.374879509E-2,2.903690338E0,7.825726509E0
1.026254256E2,-1.776670814E-1,3.672982693E0,7.285546780E0
1.026455360E2,-5.006981492E-1,4.146761417E0,7.434499741E0
1.026656464E2,-5.718846321E-1,4.121636868E0,9.331410408E0
1.026857568E2,4.695914388E-1,3.400201082E0,1.054696369E1
1.027058672E2,1.150349498E0,3.040679455E0,1.019282627E1
1.027259776E2,5.766702294E-1,3.369094372E0,9.574281693E0
1.027460881E2,-4.414757788E-1,3.986442566E0,9.474979401E0
1.027661985E2,2.392822644E-3,3.884149313E0,1.005045319E1
1.027863089E2,1.293918848E0,3.226721287E0,1.052901745E1
1.028064193E2,9.349954724E-1,2.986242771E0,1.116251755E1
1.028265297E2,5.383851007E-2,3.071187973E0,1.143769264E1
1.028466401E2,1.882553220E0,2.187039852E0,1.080120182E1
1.028667505E2,1.597209096E0,1.953739643E0,1.264846039E1
1.028868609E2,1.411765337E0,2.400001049E0,1.094836044E1
1.029069713E2,1.287936807E0,2.714657307E0,9.102297783E0
1.029270818E2,4.540380836E-1,3.400799274E0,8.513663292E0
1.029471922E2,1.668993831E-1,3.768695593E0,7.881958008E0
1.029673026E2,4.444667995E-1,3.686143398E0,7.567301750E0
1.029874130E2,7.280163169E-1,3.355335474E0,8.019545555E0
1.030075234E2,9.254241586E-1,2.900699139E0,8.635697365E0
1.030276338E2,7.836494446E-1,2.688934565E0,8.886942863E0
1.030477442E2,4.307080805E-1,2.659622431E0,9.141778946E0
1.030678546E2,3.343969584E-1,2.565105915E0,8.738588333E0
1.030879650E2,2.925225794E-1,2.440679073E0,8.965308189E0
1.031080754E2,-5.982056609E-4,2.449652195E0,9.715457916E0
1.031281859E2,-2.626122832E-1,2.742773056E0,8.661419868E0
1.031482963E2,-5.228317380E-1,3.052045345E0,7.268796921E0
1.031684067E2,-4.935196638E-1,3.002992392E0,7.076174736E0
1.031885171E2,-5.563312769E-1,2.886342287E0,7.879564762E0
1.032086275E2,-4.462614357E-1,2.831905603E0,8.219346046E0
1.032287380E2,-1.627119333E-1,2.569891453E0,8.723632812E0
1.032488484E2,2.769692242E-1,2.434098721E0,8.706285477E0
1.032689587E2,3.379862010E-1,2.602792740E0,8.684749603E0
1.032890691E2,4.426721931E-1,2.555534601E0,9.024530411E0
1.033091796E2,-1.210768223E0,3.443870068E0,8.013563156E0
1.033292900E2,-1.278963685E0,3.171686411E0,9.600603104E0
1.033494004E2,-7.609176040E-1,3.570689678E0,9.268598557E0
1.033695108E2,-1.169492126E0,3.705883980E0,9.448657990E0
1.033896212E2,-1.375872970E0,2.989831924E0,1.153460121E1
1.034376830E2,1.009771109E0,2.477169752E0,8.497511864E0
1.034577934E2,-7.429714203E-1,2.848057270E0,1.075992489E1
1.034779038E2,-1.963310957E0,2.929413080E0,1.170269775E1
1.034980142E2,-1.239482164E0,2.917448997E0,1.032802105E1
1.035181246E2,-4.935196638E-1,2.938984394E0,8.836095810E0
1.035382351E2,-3.110669553E-1,3.110071182E0,7.689335346E0
1.035583455E2,-4.911268353E-1,3.414557934E0,7.258029461E0
1.035784559E2,-1.364507079E0,3.738187075E0,7.629515171E0
1.035985664E2,-2.373081923E0,3.885345697E0,8.145168304E0
1.036186768E2,-1.839482427E0,3.515056372E0,8.711668968E0
1.036387872E2,-1.006181955E0,3.458825111E0,8.812766075E0
1.036588976E2,-9.505487680E-1,3.585644722E0,9.123832703E0
1.036790080E2,-1.291526079E0,3.742972851E0,9.586245537E0
1.036991185E2,-1.335195065E0,3.659822226E0,1.006062317E1
1.037192289E2,-1.220937729E0,3.480958700E0,9.974481583E0
1.037393393E2,-7.812566161E-1,3.419941664E0,9.589835167E0
1.037594497E2,-6.879364848E-1,3.510270834E0,9.443274498E0
1.037795601E2,-1.397408366E0,4.185046673E0,8.286344528E0
1.037996705E2,-1.532602906E0,4.499104977E0,8.739784241E0
1.038197810E2,4.001995921E-1,3.446861029E0,1.174696445E1
1.038398914E2,3.152543902E-1,2.767897606E0,1.433958817E1
1.038600018E2,-1.018744230E0,2.361716032E0,1.475952816E1
1.038801123E2,-1.278963685E0,2.621337175E0,1.267956734E1
1.039002227E2,-5.850451589E-1,2.593221426E0,1.248275757E1
1.039203331E2,4.127618968E-1,2.166700840E0,1.278305721E1
1.039404435E2,-9.481559992E-1,2.828914642E0,1.046800041E1
1.039605539E2,-3.757329702E0,3.665206194E0,9.979267120E0
1.039806643E2,-4.909473896E0,2.976671457E0,1.134676456E1
1.040007748E2,-2.939582586E0,1.625324726E0,1.267896938E1
1.040208852E2,-1.206580877E0,8.117650747E-1,1.177268696E1
1.040409956E2,-2.530410051E0,1.764108539E0,8.649456024E0
1.040611060E2,-3.860819340E0,2.552543640E0,7.460222721E0
1.040812164E2,-2.067398787E0,1.965105653E0,8.006982803E0
1.041013268E2,-2.183450609E-1,1.152742267E0,9.477372169E0
1.041214373E2,-5.982056609E-4,8.620143533E-1,1.033639526E1
1.041415477E2,-8.195417523E-1,1.481157184E0,9.750752449E0
1.041616581E2,-7.812566161E-1,1.738385677E0,9.282357216E0
1.041817686E2,2.644068897E-1,1.508674622E0,9.726823807E0
1.042018790E2,1.172483087E0,1.295115232E0,9.781260490E0
1.042219894E2,1.355534077E0,1.398006678E0,8.544171333E0
1.042420998E2,2.584248483E-1,2.173879385E0,7.106683254E0
1.042622102E2,-8.380861282E-1,2.708675146E0,7.115057945E0
1.042823206E2,-1.465603858E-1,2.687737942E0,9.495318413E0
1.043024311E2,2.105683982E-1,1.943570137E0,1.120857906E1
1.043225415E2,-6.484549642E-1,2.400001049E0,9.181859016E0
1.043426519E2,-8.398807645E-1,2.950350285E0,6.905686378E0
1.043627623E2,-7.932206988E-1,2.841476917E0,8.215756416E0
1.043828727E2,-3.266801119E0,3.661018610E0,1.018744278E1
1.044029832E2,-4.073780537E0,3.876971006E0,9.640682220E0
1.044230936E2,-6.340979934E-1,2.812164783E0,8.694919586E0
1.044432040E2,3.766302824E0,1.610369682E0,9.734002113E0
1.044633144E2,4.596612453E0,2.088335991E0,1.151725388E1
1.044834249E2,3.235694408E0,2.941975355E0,1.123430252E1
1.045035353E2,2.257628202E0,3.053839922E0,1.041835022E1
1.045236457E2,2.846262455E0,2.266601324E0,1.215075302E1
1.045437561E2,2.873780012E0,1.637288928E0,1.388734436E1
1.045638665E2,2.926422119E0,1.228714466E0,1.377966785E1
1.045839769E2,1.866401672E0,1.237687469E0,1.264427280E1
1.046040874E2,-4.336991012E-1,2.100300074E0,9.956535339E0
1.046241978E2,-3.469592810E0,3.596412420E0,7.027122021E0
1.046443082E2,-3.512663603E0,4.518845558E0,4.889732838E0
1.046644186E2,-9.517452121E-1,3.559921980E0,5.058426857E0
1.046845290E2,1.164706469E0,2.508276224E0,6.454638958E0
1.047046394E2,2.667398930E0,1.899302959E0,7.386045456E0
1.047247499E2,1.532602906E0,1.817947030E0,8.128418922E0
1.047448603E2,-3.804588020E-1,2.135594130E0,8.860622406E0
1.047649707E2,-8.344969153E-1,2.124228239E0,8.568099976E0
1.047850811E2,-1.538584948E0,2.544766903E0,8.998209953E0
1.048051915E2,-1.905883193E0,3.119044304E0,9.589835167E0
1.048253020E2,2.560320199E-1,2.528615236E0,9.909276962E0
1.048454124E2,3.030509949E0,1.283151150E0,9.675378799E0
1.048655228E2,2.492722988E0,1.245464206E0,1.068514919E1
1.048856332E2,3.433700502E-1,1.736590981E0,1.267896938E1
1.049057437E2,8.973084688E-1,1.914856315E0,1.342911911E1
1.049258541E2,2.187638044E0,1.801795483E0,1.185703468E1
1.049459645E2,1.876571178E0,2.723032236E0,1.073898792E1
1.049660749E2,4.923232496E-1,3.342175007E0,9.904491425E0
1.049861853E2,-1.905883193E0,3.495315790E0,1.110389328E1
1.050062957E2,-2.600399971E0,3.053839922E0,1.344108295E1
1.050264062E2,-5.347958803E-1,1.949552298E0,1.341476154E1
1.050465166E2,2.243271112E0,1.585843205E0,1.098784161E1
1.050666270E2,2.912065268E0,1.893919110E0,8.076972961E0
1.050867374E2,9.780662656E-1,2.367099762E0,6.801000118E0
1.051068478E2,4.067798331E-2,2.138585329E0,7.779664516E0
1.051269582E2,8.213363886E-1,1.445863128E0,8.734998703E0
1.051470687E2,2.011167526E0,1.089930773E0,8.112865448E0
1.051671791E2,2.532802820E0,1.074377418E0,7.005586624E0
1.051872895E2,-2.602194548E-1,1.362712502E0,5.820540905E0
1.052073999E2,-3.255435228E0,2.608774900E0,5.959922791E0
1.052275103E2,-1.636690736E0,2.043470621E0,7.110272408E0
1.052476207E2,1.436291814E0,1.154536963E0,7.128218651E0
1.052677312E2,1.461416483E0,1.020538807E0,6.600601196E0
1.052878416E2,-6.394818425E-1,1.810768485E0,6.324828625E0
1.053079520E2,-1.630708575E0,2.511267424E0,7.667201996E0
1.053280624E2,-7.214360237E-1,2.334198475E0,9.633503914E0
1.053481728E2,-2.632104978E-2,2.386840582E0,9.809376717E0
1.053682832E2,-1.579262912E-1,2.980260611E0,9.119645119E0
1.053883937E2,-4.648058116E-1,3.509672642E0,1.014377308E1
1.054085041E2,-1.553540111E0,3.764508247E0,1.224287701E1
1.054286145E2,-1.645065546E0,3.368496180E0,1.483490181E1
1.054487249E2,-1.460818172E0,2.881556749E0,1.641536140E1
1.054688353E2,-1.137188911E0,3.013161898E0,1.541875076E1
1.054889457E2,-1.378864050E0,3.031108141E0,1.406501102E1
1.055090562E2,-1.226321578E0,2.959921598E0,1.203948689E1
1.055291666E2,-4.019941986E-1,3.020938635E0,9.388239861E0
1.055492770E2,3.409772217E-1,2.903092146E0,7.630113125E0
1.055693874E2,1.290329576E0,1.700100541E0,1.017727280E1
1.055894978E2,9.924231768E-1,1.256231871E-2,1.473081398E1
1.056096082E2,-6.652047038E-1,-2.512463629E-1,1.430728436E1
1.056297187E2,-1.990828395E0,6.574280262E-1,1.001635551E1
1.056498291E2,-2.860619545E0,1.450648785E0,7.382455826E0
1.056699395E2,-2.551945448E0,1.532004714E0,7.329813957E0
1.056900499E2,-1.659422517E0,8.524430394E-1,8.889336586E0
1.057101603E2,-1.678565025E0,6.681957245E-1,9.926624298E0
1.057302707E2,-1.907677889E0,8.650053740E-1,9.541978836E0
1.057503812E2,-8.350951076E-1,7.645068169E-1,8.313263893E0
1.057704916E2,6.987041831E-1,1.668993831E-1,9.265008926E0
1.057906020E2,3.397808075E-1,2.057827413E-1,1.235534000E1
1.058107124E2,-1.329213023E0,8.823533654E-1,1.184447193E1
1.058308228E2,-2.287538528E0,2.360519648E0,8.087141991E0
1.058509332E2,-2.871387243E0,3.672982693E0,6.003592014E0
1.058710437E2,-8.410771489E-1,3.212364435E0,6.399005890E0
1.058911541E2,1.168295622E0,1.494915962E0,9.121439934E0
1.059112645E2,4.929214716E-1,1.313659668E0,1.025384331E1
1.059313749E2,-2.089532375E0,2.882753134E0,1.067019463E1
1.059514853E2,-2.293520451E0,3.018545866E0,1.369532013E1
1.059715957E2,-8.835497499E-1,1.917847395E0,1.460878086E1
1.059917062E2,6.406782866E-1,1.754537225E0,1.168893814E1
1.060118166E2,5.276173949E-1,2.774477959E0,1.037049294E1
1.060319270E2,-8.715856671E-1,3.404986620E0,1.017607689E1
1.060520374E2,-1.097707391E0,3.510869026E0,8.688339233E0
1.060721478E2,-4.426721931E-1,3.270988464E0,6.851249218E0
1.060922582E2,2.123630047E-1,2.921038151E0,5.755934715E0
1.061123687E2,-8.315058947E-1,2.955136061E0,8.382656097E0
1.061324791E2,-1.566700578E0,2.897708178E0,1.106501007E1
1.061525895E2,-4.426721931E-1,2.340778828E0,1.038305569E1
1.061726999E2,4.372883439E-1,2.184048891E0,8.993423462E0
1.061928103E2,3.595215976E-1,2.207378864E0,7.938787460E0
1.062129207E2,2.745763958E-1,2.030908108E0,7.713861942E0
1.062330312E2,2.075773627E-1,2.063809633E0,7.346563816E0
1.062531416E2,1.704886109E-1,2.382055044E0,6.524031162E0
1.062732520E2,1.902294010E-1,2.788236618E0,5.583053589E0
1.062933624E2,3.349951804E-1,3.200400352E0,5.351547718E0
1.063134728E2,-1.962114573E-1,3.577269793E0,6.506682873E0
1.063335832E2,-3.954139352E-1,3.701696634E0,7.488936901E0
1.063536937E2,-8.847461939E-1,3.748356581E0,8.712266922E0
1.063738041E2,-2.041675806E0,4.202992916E0,9.801599503E0
1.063939145E2,-3.162115097E0,4.576871395E0,1.095314598E1
1.064140249E2,-1.403390527E0,4.116851330E0,1.127438164E1
1.064341353E2,1.548754454E0,3.476771355E0,1.077428246E1
1.064542457E2,2.177468538E0,3.316452265E0,1.051765156E1
1.064743562E2,8.141579032E-1,3.406781197E0,1.100040436E1
1.064944666E2,2.093719877E-2,3.357728481E0,1.113320541E1
1.065145770E2,8.069794178E-1,3.173480988E0,1.054935646E1
1.065346874E2,1.893919110E0,3.214757204E0,9.080761909E0
1.065547978E2,7.896314561E-2,3.960719585E0,7.048657417E0
1.065749082E2,-3.119044304E0,4.524229527E0,8.233104706E0
1.065950187E2,-4.415954113E0,4.045664787E0,9.518050194E0
1.066151291E2,-3.058027267E0,2.985046148E0,9.669994354E0
1.066352395E2,-6.687939167E-1,2.236690998E0,9.265008926E0
1.066553499E2,3.475574851E-1,2.054836512E0,8.713463783E0
1.066754603E2,1.381855011E-1,2.232503414E0,8.656634331E0
1.066955707E2,-9.212367237E-2,1.973480463E0,9.370891571E0
1.067156812E2,-2.380858511E-1,1.669592023E0,1.147119141E1
1.067357915E2,-7.776673883E-2,1.732403636E0,1.271486092E1
1.067559019E2,1.040877849E-1,2.477169752E0,1.040339470E1
1.067760124E2,4.319044948E-1,3.190829039E0,7.468597889E0
1.067961228E2,1.495514158E-2,3.506681681E0,6.944569588E0
1.068162332E2,-1.290927768E0,3.792623997E0,8.376673698E0
1.068363436E2,-1.350748420E0,3.955335855E0,8.550153732E0
1.068564540E2,4.426721856E-2,3.868596077E0,8.327022552E0
1.068765644E2,1.160519004E0,3.464209080E0,8.891729355E0
1.068966749E2,1.210170031E0,3.099901676E0,1.006839943E1
1.069167853E2,6.610172391E-1,2.440080881E0,1.172782230E1
1.069368957E2,-6.017948985E-1,2.596212626E0,1.279143143E1
1.069570061E2,-1.834098577E0,3.753740549E0,1.186720371E1
1.069771165E2,-6.921239495E-1,3.427120209E0,1.157827091E1
1.069972269E2,6.101697683E-2,2.944966555E0,1.180738354E1
1.070173374E2,-1.633101404E-1,3.123231649E0,1.040279675E1
1.070374478E2,-1.807179332E0,4.030111313E0,7.747959614E0
1.070575582E2,-3.204587698E0,4.715655327E0,6.538986206E0
1.070776686E2,-3.305684566E0,4.256233215E0,8.127222061E0
1.070977790E2,-2.158924341E0,3.139383316E0,1.031605625E1
1.071178894E2,-7.902296782E-1,2.412563324E0,1.123549843E1
1.071379999E2,-3.014956415E-1,2.298306227E0,1.103749275E1
1.071581103E2,-8.141579032E-1,2.658426046E0,1.000798035E1
1.071782207E2,-1.009771109E0,2.858824968E0,8.536993027E0
1.071983311E2,-7.812566161E-1,2.770290375E0,8.037490845E0
1.072184415E2,-7.980063558E-1,2.840878725E0,7.760521889E0
1.072385519E2,-1.965703845E0,3.360121250E0,6.704689026E0
1.072586624E2,-3.096910715E0,3.812962770E0,5.907280922E0
1.072787728E2,-3.223132133E0,4.027120590E0,6.873981476E0
1.072988832E2,-1.429113269E0,3.302693367E0,8.977272034E0
1.073189936E2,2.434697002E-1,2.910868645E0,9.499505997E0
1.073391040E2,-7.477571070E-2,3.765704632E0,8.096115112E0
1.073592144E2,-8.799605370E-1,4.798207760E0,7.228717327E0
1.073793248E2,-1.224527001E0,5.297709465E0,7.550551891E0
1.073994352E2,-1.347159147E0,5.436492920E0,9.139984131E0
1.074195456E2,-1.016351461E0,5.176273346E0,1.029093170E1
1.074396561E2,-2.506481707E-1,4.844269276E0,1.041176987E1
1.074597665E2,1.657029688E-1,4.873581409E0,8.111668587E0
1.074798769E2,-1.657029688E-1,4.874179840E0,7.688138962E0
1.074999873E2,-1.256231815E-1,3.698705673E0,1.222433281E1
1.075200977E2,-1.429711580E-1,2.863610506E0,1.609651756E1
1.075402081E2,-2.931207791E-2,3.443271875E0,1.222552872E1
1.075603186E2,-3.152543902E-1,4.605585575E0,7.919644833E0
1.075804290E2,-4.408775866E-1,5.017749310E0,6.765107632E0
1.076005394E2,-1.322034448E-1,4.335794449E0,8.006384850E0
1.076206498E2,-4.366901144E-2,3.793222189E0,9.119047165E0
1.076407602E2,-3.296113312E-1,3.690330744E0,8.958129883E0
1.076608706E2,3.571287692E-1,3.808177233E0,8.713463783E0
1.076809811E2,1.450648785E0,3.707080364E0,8.644669533E0
1.077010915E2,8.273184299E-1,3.775275946E0,8.800203323E0
1.077212019E2,-8.231309652E-1,4.044468403E0,9.750752449E0
1.077413123E2,-1.189831018E0,3.761517286E0,1.012104130E1
1.077614227E2,7.585247755E-1,3.367897987E0,8.465208054E0
1.077815331E2,2.965903759E0,2.784647465E0,7.656434059E0
1.078016436E2,3.210569859E0,2.748754978E0,6.759724140E0
1.078217540E2,1.277169108E0,3.169293642E0,6.178866386E0
1.078418644E2,-1.668993831E-1,3.501297712E0,7.074978352E0
1.078619748E2,-2.721835673E-1,3.471387386E0,8.561519623E0
1.078820852E2,2.297109663E-1,2.937189817E0,1.116191959E1
1.079021956E2,2.434697002E-1,2.693121910E0,1.281236839E1
1.079223061E2,1.537388563E-1,2.741576433E0,1.304028511E1
1.079424165E2,-6.993024349E-1,3.277568817E0,1.310249901E1
1.079625269E2,-8.410771489E-1,4.246662140E0,1.073838997E1
1.079826373E2,5.545366406E-1,4.286741734E0,8.021339417E0
1.080027477E2,1.223928809E0,3.770490170E0,9.121439934E0
1.080228581E2,2.817548811E-1,3.404986620E0,1.043629551E1
1.080429685E2,-3.367897868E-1,3.694518089E0,9.546764374E0
1.080630789E2,-2.344966233E-1,3.381058455E0,9.415757179E0
1.080831893E2,-2.757728100E-1,2.963510752E0,1.070309544E1
1.081032998E2,1.794617064E-2,2.565105915E0,1.061097240E1
1.081234102E2,-1.962114573E-1,2.821736097E0,9.479764938E0
1.081435206E2,-3.110669553E-1,3.147160053E0,8.234300613E0
1.081636310E2,-2.141576260E-1,3.440878868E0,7.159325123E0
1.081837414E2,-3.272185028E-1,3.613760471E0,7.194619656E0
1.082038518E2,-9.990034252E-2,3.588635683E0,8.066205025E0
1.082239623E2,6.586244106E-1,2.856431961E0,9.245866776E0
1.082440727E2,9.403793216E-1,2.191825628E0,9.588040352E0
1.082641831E2,1.220339537E-1,2.131406784E0,8.840881348E0
1.082842935E2,-5.904290080E-1,2.500499725E0,7.657630444E0
1.083044039E2,-2.273181453E-2,2.373081923E0,7.376473904E0
1.083245143E2,1.033699393E0,1.958525300E0,7.368697166E0
1.083446248E2,8.721838593E-1,2.099701881E0,6.945167542E0
1.083647352E2,-3.206382394E-1,2.953939438E0,6.458826542E0
1.083848456E2,-1.051645517E0,3.544966698E0,6.661618233E0
1.084049560E2,-1.112662554E0,4.116851330E0,6.391229153E0
1.084250664E2,-9.080761671E-1,4.600799561E0,6.617949009E0
1.084451768E2,-6.598208547E-1,4.614558697E0,8.985647202E0
1.084652873E2,-1.459621787E-1,4.500301361E0,1.220578861E1
1.084853977E2,8.362914920E-1,4.228117466E0,1.381017590E1
1.085055081E2,2.397608280E0,3.988835335E0,1.365823174E1
1.085256185E2,2.600998163E0,4.316053867E0,1.231825066E1
1.085457289E2,8.099704385E-1,4.922634602E0,1.102911758E1
1.085658393E2,-6.705885530E-1,4.822135925E0,1.227876949E1
1.085859498E2,6.843472719E-1,3.181257725E0,1.334776306E1
1.086060602E2,3.165704250E0,2.108076811E0,1.295175076E1
1.086261706E2,3.887738705E0,1.566700578E0,1.184447193E1
1.086462810E2,2.361716032E0,2.005185366E0,1.035015392E1
1.086663914E2,-4.845465720E-2,2.290529490E0,1.017906761E1
1.086865018E2,-8.464609981E-1,2.078166485E0,1.002473068E1
1.087066123E2,7.716853172E-2,1.435693622E0,9.477970123E0
1.087267227E2,1.153340459E0,9.942178130E-1,8.478368759E0
1.087468331E2,6.287141442E-1,1.290927768E0,7.419544697E0
1.087669435E2,-6.975077987E-1,2.007578135E0,6.442076683E0
1.087870539E2,-1.135394335E0,2.151745796E0,6.811169624E0
1.088071643E2,-9.320043921E-1,2.026720762E0,8.416753769E0
1.088272748E2,-3.750749528E-1,2.097907305E0,7.971688747E0
1.088473852E2,1.112662554E-1,2.132004976E0,7.412366390E0
1.088674956E2,2.991028316E-2,2.368296146E0,7.177271366E0
1.088876060E2,4.187439755E-2,2.525026083E0,7.202994347E0
1.089077164E2,3.349951804E-1,2.700898647E0,7.856235027E0
1.089278268E2,5.892325640E-1,2.988037348E0,9.163313866E0
1.089479373E2,1.343569875E0,2.973082066E0,1.007617569E1
1.089680477E2,2.101496458E0,2.893520832E0,1.019103146E1
1.089881581E2,1.558325768E0,3.114258766E0,1.049073315E1
1.090082685E2,7.405785918E-1,3.121437073E0,1.208794212E1
1.090283789E2,-7.824530005E-1,3.229712248E0,1.298405361E1
1.090484893E2,-9.595218897E-1,3.783052683E0,1.209930801E1
1.090685998E2,6.538388133E-1,2.947957516E0,1.188395405E1
1.090887102E2,1.659422517E0,1.771286964E0,1.389990711E1
1.091088206E2,1.308874011E0,1.700100541E0,1.355952740E1
1.091289310E2,-4.815555513E-1,2.807379246E0,1.051585770E1
1.091490414E2,-2.721835852E0,3.965505362E0,8.335397720E0
1.091691518E2,-3.161516905E0,4.079164505E0,8.108079910E0
1.091892623E2,-2.053041935E0,3.071786165E0,9.066405296E0
1.092093727E2,-7.537391186E-1,2.366501570E0,9.776474953E0
1.092294831E2,-1.204786181E0,2.604587555E0,9.305686951E0
1.092495935E2,-2.139781713E0,3.217748165E0,7.698308468E0
1.092697039E2,-2.754737139E0,3.576073408E0,6.323632240E0
1.092898143E2,-2.269592285E0,3.379862070E0,6.204588890E0
1.093099248E2,-5.300102234E-1,2.781058073E0,7.448258877E0
1.093300352E2,8.356932998E-1,2.420938253E0,8.101499557E0
1.093501456E2,8.554341197E-1,2.855235577E0,7.744370461E0
1.093702560E2,9.349954724E-1,3.840480328E0,6.433701992E0
1.093903664E2,9.846464992E-1,4.255635262E0,5.452046394E0
1.094104768E2,6.191428304E-1,3.838685751E0,7.520641804E0
1.094305873E2,5.318048596E-1,3.142972469E0,1.171406364E1
1.094506977E2,1.518844128E0,2.105684042E0,1.312164116E1
1.094708081E2,2.402393818E0,2.479562521E0,1.096570778E1
1.094909185E2,2.267199516E0,3.615555048E0,8.612366676E0
1.095110289E2,1.477568030E0,4.379463673E0,7.655237675E0
1.095311393E2,8.327022791E-1,4.076173306E0,9.030512810E0
1.095512498E2,7.603194118E-1,3.287738323E0,1.080060291E1
1.095713602E2,1.467398524E0,2.173879385E0,1.264546967E1
1.095914706E2,1.800000787E0,1.933400750E0,1.300558949E1
1.096115811E2,1.450648785E0,2.048256159E0,1.250189972E1
1.096316915E2,8.374879360E-1,2.145763636E0,1.187976646E1
1.096518019E2,7.268198729E-1,2.135594130E0,1.182532978E1
1.096719123E2,8.847461939E-1,2.216950178E0,1.040040398E1
1.096920227E2,1.214955688E0,2.448455811E0,8.870791435E0
1.097121331E2,7.776673883E-2,2.751147747E0,8.541778564E0
1.097322436E2,-1.015154958E0,2.970689297E0,8.474181175E0
1.097523540E2,-6.801598072E-1,2.751147747E0,8.185846329E0
1.097724644E2,5.413761139E-1,2.329412937E0,7.536793232E0
1.097925748E2,1.332802176E0,2.268395901E0,7.430910587E0
1.098126852E2,1.387238979E0,2.697907448E0,7.626523972E0
1.098327956E2,8.745766878E-1,3.172284603E0,7.174280643E0
1.098529061E2,4.767699242E-1,3.692125320E0,6.300302029E0
1.098730165E2,1.226321608E-1,4.144368649E0,6.240481377E0
1.098931269E2,-2.985046208E-1,4.215555191E0,7.506284714E0
1.099132373E2,-3.876372576E-1,3.913461447E0,9.713065147E0
1.099333477E2,-3.296113312E-1,3.413959742E0,1.020837975E1
1.099534581E2,-1.878365725E-1,3.433102369E0,9.198010445E0
1.099735686E2,2.805584669E-1,3.328416348E0,9.243474007E0
1.099936790E2,1.223928809E0,3.236890793E0,9.666405678E0
1.100137894E2,4.564309120E-1,3.429512978E0,9.319445610E0
1.100338998E2,-8.626125455E-1,3.543172121E0,1.041057301E1
1.100540103E2,-1.287338614E0,2.837887764E0,1.385504150E1
1.100741207E2,-4.713860750E-1,1.713859200E0,1.641296959E1
1.100942311E2,5.503492355E-1,1.572084427E0,1.432403469E1
1.101143415E2,-7.178467698E-3,2.667398930E0,1.028315544E1
1.101344519E2,-1.110867858E0,3.842873096E0,6.905087948E0
1.101545624E2,-1.749153376E0,3.909872293E0,7.389036179E0
1.101746728E2,-1.709073544E0,3.012563705E0,1.007318497E1
1.101947832E2,-1.731207132E0,2.495713949E0,1.172722340E1
1.102148936E2,-1.412363529E0,2.638685226E0,1.188574791E1
1.102350040E2,1.698904037E-1,2.269592285E0,1.023410225E1
1.102551144E2,7.298108935E-1,2.267797709E0,7.787441254E0
1.102752249E2,-2.811566554E-2,2.657229662E0,7.271788120E0
1.102953353E2,-8.973084688E-1,3.125624657E0,8.136195183E0
1.103154457E2,-2.757728100E-1,3.037688255E0,8.338987350E0
1.103355561E2,6.729813814E-1,2.730808735E0,8.142177582E0
1.103556665E2,9.128618240E-1,2.876172781E0,7.426125050E0
1.103757769E2,4.648058116E-1,3.560520172E0,6.845865726E0
1.103958874E2,-7.070791125E-1,3.911068678E0,6.651448727E0
1.104159978E2,-1.374676585E0,4.091128349E0,6.917052269E0
1.104361082E2,-1.088136077E0,3.728615999E0,7.947162151E0
1.104562187E2,-5.389832854E-1,3.550350666E0,8.495717049E0
1.104763291E2,-4.995017350E-1,3.857230186E0,8.934800148E0
1.104964395E2,-7.166503668E-1,4.216153622E0,9.374481201E0
1.105165499E2,-3.852444589E-1,4.379463673E0,8.600402832E0
1.105366603E2,3.936193287E-1,4.323830605E0,8.781659126E0
1.105567707E2,-2.985046208E-1,3.705285788E0,1.204068375E1
1.105768812E2,-7.980063558E-1,3.297309637E0,1.421157169E1
1.105969916E2,-4.169493318E-1,2.883949518E0,1.270588779E1
1.106171020E2,6.053841114E-1,2.592025042E0,1.140897846E1
1.106372125E2,1.825125456E0,2.154138565E0,1.065822983E1
1.106573229E2,2.166102648E0,1.788634896E0,1.046919727E1
1.106774333E2,1.694118381E0,1.883151412E0,9.715457916E0
1.106975437E2,1.041476011E0,2.141576290E0,9.071190834E0
1.107176541E2,1.200598717E0,2.022533417E0,8.660821915E0
1.107377645E2,1.292722464E0,1.956730723E0,8.368298531E0
1.107578750E2,1.289731383E0,1.996212244E0,8.124829292E0
1.107779854E2,1.457827210E0,1.995015860E0,7.645068169E0
1.107980958E2,7.932206988E-1,2.230110645E0,7.216753006E0
1.108182062E2,0.000000000E0,2.621935368E0,6.552146435E0
1.108383166E2,-3.098705411E-1,2.832503796E0,5.959324837E0
1.108584271E2,-4.504488707E-1,3.024527788E0,6.144170284E0
1.108785375E2,-8.075776696E-2,2.855235577E0,6.914061069E0
1.108986479E2,-7.058826834E-2,2.796611547E0,7.861618996E0
1.109187583E2,-6.346961856E-1,2.855833769E0,8.797212601E0
1.109388688E2,-9.762716293E-1,2.973082066E0,1.017607689E1
1.109589792E2,-8.745766878E-1,3.056232691E0,1.102493000E1
1.109790896E2,-5.318048596E-1,3.124428272E0,1.102014446E1
1.109992000E2,-3.625126183E-1,3.211168051E0,1.135932732E1
1.110193104E2,-2.662015259E-1,3.399602890E0,1.228594780E1
1.110394208E2,-5.401797295E-1,3.499503136E0,1.324786282E1
1.110595313E2,-6.143572330E-1,2.976073265E0,1.423131275E1
1.110796417E2,-8.835497499E-1,3.014358282E0,1.280339622E1
1.110997522E2,-1.718644857E0,3.576671600E0,1.118584728E1
1.111198626E2,-2.388635159E0,2.944368362E0,1.250608730E1
1.111399730E2,-1.245464206E0,1.003789067E0,1.511127281E1
1.111600834E2,1.238285661E0,-1.597209126E-1,1.478166199E1
1.111801938E2,2.013560295E0,6.556333899E-1,1.017188931E1
1.112003042E2,6.873382926E-1,2.174477577E0,6.757929325E0
1.112204147E2,-1.120439172E0,3.174677372E0,5.818746567E0
1.112405251E2,-2.165504456E0,3.165106058E0,7.329215527E0
1.112606355E2,-2.381456852E0,2.830111027E0,8.794221878E0
1.112807460E2,-1.756331801E0,2.707478762E0,8.246265411E0
1.113008564E2,-1.308874011E0,2.782852650E0,7.746165276E0
1.113209668E2,-1.246062398E0,2.722434044E0,8.573483467E0
1.113410772E2,-1.115055323E0,2.420340061E0,9.579067230E0
1.113611876E2,-4.420739710E-1,2.100300074E0,8.505886078E0
1.113812981E2,3.391826153E-1,2.649452925E0,3.784847260E0
1.114014085E2,2.907279432E-1,3.252444267E0,3.724428415E0
1.114215189E2,1.758724600E-1,2.744567633E0,6.590431690E0
1.114416293E2,-1.316052526E-1,2.764906645E0,7.968099594E0
1.114617398E2,-5.330012441E-1,3.279961586E0,7.405188084E0
1.114818502E2,-9.068797827E-1,3.660420418E0,8.119445801E0
1.115019606E2,-1.057029366E0,4.071985722E0,1.014855862E1
1.115220710E2,-4.839483798E-1,3.611367464E0,1.215194988E1
1.115421815E2,5.521438122E-1,3.174677372E0,1.291406345E1
1.115622919E2,6.334998012E-1,3.228515863E0,1.249831104E1
1.115824023E2,8.350951076E-1,3.288336515E0,1.225902843E1
1.116025127E2,2.061416626E0,3.093321562E0,1.234277725E1
1.116226231E2,2.231307030E0,3.306880951E0,1.219502068E1
1.116427336E2,8.913264275E-1,3.848257065E0,1.125523949E1
1.116628440E2,-7.148557901E-1,3.934398651E0,1.126481056E1
1.116829544E2,-1.889133453E0,3.726222992E0,1.226082325E1
1.117030649E2,-6.185446382E-1,3.349353552E0,1.144068336E1
1.117231753E2,1.135992527E0,2.818745136E0,9.699904442E0
1.117432857E2,1.103689432E0,2.806182861E0,8.486145973E0
1.117633961E2,-2.195414752E-1,2.989831924E0,8.163114548E0
1.117835065E2,-1.140179992E0,2.902493954E0,7.826324463E0
1.118036169E2,-1.094118118E0,2.653640270E0,6.809973240E0
1.118237274E2,-6.346961856E-1,2.464009047E0,6.580860615E0
1.118438378E2,-1.615155339E-1,2.161317110E0,6.943971157E0
1.118639482E2,1.076770201E-1,2.077568293E0,7.790432453E0
1.118840587E2,-7.256234884E-1,2.213959217E0,8.267800331E0
1.119041691E2,-1.983649969E0,2.830111027E0,7.390830994E0
1.119242795E2,-2.444268227E0,3.560520172E0,6.369095802E0
1.119443899E2,-6.640082598E-1,3.014956474E0,7.908876896E0
1.119645004E2,1.744367719E0,1.698904037E0,1.204307652E1
1.119846108E2,1.877767563E0,8.560323119E-1,1.324367523E1
1.120047212E2,1.216152072E0,1.811366796E0,9.999007225E0
1.120248316E2,7.082754970E-1,3.250649452E0,7.397411346E0
1.120449420E2,4.857429862E-1,3.427718401E0,8.577671051E0
1.120650525E2,3.296113312E-1,3.457030535E0,9.757930756E0
1.120851629E2,-4.223332107E-1,3.499503136E0,1.128275681E1
1.121052733E2,-1.394417405E0,3.626920938E0,1.138205910E1
1.121253838E2,-1.984248161E0,4.159324169E0,1.071206856E1
1.121454942E2,-1.861616015E0,4.064209461E0,1.161476135E1
1.121656046E2,-1.220937729E0,3.413959742E0,1.325264835E1
1.121857150E2,-1.274178028E0,3.021536827E0,1.377189064E1
1.122058255E2,-1.240080357E0,2.961117983E0,1.305823135E1
1.122259359E2,-1.069591761E0,2.685345173E0,1.237567902E1
1.122460463E2,-3.260220885E-1,2.130210400E0,1.152263737E1
1.122661567E2,-1.016949583E-2,2.053041935E0,9.952347755E0
1.122862672E2,-1.054636598E0,2.977269650E0,8.271389961E0
1.123063776E2,-1.914258122E0,3.706482172E0,6.780063152E0
1.123264880E2,-1.902892232E0,3.678964853E0,6.620940208E0
1.123465985E2,-1.665404558E0,3.381656647E0,7.469195843E0
1.123667089E2,-1.567897081E0,3.122035265E0,7.905886173E0
1.123868193E2,-1.360319614E0,2.979064226E0,7.779066563E0
1.124069297E2,-1.059422255E0,2.823530674E0,7.180262566E0
1.124270402E2,-4.707878530E-1,2.485544443E0,7.060023308E0
1.124471506E2,1.674975902E-1,2.145165443E0,7.007979393E0
1.124672610E2,7.238288224E-2,2.295315027E0,6.384050846E0
1.124873714E2,-7.399803996E-1,3.017947674E0,5.330610752E0
1.125074818E2,-1.627119422E0,3.775874138E0,4.923232555E0
1.125275923E2,-2.093719721E0,3.993022680E0,5.394020557E0
1.125477027E2,-1.518844128E0,3.728615999E0,6.691528320E0
1.125678131E2,-1.166501045E-1,3.011965513E0,8.930612564E0
1.125879236E2,6.843472719E-1,2.857628345E0,1.065464115E1
1.126080340E2,1.126421213E0,2.656033039E0,1.142632675E1
1.126281444E2,8.410771489E-1,2.480160713E0,1.158305645E1
1.126482549E2,-1.477568001E-1,2.945564747E0,1.074377346E1
1.126683653E2,-1.045065284E0,3.725026608E0,9.558130264E0
1.126884757E2,-1.575673699E0,4.133002758E0,9.975079536E0
1.127085861E2,-1.015154958E0,3.929014683E0,1.122173977E1
1.127286965E2,5.862415582E-2,3.848257065E0,1.076830006E1
1.127488070E2,3.433700502E-1,4.089334011E0,1.008993530E1
1.127689174E2,-5.874379873E-1,3.991826296E0,1.051645565E1
1.127890278E2,-1.007378340E0,3.345764160E0,1.269811153E1
1.128091382E2,-1.136590727E-2,2.460419893E0,1.416551018E1
1.128292487E2,1.183250785E0,2.129014015E0,1.384547043E1
1.128493591E2,1.247856975E0,2.494517565E0,1.191206932E1
1.128694695E2,3.828516230E-2,3.230908871E0,1.057627583E1
1.128895800E2,-1.597209096E0,3.563511133E0,1.031127071E1
1.129096904E2,-2.433500528E0,3.720241070E0,9.750752449E0
1.129298008E2,-2.510669231E0,3.644268990E0,8.378468513E0
1.129499113E2,-2.098505497E0,3.589832067E0,7.031309128E0
1.129700217E2,-1.649253011E0,3.258426189E0,6.244070530E0
1.129901321E2,-1.156929731E0,2.763710260E0,5.517251015E0
1.130102425E2,-1.573280841E-1,2.091326952E0,5.977869034E0
1.130303530E2,8.512466550E-1,1.759921074E0,6.600003242E0
1.130504634E2,8.943174481E-1,1.956132531E0,6.570691109E0
1.130705738E2,3.260220885E-1,2.349751949E0,7.396812916E0
1.130906842E2,1.657029688E-1,2.749353170E0,8.051848412E0
1.131107946E2,9.894321561E-1,2.861217737E0,8.416155815E0
1.131309051E2,2.034497499E0,2.870789051E0,8.140382767E0
1.131510155E2,1.590628862E0,3.422932863E0,7.106683254E0
1.131711260E2,1.836491376E-1,4.101297855E0,7.186244488E0
1.131912364E2,-8.524430394E-1,4.047459602E0,9.517452240E0
1.132113468E2,-8.925228715E-1,3.441477060E0,1.238584805E1
1.132314573E2,2.027917206E-1,2.651247501E0,1.257428265E1
1.132515677E2,1.531406492E-1,2.840280533E0,1.164227867E1
1.132716781E2,-4.013960063E-1,3.223730326E0,1.169073296E1
1.132917885E2,-3.278166950E-1,3.233899832E0,1.080658531E1
1.133118990E2,5.862415582E-2,2.849851847E0,1.068156052E1
1.133320094E2,-1.968096644E-1,2.484946251E0,1.228893852E1
1.133521198E2,-1.000798106E0,2.008774519E0,1.520698643E1
1.133722302E2,-1.046859860E0,1.230509043E0,1.667259026E1
1.133923407E2,-2.691925466E-1,1.015154958E0,1.381496143E1
1.134124511E2,1.118644550E-1,1.558325768E0,1.024487019E1
1.134325615E2,-3.170489892E-2,2.105085611E0,8.514859200E0
1.134526719E2,4.169493318E-1,2.121835470E0,8.860024452E0
1.134727824E2,1.465603858E-1,2.013560295E0,9.235098839E0
1.134928928E2,-1.055832982E0,2.426322222E0,8.833105087E0
1.135130032E2,-2.158924341E0,2.928814888E0,8.661419868E0
1.135331137E2,-2.440080881E0,3.017947674E0,9.385248184E0
1.135532241E2,-1.446461320E0,2.382653236E0,9.669396400E0
1.135733345E2,-2.117647976E-1,1.649253011E0,9.208179474E0
1.135934450E2,5.521438122E-1,1.044467092E0,8.822935104E0
1.136135554E2,6.879365444E-2,1.158126116E0,7.684549809E0
1.136336658E2,-1.497906923E0,1.719841242E0,6.145366669E0
1.136537763E2,-2.883351326E0,2.302493572E0,5.081159115E0
1.136738867E2,-2.667398930E0,2.113460541E0,5.571089268E0
1.136939971E2,-2.093719721E0,2.060220242E0,6.945765972E0
1.137141075E2,-1.481755376E0,1.849651933E0,7.439285755E0
1.137342180E2,-2.787638307E-1,1.962712765E0,6.936194420E0
1.137543284E2,1.866401732E-1,2.454437733E0,6.861418724E0
1.137744388E2,3.409772366E-2,2.721835852E0,7.293921471E0
1.137945493E2,-1.037288666E0,3.193221807E0,7.805387497E0
1.138146597E2,-1.741376638E0,3.503092289E0,9.231510162E0
1.138347701E2,-1.040877819E0,3.357130051E0,1.027358437E1
1.138548805E2,-1.348953724E0,2.608774900E0,1.752682686E1
1.138749910E2,1.007976532E0,3.086741209E0,1.349851036E1
1.138951014E2,2.392822644E-3,3.714857101E0,1.234397411E1
1.139152118E2,-1.088734269E-1,4.077369690E0,1.149691486E1
1.139353223E2,1.299302697E0,3.568894863E0,9.679565430E0
1.139554327E2,2.554936409E0,2.577069998E0,1.040518951E1
1.139755431E2,2.886342287E0,1.116850019E0,1.304267788E1
1.139956536E2,2.158325911E0,6.047859192E-1,1.451904964E1
1.140157640E2,1.033699393E0,1.068395257E0,1.208435249E1
1.140358744E2,5.641079545E-1,1.936989903E0,8.592626572E0
1.140559849E2,-5.024927482E-2,2.398804665E0,8.241478920E0
1.140760953E2,5.192425251E-1,2.279761791E0,8.456234932E0
1.140962057E2,1.512263894E0,1.914258122E0,8.261219978E0
1.141163162E2,2.030309916E0,1.692323804E0,9.221340179E0
1.141364266E2,1.527219057E0,1.799402595E0,9.330811501E0
1.141565370E2,8.350951076E-1,2.044667006E0,8.401200294E0
1.141766475E2,6.831508875E-1,2.049452543E0,8.389236450E0
1.141967579E2,7.322037220E-1,2.237887383E0,9.044271469E0
1.142168683E2,1.103689432E0,2.394019127E0,8.770293236E0
1.142369788E2,1.409970760E0,2.443670034E0,8.509475708E0
1.142570892E2,7.764709592E-1,2.224128723E0,9.452845573E0
1.142771996E2,1.220937729E0,1.850250125E0,9.202198029E0
1.142973100E2,1.476969719E0,1.921436548E0,8.708678246E0
1.143174205E2,1.331007600E0,1.647458434E0,9.139984131E0
1.143375309E2,1.214955688E0,1.702493310E0,8.876773834E0
1.143576413E2,1.177268744E0,1.701296926E0,8.008777618E0
1.143777518E2,6.311069727E-1,1.966900229E0,8.310273170E0
1.143978622E2,3.014956415E-1,2.176272154E0,8.252246857E0
1.144179726E2,3.996013701E-1,2.425125837E0,6.707081795E0
1.144380830E2,-1.345962733E-1,2.931207657E0,6.307480335E0
1.144581935E2,2.554338276E-1,2.145165443E0,9.432506561E0
1.144783039E2,5.072783828E-1,2.018944025E0,1.037168980E1
1.144984143E2,8.309076428E-1,2.039283037E0,1.051107121E1
1.145436221E2,-3.200400174E-1,3.969094515E0,1.036271667E1
1.145637323E2,-1.399801224E-1,3.653840065E0,9.164510727E0
1.145838426E2,-8.560323119E-1,4.122235298E0,8.213961601E0
1.146039528E2,-1.712662816E0,4.631906509E0,8.633902550E0
1.146240630E2,-1.938784599E0,4.412364960E0,9.036494255E0
1.146441733E2,-1.188634634E0,4.054039955E0,8.733802795E0
1.146642836E2,-7.495517135E-1,3.902095556E0,8.077570915E0
1.146843938E2,-7.423732281E-1,4.006183147E0,8.021339417E0
1.147045040E2,-8.231309652E-1,4.106083870E0,8.270193100E0
1.147246143E2,-7.034898400E-1,4.325624943E0,8.171489716E0
1.147447245E2,-6.496513486E-1,4.558925152E0,7.546962738E0
1.147648348E2,-1.427318692E0,4.693521500E0,7.733603001E0
1.147849450E2,-2.133201361E0,4.970490932E0,8.629117012E0
1.148050552E2,-2.082353830E0,5.040481091E0,8.875576973E0
1.148251655E2,-1.283749342E0,4.823930264E0,7.912466049E0
1.148452757E2,-5.461617708E-1,4.529613495E0,6.903293133E0
1.148653860E2,-3.415754437E-1,4.417150497E0,7.582256794E0
1.148854962E2,-8.470591903E-1,4.403990269E0,9.098708153E0
1.149056065E2,-1.255035520E0,4.338187218E0,1.021316528E1
1.149257167E2,-8.530412912E-1,4.141975880E0,1.119003487E1
1.149458269E2,-8.524430394E-1,3.750151396E0,1.183430290E1
1.149659372E2,-1.252044439E0,3.532404423E0,1.219442272E1
1.149860474E2,-5.934200287E-1,4.023531437E0,1.025623608E1
1.150061577E2,1.629512191E0,4.024129391E0,1.101715374E1
1.150262679E2,1.951945066E0,2.900100946E0,1.461356640E1
1.150463781E2,9.284151793E-1,2.940778971E0,1.461476231E1
1.150664884E2,2.991028363E-3,3.865604877E0,1.166321564E1
1.150865986E2,4.618147612E-1,3.698107481E0,1.128694439E1
1.151067089E2,8.470591903E-1,3.135794163E0,1.245464230E1
1.151268191E2,1.305882931E0,2.855235577E0,1.206521034E1
1.151469293E2,1.234696507E0,2.313859463E0,1.031725311E1
1.151670396E2,1.039083242E0,2.132603168E0,1.020658493E1
1.151871498E2,1.336989641E0,2.117648125E0,1.094118118E1
1.152072601E2,1.618744493E0,2.057229280E0,1.120977592E1
1.152273703E2,1.705484390E0,2.008176327E0,1.065882874E1
1.152474805E2,1.150947690E0,2.279163599E0,9.728020668E0
1.152675907E2,-1.034895778E-1,2.785843849E0,8.563912392E0
1.152877010E2,-1.380060434E0,3.455235958E0,7.538587570E0
1.153078112E2,-2.083550215E0,3.822534084E0,7.575676441E0
1.153279215E2,-1.663011789E0,3.428914785E0,8.533403397E0
1.153480317E2,-5.048855543E-1,2.604587555E0,8.868997574E0
1.153681419E2,1.166501045E-1,2.274377823E0,9.010771751E0
1.153882522E2,1.046859920E-1,2.296511650E0,9.090931892E0
1.154083624E2,1.076770201E-1,2.206182480E0,9.117850304E0
1.154284727E2,6.095715761E-1,1.874776483E0,9.083154678E0
1.154485829E2,9.726824164E-1,1.410568953E0,9.407979965E0
1.154686931E2,9.332008362E-1,1.237089276E0,9.634700775E0
1.154888034E2,3.888336718E-1,1.679761529E0,8.873184204E0
1.155089136E2,-1.208375469E-1,2.245664120E0,7.648657799E0
1.155290238E2,-6.424728632E-1,2.629712105E0,6.822535515E0
1.155491341E2,-7.866404653E-1,2.578864574E0,6.546164513E0
1.155692443E2,-2.075773627E-1,2.347358942E0,7.961519241E0
1.155893546E2,5.425725579E-1,2.664407969E0,1.049133110E1
1.156094648E2,-2.907279432E-1,3.199203968E0,1.041835022E1
1.156295750E2,-1.213161111E0,3.521038532E0,8.227720261E0
1.156496852E2,-9.194421172E-1,3.462414265E0,7.331010342E0
1.156697955E2,-2.380858511E-1,3.245265722E0,8.685347557E0
1.156899057E2,4.163511395E-1,2.874976397E0,1.013420200E1
1.157100160E2,6.897311211E-1,2.610569477E0,1.082871914E1
1.157301262E2,8.554340899E-2,2.554338217E0,1.075274658E1
1.157502364E2,-6.245267391E-1,2.767897606E0,1.008694363E1
1.157703467E2,-6.801598072E-1,2.834298372E0,9.448657990E0
1.157904569E2,-3.194418252E-1,2.940778971E0,8.751151085E0
1.158105671E2,6.400800496E-2,3.074777126E0,8.813364029E0
1.158306774E2,4.642075896E-1,3.111267567E0,9.586843491E0
1.158507876E2,7.812566161E-1,2.355135679E0,1.121934700E1
1.158708978E2,6.687939167E-1,1.898106575E0,1.179900837E1
1.158910080E2,3.672982752E-1,1.974078655E0,1.117926693E1
1.159111183E2,4.630111754E-1,2.017149448E0,1.099501991E1
1.159312285E2,8.267202377E-1,1.907079697E0,1.101834965E1
1.159513388E2,9.451649189E-1,1.826321840E0,1.047039413E1
1.159714490E2,7.758727670E-1,2.000998020E0,9.619745255E0
1.159915592E2,3.445664644E-1,2.377269268E0,9.250652313E0
1.160116694E2,-2.482553422E-1,2.542374134E0,8.962915421E0
1.160317797E2,-5.294120312E-1,2.548954248E0,9.382855415E0
1.160518899E2,-4.546363056E-1,2.493321180E0,9.288937569E0
1.160720001E2,-1.435693540E-2,2.364706993E0,8.456833839E0
1.160921104E2,4.241278172E-1,2.283949137E0,8.468797684E0
1.161122206E2,5.868397355E-1,2.182852507E0,8.522037506E0
1.161323309E2,6.041877270E-1,2.069791555E0,8.037490845E0
1.161524411E2,4.689932466E-1,2.127817631E0,7.410571575E0
1.161725513E2,-1.974078640E-2,2.456232548E0,6.412764549E0
1.161926615E2,-5.862415582E-2,2.830709219E0,6.611967087E0
1.162127718E2,1.513460279E-1,2.996412039E0,7.623532772E0
1.162328820E2,6.616154313E-1,3.046063185E0,8.690732002E0
1.162529922E2,8.745766878E-1,2.937788010E0,9.406186104E0
1.162731025E2,7.663014531E-1,2.900699139E0,9.388837814E0
1.162932127E2,7.788637877E-1,3.049054146E0,9.497113228E0
1.163133229E2,9.230313301E-1,2.976671457E0,9.291928291E0
1.163334331E2,6.233302951E-1,2.790629387E0,9.180662155E0
1.163535434E2,-8.500502706E-1,3.011965513E0,9.740582466E0
1.163736536E2,-2.406581402E0,3.785445452E0,1.178524971E1
1.163937638E2,-2.937788010E0,4.105485439E0,1.313240910E1
1.164138740E2,-1.363908887E0,3.510869026E0,1.207896900E1
1.164339843E2,9.278169870E-1,2.221137524E0,1.038006496E1
1.164540945E2,1.910070658E0,1.325623751E0,1.028614616E1
1.164742047E2,1.225723386E0,1.254437327E0,1.184746265E1
1.164943150E2,9.254241586E-1,1.286740422E0,1.391246891E1
1.165144252E2,1.077368379E0,1.104287624E0,1.451605892E1
1.165345354E2,9.559326172E-1,9.068797827E-1,1.244566917E1
1.165546456E2,4.959124923E-1,1.174875975E0,1.023230743E1
1.165747559E2,-5.144568533E-2,1.494317770E0,9.653842926E0
1.165948661E2,-1.256231871E-2,1.616949916E0,1.123011494E1
1.166149763E2,3.708875179E-1,1.567897081E0,1.372164154E1
1.166350866E2,1.073180914E0,1.325623751E0,1.286740398E1
1.166551968E2,1.688136339E0,1.235892892E0,9.211171150E0
1.166753070E2,1.880160451E0,1.530210137E0,6.544968128E0
1.166954172E2,1.735394597E0,1.932204247E0,6.131608009E0
1.167155275E2,1.370489120E0,2.020140409E0,7.168298244E0
1.167356377E2,7.968099117E-1,1.860419631E0,7.761718273E0
1.167557479E2,3.182454109E-1,1.923231244E0,8.574680328E0
1.167758581E2,1.124626622E-1,1.827518344E0,8.955737114E0
1.167959684E2,4.187439755E-2,1.652842283E0,8.517850876E0
1.168160786E2,-1.160518974E-1,1.614557028E0,8.201399803E0
1.168361888E2,-2.374876440E-1,1.744367719E0,8.142177582E0
1.168562990E2,-1.112662554E-1,1.712662816E0,7.973483086E0
1.168764092E2,1.178465188E-1,1.587637782E0,7.281359196E0
1.168965195E2,1.902294010E-1,1.689931035E0,6.510272026E0
1.169166297E2,-8.973085135E-2,2.095514536E0,7.139584541E0
1.169367399E2,-7.686942816E-1,2.379662037E0,7.642077446E0
1.169568502E2,-8.518448472E-1,2.708675146E0,8.246265411E0
1.169769604E2,-1.262213886E-1,2.626122952E0,9.297312737E0
1.169970706E2,4.247260094E-1,2.328216314E0,9.803992271E0
1.170171808E2,8.075776696E-2,2.313261271E0,9.576674461E0
1.170372911E2,-5.551348329E-1,2.754138947E0,9.443872452E0
1.170574013E2,-9.463613629E-1,3.113062143E0,9.357730865E0
1.170775115E2,-8.428717852E-1,3.216551781E0,9.398408890E0
1.170976217E2,-2.309073806E-1,2.957528830E0,1.002891827E1
1.171177319E2,8.123632669E-1,2.411366940E0,1.114816093E1
1.171378422E2,1.234696507E0,2.055434704E0,1.170150089E1
1.171579524E2,6.299105883E-1,2.405983210E0,1.228654575E1
1.171780626E2,-2.201396823E-1,2.606382132E0,1.346680546E1
1.171981728E2,-7.926225066E-1,2.559123755E0,1.404347610E1
1.172182830E2,-7.142575383E-1,2.261815548E0,1.342493153E1
1.172383932E2,-3.080759048E-1,1.828116536E0,1.342134190E1
1.172585035E2,-5.084748268E-1,1.636092424E0,1.244447231E1
1.172786137E2,-6.323033571E-1,1.962712765E0,1.207298660E1
1.172987239E2,-2.697907388E-1,1.677368641E0,1.121575832E1
1.173188341E2,1.818545163E-1,1.257428288E0,1.052483082E1
1.173389444E2,3.900300860E-1,1.104885817E0,1.008993530E1
1.173590546E2,4.301098585E-1,1.326221943E0,1.045543861E1
1.173791648E2,6.161518097E-1,1.268195987E0,1.024307537E1
1.173992750E2,5.958128572E-1,1.071984529E0,9.040083885E0
1.174193853E2,2.159522474E-1,1.178465128E0,8.160123825E0
1.174394955E2,-8.255238086E-2,1.503889084E0,7.554141045E0
1.174596057E2,-1.998006850E-1,1.621137381E0,7.451249599E0
1.174797160E2,-4.432703853E-1,1.863410592E0,8.483752251E0
1.174998262E2,-1.046859860E0,2.361117840E0,9.457033157E0
1.175199364E2,-3.194418252E-1,2.318645239E0,7.525427341E0
1.175400466E2,7.453642488E-1,2.258824587E0,6.041278839E0
1.175601568E2,8.967102766E-1,2.204387903E0,6.494719028E0
1.175802670E2,6.825526357E-1,2.148156643E0,8.000402451E0
1.176003773E2,4.899304509E-1,2.051247120E0,8.412566185E0
1.176204875E2,4.414757788E-1,1.872383714E0,8.795417786E0
1.176405977E2,6.963114142E-1,1.774278045E0,9.884750366E0
1.176607079E2,3.134597540E-1,1.924427629E0,1.070369434E1
1.176808181E2,-3.302095234E-1,2.003988981E0,1.153819084E1
1.177009284E2,-7.124629617E-1,1.826321840E0,1.231585789E1
1.177210386E2,-7.782655358E-1,1.652244091E0,1.223928738E1
1.177411488E2,-8.638089895E-1,2.033301115E0,1.208375454E1
1.177612590E2,-1.141376376E0,2.465205431E0,1.198863983E1
1.177813692E2,-8.602197170E-1,2.155334949E0,1.274596786E1
1.178014794E2,-4.606183618E-2,1.176670551E0,1.296132183E1
1.178215897E2,2.440679073E-1,5.874379873E-1,1.078804111E1
1.178416999E2,-1.125823021E0,1.507478237E0,8.785248756E0
1.178618101E2,-1.371087432E0,2.710469961E0,8.392825127E0
1.178819203E2,-3.948157281E-2,1.969891191E0,8.410771370E0
1.179020305E2,-4.348955154E-1,1.063011408E0,8.374878883E0
1.179221407E2,-1.981257200E0,1.818545222E0,9.052047729E0
1.179422510E2,-2.082353830E0,2.766103029E0,9.217751503E0
1.179623612E2,-1.143769264E0,2.480758905E0,9.855438232E0
1.179824714E2,-2.356930375E-1,1.500898004E0,1.038784122E1
1.180025816E2,5.246263742E-1,9.379864931E-1,9.573683739E0
1.180226918E2,1.830509305E-1,1.289133191E0,8.438887596E0
1.180428020E2,-2.087737769E-1,2.091326952E0,7.957930088E0
1.180629123E2,-2.087737769E-1,2.246860504E0,7.200601578E0
1.180830225E2,2.147558331E-1,1.950150490E0,6.278168201E0
1.181031327E2,2.470589429E-1,2.102692842E0,7.414160728E0
1.181232429E2,1.196411322E-3,2.735594511E0,9.236295700E0
1.181433531E2,-6.203392744E-1,3.233899832E0,9.473184586E0
1.181634634E2,-8.195417374E-2,3.013161898E0,8.883952141E0
1.181835736E2,1.375873089E-1,2.979064226E0,8.510073662E0
1.182036838E2,2.213360965E-1,3.025724173E0,9.256035805E0
1.182237940E2,6.424728632E-1,3.012563705E0,1.041057301E1
1.182439042E2,3.972085714E-1,3.136392355E0,1.152383423E1
1.182640144E2,-2.033899166E-2,3.262613773E0,1.170509052E1
1.182841247E2,4.671986103E-1,2.953939438E0,1.136830044E1
1.183042349E2,1.211366415E0,2.616551638E0,1.096451187E1
1.183243451E2,1.553540111E0,2.606382132E0,9.714262009E0
1.183444553E2,1.001994491E0,2.702095032E0,8.117650986E0
1.183645655E2,4.803591371E-1,2.510071039E0,9.071190834E0
1.183846757E2,3.565305769E-1,2.172683001E0,1.158425236E1
1.184047860E2,3.918247223E-1,1.275972724E0,1.121396351E1
1.184248962E2,4.319044948E-1,1.320838094E0,9.355937004E0
1.184450064E2,3.804588020E-1,2.210968018E0,8.284550667E0
1.184651166E2,1.884347796E-1,2.811566591E0,9.140582085E0
1.184852268E2,3.104687333E-1,2.470589399E0,1.126062298E1
1.185053370E2,4.731806815E-1,1.810768485E0,1.191326618E1
1.185254472E2,4.755735099E-1,1.564307809E0,1.148255730E1
1.185455574E2,1.866401732E-1,2.003390789E0,1.059721375E1
1.185656676E2,2.428714931E-1,2.365903378E0,1.004985523E1
1.185857778E2,5.198407173E-1,2.358724833E0,8.931210518E0
1.186058881E2,1.143769264E0,2.209771633E0,7.758129120E0
1.186259983E2,1.674975872E0,2.007578135E0,8.228319168E0
1.186461085E2,2.060220242E0,1.802393675E0,1.077069283E1
1.186662187E2,2.134397745E0,1.537388563E0,1.260538960E1
1.186863289E2,9.672985673E-1,1.640878081E0,1.182413292E1
1.187064391E2,-3.122633696E-1,2.215753794E0,8.614759445E0
1.187265493E2,-1.138385415E0,2.997010469E0,7.179664135E0
1.187466595E2,-7.154539824E-1,3.290729284E0,8.047660828E0
1.187667698E2,-1.794617064E-2,3.162115097E0,7.934599876E0
1.187868800E2,6.167500615E-1,2.834896564E0,7.743772507E0
1.188069902E2,-1.238285750E-1,2.277967215E0,8.551349640E0
1.188271004E2,-1.558325768E0,2.042274237E0,8.902496338E0
1.188472106E2,-2.293520451E0,2.242672920E0,9.315856934E0
1.188673209E2,-1.685145378E0,2.576471806E0,9.278169632E0
1.188874311E2,-1.460818172E0,2.221735716E0,7.113263607E0
1.189075413E2,-2.158325911E0,2.346760750E0,5.092525005E0
1.189276515E2,-2.873181820E0,2.907279491E0,8.145168304E0
1.189477617E2,-1.491326690E0,1.568495274E0,1.376590824E1
1.189678719E2,3.732803464E-1,-6.508477330E-1,1.542353630E1
1.189879821E2,2.070389748E0,-1.435693651E-1,1.350269794E1
1.190080923E2,6.406782866E-1,1.460219979E0,9.748359680E0
1.190282025E2,-1.060618639E0,2.552543640E0,8.020143509E0
1.190483127E2,-6.346961856E-1,1.926820397E0,8.895915985E0
1.190684230E2,6.969096065E-1,7.292127013E-1,1.052064323E1
1.190885332E2,1.285543919E0,2.374876440E-1,1.059362411E1
1.191086434E2,4.295116663E-1,7.561319470E-1,1.007737255E1
1.191287536E2,-9.828519225E-1,1.374676585E0,1.038425159E1
1.191488638E2,-1.469193101E0,1.813161373E0,9.861420631E0
1.191689740E2,-3.439682424E-1,1.502692580E0,9.900901794E0
1.191890842E2,1.192822099E0,3.326023519E-1,1.053380394E1
1.192091944E2,1.672582984E0,7.357929647E-2,9.677771568E0
1.192293047E2,1.091725349E0,8.913264275E-1,8.473583221E0
1.192494149E2,6.382854581E-1,1.511665702E0,7.587042332E0
1.192695251E2,4.354937077E-1,1.649851203E0,7.277770042E0
1.192896353E2,4.851447940E-1,1.619940877E0,8.139784813E0
1.193097455E2,6.317051649E-1,1.521237016E0,9.373284340E0
1.193298557E2,4.899304509E-1,1.637288928E0,9.270393372E0
1.193499659E2,6.430711150E-1,1.780858278E0,9.561120987E0
1.193700761E2,1.125823021E0,1.472782373E0,1.034836006E1
1.193901863E2,9.523434043E-1,1.337587833E0,1.128873920E1
1.194102965E2,5.180460811E-1,1.363310695E0,1.231884956E1
1.194304067E2,9.074779749E-1,1.481157184E0,1.254736328E1
1.194505169E2,1.224527001E0,1.351346612E0,1.282373428E1
1.194706272E2,7.316055298E-1,1.210768223E0,1.332622719E1
1.194907374E2,-8.733802289E-2,1.319043517E0,1.302951717E1
1.195108476E2,-2.662015259E-1,1.463211060E0,1.218485069E1
1.195309578E2,1.130608693E-1,1.332802176E0,1.112243748E1
1.195510680E2,3.798605800E-1,1.207777262E0,1.086760235E1
1.195711782E2,1.872383654E-1,1.295713425E0,1.066540909E1
1.195912885E2,-3.343969584E-1,1.560718536E0,1.001396275E1
1.196113987E2,-8.787640929E-1,1.814955950E0,9.375079155E0
1.196315089E2,-1.344766378E0,2.002194405E0,8.998209953E0
1.196516191E2,-1.364507079E0,2.077568293E0,8.400003433E0
1.196717293E2,-9.092726111E-1,2.048854351E0,7.698906898E0
1.196918395E2,-2.865405083E-1,1.749153376E0,6.744170666E0
1.197119497E2,2.105683982E-1,1.683350682E0,6.573681831E0
1.197320599E2,3.667000830E-1,1.778465390E0,6.680162430E0
1.197521701E2,-6.161518395E-2,1.970489502E0,7.365108013E0
1.197722803E2,-4.181457460E-1,2.101496458E0,6.994818687E0
1.197923905E2,-1.027119160E0,2.550150633E0,6.526423931E0
1.198125007E2,-9.499505758E-1,2.903092146E0,7.406982422E0
1.198326110E2,-1.298106313E-1,2.717050076E0,8.138587952E0
1.198527212E2,5.647061467E-1,2.380858421E0,8.766105652E0
1.198728314E2,1.296909928E0,1.827518344E0,9.673583984E0
1.198929416E2,1.779063582E0,1.328016520E0,1.119721317E1
1.199130518E2,1.261017561E0,1.094716311E0,1.249173069E1
1.199331620E2,4.277170599E-1,1.146760225E0,1.272802162E1
1.199532722E2,-2.709871531E-1,1.366899967E0,1.166321564E1
1.199733824E2,-7.106683254E-1,1.634297848E0,1.061037350E1
1.199934926E2,-4.432703853E-1,1.610369682E0,1.142034435E1
1.200136028E2,-1.429711580E-1,1.615753531E0,1.208794212E1
1.200337130E2,-4.719842672E-1,1.648654819E0,1.227398396E1
1.200538232E2,-4.552344978E-1,1.750947952E0,1.293200970E1
1.200739335E2,-3.768695518E-2,1.751546144E0,1.331127262E1
1.200940437E2,1.806581169E-1,1.372882009E0,1.274477196E1
1.201141539E2,3.661018610E-1,1.222134113E0,1.132762241E1
1.201342641E2,3.451646566E-1,1.346560955E0,1.006540871E1
1.201543743E2,-3.499503136E-1,1.631905079E0,9.139984131E0
1.201744845E2,-1.027119160E0,1.896311998E0,8.799007416E0
1.201945947E2,-1.068993568E0,1.951346874E0,9.209376335E0
1.202147049E2,-8.249256015E-1,1.816750646E0,9.973882675E0
1.202348151E2,-3.134597540E-1,1.573879123E0,1.042851925E1
1.202549253E2,-8.494520187E-2,1.409970760E0,1.025324535E1
1.202750355E2,-1.399801224E-1,1.447059512E0,1.015633583E1
1.202951457E2,-9.092725813E-2,1.438086390E0,1.045424175E1
1.203152560E2,-5.264209956E-2,1.324427366E0,9.892526627E0
1.203353662E2,-3.738785386E-1,1.454836130E0,8.341380119E0
1.203554764E2,-7.453642488E-1,1.812563181E0,6.993622303E0
1.203755866E2,-9.385846853E-1,2.043470621E0,6.558128834E0
1.203956968E2,-7.657032609E-1,1.994417667E0,6.644270420E0
1.204158070E2,-4.414757788E-1,1.841875196E0,7.102495670E0
1.204359172E2,1.004985496E-1,1.793420553E0,7.298109055E0
1.204560274E2,6.173482537E-1,2.151745796E0,6.105287075E0
1.204761376E2,5.599204898E-1,3.020938635E0,4.594817638E0
1.204962478E2,3.260220885E-1,3.518047571E0,5.475974560E0
1.205163580E2,9.990034699E-1,2.949752092E0,9.519845009E0
1.205364682E2,1.537986755E0,1.634297848E0,1.322453213E1
1.205565784E2,1.035493970E0,1.054636598E0,1.300259781E1
1.205766886E2,-3.326023519E-1,1.707877159E0,1.148315620E1
1.205967988E2,-1.185045362E0,2.722434044E0,1.159322548E1
1.206169090E2,-2.919243574E-1,2.486740828E0,1.137667561E1
1.206370192E2,1.110269666E0,1.630110383E0,1.057567787E1
1.206571294E2,1.390229940E0,1.227517962E0,1.117328548E1
1.206772397E2,4.420739710E-1,1.325025558E0,1.186720371E1
1.206973499E2,-6.155536175E-1,1.625923038E0,1.142931747E1
1.207174601E2,-1.077368379E0,1.941775560E0,1.137906837E1
1.207375703E2,-4.450650215E-1,1.737189293E0,1.128335476E1
1.207576805E2,5.952146053E-1,1.194616675E0,1.141615677E1
1.207777907E2,1.086939692E0,8.991031051E-1,1.237866974E1
1.207979009E2,5.916253924E-1,1.077966571E0,1.246122169E1
1.208180111E2,-1.794617064E-2,1.266401410E0,1.105902767E1
1.208381213E2,-4.576273263E-1,1.418345571E0,1.023410225E1
1.208582315E2,-2.416750938E-1,1.575673699E0,1.052363396E1
1.208783417E2,8.315058798E-2,1.582253933E0,1.034895802E1
1.208984519E2,6.640082598E-2,1.558325768E0,9.728020668E0
1.209185622E2,3.170489892E-2,1.523031592E0,8.761918068E0
1.209386724E2,-1.196411345E-2,1.469791293E0,8.002795219E0
1.209587826E2,-3.116651475E-1,1.577468276E0,8.036294937E0
1.209788928E2,-2.027917206E-1,1.836491346E0,7.862815380E0
1.209990030E2,7.657032609E-1,1.596012712E0,7.755138397E0
1.210191132E2,2.305484533E0,1.105484009E0,8.218747139E0
1.210392234E2,2.751147747E0,4.779663086E-1,8.335397720E0
1.210593336E2,9.918249846E-1,6.987041831E-1,7.466204643E0
1.210794438E2,-6.382854581E-1,2.146960020E0,6.721438885E0
1.210995540E2,-1.578664780E0,3.186641455E0,7.112067223E0
1.211196642E2,-2.528615236E0,3.662214994E0,8.489734650E0
1.211397744E2,-2.335993052E0,3.742374659E0,9.485747337E0
1.211598846E2,-5.210371017E-1,3.319443226E0,1.039561844E1
1.211799948E2,2.482553422E-1,2.183450699E0,1.127617645E1
1.212001050E2,3.409772366E-2,1.843071699E0,1.150528908E1
1.212202152E2,-1.037288666E0,2.569891453E0,1.123908806E1
1.212403254E2,-1.779661894E0,3.339184046E0,1.194317627E1
1.212604356E2,-1.149153113E0,3.189034462E0,1.199043465E1
1.212805459E2,-3.595215976E-1,2.459821701E0,1.083410263E1
1.213006561E2,-6.711867452E-1,2.489732027E0,9.732208252E0
1.213207663E2,-2.118246317E0,2.941377163E0,9.311669350E0
1.213408765E2,-3.224328518E0,3.302693367E0,9.897313118E0
1.213609867E2,-3.167499065E0,3.161516905E0,1.021376324E1
1.213810969E2,-2.287538528E0,2.693121910E0,9.800403595E0
1.214012071E2,-1.376471281E0,2.206182480E0,9.543772697E0
1.214213173E2,-8.201399446E-1,2.186441660E0,9.466006279E0
1.214414275E2,-7.716853023E-1,2.406581402E0,8.462217331E0
1.214615377E2,-7.974081635E-1,2.604587555E0,7.406384468E0
1.214816479E2,-5.581258535E-1,2.472982168E0,7.378268719E0
1.215017581E2,-6.000002623E-1,2.448455811E0,7.757531166E0
1.215218683E2,-4.588237405E-1,2.293520451E0,8.694919586E0
1.215419785E2,-1.537388563E-1,2.184647083E0,9.827920914E0
1.215620887E2,-3.708875179E-1,2.566302299E0,9.291928291E0
1.215821989E2,-4.636093974E-1,2.928216696E0,8.825327873E0
1.216023091E2,-3.565305769E-1,2.964108944E0,9.150752068E0
1.216224193E2,-5.922235921E-2,3.075973511E0,9.385248184E0
1.216425295E2,5.443671346E-2,3.038286448E0,1.035194874E1
1.216626398E2,4.223332107E-1,3.006581545E0,1.106381416E1
1.216827500E2,7.304090858E-1,3.022135019E0,1.050867844E1
1.217028602E2,8.374879360E-1,3.050848961E0,9.276973724E0
1.217229704E2,7.830511928E-1,3.091526747E0,9.851250648E0
1.217430805E2,3.732803464E-1,2.900100946E0,1.143589783E1
1.217631907E2,4.187439568E-3,2.658426046E0,1.205025482E1
1.217833010E2,1.064806059E-1,2.364108801E0,1.238943768E1
1.218034112E2,-2.303091735E-1,2.552543640E0,1.186421299E1
1.218235214E2,-5.886343718E-1,3.138785124E0,1.046620655E1
1.218436316E2,-6.496513486E-1,3.258426189E0,9.146564484E0
1.218637418E2,-3.846462369E-1,3.054438114E0,9.157332420E0
1.218838520E2,4.127619043E-2,2.659622431E0,9.635298729E0
1.219039622E2,3.589234054E-1,2.346162558E0,9.559326172E0
1.219240724E2,3.361915946E-1,2.235494614E0,9.144171715E0
1.219441826E2,2.991028363E-3,2.455634356E0,8.574680328E0
1.219642928E2,-3.242274821E-1,2.773879766E0,8.356932640E0
1.219844030E2,-5.581258535E-1,2.982653379E0,7.959724426E0
1.220045132E2,-4.911268353E-1,2.987439156E0,7.604390144E0
1.220246234E2,-2.261217386E-1,3.034697294E0,7.249056339E0
1.220447336E2,-2.811566591E-1,3.241676569E0,6.912266254E0
1.220648438E2,-6.592226624E-1,3.618546009E0,7.388438225E0
1.220849540E2,2.105683982E-1,3.582055569E0,8.102097511E0
1.221050642E2,1.111466169E0,2.900699139E0,8.913264275E0
1.221251744E2,1.160518974E-1,2.763111830E0,8.425726891E0
1.221452847E2,-1.706082582E0,3.696312666E0,8.397012711E0
1.221653949E2,-2.969492912E0,4.680959225E0,8.945567131E0
1.221855051E2,-2.427518606E0,4.432105541E0,8.880363464E0
1.222056153E2,-1.587039590E0,3.770490170E0,1.035972595E1
1.222257255E2,-7.986045480E-1,3.560520172E0,1.174576855E1
1.222458357E2,-7.800601721E-1,3.324228764E0,1.167517948E1
1.222659459E2,-1.146162033E0,3.756133318E0,1.093519974E1
1.222860561E2,-1.321436286E0,3.506681681E0,1.167278671E1
1.223061663E2,-1.131805062E0,2.641077995E0,1.245344543E1
1.223262765E2,-3.176472187E-1,2.367697954E0,1.016949654E1
1.223463867E2,-8.309076428E-1,2.628515720E0,7.715656757E0
1.223664969E2,-1.271785259E0,3.233899832E0,7.100701332E0
1.223866071E2,-1.747358680E0,3.183650494E0,8.733204842E0
1.224067173E2,-1.856232166E0,2.919243574E0,9.784252167E0
1.224268275E2,-1.864008784E0,2.779263496E0,9.576076508E0
1.224469377E2,-1.836491346E0,2.949153900E0,8.817551613E0
1.224670479E2,-1.595414519E0,2.988037348E0,7.914260864E0
1.224871581E2,-1.174277663E0,2.948555708E0,7.496115208E0
1.225072684E2,-7.902296782E-1,2.872583628E0,7.516454220E0
1.225273786E2,-7.956135273E-1,2.948555708E0,7.344171047E0
1.225474887E2,-7.860422134E-1,3.163311481E0,6.997809887E0
1.225675989E2,-8.787640929E-1,3.413361549E0,6.895516872E0
1.225877091E2,-7.160521746E-1,3.457030535E0,7.226922512E0
1.226078193E2,-5.766702294E-1,3.409173965E0,8.024331093E0
1.226279295E2,-1.054636598E0,3.679563046E0,8.264809608E0
1.226480398E2,-1.660618901E0,4.185645103E0,7.780262947E0
1.226681500E2,-1.573879123E0,4.491926193E0,8.035696983E0
1.226882602E2,-2.153540403E-1,4.030709743E0,8.733204842E0
1.227083704E2,1.338186026E0,3.171686411E0,9.902098656E0
1.227284806E2,1.654038668E0,2.871387243E0,1.183669567E1
1.227485908E2,9.361918569E-1,3.186641455E0,1.289791203E1
1.227687010E2,2.338984162E-1,3.899104595E0,1.175952721E1
1.227888112E2,-5.994020700E-1,4.514657974E0,9.193822861E0
1.228089214E2,-1.065404296E0,4.770092010E0,8.445467949E0
1.228290316E2,-7.722834945E-1,4.278367043E0,1.128275681E1
1.228491418E2,3.182454109E-1,3.267399311E0,1.401177120E1
1.228692520E2,1.334596872E0,2.455634356E0,1.403390503E1
1.228893622E2,1.700698733E0,2.455035925E0,1.309113312E1
1.229094724E2,1.009771109E0,3.036491871E0,1.158365440E1
1.229295826E2,-9.332008660E-2,3.407379389E0,9.544371605E0
1.229496928E2,-8.931210637E-1,3.479762316E0,8.633303642E0
1.229698030E2,-1.380658627E0,3.504288673E0,8.964710236E0
1.229899132E2,-1.392024517E0,3.434896946E0,8.739784241E0
1.230100235E2,-1.264606714E0,3.489333630E0,7.767700672E0
1.230301337E2,-9.529415965E-1,3.463012457E0,7.037291527E0
1.230502438E2,-8.362914920E-1,3.389433384E0,7.066005230E0
1.230703540E2,-9.326026440E-1,3.321835995E0,7.845467091E0
1.230904642E2,-7.298108935E-1,2.870789051E0,8.880961418E0
1.231105744E2,2.063809484E-1,2.554338217E0,9.409176826E0
1.231306847E2,1.295115232E0,2.541775942E0,8.530412674E0
1.231507949E2,1.930409670E0,2.470589399E0,7.762914658E0
1.231709051E2,1.723430514E0,2.687139750E0,7.575676441E0
1.231910153E2,5.688936114E-1,3.293122053E0,7.547560692E0
1.232111255E2,-2.123630047E-1,3.624528170E0,7.461419106E0
1.232312356E2,-1.980060786E-1,3.454637766E0,7.793423176E0
1.232513459E2,7.507480979E-1,3.104687452E0,8.234300613E0
1.232714561E2,2.033301115E0,2.946761131E0,8.733204842E0
1.232915663E2,2.133201361E0,3.002394199E0,1.023111153E1
1.233116765E2,3.667000830E-1,3.518645763E0,1.148734283E1
1.233317867E2,-9.427721500E-1,4.176671982E0,1.116311550E1
1.233518969E2,-1.015753269E0,4.274179459E0,8.818747520E0
1.233720071E2,-9.798609018E-1,4.010370731E0,8.579465866E0
1.233921173E2,-1.049850941E0,3.363112211E0,1.123849010E1
1.234122275E2,-1.174875975E0,2.646461725E0,1.352961731E1
1.234323377E2,-9.828519225E-1,2.469991207E0,1.285185051E1
1.234524479E2,-6.275177598E-1,2.628515720E0,1.010548782E1
1.234725581E2,-6.777670383E-1,2.770290375E0,8.202595711E0
1.234926684E2,-9.535398483E-1,2.849253654E0,7.634898663E0
1.235127785E2,-1.365703583E0,2.847458839E0,9.226723671E0
1.235328887E2,-1.153938770E0,2.781058073E0,1.179003525E1
1.235529989E2,-5.862415433E-1,2.480758905E0,1.200060368E1
1.235731091E2,-1.148554832E-1,2.666202545E0,1.083290672E1
1.235932193E2,-5.024927482E-2,2.694318295E0,9.920044899E0
1.236133296E2,5.264209956E-2,2.411965132E0,9.343972206E0
1.236334398E2,3.511467278E-1,2.142174482E0,9.088538170E0
1.236535500E2,6.819544733E-2,2.134995937E0,8.807980537E0
1.236736602E2,-7.872386575E-1,2.538784742E0,7.930412292E0
1.236937704E2,-1.626521230E0,3.183052301E0,6.742974281E0
1.237138806E2,-1.692921996E0,3.713660717E0,5.667998791E0
1.237339908E2,-1.202393413E0,4.078566074E0,5.777470112E0
1.237541010E2,-4.480560422E-1,4.027120590E0,6.117250919E0
1.237742112E2,-1.184447184E-1,3.695116282E0,6.849454880E0
1.237943214E2,8.315058798E-2,3.442075491E0,8.325826645E0
1.238144316E2,1.633101404E-1,3.307479143E0,1.031246758E1
1.238345418E2,1.573280841E-1,3.360719442E0,1.123789120E1
1.238546520E2,-9.152546525E-2,3.668197155E0,1.086999512E1
1.238747622E2,-3.218346536E-1,4.088137627E0,1.068634605E1
1.238948724E2,1.459621787E-1,4.191029072E0,1.046560764E1
1.239149826E2,1.197607756E0,3.865604877E0,9.759725571E0
1.239350928E2,1.628315806E0,3.308675528E0,9.731011391E0
1.239552030E2,9.361918569E-1,3.091526747E0,1.247139168E1
1.239753132E2,-3.792623878E-1,3.069991350E0,1.469851112E1
1.239954235E2,-1.146162033E0,2.812164783E0,1.311087322E1
1.240155337E2,-1.038485050E0,2.867797852E0,1.018265629E1
1.240356439E2,-1.265803218E0,3.103491068E0,9.041878700E0
1.240557541E2,-1.825723648E0,3.510869026E0,8.920442581E0
1.240758643E2,-1.872383714E0,3.672982693E0,8.927022934E0
1.240959744E2,-1.471585870E0,3.428316593E0,8.776275635E0
1.241160847E2,-1.091725349E0,3.129213810E0,8.504091263E0
1.241361949E2,-9.966106415E-1,3.077169895E0,8.330014229E0
1.241563051E2,-1.098305583E0,3.196810961E0,8.242675781E0
1.241764153E2,-9.972088337E-1,3.262613773E0,8.261817932E0
1.241965255E2,-8.398807645E-1,3.018545866E0,8.472386360E0
1.242166357E2,-4.815555513E-1,2.676372051E0,8.846264839E0
1.242367459E2,-7.298108935E-1,2.708675146E0,8.843274117E0
1.242568561E2,-9.828519225E-1,2.975475073E0,8.392227173E0
1.242769663E2,-3.200400174E-1,2.941377163E0,7.982456207E0
1.242970765E2,7.716853023E-1,2.560918331E0,7.973483086E0
1.243171867E2,5.880361795E-1,2.559721947E0,8.209774017E0
1.243372969E2,-3.720839322E-1,3.102892876E0,8.650651932E0
1.243574072E2,-6.077769399E-1,3.428316593E0,9.583852768E0
1.243775174E2,2.069791555E-1,2.905484915E0,1.004267693E1
1.243976276E2,1.027119160E0,2.252842426E0,9.897313118E0
1.244177377E2,8.859425783E-1,2.126022816E0,1.064865875E1
1.244378479E2,1.435693540E-2,2.368894339E0,1.106501007E1
1.244579581E2,-1.130608678E0,2.576471806E0,1.060080242E1
1.244780684E2,-1.467996716E0,2.808575630E0,9.728020668E0
1.244981786E2,-1.189232826E0,2.848057270E0,1.037228775E1
1.245182888E2,-2.961117923E-1,2.210968018E0,1.169252777E1
1.245383990E2,5.066801906E-1,2.001596212E0,1.162612724E1
1.245585092E2,3.571287692E-1,2.275574446E0,1.080778122E1
1.245786194E2,-2.757728100E-1,2.709871531E0,1.032084274E1
1.245987296E2,-8.961120844E-1,2.790629387E0,1.017248726E1
1.246188398E2,-1.712662816E0,2.867797852E0,9.885947227E0
1.246389500E2,-2.213361025E0,3.130410194E0,9.035298347E0
1.246590602E2,-2.277967215E0,3.378067255E0,8.375477791E0
1.246791704E2,-1.852642894E0,3.327818155E0,8.821140289E0
1.246992806E2,-1.014556766E0,2.928216696E0,9.203393936E0
1.247193909E2,-3.385843933E-1,2.404786825E0,8.871988297E0
1.247395011E2,-2.081755698E-1,2.282752752E0,8.087141991E0
1.247596113E2,-6.101697683E-1,2.660220623E0,7.659425259E0
1.247797215E2,-1.329811215E0,3.294318676E0,7.070192814E0
1.247998316E2,-1.707877159E0,3.370888948E0,6.674180508E0
1.248199418E2,-1.337587833E0,3.235096216E0,7.183851719E0
1.248400520E2,-7.357929349E-1,3.124428272E0,7.868198872E0
1.248601623E2,-2.811566591E-1,2.929413080E0,8.005785942E0
1.248802725E2,-2.243271172E-1,3.034697294E0,8.298309326E0
1.249003827E2,-6.909275651E-1,3.232105255E0,9.196215630E0
1.249204929E2,-1.099501967E0,3.390629768E0,9.748957634E0
1.249406031E2,-1.073180914E0,3.326023579E0,1.045484066E1
1.249607133E2,-6.933203340E-1,3.024527788E0,1.186720371E1
1.249808235E2,2.051845491E-1,2.709871531E0,1.214118195E1
1.250009337E2,1.203589797E0,2.374876499E0,1.099920750E1
1.250210439E2,1.249053478E0,2.475973129E0,1.026879883E1
1.250411541E2,6.364908218E-1,2.776272535E0,1.028495026E1
1.250612643E2,-4.666004330E-2,2.852842808E0,1.091665554E1
1.250813745E2,-2.273181528E-1,2.615953445E0,1.180798149E1
1.251014848E2,-1.734796464E-1,2.328216314E0,1.235593796E1
1.251215950E2,-2.602194548E-1,2.362314224E0,1.227159119E1
1.251417052E2,-2.703889608E-1,2.383849621E0,1.084905815E1
1.251618154E2,-4.576273263E-1,2.426920414E0,9.966106415E0
1.251819256E2,-8.943174481E-1,2.519642353E0,9.750752449E0
1.252020358E2,-1.411167145E0,2.753540754E0,9.437891006E0
1.252221460E2,-1.666600943E0,2.912663460E0,8.955737114E0
1.252422562E2,-1.546361685E0,2.937189817E0,8.103293419E0
1.252623664E2,-1.457229018E0,2.938386202E0,6.957729816E0
1.252824766E2,-1.182652593E0,2.945564747E0,6.683752060E0
1.253025868E2,-6.502495408E-1,2.810370207E0,6.591628075E0
1.253226970E2,-1.668993831E-1,2.685943365E0,6.786643028E0
1.253428073E2,-2.751746029E-2,2.816352367E0,7.693522930E0
1.253629175E2,-4.965107143E-2,2.988037348E0,8.490931511E0
1.253830276E2,8.374879137E-3,2.977269650E0,8.479565620E0
1.254031378E2,-4.187439755E-2,2.972483873E0,8.639883995E0
1.254232480E2,-1.028913707E-1,3.060420275E0,8.486145973E0
1.254433582E2,2.871387079E-2,3.071187973E0,9.047262192E0
1.254634685E2,4.001995921E-1,2.871985435E0,1.049731255E1
1.254835787E2,7.495517135E-1,2.592025042E0,1.110688496E1
1.255036889E2,1.048654556E0,2.284547329E0,1.103928757E1
1.255237991E2,7.477570772E-1,2.304288149E0,1.140419292E1
1.255439093E2,1.890329868E-1,2.655434847E0,1.139402294E1
1.255640195E2,-1.117448211E0,2.700898647E0,1.067079258E1
1.255841297E2,-2.732603550E0,3.002394199E0,1.115832996E1
1.256042399E2,-3.332005501E0,3.008974552E0,1.275015545E1
1.256243501E2,-2.393420935E0,2.416152716E0,1.273101330E1
1.256444603E2,-9.230313301E-1,1.987837434E0,1.119362450E1
1.256645705E2,2.225325108E-1,1.911865234E0,1.019162941E1
1.256846807E2,8.063812256E-1,1.996212244E0,9.887741089E0
1.257047910E2,5.641079545E-1,2.050050735E0,1.039442158E1
1.257249012E2,-6.628118753E-1,2.303091764E0,1.069771194E1
1.257450114E2,-2.071586132E0,2.913859844E0,9.760323524E0
1.257651216E2,-2.899502754E0,3.409772158E0,8.711071014E0
1.257852318E2,-3.027518749E0,3.795614958E0,8.809774399E0
1.258053420E2,-2.703889608E0,3.785445452E0,9.744172096E0
1.258254522E2,-2.077568293E0,3.239283562E0,1.034297562E1
1.258455624E2,-1.356730461E0,2.674577475E0,1.034357452E1
1.258656726E2,-6.867401004E-1,2.332403898E0,9.669994354E0
1.258857828E2,-4.295116663E-1,2.232503414E0,9.071788788E0
1.259058930E2,-6.161518097E-1,2.492722988E0,8.296514511E0
1.259260032E2,-5.521438122E-1,2.687139750E0,7.684549809E0
1.259461135E2,-3.984049559E-1,2.650649309E0,7.539783955E0
1.259662237E2,-9.272187948E-2,2.586641312E0,8.279764175E0
1.259863339E2,-4.103690982E-1,2.582453728E0,8.855237961E0
1.260064441E2,-1.123430252E0,2.932404041E0,8.333004951E0
1.260265543E2,-1.322034478E0,3.292523861E0,7.702496052E0
1.260466645E2,-9.822536707E-1,3.289532900E0,7.697710514E0
1.260667747E2,-4.486542344E-1,3.101098061E0,7.942974567E0
1.260868849E2,-2.703889608E-1,3.186043262E0,7.947162151E0
1.261069951E2,-2.333002090E-1,3.220141172E0,8.604590416E0
1.261271053E2,-2.057827413E-1,3.050250769E0,9.806385040E0
1.261472155E2,-6.831508875E-1,3.147758245E0,1.006720352E1
1.261673257E2,-8.871390224E-1,3.364308596E0,9.319445610E0
1.261874360E2,-7.154539824E-1,3.467200041E0,8.252845764E0
1.262075462E2,-5.509474277E-1,3.574877024E0,7.974081516E0
1.262276564E2,-5.958128572E-1,3.439682484E0,9.028120041E0
1.262477666E2,-5.048855543E-1,2.988635540E0,1.022213840E1
1.262678768E2,2.596212626E-1,2.122433662E0,1.141795158E1
1.262879870E2,1.351346612E0,1.854437590E0,1.025444126E1
1.263080972E2,5.599204898E-1,2.151147604E0,9.492925644E0
1.263282074E2,-7.597211748E-2,2.717050076E0,9.004191399E0
1.263483176E2,5.982056609E-4,2.768495798E0,8.169694901E0
1.263684278E2,1.070788130E-1,2.493919373E0,8.565707207E0
1.263885380E2,3.720839322E-1,2.536990166E0,9.160323143E0
1.264086482E2,-2.979064286E-1,2.709273338E0,8.663812637E0
1.264287585E2,-6.705885530E-1,2.963510752E0,8.650053978E0
1.264488687E2,-5.401797295E-1,2.928814888E0,8.554939270E0
1.264689789E2,-4.384847581E-1,2.915654421E0,8.110472679E0
1.264890891E2,-9.116654396E-1,3.254238844E0,8.574680328E0
1.265091993E2,-8.901300430E-1,3.501297712E0,8.810373306E0
1.265293096E2,-5.760720372E-1,3.381058455E0,8.886344910E0
1.265494197E2,-5.413761139E-1,3.366103172E0,8.925827026E0
1.265695300E2,-5.395814776E-1,3.326621771E0,8.885746956E0
1.265896402E2,-5.240281820E-1,3.235096216E0,8.893523216E0
1.266097504E2,-4.660021961E-1,3.145365477E0,9.168100357E0
1.266298606E2,-5.784648657E-1,3.098705292E0,9.169296265E0
1.266499708E2,-7.010970116E-1,3.160320520E0,9.280562401E0
1.266700810E2,-4.283152521E-1,2.926422119E0,9.145966530E0
1.266901912E2,-8.398807645E-1,3.429512978E0,5.893522263E0
1.267103014E2,-1.021735311E0,3.330210924E0,9.293125153E0
1.267304116E2,-7.148557901E-1,3.358326674E0,9.131608963E0
1.267505218E2,-7.465606928E-1,3.413959742E0,9.044271469E0
1.267706320E2,-6.586244106E-1,3.662813187E0,9.116654396E0
1.267907423E2,-4.666004330E-2,3.659822226E0,8.376673698E0
1.268359254E2,-7.052844763E-1,5.181657314E0,7.919046402E0
1.268560356E2,-7.956135273E-2,5.067998409E0,8.400003433E0
1.268761458E2,7.902296782E-1,4.725824833E0,9.095717430E0
1.268962560E2,-7.280163169E-1,4.913661480E0,9.742975235E0
1.269163662E2,-1.289731383E0,5.642873764E0,1.057388306E1
1.269364764E2,-1.339382529E0,5.488536835E0,1.057089233E1
1.269565866E2,-8.835497499E-1,5.458626747E0,9.716654778E0
1.269766967E2,-4.965106845E-1,5.424529076E0,8.919246674E0
1.269968069E2,-2.333002090E-1,5.353940487E0,8.413763046E0
1.270169171E2,1.914258152E-1,5.154139996E0,8.615956306E0
1.270370273E2,9.343972206E-1,4.848456860E0,9.775876999E0
1.270571375E2,1.491924882E0,4.643272400E0,1.084427261E1
1.270772477E2,1.258624673E0,4.909473896E0,1.100399303E1
1.270973578E2,1.104287624E0,4.913661480E0,1.050269699E1
1.271174680E2,7.088736892E-1,4.369294167E0,1.076889801E1
1.271375782E2,4.600201547E-1,3.796213150E0,1.102612686E1
1.271576884E2,-6.005984545E-1,3.543172121E0,1.065583706E1
1.271777986E2,-2.397608280E0,3.712464333E0,9.950552940E0
1.271979088E2,-3.320639610E0,3.809971809E0,9.824930191E0
1.272180190E2,-2.710469961E0,3.239283562E0,1.088315582E1
1.272381291E2,-1.379462242E0,2.403590441E0,1.189232826E1
1.272582393E2,-2.608176768E-1,1.774278045E0,1.206162071E1
1.272783495E2,-2.745763958E-1,1.756929994E0,1.196650600E1
1.272984597E2,-7.016952634E-1,2.109871387E0,1.156092262E1
1.273185699E2,-6.963114142E-1,2.434098721E0,1.027777100E1
1.273386801E2,-6.137589812E-1,2.629113913E0,9.387641907E0
1.273587902E2,-8.751748800E-1,2.684148788E0,8.961120605E0
1.273789004E2,-1.476371527E0,2.679363251E0,9.331410408E0
1.273990106E2,-1.293320656E0,2.425125837E0,9.454042435E0
1.274191208E2,-2.632104978E-2,1.963310957E0,8.320442200E0
1.274392310E2,1.222134113E0,1.583450437E0,6.032904148E0
1.274593412E2,1.235294700E0,1.622333765E0,5.123033047E0
1.274794513E2,-1.196411345E-2,1.626521230E0,6.356533527E0
1.274995615E2,-1.183848977E0,1.694716692E0,8.043473244E0
1.275196717E2,-1.029511929E0,1.596012712E0,7.982456207E0
1.275397819E2,-7.316055298E-1,1.725225091E0,7.412366390E0
1.275598921E2,-3.762713671E-1,1.812563181E0,7.604988575E0
1.275800023E2,7.686942816E-1,1.312463164E0,8.721838951E0
1.276001125E2,1.834696770E0,6.867401004E-1,1.046082211E1
1.276202226E2,1.627119422E0,5.192425251E-1,1.220160103E1
1.276403328E2,1.174277663E0,7.441678643E-1,1.342612743E1
1.276604430E2,7.130611539E-1,1.032503009E0,1.428754425E1
1.276805531E2,1.286142230E0,1.112662554E0,1.398425388E1
1.277006634E2,1.525424421E-1,1.576271892E0,1.315872955E1
1.277207735E2,-2.035095692E0,2.648256540E0,1.293200970E1
1.277408837E2,-2.335394859E0,3.270988464E0,1.135813046E1
1.277609939E2,6.065805554E-1,2.684746981E0,9.910472870E0
1.277811041E2,2.904288530E0,1.580459356E0,1.106740284E1
1.278012142E2,3.128615618E0,9.092726111E-1,1.316770267E1
1.278213244E2,3.246462107E0,5.647061467E-1,1.297867012E1
1.278414346E2,3.746562004E0,4.133601189E-1,1.088913727E1
1.278615448E2,1.990230203E0,9.236295223E-1,9.431908607E0
1.278816550E2,-6.287141442E-1,1.732403636E0,8.729017258E0
1.279017652E2,-1.134796143E0,2.028515339E0,7.854440212E0
1.279218753E2,-4.151547253E-1,1.914258122E0,7.631907940E0
1.279419855E2,3.361915946E-1,1.940579176E0,7.768298626E0
1.279620957E2,1.794617064E-2,2.632104874E0,6.914659023E0
1.279822059E2,-1.899901152E0,3.537788391E0,6.375676155E0
1.280023161E2,-2.200200319E0,3.640081406E0,6.514459610E0
1.280224262E2,1.244267747E-1,2.529213428E0,7.351349354E0
1.280425364E2,2.625524759E0,1.363310695E0,8.938986778E0
1.280626466E2,3.363112211E0,1.082752228E0,9.608977318E0
1.280827568E2,2.603989124E0,1.427916884E0,9.132207870E0
1.281028670E2,2.023729801E0,1.850250125E0,9.040083885E0
1.281229772E2,2.037488461E0,1.902892232E0,9.387641907E0
1.281430873E2,1.783251047E0,2.021935225E0,9.118449211E0
1.281631975E2,8.093722463E-1,2.411366940E0,8.462815285E0
1.281833077E2,-5.425725579E-1,2.780459881E0,9.191430092E0
1.282034179E2,-1.896311939E-1,2.565105915E0,1.016889763E1
1.282235280E2,6.520441771E-1,1.767697692E0,1.077368355E1
1.282436382E2,1.179661512E0,1.348953724E0,1.131147099E1
1.282637484E2,8.021938205E-1,1.478764415E0,1.174696445E1
1.282838586E2,-1.115055323E0,1.560120344E0,1.223629665E1
1.283039688E2,-1.815554142E0,1.169492126E0,1.321735382E1
1.283240789E2,-9.643075466E-1,5.347958803E-1,1.210349560E1
1.283441891E2,-8.350951076E-1,4.438686073E-1,9.592227936E0
1.283642993E2,-2.083550215E0,1.180858016E0,7.808378696E0
1.283844094E2,-2.355733871E0,1.728216171E0,7.358527660E0
1.284045197E2,-1.380658627E0,1.657627940E0,6.783053875E0
1.284246298E2,-5.605186820E-1,1.445264935E0,7.863413334E0
1.284447400E2,-5.533402562E-1,1.287338614E0,1.005942631E1
1.284648502E2,3.409772366E-2,1.189232826E0,1.026102161E1
1.284849603E2,2.261217386E-1,1.246660590E0,9.878767967E0
1.285050705E2,-5.712863803E-1,1.389033556E0,9.418149948E0
1.285251807E2,-1.327418327E0,1.433898926E0,9.171689034E0
1.285452909E2,-1.098305583E0,1.293320656E0,9.532406807E0
1.285654011E2,5.976074338E-1,7.944171429E-1,1.003789139E1
1.285855112E2,1.380658627E0,3.272185028E-1,9.897911072E0
1.286056214E2,4.546363056E-1,4.695914388E-1,9.761520386E0
1.286257316E2,-5.030909777E-1,8.632107973E-1,8.802596092E0
1.286458418E2,-7.088736892E-1,1.291526079E0,8.155337334E0
1.286659520E2,-4.959124923E-1,1.438086390E0,8.052446365E0
1.286860621E2,-6.400800347E-1,1.600798368E0,7.889136314E0
1.287061723E2,-1.344766378E0,1.947159410E0,8.196614265E0
1.287262825E2,-1.739582062E0,2.266003132E0,8.392227173E0
1.287463927E2,-1.287936807E0,2.268994093E0,8.957531929E0
1.287665028E2,-3.643072546E-1,1.893919110E0,9.824930191E0
1.287866130E2,6.005984545E-1,1.501496196E0,1.111226845E1
1.288067232E2,1.668993831E0,1.292722464E0,1.164108181E1
1.288268334E2,7.956135273E-2,1.872383714E0,1.087537861E1
1.288469435E2,-6.801598072E-1,2.364706993E0,1.031127071E1
1.288670537E2,3.457628787E-1,2.045265198E0,1.126600742E1
1.288871639E2,1.942971945E0,1.403390527E0,1.212862015E1
1.289072741E2,2.177468538E0,1.277169108E0,1.124387360E1
1.289273842E2,5.036891699E-1,1.700698733E0,1.017667484E1
1.289474944E2,-6.394818425E-1,1.579861164E0,1.149093246E1
1.289676046E2,4.570291340E-1,5.629115105E-1,1.376830196E1
1.289877148E2,1.570888042E0,-1.531406492E-1,1.434078407E1
1.290078250E2,1.532602906E0,-1.226321608E-1,1.304985619E1
1.290279351E2,1.064806104E0,1.615155339E-1,1.147478104E1
1.290480453E2,7.417750359E-2,5.964110494E-1,1.027717304E1
1.290681555E2,1.441675574E-1,7.280163169E-1,9.047262192E0
1.290882656E2,4.510470629E-1,6.149554253E-1,9.248857498E0
1.291083758E2,3.894318938E-1,5.892325640E-1,9.882955551E0
1.291284860E2,3.882354796E-1,6.173482537E-1,9.800403595E0
1.291485962E2,3.756731451E-1,6.759724021E-1,9.391828537E0
1.291687063E2,4.462614357E-1,7.483552694E-1,8.568099976E0
1.291888165E2,3.308077157E-1,8.823533654E-1,8.061419487E0
1.292089267E2,1.501496136E-1,1.008574724E0,8.084151268E0
1.292290368E2,1.369891018E-1,1.121635556E0,7.900502205E0
1.292491471E2,4.247260094E-1,1.181456208E0,7.089335442E0
1.292692572E2,5.599204898E-1,1.253240824E0,6.631109715E0
1.292893674E2,8.033902049E-1,1.336989641E0,6.423532486E0
1.293094776E2,5.694918036E-1,1.382453322E0,6.130411625E0
1.293295877E2,4.791627228E-1,9.625129104E-1,7.588837147E0
1.293496979E2,2.484946251E0,9.810572863E-2,1.253898907E1
1.293698081E2,5.165505886E0,-1.057627559E0,1.646142387E1
1.293899183E2,4.456034184E0,-8.602197170E-1,1.357867050E1
1.294100284E2,1.093519926E0,6.867401004E-1,9.432506561E0
1.294301386E2,-1.666002750E0,1.974676847E0,8.198408127E0
1.294502488E2,-1.649253011E0,2.220539331E0,8.776275635E0
1.294703589E2,-1.064806104E0,1.629512191E0,1.000798035E1
1.294904691E2,-1.716850281E0,1.328614831E0,1.132403278E1
1.295105793E2,-3.885943890E0,1.735992789E0,1.247737408E1
1.295306894E2,-1.432702541E0,1.244267821E0,1.259342575E1
1.295507997E2,3.061018467E0,1.148554832E-1,1.260598755E1
1.295709098E2,2.641077995E0,3.080759048E-1,1.248335552E1
1.295910200E2,3.738785386E-1,1.291526079E0,1.042193890E1
1.296111302E2,1.016949639E-1,1.734796405E0,7.751548767E0
1.296312403E2,-5.228317380E-1,1.900499344E0,8.132605553E0
1.296513505E2,-2.054836512E0,2.040479422E0,9.796813965E0
1.296714607E2,-2.239681959E0,1.873580098E0,1.050748253E1
1.296915709E2,-1.102493048E0,1.374078393E0,1.057149029E1
1.297116810E2,-2.183450609E-1,1.106082320E0,1.055234814E1
1.297317912E2,1.058823988E-1,1.453639746E0,1.023769188E1
1.297519014E2,2.799602449E-1,2.350948334E0,9.160323143E0
1.297720115E2,8.895317912E-1,2.477767944E0,8.124231339E0
1.297921217E2,6.143572330E-1,2.203789711E0,8.635697365E0
1.298122319E2,-1.135992527E0,2.171486616E0,1.026580715E1
1.298323421E2,-1.952543259E0,2.513062000E0,9.998409271E0
1.298524522E2,-8.129615188E-1,2.595016241E0,7.960322857E0
1.298725624E2,-2.500499785E-1,2.504088879E0,7.515855789E0
1.298926726E2,-1.599003673E0,2.753540754E0,9.256035805E0
1.299127827E2,-2.672184706E0,2.849253654E0,1.059003448E1
1.299328929E2,-2.975475073E0,2.796013355E0,1.054158020E1
1.299530031E2,-2.333002090E0,2.542972326E0,9.653842926E0
1.299731133E2,-5.641079545E-1,1.820339799E0,1.050209904E1
1.299932234E2,1.912463546E0,6.077769399E-1,1.426541042E1
1.300133336E2,2.469991207E0,5.341976285E-1,1.585843182E1
1.300334438E2,1.752144337E0,2.167897224E0,9.571290970E0
1.300535539E2,2.273181453E-2,4.147359848E0,3.247658491E0
1.300736641E2,-1.929811478E0,4.006183147E0,6.670591354E0
1.300937743E2,-1.954337835E0,2.419143677E0,1.190967655E1
1.301138844E2,8.021938205E-1,1.553540111E0,1.262632656E1
1.301339946E2,1.908874273E0,1.776670814E0,1.050808048E1
1.301541048E2,1.161117196E0,2.712862730E0,7.989036560E0
1.301742150E2,1.950150430E-1,3.196810961E0,6.553941250E0
1.301943251E2,-1.124626622E-1,2.997010469E0,6.860222340E0
1.302144353E2,3.930211067E-1,2.467000246E0,8.493922234E0
1.302345455E2,2.673979402E-1,2.283949137E0,9.458230019E0
1.302546556E2,-8.374879137E-3,2.293520451E0,9.218947411E0
1.302747659E2,-6.029912829E-1,2.201396942E0,9.148957253E0
1.302948760E2,-1.232303619E0,2.053041935E0,1.095135117E1
1.303149862E2,-3.337987661E-1,1.671984792E0,1.219980621E1
1.303350963E2,1.138385415E0,1.715055585E0,9.806983948E0
1.303552065E2,8.111668825E-1,2.401795626E0,7.639684677E0
1.303753167E2,-2.338984162E-1,3.222533941E0,7.003791809E0
1.303954268E2,-2.991028316E-2,3.374478102E0,7.693522930E0
1.304155370E2,4.169493318E-1,3.475574970E0,7.835297585E0
1.304356472E2,1.274178028E0,3.292523861E0,7.875377655E0
1.304557574E2,1.173081279E0,3.452843189E0,8.391031265E0
1.304758675E2,4.588237405E-1,4.064807415E0,8.585447311E0
1.304959777E2,-5.443671346E-2,4.749752998E0,8.559724808E0
1.305160879E2,4.085744619E-1,4.756931305E0,9.469595909E0
1.305361980E2,1.472184181E0,4.030111313E0,1.094776154E1
1.305563082E2,2.104487419E0,3.658027649E0,1.216391373E1
1.305764184E2,7.812566161E-1,4.335196495E0,1.219143105E1
1.305965286E2,-7.651050687E-1,4.894518852E0,9.487542152E0
1.306166387E2,-1.471585870E0,4.801198483E0,7.847859859E0
1.306367489E2,-9.978070259E-1,3.626322746E0,9.834501266E0
1.306568591E2,7.555337548E-1,2.552543640E0,1.194975662E1
1.306769692E2,1.426122308E0,2.392224550E0,1.126959610E1
1.306970794E2,1.531406492E-1,3.426522017E0,8.371888161E0
1.307171896E2,-1.162313581E0,4.141377926E0,6.273981094E0
1.307372998E2,-1.408176184E0,3.934996843E0,6.439085960E0
1.307574099E2,-8.997012973E-1,3.134597778E0,8.486743927E0
1.307775201E2,-5.545366406E-1,2.544168711E0,9.563513756E0
1.307976303E2,-6.819544435E-1,2.665604353E0,8.217551231E0
1.308177404E2,-5.204389244E-2,2.356332064E0,7.558926582E0
1.308378506E2,8.428717852E-1,1.567897081E0,8.681160927E0
1.308579608E2,7.142575383E-1,1.487737536E0,9.596415520E0
1.308780710E2,6.370890141E-1,1.551147223E0,9.570692062E0
1.308981811E2,1.074377418E0,1.300499082E0,1.042971611E1
1.309182913E2,8.057830334E-1,1.243669510E0,9.760323524E0
1.309384014E2,-6.669993401E-1,2.541177750E0,6.747161865E0
1.309585116E2,-1.736590981E0,3.866203070E0,5.151148796E0
1.309786218E2,-1.898704767E0,4.616353035E0,5.546562672E0
1.309987319E2,-1.547558069E0,4.364508629E0,7.224529743E0
1.310188421E2,-1.357926846E0,3.921836376E0,9.818947792E0
1.310389523E2,-9.427721500E-1,3.375674486E0,1.229671574E1
1.310590625E2,-7.298108935E-1,3.262015581E0,1.303430271E1
1.310791726E2,-6.562315822E-1,3.520440340E0,1.219561863E1
1.310992828E2,-1.206580877E0,3.785445452E0,1.218664551E1
1.311193930E2,-1.355534077E0,4.426123619E0,1.227099228E1
1.311395031E2,-6.203392744E-1,4.764110088E0,9.891928673E0
1.311596133E2,-2.051845491E-1,4.734199524E0,8.918049812E0
1.311797235E2,2.691925466E-1,4.139583111E0,9.083154678E0
1.311998337E2,8.781659007E-1,3.488137245E0,8.887541771E0
1.312199438E2,4.881358147E-1,3.192025423E0,9.720842361E0
1.312400540E2,6.999006271E-1,2.874378204E0,1.098006535E1
1.312601642E2,8.829515576E-1,2.656033039E0,1.124088287E1
1.312802743E2,8.697910309E-1,2.750549555E0,1.034177971E1
1.313003845E2,1.196411371E0,2.800200701E0,8.695517540E0
1.313204947E2,1.062413216E0,2.861217737E0,7.940581799E0
1.313406049E2,4.289134443E-1,3.064607620E0,7.432705402E0
1.313607150E2,1.004985496E-1,3.357728481E0,6.661019802E0
1.313808252E2,6.939185411E-2,3.244667530E0,7.032505512E0
1.314009353E2,6.209374666E-1,2.673381090E0,8.652446747E0
1.314210455E2,1.244267821E0,2.192423820E0,9.515657425E0
1.314411557E2,1.358525038E0,2.128415823E0,9.524032593E0
1.314612659E2,1.000199914E0,2.446661234E0,8.560921669E0
1.314813761E2,6.945167780E-1,2.913859844E0,7.059424877E0
1.315014862E2,6.903293133E-1,3.072982550E0,6.387042046E0
1.315215964E2,7.734799385E-1,3.002394199E0,6.822535515E0
1.315417065E2,5.102694035E-1,3.139981508E0,7.422535896E0
1.315618167E2,4.779663086E-1,3.474378586E0,6.644868374E0
1.315819269E2,2.147558331E-1,4.009174347E0,5.885147095E0
1.316020371E2,-7.956135273E-2,4.275375843E0,7.180262566E0
1.316221472E2,-2.524427772E-1,3.576073408E0,1.051466084E1
1.316422574E2,2.033899166E-2,2.868396044E0,1.355653667E1
1.316623676E2,6.382854581E-1,2.602792740E0,1.425643730E1
1.316824777E2,1.704886079E0,2.916850805E0,1.204367447E1
1.317025879E2,1.710868239E0,3.224926710E0,1.081795120E1
1.317226981E2,1.403390527E0,2.965903759E0,1.164706421E1
1.317428083E2,2.333002090E-1,3.063411236E0,1.248993587E1
1.317629184E2,-9.128618240E-1,3.421736479E0,1.249053383E1
1.317830286E2,-1.260419369E0,3.652045488E0,1.438206005E1
1.318031388E2,-5.982056609E-4,2.583650351E0,1.581237030E1
1.318232489E2,1.054038405E0,1.749751568E0,1.539841175E1
1.318433591E2,7.710871100E-1,2.144567251E0,1.218425274E1
1.318634692E2,4.666004181E-1,2.404786825E0,8.242077827E0
1.318835794E2,-1.168893814E0,2.799004316E0,7.415955544E0
1.319036896E2,-2.136192322E0,2.732603550E0,7.872984886E0
1.319237998E2,-2.115853310E0,2.669193745E0,8.203792572E0
1.319439099E2,-8.691928387E-1,2.489133835E0,9.019744873E0
1.319640201E2,2.757728100E-1,2.130808592E0,1.013001442E1
1.319841303E2,7.250252366E-1,1.658824325E0,1.123370457E1
1.320042404E2,8.973085135E-2,1.605584025E0,1.126780224E1
1.320243506E2,-2.805584669E-1,1.664806366E0,9.530612946E0
1.320444608E2,-1.752742529E-1,1.719243050E0,7.977670670E0
1.320645710E2,-3.284149170E-1,1.778465390E0,7.599006653E0
1.320846811E2,-9.038887620E-1,2.116451740E0,7.652844906E0
1.321047913E2,-1.460818172E0,2.543570518E0,7.178467751E0
1.321249015E2,-1.686939955E0,2.857030153E0,6.467201233E0
1.321450116E2,-1.791027784E0,3.068794966E0,6.758527756E0
1.321651218E2,-1.540379524E0,3.117249727E0,7.690532207E0
1.321852320E2,-1.451246977E0,3.136990547E0,8.012366295E0
1.322053422E2,-1.503290772E0,3.441477060E0,7.681559086E0
1.322254523E2,-1.438086390E0,3.831507206E0,8.035098076E0
1.322455625E2,-1.583450437E0,4.123431683E0,9.011968613E0
1.322656727E2,-1.475175142E0,4.074378967E0,1.024008465E1
1.322857828E2,-7.507480979E-1,3.707678795E0,1.158066368E1
1.323058930E2,4.606183469E-1,3.027518749E0,1.224766254E1
1.323260031E2,7.525427341E-1,2.795415163E0,1.237508011E1
1.323461134E2,4.103690982E-1,2.992822886E0,1.203589821E1
1.323662235E2,1.166501045E-1,3.534198999E0,1.043868923E1
1.323863337E2,7.710871100E-1,3.621536970E0,8.016553879E0
1.324064439E2,1.016949654E0,3.501895905E0,7.800003529E0
1.324265540E2,-1.849053741E0,3.895515203E0,1.037049294E1
1.324466642E2,-2.398804665E0,3.441477060E0,1.232901859E1
1.324667743E2,-1.411765367E-1,2.055434704E0,1.324666595E1
1.324868846E2,1.145563841E0,1.708475351E0,1.318564892E1
1.325069947E2,1.089332461E0,1.823929071E0,1.134915733E1
1.325271049E2,-4.935196638E-1,2.386242390E0,9.215956688E0
1.325472151E2,-1.645663738E0,2.888136864E0,7.169494629E0
1.325673252E2,-1.416550994E0,2.974876642E0,6.057430744E0
1.325874354E2,-6.370890141E-1,2.890529871E0,6.244668961E0
1.326075455E2,-1.872383654E-1,2.638087034E0,6.974479675E0
1.326276558E2,-1.932204217E-1,2.532802820E0,7.924430370E0
1.326477659E2,1.633101404E-1,2.368296146E0,7.457829952E0
1.326678763E2,4.121637046E-1,2.391626120E0,6.515655994E0
1.326879865E2,4.319044948E-1,2.505285263E0,6.228517532E0
1.327080967E2,-2.303091735E-1,2.799004316E0,6.787839413E0
1.327282068E2,-1.261017561E0,3.556930780E0,6.509674072E0
1.327483170E2,-1.750947952E0,4.031308174E0,6.646064758E0
1.327684272E2,-1.027717352E0,3.827918053E0,7.582256794E0
1.327885373E2,-6.203392744E-1,3.574877024E0,9.392427444E0
1.328086475E2,-1.106680512E0,3.461217880E0,1.132223892E1
1.328287577E2,-1.621137381E0,3.471387386E0,1.298824120E1
1.328488679E2,-1.553540111E0,3.403192043E0,1.348654652E1
1.328689780E2,-7.579265833E-1,3.163311481E0,1.300379467E1
1.328890882E2,-5.162515044E-1,3.430111170E0,1.165663528E1
1.329091984E2,-1.657029629E0,3.961317778E0,1.055294609E1
1.329293085E2,-2.268994093E0,4.059423447E0,1.002473068E1
1.329494187E2,-1.957328916E0,3.689134359E0,1.045244789E1
1.329695289E2,-6.903293133E-1,3.035893679E0,1.125224876E1
1.329896391E2,1.579262912E-1,2.889333248E0,1.031904793E1
1.330097492E2,-4.432703853E-1,3.410370588E0,8.764909744E0
1.330298594E2,-1.931007862E0,4.076173306E0,7.920841217E0
1.330499696E2,-2.513062000E0,4.342973232E0,7.896314621E0
1.330700797E2,-2.124228239E0,4.044468403E0,8.894720078E0
1.330901899E2,-1.603789330E0,3.637688637E0,9.401400566E0
1.331103001E2,-8.871390224E-1,3.257229805E0,8.720044136E0
1.331304103E2,-5.934200287E-1,3.022733212E0,7.723433495E0
1.331505204E2,-9.050851464E-1,3.029911757E0,6.999006271E0
1.331706306E2,-6.412764788E-1,2.918047190E0,7.164111137E0
1.331907408E2,5.623133108E-2,2.683550596E0,8.216953278E0
1.332108509E2,5.102694035E-1,2.426920414E0,9.399007797E0
1.332309611E2,4.707878530E-1,2.249253273E0,1.076889801E1
1.332510713E2,-6.783652306E-1,2.679363251E0,1.022931671E1
1.332711815E2,-2.076970100E0,3.482753277E0,7.953742504E0
1.332912917E2,-3.236292601E0,3.955335855E0,8.061419487E0
1.333114018E2,-2.797807932E0,4.145565033E0,8.153543472E0
1.333315120E2,-4.600201547E-1,3.547359467E0,7.508079052E0
1.333516221E2,2.901297510E-1,3.152543783E0,9.713065147E0
1.333717323E2,-7.178468257E-2,3.173480988E0,1.096570778E1
1.333918425E2,-2.614158690E-1,3.218346357E0,1.116491032E1
1.334119527E2,1.716850251E-1,3.259622574E0,1.223270798E1
1.334320629E2,1.284945726E0,3.095714331E0,1.194377422E1
1.334521730E2,1.136590764E-1,3.653840065E0,1.183490086E1
1.334722832E2,-1.271187067E0,4.052843571E0,1.250070381E1
1.334923934E2,-5.587241054E-1,3.731606960E0,1.291466236E1
1.335125035E2,1.286740422E0,2.988635540E0,1.149691486E1
1.335326137E2,1.874178290E0,2.948555708E0,1.031306553E1
1.335527239E2,5.874379873E-1,3.336193085E0,9.778867722E0
1.335728341E2,-2.267199457E-1,3.515056372E0,8.398209572E0
1.335929442E2,-4.325026870E-1,3.318246841E0,8.093124390E0
1.336130544E2,-2.213360965E-1,2.959323406E0,8.730213165E0
1.336331646E2,-2.596212626E-1,2.674577475E0,8.888737679E0
1.336532747E2,-9.391828775E-1,2.784647465E0,9.275178909E0
1.336733849E2,-1.019940615E0,2.752942562E0,8.688339233E0
1.336934951E2,-4.127618968E-1,2.590828657E0,8.033902168E0
1.337136053E2,-3.403790295E-1,2.530410051E0,8.245666504E0
1.337337155E2,-4.049852192E-1,2.781058073E0,8.190033913E0
1.337538256E2,-7.058826685E-1,3.296113253E0,6.872784615E0
1.337739358E2,-9.768698215E-1,3.710071564E0,5.592624664E0
1.337940460E2,-6.358926296E-1,3.413361549E0,6.357729912E0
1.338141561E2,-1.417149186E0,3.095116138E0,8.770891190E0
1.338342663E2,-1.466202021E0,3.184846878E0,1.024606609E1
1.338543765E2,-5.892325640E-1,3.449851990E0,8.733204842E0
1.338744867E2,-2.321037948E-1,3.687339783E0,8.179265976E0
1.338945969E2,-1.082752272E-1,3.775874138E0,9.419944763E0
1.339147070E2,-5.982056633E-2,3.822534084E0,1.005224800E1
1.339348172E2,-9.672985673E-1,4.093521118E0,1.061934662E1
1.339549273E2,-1.915454507E0,4.287938118E0,1.128156090E1
1.339750376E2,-2.650051117E0,4.315455437E0,1.133719349E1
1.339951477E2,-3.451048374E0,4.308277130E0,1.168834019E1
1.340152579E2,-3.111267567E0,3.784847260E0,1.202453232E1
1.340353681E2,-2.234298229E0,3.430111170E0,1.177388382E1
1.340554782E2,-1.089930773E0,3.276372433E0,9.957731247E0
1.340755884E2,-3.104687333E-1,3.361317635E0,8.968897820E0
1.340956986E2,1.938186288E-1,3.307479143E0,8.629117012E0
1.341158087E2,-3.523431420E-1,3.550350666E0,8.341380119E0
1.341359190E2,-2.015354872E0,4.080958843E0,8.665607452E0
1.341560291E2,-2.012363911E0,3.985246181E0,8.988039970E0
1.341761393E2,-7.896314859E-1,3.436093330E0,8.960522652E0
1.341962495E2,3.296113312E-1,3.142374277E0,8.425128937E0
1.342163596E2,4.558327198E-1,2.851048231E0,7.878368378E0
1.342364698E2,-6.514459848E-1,3.195016384E0,7.695915699E0
1.342565800E2,-8.075776696E-1,3.424727440E0,6.582654953E0
1.342766902E2,-1.130608678E0,3.735196114E0,5.992226124E0
1.342968004E2,-1.800000787E0,3.960121393E0,6.161518097E0
1.343169105E2,-2.274377823E0,3.818944931E0,7.501499176E0
1.343370207E2,-2.478366137E0,3.997210264E0,7.876574039E0
1.343571309E2,-1.511067510E0,4.107878208E0,6.963113785E0
1.343772410E2,-4.995017350E-1,3.905086517E0,7.618747234E0
1.343973512E2,-2.787638307E-1,3.888336897E0,9.235098839E0
1.344174614E2,2.811566554E-2,3.918246984E0,9.583852768E0
1.344375716E2,9.272187948E-2,4.156930923E0,9.541978836E0
1.344576818E2,-6.460621208E-2,4.491328239E0,9.020941734E0
1.344777919E2,1.770688742E-1,4.916652203E0,8.445467949E0
1.344979021E2,7.489534616E-1,5.046463013E0,8.288737297E0
1.345180123E2,5.449653864E-1,4.984249592E0,9.080163956E0
1.345381225E2,6.891329288E-1,4.159922123E0,1.187258816E1
1.345582327E2,2.031506538E0,2.867199659E0,1.392503166E1
1.345783428E2,3.355933666E0,2.266601324E0,1.341057491E1
1.345984530E2,2.769093990E0,2.517249346E0,1.091486073E1
1.346185632E2,2.626122832E-1,3.279961586E0,9.382855415E0
1.346386734E2,-7.872386575E-1,3.849453449E0,8.552546501E0
1.346587835E2,-5.264209956E-2,3.659822226E0,6.825526714E0
1.346788938E2,3.882354796E-1,3.751945972E0,6.894320011E0
1.346990039E2,1.405783296E-1,3.797409534E0,8.440083504E0
1.347191141E2,-6.101697683E-2,3.528815269E0,1.002353382E1
1.347392243E2,8.494520187E-2,2.751147747E0,1.114217854E1
1.347593344E2,3.607180119E-1,2.142174482E0,1.124387360E1
1.347794446E2,4.217349887E-1,1.932204247E0,1.104766178E1
1.347995548E2,2.219343036E-1,2.087139606E0,1.017428207E1
1.348196650E2,7.597211748E-2,2.686541557E0,8.035696983E0
1.348397752E2,-1.495514214E-1,3.251247883E0,6.428916454E0
1.348598853E2,-4.803591371E-1,3.696312666E0,6.241677761E0
1.348799955E2,-1.175474167E0,4.220340729E0,6.822535515E0
1.349001057E2,-1.802393675E0,4.782654285E0,6.833303452E0
1.349202159E2,-1.676172256E0,4.892724037E0,7.470392227E0
1.349403260E2,-1.155733347E0,4.682155609E0,8.871988297E0
1.349604362E2,-6.436693072E-1,4.183850288E0,1.119541931E1
1.349805464E2,-2.997010350E-1,3.522234917E0,1.315095329E1
1.350006566E2,6.041877344E-2,3.211168051E0,1.293141174E1
1.350207668E2,5.383851007E-2,3.546761274E0,1.074497032E1
1.350408769E2,-1.464407444E0,4.254438877E0,8.611170769E0
1.350609871E2,-2.364706993E0,4.893920422E0,7.058228493E0
1.350810973E2,-2.207977057E0,4.557728767E0,7.916653633E0
1.351012075E2,-1.434497118E0,3.673580885E0,1.115294647E1
1.351213177E2,-1.674975902E-1,2.695514679E0,1.375334644E1
1.351414279E2,1.351944804E-1,2.715255499E0,1.286261845E1
1.351615380E2,-4.917250574E-1,3.507878065E0,9.448060036E0
1.351816482E2,-9.643075466E-1,4.220340729E0,6.098108292E0
1.352017584E2,-1.357328653E0,4.375874519E0,6.126224041E0
1.352218686E2,-1.539183140E0,3.955934048E0,8.842676163E0
1.352419788E2,-5.383851007E-2,3.364308596E0,9.976275444E0
1.352620890E2,1.476371527E0,2.646461725E0,9.363115311E0
1.352821991E2,1.309472203E0,2.831905603E0,9.414560318E0
1.353023093E2,8.518448472E-1,3.048455954E0,8.778668404E0
1.353224195E2,5.264209956E-2,3.251247883E0,8.177471161E0
1.353425297E2,-6.801598072E-1,3.485744476E0,8.407182693E0
1.353626398E2,1.477568001E-1,3.195614576E0,8.150551796E0
1.353827501E2,7.268198729E-1,2.959921598E0,7.501499176E0
1.354028602E2,3.984049559E-1,3.347558975E0,7.137789726E0
1.354229704E2,-2.446661144E-1,3.728017569E0,7.250850677E0
1.354430806E2,-2.051845491E-1,3.925425529E0,7.826324463E0
1.354631908E2,1.728814393E-1,3.809971809E0,8.419744492E0
1.354833009E2,2.398804724E-1,3.726222992E0,8.909674644E0
1.355034111E2,-6.400800496E-2,3.879961967E0,8.910273552E0
1.355235213E2,-6.604190469E-1,4.013959885E0,9.212965012E0
1.355436315E2,-6.167500615E-1,3.736990690E0,1.017846966E1
1.355637417E2,1.830509305E-1,3.486342669E0,1.042134094E1
1.355838519E2,7.591229677E-1,3.628715515E0,9.193224907E0
1.356039620E2,-1.680957973E-1,3.970889091E0,1.016590691E1
1.356240722E2,-6.855437160E-1,3.663411379E0,1.283330631E1
1.356441824E2,2.985046208E-1,2.559721947E0,1.383171082E1
1.356642926E2,2.584248483E-1,2.352742910E0,1.300977707E1
1.356844028E2,-4.307080805E-1,3.080759048E0,1.192104244E1
1.357045130E2,3.828516230E-2,3.320639610E0,9.748359680E0
1.357246231E2,6.197410822E-1,2.913859844E0,8.222336769E0
1.357447333E2,6.400800347E-1,2.566900492E0,8.354539871E0
1.357648435E2,-2.069791555E-1,2.435295343E0,8.574081421E0
1.357849537E2,-8.955138922E-1,2.724228621E0,9.157930374E0
1.358050639E2,6.939185411E-2,2.265404940E0,8.579465866E0
1.358251741E2,6.610172391E-1,1.954337835E0,8.093722343E0
1.358452843E2,6.340979934E-1,2.038684845E0,8.039883614E0
1.358653944E2,6.903293133E-1,2.051845312E0,7.380063057E0
1.358855046E2,4.492524564E-1,2.268994093E0,6.702894211E0
1.359056148E2,-7.238288224E-2,2.505883455E0,6.363711834E0
1.359257250E2,2.991028363E-3,2.643470764E0,6.593422890E0
1.359458352E2,-2.273181453E-2,2.688336134E0,6.829713821E0
1.359659454E2,-6.041877270E-1,2.960519791E0,7.415357590E0
1.359860556E2,-5.509474277E-1,3.120838881E0,7.216155052E0
1.360061657E2,1.130608693E-1,2.969492912E0,7.733004570E0
1.360262759E2,4.378865361E-1,2.787638426E0,9.195018768E0
1.360463861E2,1.232901812E0,2.654836655E0,1.045005512E1
1.360664963E2,1.322632670E0,2.744567633E0,1.047159004E1
1.360866065E2,7.908278704E-1,3.279961586E0,1.068335533E1
1.361067167E2,4.007977843E-1,3.713062525E0,1.085085201E1
1.361268269E2,-3.349951804E-1,3.927220106E0,1.105065346E1
1.361469370E2,-1.552941918E0,3.739981890E0,1.287936783E1
1.361670472E2,-2.345564365E0,3.721437454E0,1.496710587E1
1.361871574E2,-1.914856315E0,3.555734396E0,1.373420334E1
1.362072676E2,-1.079162955E0,3.026322365E0,1.409252930E1
1.362273778E2,-2.979064286E-1,1.864008784E0,1.652722549E1
1.362474880E2,7.136593461E-1,8.584251404E-1,1.740419579E1
1.362675982E2,8.482556343E-1,1.241276741E0,1.361635685E1
1.362877083E2,-1.253240824E0,2.884547710E0,8.009375572E0
1.363078185E2,-1.817947030E0,4.149752617E0,5.579464436E0
1.363279287E2,-1.048056364E0,3.440878868E0,6.614958286E0
1.363480389E2,-8.985049129E-1,2.855235577E0,8.840881348E0
1.363681491E2,-1.304088354E0,2.745165825E0,9.495916367E0
1.363882593E2,-1.750947952E0,2.816950560E0,9.000602722E0
1.364083695E2,-1.123430252E0,2.463410854E0,8.399405479E0
1.364284797E2,-3.266202807E-1,2.231905222E0,7.791030407E0
1.364485898E2,-3.912265003E-1,2.051845312E0,7.235895634E0
1.364687001E2,-9.116654396E-1,1.944168448E0,7.128218651E0
1.364888102E2,-1.515853167E0,2.367099762E0,7.307082176E0
1.365089204E2,-1.905883193E0,2.764308453E0,7.125825882E0
1.365290306E2,-1.482353687E0,2.836691141E0,8.082955360E0
1.365491408E2,-1.011565804E0,2.714059114E0,9.451051712E0
1.365692510E2,-5.958128572E-1,3.000599623E0,9.161520004E0
1.365893612E2,-1.333998591E-1,3.338585854E0,7.449455261E0
1.366094714E2,9.451649338E-2,3.607778311E0,7.679764271E0
1.366295816E2,4.683950245E-1,3.600001574E0,9.388239861E0
1.366496918E2,4.642075896E-1,3.537189960E0,1.062592697E1
1.366698019E2,7.441678643E-1,3.685544968E0,1.052303600E1
1.366899121E2,1.054038405E0,3.900300980E0,1.004746246E1
1.367100223E2,7.716853023E-1,4.166502476E0,9.569496155E0
1.367301325E2,-4.809573591E-1,4.182653904E0,9.937990189E0
1.367502427E2,-1.265205026E0,3.344567776E0,1.305464172E1
1.367703529E2,-5.718846321E-1,2.121237278E0,1.521595955E1
1.367904631E2,1.458425403E0,1.460818172E0,1.446820259E1
1.368105733E2,1.983051777E0,2.162513494E0,1.135992527E1
1.368306835E2,7.094719410E-1,3.532404423E0,8.458029747E0
1.368507936E2,-1.366301775E0,4.473381996E0,7.236494064E0
1.368709039E2,-2.520240545E0,4.420141697E0,7.331010342E0
1.368910141E2,-1.780260086E0,3.528815269E0,8.016553879E0
1.369111242E2,-6.317051649E-1,2.822334290E0,8.560921669E0
1.369312344E2,3.888336942E-2,2.730210543E0,8.076375008E0
1.369513446E2,1.651047617E-1,2.659024239E0,7.535596848E0
1.369714548E2,2.009970993E-1,2.448455811E0,7.980063438E0
1.369915650E2,5.036891699E-1,2.437688112E0,8.605188370E0
1.370116752E2,5.605186820E-1,3.027518749E0,8.531609535E0
1.370317854E2,-2.428714931E-1,3.683152199E0,7.496115208E0
1.370518956E2,-9.230313301E-1,3.982853174E0,6.896713257E0
1.370720058E2,-5.730810165E-1,3.899702787E0,7.433901787E0
1.370921159E2,1.866401732E-1,3.656831264E0,7.221538544E0
1.371122261E2,4.420739710E-1,3.321237803E0,7.542177200E0
1.371323364E2,5.174478889E-1,3.151347399E0,8.713463783E0
1.371524466E2,8.033902049E-1,3.047259569E0,9.288937569E0
1.371725567E2,1.060618639E0,2.823530674E0,8.757730484E0
1.371926669E2,9.924231768E-1,2.775076151E0,8.941978455E0
1.372127771E2,7.668996453E-1,2.593819857E0,1.060917759E1
1.372328873E2,4.115654826E-1,2.425125837E0,1.175533962E1
1.372529975E2,-5.832505226E-1,3.022135019E0,1.099561787E1
1.372731077E2,-1.514656782E0,3.561716557E0,9.455238342E0
1.372932179E2,-2.183450699E0,3.723830223E0,9.639486313E0
1.373133281E2,-2.061416626E0,3.130410194E0,1.190249825E1
1.373334383E2,-7.477570772E-1,2.379662037E0,1.345065403E1
1.373535485E2,6.897311211E-1,1.971685886E0,1.306660652E1
1.373736587E2,8.566305041E-1,2.291127682E0,1.142991543E1
1.373937689E2,1.130608693E-1,2.888735056E0,9.635298729E0
1.374138791E2,-9.984052777E-1,3.189034462E0,9.491130829E0
1.374339893E2,-1.655833244E0,3.296113253E0,1.011805058E1
1.374540995E2,-1.168893814E0,3.102892876E0,9.470791817E0
1.374742096E2,-6.245267391E-1,3.072982550E0,8.669795036E0
1.374943198E2,-8.769695163E-1,3.076571703E0,8.659027100E0
1.375144301E2,-9.954141974E-1,3.032902718E0,8.519644737E0
1.375345403E2,-5.605186820E-1,2.678765059E0,8.505288124E0
1.375546505E2,4.127619043E-2,2.277967215E0,9.004191399E0
1.375747606E2,4.217349887E-1,2.054836512E0,8.950352669E0
1.375948708E2,1.896311939E-1,2.252244234E0,8.252845764E0
1.376149810E2,-7.668996453E-1,2.648256540E0,8.046463966E0
1.376350912E2,-1.378265858E0,2.990430117E0,7.420143127E0
1.376552014E2,-1.329213023E0,3.052045345E0,6.318248272E0
1.376753116E2,-1.414756417E0,3.159722328E0,5.922834396E0
1.376954218E2,-1.606182218E0,3.393022537E0,6.595217228E0
1.377155320E2,-1.340578914E0,3.413361549E0,7.390830994E0
1.377356422E2,-9.930213690E-1,3.406183004E0,8.102097511E0
1.377557524E2,-1.557727575E0,3.771088600E0,7.990831375E0
1.377758626E2,-1.598405480E0,3.992424488E0,7.395616531E0
1.377959728E2,-1.257428288E0,4.121038914E0,7.676773071E0
1.378160830E2,-3.152543902E-1,3.701098442E0,1.116012478E1
1.378361932E2,7.956135273E-1,3.547957659E0,8.653044701E0
1.378563034E2,-1.190429255E-1,4.003192425E0,9.718449593E0
1.378764136E2,-2.787638307E-1,3.869194269E0,9.662816048E0
1.378965238E2,-5.730810165E-1,3.803989887E0,1.036151981E1
1.379166340E2,-6.658028960E-1,3.662813187E0,1.118166065E1
1.379367442E2,-2.141576260E-1,3.533002615E0,1.165902805E1
1.379568544E2,2.476571500E-1,3.600001574E0,1.176790142E1
1.379769646E2,5.413761139E-1,3.403192043E0,1.180439186E1
1.379970748E2,6.023930907E-1,2.686541557E0,1.276032448E1
1.380171850E2,4.564309120E-1,1.604387641E0,1.430668640E1
1.380372952E2,3.990031779E-1,1.109073281E0,1.413739395E1
1.380574054E2,7.585247755E-1,1.159322619E0,1.220758247E1
1.380775156E2,7.746763229E-1,1.421336651E0,1.043390274E1
1.380976258E2,3.002992272E-1,1.639083505E0,9.625128746E0
1.381177360E2,4.307080805E-2,1.485344648E0,9.684351921E0
1.381378462E2,2.069791555E-1,1.305284739E0,9.915857315E0
1.381579564E2,5.371887088E-1,1.301695466E0,9.596415520E0
1.381780666E2,7.100701332E-1,1.314257860E0,9.162715912E0
1.381981768E2,5.096712112E-1,1.390828133E0,9.024530411E0
1.382182870E2,3.086741269E-1,1.362712502E0,8.989834785E0
1.382383972E2,9.332008660E-2,1.349551916E0,8.826524734E0
1.382585074E2,1.369891018E-1,1.380658627E0,8.357531548E0
1.382786176E2,1.794617027E-1,1.469791293E0,8.288139343E0
1.382987278E2,2.602194548E-1,1.594816327E0,8.199604988E0
1.383188380E2,1.938186288E-1,1.663609982E0,8.377870560E0
1.383389482E2,1.758724600E-1,1.760519266E0,8.642875671E0
1.383590584E2,2.943171859E-1,1.786242127E0,8.981459618E0
1.383791686E2,3.984049559E-1,1.877767563E0,8.964710236E0
1.383992788E2,7.710871100E-1,1.889133453E0,8.959325790E0
1.384193890E2,9.936196208E-1,2.125424623E0,8.586046219E0
1.384394992E2,5.389832854E-1,2.533999205E0,8.547162056E0
1.384596094E2,-1.824527234E-1,2.916252613E0,8.771489143E0
1.384797196E2,3.320041299E-1,2.917448997E0,8.784649849E0
1.384998298E2,1.872383654E-1,2.778665304E0,8.711668968E0
1.385199401E2,5.503492057E-2,2.751147747E0,8.002795219E0
1.385400503E2,-8.434699476E-2,2.666800737E0,9.275178909E0
1.385601605E2,3.589234129E-2,2.229512453E0,9.811170578E0
1.385802707E2,-1.854437590E-1,2.310270309E0,1.024965572E1
1.386003808E2,-3.212364316E-1,2.505285263E0,1.020060253E1
1.386204910E2,-1.274178028E-1,2.609971285E0,9.433703423E0
1.386575013E2,-2.378465652E0,5.467001438E0,4.805386066E0
1.386776115E2,-5.138586760E-1,6.017949104E0,5.177470207E0
1.386977218E2,-2.452643216E-1,5.761917114E0,6.445067883E0
1.387178320E2,-9.451649189E-1,5.226522923E0,8.054241180E0
1.387379422E2,-1.074975610E0,4.867001057E0,8.935398102E0
1.387580524E2,-7.860422134E-1,4.910670280E0,8.920442581E0
1.387781626E2,-6.095715761E-1,5.244469166E0,8.734400749E0
1.387982728E2,-6.699903309E-2,5.347958565E0,8.629117012E0
1.388183830E2,-1.555334684E-2,5.603392601E0,8.698508263E0
1.388384932E2,-5.132604837E-1,5.925825119E0,8.964710236E0
1.388586035E2,-5.467599630E-1,5.513661385E0,8.741579056E0
1.388787137E2,-3.696911037E-1,4.543970108E0,8.592027664E0
1.388988239E2,-1.974078640E-2,4.021138668E0,9.337990761E0
1.389189341E2,2.805584669E-1,3.825525284E0,9.276374817E0
1.389390443E2,2.919243574E-1,3.769891977E0,9.221938133E0
1.389591545E2,3.457628787E-1,3.857230186E0,9.445069313E0
1.389792647E2,1.172483116E-1,4.113262177E0,9.446265221E0
1.389993750E2,-1.525424421E-1,4.255036831E0,9.175876617E0
1.390194852E2,-4.492524564E-1,4.415954113E0,8.729017258E0
1.390395954E2,-8.039883971E-1,4.545764923E0,8.236693382E0
1.390597056E2,-8.949156404E-1,4.878965378E0,8.040482521E0
1.390798158E2,-5.150550604E-1,5.109872818E0,7.944769382E0
1.390999260E2,4.486542344E-1,5.147559643E0,8.461619377E0
1.391200363E2,1.302891970E0,5.016552448E0,8.624929428E0
1.391401465E2,1.201795220E0,4.848456860E0,8.660821915E0
1.391602567E2,4.031906128E-1,4.863411903E0,8.744570732E0
1.391803669E2,-8.135596663E-2,4.977669239E0,8.656634331E0
1.392004771E2,1.094716340E-1,4.636094093E0,8.663214684E0
1.392205873E2,1.136590727E-2,4.204189301E0,8.550153732E0
1.392406975E2,-7.531409264E-1,4.204787731E0,8.498109818E0
1.392608077E2,-1.295115232E0,4.145565033E0,8.667402267E0
1.392809179E2,-1.198804140E0,4.286741734E0,9.154939651E0
1.393010281E2,-6.041877270E-1,4.532006264E0,9.788438797E0
1.393211383E2,-7.178468257E-2,4.602594376E0,1.042373371E1
1.393412485E2,-5.682953820E-2,4.718646049E0,1.060020447E1
1.393613588E2,-1.591227055E-1,4.663012981E0,1.042971611E1
1.393814690E2,-4.516452849E-1,4.456034184E0,1.019162941E1
1.394015792E2,-1.046859860E0,4.520041943E0,1.009113121E1
1.394216894E2,-1.269990563E0,4.683950424E0,1.016171932E1
1.394417996E2,-9.696913958E-1,4.809573650E0,1.069950676E1
1.394619098E2,-4.773681164E-1,4.707878590E0,1.146700478E1
1.394820200E2,-2.889333367E-1,4.158127785E0,1.232243824E1
1.395021302E2,-6.023930907E-1,3.550350666E0,1.275015545E1
1.395222405E2,-1.104287624E0,3.086741209E0,1.249472141E1
1.395423507E2,-1.587039590E0,2.924029350E0,1.183968639E1
1.395624609E2,-1.692921996E0,3.138785124E0,1.109551907E1
1.395825711E2,-1.161117196E0,3.340978622E0,1.075274658E1
1.396026813E2,-6.113662124E-1,3.498306751E0,1.068694401E1
1.396227915E2,-3.314059377E-1,3.318246841E0,1.047398281E1
1.396429017E2,-6.089733839E-1,2.936591625E0,1.010608673E1
1.396630119E2,-1.040279627E0,2.755933523E0,9.505488396E0
1.396831221E2,-1.310668588E0,2.890529871E0,8.983254433E0
1.397032323E2,-1.066600680E0,3.116053343E0,8.334200859E0
1.397233426E2,-7.411768436E-1,3.252444267E0,7.727620602E0
1.397434528E2,-8.883354068E-1,3.313461065E0,7.346563816E0
1.397635630E2,-1.350150228E0,3.228515863E0,7.287939548E0
1.397836732E2,-1.617548108E0,3.205185890E0,7.492526054E0
1.398037834E2,-1.173679471E0,3.350549936E0,7.448856831E0
1.398238936E2,-5.593222976E-1,3.401397467E0,7.444669247E0
1.398440038E2,-3.583251834E-1,3.400201082E0,7.361518860E0
1.398641140E2,-6.568298340E-1,3.439682484E0,7.329813957E0
1.398842242E2,-1.150349498E0,3.483949661E0,7.420741081E0
1.399043344E2,-1.430309772E0,3.527618885E0,7.388438225E0
1.399244446E2,-1.393819213E0,3.539582968E0,7.465008259E0
1.399445548E2,-1.235294700E0,3.534198999E0,7.705487251E0
1.399646651E2,-1.108475089E0,3.547957659E0,7.942376614E0
1.399847753E2,-1.097109199E0,3.569493294E0,8.148757935E0
1.400048855E2,-1.189232826E0,3.714857101E0,8.231907845E0
1.400249957E2,-1.111466169E0,3.934398651E0,8.288139343E0
1.400451059E2,-7.609176040E-1,4.241278172E0,8.594420433E0
1.400652161E2,-2.811566591E-1,4.480560303E0,8.913264275E0
1.400853263E2,-1.196411345E-2,4.531407833E0,9.110074043E0
1.401054365E2,-2.374876440E-1,4.621138573E0,9.196813583E0
1.401255467E2,-4.223332107E-1,4.730610371E0,9.443872452E0
1.401456569E2,-3.266202807E-1,4.650450706E0,9.927223206E0
1.401657671E2,-2.865405083E-1,4.447659016E0,1.051346493E1
1.401858773E2,-3.320041299E-1,4.481158733E0,1.102433205E1
1.402059875E2,-5.084748194E-2,4.603790760E0,1.108355427E1
1.402260977E2,5.724828243E-1,4.779065132E0,1.089691448E1
1.402462079E2,1.248455167E0,4.677370071E0,1.066899776E1
1.402663181E2,1.589432478E0,4.222733974E0,1.071266651E1
1.402864283E2,1.109073281E0,3.834498405E0,1.100100231E1
1.403065385E2,7.459624410E-1,3.601198196E0,1.120857906E1
1.403266488E2,9.876375198E-1,3.384049416E0,1.106560802E1
1.403467590E2,1.150349498E0,3.468396425E0,1.053739262E1
1.403668692E2,1.300499082E0,3.562912941E0,9.760323524E0
1.403869794E2,1.532602906E0,3.559323788E0,9.089137077E0
1.404070896E2,1.505683661E0,3.588037491E0,8.802596092E0
1.404271998E2,1.262812138E0,3.440878868E0,8.747561455E0
1.404473100E2,9.176474810E-1,3.228515863E0,8.686544418E0
1.404674202E2,7.405785918E-1,3.136392355E0,8.417351723E0
1.404875304E2,7.286145091E-1,3.168695450E0,8.047660828E0
1.405076406E2,6.963114142E-1,3.235694408E0,7.899903774E0
1.405277508E2,8.751748800E-1,3.373281717E0,7.512266636E0
1.405478610E2,9.810572863E-1,3.348157167E0,7.395018578E0
1.405679712E2,1.028913736E0,3.261417150E0,7.106683254E0
1.405880814E2,8.416753411E-1,3.193820000E0,7.030711174E0
1.406081916E2,5.138586760E-1,3.275774240E0,6.896713257E0
1.406283018E2,4.845465720E-2,3.680161238E0,7.019345284E0
1.406484120E2,9.571290761E-2,3.930211306E0,7.269993305E0
1.406685222E2,3.326023519E-1,4.030709743E0,7.428517818E0
1.406886325E2,2.219343036E-1,4.237090588E0,7.502097130E0
1.407087427E2,5.682953820E-2,4.253242016E0,7.452445984E0
1.407288529E2,-7.357929647E-2,4.137190342E0,7.298109055E0
1.407489631E2,-2.679961324E-1,3.955934048E0,7.468597889E0
1.407690733E2,7.776673418E-3,3.597010612E0,7.473981380E0
1.407891834E2,7.716853172E-2,3.638286829E0,7.326224804E0
1.408092936E2,-1.016949639E-1,4.017549038E0,7.198208809E0
1.408294039E2,-2.871387079E-2,4.262813568E0,6.736393929E0
1.408495141E2,-6.460621208E-2,4.364508629E0,6.530611038E0
1.408696243E2,-4.175475538E-1,4.603192329E0,7.078567505E0
1.408897345E2,-6.209374666E-1,4.913063049E0,8.280363083E0
1.409098447E2,-1.202393398E-1,4.764708042E0,1.007258701E1
1.409299549E2,3.212364316E-1,4.180261135E0,1.189890862E1
1.409500651E2,1.435693651E-1,3.939184189E0,1.284766293E1
1.409701753E2,5.724828243E-1,4.299304008E0,1.340279770E1
1.409902855E2,2.160718918E0,4.206582069E0,1.347458267E1
1.410103957E2,1.843669891E0,3.808177233E0,1.318564892E1
1.410305059E2,-8.494520187E-2,3.583251953E0,1.268614769E1
1.410506161E2,-1.031904817E0,3.121437073E0,1.216570854E1
1.410707263E2,-1.278963685E0,2.830709219E0,1.205563831E1
1.410908365E2,-1.136590719E0,2.822932482E0,1.230688477E1
1.411109467E2,-4.390829504E-1,3.061018467E0,1.288654613E1
1.411310569E2,3.720839322E-1,3.113660574E0,1.309412384E1
1.411511671E2,5.335994363E-1,2.880360365E0,1.276451206E1
1.411712773E2,-1.387837082E-1,2.558525562E0,1.214118195E1
1.411913875E2,-4.666004181E-1,2.300100803E0,1.137727356E1
1.412114977E2,-1.872383654E-1,2.084148407E0,1.057149029E1
1.412316079E2,2.237289101E-1,2.048854351E0,9.674181938E0
1.412517181E2,1.884347796E-1,2.265404940E0,8.862417221E0
1.412718283E2,2.991028363E-3,2.442473650E0,8.139185905E0
1.412919385E2,-3.020938635E-1,2.505883455E0,7.994420528E0
1.413120488E2,-4.911268353E-1,2.493321180E0,8.059026718E0
1.413321590E2,-5.198407173E-1,2.367697954E0,8.039883614E0
1.413522691E2,-6.628118753E-1,2.289931297E0,7.942974567E0
1.413723793E2,-8.769695163E-1,2.351546526E0,7.761120319E0
1.413924895E2,-1.052243710E0,2.569891453E0,7.657630444E0
1.414125997E2,-1.074975610E0,2.705085993E0,7.665407181E0
1.414327100E2,-1.164706469E0,2.547757864E0,7.924430370E0
1.414528202E2,-1.446461320E0,2.468196630E0,8.271987915E0
1.414729304E2,-1.628913999E0,2.730808735E0,8.242077827E0
1.414930406E2,-1.570289850E0,3.123830080E0,7.780262947E0
1.415131507E2,-1.405185103E0,3.491726398E0,7.341179848E0
1.415332609E2,-1.267597795E0,3.565305710E0,7.335795879E0
1.415533712E2,-1.400997639E0,3.602992773E0,7.788039684E0
1.415734814E2,-1.446461320E0,3.446861029E0,8.790034294E0
1.415935916E2,-1.178465128E0,3.221337557E0,9.464810371E0
1.416137018E2,-1.015154958E0,3.184846878E0,9.383454323E0
1.416338120E2,-9.738788009E-1,3.460021496E0,8.892327309E0
1.416539221E2,-7.944171429E-1,3.918246984E0,8.008777618E0
1.416740323E2,-7.172485590E-1,4.368695736E0,7.253243446E0
1.416941426E2,-6.508477330E-1,4.578067780E0,7.046264648E0
1.417142528E2,-5.294120312E-1,4.457828522E0,7.552346706E0
1.417343630E2,-7.363911867E-1,4.119842529E0,8.592626572E0
1.417544732E2,-1.205982566E0,4.099503517E0,9.376873970E0
1.417745833E2,-1.279561877E0,4.136591911E0,9.595816612E0
1.417946935E2,-1.095912814E0,4.269393921E0,9.348159790E0
1.418148038E2,-1.200000525E0,4.607978344E0,9.156734467E0
1.418349140E2,-1.195813060E0,4.768297195E0,9.072985649E0
1.418550242E2,-8.967102766E-1,4.485944271E0,9.311071396E0
1.418751344E2,-4.737788737E-1,4.160520554E0,1.007737255E1
1.418952445E2,-3.212364316E-1,3.545564890E0,1.091844940E1
1.419153547E2,-8.470591903E-1,3.063411236E0,1.145563793E1
1.419354650E2,-1.325623751E0,2.992822886E0,1.188395405E1
1.419555752E2,-7.896314859E-1,2.665604353E0,1.245045471E1
1.419756854E2,1.184447184E-1,2.206182480E0,1.280399418E1
1.419957956E2,7.250252366E-1,1.988435626E0,1.272263813E1
1.420159057E2,8.009973764E-1,2.033899307E0,1.241216946E1
1.420360159E2,6.376872063E-1,2.024926186E0,1.205803108E1
1.420561262E2,6.652047038E-1,1.896311998E0,1.164526939E1
1.420762364E2,8.542376757E-1,1.727019787E0,1.117388344E1
1.420963466E2,8.614161611E-1,1.744367719E0,1.072582722E1
1.421164567E2,7.166503668E-1,2.113460541E0,1.040100193E1
1.421365669E2,8.350951076E-1,2.400001049E0,9.995418549E0
1.421566771E2,9.565308690E-1,2.225325108E0,9.310472488E0
1.421767873E2,5.090730190E-1,2.123031855E0,8.579465866E0
1.421968976E2,1.692921966E-1,2.328814745E0,8.131409645E0
1.422170078E2,3.355933726E-1,2.752344131E0,7.928617954E0
1.422371179E2,3.828516304E-1,2.645863533E0,7.942974567E0
1.422572281E2,-2.805584669E-1,2.356930256E0,7.874779224E0
1.422773383E2,-9.254241586E-1,2.283350945E0,7.725227833E0
1.422974485E2,-1.018744230E0,2.576471806E0,7.757531166E0
1.423175588E2,-4.193421602E-1,3.034099102E0,7.422535896E0
1.423376690E2,1.812563092E-1,3.503092289E0,7.027719975E0
1.423577791E2,2.907279432E-1,3.893122435E0,6.723233223E0
1.423778893E2,2.033899277E-1,3.954139471E0,6.762116909E0
1.423979995E2,9.451649338E-2,3.893720627E0,6.957729816E0
1.424181097E2,-2.626122832E-1,3.939782381E0,7.669594765E0
1.424382199E2,-6.699903607E-1,3.754936934E0,8.642875671E0
1.424583301E2,-1.109671474E0,3.385245800E0,9.401400566E0
1.424784403E2,-1.897508383E0,3.222533941E0,9.859625816E0
1.424985505E2,-2.650051117E0,3.071786165E0,9.936794281E0
1.425186607E2,-3.218944550E0,3.074777126E0,1.015513897E1
1.425387709E2,-3.028715372E0,3.147758245E0,1.070010471E1
1.425588811E2,-1.908276081E0,3.445066452E0,1.105663490E1
1.425789913E2,-6.562315822E-1,3.829712629E0,1.078265667E1
1.425991015E2,2.321037948E-1,4.165904045E0,1.028973579E1
1.426192117E2,3.517449200E-1,4.442275047E0,1.030289650E1
1.426393219E2,-4.187439755E-2,4.244269371E0,1.102014446E1
1.426594321E2,-1.884347796E-1,3.798605919E0,1.191805172E1
1.426795423E2,1.501496136E-1,3.187838078E0,1.251147175E1
1.426996525E2,4.833501875E-1,2.623131752E0,1.243609715E1
1.427197627E2,4.965107143E-2,2.460419893E0,1.164168072E1
1.427398729E2,-3.625126183E-1,2.492722988E0,1.038724327E1
1.427599831E2,-5.012963414E-1,2.509472847E0,9.233304024E0
1.427800933E2,-6.227321029E-1,2.603390932E0,8.401798248E0
1.428002035E2,-6.029912829E-1,2.577668190E0,8.035098076E0
1.428203137E2,-4.923232496E-1,2.530410051E0,8.013563156E0
1.428404239E2,-4.223332107E-1,2.477767944E0,7.811967850E0
1.428605341E2,-6.640082598E-2,2.073380709E0,7.255038261E0
1.428806443E2,-1.998006850E-1,1.858026743E0,6.704689026E0
1.429007545E2,-9.726824164E-1,2.295913219E0,6.463612080E0
1.429208646E2,-1.410568953E0,2.635095835E0,7.078567505E0
1.429409748E2,-1.039681435E0,2.563909531E0,7.996813297E0
1.429610851E2,-6.963114142E-1,2.603390932E0,8.265407562E0
1.429811953E2,-5.228317380E-1,2.971287489E0,8.114660263E0
1.430013055E2,-4.785645306E-1,3.307479143E0,7.822735310E0
1.430214156E2,-5.814558864E-1,3.482753277E0,7.977072716E0
1.430415258E2,-8.542376757E-1,3.714857101E0,8.382058144E0
1.430616360E2,-7.609176040E-1,3.958326817E0,8.849854469E0
1.430817463E2,-4.283152521E-1,4.040280819E0,9.400203705E0
1.431018564E2,-4.630111754E-1,3.976273060E0,9.911669731E0
1.431219666E2,-8.817551732E-1,3.896711588E0,1.035135078E1
1.431420768E2,-1.234098315E0,3.986442566E0,1.043031406E1
1.431621870E2,-1.536192179E0,4.055834293E0,1.019282627E1
1.431822972E2,-1.789233088E0,3.956532240E0,1.007797050E1
1.432024074E2,-2.096112728E0,3.738785267E0,1.020359421E1
1.432225176E2,-2.127817631E0,3.604787350E0,1.098903847E1
1.432426278E2,-1.457827210E0,3.351148129E0,1.171765232E1
1.432627380E2,-9.098708034E-1,2.942573547E0,1.169372463E1
1.432828482E2,-8.470591903E-1,2.943770170E0,1.106261730E1
1.433029584E2,-3.678964674E-1,3.058027267E0,1.041894817E1
1.433230686E2,1.938186288E-1,3.020340443E0,1.047218800E1
1.433431788E2,2.219343036E-1,2.718246460E0,1.121097183E1
1.433632890E2,-1.704886109E-1,2.136192322E0,1.214477158E1
1.433833992E2,-4.283152521E-1,1.826920033E0,1.235653591E1
1.434035094E2,-1.268195957E-1,1.640878081E0,1.179960632E1
1.434236196E2,7.597211748E-2,1.639681697E0,1.106082249E1
1.434437298E2,8.374879509E-2,1.719243050E0,1.025623608E1
1.434638400E2,4.175475538E-1,1.704287887E0,9.759725571E0
1.434839502E2,7.501499057E-1,1.791027784E0,9.410373688E0
1.435040604E2,8.488538265E-1,1.885544300E0,8.950951576E0
1.435241706E2,6.173482537E-1,1.950150490E0,8.304888725E0
1.435442808E2,-6.819544733E-2,1.971685886E0,7.770691395E0
1.435643909E2,-7.393822074E-1,1.957927108E0,7.527221680E0
1.435845012E2,-1.174875975E0,1.933998942E0,7.498507977E0
1.436046114E2,-1.085743308E0,1.950150490E0,7.296314240E0
1.436247216E2,-7.130611539E-1,2.060220242E0,7.408178806E0
1.436448318E2,-5.186443329E-1,2.283350945E0,7.680960655E0
1.436649419E2,-5.449653864E-1,2.497508526E0,8.139784813E0
1.436850521E2,-3.900300860E-1,2.518445730E0,8.731410027E0
1.437051623E2,-5.742774159E-2,2.499901533E0,8.880363464E0
1.437252726E2,1.178465188E-1,2.494517565E0,8.486743927E0
1.437453827E2,2.392822690E-2,2.534597397E0,7.843074322E0
1.437654929E2,-2.452643216E-1,2.718844652E0,7.601399422E0
1.437856031E2,-4.462614357E-1,2.903092146E0,7.955537319E0
1.438057133E2,-3.882354796E-1,2.842673302E0,8.734400749E0
1.438258235E2,-3.463610709E-1,2.638685226E0,9.173483849E0
1.438459337E2,-6.251249313E-1,2.543570518E0,9.440283775E0
1.438660439E2,-9.008977413E-1,2.626721144E0,9.893723488E0
1.438861541E2,-8.147560954E-1,2.595614433E0,1.065763187E1
1.439062643E2,-7.956135273E-1,2.614158630E0,1.135334492E1
1.439263745E2,-1.009771109E0,2.563311338E0,1.174158096E1
1.439464847E2,-1.331007600E0,2.478366137E0,1.181216908E1
1.439665949E2,-1.531406522E0,2.398804665E0,1.146401310E1
1.439867051E2,-1.515254974E0,2.462214470E0,1.145503998E1
1.440068153E2,-1.103091240E0,2.610569477E0,1.220279694E1
1.440269255E2,-5.784648657E-1,2.550150633E0,1.343510056E1
1.440470357E2,-4.731806815E-1,2.303091764E0,1.417268848E1
1.440671459E2,-5.808576941E-1,1.862812400E0,1.347577858E1
1.440872561E2,-7.597211599E-1,1.718644857E0,1.212682533E1
1.441073663E2,-7.046862841E-1,1.928016901E0,1.063609695E1
1.441274765E2,-1.549352705E-1,2.179263115E0,9.537193298E0
1.441475867E2,2.733799815E-1,2.331207514E0,9.018548965E0
1.441676969E2,3.577269912E-1,2.212164640E0,9.002995491E0
1.441878071E2,2.165504545E-1,2.140978098E0,9.043074608E0
1.442079172E2,1.525424421E-1,2.254637241E0,9.251849174E0
1.442280275E2,3.367897868E-1,2.350350142E0,9.390632629E0
1.442481377E2,4.893322289E-1,2.309073925E0,8.952746391E0
1.442682479E2,3.122633696E-1,2.221735716E0,8.128418922E0
1.442883580E2,3.170489892E-2,2.179861546E0,7.259225845E0
1.443084682E2,-1.034895778E-1,2.190629244E0,6.915257454E0
1.443285784E2,-2.656033039E-1,2.261815548E0,7.237092018E0
1.443486886E2,-2.159522474E-1,2.338984251E0,8.178668022E0
1.443687989E2,-2.901297510E-1,2.647658348E0,9.344570160E0
1.443889090E2,-7.477571070E-2,3.070589542E0,9.948758125E0
1.444090192E2,9.074779749E-1,3.243471146E0,1.012104130E1
1.444291294E2,8.817551732E-1,3.550948858E0,9.628718376E0
1.444492396E2,9.930214286E-2,3.602394581E0,8.694320679E0
1.444693498E2,-6.634100676E-1,3.458825111E0,8.283353806E0
1.444894600E2,-1.128814101E0,3.319443226E0,8.836095810E0
1.445095702E2,-1.228116274E0,3.190230846E0,9.904491425E0
1.445296804E2,-1.172483087E0,3.143570662E0,1.051406288E1
1.445497906E2,-8.997012973E-1,3.079562664E0,1.076351452E1
1.445699008E2,-7.136593461E-1,3.208775282E0,1.074257755E1
1.445900110E2,-6.323033571E-1,3.306282759E0,1.030409241E1
1.446101212E2,-6.340979934E-1,3.221935749E0,9.672387123E0
1.446302314E2,-5.970092416E-1,3.281756163E0,9.312865257E0
1.446503416E2,-7.178467698E-3,3.199203968E0,9.629914284E0
1.446704518E2,8.931210637E-1,3.059223652E0,1.084487057E1
1.446905620E2,1.326221943E0,2.857030153E0,1.197607708E1
1.447106722E2,1.266999602E0,2.440080881E0,1.200778198E1
1.447307824E2,7.022934556E-1,2.062613010E0,1.103390312E1
1.447508926E2,1.794617064E-2,2.072782516E0,1.017966557E1
1.447710028E2,-1.387837082E-1,2.316252232E0,9.211769104E0
1.447911130E2,2.853440940E-1,2.322234392E0,8.769695282E0
1.448112232E2,5.383850932E-1,2.331805706E0,8.599205971E0
1.448313333E2,3.792623878E-1,2.455634356E0,8.483752251E0
1.448514435E2,2.787638307E-1,2.516651154E0,8.533403397E0
1.448715538E2,2.350948304E-1,2.558525562E0,8.854042053E0
1.448916640E2,3.643072546E-1,2.480758905E0,8.985647202E0
1.449117741E2,4.833501875E-1,2.365305185E0,8.563912392E0
1.449318843E2,3.690928817E-1,2.405983210E0,7.996813297E0
1.449519945E2,3.104687333E-1,2.577069998E0,7.486543655E0
1.449721047E2,2.931207716E-1,2.714059114E0,7.362117290E0
1.449922150E2,2.099701911E-1,2.731407166E0,7.485945702E0
1.450123251E2,5.024927482E-2,2.752942562E0,7.653443336E0
1.450324353E2,-1.716850251E-1,2.801995277E0,7.821538925E0
1.450525455E2,-2.380858511E-1,2.918645382E0,7.928617954E0
1.450726557E2,-1.052841991E-1,2.952743053E0,7.975277901E0
1.450927659E2,-2.093719877E-2,3.051447153E0,7.964509964E0
1.451128761E2,8.374879137E-3,3.136392355E0,8.191229820E0
1.451329863E2,1.555334684E-2,3.271586657E0,8.964112282E0
1.451530965E2,2.757728100E-1,3.630510092E0,1.021256733E1
1.451732067E2,8.913264275E-1,4.004986763E0,1.181097221E1
1.451933169E2,1.730010748E0,4.094119549E0,1.328196049E1
1.452134271E2,2.231905222E0,3.677768469E0,1.351825142E1
1.452335373E2,1.520638824E0,3.052045345E0,1.210648632E1
1.452536475E2,9.930214286E-2,2.847458839E0,9.836296082E0
1.452737577E2,-7.106683254E-1,3.078366280E0,7.954938889E0
1.452938679E2,-4.061816335E-1,3.323032379E0,7.790432453E0
1.453139781E2,8.075776696E-1,3.000001431E0,9.143573761E0
1.453340883E2,9.290133715E-1,2.478964329E0,1.074975586E1
1.453541985E2,-4.085744619E-1,1.854437590E0,1.169851017E1
1.453743087E2,-1.871187329E0,1.433300734E0,1.186421299E1
1.453944189E2,-2.559721947E0,1.324427366E0,1.127677536E1
1.454145291E2,-2.400599241E0,1.485942841E0,1.070668507E1
1.454346393E2,-1.637887120E0,1.887937069E0,1.037827015E1
1.454547494E2,-8.542376757E-1,2.243869543E0,1.040518951E1
1.454748596E2,-3.343969584E-1,2.587837696E0,1.063370419E1
1.454949698E2,5.862415582E-2,2.727219582E0,1.072582722E1
1.455150801E2,3.206382394E-1,2.761915445E0,1.015813065E1
1.455351903E2,1.860419661E-1,2.750549555E0,8.933005333E0
1.455553004E2,-1.214357466E-1,2.689532757E0,7.604988575E0
1.455754106E2,9.571290575E-3,2.526222467E0,6.844669342E0
1.455955208E2,1.322034448E-1,2.478964329E0,6.897909641E0
1.456156310E2,3.385843933E-1,2.344966173E0,7.489534855E0
1.456357412E2,3.804588020E-1,2.210369825E0,8.030312538E0
1.456558514E2,1.453639716E-1,2.095514536E0,8.091927528E0
1.456759616E2,-2.476571500E-1,2.021935225E0,7.924430370E0
1.456960718E2,-7.507480979E-1,2.087139606E0,7.805387497E0
1.457161820E2,-7.387840152E-1,2.295913219E0,7.927421570E0
1.457362922E2,-6.221338734E-2,2.736192703E0,8.548358917E0
1.457564024E2,9.008977413E-1,3.369692564E0,9.297312737E0
1.457765126E2,1.581655741E0,3.839283943E0,9.616155624E0
1.457966228E2,1.560120344E0,3.588037491E0,9.238688469E0
1.458167330E2,8.452646136E-1,3.349951744E0,8.871390343E0
1.458368432E2,-1.375873014E-2,3.050848961E0,9.074181557E0
1.458569534E2,-4.354937077E-1,2.848655462E0,1.004327488E1
1.458770636E2,-6.993024349E-1,3.053241730E0,1.152084255E1
1.458971738E2,-8.512466550E-1,2.940180779E0,1.278724384E1
1.459172840E2,-8.458628058E-1,2.353341103E0,1.332981682E1
1.459373942E2,-7.549355626E-1,1.849651933E0,1.301456261E1
1.459575044E2,-2.871387303E-1,1.802393675E0,1.209093285E1
1.459776146E2,4.426721931E-1,2.225923300E0,1.098485088E1
1.459977248E2,5.455635786E-1,2.765504837E0,1.006301594E1
1.460178350E2,-3.649054468E-2,2.919841766E0,9.560523033E0
1.460379452E2,-5.084748268E-1,2.405983210E0,9.966704369E0
1.460580554E2,-1.180259824E0,1.776072621E0,1.138445187E1
1.460781656E2,-1.278963685E0,1.383649707E0,1.278784275E1
1.460982758E2,1.178465188E-1,1.211366415E0,1.288834095E1
1.461183860E2,1.712064624E0,1.547558069E0,1.174576855E1
1.461384962E2,2.449054003E0,2.081755638E0,9.936196327E0
1.461586064E2,2.487339020E0,2.463410854E0,8.041080475E0
1.461787166E2,2.152343988E0,2.553141832E0,6.629314899E0
1.461988268E2,1.395015597E0,2.397608280E0,6.239883423E0
1.462189369E2,5.096712112E-1,2.172084808E0,6.871588230E0
1.462390471E2,1.357926875E-1,1.990828395E0,8.088338852E0
1.462591573E2,2.614158690E-1,1.932204247E0,9.237491608E0
1.462792676E2,3.230310604E-2,2.121237278E0,9.942776680E0
1.462993778E2,4.127619043E-2,2.312064886E0,9.374481201E0
1.463194880E2,4.965106845E-1,2.542972326E0,8.333004951E0
1.463395981E2,8.117650747E-1,2.950948477E0,7.536194801E0
1.463597083E2,8.668000102E-1,3.457030535E0,6.753741741E0
1.463798185E2,6.658028960E-1,3.791427374E0,6.583851337E0
1.463999288E2,4.911268353E-1,3.852444410E0,7.329215527E0
1.464200390E2,2.847459018E-1,3.977469444E0,8.245666504E0
1.464401491E2,-3.290131316E-2,4.254438877E0,8.935398102E0
1.464602593E2,-2.805584669E-1,4.811966419E0,9.538987160E0
1.464803695E2,-2.452643216E-2,5.093721390E0,1.040100193E1
1.465004797E2,1.657029688E-1,4.956732273E0,1.127378368E1
1.465205900E2,-4.067798331E-2,4.615156651E0,1.157049370E1
1.465407001E2,-3.577269912E-1,4.153341770E0,1.092682457E1
1.465608103E2,-7.663014531E-1,3.896113396E0,9.684351921E0
1.465809205E2,-1.098903775E0,3.939782381E0,8.620143890E0
1.466010307E2,-5.874379873E-1,3.975076675E0,8.279166222E0
1.466211409E2,1.375873089E-1,3.608376503E0,9.242876053E0
1.466412511E2,4.905286431E-2,3.205185890E0,1.056670475E1
1.466613613E2,-2.662015259E-1,2.690729141E0,1.116610718E1
1.466814715E2,-6.693921089E-1,2.437089920E0,1.052542877E1
1.467015817E2,-9.984052777E-1,2.666202545E0,9.131011009E0
1.467216919E2,-7.758727670E-1,3.006581545E0,7.574480057E0
1.467418021E2,-2.602194548E-1,3.170490026E0,6.676573277E0
1.467619123E2,-5.204389244E-2,3.288336515E0,6.744170666E0
1.467820225E2,-3.918247223E-1,3.160918713E0,7.916653633E0
1.468021327E2,-1.068395257E0,2.784647465E0,9.513862610E0
1.468222429E2,-1.581655741E0,2.340778828E0,1.066780186E1
1.468423531E2,-1.572084427E0,2.094317913E0,1.102313614E1
1.468624633E2,-1.257428288E0,2.304288149E0,1.049013424E1
1.468825735E2,-6.963114142E-1,2.794816732E0,9.317651749E0
1.469026837E2,-2.416750938E-1,3.126222849E0,8.165507317E0
1.469227939E2,-4.384847581E-1,3.321835995E0,7.540382385E0
1.469429041E2,-8.087740541E-1,3.364308596E0,7.693522930E0
1.469630143E2,-7.094719410E-1,3.400799274E0,8.324629784E0
1.469831245E2,-2.213360965E-1,3.369094372E0,8.730213165E0
1.470032347E2,-1.339980662E-1,3.284747362E0,8.910273552E0
1.470233449E2,-7.896314859E-1,3.178864956E0,9.233304024E0
1.470434551E2,-1.236491084E0,2.950350285E0,9.809974670E0
1.470635653E2,-1.166501045E0,2.705684185E0,1.070070267E1
1.470836755E2,-6.921239495E-1,2.610569477E0,1.146461105E1
1.471037857E2,-1.668993831E-1,2.731407166E0,1.189173031E1
1.471238959E2,8.255238086E-2,2.979662418E0,1.214536953E1
1.471440061E2,4.342973232E-1,3.075973511E0,1.166680527E1
1.471641163E2,6.340979934E-1,3.069991350E0,1.071984577E1
1.471842265E2,3.433700502E-1,3.144767046E0,1.010728264E1
1.472043367E2,2.291127741E-1,2.967698336E0,1.013360405E1
1.472244469E2,1.806581169E-1,2.503490686E0,1.076112175E1
1.472445571E2,-2.458625287E-1,2.251646042E0,1.136949635E1
1.472646673E2,-4.139583111E-1,2.103291035E0,1.126301575E1
1.472847775E2,-2.650051117E-1,2.113460541E0,1.031306553E1
1.473048877E2,-2.153540403E-2,2.306082726E0,8.947959900E0
1.473249979E2,5.503492057E-2,2.691925526E0,7.919644833E0
1.473451081E2,2.207378894E-1,2.863012314E0,7.817351341E0
1.473652183E2,5.102694035E-1,2.806781054E0,8.455636978E0
1.473853285E2,7.998009920E-1,2.696112871E0,8.980861664E0
1.474054387E2,8.273184299E-1,2.593221426E0,9.132207870E0
1.474255489E2,4.193421602E-1,2.539981127E0,8.876175880E0
1.474456591E2,-2.033899166E-2,2.449652195E0,8.397012711E0
1.474657693E2,-2.673979402E-1,2.346162558E0,7.899903774E0
1.474858795E2,-3.780659735E-1,2.380260229E0,7.479365349E0
1.475059897E2,-3.236292601E-1,2.511267424E0,7.229315281E0
1.475260999E2,-2.093719840E-1,2.693720102E0,7.402794838E0
1.475462101E2,-1.489532143E-1,2.757728100E0,7.909475327E0
1.475663203E2,-2.811566591E-1,2.640479803E0,8.569893837E0
1.475864305E2,-4.342973232E-1,2.673979282E0,9.096913338E0
1.476065407E2,-2.147558331E-1,2.903690338E0,9.338588715E0
1.476266509E2,-6.161518395E-2,3.189632654E0,9.205786705E0
1.476467611E2,-3.906283081E-1,3.331407309E0,8.905488014E0
1.476668713E2,-9.463613629E-1,3.390031576E0,9.067003250E0
1.476869815E2,-1.178465128E0,3.346960783E0,9.999007225E0
1.477070917E2,-1.274178028E0,3.285943747E0,1.115055370E1
1.477272019E2,-1.171884894E0,3.311068296E0,1.191685486E1
1.477473121E2,-6.759724021E-1,3.483351469E0,1.197488117E1
1.477674223E2,-2.895315289E-1,3.744169235E0,1.093699455E1
1.477875325E2,-4.109672904E-1,3.931407690E0,9.381659508E0
1.478076427E2,-8.835497499E-1,4.104887009E0,8.310273170E0
1.478277529E2,-1.118046403E0,3.948157310E0,8.571090698E0
1.478478631E2,-1.106082320E0,3.531208038E0,1.041954613E1
1.478679733E2,-1.185643673E0,2.839084148E0,1.248395348E1
1.478880835E2,-1.624726534E0,2.360519648E0,1.306241894E1
1.479081937E2,-1.866999865E0,2.295315027E0,1.200419331E1
1.479283039E2,-1.599003673E0,2.437089920E0,1.069412231E1
1.479484141E2,-1.069591761E0,2.771486759E0,9.732208252E0
1.479685243E2,-4.384847581E-1,2.860619545E0,9.264410973E0
1.479886345E2,-4.133601189E-1,2.728415966E0,9.302696228E0
1.480087447E2,-6.490531564E-1,2.288136721E0,9.240483284E0
1.480288550E2,-1.122233868E0,2.312064886E0,9.071190834E0
1.480489651E2,-1.075573802E0,2.860619545E0,9.042476654E0
1.480690753E2,-3.774677813E-1,3.283550978E0,9.151947975E0
1.480891855E2,2.446661144E-1,3.311068296E0,9.181260109E0
1.481092957E2,1.663011760E-1,3.104687452E0,8.958727837E0
1.481294059E2,-2.428714931E-1,2.867199659E0,8.477770805E0
1.481495162E2,-3.421736360E-1,2.632104874E0,7.864011765E0
1.481696264E2,-5.599204898E-1,2.724826813E0,7.411170006E0
1.481897365E2,-5.754738450E-1,2.874378204E0,7.190432072E0
1.482098467E2,-5.467599630E-1,2.852842808E0,7.550551891E0
1.482299569E2,-6.861419082E-1,2.787040234E0,8.108079910E0
1.482500671E2,-9.230313301E-1,2.787638426E0,8.758927345E0
1.482701773E2,-7.663014531E-1,2.674577475E0,9.464211464E0
1.482902876E2,-5.748756528E-1,2.663211584E0,9.916455269E0
1.483103978E2,-3.649054468E-1,2.851048231E0,9.795618057E0
1.483305080E2,-1.962114573E-1,3.030509949E0,9.210572243E0
1.483506181E2,-2.733799815E-1,3.108276606E0,8.885149002E0
1.483707283E2,-4.468596280E-1,3.052643538E0,9.328418732E0
1.483908385E2,-6.107679605E-1,2.795415163E0,1.028674412E1
1.484109488E2,-6.209374666E-1,2.576471806E0,1.100219822E1
1.484310590E2,-3.038884699E-1,2.583052158E0,1.125105190E1
1.484511692E2,-5.144568533E-2,2.679363251E0,1.134437180E1
1.484712794E2,-4.187439680E-1,2.745764017E0,1.118524933E1
1.484913896E2,-1.006181955E0,2.723032236E0,1.038784122E1
1.485114998E2,-1.216750264E0,2.584846735E0,9.806385040E0
1.485316100E2,-6.418746710E-1,2.530410051E0,9.330811501E0
1.485517202E2,2.871387079E-2,2.866601467E0,9.269794464E0
1.485718304E2,3.349951804E-1,3.198007345E0,9.778867722E0
1.485919406E2,3.589234054E-1,2.949752092E0,1.041416264E1
1.486120508E2,3.122633696E-1,2.524427891E0,1.044347477E1
1.486321610E2,2.243271172E-1,2.383849621E0,9.762716293E0
1.486522712E2,3.074777126E-1,2.491526604E0,8.714061737E0
1.486723814E2,3.571287692E-1,2.765504837E0,7.834699631E0
1.486924916E2,2.644068897E-1,2.902493954E0,7.432106972E0
1.487126018E2,-3.583251834E-1,2.669193745E0,7.820940971E0
1.487327120E2,-6.442674994E-1,2.339582443E0,8.092526436E0
1.487528222E2,-4.749752879E-1,2.425724030E0,8.135597229E0
1.487729324E2,-2.458625287E-1,2.943171740E0,8.289934158E0
1.487930426E2,2.374876440E-1,3.461217880E0,8.654241562E0
1.488131528E2,7.453642488E-1,3.813561201E0,8.715856552E0
1.488332630E2,6.819544435E-1,4.109673023E0,8.791230202E0
1.488533732E2,1.423729509E-1,4.227519512E0,9.224929810E0
1.488734834E2,-2.733799815E-1,4.059423447E0,1.016411209E1
1.488935936E2,-5.940182209E-1,3.824927092E0,1.139641571E1
1.489137039E2,-8.763712645E-1,3.553939819E0,1.212921810E1
1.489338141E2,-1.049252748E0,3.421138287E0,1.176909828E1
1.489539243E2,-1.050449133E0,3.513859987E0,1.082572746E1
1.489740345E2,-9.505487680E-1,3.701098442E0,9.339784622E0
1.489941447E2,-8.721838593E-1,4.088137627E0,8.111070633E0
1.490142548E2,-8.991031051E-1,4.522434711E0,7.925626755E0
1.490343651E2,-6.077769399E-1,4.336990833E0,8.870193481E0
1.490544753E2,-3.032902777E-1,3.725026608E0,1.019581699E1
1.490745855E2,-7.423732281E-1,3.035893679E0,1.134257793E1
1.490946957E2,-1.552343726E0,2.348555326E0,1.186122227E1
1.491148059E2,-2.079961061E0,1.886142492E0,1.159860992E1
1.491349161E2,-1.808973908E0,1.753340840E0,1.092742252E1
1.491550263E2,-9.553344250E-1,2.093121529E0,1.017727280E1
1.491751365E2,-1.818545163E-1,2.620140791E0,9.662218094E0
1.491952467E2,1.920240223E-1,2.968296528E0,9.691530228E0
1.492153569E2,4.767699242E-1,2.913859844E0,9.645467758E0
1.492354671E2,5.228317380E-1,2.782852650E0,9.476176262E0
1.492555773E2,7.896314561E-2,2.723032236E0,9.354142189E0
1.492756876E2,-3.296113312E-1,2.694916487E0,9.232706070E0
1.492957977E2,-2.003988922E-1,2.598605394E0,8.954540253E0
1.493159080E2,-1.459621787E-1,2.663809776E0,8.416155815E0
1.493360181E2,-9.212367237E-2,2.815155745E0,7.929215908E0
1.493561283E2,-3.828516230E-2,2.889931440E0,7.607979774E0
1.493762385E2,-9.032905847E-2,2.928814888E0,7.663612843E0
1.493963488E2,-1.974078715E-1,2.941975355E0,7.935796261E0
1.494164590E2,-2.021935135E-1,2.958127022E0,8.316255569E0
1.494365692E2,-3.948157281E-2,2.916850805E0,8.922835350E0
1.494566794E2,1.016949583E-2,3.056830883E0,9.805787086E0
1.494767896E2,-4.815555513E-1,3.377469063E0,1.091904831E1
1.494968998E2,-1.075573802E0,3.253042459E0,1.196112251E1
1.495170100E2,-1.043270707E0,2.535195589E0,1.247617722E1
1.495371202E2,-8.877372146E-1,2.012363911E0,1.163270760E1
1.495572304E2,-8.895317912E-1,2.016551256E0,1.016889763E1
1.495773406E2,-6.963114142E-1,2.285743713E0,8.795417786E0
1.495974508E2,-6.125625968E-1,2.870190859E0,7.829315662E0
1.496175610E2,-7.142575383E-1,3.359523058E0,7.642675400E0
1.496376713E2,-8.578268886E-1,3.212962627E0,8.532207489E0
1.496577815E2,-1.197607756E0,2.715255499E0,9.580264091E0
1.496778917E2,-1.564307809E0,2.316252232E0,9.959526062E0
1.496980019E2,-1.703091502E0,2.333600283E0,9.770493507E0
1.497181121E2,-1.418943882E0,2.507678032E0,9.484550476E0
1.497382222E2,-1.009771109E0,2.694916487E0,9.883553505E0
1.497583325E2,-9.571290612E-1,2.760120869E0,1.040279675E1
1.497784427E2,-9.601200819E-1,2.392224550E0,1.003250694E1
1.497985529E2,-1.117448211E0,2.401197433E0,8.798408508E0
1.498186631E2,-1.031306505E0,2.684148788E0,7.625925541E0
1.498387733E2,-8.201399446E-1,3.127419233E0,7.401598454E0
1.498588835E2,-9.248259664E-1,3.431905985E0,8.230711937E0
1.498789937E2,-1.068993568E0,3.212364435E0,9.339186668E0
1.498991039E2,-1.089930773E0,2.877369165E0,9.640084267E0
1.499192141E2,-9.164510965E-1,2.801995277E0,9.075378418E0
1.499393243E2,-8.033902049E-1,3.090928555E0,8.411968231E0
1.499594345E2,-5.407779217E-1,3.483949661E0,7.717451096E0
1.499795447E2,-3.278166950E-1,3.901497364E0,7.434499741E0
1.499996550E2,-2.057827413E-1,4.176671982E0,7.399804115E0
1.500197652E2,-1.393819153E-1,4.164109707E0,7.816753387E0
1.500398754E2,-6.526423693E-1,4.208376884E0,8.562117577E0
1.500599856E2,-1.545165181E0,4.413561344E0,9.978668213E0
1.500800958E2,-1.493719578E0,4.323232174E0,1.131864929E1
1.501002060E2,-9.194421172E-1,4.108476639E0,1.188694477E1
1.501203162E2,-3.014956415E-1,3.953541279E0,1.116012478E1
1.501404264E2,-1.890329868E-1,3.918246984E0,1.000439167E1
1.501605366E2,-7.567301393E-1,4.309473515E0,8.823533058E0
1.501806468E2,-1.043270707E0,4.573282242E0,8.387441635E0
1.502007570E2,-1.320838094E0,4.548157692E0,8.423334122E0
1.502208672E2,-2.120639086E0,4.385445595E0,8.423334122E0
1.502409775E2,-2.635095835E0,4.261617184E0,8.793622971E0
1.502610877E2,-2.100898266E0,3.966701746E0,9.660423279E0
1.502811979E2,-1.394417405E0,3.521038532E0,1.082273674E1
1.503013081E2,-8.183453679E-1,3.134597778E0,1.065464115E1
1.503214183E2,-9.786644578E-1,2.614757061E0,9.873982430E0
1.503415285E2,-1.799402595E0,2.455634356E0,8.910273552E0
1.503616387E2,-2.344367981E0,2.410170555E0,8.312067986E0
1.503817489E2,-2.295315027E0,2.339582443E0,8.196015358E0
1.504018591E2,-2.045863390E0,2.469393015E0,8.290532112E0
1.504219693E2,-1.457229018E0,2.710469961E0,8.525029182E0
1.504420795E2,-8.231309652E-1,3.074777126E0,9.151350021E0
1.504621897E2,-6.412764788E-1,3.188436270E0,9.902098656E0
1.504823000E2,-7.597211599E-1,2.772683144E0,1.008395290E1
1.505024102E2,-1.248455167E0,2.515454769E0,9.694520950E0
1.505225204E2,-1.399203062E0,2.462214470E0,8.919844627E0
1.505426306E2,-1.086939692E0,2.625524759E0,8.038089752E0
1.505627408E2,-6.921239495E-1,3.053241730E0,7.710272789E0
1.505828510E2,-4.402793646E-1,3.428316593E0,7.701299667E0
1.506029612E2,-4.492524564E-1,3.540181160E0,7.829315662E0
1.506230714E2,-7.280163169E-1,3.494717360E0,7.960322857E0
1.506431816E2,-1.092921734E0,3.479164124E0,7.942974567E0
1.506632918E2,-1.402194023E0,3.487539053E0,7.640881062E0
1.506834020E2,-1.448854089E0,3.754936934E0,7.597211838E0
1.507035122E2,-1.140778184E0,4.045664787E0,8.902496338E0
1.507236225E2,-7.692924738E-1,4.125226021E0,1.147537899E1
1.507437327E2,-1.339980662E-1,3.499503136E0,1.377308750E1
1.507638429E2,5.174478889E-1,2.613560438E0,1.394537067E1
1.507839531E2,2.644068897E-1,2.883949518E0,1.227996540E1
1.508040633E2,2.961117923E-1,3.725624800E0,1.055174923E1
1.508241735E2,1.052243710E0,4.024129391E0,9.460023880E0
1.508442837E2,1.500299811E0,3.880560160E0,9.243474007E0
1.508643939E2,1.038485050E0,3.285943747E0,9.860821724E0
1.508845041E2,1.363908947E-1,2.544168711E0,1.105543900E1
1.509046144E2,-6.053841114E-1,2.065604210E0,1.168834019E1
1.509247246E2,-8.691928387E-1,1.986042738E0,1.141735363E1
1.509448347E2,-4.588237405E-1,2.079961061E0,1.058524895E1
1.509649450E2,1.316052489E-2,2.252244234E0,9.809974670E0
1.509850552E2,3.463610709E-1,2.333600283E0,9.411569595E0
1.510051654E2,6.239284873E-1,2.255833626E0,9.309276581E0
1.510252756E2,8.045865893E-1,2.277369022E0,9.035298347E0
1.510453858E2,8.518448472E-1,2.434697151E0,8.430512428E0
1.510654960E2,8.171489239E-1,2.561516523E0,7.616952896E0
1.510856063E2,6.233302951E-1,2.560918331E0,6.756134510E0
1.511057165E2,2.368894368E-1,2.478366137E0,6.189035892E0
1.511258267E2,-3.445664644E-1,2.442473650E0,6.166304111E0
1.511459369E2,-7.710871100E-1,2.463410854E0,7.064210415E0
1.511660471E2,-5.150550604E-1,2.483749866E0,8.209774017E0
1.511861573E2,-2.632104978E-2,2.482553482E0,9.002396584E0
1.512062675E2,3.086741269E-1,2.674577475E0,9.257830620E0
1.512263777E2,4.725824594E-1,2.973680258E0,9.110671997E0
1.512464879E2,5.808576941E-1,3.287738323E0,8.864211082E0
1.512665981E2,5.868397355E-1,3.597608805E0,8.854042053E0
1.512867083E2,4.319044948E-1,3.840480328E0,9.129216194E0
1.513068186E2,1.507478207E-1,3.817150354E0,9.795019150E0
1.513269288E2,-1.752742529E-1,3.701696634E0,1.052303600E1
1.513470390E2,-2.524427772E-1,3.573082447E0,1.097827053E1
1.513671492E2,-8.554340899E-2,3.597010612E0,1.079282665E1
1.513872594E2,2.781656384E-1,3.605983734E0,1.021436119E1
1.514073696E2,3.930211067E-1,3.696911097E0,1.014496994E1
1.514274798E2,-1.094716340E-1,3.716053486E0,1.096032429E1
1.514475901E2,-5.132604837E-1,3.333800077E0,1.270469189E1
1.514677003E2,-5.593222976E-1,2.398804665E0,1.367916870E1
1.514878105E2,-7.842476368E-1,1.995015860E0,1.265683556E1
1.515079207E2,-8.608179688E-1,2.335394859E0,1.059003448E1
1.515280309E2,-5.276173949E-1,3.099901676E0,8.932407379E0
1.515481411E2,1.686939895E-1,3.777070522E0,8.152346611E0
1.515682513E2,1.023529887E0,3.431307554E0,9.064012527E0
1.515883615E2,8.793623447E-1,2.717050076E0,1.022812080E1
1.516084718E2,-4.803591371E-1,2.803789854E0,1.107458115E1
1.516285820E2,-6.628118753E-1,3.320041418E0,1.079402256E1
1.516486922E2,1.788634956E-1,3.753740549E0,9.675976753E0
1.516688024E2,7.872386575E-1,3.876372576E0,8.621339798E0
1.516889126E2,8.476574421E-1,3.575475216E0,7.960322857E0
1.517090228E2,5.928218365E-1,3.072384357E0,8.072187424E0
1.517291330E2,3.314059377E-1,2.657229662E0,8.347361565E0
1.517492432E2,1.674975827E-2,2.581257343E0,8.383254051E0
1.517693534E2,-1.776670814E-1,2.497508526E0,8.198408127E0
1.517894637E2,-3.876372576E-1,2.364108801E0,8.050053596E0
1.518095739E2,-7.980063558E-1,2.386840582E0,8.274978638E0
1.518296841E2,-9.433703423E-1,2.474776745E0,8.903693199E0
1.518497943E2,-5.718846321E-1,2.515454769E0,9.553942680E0
1.518699045E2,-3.038884699E-1,2.602792740E0,9.799206734E0
1.518900147E2,-3.738785386E-1,2.767897606E0,9.811170578E0
1.519101250E2,-2.003988922E-1,2.883351326E0,9.565906525E0
1.519302352E2,-2.015953064E-1,3.051447153E0,9.393623352E0
1.519503454E2,-5.455635786E-1,3.190230846E0,9.428318977E0
1.519704556E2,-8.644071817E-1,3.373879910E0,9.638289452E0
1.519905658E2,-9.439685345E-1,3.227319479E0,9.986445427E0
1.520106760E2,-3.511467278E-1,2.656631231E0,9.783653259E0
1.520307862E2,-3.930211067E-1,3.382254839E0,9.759127617E0
1.520508965E2,1.980060786E-1,4.018147469E0,9.340981483E0
1.520710067E2,7.166503668E-1,3.339184046E0,9.208179474E0
1.520911169E2,3.349951804E-1,2.831307411E0,9.304491043E0
1.521112271E2,-4.049852192E-1,2.640479803E0,9.110074043E0
1.521313373E2,-8.650053740E-1,2.536990166E0,9.090931892E0
1.521514475E2,-7.316055298E-1,2.492722988E0,8.885149002E0
1.521715577E2,9.690931439E-2,3.248256683E0,8.945567131E0
1.521916679E2,6.975077987E-1,3.643072367E0,8.325826645E0
1.522117782E2,6.957131624E-1,3.757927895E0,7.852645874E0
1.522318884E2,2.404786795E-1,3.268595695E0,7.640282631E0
1.522519986E2,-3.732803464E-1,3.191427231E0,7.704290867E0
1.522721088E2,-6.903293133E-1,3.616153240E0,8.383852005E0
1.522922190E2,-7.680960894E-1,3.463610888E0,8.848059654E0
1.523123292E2,-1.357328653E0,3.343969584E0,8.544769287E0
1.523324394E2,-1.431506157E0,3.251846075E0,8.228917122E0
1.523525496E2,-4.642075896E-1,3.580260992E0,8.615956306E0
1.523726599E2,5.060819983E-1,3.386442184E0,9.480961800E0
1.523927701E2,-9.511470050E-2,3.360121250E0,9.693922997E0
1.524128803E2,-1.173081279E0,3.512663603E0,9.003593445E0
1.524329905E2,-1.693520188E0,3.984049797E0,5.081159115E0
1.524531007E2,-1.590628862E0,3.948157310E0,9.146564484E0
1.524732109E2,-2.290529490E0,3.914059639E0,1.021436119E1
1.524933212E2,-2.322234392E0,3.848855257E0,8.638688087E0
1.525134314E2,-2.656033039E0,3.997808456E0,8.116454124E0
1.525452929E2,-1.585245013E0,4.517050743E0,6.940980434E0
1.525654031E2,-1.057627559E0,4.557130814E0,8.260024071E0
1.525855133E2,-9.547362328E-1,4.407579422E0,9.206983566E0
1.526056235E2,-8.715856671E-1,4.379463673E0,9.232108116E0
1.526257337E2,-1.117448211E0,4.743771076E0,8.648857117E0
1.526458439E2,-1.220339537E0,4.858626366E0,7.920242786E0
1.526659541E2,-1.496710539E0,4.707878590E0,7.607381344E0
1.526860643E2,-1.755135417E0,4.546961308E0,7.542775154E0
1.527061745E2,-1.853839397E0,4.533202648E0,7.738388538E0
1.527262847E2,-1.618146300E0,4.451846600E0,8.271987915E0
1.527463950E2,-1.202991605E0,4.114458561E0,9.086744308E0
1.527665052E2,-1.394417405E0,4.104887009E0,9.736394882E0
1.527866154E2,-1.521835208E0,4.486542225E0,9.942776680E0
1.528067256E2,-1.326820135E0,4.639683247E0,9.859625816E0
1.528268358E2,-1.219741344E0,4.551148891E0,9.774680138E0
1.528469460E2,-1.710868239E0,4.741377831E0,9.678369522E0
1.528670562E2,-1.786242127E0,4.738387108E0,9.569496155E0
1.528871664E2,-1.406381488E0,4.775475979E0,9.560523033E0
1.529072766E2,-1.210768223E0,5.029115200E0,9.663414001E0
1.529273868E2,-1.014556766E0,5.121836662E0,1.005045319E1
1.529474970E2,-8.123632669E-1,4.852644444E0,1.049611664E1
1.529676072E2,-7.112665176E-1,4.529015064E0,1.063250732E1
1.529877175E2,-7.495517135E-1,4.182055950E0,1.050927734E1
1.530078276E2,-9.858429432E-1,4.163511276E0,1.026939678E1
1.530279378E2,-9.062815905E-1,4.497310162E0,1.021496010E1
1.530480480E2,-7.393822074E-1,4.392025948E0,1.073300552E1
1.530681582E2,-1.293918848E0,3.696312666E0,1.182652569E1
1.530882684E2,-1.919641972E0,2.681756020E0,1.333878994E1
1.531083787E2,-1.906481385E0,1.996810555E0,1.413739395E1
1.531284889E2,-1.593021631E0,1.794616938E0,1.353978729E1
1.531485991E2,-1.409372568E0,2.182254314E0,1.191087246E1
1.531687093E2,-1.236491084E0,2.776870728E0,1.033699417E1
1.531888195E2,-1.115055323E0,2.935395241E0,9.742377281E0
1.532089297E2,-1.234098315E0,2.646461725E0,1.021376324E1
1.532290399E2,-1.377069473E0,2.288734913E0,1.104885864E1
1.532491501E2,-1.133001566E0,2.067996979E0,1.148195934E1
1.532692603E2,-9.750752449E-1,2.148156643E0,1.146700478E1
1.532893705E2,-5.353940725E-1,2.223530531E0,1.072702408E1
1.533094807E2,-2.093719840E-1,2.377269268E0,9.100502968E0
1.533295909E2,-1.908276081E-1,2.490928411E0,7.306483746E0
1.533497012E2,-3.589234054E-1,2.614757061E0,5.932405472E0
1.533698114E2,-5.790630579E-1,2.760120869E0,5.283352375E0
1.533899216E2,-7.698906660E-1,2.853441000E0,5.533402443E0
1.534100318E2,-7.914260626E-1,2.575873613E0,6.515655994E0
1.534301420E2,-8.733802438E-1,2.232503414E0,7.673183918E0
1.534502522E2,-1.067198873E0,2.214557409E0,8.477770805E0
1.534703624E2,-8.015955687E-1,2.373680115E0,8.821140289E0
1.534904726E2,-3.230310678E-1,2.641676188E0,8.609973907E0
1.535105828E2,-2.003988922E-1,3.005385160E0,8.040482521E0
1.535306930E2,-4.001995921E-1,3.220141172E0,7.653443336E0
1.535508032E2,-6.269195080E-1,3.150749207E0,7.698308468E0
1.535709134E2,-1.036690354E0,3.106482029E0,8.100302696E0
1.535910237E2,-1.335793257E0,2.932404041E0,8.767900467E0
1.536111339E2,-1.463211060E0,2.749353170E0,1.007019424E1
1.536312441E2,-1.375872970E0,2.761915445E0,1.135633659E1
1.536513543E2,-5.599204898E-1,2.552543640E0,1.193360519E1
1.536714645E2,6.945167780E-1,2.164906263E0,1.124088287E1
1.536915747E2,1.100698471E0,2.088934183E0,1.022333431E1
1.537116849E2,4.606183469E-1,2.024327993E0,1.000080204E1
1.537317951E2,-5.611169338E-1,1.655235052E0,1.076530933E1
1.537519053E2,-7.680960894E-1,1.146760225E0,1.153520012E1
1.537720155E2,-1.513460279E-1,7.591229677E-1,1.164766216E1
1.537921257E2,1.184447184E-1,1.071386337E0,1.104945660E1
1.538122359E2,5.204389244E-2,1.631905079E0,1.011565781E1
1.538323462E2,3.128615618E-1,1.975275040E0,9.308079720E0
1.538524564E2,4.211367965E-1,2.262413740E0,8.594420433E0
1.538725666E2,1.866401732E-1,2.520838737E0,8.107481003E0
1.538926768E2,-1.555334777E-1,2.660818815E0,8.032107353E0
1.539127870E2,-1.106680483E-1,2.568096876E0,8.127222061E0
1.539328972E2,-4.109672904E-1,2.322832584E0,8.405985832E0
1.539530074E2,-9.337990284E-1,2.094317913E0,8.961718559E0
1.539731176E2,-7.064808607E-1,1.934597135E0,9.385248184E0
1.539932278E2,1.758724600E-1,1.728216171E0,9.349356651E0
1.540133380E2,1.079162955E0,1.398604870E0,9.271589279E0
1.540334482E2,1.566700578E0,1.411167145E0,8.979664803E0
1.540535584E2,1.670788407E0,1.683350682E0,8.954540253E0
1.540736687E2,1.493719578E0,2.184048891E0,8.828917503E0
1.540937789E2,1.462014675E0,2.827120066E0,8.803792953E0
1.541138891E2,1.639083505E0,3.525824070E0,8.953344345E0
1.541339993E2,1.965105653E0,3.863810301E0,9.277571678E0
1.541541095E2,2.187638044E0,3.855435371E0,9.330213547E0
1.541742197E2,2.018944025E0,3.577269793E0,9.425926208E0
1.541943299E2,1.631905079E0,3.287140131E0,9.428917885E0
1.542144401E2,1.088734269E0,3.156731367E0,9.291330338E0
1.542345503E2,8.542376757E-1,2.964707375E0,9.867402077E0
1.542546605E2,6.861419082E-1,2.077568293E0,1.047338486E1
1.542747707E2,2.530409992E-1,1.182652593E0,1.031426239E1
1.542948809E2,-1.812563092E-1,6.903293133E-1,1.051585770E1
1.543149911E2,6.221338734E-2,4.402793646E-1,1.096391296E1
1.543351013E2,3.308077157E-1,-4.546362907E-2,1.155015469E1
1.543552115E2,-4.803591371E-1,-1.621137410E-1,1.189173031E1
1.543753217E2,-1.814357758E0,-5.593222976E-1,1.214955711E1
1.543954319E2,-2.569891453E0,-9.367900491E-1,1.169372463E1
1.544155421E2,-2.729014158E0,-5.587241054E-1,1.082333469E1
1.544356524E2,-1.978864312E0,2.111666054E-1,1.022154045E1
1.544557626E2,-5.970092416E-1,3.978067636E-1,9.546165466E0
1.544758728E2,2.171486616E-1,-1.196411345E-2,8.539385796E0
1.544959830E2,-7.818548083E-1,4.570291340E-1,8.467600822E0
1.545160932E2,-2.020140409E0,8.458628058E-1,9.856036186E0
1.545362034E2,-2.137987137E0,2.033899277E-1,1.161356449E1
1.545563136E2,-1.621137381E0,-1.435693651E-1,1.196351528E1
1.545764238E2,-1.601396561E0,2.081755698E-1,1.093220806E1
1.545965340E2,-1.741376638E0,5.443671346E-1,9.095118523E0
1.546166442E2,-1.667797327E0,6.424728632E-1,7.620542049E0
1.546367544E2,-1.698305845E0,8.662018180E-1,7.191628456E0
1.546568646E2,-1.704287887E0,9.900303483E-1,7.710870743E0
1.546769749E2,-1.671386600E0,9.655039310E-1,8.636893272E0
1.546970851E2,-1.708475351E0,9.505487680E-1,9.355937004E0
1.547171953E2,-1.635494232E0,1.001994491E0,9.871589661E0
1.547373055E2,-1.286142230E0,1.023529887E0,1.029392338E1
1.547574157E2,-8.979067206E-1,9.146564603E-1,1.083769226E1
1.547775259E2,-8.626125455E-1,6.227321029E-1,1.203410339E1
1.547976361E2,-1.363310695E0,2.446661144E-1,1.381376553E1
1.548177463E2,-1.071386337E0,2.512463629E-1,1.450947857E1
1.548378565E2,8.644071817E-1,5.479564071E-1,1.345424366E1
1.548579667E2,2.267199516E0,7.561319470E-1,1.186660576E1
1.548780769E2,1.615155339E0,9.020941257E-1,1.104227829E1
1.548981871E2,4.779663086E-1,7.154539824E-1,1.137727356E1
1.549182974E2,3.170489892E-2,-2.117647976E-1,1.166142082E1
1.549384076E2,-2.614158690E-1,-8.656035662E-1,1.127916813E1
1.549585178E2,-1.196411345E-2,-5.748756528E-1,1.037827015E1
1.549786280E2,9.302098155E-1,8.853443712E-2,9.523433685E0
1.549987382E2,1.783251047E0,7.130611539E-1,8.742177963E0
1.550188484E2,1.906481385E0,1.178465128E0,7.886145115E0
1.550389586E2,1.399801254E0,1.438086390E0,7.463213921E0
1.550590688E2,8.153542876E-1,1.542174220E0,7.880163193E0
1.550791790E2,6.622136831E-1,1.485344648E0,8.914461136E0
1.550992892E2,8.380861282E-1,1.168893814E0,9.592227936E0
1.551193994E2,5.533402562E-1,1.018146038E0,9.267401695E0
1.551395096E2,3.050848842E-1,1.176072359E0,8.131409645E0
1.551596199E2,4.570291340E-1,1.518245935E0,7.259823799E0
1.551797301E2,6.705885530E-1,2.026122570E0,7.128218651E0
1.551998403E2,9.541380405E-1,2.314457655E0,7.612765312E0
1.552199505E2,9.661021233E-1,2.424527645E0,8.221140862E0
1.552400607E2,7.040880919E-1,2.433500528E0,8.511270523E0
1.552601709E2,2.841476798E-1,2.586043119E0,8.755936623E0
1.552802811E2,3.774677813E-1,2.894717216E0,9.038887978E0
1.553003913E2,8.907282352E-1,3.162713289E0,9.305686951E0
1.553205015E2,9.553344250E-1,3.292523861E0,9.598808289E0
1.553406117E2,3.248256743E-1,3.328416348E0,1.013001442E1
1.553607219E2,-2.937189937E-1,3.063411236E0,1.083470058E1
1.553808321E2,-4.301098585E-1,2.773281336E0,1.135155106E1
1.554009424E2,-4.671986103E-1,2.769093990E0,1.155613708E1
1.554210526E2,-1.740778536E-1,2.729014158E0,1.138205910E1
1.554411628E2,-2.368894368E-1,2.627319336E0,1.079162979E1
1.554612730E2,-6.251249313E-1,2.560918331E0,1.018026352E1
1.554813832E2,-4.857429862E-1,2.472383976E0,9.958329201E0
1.555014934E2,-2.171486616E-1,2.566900492E0,1.025982571E1
1.555216036E2,2.955136001E-1,3.000001431E0,1.074616623E1
1.555417138E2,9.613165259E-1,2.923431158E0,1.011027431E1
1.555618240E2,5.599204898E-1,2.685345173E0,8.858827591E0
1.555819342E2,-2.344966233E-1,2.613560438E0,7.905886173E0
1.556020444E2,-4.325026870E-1,2.753540754E0,8.315656662E0
1.556221546E2,3.768695518E-2,2.578864574E0,9.308079720E0
1.556422649E2,2.237289101E-1,2.107478619E0,9.481559753E0
1.556623751E2,-3.672982752E-1,2.352144718E0,8.952147484E0
1.556824853E2,-2.793620527E-1,2.471187592E0,8.495118141E0
1.557025955E2,-2.931207791E-2,2.287538528E0,8.416753769E0
1.557227057E2,-9.511470050E-2,2.062613010E0,8.243273735E0
1.557428159E2,-3.481557071E-1,1.995015860E0,8.024331093E0
1.557629261E2,-4.833501875E-1,2.139781713E0,7.945367813E0
1.557830363E2,-2.895315289E-1,2.472383976E0,8.415556908E0
1.558031465E2,-1.489532143E-1,2.761915445E0,9.317651749E0
1.558232567E2,-1.345962733E-1,2.767299414E0,1.000917721E1
1.558433669E2,-1.818545163E-1,2.492124796E0,1.013838959E1
1.558634771E2,-3.966103494E-1,2.193620205E0,1.001635551E1
1.558835874E2,-5.395814776E-1,2.022533417E0,1.022393322E1
1.559036976E2,-5.952146053E-1,2.208575249E0,1.086520958E1
1.559238078E2,1.453639716E-1,2.309073925E0,1.157587814E1
1.559439180E2,8.679963946E-1,2.359323025E0,1.206999588E1
1.559640282E2,8.925228715E-1,2.380858421E0,1.202213955E1
1.559841384E2,3.960121572E-1,2.156531334E0,1.130848026E1
1.560042486E2,3.708875179E-2,1.868196249E0,1.030349445E1
1.560243588E2,1.316052526E-1,1.935195327E0,9.637093544E0
1.560444690E2,5.808576941E-1,2.133201361E0,9.360123634E0
1.560645792E2,1.049252748E0,2.175075769E0,9.223134995E0
1.560846894E2,1.060618639E0,2.216950178E0,8.937790871E0
1.561047996E2,8.871390224E-1,2.130808592E0,8.541778564E0
1.561249099E2,6.059823632E-1,2.094317913E0,8.271987915E0
1.561450201E2,3.332005441E-1,2.240878344E0,8.322237015E0
1.561651303E2,4.127618968E-1,2.260619164E0,8.436494827E0
1.561852405E2,3.924229145E-1,2.267199516E0,8.290532112E0
1.562053507E2,1.453639716E-1,2.356332064E0,7.843074322E0
1.562254609E2,-4.127619043E-2,2.519043922E0,7.534998417E0
1.562455712E2,-1.196411345E-2,2.766701221E0,7.701299667E0
1.562656814E2,1.154536903E-1,2.957528830E0,8.510073662E0
1.562857916E2,4.049852192E-1,2.964108944E0,9.558130264E0
1.563059018E2,6.406782866E-1,2.959323406E0,1.020359421E1
1.563260120E2,6.400800347E-1,3.062813044E0,1.025623608E1
1.563461222E2,3.661018610E-1,3.149552822E0,9.970293999E0
1.563662324E2,-6.460621208E-2,3.231507063E0,9.885947227E0
1.563863426E2,-5.132604837E-1,3.126222849E0,1.057627583E1
1.564064528E2,-9.086744189E-1,2.909074068E0,1.145563793E1
1.564265630E2,-9.810572863E-1,2.790629387E0,1.167936707E1
1.564466732E2,-1.004985452E0,2.930609465E0,1.102193928E1
1.564667834E2,-1.052842021E0,3.287140131E0,9.503693581E0
1.564868937E2,-9.535398483E-1,3.474976778E0,8.227122307E0
1.565070039E2,-9.643075466E-1,3.529413462E0,8.212167740E0
1.565271141E2,-1.138983607E0,3.360121250E0,9.988240242E0
1.565472243E2,-1.074975610E0,2.760719061E0,1.197308636E1
1.565673345E2,-1.302891970E0,2.116451740E0,1.233440208E1
1.565874447E2,-1.813161373E0,2.024327993E0,1.094716358E1
1.566075550E2,-1.509272933E0,2.338984251E0,9.367900848E0
1.566276652E2,-7.824530005E-1,2.790629387E0,8.738588333E0
1.566477754E2,-9.332008660E-2,2.840878725E0,9.017352104E0
1.566678856E2,8.015955985E-2,2.606980324E0,9.524032593E0
1.566879958E2,-6.041877344E-2,2.408375978E0,9.664012909E0
1.567081060E2,-2.865405083E-1,2.343769789E0,9.683155060E0
1.567282162E2,-5.563312769E-1,2.249851465E0,9.991230965E0
1.567483264E2,-7.495517135E-1,2.247458696E0,1.010189915E1
1.567684366E2,-8.793623447E-1,2.238485575E0,9.537791252E0
1.567885468E2,-1.076171994E0,2.308475733E0,8.419146538E0
1.568086570E2,-1.068395257E0,2.517847538E0,7.469195843E0
1.568287673E2,-9.607182741E-1,2.621935368E0,7.213163853E0
1.568488775E2,-1.073180914E0,2.642274380E0,7.901100159E0
1.568689877E2,-1.240678549E0,2.641077995E0,8.635697365E0
1.568890979E2,-1.438684583E0,2.605185747E0,8.996415138E0
1.569092081E2,-1.503889084E0,2.773281336E0,9.103493690E0
1.569293183E2,-1.208375454E0,3.007179976E0,9.219545364E0
1.569494286E2,-9.714859724E-1,3.101098061E0,9.511469841E0
1.569695388E2,-9.278169870E-1,2.976671457E0,9.818349838E0
1.569896490E2,-1.366899967E0,2.949153900E0,1.011206818E1
1.570097592E2,-1.496112347E0,3.004786968E0,1.034357452E1
1.570298694E2,-1.087537885E0,2.859423161E0,1.001815033E1
1.570499796E2,-1.043868899E0,2.840280533E0,9.265008926E0
1.570700899E2,-9.427721500E-1,2.962314367E0,8.529814720E0
1.570902001E2,-3.601198196E-1,2.950350285E0,8.346763611E0
1.571103103E2,1.860419661E-1,2.842075109E0,9.446265221E0
1.571304205E2,3.529413342E-1,2.837887764E0,1.180199909E1
1.571505307E2,4.121637046E-1,2.708675146E0,1.370130253E1
1.571706409E2,1.088734269E-1,2.618346214E0,1.353141212E1
1.571907511E2,-1.160518974E-1,2.933002472E0,1.131326580E1
1.572108613E2,8.015955985E-2,3.445066452E0,8.712266922E0
1.572309715E2,7.058826834E-2,3.890729666E0,7.232904434E0
1.572510818E2,-2.033899277E-1,3.987638950E0,7.446464062E0
1.572711920E2,-1.208375469E-1,3.569493294E0,8.953942299E0
1.572913022E2,-2.392822690E-2,2.971885681E0,1.037348461E1
1.573114124E2,-1.046859920E-1,2.712862730E0,1.083948612E1
1.573315226E2,-9.092725813E-2,2.761317253E0,1.040997505E1
1.573516328E2,3.559323549E-1,2.996412039E0,9.419944763E0
1.573717430E2,1.105484009E0,3.306880951E0,8.671588898E0
1.573918533E2,1.837089539E0,3.424727440E0,8.313263893E0
1.574119635E2,1.746760488E0,3.430709362E0,8.498707771E0
1.574320737E2,7.124629617E-1,3.308675528E0,8.586046219E0
1.574521839E2,-3.852444589E-1,3.095714331E0,8.331210136E0
1.574722941E2,-1.001994491E0,2.994019270E0,7.787441254E0
1.574924043E2,-1.281356573E0,3.388236761E0,7.120441914E0
1.575125145E2,-1.025922656E0,3.945166349E0,7.131807804E0
1.575326248E2,-2.105683982E-1,4.257429600E0,7.458428383E0
1.575527350E2,1.351944804E-1,4.303491592E0,7.928019524E0
1.575728452E2,-1.292124242E-1,4.101297855E0,8.187641144E0
1.575929554E2,-6.000002623E-1,3.879363775E0,8.803792953E0
1.576130656E2,-8.129615188E-1,3.722035646E0,9.571888924E0
1.576331758E2,-9.290133715E-1,3.830909014E0,1.002293587E1
1.576532861E2,-8.165507317E-1,3.950550079E0,9.667601585E0
1.576733963E2,-1.007976532E0,4.192823410E0,9.158528328E0
1.576935065E2,-2.368894339E0,5.223531723E0,9.393623352E0
1.577136167E2,-3.015554667E0,5.895915031E0,1.094955635E1
1.577337269E2,-1.057627559E0,5.246263504E0,1.349851036E1
1.577538371E2,4.731806815E-1,4.229313850E0,1.510529137E1
1.577739474E2,-5.862415582E-2,3.327219963E0,1.448794270E1
1.577940576E2,-1.007378340E0,2.642274380E0,1.186780167E1
1.578141678E2,-1.112662554E0,2.523829699E0,9.056833267E0
1.578342780E2,-1.080359459E0,2.948555708E0,7.585247993E0
1.578543882E2,-1.059422255E0,3.127419233E0,7.518846989E0
1.578744984E2,-1.314257860E0,2.560320139E0,7.643273830E0
1.578946087E2,-2.522035122E0,2.468196630E0,7.902296543E0
1.579147189E2,-2.985644341E0,2.700300455E0,8.465208054E0
1.579348291E2,-2.337787628E0,2.806781054E0,8.653642654E0
1.579549393E2,-1.436291814E0,3.260220766E0,8.682954788E0
1.579750495E2,-4.534398913E-1,3.378067255E0,8.394619942E0
1.579951597E2,3.708875179E-2,3.144168854E0,7.677969456E0
1.580152700E2,-2.380858511E-1,2.998206854E0,7.198208809E0
1.580353802E2,-8.321040869E-1,2.883351326E0,7.013961315E0
1.580554904E2,-1.382453322E0,2.830111027E0,6.932605267E0
1.580756006E2,-1.639083505E0,2.846262455E0,6.863811970E0
1.580957108E2,-1.634896040E0,2.990430117E0,7.338787079E0
1.581158211E2,-1.978266120E0,3.337389469E0,8.412566185E0
1.581359313E2,-2.263610125E0,3.798605919E0,9.952945709E0
1.581560415E2,-1.460818172E0,3.833301783E0,1.057029438E1
1.581761517E2,-1.057627559E0,3.866203070E0,9.906884193E0
1.581962619E2,-1.520638824E0,4.098307133E0,8.441280365E0
1.582163722E2,-2.200798512E0,4.250251293E0,7.455437183E0
1.582364824E2,-2.452643156E0,4.316053867E0,7.843074322E0
1.582565926E2,-2.334198475E0,4.223930359E0,9.428318977E0
1.582767028E2,-2.069791555E0,4.244269371E0,1.103509998E1
1.582968131E2,-1.584048629E0,4.179663181E0,1.177388382E1
1.583169233E2,-1.265803218E0,3.851248026E0,1.143171024E1
1.583370335E2,-1.894517303E0,4.101297855E0,1.019521904E1
1.583571437E2,-2.299502611E0,4.298706055E0,9.233902931E0
1.583772540E2,-2.136192322E0,4.255036831E0,8.469395638E0
1.583973642E2,-2.275574446E0,3.454637766E0,8.368298531E0
1.584174744E2,-3.374478102E0,2.745764017E0,8.833105087E0
1.584375846E2,-3.952344894E0,2.150549412E0,9.609575272E0
1.584576949E2,-3.188436270E0,1.858026743E0,1.005823040E1
1.584778051E2,-2.288734913E0,1.896311998E0,9.558130264E0
1.584979153E2,-1.703091502E0,2.273181438E0,8.894122124E0
1.585180255E2,-1.062413216E0,2.580659151E0,8.929415703E0
1.585381357E2,-8.015955687E-1,2.550748825E0,9.310472488E0
1.585582459E2,-1.159920812E0,2.377867460E0,9.671789169E0
1.585783562E2,-1.586441398E0,2.362912416E0,9.687940598E0
1.585984664E2,-1.575075507E0,2.424527645E0,9.257232666E0
1.586185766E2,-1.362712502E0,2.522633314E0,8.935398102E0
1.586386868E2,-1.381855130E0,2.554936409E0,8.997013092E0
1.586587970E2,-1.176670551E0,2.253440619E0,8.842676163E0
1.586789072E2,-1.010967612E0,2.014158487E0,8.226524353E0
1.586990175E2,-9.415757060E-1,2.251646042E0,7.496115208E0
1.587191277E2,-3.750749528E-1,2.571087837E0,7.223333359E0
1.587392379E2,-2.285145670E-1,2.961117983E0,7.468597889E0
1.587593481E2,-5.204389095E-1,3.293122053E0,8.324031830E0
1.587794584E2,-6.711867452E-1,3.231507063E0,9.461818695E0
1.587995686E2,-1.085145116E0,3.218944550E0,1.015394306E1
1.588196788E2,-1.352542996E0,3.498904943E0,1.025025368E1
1.588397891E2,-1.082154036E0,3.874577999E0,1.012463093E1
1.588598993E2,-7.980063558E-1,4.198805332E0,1.039561844E1
1.588800095E2,-7.220342159E-1,4.277170658E0,1.106680489E1
1.589001197E2,-7.908278704E-1,4.168895245E0,1.166680527E1
1.589202300E2,-9.236295223E-1,4.055834293E0,1.190309620E1
1.589403402E2,-1.405783296E0,3.956532240E0,1.131745243E1
1.589604504E2,-1.465603828E0,3.790230989E0,1.051944637E1
1.589805606E2,-1.420140266E0,3.854238987E0,1.013719273E1
1.590006708E2,-1.373480201E0,3.619742393E0,1.066899776E1
1.590207811E2,-1.424925923E0,2.998206854E0,1.138804150E1
1.590408913E2,-1.925624013E0,2.467598438E0,1.106082249E1
1.590610015E2,-2.212762833E0,2.420938253E0,9.848259926E0
1.590811117E2,-1.753939033E0,2.745165825E0,8.614161491E0
1.591012219E2,-8.697910309E-1,3.128615618E0,8.088936806E0
1.591213322E2,-2.811566591E-1,3.248854876E0,8.321041107E0
1.591414424E2,-3.176472187E-1,2.926422119E0,8.742177963E0
1.591615527E2,-6.855437160E-1,2.498705149E0,8.564510345E0
1.591816629E2,-8.829515576E-1,2.380260229E0,7.897511005E0
1.592017731E2,-8.350951076E-1,2.565105915E0,7.463213921E0
1.592218833E2,-6.233302951E-1,2.855235577E0,7.715058327E0
1.592419936E2,-5.539384484E-1,2.945564747E0,8.134998322E0
1.592621038E2,-6.855437160E-1,2.818146944E0,8.132605553E0
1.592822140E2,-9.409775138E-1,2.841476917E0,7.859824181E0
1.593023242E2,-9.314061999E-1,2.973680258E0,7.677969456E0
1.593224344E2,-6.604190469E-1,3.184248686E0,8.150551796E0
1.593425447E2,-3.475574851E-1,3.421138287E0,9.129815102E0
1.593626549E2,7.537391037E-2,3.461217880E0,9.995418549E0
1.593827651E2,1.076770201E-1,3.325425386E0,1.048116112E1
1.594028754E2,-2.189432681E-1,3.300898790E0,1.045842934E1
1.594229856E2,-4.187439680E-1,3.340978622E0,1.015693378E1
1.594430958E2,-4.797609448E-1,3.382853031E0,1.014138031E1
1.594632061E2,-4.444667995E-1,3.415754318E0,1.032024384E1
1.594833163E2,-2.751746178E-1,3.201596737E0,1.057089233E1
1.595034265E2,-1.722832322E-1,2.870789051E0,1.064806080E1
1.595235367E2,-3.314059377E-1,2.806781054E0,1.046979523E1
1.595436469E2,-1.453639716E-1,3.066402197E0,1.006241703E1
1.595637572E2,6.370890141E-1,3.299702406E0,9.766305923E0
1.595838674E2,1.527219057E0,3.303291559E0,9.991828918E0
1.596039777E2,1.569691658E0,3.015554667E0,1.054217815E1
1.596240879E2,7.046862841E-1,2.685345173E0,1.068215847E1
1.596441981E2,-1.160518974E-1,2.431107759E0,1.005165005E1
1.596643083E2,-4.037888348E-1,2.349751949E0,9.080163956E0
1.596844186E2,-3.577269912E-1,2.590230465E0,8.300702095E0
1.597045288E2,8.853443712E-2,2.821736097E0,7.944170952E0
1.597246390E2,3.882354796E-1,2.835494757E0,8.017151833E0
1.597447492E2,2.333002090E-1,2.775674343E0,8.659625053E0
1.597648595E2,9.092725813E-2,2.659622431E0,9.403194427E0
1.597849697E2,-7.298108935E-2,2.545365095E0,9.741779327E0
1.598050799E2,-4.139583111E-1,2.456830740E0,9.383454323E0
1.598251902E2,-7.471588850E-1,2.533401012E0,8.848658562E0
1.598453004E2,-9.188438654E-1,2.702095032E0,8.661419868E0
1.598654106E2,-7.004988194E-1,2.809772015E0,8.736793518E0
1.598855208E2,-6.071787477E-1,2.913859844E0,9.069993973E0
1.599056311E2,-5.988038778E-1,2.910270452E0,9.334999084E0
1.599257413E2,-8.183453679E-1,2.860619545E0,9.154341698E0
1.599458516E2,-1.119242787E0,3.098107100E0,8.974879265E0
1.599659618E2,-9.505487680E-1,3.420539856E0,9.061020851E0
1.599860720E2,-6.993024349E-1,3.650849104E0,9.416953087E0
1.600061822E2,-7.740781307E-1,3.737588882E0,9.738189697E0
1.600262925E2,-1.341177106E0,3.753142357E0,1.021735287E1
1.600464027E2,-1.584646821E0,3.802195072E0,1.080658531E1
1.600665129E2,-9.816554785E-1,3.966701746E0,1.108833981E1
1.600866232E2,-3.780659735E-1,4.029513359E0,1.086640549E1
1.601067334E2,-5.090730190E-1,3.982254982E0,1.032203865E1
1.601268437E2,-6.927221417E-1,3.822534084E0,1.024606609E1
1.601469539E2,-1.020538807E0,3.498306751E0,1.101416302E1
1.601670641E2,-1.358525038E0,3.010170937E0,1.204367447E1
1.601871743E2,-1.982453585E0,2.587239504E0,1.219202995E1
1.602072845E2,-2.231307030E0,2.580659151E0,1.120798111E1
1.602273948E2,-1.530210137E0,2.861815929E0,9.699306488E0
1.602475050E2,-8.141579032E-1,3.227917671E0,8.610571861E0
1.602676153E2,-4.474578202E-1,3.429512978E0,8.025527000E0
1.602877255E2,-2.638086975E-1,3.242872953E0,7.718049526E0
1.603078357E2,-4.426721931E-1,2.973680258E0,7.797610760E0
1.603279459E2,-5.796613097E-1,2.794816732E0,8.364709854E0
1.603480562E2,-5.294120312E-1,2.606980324E0,8.788837433E0
1.603681664E2,-6.717849374E-1,2.659622431E0,8.591429710E0
1.603882767E2,-7.256234884E-1,2.700300455E0,7.869395256E0
1.604083869E2,-9.152546525E-1,2.776870728E0,7.357331276E0
1.604284971E2,-1.144367456E0,2.883351326E0,7.486543655E0
1.604486074E2,-1.166501045E0,2.921636343E0,8.021339417E0
1.604687176E2,-1.222732425E0,2.938386202E0,8.745168686E0
1.604888278E2,-1.246660590E0,2.935993433E0,9.427123070E0
1.605089381E2,-1.068395257E0,2.885145903E0,9.742975235E0
1.605290483E2,-8.829515576E-1,3.033500910E0,9.284152031E0
1.605491586E2,-6.825526357E-1,3.489333630E0,8.298309326E0
1.605692688E2,-2.321037948E-1,3.946960926E0,7.532007694E0
1.605893790E2,-4.845465720E-2,4.220340729E0,7.725826263E0
1.606094893E2,-1.489532143E-1,4.115056515E0,8.961718559E0
1.606295995E2,-4.881358147E-1,3.733999729E0,1.014377308E1
1.606497097E2,-7.704889178E-1,3.418147087E0,1.061157036E1
1.606698200E2,-7.208378315E-1,3.401995659E0,1.035673428E1
1.606899302E2,-2.925225794E-1,3.602992773E0,9.920044899E0
1.607100404E2,2.093719877E-2,3.537189960E0,9.651450157E0
1.607301507E2,-1.794617027E-1,3.084946632E0,9.435498238E0
1.607502609E2,-4.953143001E-1,2.934797049E0,9.391230583E0
1.607703712E2,9.571290761E-2,3.128615618E0,9.881160736E0
1.607904814E2,1.001994491E0,3.281157970E0,1.068156052E1
1.608105916E2,1.054038405E0,3.168695450E0,1.097408295E1
1.608307019E2,3.702892959E-1,3.004188776E0,1.055832958E1
1.608508121E2,-3.732803464E-1,3.000599623E0,9.678369522E0
1.608709224E2,-4.642075896E-1,3.125026464E0,8.867800713E0
1.608910326E2,-1.986042857E-1,3.335594654E0,8.548956871E0
1.609111428E2,1.944168359E-1,3.361915827E0,8.735597610E0
1.609312530E2,4.689932466E-1,3.023929596E0,8.938388824E0
1.609513633E2,2.865405083E-1,2.865405083E0,9.332606316E0
1.609714735E2,-5.383851007E-2,2.798406124E0,9.920044899E0
1.609915838E2,-2.201396823E-1,2.717050076E0,1.025384331E1
1.610116940E2,-2.781656384E-1,2.682354212E0,1.012821960E1
1.610318042E2,-4.444667995E-1,2.715255499E0,9.178269386E0
1.610519145E2,-6.783652306E-1,2.764308453E0,8.001599312E0
1.610720247E2,-6.885347366E-1,2.852842808E0,7.079763889E0
1.610921350E2,-8.781659007E-1,3.169293642E0,7.082156658E0
1.611122452E2,-6.083751321E-1,3.494717360E0,8.338388443E0
1.611323554E2,-8.255238086E-2,3.851846218E0,1.053978539E1
1.611524657E2,7.716853023E-1,3.865006685E0,1.213101292E1
1.611725759E2,2.194218397E0,3.399004459E0,1.127557850E1
1.611926862E2,1.345962763E0,3.284149170E0,9.079565048E0
1.612127964E2,-9.918249846E-1,3.522833109E0,7.776075363E0
1.612329067E2,-2.502294302E0,3.455834150E0,8.499305725E0
1.612530169E2,-3.131008387E0,3.184248686E0,1.053739262E1
1.612731271E2,-2.880360365E0,2.886342287E0,1.180319595E1
1.612932374E2,-2.558525562E0,2.849851847E0,1.169551849E1
1.613133476E2,-2.408974171E0,3.010769129E0,1.052064323E1
1.613334579E2,-2.528017044E0,3.583251953E0,8.995817184E0
1.613535681E2,-2.157129526E0,4.271786690E0,8.294719696E0
1.613736783E2,-1.284347534E0,4.524229527E0,8.762516975E0
1.613937886E2,-6.484549642E-1,4.124029636E0,1.014975548E1
1.614138988E2,-3.888336718E-1,3.651447296E0,1.094357395E1
1.614340091E2,-1.042074203E0,3.122035265E0,1.025623608E1
1.614541193E2,-2.606980324E0,2.988635540E0,8.863613129E0
1.614742295E2,-3.373879910E0,3.235694408E0,8.006982803E0
1.614943398E2,-2.385644197E0,3.420539856E0,8.252246857E0
1.615144501E2,-1.040279627E0,3.506083488E0,8.969495773E0
1.615345603E2,-8.285148144E-1,3.378665686E0,9.201001167E0
1.615546705E2,-8.961120844E-1,2.985644341E0,8.827122688E0
1.615747808E2,-1.332802176E0,2.647658348E0,8.563314438E0
1.615948910E2,-2.072782516E0,2.454437733E0,8.785248756E0
1.616150013E2,-2.443071842E0,2.133201361E0,9.512067795E0
1.616351115E2,-2.436491728E0,1.828116536E0,9.784850121E0
1.616552217E2,-2.423331022E0,1.748555183E0,9.110671997E0
1.616753320E2,-2.368296146E0,1.999203324E0,8.111070633E0
1.616954422E2,-1.969891191E0,2.412563324E0,7.588238716E0
1.617155525E2,-1.444068432E0,2.687139750E0,7.587042332E0
1.617356627E2,-1.362712502E0,2.694318295E0,7.996813297E0
1.617557730E2,-1.635494232E0,2.609971285E0,8.282755852E0
1.617758832E2,-1.956730723E0,2.545963287E0,8.417351723E0
1.617959934E2,-1.676172256E0,2.740380049E0,8.778069496E0
1.618161037E2,-1.153938770E0,3.062214851E0,9.680164337E0
1.618362140E2,-1.100100160E0,3.117249727E0,1.041835022E1
1.618563242E2,-1.448854089E0,2.895315409E0,1.072403336E1
1.618764344E2,-1.778465390E0,2.861217737E0,1.042134094E1
1.618965447E2,-1.642074585E0,3.102294445E0,1.026640511E1
1.619166550E2,-9.930213690E-1,3.516252756E0,1.022213840E1
1.619367652E2,-1.633101404E-1,3.693321705E0,1.027478027E1
1.619568754E2,4.331009090E-1,3.456432343E0,1.057747269E1
1.619769857E2,-1.136590764E-1,2.974278450E0,1.125942707E1
1.619970959E2,-1.081555843E0,2.416750908E0,1.137787151E1
1.620172062E2,-1.509871125E0,2.207977057E0,1.071087265E1
1.620373164E2,-1.037288666E0,2.656033039E0,9.801001549E0
1.620574267E2,-3.601198196E-1,3.389433384E0,9.253045082E0
1.620775369E2,1.627119333E-1,3.927220106E0,9.114859581E0
1.620976472E2,6.502495408E-1,3.895515203E0,8.966505051E0
1.621177574E2,6.448656917E-1,3.748954773E0,8.351549149E0
1.621378677E2,9.092725813E-2,3.842274904E0,7.780262947E0
1.621579779E2,-1.124626622E-1,3.866801500E0,7.816154957E0
1.621780882E2,-6.340979785E-2,3.731606960E0,8.294719696E0
1.621981984E2,-2.452643216E-2,3.433102369E0,8.846863747E0
1.622183087E2,-5.982056633E-2,2.920439959E0,8.779864311E0
1.622384189E2,-3.804588020E-1,2.597409010E0,8.541180611E0
1.622585292E2,-3.816552162E-1,2.506481647E0,8.249854088E0
1.622786394E2,-8.315058798E-2,2.685943365E0,7.820342541E0
1.622987496E2,5.862415582E-2,3.184846878E0,7.361518860E0
1.623188599E2,8.374879137E-3,3.691527128E0,7.062416077E0
1.623389702E2,-3.385843933E-1,4.073182583E0,7.180262566E0
1.623590804E2,-6.909275651E-1,4.354937077E0,8.026124954E0
1.623791907E2,-3.930211067E-1,4.555335999E0,9.139386177E0
1.623993009E2,3.332005441E-1,4.763511658E0,1.023230743E1
1.624194112E2,9.529415965E-1,4.853242397E0,1.076949692E1
1.624395214E2,7.196413875E-1,4.684548378E0,1.041296577E1
1.624596317E2,-2.488535494E-1,4.599603176E0,9.819545746E0
1.624797419E2,-8.027920127E-1,4.691727161E0,9.449256897E0
1.624998522E2,-7.381857634E-1,4.642673969E0,9.643074989E0
1.625199624E2,-6.969096065E-1,4.728217602E0,9.692726135E0
1.625400727E2,-7.663014531E-1,4.745565414E0,9.327820778E0
1.625601829E2,-8.811569214E-1,4.829314232E0,9.001200676E0
1.625802932E2,-1.179661512E0,5.371886730E0,9.515657425E0
1.626004034E2,-9.655039310E-1,5.263611794E0,1.114875889E1
1.626205137E2,-8.626125455E-1,4.189234257E0,1.257009602E1
1.626406240E2,-1.954337835E0,3.012563705E0,1.259342575E1
1.626607342E2,-3.021536827E0,2.536990166E0,1.113200951E1
1.626808444E2,-2.504088879E0,2.592623234E0,8.857032776E0
1.627009547E2,-8.494520187E-1,3.154338360E0,6.885945320E0
1.627210650E2,2.650051117E-1,3.743571043E0,5.763711452E0
1.627411752E2,1.866401732E-1,3.872185230E0,5.816951752E0
1.627612855E2,-4.731806815E-1,3.601796389E0,7.153941631E0
1.627813957E2,-7.980063558E-1,3.036491871E0,9.001798630E0
1.628015059E2,-1.276570916E0,2.557329178E0,1.048714352E1
1.628216162E2,-1.614557028E0,2.313261271E0,1.096810055E1
1.628417265E2,-1.524826288E0,2.341377020E0,1.076590729E1
1.628618367E2,-8.961120844E-1,2.532204628E0,9.913464546E0
1.628819470E2,-2.338984162E-1,2.878565550E0,8.800801277E0
1.629020572E2,1.238285750E-1,3.061018467E0,7.760521889E0
1.629221675E2,1.292124242E-1,3.111267567E0,6.968497753E0
1.629422778E2,7.597211748E-2,2.961117983E0,6.512664795E0
1.629623880E2,-5.874379873E-1,3.043670416E0,6.880561352E0
1.629824983E2,-1.167697430E0,3.108874798E0,7.983054638E0
1.630026085E2,-1.233500123E0,2.952144861E0,9.218947411E0
1.630227188E2,-1.186840057E0,3.113660574E0,9.912865639E0
1.630428290E2,-7.938188910E-1,3.559323788E0,1.005643559E1
1.630629393E2,-1.339980662E-1,3.415156126E0,1.004925728E1
1.630830495E2,-6.999006122E-2,2.806182861E0,9.884750366E0
1.631031598E2,-1.197009563E0,3.045464993E0,1.024307537E1
1.631232701E2,-8.362914920E-1,3.214159012E0,1.060379314E1
1.631433803E2,1.489532143E-1,3.237488985E0,1.073360443E1
1.631634906E2,6.514459848E-1,3.590430260E0,1.041057301E1
1.631836008E2,1.404586911E0,3.751347780E0,1.001635551E1
1.632037111E2,1.389631748E0,3.577269793E0,9.960722923E0
1.632238214E2,4.283152521E-1,3.650250912E0,1.081615639E1
1.632439316E2,4.785645306E-1,3.495913982E0,1.207896900E1
1.632640419E2,1.167099237E0,3.095714331E0,1.263769245E1
1.632841521E2,1.403988719E0,2.891128063E0,1.172124195E1
1.633042624E2,1.113260746E0,2.871985435E0,1.000379372E1
1.633243727E2,8.141579032E-1,3.007179976E0,8.637491226E0
1.633444829E2,5.730810165E-1,3.199802160E0,8.270791054E0
1.633645932E2,6.023930907E-1,3.199802160E0,8.650651932E0
1.633847034E2,5.766702294E-1,3.119642496E0,9.317052841E0
1.634048137E2,6.699903607E-1,2.987439156E0,9.371489525E0
1.634249239E2,7.220342159E-1,2.924627542E0,8.560921669E0
1.634450342E2,5.497509837E-1,3.098705292E0,7.633702278E0
1.634651444E2,4.839483798E-1,3.233899832E0,7.191030025E0
1.634852547E2,3.918247223E-1,3.237488985E0,7.186842918E0
1.635053650E2,2.853440940E-1,3.238685369E0,7.355536938E0
1.635254752E2,3.188436031E-1,2.964108944E0,7.345965385E0
1.635455855E2,5.802594870E-2,2.596212626E0,7.272386074E0
1.635656957E2,-1.501496136E-1,2.625524759E0,7.174878597E0
1.635858060E2,-5.144568533E-2,2.936591625E0,7.640881062E0
1.636059163E2,2.273181453E-2,3.370888948E0,8.450851440E0
1.636260265E2,7.178467698E-3,3.536591768E0,9.179466248E0
1.636461368E2,-1.722832322E-1,3.653241873E0,9.576076508E0
1.636662470E2,-5.922235847E-1,3.850051641E0,9.796813965E0
1.636863573E2,-6.406782866E-1,4.071985722E0,1.002293587E1
1.637064676E2,-3.888336718E-1,4.158725739E0,1.039561844E1
1.637265779E2,-2.823530734E-1,4.141377926E0,1.075334454E1
1.637466881E2,-4.013960063E-1,4.260420799E0,1.100399303E1
1.637667983E2,-4.271188378E-1,4.294518471E0,1.098843956E1
1.637869087E2,-2.333002090E-1,4.269393921E0,1.055952644E1
1.638070189E2,-1.226321608E-1,4.312464714E0,9.987641335E0
1.638271292E2,-2.841476798E-1,4.385445595E0,9.653244972E0
1.638472394E2,-8.057830334E-1,4.068994999E0,9.912865639E0
1.638673497E2,-1.125823021E0,3.361317635E0,1.048355389E1
1.638874600E2,-1.416550994E0,2.706880569E0,1.100279713E1
1.639075702E2,-1.657627940E0,2.696112871E0,1.085444164E1
1.639276805E2,-1.028315544E0,3.026322365E0,9.855438232E0
1.639477907E2,-3.230310604E-2,3.363112211E0,8.449654579E0
1.639679010E2,1.256231815E-1,3.728615999E0,7.223333359E0
1.639880113E2,-2.919243574E-1,3.434896946E0,6.257231236E0
1.640081215E2,-1.384247899E0,3.343969584E0,6.378068924E0
1.640282318E2,-1.706680775E0,3.217149973E0,7.561917782E0
1.640483420E2,-1.161715388E0,3.192623615E0,8.994620323E0
1.640684523E2,-8.003991842E-1,3.231507063E0,9.939785004E0
1.640885626E2,-1.115055323E0,3.120240688E0,9.973284721E0
1.641086729E2,-1.896910191E0,3.077768087E0,9.662218094E0
1.641287831E2,-2.060220242E0,2.886342287E0,9.097511292E0
1.641488934E2,-2.002792597E0,2.935395241E0,8.636893272E0
1.641690037E2,-1.920240164E0,3.100499868E0,8.690134048E0
1.641891139E2,-1.593619823E0,3.160918713E0,8.499904633E0
1.642092242E2,-1.219143152E0,3.262613773E0,8.151150703E0
1.642293344E2,-1.274776220E0,3.448057413E0,8.189435959E0
1.642494447E2,-1.698904037E0,3.438486099E0,8.870193481E0
1.642695550E2,-1.896910191E0,3.212364435E0,9.836894035E0
1.642896652E2,-1.654636860E0,3.168097258E0,1.028853893E1
1.643097755E2,-1.160519004E0,3.290131092E0,1.009472084E1
1.643298858E2,-9.571290612E-1,3.373879910E0,1.004387283E1
1.643499961E2,-9.667003751E-1,3.248854876E0,1.025444126E1
1.643701063E2,-9.475577474E-1,3.096910715E0,1.031426239E1
1.643902166E2,-1.051645517E0,2.889931440E0,1.012403297E1
1.644103268E2,-1.278365493E0,2.755335331E0,1.026341438E1
1.644304371E2,-1.572682738E0,2.758326292E0,1.136291695E1
1.644505474E2,-1.314257860E0,2.831307411E0,1.258684540E1
1.644706577E2,-5.198407173E-1,2.515454769E0,1.301575851E1
1.644907679E2,-5.264209956E-2,2.337787628E0,1.212862015E1
1.645108782E2,-2.009970993E-1,2.394617319E0,1.053320503E1
1.645309884E2,-3.391826153E-1,2.533401012E0,9.045467377E0
1.645510987E2,-6.245267391E-1,2.770290375E0,8.257032394E0
1.645712090E2,-2.907279432E-1,2.691925526E0,8.353941917E0
1.645913193E2,5.509474277E-1,2.550150633E0,8.341380119E0
1.646114295E2,8.626125455E-1,2.526222467E0,8.377271652E0
1.646315398E2,4.719842672E-1,2.436491728E0,8.977272034E0
1.646516501E2,8.015955985E-2,2.191227436E0,9.441479683E0
1.646717603E2,-2.141576260E-1,2.239083767E0,9.574281693E0
1.646918706E2,1.549352705E-1,2.583052158E0,9.119645119E0
1.647119809E2,5.234299302E-1,2.782852650E0,8.498707771E0
1.647320912E2,4.701896608E-1,2.986840963E0,7.933403492E0
1.647522014E2,4.265206456E-1,3.035295486E0,7.551149845E0
1.647723117E2,2.620140910E-1,2.895315409E0,7.567301750E0
1.647924219E2,4.785645381E-2,2.658426046E0,7.880761147E0
1.648125322E2,-2.584248483E-1,2.530410051E0,8.323433876E0
1.648326425E2,-5.557330847E-1,2.734398127E0,8.442476273E0
1.648527528E2,-2.518445849E-1,2.685345173E0,8.242675781E0
1.648728630E2,-1.764706671E-1,2.861815929E0,8.455636978E0
1.648929733E2,-3.469592929E-1,2.754138947E0,9.033503532E0
1.649130836E2,-1.347757339E0,3.090330362E0,5.892923832E0
1.649331939E2,-8.458628058E-1,2.837289333E0,7.609774113E0
1.649533041E2,-5.593222976E-1,3.512065411E0,1.115952682E1
1.649734144E2,-1.447657645E-1,4.176671982E0,1.206640625E1
1.649935247E2,-1.142572835E-1,4.119842529E0,1.020060253E1
1.650136350E2,-3.278166950E-1,3.127419233E0,9.060422897E0
