"Time (s)","Acceleration x (m/s^2)","Acceleration y (m/s^2)","Acceleration z (m/s^2)"
1.472532400E-2,5.946164131E-1,3.023331404E0,9.399605751E0
3.483740700E-2,5.946164131E-1,3.096910715E0,9.333204269E0
5.494954200E-2,4.420739710E-1,3.090330362E0,9.312267303E0
7.506162600E-2,4.031906128E-1,3.073580742E0,9.381659508E0
9.517370900E-2,4.181457460E-1,3.132802963E0,9.424132347E0
1.152857920E-1,4.558327198E-1,3.214159012E0,9.291928291E0
1.353979280E-1,3.541377485E-1,3.175873756E0,9.189635277E0
1.555100110E-1,3.104687333E-1,3.156133175E0,9.414560318E0
1.756220950E-1,2.422732860E-1,3.302095175E0,9.733404160E0
1.957342300E-1,3.044866920E-1,3.218346357E0,9.530014038E0
2.158463130E-1,2.159522474E-1,3.291327477E0,9.364311218E0
2.359583970E-1,1.776670814E-1,3.347558975E0,9.165108681E0
2.560705320E-1,1.974078715E-1,3.405584812E0,9.068798065E0
2.761826150E-1,2.362912297E-1,3.422334671E0,9.223732948E0
2.962946990E-1,1.280160099E-1,3.418745279E0,9.428917885E0
3.164068340E-1,2.572284266E-2,3.331407309E0,9.468399048E0
3.365189170E-1,-5.443671346E-2,3.407379389E0,9.539586067E0
3.566310010E-1,4.785645287E-3,3.526422262E0,9.455238342E0
3.767430840E-1,4.067798331E-2,3.514458179E0,9.535398483E0
3.968552200E-1,9.332008660E-2,3.474976778E0,1.005523872E1
4.169673030E-1,2.452643216E-1,3.476771355E0,1.067258739E1
4.370793860E-1,2.596212626E-1,3.509672642E0,1.107398319E1
4.571914700E-1,3.026920557E-1,3.479762316E0,1.145862961E1
4.773036050E-1,3.637090325E-1,3.622135162E0,1.196590805E1
4.974156880E-1,2.105683982E-1,4.018745422E0,1.230987644E1
5.175277720E-1,6.640082598E-2,4.421936035E0,1.208674526E1
5.376398550E-1,5.706881881E-1,4.204189301E0,1.184327602E1
5.577519900E-1,1.756331801E0,3.397209883E0,1.291944790E1
5.778640740E-1,2.044068813E0,2.658426046E0,1.521356678E1
5.979761570E-1,6.825526357E-1,2.093121529E0,1.579741478E1
6.180882400E-1,-8.446664214E-1,2.066202402E0,1.353320694E1
6.382003760E-1,-1.528415442E0,2.491526604E0,1.084905815E1
6.583124590E-1,-1.336391449E0,2.767299414E0,9.102895737E0
6.784245420E-1,-3.655036688E-1,2.663809776E0,8.839086533E0
6.985366260E-1,5.509474277E-1,2.395215511E0,9.641280174E0
7.186487090E-1,5.048855543E-1,2.148754835E0,1.001515961E1
7.387607920E-1,-1.190429255E-1,1.992024899E0,9.672387123E0
7.588729280E-1,-4.773681164E-1,2.005185366E0,8.959924698E0
7.789850110E-1,-3.990031779E-1,2.089532375E0,8.542376518E0
7.990970950E-1,-3.427718580E-1,2.138585329E0,8.206783295E0
8.192091780E-1,-3.804588020E-1,2.164906263E0,7.759325504E0
8.393212610E-1,-4.372883439E-1,2.127219439E0,7.359724045E0
8.594333970E-1,-5.138586760E-1,1.998006940E0,6.971488953E0
8.795454800E-1,-6.197410822E-1,1.941775560E0,6.673582554E0
8.996575630E-1,-6.496513486E-1,1.875972986E0,6.342176437E0
9.197696470E-1,-7.381857634E-1,1.889731646E0,6.023931026E0
9.398817300E-1,-1.007378340E0,1.878963947E0,5.795416355E0
9.599938130E-1,-1.149153113E0,1.785045743E0,6.094519138E0
9.801059490E-1,-1.094716311E0,1.849053741E0,7.116852760E0
1.000218032E0,-8.524430394E-1,2.052443504E0,8.040482521E0
1.020330115E0,-4.857429862E-1,2.334796667E0,8.414361000E0
1.040442199E0,-2.452643216E-1,2.638685226E0,8.364709854E0
1.060554282E0,-6.879365444E-2,2.947359324E0,8.200202942E0
1.080666365E0,8.973085321E-3,3.194418192E0,8.362317085E0
1.100778449E0,-1.244267747E-1,3.288336515E0,9.061020851E0
1.120890584E0,-1.734796464E-1,3.212962627E0,1.010967541E1
1.141002667E0,2.811566554E-2,3.062813044E0,1.169910812E1
1.161114751E0,-4.486542568E-2,3.292523861E0,1.294217968E1
1.181226834E0,4.307080805E-2,3.375076294E0,1.323888969E1
1.201338917E0,8.093722463E-1,3.253640652E0,1.322513103E1
1.221451001E0,1.044467092E0,3.351148129E0,1.307318687E1
1.241563084E0,1.311266780E0,2.684746981E0,1.371625805E1
1.261675167E0,1.834098577E0,1.842473388E0,1.535773373E1
1.281787303E0,2.024926186E0,1.298106313E0,1.608096504E1
1.301899386E0,1.506281853E0,1.467996716E0,1.410090351E1
1.322011470E0,8.404789567E-1,2.102094650E0,1.086102200E1
1.342123553E0,8.362914920E-1,2.229512453E0,8.744570732E0
1.362235636E0,1.159920812E0,2.188834429E0,8.640482903E0
1.382347720E0,1.343569875E0,1.974078655E0,9.548559189E0
1.402459803E0,9.224331379E-1,1.736590981E0,9.333204269E0
1.422571886E0,4.719842672E-1,1.697109461E0,8.105088234E0
1.442683970E0,3.044866920E-1,1.776670814E0,6.924828529E0
1.462796053E0,3.672982752E-1,1.852044702E0,6.451648235E0
1.482908136E0,2.578266263E-1,1.983051777E0,6.409773827E0
1.503020220E0,1.016949639E-1,2.087737799E0,6.029314995E0
1.523132303E0,8.853443712E-2,2.160120726E0,5.665007591E0
1.543244386E0,1.597209126E-1,2.237289190E0,6.007779598E0
1.563356522E0,2.207378894E-1,1.997408748E0,6.783652306E0
1.583468605E0,1.782652885E-1,1.959721804E0,7.615158081E0
1.603580688E0,2.542374134E-1,2.175075769E0,8.060821533E0
1.623692772E0,4.510470629E-1,2.291725874E0,7.960920811E0
1.643804855E0,4.109672904E-1,2.411366940E0,7.768298626E0
1.663916938E0,3.032902777E-1,2.671586514E0,7.520043373E0
1.684029022E0,5.180460811E-1,3.102294445E0,7.308876991E0
1.704141105E0,7.812566161E-1,3.451048374E0,7.198208809E0
1.724253188E0,9.577272534E-1,3.669393539E0,7.479963779E0
1.744365272E0,9.409775138E-1,3.652643681E0,8.277970314E0
1.764477355E0,8.333004713E-1,3.562912941E0,9.958928108E0
1.784589438E0,5.934200287E-1,3.578466177E0,1.197129154E1
1.804701522E0,4.325026870E-1,3.411566973E0,1.317727470E1
1.824813605E0,7.848458290E-1,3.346362352E0,1.295175076E1
1.844925688E0,1.421336651E0,3.518645763E0,1.213639641E1
1.865037772E0,1.965105653E0,3.643072367E0,1.151426220E1
1.885149855E0,2.155933142E0,3.342175007E0,1.137069321E1
1.905261938E0,1.851446509E0,2.583650351E0,1.260838032E1
1.925374022E0,6.275177598E-1,2.073979139E0,1.426481247E1
1.945486105E0,-5.641079545E-1,1.747358680E0,1.398485184E1
1.965598188E0,-8.464609981E-1,1.564906001E0,1.246720409E1
1.985710272E0,-4.157529473E-1,1.372882009E0,1.169133186E1
2.005822355E0,8.494520187E-2,1.215553880E0,1.201854992E1
2.025934438E0,-2.087737769E-1,1.174875975E0,1.198923779E1
2.046046522E0,-7.716853023E-1,1.197009563E0,1.125583744E1
2.066158553E0,-9.014959335E-1,1.424327731E0,1.045962620E1
2.086270636E0,-5.455635786E-1,1.521237016E0,9.803394318E0
2.106382720E0,1.316052489E-2,1.339382529E0,9.437891006E0
2.126494803E0,4.211367965E-1,1.128814101E0,9.354142189E0
2.146606886E0,4.091726840E-1,9.732806087E-1,8.961718559E0
2.166718970E0,2.273181453E-2,9.613165259E-1,7.987242222E0
2.186831053E0,-3.367897868E-1,1.129412293E0,6.981060028E0
2.206943136E0,-5.455635786E-1,1.387238979E0,6.550352097E0
2.227055220E0,-5.377869010E-1,1.342373490E0,6.725626469E0
2.247167303E0,-4.887340367E-1,1.312463164E0,7.144968510E0
2.267279386E0,-4.911268353E-1,1.287936807E0,7.378866673E0
2.287391470E0,-5.581258535E-1,1.618146300E0,7.204789162E0
2.307503553E0,-2.973082066E-1,1.817947030E0,7.444071293E0
2.327615584E0,-1.238285750E-1,2.096710920E0,7.558328629E0
2.347727667E0,-2.470589429E-1,2.727817774E0,6.738786697E0
2.367839751E0,-1.818545163E-1,3.243471146E0,5.933003902E0
2.387951834E0,1.298106313E-1,3.567698479E0,6.532405853E0
2.408063917E0,4.127618968E-1,3.687937975E0,8.434102058E0
2.428176001E0,5.078766346E-1,3.708875179E0,1.059003448E1
2.448288084E0,-2.596212626E-1,3.848855257E0,1.116251755E1
2.468400167E0,-9.822536707E-1,3.920639992E0,1.078624630E1
2.488512251E0,-1.168893814E0,3.842274904E0,1.073898792E1
2.508624282E0,-8.644071817E-1,3.804588079E0,1.150289631E1
2.528736365E0,-2.727817893E-1,4.009772778E0,1.219083309E1
2.548848449E0,4.600201547E-1,3.945764542E0,1.200658607E1
2.568960532E0,7.034898400E-1,3.512663603E0,1.196351528E1
2.589072615E0,2.165504545E-1,2.931207657E0,1.269512081E1
2.609184699E0,2.039881349E-1,2.121237278E0,1.337408352E1
2.629296782E0,5.730810165E-1,1.823330879E0,1.340519047E1
2.649408865E0,1.007976532E0,1.823330879E0,1.273340607E1
2.669520897E0,1.277169108E0,1.764108539E0,1.184566879E1
2.689632980E0,1.349551916E0,1.487737536E0,1.111226845E1
2.709745063E0,1.505683661E0,1.093519926E0,1.142453194E1
2.729857147E0,1.296311617E0,1.047458172E0,1.164826107E1
2.749969230E0,8.321040869E-1,1.124626637E0,1.055354404E1
2.770081313E0,3.158525825E-1,1.258026481E0,8.684151649E0
2.790193345E0,9.332008660E-2,1.337587833E0,7.051648140E0
2.810305428E0,7.058826834E-2,1.473978758E0,6.110072613E0
2.830417511E0,-4.965107143E-2,1.647458434E0,5.625525951E0
2.850529595E0,-1.698904037E-1,1.852642894E0,5.405386448E0
2.870641678E0,-3.553341627E-1,2.056631088E0,5.343173027E0
2.890753761E0,-4.079762697E-1,2.164308071E0,5.522634506E0
2.910865792E0,-2.327020019E-1,2.278565407E0,6.160321712E0
2.930977876E0,2.548356056E-1,2.298306227E0,7.106683254E0
2.951089959E0,6.999006271E-1,2.334198475E0,7.845467091E0
2.971202042E0,6.215356588E-1,2.616551638E0,8.362317085E0
2.991314126E0,1.489532143E-1,2.845066071E0,8.234300613E0
3.011426157E0,2.273181453E-2,2.962314367E0,8.108079910E0
3.031538240E0,1.884347796E-1,3.098107100E0,8.636295319E0
3.051650324E0,5.060819983E-1,3.132802963E0,9.409774780E0
3.071762407E0,7.914260626E-1,3.236292601E0,1.062951660E1
3.091874438E0,7.567301393E-1,3.271586657E0,1.197966671E1
3.111986522E0,4.271188378E-1,3.128615618E0,1.324905872E1
3.132098605E0,-2.189432681E-1,3.159124136E0,1.382931805E1
3.152210688E0,-7.334001660E-1,3.566502094E0,1.322393417E1
3.172322772E0,-6.610172391E-1,3.845266104E0,1.257906818E1
3.192434803E0,-2.512463741E-2,3.059223652E0,1.346261883E1
3.212546886E0,5.347958803E-1,1.861616015E0,1.592961884E1
3.232658970E0,1.651047617E-1,1.206580877E0,1.704287910E1
3.252771053E0,-1.167099237E0,1.585245013E0,1.400279808E1
3.272883084E0,-1.883151412E0,2.147558212E0,9.909276962E0
3.292995167E0,-1.616351724E0,2.078166485E0,7.676773071E0
3.313107251E0,-8.506484628E-1,1.668993831E0,8.166105270E0
3.333219334E0,-5.940182209E-1,1.162313581E0,9.676574707E0
3.353331365E0,-7.280163169E-1,6.873382926E-1,1.000798035E1
3.373443449E0,-7.088736892E-1,5.700899959E-1,9.105886459E0
3.393555532E0,-3.876372576E-1,7.471588850E-1,8.025527000E0
3.413667615E0,-4.067798331E-2,1.042074203E0,6.818347931E0
3.433779647E0,1.968096644E-1,1.314856052E0,5.740979671E0
3.453891730E0,2.123630047E-1,1.485942841E0,5.027320385E0
3.474003813E0,-5.982056633E-2,1.591227055E0,4.817350388E0
3.494115845E0,-4.821537733E-1,1.992623091E0,5.304887772E0
3.514227928E0,-6.526423693E-1,2.441277266E0,6.376872540E0
3.534340011E0,-4.277170599E-1,2.560320139E0,7.811967850E0
3.554452095E0,8.913264424E-2,2.518445730E0,9.173483849E0
3.574564126E0,4.199403822E-1,2.654238462E0,9.757332802E0
3.594676209E0,4.528416991E-1,2.600998163E0,9.697511673E0
3.614788292E0,6.903293133E-1,2.265404940E0,1.036151981E1
3.634900376E0,1.121037364E0,2.007578135E0,1.179123211E1
3.655012407E0,1.267597795E0,2.166102648E0,1.301695538E1
3.675124490E0,1.558325768E0,2.472982168E0,1.258445263E1
3.695236574E0,2.038684845E0,3.169891834E0,1.108833981E1
3.715348605E0,2.429313183E0,3.418745279E0,9.760921478E0
3.735460688E0,2.816950560E0,2.629712105E0,1.024307537E1
3.755572772E0,2.972483873E0,1.515853167E0,1.312343597E1
3.775684803E0,2.505883455E0,8.769695163E-1,1.570708561E1
3.795796886E0,1.217348576E0,1.103689432E0,1.522014618E1
3.815908970E0,4.773681164E-1,1.816750646E0,1.196471119E1
3.836021001E0,6.885347366E-1,2.087737799E0,8.595617294E0
3.856133084E0,1.914856315E0,1.887338877E0,7.405188084E0
3.876245167E0,2.667398930E0,1.828116536E0,8.695517540E0
3.896357199E0,1.939980984E0,1.628315806E0,9.798608780E0
3.916469282E0,8.207381964E-1,1.482353687E0,9.049057007E0
3.936581365E0,1.800599098E-1,1.709073544E0,7.481160164E0
3.956693397E0,1.471585929E-1,1.926820397E0,6.160321712E0
3.976805480E0,5.527420044E-1,2.038684845E0,5.824728489E0
3.996917563E0,9.936196208E-1,1.877169371E0,6.301498413E0
4.017029595E0,9.756734371E-1,1.542174220E0,7.099504948E0
4.037141678E0,5.509474277E-1,1.532004714E0,7.572087288E0
4.057253709E0,2.638086975E-1,1.834696770E0,7.530810833E0
4.077365792E0,4.432703853E-1,2.160120726E0,6.999604225E0
4.097477876E0,1.058225870E0,2.411965132E0,6.720840454E0
4.117589907E0,1.398604870E0,2.685943365E0,7.265805721E0
4.137701990E0,1.234098315E0,2.863610506E0,8.114660263E0
4.157814074E0,8.111668825E-1,2.849851847E0,8.936594009E0
4.177926105E0,2.530409992E-1,2.944966555E0,9.382257462E0
4.198038188E0,-1.136590727E-2,3.064607620E0,1.005882835E1
4.218150272E0,4.785645381E-2,3.195016384E0,1.117747307E1
4.238262303E0,2.847459018E-1,3.436691523E0,1.199043465E1
4.258374386E0,4.588237405E-1,3.711866140E0,1.218784237E1
4.278486417E0,4.977070987E-1,3.741178274E0,1.266640663E1
4.298598501E0,2.392822644E-3,3.826123476E0,1.341236877E1
4.318710532E0,-1.537388563E-1,3.333201885E0,1.396331692E1
4.338822615E0,9.750752151E-2,2.617748022E0,1.449093437E1
4.358934699E0,2.189432681E-1,2.204986095E0,1.473500156E1
4.379046730E0,-4.492524564E-1,2.144567251E0,1.375274849E1
4.399158813E0,-1.210768223E0,2.204986095E0,1.193480110E1
4.419270845E0,-1.371087432E0,1.974676847E0,1.053081226E1
4.439382928E0,-9.409775138E-1,1.606780410E0,9.993623734E0
4.459495011E0,-4.181457460E-1,1.306481123E0,9.807581902E0
4.479607042E0,-3.547359705E-1,1.182652593E0,9.111868858E0
4.499719126E0,-5.467599630E-1,1.116251707E0,7.914260864E0
4.519831157E0,-6.747759581E-1,1.185045362E0,6.770491600E0
4.539943240E0,-4.618147612E-1,1.254437327E0,6.084948063E0
4.560055324E0,-4.366901144E-2,1.217348576E0,5.964110374E0
4.580167355E0,2.350948304E-1,1.264606714E0,5.933003902E0
4.600279386E0,1.501496136E-1,1.250848055E0,5.815157413E0
4.620391470E0,-1.256231815E-1,1.201795220E0,5.941977024E0
4.640503553E0,-2.356930375E-1,1.394417405E0,6.278766632E0
4.660615584E0,-1.136590764E-1,1.860419631E0,6.402595043E0
4.680727667E0,1.136590764E-1,2.541177750E0,6.201598167E0
4.700839699E0,2.799602449E-1,2.994019270E0,5.794219971E0
4.720951782E0,5.712863803E-1,2.982055187E0,6.004190445E0
4.741063813E0,8.374879360E-1,2.761915445E0,7.537391186E0
4.761175897E0,8.225327730E-1,2.450848579E0,1.018146038E1
4.781287928E0,5.778666735E-1,2.210369825E0,1.230927753E1
4.801400011E0,3.062812984E-1,2.270190477E0,1.264008522E1
4.821512095E0,3.445664644E-1,2.434697151E0,1.221416283E1
4.841624126E0,2.715853751E-1,3.055634499E0,1.220399380E1
4.861736209E0,6.819544435E-1,2.952144861E0,1.212024498E1
4.881848240E0,1.727617979E0,2.443071842E0,1.202572823E1
4.901960324E0,2.496910334E0,2.670988321E0,1.180977631E1
4.922072355E0,3.763311863E0,2.410170555E0,1.174277687E1
4.942184438E0,4.219144344E0,1.885544300E0,1.295833111E1
4.962296470E0,3.342773199E0,1.473380566E0,1.446222019E1
4.982408553E0,1.933400750E0,1.493719578E0,1.417149258E1
5.002520584E0,1.289133191E0,1.632503271E0,1.255992603E1
5.022632667E0,1.626521230E0,1.988435626E0,1.135035419E1
5.042744699E0,2.335394859E0,2.331805706E0,1.088794136E1
5.062856782E0,2.812762976E0,2.328814745E0,1.065763187E1
5.082968813E0,2.491526604E0,2.222932339E0,1.043509960E1
5.103080897E0,1.844268084E0,1.975275040E0,9.918250084E0
5.123192928E0,1.244866014E0,1.786840320E0,9.131608963E0
5.143305011E0,7.645068169E-1,1.768295884E0,8.374280930E0
5.163417042E0,4.971089065E-1,1.818545222E0,7.725227833E0
5.183529126E0,3.314059377E-1,1.972882271E0,6.796812534E0
5.203641157E0,1.561316848E-1,2.221735716E0,5.759523869E0
5.223753240E0,1.746760458E-1,2.472982168E0,5.218147755E0
5.243865272E0,3.326023519E-1,2.472982168E0,5.423332691E0
5.263977355E0,6.963114142E-1,2.141576290E0,6.475576401E0
5.284089386E0,8.895317912E-1,1.963909149E0,7.546364307E0
5.304201470E0,8.632107973E-1,1.914258122E0,8.116454124E0
5.324313501E0,6.927221417E-1,1.979462504E0,7.925028801E0
5.344425584E0,4.331009090E-1,2.306680918E0,7.159325123E0
5.364537615E0,3.433700502E-1,2.751745939E0,6.534798622E0
5.384649699E0,5.294120312E-1,3.013760090E0,6.233303070E0
5.404761730E0,6.628118753E-1,3.217149973E0,6.601797581E0
5.424873813E0,7.507480979E-1,3.301496983E0,7.610372543E0
5.444985845E0,7.914260626E-1,3.293720484E0,8.655437469E0
5.465097928E0,8.069794178E-1,3.285943747E0,9.559925079E0
5.485209959E0,8.751748800E-1,3.299702406E0,1.024487019E1
5.505321990E0,9.720842242E-1,3.165704250E0,1.094178009E1
5.525434074E0,9.996016622E-1,2.914458036E0,1.211186981E1
5.545546105E0,5.288137794E-1,2.743969440E0,1.342852020E1
5.565658188E0,-2.021935135E-1,2.720041037E0,1.351107311E1
5.585770220E0,-2.147558331E-1,3.214159012E0,1.255932808E1
5.605882303E0,4.516452849E-1,3.687937975E0,1.196531010E1
5.625994334E0,1.721635938E0,3.251247883E0,1.274776268E1
5.646106417E0,2.292324066E0,2.384447813E0,1.425643730E1
5.666218449E0,1.584646821E0,1.652842283E0,1.516570950E1
5.686330480E0,4.007977992E-2,1.428515077E0,1.400399494E1
5.706442563E0,-9.810572863E-1,1.579262972E0,1.240798187E1
5.726554595E0,-8.452646136E-1,1.715653777E0,1.166979599E1
5.746666678E0,2.273181453E-2,1.530210137E0,1.166261768E1
5.766778709E0,3.487538993E-1,1.170090318E0,1.180558872E1
5.786890792E0,-1.034895778E-1,9.726824164E-1,1.150947666E1
5.807002824E0,-5.234299302E-1,9.272187948E-1,1.088674450E1
5.827114855E0,-5.144568682E-1,1.044467092E0,9.981659889E0
5.847226938E0,-9.810572863E-2,1.267597795E0,8.968298912E0
5.867338970E0,1.333998591E-1,1.411167145E0,7.692326546E0
5.887451053E0,1.256231815E-1,1.482353687E0,6.548557281E0
5.907563084E0,1.585244983E-1,1.456630826E0,5.920441628E0
5.927675115E0,1.489532143E-1,1.545165181E0,5.768496990E0
5.947787199E0,-7.657032460E-2,1.607378602E0,5.726622581E0
5.967899230E0,-2.644068897E-1,1.636690736E0,5.933003902E0
5.988011313E0,-3.720839322E-1,1.682752490E0,6.340980053E0
6.008123345E0,-3.104687333E-1,1.731207132E0,6.671189308E0
6.028235376E0,-2.416750938E-1,1.883151412E0,6.919445038E0
6.048347459E0,-2.033899277E-1,2.045863390E0,6.988238335E0
6.068459490E0,-2.099701911E-1,2.200200319E0,6.986443996E0
6.088571574E0,-9.631111473E-2,2.225923300E0,7.112067223E0
6.108683605E0,-7.716853172E-2,2.260020971E0,7.243073940E0
6.128795688E0,-2.512463629E-1,2.455035925E0,7.451249599E0
6.148907720E0,-4.576273263E-1,2.660220623E0,7.561319351E0
6.169019751E0,-6.598208547E-1,2.846860647E0,7.689933777E0
6.189131834E0,-8.554341197E-1,3.044268608E0,8.281558990E0
6.209243865E0,-1.018744230E0,3.278765202E0,9.294321060E0
6.229355897E0,-9.439685345E-1,3.497110367E0,1.016291618E1
6.249467980E0,-5.389832854E-1,3.780659676E0,1.080838013E1
6.269580011E0,-4.067798331E-2,3.820739508E0,1.146820068E1
6.289692095E0,2.147558331E-1,3.651447296E0,1.249173069E1
6.309804126E0,1.561316848E-1,3.598805189E0,1.323948765E1
6.329916157E0,5.084748194E-2,3.650250912E0,1.300080395E1
6.350028240E0,3.427718580E-1,3.332005501E0,1.294098282E1
6.370140272E0,4.187439680E-1,2.730210543E0,1.368156147E1
6.390252303E0,1.848455518E-1,2.103291035E0,1.448973751E1
6.410364386E0,3.529413342E-1,1.615155339E0,1.496710587E1
6.430476417E0,1.117448211E0,1.364507079E0,1.454836178E1
6.450588501E0,1.633101463E0,1.469193101E0,1.319641685E1
6.470700532E0,1.429113269E0,1.418943882E0,1.192642593E1
6.490812563E0,1.369292736E0,9.864411354E-1,1.176790142E1
6.510924647E0,1.500898004E0,7.417750359E-1,1.234875965E1
6.531036678E0,1.644467354E0,5.982056856E-1,1.213998604E1
6.551148709E0,1.565504193E0,6.957131624E-1,1.088375378E1
6.571260792E0,1.281954765E0,9.517452121E-1,9.394221306E0
6.591372824E0,8.859425783E-1,1.070189953E0,7.999804497E0
6.611484855E0,6.167500615E-1,9.900303483E-1,7.262216568E0
6.631596938E0,5.012963414E-1,9.631111026E-1,7.214958668E0
6.651708970E0,4.348955154E-1,1.019940615E0,7.191030025E0
6.671821001E0,2.368894368E-1,1.191027522E0,6.807580471E0
6.691933084E0,-5.383851007E-3,1.433300734E0,6.102894306E0
6.712045115E0,-9.690931439E-2,1.627717614E0,5.584847927E0
6.732157147E0,-1.052841991E-1,1.895115495E0,5.645864964E0
6.752269230E0,-8.315058798E-2,1.814357758E0,6.488736629E0
6.772381261E0,-2.452643216E-1,1.558923960E0,7.861020565E0
6.792493292E0,-7.232306600E-1,1.855035782E0,8.760722160E0
6.812605376E0,-6.568298340E-1,2.254039049E0,8.194221497E0
6.832717407E0,-3.050848842E-2,2.644068956E0,6.511468410E0
6.852829438E0,1.003190875E0,2.915056229E0,5.865406513E0
6.872941522E0,1.666600943E0,2.776870728E0,7.126423836E0
6.893053553E0,1.557129383E0,2.461616278E0,9.200403214E0
6.913165584E0,8.608179688E-1,2.243869543E0,1.083470058E1
6.933277667E0,9.391828626E-2,2.091925144E0,1.141256714E1
6.953389699E0,-3.146561682E-1,2.190629244E0,1.092682457E1
6.973501730E0,-4.725824669E-2,2.586043119E0,1.046800041E1
6.993613813E0,1.322034448E-1,3.215355396E0,1.003250694E1
7.013725845E0,3.577269912E-1,3.352942705E0,1.020120144E1
7.033837876E0,9.266205430E-1,3.156731367E0,1.104048347E1
7.053949959E0,1.171286702E0,2.825923443E0,1.228654575E1
7.074061990E0,8.805587292E-1,2.243869543E0,1.353918839E1
7.094174022E0,3.595215976E-1,1.762912035E0,1.474337673E1
7.114286105E0,1.375873014E-2,1.445863128E0,1.554138279E1
7.134398136E0,-3.750749528E-1,1.331605792E0,1.487797260E1
7.154510167E0,-7.585247755E-1,1.618146300E0,1.307438278E1
7.174622199E0,-9.792626500E-1,2.081755638E0,1.116550827E1
7.194734282E0,-9.559326172E-1,2.148156643E0,9.850652695E0
7.214846313E0,-5.820540786E-1,1.829911113E0,9.827322960E0
7.234958345E0,-2.997010350E-1,1.516451359E0,1.050508976E1
7.255070428E0,-1.591227055E-1,1.213161111E0,1.053858948E1
7.275182459E0,-1.351944804E-1,1.018744230E0,9.772886276E0
7.295294490E0,-2.027917206E-1,9.906286001E-1,8.891729355E0
7.315406574E0,-2.979064286E-1,1.022333503E0,7.666603565E0
7.335518605E0,-4.211367965E-1,1.089332461E0,6.210571289E0
7.355630636E0,-4.959124923E-1,1.258624673E0,5.253442287E0
7.375742667E0,-6.251249313E-1,1.447059512E0,4.866403103E0
7.395854751E0,-6.909275651E-1,1.496710539E0,4.966303349E0
7.415966782E0,-5.467599630E-1,1.648654819E0,5.541179180E0
7.436078813E0,-3.290131092E-1,1.908874273E0,6.032904148E0
7.456190897E0,-1.567298770E-1,2.130808592E0,6.400800705E0
7.476302928E0,-2.560320199E-1,2.343769789E0,6.841678143E0
7.496414959E0,-2.775674164E-1,2.386242390E0,7.631907940E0
7.516526990E0,-1.633101404E-1,2.370688915E0,8.740981102E0
7.536639074E0,-9.032905847E-2,2.434697151E0,9.551549911E0
7.556751105E0,2.033899166E-2,2.451446772E0,1.017188931E1
7.576863136E0,1.028913707E-1,2.414956331E0,1.065523911E1
7.596975167E0,6.879365444E-2,2.346760750E0,1.129950714E1
7.617087251E0,-2.596212626E-1,2.295315027E0,1.211785221E1
7.637199282E0,-9.008977413E-1,2.691925526E0,1.257428265E1
7.657311313E0,-5.413761139E-1,2.997010469E0,1.202871990E1
7.677423345E0,1.089930773E0,2.650649309E0,1.164287663E1
7.697535428E0,2.459223509E0,2.634497643E0,1.164526939E1
7.717647459E0,2.857030153E0,2.532802820E0,1.192403316E1
7.737759490E0,2.536391973E0,2.268994093E0,1.301396370E1
7.757871574E0,1.964507341E0,1.811964989E0,1.395673656E1
7.777983605E0,1.618146300E0,1.289133191E0,1.430728436E1
7.798095636E0,1.739582062E0,1.298704505E0,1.406620789E1
7.818207667E0,1.814955950E0,1.834696770E0,1.278724384E1
7.838319751E0,1.672582984E0,2.228914261E0,1.114995575E1
7.858431782E0,1.551147223E0,2.158325911E0,1.015992451E1
7.878543813E0,1.314257860E0,1.984846354E0,1.016710377E1
7.898655845E0,1.060618639E0,1.756929994E0,1.014377308E1
7.918767928E0,8.135597110E-1,1.577468276E0,9.421140671E0
7.938879959E0,5.072783828E-1,1.489532113E0,8.120043755E0
7.958991990E0,3.134597540E-1,1.500299811E0,6.873383045E0
7.979104022E0,2.201396823E-1,1.624726534E0,6.011368752E0
7.999216105E0,7.597211748E-2,1.731207132E0,5.377869129E0
8.019328136E0,-9.032905847E-2,1.878365755E0,4.654638290E0
8.039440167E0,-4.785645381E-2,1.959721804E0,4.408177376E0
8.059552199E0,2.303091735E-1,1.878963947E0,5.595615864E0
8.079664282E0,3.888336942E-2,2.051247120E0,7.382455826E0
8.099776313E0,-7.633104324E-1,2.505883455E0,8.242077827E0
8.119888345E0,-1.298106313E0,2.997608662E0,7.182655334E0
8.140000376E0,-6.191428304E-1,3.319443226E0,6.515058041E0
8.160112459E0,7.052844763E-1,3.151945591E0,7.637291908E0
8.180224490E0,1.524826288E0,2.706282377E0,9.675378799E0
8.200336522E0,1.343569875E0,2.638685226E0,1.093161011E1
8.220448553E0,3.098705411E-1,2.868396044E0,1.077488041E1
8.240560584E0,-5.437689424E-1,3.028116941E0,1.026401234E1
8.260672667E0,-5.772684813E-1,3.220141172E0,1.056730270E1
8.280784699E0,-1.974078640E-2,3.616751432E0,1.115593719E1
8.300896730E0,4.444667995E-1,3.742374659E0,1.151904774E1
8.321008761E0,4.911268353E-1,3.705883980E0,1.223270798E1
8.341120845E0,8.853443712E-2,3.400799274E0,1.285723400E1
8.361232876E0,-4.845465720E-2,2.533401012E0,1.327956772E1
8.381344907E0,6.161518395E-2,1.768894196E0,1.463629818E1
8.401456938E0,4.965107143E-2,1.230509043E0,1.591526127E1
8.421568970E0,-4.833501875E-1,1.286740422E0,1.463450336E1
8.441681053E0,-1.052842021E0,1.697109461E0,1.190788174E1
8.461793084E0,-9.589236975E-1,1.867598057E0,1.021137047E1
8.481905115E0,-1.663011760E-1,1.753939033E0,9.973284721E0
8.502017147E0,2.404786795E-1,1.507478237E0,1.063789082E1
8.522129230E0,-3.535395563E-1,1.180858016E0,1.067797089E1
8.542241261E0,-8.919246197E-1,8.715856671E-1,9.784850121E0
8.562353292E0,-9.529415965E-1,9.529415965E-1,8.504690170E0
8.582465324E0,-7.543373108E-1,1.129412293E0,7.448258877E0
8.602577355E0,-4.875376225E-1,1.273579836E0,6.697510719E0
8.622689438E0,-2.685943544E-1,1.409372568E0,6.003592014E0
8.642801470E0,-1.256231815E-1,1.480558991E0,5.326423168E0
8.662913501E0,-5.383851007E-3,1.602592945E0,4.884349346E0
8.683025532E0,-2.273181453E-2,1.810768485E0,4.961517811E0
8.703137563E0,-2.075773627E-1,2.018345833E0,5.475376606E0
8.723249647E0,-2.823530734E-1,2.181656122E0,5.967101574E0
8.743361678E0,-4.827519655E-1,2.498705149E0,6.272784710E0
8.763473709E0,-3.242274821E-1,2.624926329E0,7.007979393E0
8.783585740E0,4.546362907E-2,2.712264538E0,8.113463402E0
8.803697772E0,3.122633696E-1,2.970689297E0,8.998209953E0
8.823809855E0,2.362912297E-1,3.047259569E0,9.308079720E0
8.843921886E0,-2.081755698E-1,3.035295486E0,9.558130264E0
8.864033917E0,-4.528416991E-1,2.892324448E0,1.042373371E1
8.884145949E0,-4.348955154E-1,2.715853691E0,1.169133186E1
8.904257980E0,-6.669993401E-1,2.810968399E0,1.222253799E1
8.924370063E0,-9.475577474E-1,3.251846075E0,1.159322548E1
8.944482095E0,-3.529413342E-1,3.471387386E0,1.091127110E1
8.964594126E0,4.025924206E-1,3.230310678E0,1.147478104E1
8.984706157E0,1.627119333E-1,3.073580742E0,1.319581890E1
9.004818188E0,-5.922235921E-2,2.528017044E0,1.458604908E1
9.024930220E0,1.028913707E-1,2.009970903E0,1.512204075E1
9.045042303E0,6.023930907E-1,1.616351724E0,1.480319691E1
9.065154334E0,1.083948612E0,1.378864050E0,1.415713501E1
9.085266365E0,1.103091240E0,1.421934843E0,1.311207008E1
9.105378397E0,5.539384484E-1,1.643869162E0,1.182054424E1
9.125490428E0,4.067798331E-2,1.683350682E0,1.077428246E1
9.145602459E0,1.992024779E-1,1.713859200E0,1.013180923E1
9.165714542E0,7.262216806E-1,1.674377680E0,9.547960281E0
9.185826574E0,8.518448472E-1,1.601994753E0,8.697312355E0
9.205938605E0,5.306084156E-1,1.451845169E0,7.820342541E0
9.226050636E0,4.845465720E-2,1.410568953E0,7.112067223E0
9.246162667E0,-2.584248483E-1,1.507478237E0,6.571887493E0
9.266274751E0,-3.176472187E-1,1.633101463E0,6.007181168E0
9.286386782E0,-3.008974493E-1,1.776670814E0,5.459823132E0
9.306498813E0,-3.589234054E-1,1.881955028E0,5.175675392E0
9.326610845E0,-3.523431420E-1,1.922034740E0,5.319244862E0
9.346722876E0,-4.372883439E-1,1.943570137E0,5.737390518E0
9.366834907E0,-4.516452849E-1,2.046461582E0,6.013163090E0
9.386946938E0,-4.612165689E-1,2.311466694E0,6.232106686E0
9.407059022E0,-4.486542344E-1,2.632703066E0,6.745367050E0
9.427171053E0,-2.009970993E-1,2.831905603E0,7.705487251E0
9.447283084E0,2.201396823E-1,2.756531715E0,8.931808472E0
9.467395115E0,4.139583111E-1,2.768495798E0,1.007856941E1
9.487507147E0,2.111666054E-1,2.848057270E0,1.033878803E1
9.507619178E0,-1.639083475E-1,2.834298372E0,9.988838196E0
9.527731209E0,-4.438686073E-1,2.949752092E0,1.046859932E1
9.547843292E0,-6.059823632E-1,3.198007345E0,1.148315620E1
9.567955324E0,-6.448656917E-1,3.306282759E0,1.222014523E1
9.588067355E0,-5.503492355E-1,3.322434187E0,1.256411362E1
9.608179386E0,-1.818545163E-1,3.174677372E0,1.273998642E1
9.628291417E0,-1.651047617E-1,3.117249727E0,1.300618744E1
9.648403449E0,-2.667997181E-1,2.826521635E0,1.346321678E1
9.668515480E0,-1.986042857E-1,2.292922258E0,1.412722492E1
9.688627563E0,-2.458625287E-1,1.835893154E0,1.468894005E1
9.708739595E0,-8.111668825E-1,1.440479279E0,1.422174168E1
9.728851626E0,-1.792822361E0,1.419542074E0,1.256530952E1
9.748963657E0,-2.405983210E0,1.617548108E0,1.085145092E1
9.769075688E0,-2.415554523E0,1.652842283E0,9.729815483E0
9.789187720E0,-1.720439434E0,1.509272933E0,9.584450722E0
9.809299751E0,-8.189435601E-1,1.337587833E0,9.798010826E0
9.829411834E0,-6.209374666E-1,1.238285661E0,9.463015556E0
9.849523865E0,-8.614161611E-1,1.099501967E0,8.956335068E0
9.869635897E0,-8.997012973E-1,1.078564763E0,8.684151649E0
9.889747928E0,-6.819544435E-1,1.134796143E0,8.190033913E0
9.909859959E0,-3.517449200E-1,1.212562919E0,7.426125050E0
9.929971990E0,-7.597211748E-2,1.307677627E0,6.622136593E0
9.950084022E0,3.050848842E-2,1.436291814E0,6.122634888E0
9.970196053E0,-1.333998591E-1,1.581057549E0,5.812764645E0
9.990308136E0,-4.043870270E-1,1.783849239E0,5.697908878E0
1.001042017E1,-4.151547253E-1,1.832303882E0,5.914459229E0
1.003053220E1,-3.044866920E-1,1.864607096E0,6.478567123E0
1.005064423E1,-3.080759048E-1,2.056032896E0,7.046264648E0
1.007075626E1,-3.032902777E-1,2.204986095E0,7.679764271E0
1.009086829E1,-8.075776696E-2,2.260619164E0,8.670990944E0
1.011098032E1,1.298106313E-1,2.306082726E0,9.643074989E0
1.013109236E1,2.093719840E-1,2.323430777E0,9.954740524E0
1.015120439E1,-1.794617064E-2,2.292324066E0,9.810572624E0
1.017131647E1,-1.680957973E-1,2.211566210E0,1.033998489E1
1.019142850E1,-2.147558331E-1,2.213959217E0,1.134497070E1
1.021154053E1,-4.642075896E-1,2.333600283E0,1.227757263E1
1.023165256E1,-8.285148144E-1,2.706880569E0,1.195633698E1
1.025176460E1,-4.755735099E-1,2.757129908E0,1.070548820E1
1.027187663E1,1.734796464E-1,2.331207514E0,1.044167995E1
1.029198866E1,6.424728632E-1,1.987239242E0,1.215853024E1
1.031210069E1,1.177866936E0,1.407577872E0,1.467757416E1
1.033221272E1,1.341177106E0,1.208375454E0,1.613599968E1
1.035232475E1,1.271785259E0,1.603191137E0,1.486361599E1
1.037243683E1,1.577468276E0,2.152343988E0,1.238225937E1
1.039254886E1,2.125424623E0,2.476571321E0,1.076530933E1
1.041266090E1,2.290529490E0,2.617748022E0,1.020718288E1
1.043277293E1,2.050050735E0,2.422732830E0,1.028315544E1
1.045288496E1,1.496710539E0,1.986042738E0,1.020957565E1
1.047299699E1,9.672985673E-1,1.561915040E0,9.917053223E0
1.049310902E1,7.280163169E-1,1.383051515E0,9.312865257E0
1.051322105E1,5.647061467E-1,1.311864972E0,8.367102623E0
1.053333308E1,3.577269912E-1,1.283151150E0,7.474579811E0
1.055344517E1,3.355933726E-1,1.295115232E0,7.134200573E0
1.057355720E1,2.667997181E-1,1.395015597E0,6.957729816E0
1.059366923E1,-6.281159073E-2,1.620539188E0,6.180062771E0
1.061378126E1,-1.770688742E-1,1.929811478E0,5.237888813E0
1.063389329E1,-1.100698411E-1,2.227717876E0,4.908875465E0
1.065400532E1,1.010967568E-1,2.385046005E0,5.763113499E0
1.067411736E1,4.348955154E-1,2.359921217E0,7.128817081E0
1.069422939E1,5.946164131E-1,2.392822742E0,8.198408127E0
1.071434142E1,3.158525825E-1,2.623729944E0,8.398209572E0
1.073445345E1,-6.580262445E-3,2.813959360E0,7.765307903E0
1.075456548E1,7.716853172E-2,2.848655462E0,7.798807144E0
1.077467751E1,3.667000830E-1,2.734996319E0,8.790034294E0
1.079478954E1,4.773681164E-1,2.664407969E0,1.002712345E1
1.081490163E1,7.477571070E-2,2.713460922E0,1.105304623E1
1.083501366E1,-4.127618968E-1,2.814557552E0,1.115174961E1
1.085512569E1,-3.427718580E-1,2.818146944E0,1.104227829E1
1.087523772E1,-4.396811724E-1,2.662613392E0,1.188933754E1
1.089534975E1,-1.467398524E0,2.235494614E0,1.365404415E1
1.091546178E1,-2.105684042E0,2.257030010E0,1.430070496E1
1.093557381E1,-1.229910851E0,2.821736097E0,1.311565876E1
1.095568585E1,3.062812984E-1,3.051447153E0,1.263769245E1
1.097579788E1,1.496710539E0,2.757728100E0,1.396032524E1
1.099590991E1,1.298106313E0,2.133799553E0,1.556590939E1
1.101602194E1,-2.614158690E-1,1.680957913E0,1.502273846E1
1.103613397E1,-1.406381488E0,1.892124534E0,1.254616737E1
1.105624600E1,-1.640279889E0,2.281556368E0,9.697511673E0
1.107635808E1,-1.292124271E0,2.484348059E0,8.083553314E0
1.109647012E1,-5.563312769E-1,2.285743713E0,8.155337334E0
1.111658215E1,1.196411327E-1,1.922633052E0,8.748159409E0
1.113669418E1,4.402793646E-1,1.576870084E0,8.818149567E0
1.115680621E1,3.684946895E-1,1.365105271E0,8.379665375E0
1.117691824E1,-6.400800496E-2,1.292124271E0,8.252246857E0
1.119703027E1,-2.602194548E-1,1.198804140E0,7.901698589E0
1.121714230E1,-1.226321608E-1,1.326820135E0,7.072585583E0
1.123725433E1,-7.776673418E-3,1.594816327E0,5.983851433E0
1.125736637E1,-3.266202807E-1,1.768295884E0,5.284548759E0
1.127747840E1,-7.040880919E-1,1.640279889E0,5.657829285E0
1.129759043E1,-5.515456200E-1,1.733001828E0,6.046064377E0
1.131770246E1,-6.101697683E-2,1.985444546E0,5.758925915E0
1.133781449E1,2.685943544E-1,2.309672117E0,5.237888813E0
1.135792652E1,1.609173268E-1,2.488535643E0,5.472385406E0
1.137803855E1,-9.990034252E-2,2.364108801E0,7.077371120E0
1.139815058E1,-3.164508045E-1,2.462812662E0,9.099306107E0
1.141826262E1,-3.427718580E-1,2.587837696E0,1.026520920E1
1.143837465E1,-1.902294010E-1,2.627319336E0,1.002532864E1
1.145848668E1,1.902294010E-1,2.584846735E0,9.797411919E0
1.147859871E1,4.366901219E-1,2.536391973E0,1.068634605E1
1.149871079E1,5.198407173E-1,2.454437733E0,1.202513027E1
1.151882282E1,3.840480447E-1,2.317448616E0,1.297807217E1
1.153893486E1,1.740778536E-1,2.523231506E0,1.289551926E1
1.155904689E1,5.168496966E-1,2.808575630E0,1.198923779E1
1.157915892E1,1.541576028E0,2.685943365E0,1.186241817E1
1.159927095E1,1.805982947E0,2.631506681E0,1.244686508E1
1.161938298E1,9.888339639E-1,2.200200319E0,1.341715431E1
1.163949501E1,4.588237405E-1,1.679761529E0,1.383350563E1
1.165960704E1,9.667003751E-1,1.428515077E0,1.421516132E1
1.167971907E1,1.907677889E0,1.335793257E0,1.438206005E1
1.169983111E1,2.041077614E0,1.385444283E0,1.377667618E1
1.171994314E1,1.612164259E0,1.371685624E0,1.272921848E1
1.174005517E1,1.229312658E0,1.457827210E0,1.173200989E1
1.176016720E1,9.601200819E-1,1.511067510E0,1.080239773E1
1.178027923E1,1.133001566E0,1.600798368E0,9.931410789E0
1.180039126E1,1.399801254E0,1.630708575E0,8.953942299E0
1.182050329E1,1.558325768E0,1.560718536E0,8.078767776E0
1.184061532E1,1.479362607E0,1.603191137E0,7.373483181E0
1.186072736E1,1.048654556E0,1.721635938E0,6.588038921E0
1.188083939E1,5.437689424E-1,1.825125456E0,5.848058701E0
1.190095142E1,3.296113312E-1,1.939980984E0,5.455037594E0
1.192106345E1,3.678964674E-1,2.072184324E0,5.236692429E0
1.194117548E1,4.528416991E-1,2.348555326E0,5.263013363E0
1.196128751E1,2.356930375E-1,2.523829699E0,5.674578667E0
1.198139954E1,-6.041877344E-2,2.556132793E0,7.042077065E0
1.200151157E1,-2.476571500E-1,2.694318295E0,8.217551231E0
1.202162360E1,-4.618147612E-1,2.766103029E0,7.986045361E0
1.204173564E1,-4.803591371E-1,2.925225735E0,7.027719975E0
1.206184767E1,-4.139583111E-1,3.191427231E0,6.514459610E0
1.208195970E1,-3.002992272E-1,3.199802160E0,7.075576782E0
1.210207173E1,-1.471585929E-1,3.081357241E0,8.296514511E0
1.212218376E1,-1.208375469E-1,3.099303484E0,8.873783112E0
1.214229579E1,1.836491376E-1,3.123231649E0,9.130413055E0
1.216240788E1,6.143572330E-1,3.186043262E0,9.482755661E0
1.218251991E1,8.697910309E-1,3.195614576E0,1.022632599E1
1.220263189E1,9.720842242E-1,3.129213810E0,1.126002502E1
1.222274397E1,1.019940615E0,3.175873756E0,1.179661560E1
1.224285600E1,7.854440212E-1,3.267997503E0,1.172423267E1
1.226296803E1,4.797609448E-1,3.185445070E0,1.202752304E1
1.228308006E1,2.506481707E-1,3.121437073E0,1.245583820E1
1.230319210E1,3.930211067E-1,3.050250769E0,1.258146191E1
1.232330413E1,1.909472466E0,2.248655081E0,1.404766369E1
1.234341616E1,1.370489120E0,2.659024239E0,1.413619804E1
1.236352819E1,1.603191197E-1,1.711466432E0,1.361874962E1
1.238364022E1,-1.374676585E0,1.658226132E0,1.251206970E1
1.240375225E1,-1.232303619E0,2.123031855E0,1.162552929E1
1.242386428E1,-7.579265833E-1,2.044068813E0,1.035374355E1
1.244397631E1,-6.394818425E-1,1.850848317E0,9.524630547E0
1.246408834E1,-2.662015259E-1,1.403390527E0,9.792626381E0
1.248420038E1,-2.853440940E-1,1.103091240E0,1.028375340E1
1.250431241E1,1.615155302E-2,9.888339639E-1,1.051107121E1
1.252442444E1,-5.623133108E-2,1.197009563E0,9.700503349E0
1.254453647E1,-1.752742529E-1,1.303490162E0,8.875576973E0
1.256464850E1,-5.383851007E-2,1.491326690E0,7.967501163E0
1.258476053E1,1.046859920E-1,1.767697692E0,6.757331371E0
1.260487251E1,2.985046208E-1,1.951346874E0,6.260820389E0
1.262498460E1,6.059823632E-1,2.032104731E0,6.334399700E0
1.264509657E1,4.839483798E-1,2.090728760E0,6.452246189E0
1.266520866E1,1.752742529E-1,2.125424623E0,6.598806858E0
1.268532064E1,1.698904037E-1,2.093121529E0,6.937989235E0
1.270543267E1,3.308077157E-1,2.155334949E0,7.192226887E0
1.272554470E1,4.803591371E-1,2.188236237E0,7.527221680E0
1.274565678E1,4.671986103E-1,2.306680918E0,7.762914658E0
1.276576876E1,5.922235847E-1,2.309073925E0,8.192426682E0
1.278588079E1,4.767699242E-1,2.297708035E0,8.398209572E0
1.280599282E1,1.938186288E-1,2.236092806E0,8.870791435E0
1.282610486E1,2.297109663E-1,2.197807550E0,9.958928108E0
1.284621689E1,3.152543902E-1,2.313261271E0,1.056969547E1
1.286632892E1,2.512463629E-1,2.444866419E0,1.050628567E1
1.288644095E1,1.770688742E-1,2.617748022E0,1.061575794E1
1.290655298E1,1.142572835E-1,2.758326292E0,1.112602711E1
1.292666501E1,1.824527234E-1,2.697907448E0,1.166022491E1
1.294677704E1,4.713860750E-1,2.921636343E0,1.195394325E1
1.296688907E1,5.982056856E-1,3.346362352E0,1.180798149E1
1.298700111E1,8.997012973E-1,3.442673683E0,1.171944714E1
1.300711314E1,1.490728498E0,3.313461065E0,1.195454216E1
1.302722517E1,1.848455548E0,2.514258385E0,1.287039471E1
1.304733720E1,2.017149448E0,1.512862086E0,1.462911987E1
1.306744923E1,1.735992789E0,1.289731383E0,1.483550072E1
1.308756126E1,1.073779106E0,1.381256819E0,1.269153118E1
1.310767329E1,7.244270444E-1,1.361516118E0,1.032502937E1
1.312778532E1,1.048056364E0,1.469193101E0,9.645467758E0
1.314789736E1,1.072582722E0,1.509272933E0,9.590433121E0
1.316800939E1,8.105686903E-1,1.339980721E0,9.655637741E0
1.318812142E1,9.278169870E-1,1.245464206E0,9.692128181E0
1.320823345E1,9.930213690E-1,1.225125194E0,9.751350403E0
1.322834548E1,8.404789567E-1,1.157527924E0,9.614361763E0
1.324845751E1,6.101697683E-1,1.356132269E0,9.063413620E0
1.326856954E1,5.670989752E-1,1.599601984E0,8.066802979E0
1.328868157E1,5.635097623E-1,1.707278967E0,7.298109055E0
1.330879360E1,5.617151260E-1,1.701296926E0,6.792026997E0
1.332890564E1,3.678964674E-1,1.670788407E0,6.820741177E0
1.334901767E1,-4.366901144E-2,1.540379524E0,6.722635269E0
1.336912970E1,-4.187439755E-2,1.485344648E0,6.605386734E0
1.338924173E1,-1.124626622E-1,1.663609982E0,6.666403770E0
1.340935376E1,-3.601198196E-1,1.832303882E0,7.226922512E0
1.342946579E1,-1.944168359E-1,1.987239242E0,8.178069115E0
1.344957777E1,3.020938635E-1,1.923231244E0,9.228518486E0
1.346968980E1,6.550351977E-1,1.858026743E0,8.896514893E0
1.348980183E1,5.808576941E-1,1.814955950E0,7.843074322E0
1.350991387E1,1.668993831E-1,1.770688772E0,1.021854877E1
1.353002590E1,-1.854437590E-2,2.065006018E0,1.052004433E1
1.355013793E1,4.582255483E-1,2.226521492E0,1.150170040E1
1.357024996E1,6.484549642E-1,2.173281193E0,1.016411209E1
1.360980630E1,-9.732806087E-1,4.640879631E0,8.493324280E0
1.362991807E1,-3.966103494E-1,4.273581028E0,9.078369141E0
1.365002979E1,1.854437590E-2,4.153341770E0,8.894720078E0
1.367014156E1,-2.572284266E-2,4.421338081E0,7.992625713E0
1.369025333E1,-3.337987661E-1,4.608576298E0,7.713263988E0
1.371036505E1,-5.234299302E-1,4.496113777E0,8.636295319E0
1.373047682E1,-4.145565331E-1,4.354339123E0,9.565308571E0
1.375058859E1,-4.007977992E-2,4.089931965E0,9.779465675E0
1.377070031E1,-1.645065546E-1,4.218546391E0,9.534201622E0
1.379081208E1,-4.576273263E-1,4.506881237E0,8.874979019E0
1.381092385E1,-5.294120312E-1,4.725824833E0,8.115258217E0
1.383103562E1,-5.682953596E-1,4.822733879E0,7.843074322E0
1.385114734E1,-3.296113312E-1,4.847260475E0,8.203792572E0
1.387125911E1,1.016949583E-2,4.758127689E0,8.743373871E0
1.389137088E1,1.016949583E-2,4.741377831E0,9.181260109E0
1.391148265E1,2.745763958E-1,4.712066174E0,9.719047546E0
1.393159437E1,4.366901219E-1,4.668396950E0,1.051825047E1
1.395170614E1,3.445664644E-1,4.881956577E0,1.082991505E1
1.397181791E1,1.794617027E-1,5.170889854E0,1.013599682E1
1.399192968E1,1.890329868E-1,5.398207664E0,9.636494637E0
1.401204145E1,3.667000830E-1,5.343770981E0,9.527023315E0
1.403215317E1,4.462614357E-1,4.965106964E0,1.097468090E1
1.405226494E1,6.275177598E-1,4.722235680E0,1.209093285E1
1.407237671E1,6.077769399E-1,4.502694130E0,1.183490086E1
1.409248848E1,3.708875179E-2,4.591228485E0,1.046261692E1
1.411260026E1,-5.790630579E-1,4.732405186E0,8.933603287E0
1.413271197E1,-1.082154036E0,4.331008911E0,9.367302895E0
1.415282374E1,-1.196411371E0,3.274577856E0,1.197428226E1
1.417293552E1,-1.295115232E0,2.469393015E0,1.480080414E1
1.419304729E1,-9.547362328E-1,2.317448616E0,1.427916908E1
1.421315906E1,-1.663011760E-1,2.498106956E0,1.095434189E1
1.423327083E1,1.615155302E-2,3.017947674E0,7.794619560E0
1.425338255E1,-7.501499057E-1,3.391826153E0,7.462017536E0
1.427349432E1,-1.505683661E0,3.145365477E0,9.068798065E0
1.429360609E1,-1.158126116E0,2.536990166E0,9.265607834E0
1.431371786E1,-4.241278172E-1,2.197807550E0,8.610571861E0
1.433382963E1,-2.500499785E-1,2.273779631E0,8.449056625E0
1.435394140E1,8.374879509E-2,2.225325108E0,8.675776482E0
1.437405317E1,1.842473447E-1,2.162513494E0,8.803194046E0
1.439416489E1,-9.571290575E-3,2.127219439E0,9.372686386E0
1.441427666E1,-1.034895778E-1,2.270788670E0,9.426525116E0
1.443438843E1,1.668993831E-1,2.251047850E0,9.157332420E0
1.445450020E1,3.278166950E-1,2.252842426E0,8.962317467E0
1.447461197E1,1.728814393E-1,2.493321180E0,9.048459053E0
1.449472374E1,-3.044866920E-1,2.788236618E0,9.275178909E0
1.451483552E1,-3.870390654E-1,2.791825771E0,9.543174744E0
1.453494729E1,2.931207791E-2,2.645265341E0,9.266205788E0
1.455505906E1,-4.594219327E-1,2.875574589E0,8.906683922E0
1.457517083E1,-9.493523836E-1,3.148954630E0,9.143573761E0
1.459528260E1,-9.224331379E-1,3.163311481E0,9.785448074E0
1.461539437E1,-7.597211599E-1,3.113062143E0,9.496515274E0
1.463550614E1,-5.497509837E-1,2.879761934E0,9.894919395E0
1.465561791E1,-4.504488707E-1,2.708675146E0,1.036092186E1
1.467572968E1,-9.092725813E-2,2.584248543E0,1.078923702E1
1.469584140E1,3.984049559E-1,2.643470764E0,9.652048111E0
1.471595317E1,1.992024779E-1,3.020340443E0,8.309076309E0
1.473606494E1,-3.547359705E-1,3.160320520E0,8.572885513E0
1.475617671E1,-1.016949639E-1,2.785245657E0,9.715457916E0
1.477628848E1,3.834498227E-1,2.380858421E0,1.096331501E1
1.479640031E1,4.857429862E-1,2.305484533E0,1.152861977E1
1.481651203E1,2.901297510E-1,2.587837696E0,1.077607632E1
1.483662380E1,-1.142572835E-1,3.026322365E0,9.189037323E0
1.485673557E1,8.015955985E-2,3.266202927E0,7.922037601E0
1.487684734E1,7.328019142E-1,3.241078377E0,7.599604607E0
1.489695911E1,5.659025311E-1,3.298506021E0,8.169096947E0
1.491707093E1,4.504488707E-1,3.199802160E0,8.264809608E0
1.493718265E1,-3.589233849E-3,3.251247883E0,7.686942577E0
1.495729447E1,-8.763712645E-1,3.414557934E0,8.170890808E0
1.497740625E1,-2.231307179E-1,3.180659533E0,9.382855415E0
1.499751802E1,1.034895778E0,2.854039192E0,9.610772133E0
1.501762979E1,1.166501045E0,3.000001431E0,8.511868477E0
1.503774156E1,4.169493318E-1,3.389433384E0,7.510472298E0
1.505785333E1,9.690931439E-2,3.460021496E0,7.537391186E0
1.507796510E1,1.830509305E-1,3.245265722E0,8.419744492E0
1.509807687E1,2.153540403E-1,3.039483070E0,9.081359863E0
1.511818864E1,1.800599098E-1,3.294916868E0,8.633303642E0
1.513830041E1,-7.537391037E-2,3.786043644E0,7.867600918E0
1.515841218E1,-8.015955985E-2,4.049253941E0,7.718049526E0
1.517852395E1,3.828516230E-2,4.247260094E0,7.814958572E0
1.519863578E1,4.067798331E-2,4.393222332E0,8.149953842E0
1.521874755E1,-3.439682424E-1,4.482953072E0,9.220742226E0
1.523885932E1,-6.687939167E-1,4.520041943E0,9.808179855E0
1.525897109E1,-2.482553422E-1,4.225126743E0,9.507881165E0
1.527908286E1,-2.979064286E-1,4.152743816E0,9.099904060E0
1.529919463E1,-8.099704385E-1,4.126422882E0,9.434899330E0
1.531930640E1,-8.691928387E-1,4.317250252E0,9.887741089E0
1.533941822E1,-8.961120844E-1,4.155136585E0,9.887143135E0
1.535953000E1,-6.915257573E-1,3.648456335E0,1.016650486E1
1.537964177E1,5.096712112E-1,2.787040234E0,1.114756203E1
1.539975354E1,1.514656782E0,1.939382792E0,1.339143181E1
1.541986531E1,1.004985452E0,2.226521492E0,1.389392471E1
1.543997708E1,3.092723191E-1,2.411965132E0,1.308036518E1
1.546008890E1,-2.177468538E-1,2.572882652E0,1.216092300E1
1.548020067E1,-7.884350419E-1,2.641676188E0,1.068395329E1
1.550031244E1,-9.744769931E-1,2.595614433E0,9.468997002E0
1.552042421E1,-8.482556343E-1,2.643470764E0,9.217751503E0
1.554053598E1,-1.071386337E0,2.804986238E0,8.993423462E0
1.556064781E1,-1.129412293E0,2.834298372E0,8.714061737E0
1.558075958E1,-5.270192027E-1,2.446063042E0,8.905488014E0
1.560087135E1,2.638086975E-1,1.972882271E0,9.763314247E0
1.562098312E1,4.899304509E-1,1.861017823E0,1.007976532E1
1.564109494E1,-1.196411322E-3,2.289333105E0,8.474181175E0
1.566120671E1,-2.482553422E-1,2.743371248E0,6.609574318E0
1.568131848E1,1.196411322E-3,2.665604353E0,6.397211552E0
1.570143026E1,2.859423161E-1,2.678166628E0,7.031907558E0
1.572154208E1,2.303091735E-1,3.050250769E0,6.804589272E0
1.574165385E1,-1.848455518E-1,3.309871912E0,6.447460651E0
1.576176562E1,-7.298108935E-1,3.339184046E0,6.821937561E0
1.578187739E1,-9.020941257E-1,3.010769129E0,8.023134232E0
1.580198921E1,-4.941178858E-1,2.740380049E0,9.464211464E0
1.582210098E1,-5.120640397E-1,3.063411236E0,1.022752190E1
1.584221276E1,-5.611169338E-1,3.650849104E0,9.244071960E0
1.586232458E1,-5.306084156E-1,4.098307133E0,8.438887596E0
1.588243635E1,-7.633104324E-1,4.309473515E0,9.035298347E0
1.590254812E1,-1.189831018E0,4.347758770E0,1.073599720E1
1.592265994E1,-7.076773047E-1,4.205385685E0,1.076590729E1
1.594277171E1,-3.302095234E-1,4.149154663E0,1.018983555E1
1.596288348E1,-2.817548811E-1,4.079164505E0,9.961320877E0
1.598299531E1,-3.176472187E-1,3.850051641E0,1.023888779E1
1.600310708E1,-1.110269666E0,3.980460405E0,1.099262714E1
1.602321885E1,-1.926820397E0,4.231706619E0,1.162313557E1
1.604333067E1,-5.814558864E-1,3.835096598E0,1.136830044E1
1.606344244E1,3.355933726E-1,3.696911097E0,1.092383385E1
1.608355421E1,-3.708875179E-2,3.927818298E0,1.016949654E1
1.610366604E1,-7.848458290E-1,3.616751432E0,1.028554821E1
1.612377781E1,-6.029912829E-1,2.681756020E0,1.144008541E1
1.614388958E1,8.045865893E-1,1.352542996E0,1.276750374E1
1.616400140E1,6.119644046E-1,1.552343726E0,1.231525993E1
1.618411317E1,-5.443671346E-1,2.518445730E0,9.794421196E0
1.620422500E1,-5.641079545E-1,2.617748022E0,8.739784241E0
1.622433677E1,1.196411322E-3,2.297109842E0,9.044271469E0
1.624444854E1,2.033899277E-1,2.116451740E0,9.053244591E0
1.626456036E1,2.775674164E-1,2.089532375E0,8.563912392E0
1.628467213E1,4.725824669E-2,2.257030010E0,8.110472679E0
1.630478395E1,-2.793620527E-1,2.331207514E0,8.455039024E0
1.632489572E1,-2.757728100E-1,2.231307030E0,8.713463783E0
1.634500750E1,-4.839483798E-1,2.497508526E0,8.069794655E0
1.636511932E1,-6.490531564E-1,2.730210543E0,7.810771465E0
1.638523109E1,-1.591227055E-1,2.663809776E0,7.207181931E0
1.640534291E1,5.874379873E-1,2.420340061E0,7.491927624E0
1.642545468E1,1.092921734E0,2.135594130E0,8.827122688E0
1.644556651E1,7.100701332E-1,2.388036966E0,9.243474007E0
1.646567828E1,8.853443712E-2,2.964108944E0,8.091329575E0
1.648579010E1,-6.095715761E-1,3.392424345E0,8.285148621E0
1.650590187E1,-2.081755698E-1,3.262613773E0,9.254839897E0
1.652601364E1,1.447657645E-1,3.059223652E0,1.027238750E1
1.654612546E1,-1.082752272E-1,3.285345554E0,1.007617569E1
1.656623724E1,-2.243271172E-1,3.633501291E0,9.150752068E0
1.658634906E1,-1.064806059E-1,3.873979807E0,9.396016121E0
1.660646083E1,2.482553422E-1,3.967299938E0,9.725028992E0
1.662657265E1,3.924229145E-1,3.890729666E0,1.024427223E1
1.664668442E1,2.309073806E-1,3.805784464E0,1.138265705E1
1.666679624E1,-2.428714931E-1,4.016951084E0,1.108355427E1
1.668690802E1,-7.710871100E-1,4.048655987E0,9.566504478E0
1.670701984E1,-5.318048596E-1,3.761517286E0,8.613563538E0
1.672713161E1,-3.708875179E-1,3.136990547E0,9.942776680E0
1.674724343E1,-4.187439680E-1,2.452044964E0,1.257547951E1
1.676735520E1,-8.973085321E-3,1.931606054E0,1.358465195E1
1.678746703E1,2.315055877E-1,2.020738840E0,1.185643578E1
1.680757885E1,3.170489892E-2,2.605783939E0,8.340183258E0
1.682769062E1,-6.436693072E-1,3.191427231E0,6.239883423E0
1.684780244E1,-1.704886079E0,3.379263878E0,6.853642464E0
1.686791421E1,-1.963909149E0,2.938984394E0,8.473583221E0
1.688802604E1,-1.484148264E0,2.550150633E0,9.994221687E0
1.690813781E1,-9.415757060E-1,2.581855536E0,1.015633583E1
1.692824963E1,-3.361915946E-1,2.779861689E0,9.327222824E0
1.694836140E1,-2.344966233E-1,3.111267567E0,8.609973907E0
1.696847322E1,-1.914258152E-1,3.258426189E0,7.932805061E0
1.698858505E1,-3.110669367E-2,3.119044304E0,7.542177200E0
1.700869682E1,-5.892325640E-1,3.095714331E0,8.050053596E0
1.702880864E1,-1.231705427E0,3.239283562E0,8.842676163E0
1.704892041E1,-8.626125455E-1,3.031706333E0,8.450253487E0
1.706903224E1,-7.429714203E-1,3.169891834E0,7.980661869E0
1.708914401E1,-9.002995491E-1,3.381058455E0,8.393424034E0
1.710925583E1,-8.255237937E-1,3.468994617E0,8.837292671E0
1.712936765E1,-5.443671346E-1,3.581457376E0,8.740981102E0
1.714947942E1,9.332008660E-2,3.606581926E0,8.700901031E0
1.716959124E1,1.022931710E-1,3.655036688E0,8.763712883E0
1.718970302E1,-3.026920557E-1,3.762115479E0,9.110074043E0
1.720981484E1,-7.357929349E-1,3.834498405E0,1.024965572E1
1.722992666E1,-8.985049129E-1,3.725026608E0,1.180020523E1
1.725003843E1,-7.974081635E-1,3.439084291E0,1.192523003E1
1.727015026E1,-4.295116663E-1,3.375674486E0,1.112124157E1
1.729026208E1,-3.972085714E-1,3.875176191E0,9.842875481E0
1.731037385E1,-6.239284873E-1,4.475176334E0,8.161917686E0
1.733048567E1,-2.309073806E-1,3.947559118E0,8.492127419E0
1.735059750E1,6.281159073E-2,2.679363251E0,1.153998566E1
1.737070927E1,-3.984049559E-1,1.907677889E0,1.480439377E1
1.739082109E1,-6.167500615E-1,2.195414782E0,1.320658684E1
1.741093291E1,-4.660021961E-1,2.813361168E0,8.997013092E0
1.743104468E1,-9.104689956E-1,3.378665686E0,6.997211456E0
1.745115651E1,-1.201795220E0,3.584448338E0,7.311269760E0
1.747126828E1,-5.222335458E-1,3.320041418E0,8.258229256E0
1.749138010E1,-2.524427772E-1,3.073580742E0,8.650651932E0
1.751149192E1,-3.002992272E-1,2.807379246E0,9.530014038E0
1.753160374E1,-4.091726840E-1,2.461018085E0,1.083649540E1
1.755171552E1,-2.033899277E-1,2.263011932E0,1.056670475E1
1.757182734E1,6.101697683E-2,2.342573404E0,8.392825127E0
1.759193916E1,-2.021935135E-1,2.764906645E0,5.839085579E0
1.761205093E1,-8.955138922E-1,3.117847919E0,4.780859470E0
1.763216276E1,-1.070788145E0,2.690130949E0,7.532007694E0
1.765227458E1,-8.165507317E-1,1.859223247E0,1.185045433E1
1.767238635E1,-2.063809484E-1,1.472184181E0,1.349133205E1
1.769249817E1,1.794617064E-2,1.867598057E0,1.093101215E1
1.771261000E1,-4.767699242E-1,2.943171740E0,7.583453178E0
1.773272177E1,-2.560320199E-1,3.613162279E0,5.808577061E0
1.775283359E1,1.351944804E-1,3.761517286E0,6.278766632E0
1.777294541E1,4.127619043E-2,3.570689678E0,8.180462837E0
1.779305724E1,-4.390829504E-1,3.153141975E0,1.076411247E1
1.781316901E1,2.392822653E-1,2.629712105E0,1.230209923E1
1.783328083E1,6.221338734E-2,2.613560438E0,1.280758286E1
1.785339265E1,-9.696913958E-1,2.913859844E0,1.262333584E1
1.787350442E1,-1.194616675E0,3.295515060E0,1.183011532E1
1.789361624E1,-5.545366406E-1,3.123830080E0,1.112602711E1
1.791372807E1,4.205385745E-1,2.685345173E0,1.073898792E1
1.793383989E1,5.718846321E-1,2.395215511E0,1.103270721E1
1.795395166E1,6.329016089E-1,2.152942181E0,1.173260784E1
1.797406349E1,6.442674994E-1,2.143370867E0,1.066301632E1
1.799417531E1,1.902294010E-1,2.551347256E0,8.675776482E0
1.801428713E1,-9.493523836E-1,3.114258766E0,7.258029461E0
1.803439895E1,-1.251446247E0,3.000001431E0,7.362715244E0
1.805451072E1,-5.419743061E-1,2.351546526E0,9.043074608E0
1.807462255E1,2.638086975E-1,1.812563181E0,1.046919727E1
1.809473437E1,-3.050848842E-1,2.286940336E0,1.104467106E1
1.811484614E1,-1.053440213E0,3.030509949E0,9.302098274E0
1.813495796E1,-8.763712645E-1,3.222533941E0,7.368099213E0
1.815506979E1,-4.624129832E-1,2.964707375E0,7.451848030E0
1.817518161E1,-5.599204898E-1,2.785245657E0,8.656036377E0
1.819529343E1,-1.375873014E-2,2.339582443E0,1.003489971E1
1.821540526E1,-3.822534084E-1,2.430509567E0,1.044227791E1
1.823551703E1,-8.189435601E-1,2.768495798E0,9.393025398E0
1.825562885E1,-5.359922647E-1,3.050848961E0,7.109674454E0
1.827574067E1,-1.381855011E-1,3.052045345E0,6.443871498E0
1.829585250E1,-5.982056726E-3,2.800200701E0,8.315656662E0
1.831596432E1,-3.499503136E-1,2.817548752E0,9.956535339E0
1.833607609E1,-2.829512656E-1,2.687139750E0,1.037228775E1
1.835618791E1,-2.279163599E-1,2.763710260E0,9.909874916E0
1.837629974E1,-7.417750359E-1,3.016152859E0,9.549157143E0
1.839641156E1,-8.925228715E-1,3.162115097E0,9.774680138E0
1.841652338E1,-6.831508875E-1,3.290131092E0,9.897911072E0
1.843663515E1,-5.581258535E-1,3.505485058E0,8.963513374E0
1.845674697E1,-1.316052526E-1,3.146561861E0,9.300901413E0
1.847685880E1,2.033899166E-2,2.520838737E0,1.250070381E1
1.849697062E1,1.316052489E-2,2.042274237E0,1.432523060E1
1.851708244E1,-6.699903309E-2,2.039283037E0,1.267956734E1
1.853719427E1,-1.028913707E-1,2.277967215E0,1.007617569E1
1.855730604E1,-2.656033039E-1,2.655434847E0,8.330612183E0
1.857741786E1,-1.800599098E-1,2.924029350E0,6.877570629E0
1.859752968E1,3.756731451E-1,2.879761934E0,7.060023308E0
1.861764151E1,9.493523836E-1,2.556132793E0,8.225327492E0
1.863775333E1,1.319641709E0,2.003988981E0,1.033101177E1
1.865786515E1,4.348955154E-1,2.076371908E0,1.112901783E1
1.867797697E1,-8.315058798E-2,2.347957134E0,9.968499184E0
1.869808874E1,-1.435693651E-1,2.546561480E0,8.550751686E0
1.871820057E1,-8.715856671E-1,2.804388046E0,7.598408222E0
1.873831239E1,-9.882357717E-1,2.823530674E0,6.381658077E0
1.875842421E1,-9.655039310E-1,2.754138947E0,6.430112839E0
1.877853604E1,-2.973082066E-1,2.550150633E0,7.423732281E0
1.879864786E1,-3.535395563E-1,2.766103029E0,8.518448830E0
1.881875968E1,7.597211748E-2,2.786442041E0,9.310472488E0
1.883887145E1,3.170489892E-2,3.019742250E0,9.220742226E0
1.885898328E1,-1.004985496E-1,3.267997503E0,8.896514893E0
1.887909510E1,-1.818545163E-1,3.416950703E0,9.042476654E0
1.889920692E1,-9.631111473E-2,3.457030535E0,9.206983566E0
1.891931874E1,1.489532143E-1,3.448057413E0,9.407382011E0
1.893943057E1,6.161518395E-2,3.402593851E0,1.023051357E1
1.895954239E1,-3.553341627E-1,3.526422262E0,1.119063377E1
1.897965421E1,-4.929214716E-1,3.454637766E0,1.148674488E1
1.899976604E1,-5.306084156E-1,3.241078377E0,1.142572784E1
1.901987781E1,-7.585247755E-1,2.985046148E0,1.154716396E1
1.903998968E1,-1.735394597E0,2.773281336E0,1.170269775E1
1.906010145E1,-2.172683001E0,2.462214470E0,1.240678501E1
1.908021328E1,-1.740180254E0,2.251047850E0,1.300977707E1
1.910032510E1,-7.974081635E-1,2.300698996E0,1.202991581E1
1.912043692E1,1.058823988E-1,2.446661234E0,1.058524895E1
1.914054874E1,4.648058116E-1,2.669193745E0,9.069396019E0
1.916066057E1,-5.204389244E-2,2.786442041E0,9.120243073E0
1.918077239E1,-4.049852192E-1,2.673381090E0,9.269196510E0
1.920088421E1,-4.683950245E-1,2.597409010E0,8.703293800E0
1.922099604E1,-3.523431420E-1,2.614158630E0,8.221140862E0
1.924110781E1,-3.565305769E-1,2.418545485E0,8.907281876E0
1.926121963E1,-6.352944374E-1,2.270788670E0,1.033759212E1
1.928133145E1,-5.012963414E-1,2.181057930E0,1.042732334E1
1.930144328E1,-5.754738450E-1,2.292324066E0,9.205786705E0
1.932155510E1,-3.218346536E-1,2.191825628E0,7.892725468E0
1.934166692E1,-3.613162339E-1,2.212762833E0,7.420741081E0
1.936177875E1,-5.012963414E-1,2.318645239E0,7.676175117E0
1.938189057E1,-3.708875179E-1,2.436491728E0,7.600203037E0
1.940200239E1,-7.357929647E-2,2.623131752E0,6.845267296E0
1.942211421E1,2.931207791E-2,2.847458839E0,6.668198586E0
1.944222604E1,-2.219343036E-1,2.900699139E0,7.661220074E0
1.946233786E1,-6.221339107E-1,2.931805849E0,8.766703606E0
1.948244968E1,-8.584251404E-1,3.062813044E0,9.457033157E0
1.950256151E1,-9.343972206E-1,3.346960783E0,8.964710236E0
1.952267333E1,-8.255237937E-1,3.602394581E0,8.094321251E0
1.954278515E1,-8.380861282E-1,3.795614958E0,7.905886173E0
1.956289697E1,-8.835497499E-1,3.792025566E0,8.577671051E0
1.958300874E1,-9.170492887E-1,3.773481369E0,9.808179855E0
1.960312057E1,-8.410771489E-1,3.786043644E0,1.090828037E1
1.962323239E1,-8.057830334E-1,3.766302824E0,1.130848026E1
1.964334421E1,-3.672982752E-1,3.716053486E0,1.158305645E1
1.966345604E1,5.383851007E-3,3.731008768E0,1.147358418E1
1.968356786E1,-2.452643216E-1,3.543172121E0,1.140419292E1
1.970367968E1,-4.061816335E-1,2.691327333E0,1.241635704E1
1.972379151E1,-5.096712112E-1,1.977069736E0,1.359422398E1
1.974390333E1,-6.400800496E-2,1.670788407E0,1.276032448E1
1.976401515E1,5.330012441E-1,1.578664780E0,1.077787113E1
1.978412697E1,5.515456200E-1,1.676172256E0,9.720842361E0
1.980423880E1,1.226321608E-1,1.628913999E0,9.467203140E0
1.982435062E1,-1.112662554E-1,1.544566989E0,9.330213547E0
1.984446244E1,5.982056633E-2,1.447059512E0,9.815957069E0
1.986457427E1,1.507478207E-1,1.581655741E0,1.023828983E1
1.988468609E1,8.554340899E-2,1.692921996E0,9.872187614E0
1.990479791E1,-2.877369225E-1,1.777269006E0,9.508479118E0
1.992490974E1,-7.052844763E-1,1.905285001E0,8.895318031E0
1.994502156E1,-5.856433511E-1,1.999203324E0,7.812565804E0
1.996513338E1,-3.415754437E-1,2.203191519E0,7.145566463E0
1.998524520E1,-5.443671346E-2,2.369492531E0,7.022934437E0
2.000535703E1,1.932204217E-1,2.528017044E0,7.307082176E0
2.002546885E1,7.537391037E-2,2.757129908E0,8.350353241E0
2.004558067E1,-2.506481707E-1,2.909672260E0,9.477372169E0
2.006569250E1,-8.973084688E-1,2.959323406E0,1.031127071E1
2.008580432E1,-1.153938770E0,3.113062143E0,1.002233791E1
2.010591614E1,-1.077966571E0,3.224328518E0,9.674181938E0
2.012602796E1,-7.495517135E-1,3.290131092E0,9.141180992E0
2.014613979E1,-5.114658475E-1,3.416352510E0,8.735597610E0
2.016625161E1,-7.393822074E-1,3.503092289E0,9.265607834E0
2.018636343E1,-9.212366939E-1,3.381058455E0,1.034177971E1
2.020647526E1,-9.116654396E-1,3.306880951E0,1.130728340E1
2.022658708E1,-5.617151260E-1,3.302095175E0,1.193599796E1
2.024669890E1,-4.917250574E-1,3.601198196E0,1.063549805E1
2.026681072E1,-2.344966233E-1,3.847060680E0,8.400003433E0
2.028692255E1,-2.679961324E-1,3.803391695E0,7.978867054E0
2.030703437E1,-9.726824164E-1,3.193820000E0,1.070429230E1
2.032714619E1,-1.727019787E0,2.623729944E0,1.450708580E1
2.034725802E1,-1.758724689E0,2.561516523E0,1.465185165E1
2.036736984E1,-1.088734269E0,2.790629387E0,1.040339470E1
2.038748166E1,-5.712863803E-1,2.946761131E0,7.561917782E0
2.040759348E1,-8.811569214E-1,3.167499065E0,7.411170006E0
2.042770531E1,-1.188036442E0,3.245863914E0,7.841279984E0
2.044781713E1,-1.071386337E0,3.165704250E0,7.305287361E0
2.046792895E1,-8.847461939E-1,3.041875839E0,7.298707485E0
2.048804078E1,-9.834501147E-1,2.868994236E0,8.466404915E0
2.050815260E1,-1.172483087E0,2.720041037E0,9.506086349E0
2.052826442E1,-1.195813060E0,2.645863533E0,9.449256897E0
2.054837624E1,-1.124626637E0,2.677568436E0,8.596215248E0
2.056848807E1,-1.004985452E0,2.833101988E0,7.658827305E0
2.058859989E1,-8.913264275E-1,2.962912560E0,7.063612461E0
2.060871171E1,-7.016952634E-1,3.036491871E0,7.296314240E0
2.062882354E1,-7.226324677E-1,3.153141975E0,7.630711555E0
2.064893536E1,-7.591229677E-1,3.283550978E0,8.031509399E0
2.066904718E1,-8.225327730E-1,3.488137245E0,7.864609718E0
2.068915901E1,-7.609176040E-1,3.680759430E0,7.809575081E0
2.070927083E1,-8.626125455E-1,3.893122435E0,8.212765694E0
2.072938265E1,-9.876375198E-1,4.000799656E0,9.119645119E0
2.074949447E1,-1.171286702E0,4.162913322E0,9.484550476E0
2.076960630E1,-1.208973646E0,4.143770695E0,1.001396275E1
2.078971812E1,-1.216152072E0,4.061218262E0,1.112841988E1
2.080982994E1,-8.584251404E-1,4.051646709E0,1.151306629E1
2.082994177E1,-5.874379873E-1,4.336990833E0,1.097049332E1
2.085005364E1,4.043870270E-1,4.300500393E0,8.782257080E0
2.087016546E1,1.156929731E0,3.829114437E0,8.263014793E0
2.089027729E1,5.694918036E-1,3.067000389E0,1.144247818E1
2.091038911E1,8.494520187E-2,2.379063845E0,1.432882023E1
2.093050093E1,-1.692921966E-1,2.368894339E0,1.323470211E1
2.095061276E1,-2.333002165E-2,2.563311338E0,1.054576778E1
2.097072458E1,7.357929647E-2,2.797807932E0,8.913862228E0
2.099083640E1,1.537388563E-1,3.017349243E0,8.581858635E0
2.101094822E1,2.847459018E-1,3.111267567E0,8.391031265E0
2.103106005E1,5.886343718E-1,3.056232691E0,8.133802414E0
2.105117187E1,4.761717021E-1,3.020340443E0,7.872984886E0
2.107128369E1,2.243271172E-1,2.857030153E0,8.065607071E0
2.109139552E1,-5.665007830E-1,2.751745939E0,9.845269203E0
2.111150734E1,-5.252245665E-1,2.710469961E0,9.915258408E0
2.113161916E1,-1.818545163E-1,2.964707375E0,7.417151928E0
2.115173098E1,-6.281159073E-2,3.231507063E0,6.273382664E0
2.117184281E1,-9.870393574E-2,3.299702406E0,6.087938786E0
2.119195463E1,-9.451649338E-2,3.270390272E0,6.808178425E0
2.121206645E1,-4.217349887E-1,3.236292601E0,8.913862228E0
2.123217828E1,-5.551348329E-1,3.215355396E0,1.091904831E1
2.125229015E1,-3.918247223E-1,3.340380430E0,1.013121128E1
2.127240197E1,-4.145565331E-1,3.687339783E0,8.559724808E0
2.129251380E1,-5.928218365E-1,3.976273060E0,8.261817932E0
2.131262562E1,-9.379864931E-1,4.149154663E0,9.020342827E0
2.133273744E1,-1.081555843E0,4.247858524E0,1.020658493E1
2.135284927E1,-1.014556766E0,4.269393921E0,1.110209846E1
2.137296109E1,-7.645068169E-1,4.114458561E0,1.094178009E1
2.139307291E1,-1.266999602E0,4.389633179E0,1.056670475E1
2.141318474E1,-1.889133453E0,4.353740692E0,1.031545830E1
2.143329656E1,-1.803590059E0,3.960121393E0,1.043988514E1
2.145340838E1,-8.697910309E-1,3.196212769E0,1.061934662E1
2.147352020E1,-4.929214716E-1,2.599801779E0,1.198804188E1
2.149363203E1,-7.483552694E-1,2.590230465E0,1.224108219E1
2.151374385E1,-9.822536707E-1,2.897708178E0,9.913464546E0
2.153385567E1,-1.180858016E0,3.183052301E0,8.081160545E0
2.155396750E1,-1.243071318E0,3.408575773E0,7.569096088E0
2.157407932E1,-1.297508121E0,3.538984776E0,7.298707485E0
2.159419119E1,-1.100100160E0,3.543770313E0,7.490731239E0
2.161430302E1,-8.207381964E-1,3.472583771E0,8.115258217E0
2.163441484E1,-5.760720372E-1,3.263810158E0,8.939585686E0
2.165452666E1,-9.326026440E-1,3.262613773E0,1.000319481E1
2.167463849E1,-7.621139884E-1,3.169891834E0,8.651848793E0
2.169475031E1,-8.590233326E-1,3.401995659E0,7.691130161E0
2.171486213E1,-1.067797065E0,3.421736479E0,8.603992462E0
2.173497395E1,-1.164706469E0,3.482155085E0,8.161319733E0
2.175508578E1,-8.368897438E-1,3.410968781E0,7.642675400E0
2.177519760E1,-8.033902049E-1,3.366103172E0,8.100900650E0
2.179530942E1,-9.762716293E-1,3.449253798E0,8.304290771E0
2.181542125E1,-1.148554921E0,3.477369547E0,7.948956966E0
2.183553307E1,-1.214955688E0,3.437289715E0,8.352746010E0
2.185564494E1,-6.376872063E-1,3.473780155E0,8.931808472E0
2.187575677E1,-3.116651475E-1,3.684348583E0,9.607182503E0
2.189586859E1,5.982056726E-3,3.837489367E0,9.760323524E0
2.191598041E1,8.913264424E-2,4.068994999E0,9.007781029E0
2.193609224E1,-1.824527234E-1,4.262813568E0,8.341978073E0
2.195620406E1,-4.151547253E-1,4.130012035E0,8.606385231E0
2.197631588E1,-6.466603279E-1,4.035495281E0,9.351749420E0
2.199642770E1,-4.887340367E-1,4.012165546E0,1.015992451E1
2.201653953E1,-4.348955154E-1,3.878167391E0,9.844670296E0
2.203665135E1,-9.463613629E-1,3.318246841E0,1.192642593E1
2.205676317E1,-9.894321561E-1,2.619542599E0,1.445205021E1
2.207687500E1,-3.487538993E-1,2.305484533E0,1.471585941E1
2.209698687E1,5.288137794E-1,2.445464849E0,1.239242840E1
2.211709869E1,9.098708034E-1,2.790629387E0,8.848658562E0
2.213721052E1,6.269195080E-1,2.934198856E0,7.085147858E0
2.215732234E1,-6.819544733E-2,2.951546669E0,8.140980721E0
2.217743416E1,-2.560320199E-1,2.905484915E0,9.232108116E0
2.219754598E1,1.094716340E-1,2.803789854E0,9.425328255E0
2.221765781E1,2.111666054E-1,2.740978241E0,9.087940216E0
2.223776963E1,6.017948985E-1,2.534597397E0,8.854042053E0
2.225788145E1,4.660021961E-1,2.486142635E0,8.783453941E0
2.227799328E1,3.409772217E-1,2.586043119E0,9.146564484E0
2.229810510E1,3.092723191E-1,2.723032236E0,8.880363464E0
2.231821692E1,4.869394004E-1,2.782852650E0,7.790432453E0
2.233832880E1,5.874379873E-1,2.829512835E0,7.396812916E0
2.235844062E1,5.551348329E-1,2.846262455E0,7.719245911E0
2.237855244E1,5.294120312E-1,3.030509949E0,8.163712502E0
2.239866427E1,3.894318938E-1,3.235096216E0,8.787042618E0
2.241877609E1,1.112662554E-1,3.501895905E0,9.092127800E0
2.243888791E1,-6.759724021E-2,3.710071564E0,9.246464729E0
2.245899974E1,-3.373879790E-1,3.805186272E0,9.917053223E0
2.247911156E1,-4.821537733E-1,3.718446493E0,1.064985561E1
2.249922338E1,-4.857429862E-1,3.535395384E0,1.133958626E1
2.251933520E1,-5.204389095E-1,3.369094372E0,1.175234795E1
2.253944703E1,-5.024927258E-1,3.572484255E0,1.126241779E1
2.255955885E1,-7.501499057E-1,3.719642878E0,9.633503914E0
2.257967072E1,-9.032905698E-1,3.494717360E0,8.656036377E0
2.259978255E1,-9.254241586E-1,2.891726255E0,1.017727280E1
2.261989437E1,-6.634100676E-1,2.243869543E0,1.306002617E1
2.264000619E1,-1.645065546E-1,2.063211441E0,1.397049522E1
2.266011802E1,6.640082598E-2,2.419741869E0,1.139043427E1
2.268022984E1,-2.392822690E-2,2.866601467E0,7.931608677E0
2.270034166E1,-3.810569942E-1,2.969492912E0,7.082755089E0
2.272045348E1,-8.255237937E-1,2.940778971E0,8.225926399E0
2.274056531E1,-9.200403094E-1,2.868396044E0,8.526225090E0
2.276067713E1,-9.200403094E-1,2.763111830E0,8.931210518E0
2.278078895E1,-1.160519004E0,2.721237659E0,9.262018204E0
2.280090078E1,-1.177866936E0,2.609373093E0,9.265607834E0
2.282101265E1,-1.081555843E0,2.539382935E0,9.150154114E0
2.284112447E1,-8.291130662E-1,2.595016241E0,8.463413239E0
2.286123630E1,-6.819544435E-1,2.714059114E0,7.509275436E0
2.288134812E1,-6.125625968E-1,2.814557552E0,7.283751965E0
2.290145994E1,-5.312066078E-1,2.891726255E0,7.715058327E0
2.292157177E1,-4.378865361E-1,2.799004316E0,8.003992081E0
2.294168359E1,-4.043870270E-1,2.783450842E0,7.781459332E0
2.296179541E1,-3.254238665E-1,2.856431961E0,7.706683636E0
2.298190724E1,-3.140579760E-1,3.066402197E0,8.072785378E0
2.300201906E1,-4.414757788E-1,3.229114056E0,8.933603287E0
2.302213088E1,-4.474578202E-1,3.297309637E0,9.948758125E0
2.304224276E1,-6.047859192E-1,3.407379389E0,1.097707367E1
2.306235458E1,-5.467599630E-1,3.572484255E0,1.137368393E1
2.308246640E1,-4.307080805E-1,3.561118364E0,1.122473145E1
2.310257822E1,-3.816552162E-1,3.795016766E0,1.109192944E1
2.312269005E1,1.345962733E-1,3.984647989E0,1.003430176E1
2.314280187E1,4.839483798E-1,3.799802303E0,9.775876999E0
2.316291369E1,2.973082066E-1,3.313461065E0,1.197906876E1
2.318302552E1,-5.359922647E-1,2.836092949E0,1.430549049E1
2.320313734E1,-5.114658475E-1,2.602792740E0,1.328734398E1
2.322324916E1,-1.328016520E-1,2.410170555E0,1.084726334E1
2.324336104E1,3.092723191E-1,2.321038008E0,8.941379547E0
2.326347286E1,5.210371017E-1,2.395215511E0,8.236095428E0
2.328358468E1,4.175475538E-1,2.447857618E0,8.600402832E0
2.330369651E1,4.965107143E-2,2.592025042E0,8.518448830E0
2.332380833E1,1.782652885E-1,2.740380049E0,7.881359577E0
2.334392015E1,3.080759048E-1,2.930609465E0,7.704290867E0
2.336403197E1,3.140579760E-1,2.924029350E0,7.747959614E0
2.338414380E1,-4.307080805E-2,2.735594511E0,8.553742409E0
2.340425562E1,-5.581258535E-1,2.630310297E0,9.680164337E0
2.342436744E1,-7.334001660E-1,2.661417007E0,9.827920914E0
2.344447927E1,-5.054838061E-1,2.743969440E0,8.861220360E0
2.346459114E1,-1.800599098E-1,2.851646423E0,7.984251022E0
2.348470296E1,1.196411345E-2,2.953341246E0,7.649854183E0
2.350481479E1,2.955136001E-1,3.003590584E0,7.834699631E0
2.352492661E1,6.987041831E-1,3.046661377E0,8.163712502E0
2.354503843E1,6.586244106E-1,3.261417150E0,8.410771370E0
2.356515026E1,2.877369225E-1,3.510270834E0,8.480761528E0
2.358526208E1,-2.249253243E-1,3.682554007E0,8.644071579E0
2.360537390E1,-6.681957245E-1,3.717249870E0,9.158528328E0
2.362548572E1,-8.261220455E-1,3.742374659E0,9.812965393E0
2.364559755E1,-7.800601721E-1,3.791427374E0,9.614959717E0
2.366570942E1,-9.409775138E-1,3.851846218E0,9.691530228E0
2.368582124E1,-7.830511928E-1,3.897309780E0,1.048116112E1
2.370593307E1,-5.976074338E-1,4.300500393E0,1.091844940E1
2.372604489E1,-6.101697683E-1,4.304687977E0,1.108953667E1
2.374615671E1,-1.190429211E0,3.945166349E0,1.074317551E1
2.376626854E1,-1.225723386E0,3.145365477E0,1.163450146E1
2.378638036E1,-7.818548083E-1,2.469991207E0,1.301695538E1
2.380649218E1,-3.332005441E-1,2.367697954E0,1.172722340E1
2.382660401E1,6.819544733E-2,2.519043922E0,9.141180992E0
2.384671583E1,-1.226321608E-1,2.667997360E0,7.946564198E0
2.386682770E1,-6.185446382E-1,2.656033039E0,8.082955360E0
2.388693953E1,-8.967102766E-1,2.470589399E0,8.998807907E0
2.390705135E1,-9.326026440E-1,2.411965132E0,9.190233231E0
2.392716317E1,-1.162911773E0,2.557329178E0,8.602795601E0
2.394727500E1,-9.110672474E-1,2.487339020E0,8.616554260E0
2.396738682E1,-1.021735311E0,2.502294302E0,9.391828537E0
2.398749864E1,-1.192223907E0,2.468196630E0,9.997811317E0
2.400761046E1,-1.024726272E0,2.443071842E0,8.429315567E0
2.402772229E1,-6.693921089E-1,2.539981127E0,6.912266254E0
2.404783411E1,-7.357929349E-1,2.718844652E0,7.219145775E0
2.406794593E1,-8.153542876E-1,2.755933523E0,8.022536278E0
2.408805781E1,-8.871390224E-1,2.866003275E0,8.034500122E0
2.410816963E1,-9.242277741E-1,3.078366280E0,7.866404533E0
2.412828145E1,-8.530412912E-1,3.287738323E0,7.886743546E0
2.414839328E1,-4.773681164E-1,3.422334671E0,8.562715530E0
2.416850510E1,-4.755735099E-1,3.527618885E0,9.274580956E0
2.418861692E1,-8.602197170E-1,3.681955814E0,9.576076508E0
2.420872875E1,-1.107876897E0,3.718446493E0,9.722636223E0
2.422884057E1,-1.236491084E0,3.830909014E0,9.702297211E0
2.424895239E1,-9.852447510E-1,3.930211306E0,9.945767403E0
2.426906421E1,-6.526423693E-1,4.042075634E0,1.021376324E1
2.428917604E1,-5.934200287E-1,3.972683907E0,1.036451149E1
2.430928786E1,-7.878368497E-1,3.977469444E0,1.101715374E1
2.432939968E1,-6.227321029E-1,3.982853174E0,1.054576778E1
2.434951156E1,-1.357926875E-1,3.884747505E0,9.934401512E0
2.436962338E1,8.614161611E-2,3.428914785E0,1.054576778E1
2.438973520E1,1.435693540E-2,2.911466837E0,1.250907898E1
2.440984703E1,-1.202393398E-1,2.420938253E0,1.390289783E1
2.442995885E1,-6.741777658E-1,2.374278307E0,1.281236839E1
2.445007067E1,-6.664010882E-1,2.492722988E0,1.009950638E1
2.447018250E1,-5.922235847E-1,2.669193745E0,7.377072334E0
2.449029432E1,-3.750749528E-1,2.714059114E0,6.745367050E0
2.451040614E1,-1.968096644E-1,2.767897606E0,7.706085205E0
2.453051796E1,-1.046859920E-1,2.708675146E0,8.684151649E0
2.455062979E1,2.213360965E-1,2.447857618E0,9.410971642E0
2.457074161E1,9.571290761E-2,2.389233351E0,1.049073315E1
2.459085348E1,6.580262631E-2,2.363510609E0,1.016650486E1
2.461096531E1,-1.046859920E-1,2.384447813E0,9.098708153E0
2.463107713E1,-2.111666054E-1,2.449652195E0,7.920841217E0
2.465118895E1,-6.520441920E-2,2.590828657E0,6.719046116E0
2.467130078E1,1.609173268E-1,2.687139750E0,6.501897335E0
2.469141260E1,3.445664644E-1,2.791227579E0,6.392425537E0
2.471152442E1,4.486542344E-1,2.871985435E0,6.784250259E0
2.473163624E1,4.169493318E-1,2.885744095E0,7.740182877E0
2.475174807E1,3.858426511E-1,2.823530674E0,9.181260109E0
2.477185989E1,1.854437590E-2,2.970689297E0,9.478569031E0
2.479197171E1,2.811566554E-2,3.167499065E0,8.784051895E0
2.481208354E1,-8.614161611E-2,3.518645763E0,8.918647766E0
2.483219536E1,-1.734796464E-1,3.808775425E0,9.406186104E0
2.485230718E1,2.213360928E-2,3.945764542E0,1.018325520E1
2.487241906E1,-6.400800496E-2,3.963112593E0,1.103330517E1
2.489253088E1,3.541377485E-1,3.685544968E0,1.131805134E1
2.491264270E1,8.979067206E-1,3.235694408E0,1.323948765E1
2.493275453E1,8.584251404E-1,3.355335474E0,1.413799286E1
2.495286635E1,6.903293133E-1,3.944568157E0,1.095434189E1
2.497297817E1,5.228317380E-1,4.252644062E0,8.905488014E0
2.499309000E1,5.856433511E-1,3.655634880E0,9.659226418E0
2.501320182E1,-9.571290761E-2,2.825923443E0,1.190010548E1
2.503331364E1,-5.623133108E-2,2.046461582E0,1.385025597E1
2.505342546E1,6.352944374E-1,1.587637782E0,1.310907841E1
2.507353729E1,6.861419082E-1,1.908276081E0,1.064028454E1
2.509364911E1,4.869394004E-1,2.371287346E0,9.236893654E0
2.511376093E1,-2.344966233E-1,3.113660574E0,7.475177765E0
2.513387276E1,-1.214357495E0,3.638885021E0,6.728617191E0
2.515398458E1,-1.268195987E0,3.480958700E0,6.628716946E0
2.517409645E1,-8.691928387E-1,2.920439959E0,7.791030407E0
2.519420822E1,-2.949153781E-1,2.268395901E0,1.023948669E1
2.521432010E1,-4.468596280E-1,2.184647083E0,1.093101215E1
2.523443192E1,-3.397209883E0,3.399602890E0,1.199761295E1
2.525454374E1,-1.821536183E0,3.363112211E0,6.942176819E0
2.527465557E1,-3.511467278E-1,3.154338360E0,6.468397617E0
2.529476739E1,-5.383851007E-3,2.529213428E0,9.058628082E0
2.531487921E1,9.391828626E-2,2.282154560E0,8.596215248E0
2.533499104E1,-5.066801906E-1,2.373081923E0,8.764909744E0
2.535510286E1,-4.313062727E-1,2.354537487E0,8.120641708E0
2.537521468E1,-4.025924206E-1,2.405385017E0,8.453842163E0
2.539532651E1,-1.986042857E-1,2.510071039E0,8.971888542E0
2.541543833E1,-4.588237405E-1,2.877369165E0,8.723034859E0
2.543555015E1,-5.156532526E-1,2.951546669E0,8.860024452E0
2.545566197E1,-3.284149170E-1,3.010769129E0,8.047062874E0
2.547577380E1,-6.909275651E-1,3.353540897E0,7.853243828E0
2.549588562E1,-5.641079545E-1,3.484548092E0,8.029714584E0
2.551599744E1,-1.585244983E-1,3.228515863E0,8.919844627E0
2.553610927E1,-1.663011760E-1,3.144168854E0,9.007183075E0
2.555622114E1,-3.332005441E-1,3.044268608E0,9.421739578E0
2.557633296E1,-4.175475538E-1,2.995215654E0,9.766305923E0
2.559644479E1,-1.579262912E-1,2.979064226E0,9.443872452E0
2.561655661E1,4.067798331E-2,3.130410194E0,9.962516785E0
2.563666843E1,-4.426721856E-2,3.287140131E0,8.361120224E0
2.565678026E1,-7.800601721E-1,3.299104214E0,8.867800713E0
2.567689208E1,-2.572284341E-1,2.453839540E0,1.088794136E1
2.569700390E1,-4.127618968E-1,2.099701881E0,1.216211891E1
2.571711572E1,-9.433703423E-1,2.292324066E0,1.180140114E1
2.573722755E1,-5.718846321E-1,2.345564365E0,9.772287369E0
2.577700298E1,-4.803591371E-1,4.874777794E0,9.489934921E0
2.579711459E1,-3.044866920E-1,4.814957142E0,9.017950058E0
2.581722615E1,-9.451649338E-2,4.965106964E0,8.319844246E0
2.583733777E1,-2.350948304E-1,5.296513081E0,7.796414375E0
2.585744933E1,-3.918247223E-1,5.487938881E0,7.548159122E0
2.587756094E1,-4.869394004E-1,5.541179180E0,7.682157040E0
2.589767251E1,-4.743770957E-1,5.335994720E0,8.444271088E0
2.591778412E1,-3.684946895E-1,5.127819061E0,9.148957253E0
2.593789568E1,-4.378865361E-1,5.101497650E0,9.208179474E0
2.595800730E1,-6.723831892E-1,5.124229908E0,9.407382011E0
2.597811891E1,-9.044869542E-1,5.199603558E0,9.820143700E0
2.599823048E1,-3.044866920E-1,5.179862976E0,9.323633194E0
2.601834209E1,3.589234129E-2,5.288137913E0,7.588837147E0
2.603845365E1,-2.751746029E-2,5.361717224E0,7.031309128E0
2.605856527E1,1.333998591E-1,5.060221672E0,8.224131584E0
2.607867683E1,4.354937077E-1,4.434498787E0,1.075513935E1
2.609878844E1,4.067798555E-1,4.305285931E0,1.208913803E1
2.611890001E1,1.914258152E-1,4.890929699E0,1.151605701E1
2.613901162E1,5.114658475E-1,5.481358528E0,1.021555805E1
2.615912318E1,6.173482537E-1,5.734997749E0,1.008694363E1
2.617923480E1,-7.118647546E-2,5.883352757E0,1.216331577E1
2.619934636E1,6.975077987E-1,5.114658356E0,1.279860973E1
2.621945798E1,2.608176708E0,4.164109707E0,1.114636612E1
2.623956954E1,3.174677372E0,4.022933006E0,9.535398483E0
2.625968115E1,9.349954724E-1,4.822733879E0,9.311071396E0
2.627979272E1,-9.206385016E-1,4.540380955E0,1.077428246E1
2.629990433E1,-1.720439434E0,3.440878868E0,1.333340645E1
2.632001589E1,-1.213161111E0,2.670390129E0,1.431207085E1
2.634012751E1,9.571290761E-2,2.900699139E0,1.175354481E1
2.636023907E1,9.900303483E-1,3.236292601E0,9.662816048E0
2.638035063E1,6.598208547E-1,3.609572887E0,8.522037506E0
2.640046225E1,-5.982056856E-1,3.772284985E0,8.511868477E0
2.642057381E1,-1.230509043E0,3.815953970E0,8.719446182E0
2.644068542E1,-1.156929731E0,3.820739508E0,8.651249886E0
2.646079698E1,-7.417750359E-1,3.832105398E0,8.117650986E0
2.648090860E1,-2.638086975E-1,3.682554007E0,7.664809227E0
2.650102016E1,-4.127618968E-1,3.586841106E0,7.494320393E0
2.652113178E1,-1.201795220E0,3.750749588E0,7.318448067E0
2.654124334E1,-1.538584948E0,3.828516245E0,7.657032490E0
2.656135490E1,-5.252245665E-1,3.251247883E0,8.005187988E0
2.658146652E1,4.612165689E-1,2.858226538E0,7.874779224E0
2.660157808E1,1.192223907E0,2.722434044E0,7.329215527E0
2.662168969E1,1.348953724E0,3.068794966E0,7.071389198E0
2.664180126E1,8.530412912E-1,3.522234917E0,7.424330235E0
2.666191287E1,3.786641955E-1,3.557528973E0,7.865208149E0
2.668202443E1,1.860419661E-1,3.394817114E0,8.299505234E0
2.670213605E1,-5.024927258E-1,4.013361931E0,8.550751686E0
2.672224761E1,-1.243071318E0,4.834698200E0,8.467002869E0
2.674235917E1,-8.225327730E-1,4.789234638E0,8.956933022E0
2.676247079E1,1.932204217E-1,4.176073551E0,1.087178993E1
2.678258235E1,5.545366406E-1,3.650849104E0,1.299900913E1
2.680269397E1,3.595215976E-1,3.869792461E0,1.307079411E1
2.682280553E1,1.103091240E0,4.329214573E0,1.129172993E1
2.684291709E1,1.343569875E0,4.528416634E0,9.796216011E0
2.686302870E1,4.636093974E-1,4.374678135E0,1.018505001E1
2.688314027E1,-1.433898926E0,4.404588223E0,1.156690502E1
2.690325183E1,-2.572284460E0,3.982254982E0,1.322273827E1
2.692336344E1,-1.703689694E0,3.300300598E0,1.225902843E1
2.694347501E1,-1.447657645E-1,3.192025423E0,9.051449776E0
2.696358662E1,4.504488707E-1,3.546163082E0,6.269195557E0
2.698369818E1,1.980060786E-1,3.707080364E0,5.758925915E0
2.700380975E1,-4.073780477E-1,3.585644722E0,6.486343861E0
2.702392136E1,-6.448656917E-1,3.515654564E0,6.713662148E0
2.704403292E1,-2.644068897E-1,3.418745279E0,6.501897335E0
2.706414448E1,2.871387303E-1,2.914458036E0,7.527221680E0
2.708425610E1,6.759724021E-2,2.527418852E0,7.982456207E0
2.710436766E1,-3.876372576E-1,2.571686029E0,7.800003529E0
2.712447922E1,-2.225325108E-1,2.818146944E0,6.840481758E0
2.714459084E1,4.504488707E-1,2.985644341E0,6.132206440E0
2.716470240E1,1.079761267E0,3.550948858E0,5.382056236E0
2.718481396E1,1.825125456E0,3.706482172E0,5.825924873E0
2.720492558E1,1.819741607E0,3.684946775E0,7.167700291E0
2.722503714E1,4.594219327E-1,4.255036831E0,8.015955925E0
2.724514870E1,-9.499505758E-1,5.018945694E0,8.111668587E0
2.726526032E1,-1.779661894E0,5.422136307E0,7.781459332E0
2.728537188E1,-1.173081279E0,5.134997368E0,6.875775814E0
2.730548344E1,2.171486616E-1,4.348356724E0,7.702496052E0
2.732559506E1,1.144367456E0,3.509672642E0,1.056849957E1
2.734570662E1,1.562513232E0,2.955136061E0,1.244925785E1
2.736581818E1,8.536394835E-1,3.219542980E0,1.147119141E1
2.738592980E1,-1.212562919E0,3.830909014E0,8.842078209E0
2.740604136E1,-1.910668850E0,4.390231133E0,7.883154392E0
2.742615292E1,-1.369890928E0,4.150351048E0,1.039442158E1
2.744626448E1,-1.704886079E0,3.433700562E0,1.449751377E1
2.746637610E1,-1.453041553E0,2.944368362E0,1.587996769E1
2.748648766E1,-2.452643216E-2,2.276770830E0,1.419362545E1
2.750659923E1,8.656035662E-1,2.053640127E0,1.255813122E1
2.752671084E1,1.422533035E0,1.940579176E0,1.140299606E1
2.754682240E1,1.022333503E0,2.243271112E0,9.869794846E0
2.756693396E1,-4.336991012E-1,3.077768087E0,8.895318031E0
2.758704558E1,-1.089332461E0,3.166900873E0,9.354142189E0
2.760715714E1,-6.185446382E-1,2.314457655E0,1.046261692E1
2.762726870E1,-6.981059909E-1,2.045265198E0,1.053918743E1
2.764738027E1,-1.216152072E0,2.508276224E0,9.243474007E0
2.766749188E1,-7.555337548E-1,2.614158630E0,8.784649849E0
2.768760344E1,-2.494517565E-1,2.292324066E0,9.233902931E0
2.770771501E1,-3.529413342E-1,2.199602127E0,9.750154495E0
2.772782657E1,-5.335994363E-1,2.243869543E0,9.335597992E0
2.774793818E1,-2.751746178E-1,2.058425665E0,9.329017639E0
2.776804975E1,2.273181453E-2,1.810768485E0,9.350552559E0
2.778816131E1,-1.794617064E-2,1.830509305E0,8.362317085E0
2.780827287E1,-3.068794906E-1,2.090130568E0,7.467401028E0
2.782838448E1,-4.827519655E-1,2.291725874E0,6.951747894E0
2.784849605E1,-5.060819983E-1,2.466402054E0,6.610770702E0
2.786860761E1,-4.995017350E-1,2.809173822E0,6.084349632E0
2.788871917E1,-9.278169870E-1,3.361317635E0,6.078966141E0
2.790883079E1,-1.384247899E0,3.956532240E0,6.942176819E0
2.792894235E1,-1.310668588E0,3.934398651E0,8.151748657E0
2.794905391E1,-1.232901812E0,4.004388809E0,8.765507698E0
2.796916548E1,-1.262812138E0,4.224528313E0,9.180662155E0
2.798927704E1,-1.293918848E0,4.229912281E0,1.052901745E1
2.800938865E1,-1.595414519E0,4.271786690E0,1.198923779E1
2.802950022E1,-1.253240824E0,4.092324734E0,1.243789196E1
2.804961178E1,-4.929214716E-1,4.054039955E0,1.196531010E1
2.806972334E1,2.913261652E-1,3.937987804E0,1.223809147E1
2.808983495E1,2.877369225E-1,3.948157310E0,1.225902843E1
2.810994652E1,2.650051117E-1,4.189234257E0,1.132343483E1
2.813005808E1,5.766702294E-1,3.667598963E0,1.082931709E1
2.815016964E1,6.041877344E-2,2.640479803E0,1.247079372E1
2.817028120E1,-1.112662554E0,1.860419631E0,1.401835155E1
2.819039277E1,-2.318047047E0,1.808973908E0,1.420678616E1
2.821050438E1,-2.210369825E0,2.181057930E0,1.156451225E1
2.823061594E1,-1.163509965E0,2.301297188E0,8.891729355E0
2.825072751E1,-1.501496136E-1,1.892124534E0,8.271987915E0
2.827083907E1,9.690931439E-2,1.475175142E0,8.760722160E0
2.829095063E1,3.445664644E-1,1.141376376E0,9.291330338E0
2.831106225E1,7.716853172E-2,1.488335729E0,8.122436523E0
2.833117381E1,-5.066801906E-1,2.314457655E0,6.152545452E0
2.835128537E1,-8.907282352E-1,3.019144058E0,4.988437176E0
2.837139693E1,-7.740781307E-1,3.103491068E0,5.427519798E0
2.839150850E1,-2.476571500E-1,2.725425005E0,6.894320011E0
2.841162006E1,2.039881349E-1,2.280958176E0,8.280961037E0
2.843173167E1,1.016949583E-2,2.304288149E0,8.644071579E0
2.845184324E1,-2.955136001E-1,2.548356056E0,8.145766258E0
2.847195480E1,-2.847459018E-1,2.680559635E0,7.603193760E0
2.849206636E1,-4.277170599E-1,3.004786968E0,7.241877556E0
2.851217792E1,-6.000002623E-1,3.601198196E0,6.890730858E0
2.853228948E1,-7.220342159E-1,4.165306091E0,6.453442574E0
2.855240105E1,-5.802595019E-1,4.431507587E0,6.577271461E0
2.857251266E1,-3.337987661E-1,4.466801643E0,7.433901787E0
2.859262422E1,-6.071787477E-1,4.844867706E0,7.913064480E0
2.861273579E1,-9.960124493E-1,5.049454212E0,9.622735977E0
2.863284735E1,-7.704889178E-1,4.837090969E0,1.225603771E1
2.865295891E1,-1.938186288E-1,4.707280159E0,1.330708504E1
2.867307048E1,4.564309120E-1,4.682155609E0,1.262213898E1
2.869318204E1,6.699903309E-2,4.882554531E0,1.169372463E1
2.871329365E1,-6.017948985E-1,4.990231514E0,1.257727432E1
2.873340522E1,-8.853443861E-1,4.840680122E0,1.283270741E1
2.875351678E1,-1.334596872E0,4.942973614E0,1.175055408E1
2.877362834E1,-1.534397483E0,4.557728767E0,1.250848007E1
2.879373990E1,-1.186840057E0,3.537788391E0,1.406022549E1
2.881385147E1,-4.301098585E-1,2.757728100E0,1.415892982E1
2.883396303E1,2.590230405E-1,2.739781857E0,1.185284710E1
2.885407459E1,4.229314029E-1,3.324228764E0,8.365307808E0
2.887418615E1,-1.567298770E-1,3.953541279E0,6.054439545E0
2.889429772E1,-7.842476368E-1,3.932604074E0,5.732006550E0
2.891440933E1,-1.083350420E0,3.266202927E0,7.549953461E0
2.893452089E1,-1.120439172E0,2.661417007E0,9.451051712E0
2.895463245E1,-8.769695163E-1,2.542374134E0,9.617950439E0
2.897474402E1,-6.496513486E-1,2.694916487E0,8.349156380E0
2.899485558E1,-6.071787477E-1,2.724826813E0,7.083951473E0
2.901496714E1,-9.792626500E-1,2.481955290E0,6.961917400E0
2.903507870E1,-9.726824164E-1,2.450250387E0,7.194619656E0
2.905519027E1,-9.571290612E-1,2.975475073E0,6.853044033E0
2.907530183E1,-7.046862841E-1,3.631706476E0,6.244668961E0
2.909541339E1,-1.034895778E-1,3.811766386E0,6.401398659E0
2.911552495E1,5.341976285E-1,3.458825111E0,7.677969456E0
2.913563657E1,8.470591903E-1,3.225524902E0,8.696713448E0
2.915574813E1,6.113662124E-1,3.556332588E0,8.970691681E0
2.917585969E1,1.256231871E-2,4.469792843E0,8.511868477E0
2.919597126E1,1.256231871E-2,4.931009293E0,8.042875290E0
2.921608282E1,4.486542568E-2,5.196612358E0,8.197212219E0
2.923619438E1,-4.235295951E-1,5.440680504E0,9.235098839E0
2.925630594E1,-3.924229145E-1,5.338985443E0,1.084307575E1
2.927641751E1,2.991028363E-3,5.023132801E0,1.145982552E1
2.929652907E1,8.793623000E-2,5.291727066E0,1.104227829E1
2.931664063E1,-1.238285750E-1,5.588437080E0,1.026401234E1
2.933675219E1,-4.235295951E-1,5.666203976E0,1.011924744E1
2.935686376E1,-7.256234884E-1,4.663012981E0,1.174995518E1
2.937697532E1,-1.070788145E0,3.267997503E0,1.363131237E1
2.939708688E1,-1.118644595E0,2.484946251E0,1.402792263E1
2.941719844E1,-9.625129104E-1,2.840280533E0,1.129172993E1
2.943731001E1,-1.752742529E-1,3.378665686E0,8.429315567E0
2.945742162E1,5.724828243E-1,3.649652719E0,6.500102520E0
2.947753318E1,8.003991842E-1,3.628715515E0,5.842674732E0
2.949764475E1,2.338984162E-1,3.297907829E0,7.061219692E0
2.951775631E1,-6.939185858E-1,3.018545866E0,8.440083504E0
2.953786787E1,-1.015154958E0,2.842075109E0,8.605786324E0
2.955797943E1,-7.549355626E-1,2.861815929E0,7.660023689E0
2.957809100E1,-3.170489967E-1,2.789433002E0,7.198806763E0
2.959820256E1,-8.494520187E-2,2.647658348E0,7.252645493E0
2.961831412E1,2.512463629E-1,2.457428932E0,7.200601578E0
2.963842568E1,5.862415433E-1,2.349751949E0,6.986443996E0
2.965853725E1,7.549355626E-1,2.641676188E0,6.888936520E0
2.967864881E1,5.581258535E-1,3.165106058E0,7.222136974E0
2.969876037E1,1.154536903E-1,3.828516245E0,7.002595425E0
2.971887193E1,3.068794906E-1,4.028914928E0,7.488338470E0
2.973898350E1,5.593222976E-1,4.253242016E0,7.984251022E0
2.975909506E1,5.036891699E-1,4.697709084E0,8.174480438E0
2.977920662E1,-3.110669367E-2,5.060820103E0,8.819944382E0
2.979931818E1,-9.200403094E-1,4.874777794E0,1.088853931E1
2.981942975E1,-1.299900889E0,4.092324734E0,1.384905910E1
2.983954131E1,-8.105686903E-1,3.796811342E0,1.504068470E1
2.985965287E1,-6.813562512E-1,4.133002758E0,1.281476212E1
2.987976443E1,-6.167500615E-1,4.280161381E0,1.068514919E1
2.989987600E1,-1.080957651E0,4.379463673E0,1.052243805E1
2.991998756E1,-1.225723386E0,3.597608805E0,1.247079372E1
2.994009912E1,-2.913261652E-1,2.225923300E0,1.459980774E1
2.996021068E1,5.832505226E-1,1.318445325E0,1.482353592E1
2.998032225E1,6.191428304E-1,1.603191137E0,1.193300629E1
3.000043381E1,-2.667997181E-1,2.562114954E0,8.987442017E0
3.002054537E1,-9.852447510E-1,3.250051260E0,7.198208809E0
3.004065693E1,-1.451845169E0,3.482753277E0,6.640681267E0
3.006076850E1,-2.148156643E0,3.425325632E0,7.277172089E0
3.008088006E1,-2.280359983E0,3.245863914E0,7.716853142E0
3.010099162E1,-1.664208174E0,2.807379246E0,8.191828728E0
3.012110318E1,-1.092323542E0,2.516052961E0,8.748159409E0
3.014121475E1,-1.238285750E-1,2.366501570E0,8.220541954E0
3.016132631E1,-2.392822690E-2,2.773879766E0,7.437490940E0
3.018143787E1,-4.845465720E-1,3.290729284E0,7.353144169E0
3.020154943E1,-9.661021233E-1,3.613162279E0,7.448258877E0
3.022166100E1,-8.721838593E-1,3.380460262E0,7.896314621E0
3.024177256E1,-4.971089065E-1,3.244667530E0,8.044670105E0
3.026188412E1,-1.878365725E-1,3.720839262E0,6.955337048E0
3.028199568E1,-2.560320199E-1,4.547559261E0,6.057430744E0
3.030210725E1,-6.693921089E-1,5.187041283E0,6.240481377E0
3.032221881E1,-8.015955687E-1,5.273781300E0,7.163512707E0
3.034233037E1,2.153540403E-2,4.835894585E0,7.941778183E0
3.036244193E1,6.705885530E-1,4.493122578E0,9.095118523E0
3.038255350E1,4.055834413E-1,4.399802685E0,1.098903847E1
3.040266506E1,-1.033101201E0,4.785645485E0,1.231825066E1
3.042277662E1,-1.656431437E0,5.147559643E0,1.188096237E1
3.044288818E1,7.549355626E-1,4.476971149E0,1.029930687E1
3.046299975E1,3.672982693E0,3.581457376E0,9.270393372E0
3.048311131E1,3.029911757E0,3.364906788E0,1.017846966E1
3.050322282E1,-4.163511395E-1,3.559921980E0,1.251865005E1
3.052333443E1,-2.194218397E0,3.570091486E0,1.291047478E1
3.054344594E1,-1.792822361E0,3.361317635E0,1.140180016E1
3.056355751E1,-6.568298340E-1,3.472583771E0,9.195018768E0
3.058366907E1,1.591227055E-1,3.629911900E0,8.110472679E0
3.060378063E1,3.882354796E-1,3.771088600E0,7.512865067E0
3.062389219E1,5.312066078E-1,3.769891977E0,7.381259441E0
3.064400376E1,4.187439680E-1,3.530011654E0,8.604590416E0
3.066411532E1,-1.722832322E-1,3.412763357E0,9.442676544E0
3.068422688E1,-1.194018483E0,3.558725595E0,9.765707016E0
3.070433844E1,-1.505085468E0,3.549752474E0,9.557532310E0
3.072445001E1,-1.214955688E0,3.301496983E0,9.314660072E0
3.074456157E1,-8.470591903E-1,3.116651535E0,9.069396019E0
3.076467313E1,-4.845465720E-1,3.119642496E0,8.284550667E0
3.078478469E1,-3.349951655E-2,3.203391314E0,7.487740040E0
3.080489626E1,7.298108935E-2,3.407379389E0,7.104888439E0
3.082500782E1,3.152543902E-1,3.501895905E0,7.626523972E0
3.084511938E1,7.848458290E-1,3.557528973E0,7.833503246E0
3.086523094E1,8.883354068E-1,3.878765583E0,7.633104324E0
3.088534251E1,8.147560954E-1,4.261018753E0,7.067800045E0
3.090545407E1,6.173482537E-1,4.575077057E0,6.835696220E0
3.092556563E1,6.945167780E-1,4.302295208E0,7.991429329E0
3.094567714E1,5.431707501E-1,3.906881094E0,9.684351921E0
3.096578870E1,6.580262445E-3,3.790230989E0,1.077667522E1
3.098590027E1,-1.261017561E0,4.025325775E0,1.184925747E1
3.100601183E1,-2.075175524E0,4.372285366E0,1.160279655E1
3.102612339E1,-1.270588875E0,4.641477585E0,9.888339996E0
3.104623495E1,-1.178465188E-1,4.183252335E0,8.799007416E0
3.106634652E1,-6.340979785E-2,3.731008768E0,9.260822296E0
3.108645808E1,-7.106683254E-1,2.989233732E0,1.246241856E1
3.110656964E1,-1.316052437E0,2.334796667E0,1.480738449E1
3.112668120E1,-1.381855130E0,2.454437733E0,1.375334644E1
3.114679277E1,-1.201795220E0,3.390031576E0,9.677771568E0
3.116690433E1,-8.937192559E-1,4.243072987E0,6.708278179E0
3.118701589E1,-2.350948304E-1,4.400400639E0,6.028716564E0
3.120712740E1,1.417747438E-1,3.978067636E0,7.680362701E0
3.122723896E1,-3.044866920E-1,3.455235958E0,1.013420200E1
3.124735053E1,-7.914260626E-1,2.945564747E0,1.171466160E1
3.126746209E1,-7.369893789E-1,2.906681299E0,1.087896824E1
3.128757365E1,-5.353940725E-1,3.149552822E0,9.695717812E0
3.130768522E1,-9.631111473E-2,3.022135019E0,1.020778179E1
3.132779678E1,-3.541377485E-1,2.946162939E0,1.065344429E1
3.134790834E1,-8.823533654E-1,3.074178934E0,9.799206734E0
3.136801990E1,-1.083948612E0,3.215355396E0,8.089534760E0
3.138813146E1,-9.355936646E-1,3.145963669E0,7.001399040E0
3.140824303E1,-2.638086975E-1,2.705085993E0,6.789634228E0
3.142835459E1,-7.776673418E-3,2.636292458E0,6.119045734E0
3.144846615E1,-9.332008660E-2,2.959921598E0,5.507679462E0
3.146857772E1,-2.338984162E-1,3.269792080E0,5.784648895E0
3.148868922E1,-2.901297510E-1,3.445066452E0,6.638288021E0
3.150880079E1,-6.478567123E-1,3.877569199E0,6.987640381E0
3.152891235E1,-9.762716293E-1,4.374678135E0,7.611568928E0
3.154902391E1,-7.657032460E-2,4.342973232E0,8.994022369E0
3.156913548E1,5.826523304E-1,4.282554150E0,1.036451149E1
3.158924704E1,-2.590230405E-1,4.637888432E0,1.125284672E1
3.160935860E1,-8.356932998E-1,5.092525005E0,9.726823807E0
3.162947016E1,3.379862010E-1,4.722235680E0,8.329415321E0
3.164958172E1,6.197410822E-1,3.984647989E0,1.104526901E1
3.166969329E1,3.870390654E-1,3.351148129E0,1.563470268E1
3.168980480E1,-9.750752151E-2,3.517449379E0,1.469013596E1
3.170991636E1,-3.559323549E-1,4.293920040E0,1.054038334E1
3.173002792E1,-5.820540786E-1,4.894518852E0,8.758927345E0
3.175013949E1,-5.144568533E-2,4.554738045E0,9.057432175E0
3.177025105E1,4.725824594E-1,3.819543123E0,9.628120422E0
3.179036261E1,3.900300860E-1,3.464807272E0,9.563513756E0
3.181047417E1,2.392822690E-2,3.360121250E0,9.418747902E0
3.183058574E1,-1.214357466E-1,3.337389469E0,9.195018768E0
3.185069730E1,2.135594189E-1,3.156731367E0,9.390034676E0
3.187080886E1,6.520441771E-1,2.907279491E0,9.237491608E0
3.189092042E1,6.448656917E-1,3.010170937E0,8.434700012E0
3.191103193E1,1.962114573E-1,3.135195971E0,8.065009117E0
3.193114350E1,-5.365904570E-1,3.171088219E0,8.230113029E0
3.195125506E1,-7.124629617E-1,2.972483873E0,8.390432358E0
3.197136662E1,-5.952146053E-1,2.803789854E0,8.053643227E0
3.199147818E1,-4.654040039E-1,2.824128866E0,7.327421188E0
3.201158975E1,-1.256231815E-1,2.745165825E0,7.001997471E0
3.203170131E1,1.196411345E-2,2.676970243E0,7.391428947E0
3.205181287E1,2.428714931E-1,2.635694027E0,8.160123825E0
3.207192438E1,3.990031779E-1,2.925823927E0,8.078168869E0
3.209203594E1,6.281159073E-2,3.637688637E0,7.669594765E0
3.211214751E1,-7.776673418E-3,4.153341770E0,7.543373585E0
3.213225907E1,1.501496136E-1,4.552943230E0,7.826324463E0
3.215237063E1,1.022931710E-1,4.560719967E0,9.259027481E0
3.217248219E1,-4.725824669E-2,4.353740692E0,9.989436150E0
3.219259376E1,1.884347796E-1,4.193421841E0,9.812367439E0
3.221270532E1,3.002992272E-1,4.255635262E0,1.026700401E1
3.223281688E1,3.385843933E-1,4.281956196E0,1.116251755E1
3.225292839E1,1.417747438E-1,3.981058598E0,1.250130177E1
3.227303995E1,-2.368894368E-1,3.835096598E0,1.246600819E1
3.229315152E1,-3.296113312E-1,3.724428415E0,1.158066368E1
3.231326308E1,1.423729509E-1,3.357728481E0,1.163091278E1
3.233337464E1,5.312066078E-1,2.486740828E0,1.340818214E1
3.235348620E1,7.166503668E-1,2.066800594E0,1.360678577E1
3.237359777E1,6.221338734E-2,2.666800737E0,1.088913727E1
3.239370933E1,-8.506484628E-1,3.984049797E0,6.881159782E0
3.241382084E1,-8.237292171E-1,4.668995380E0,3.741776466E0
3.243393240E1,-1.351944804E-1,3.430111170E0,5.879763603E0
3.245404397E1,1.220339537E-1,2.009970903E0,1.002891827E1
3.247415553E1,2.973082066E-1,1.348355532E0,1.241934776E1
3.249426709E1,-8.494520187E-2,1.996810555E0,1.078265667E1
3.251437865E1,-4.348955154E-1,2.697309256E0,8.093722343E0
3.253449022E1,-1.692921966E-1,2.755933523E0,6.783053875E0
3.255460178E1,1.633101404E-1,2.776870728E0,6.382256031E0
3.257471329E1,3.834498227E-1,2.441277266E0,7.746165276E0
3.259482485E1,1.597209126E-1,2.296511650E0,9.168698311E0
3.261493641E1,-6.699903607E-1,2.610569477E0,9.706484795E0
3.263504798E1,-1.045663476E0,2.873181820E0,9.256035805E0
3.265515954E1,-1.183848977E0,3.141177893E0,8.718249321E0
3.267527110E1,-1.244866014E0,3.457030535E0,8.587840080E0
3.269538266E1,-8.452646136E-1,3.681357622E0,8.663214684E0
3.271549422E1,-6.915257573E-1,3.970889091E0,8.765507698E0
3.273560574E1,-6.801598072E-1,4.130609989E0,9.279964447E0
3.275571730E1,-4.642075896E-1,3.961317778E0,1.049731255E1
3.277582886E1,-3.044866920E-1,3.679563046E0,1.190548897E1
3.279594042E1,-3.296113312E-1,3.736990690E0,1.140957642E1
3.281605198E1,-7.238288224E-2,4.168296814E0,9.151350021E0
3.283616355E1,1.316052526E-1,4.148556232E0,8.280363083E0
3.285627511E1,2.057827413E-1,3.481556892E0,9.712467194E0
3.287638662E1,-4.031906128E-1,3.193820000E0,1.088734341E1
3.289649818E1,-8.793623447E-1,3.184248686E0,1.097707367E1
3.291660975E1,-6.269195080E-1,3.085544825E0,1.040159988E1
3.293672131E1,-1.118644550E-1,2.862414122E0,1.013719273E1
3.295683287E1,1.298106313E-1,2.597409010E0,1.028195858E1
3.297694443E1,-6.819544733E-2,2.551945448E0,9.901499748E0
3.299705600E1,-3.840480447E-1,2.609971285E0,9.514460564E0
3.301716756E1,-4.857429862E-1,2.494517565E0,9.537193298E0
3.303727907E1,-4.157529473E-1,2.615953445E0,8.768498421E0
3.305739063E1,-1.722832322E-1,2.749353170E0,7.819146156E0
3.307750219E1,-4.803591371E-1,3.084946632E0,7.009175777E0
3.309761376E1,-7.226324677E-1,3.206980467E0,6.977470875E0
3.311772532E1,-5.150550604E-1,3.020340443E0,7.617550850E0
3.313783688E1,-2.422732860E-1,3.001796007E0,7.971688747E0
3.315794844E1,-3.421736360E-1,3.312862873E0,7.957930088E0
3.317805995E1,-6.705885530E-1,3.629313707E0,8.370093346E0
3.319817152E1,-5.898307562E-1,3.594617844E0,9.471389771E0
3.321828308E1,-6.053841114E-1,3.713062525E0,1.012343407E1
3.323839464E1,-6.119644046E-1,3.715455294E0,1.049312592E1
3.325850620E1,-5.455635786E-1,3.739981890E0,1.047278690E1
3.327861777E1,-8.081758618E-1,3.818944931E0,1.051884842E1
3.329872933E1,-1.215553880E0,3.736990690E0,1.096032429E1
3.331884089E1,-1.045663476E0,3.723830223E0,1.151246834E1
3.333895240E1,-1.071386337E0,3.920639992E0,1.010788059E1
3.335906397E1,-1.205384374E0,4.234697819E0,8.532207489E0
3.337917553E1,-1.609173179E0,3.995415688E0,9.014361382E0
3.339928709E1,-2.263610125E0,2.977269650E0,1.220279694E1
3.341939865E1,-1.803590059E0,1.779063582E0,1.587338734E1
3.343951022E1,-1.004985452E0,1.693520188E0,1.495454311E1
3.345962178E1,-9.774680734E-1,2.662613392E0,9.921838760E0
3.347973329E1,-1.240678549E0,3.603590965E0,6.226124287E0
3.349984485E1,-1.581655741E0,3.680759430E0,5.854638577E0
3.351995641E1,-1.933400750E0,3.377469063E0,7.320840836E0
3.354006798E1,-1.750947952E0,2.982055187E0,8.850452423E0
3.356017954E1,-1.341775298E0,2.816950560E0,9.035298347E0
3.358029110E1,-1.037288666E0,2.934797049E0,7.824530125E0
3.360040266E1,-1.245464206E0,3.133401155E0,7.551149845E0
3.362051417E1,-2.249851465E0,3.582055569E0,9.666405678E0
3.364062574E1,-2.981456995E0,3.586242914E0,1.114158058E1
3.366073730E1,-2.313261271E0,3.529413462E0,8.742177963E0
3.368084886E1,-8.434699774E-1,3.592225075E0,6.150750637E0
3.370096042E1,2.847459018E-1,3.532404423E0,4.850849628E0
3.372107198E1,5.252245665E-1,3.446861029E0,5.959324837E0
3.374118355E1,-2.757728100E-1,3.668795347E0,8.631509781E0
3.376129506E1,-1.459621787E0,4.507479668E0,8.822337151E0
3.378140662E1,-2.016551256E0,5.197210789E0,7.929215908E0
3.380151818E1,-8.231309652E-1,4.926821709E0,9.376873970E0
3.382162975E1,-4.671986103E-1,4.685744762E0,1.116251755E1
3.384174131E1,-2.811566591E-1,4.643272400E0,1.055115128E1
3.386185287E1,-4.498506486E-1,4.753342152E0,9.072985649E0
3.388196443E1,1.046859920E-1,4.527220249E0,8.439485550E0
3.390207594E1,8.374879360E-1,4.176073551E0,8.804988861E0
3.392218751E1,8.775677085E-1,4.358526230E0,8.380263329E0
3.394229907E1,9.092726111E-1,4.485345840E0,7.389634609E0
3.396241063E1,9.355936646E-1,3.835694790E0,9.066405296E0
3.398252219E1,7.686942816E-1,2.654238462E0,1.249771309E1
3.400263376E1,7.932206988E-1,1.959721804E0,1.406680584E1
3.402274532E1,5.042873621E-1,2.312663078E0,1.277827072E1
3.404285683E1,1.680957973E-1,3.227319479E0,9.770493507E0
3.406296839E1,5.635097623E-1,3.655634880E0,7.639684677E0
3.408307995E1,8.895317912E-1,3.806980848E0,7.027719975E0
3.410319152E1,6.669993401E-1,3.771088600E0,7.499105930E0
3.412330308E1,-1.178465188E-1,3.683152199E0,8.385048866E0
3.414341464E1,-1.056431174E0,3.701696634E0,9.228518486E0
3.416352620E1,-1.610369682E0,3.600001574E0,1.038963604E1
3.418363772E1,-2.085345030E0,3.710071564E0,1.072762203E1
3.420374928E1,-2.280359983E0,4.131208420E0,8.844470978E0
3.422386084E1,-1.508674622E0,4.165306091E0,7.170093060E0
3.424397240E1,-2.560320199E-1,3.643072367E0,7.178467751E0
3.426408396E1,7.405785918E-1,3.343371391E0,7.532605648E0
3.428419553E1,1.082752228E0,3.291925669E0,8.450253487E0
3.430430709E1,5.718846321E-1,3.744169235E0,8.412566185E0
3.432441860E1,-9.332008660E-2,4.371686935E0,7.502695560E0
3.434453016E1,-5.886343718E-1,4.664807796E0,7.569096088E0
3.436464172E1,-4.199403822E-1,4.301098824E0,9.137591362E0
3.438475329E1,3.433700502E-1,3.730410576E0,1.046022415E1
3.440486485E1,5.748756528E-1,3.719044685E0,1.033998489E1
3.442497641E1,5.144568533E-2,4.006781578E0,9.835099220E0
3.444508798E1,-4.486542568E-2,4.299304008E0,9.675976753E0
3.446519954E1,6.903293133E-1,4.187439442E0,1.017009449E1
3.448531105E1,8.991031051E-1,3.921836376E0,9.845867157E0
3.450542261E1,5.198407173E-1,3.790230989E0,8.668000221E0
3.452553417E1,-1.131206870E0,3.943371773E0,8.848658562E0
3.454564574E1,-2.344367981E0,3.573680639E0,1.023051357E1
3.456575730E1,-1.706082582E0,3.099901676E0,1.113380337E1
3.458586886E1,-7.633104324E-1,3.261417150E0,9.824331284E0
3.460598042E1,-5.688936114E-1,3.896711588E0,8.209176064E0
3.462609198E1,-1.098305583E0,4.364508629E0,7.338787079E0
3.464620350E1,-1.546361685E0,4.042674065E0,8.406583786E0
3.466631506E1,-1.427916884E0,3.189632654E0,1.014437199E1
3.468642662E1,-7.046862841E-1,2.465803623E0,1.104646587E1
3.470653818E1,-3.451646566E-1,2.266601324E0,1.085743237E1
3.472664975E1,-7.513462901E-1,2.689532757E0,9.376873970E0
3.474676131E1,-1.057627559E0,3.366103172E0,7.505088329E0
3.476687287E1,-5.593222976E-1,3.619742393E0,6.105287075E0
3.478698438E1,-2.428714931E-1,3.717249870E0,6.422336102E0
3.480709594E1,-5.174478889E-1,3.652643681E0,7.774280548E0
3.482720751E1,-1.626521230E0,4.015156269E0,8.124829292E0
3.484731907E1,-2.234298229E0,4.457828522E0,7.293921471E0
3.486743063E1,-1.768894196E0,4.387240410E0,7.459624767E0
3.488754219E1,-1.428515077E0,4.344767570E0,8.793025017E0
3.490765376E1,-1.253240824E0,4.622334957E0,9.454640388E0
3.492776527E1,-1.641476393E0,5.349753380E0,8.736793518E0
3.494787683E1,-1.587039590E0,5.825326920E0,8.001000404E0
3.496798839E1,-7.244270444E-1,5.656034470E0,8.084151268E0
3.498809995E1,5.186443329E-1,4.769493580E0,1.020538902E1
3.500821152E1,1.262213886E-1,4.506283283E0,1.275853062E1
3.502832308E1,-1.349551916E0,4.976472855E0,1.368754387E1
3.504843464E1,-2.192423820E0,5.988038540E0,1.131446171E1
3.506854615E1,-2.245664120E0,6.677769661E0,8.874979019E0
3.508865772E1,-2.166102648E0,6.457031727E0,8.796015739E0
3.510876928E1,-1.873580098E0,4.937589645E0,1.160219860E1
3.512888084E1,-1.246660590E0,3.330210924E0,1.429053497E1
3.514899240E1,-6.215356588E-1,2.956930637E0,1.332443333E1
3.516910397E1,-3.661018610E-1,3.703491211E0,8.945567131E0
3.518921553E1,-1.854437590E-2,4.387838364E0,5.849853039E0
3.520932709E1,2.859423161E-1,4.448257446E0,5.504688263E0
3.522943860E1,3.020938635E-1,4.074976921E0,6.738786697E0
3.524955016E1,4.307080805E-1,3.620938778E0,7.700103283E0
3.526966173E1,3.888336718E-1,3.428316593E0,8.024331093E0
3.528977329E1,-2.362912297E-1,3.451048374E0,7.909475327E0
3.530988485E1,-1.298106313E0,3.510270834E0,7.977072716E0
3.532999641E1,-1.923231244E0,3.601796389E0,8.021339417E0
3.535010798E1,-1.741974831E0,3.700500250E0,7.565506935E0
3.537021954E1,-7.489534616E-1,3.697509289E0,6.500102520E0
3.539033105E1,2.434697002E-1,3.614956856E0,6.470192432E0
3.541044261E1,4.863412082E-1,3.619742393E0,7.035496712E0
3.543055417E1,2.057827413E-1,3.990031719E0,7.366902828E0
3.545066574E1,5.024927482E-2,4.292125702E0,7.612765312E0
3.547077730E1,6.299105883E-1,4.313062668E0,8.187042236E0
3.549088886E1,8.530412912E-1,4.722235680E0,7.920242786E0
3.551100042E1,5.712863803E-1,5.207978249E0,7.932207108E0
3.553111198E1,1.214357466E-1,5.351547718E0,9.081958771E0
3.555122355E1,2.584248483E-1,5.030909538E0,9.970293999E0
3.557133506E1,6.879364848E-1,4.677968502E0,9.658628464E0
3.559144662E1,1.457229018E0,4.710271358E0,9.124430656E0
3.561155818E1,1.508076429E0,4.412963390E0,1.094836044E1
3.563166975E1,4.821537733E-1,4.302893162E0,1.328913879E1
3.565178131E1,-5.928218365E-1,4.351347923E0,1.372941780E1
3.567189287E1,-3.212364316E-1,3.851846218E0,1.296610737E1
3.569200443E1,-7.357929647E-2,3.257827997E0,1.281835079E1
3.571211600E1,3.888336942E-2,3.111865759E0,1.199282742E1
3.573222756E1,4.187439568E-3,3.308675528E0,1.046381378E1
3.575233907E1,-4.791627228E-1,3.826123476E0,8.466404915E0
3.577245063E1,-1.045065284E0,4.176671982E0,6.978667259E0
3.579256219E1,-1.333400369E0,3.982254982E0,7.090531826E0
3.581267376E1,-1.220937729E0,3.576073408E0,8.103892326E0
3.583278532E1,-9.469595551E-1,3.255435228E0,9.095118523E0
3.585289688E1,-9.451649189E-1,3.236292601E0,8.587840080E0
3.587300844E1,-1.151545882E0,3.242872953E0,7.782057285E0
3.589312001E1,-1.429113269E0,3.403192043E0,6.826723099E0
3.591323152E1,-1.160519004E0,3.583251953E0,5.782854080E0
3.593334308E1,-3.942175210E-1,3.510270834E0,4.935196877E0
3.595345464E1,8.733802289E-2,3.370888948E0,5.489135265E0
3.597356620E1,-1.447657645E-1,3.457030535E0,6.844070911E0
3.599367777E1,-3.266202807E-1,4.008575916E0,6.811169624E0
3.601378933E1,-2.225325108E-1,4.671388149E0,6.119045734E0
3.603390089E1,9.571290575E-3,4.857429981E0,6.451648235E0
3.605401245E1,3.074777126E-1,4.628915310E0,7.865208149E0
3.607412402E1,4.462614357E-1,4.239483356E0,9.859027863E0
3.609423553E1,1.082752272E-1,4.359723091E0,1.146341515E1
3.611434709E1,-2.279163599E-1,4.934000492E0,1.103988552E1
3.613445865E1,-3.146561682E-1,5.428118229E0,1.007856941E1
3.615457022E1,-9.451649338E-2,5.341976643E0,1.010130119E1
3.617468178E1,-4.187439568E-3,4.998606682E0,1.086461163E1
3.619479334E1,1.513460279E-1,4.795216560E0,1.184566879E1
3.621490490E1,7.238288224E-2,5.039284706E0,1.123908806E1
3.623501646E1,-1.483550072E-1,5.314459324E0,1.010847950E1
3.625512803E1,-6.364908218E-1,5.034498692E0,9.932008743E0
3.627523954E1,-8.165507317E-1,3.826123476E0,1.201615715E1
3.629535110E1,-1.453639716E-1,2.611765862E0,1.382034492E1
3.631546266E1,7.860422134E-1,2.406581402E0,1.251386452E1
3.633557422E1,6.963114142E-1,3.423531055E0,8.644071579E0
3.635568579E1,2.991028363E-3,4.556532383E0,5.580062389E0
3.637579735E1,-5.479564071E-1,4.730610371E0,5.455635548E0
3.639590891E1,-7.537391186E-1,4.154538155E0,7.403991699E0
3.641602048E1,-7.740781307E-1,3.498306751E0,9.089137077E0
3.643613204E1,-4.277170599E-1,3.071786165E0,9.258428574E0
3.645624360E1,1.914258115E-2,2.934797049E0,8.522636414E0
3.647635516E1,6.574280262E-1,2.802593470E0,7.808976650E0
3.649646667E1,1.420140266E0,2.621337175E0,7.208378315E0
3.651657824E1,1.887338877E0,2.534597397E0,6.961319447E0
3.653668980E1,2.275574446E0,2.542972326E0,6.972685337E0
3.655680136E1,2.335394859E0,2.623729944E0,7.928617954E0
3.657691292E1,2.178664923E0,2.934198856E0,8.909076691E0
3.659702449E1,1.879562140E0,3.719044685E0,8.800203323E0
3.661713605E1,1.338186026E0,4.348955154E0,9.095118523E0
3.663724761E1,6.275177598E-1,4.500899315E0,1.007378292E1
3.665735917E1,-6.759724021E-2,4.715655327E0,9.573084831E0
3.667747074E1,-4.809573591E-1,5.041079044E0,8.337790489E0
3.669758230E1,-8.781659007E-1,5.002793789E0,9.142376900E0
3.671769381E1,-6.143572330E-1,4.325624943E0,1.171585751E1
3.673780537E1,3.708875179E-1,3.908675671E0,1.298166084E1
3.675791693E1,3.110669367E-2,4.441078663E0,1.176371479E1
3.677802850E1,-1.394417405E0,5.419743061E0,9.638289452E0
3.679814006E1,-2.542374134E0,5.506483078E0,9.153144836E0
3.681825162E1,-2.848057270E0,4.193421841E0,1.161176968E1
3.683836318E1,-1.626521230E0,2.796013355E0,1.398245907E1
3.685847475E1,8.135596663E-2,2.218146563E0,1.373898983E1
3.687858631E1,7.824530005E-1,2.749951363E0,1.043450165E1
3.689869787E1,1.172483116E-1,3.662813187E0,7.729415417E0
3.691880943E1,-1.196411371E0,3.972085476E0,7.737790108E0
3.693892094E1,-1.958525300E0,3.947559118E0,8.355138779E0
3.695903251E1,-1.586441398E0,3.606581926E0,8.750552177E0
3.697914407E1,-6.424728632E-1,3.250649452E0,8.225926399E0
3.699925563E1,1.692921966E-1,2.921636343E0,7.613363266E0
3.701936719E1,4.689932466E-1,2.696112871E0,7.147959232E0
3.703947876E1,7.776673883E-2,2.641676188E0,7.487142086E0
3.705959032E1,-1.752742529E-1,2.572882652E0,8.764909744E0
3.707970188E1,-1.950150430E-1,2.804388046E0,7.576872826E0
3.709981344E1,-3.134597540E-1,3.278167009E0,6.446862221E0
3.711992501E1,-2.428714931E-1,3.610171080E0,6.338587284E0
3.714003657E1,3.056831062E-1,3.662813187E0,6.695715904E0
3.716014813E1,2.829512656E-1,3.783052683E0,7.508677483E0
3.718025969E1,1.674975827E-2,3.808177233E0,8.036892891E0
3.720037120E1,-2.518445849E-1,3.872783422E0,7.812565804E0
3.722048277E1,-9.391828775E-1,4.434498787E0,7.533204079E0
3.724059433E1,-1.011565804E0,4.925625324E0,7.284350395E0
3.726070589E1,-6.269195080E-1,5.216353416E0,7.128218651E0
3.728081745E1,-5.467599630E-1,5.395814896E0,7.843074322E0
3.730092902E1,-6.029912829E-1,5.445466042E0,8.975478172E0
3.732104058E1,-3.164508045E-1,5.152345181E0,1.035434151E1
3.734115214E1,-8.973085321E-3,4.771288395E0,1.132881927E1
3.736126370E1,-5.270192027E-1,4.892724037E0,1.094776154E1
3.738137527E1,-1.596610904E0,5.399404526E0,1.049910736E1
3.740148683E1,-9.553344250E-1,5.273182869E0,1.016889763E1
3.742159839E1,-4.007977992E-2,5.057828903E0,1.030827999E1
3.744170995E1,-7.058826834E-2,4.954339504E0,1.113679504E1
3.746182146E1,1.716850251E-1,4.232305050E0,1.198744297E1
3.748193303E1,1.866401732E-1,3.474378586E0,1.238166046E1
3.750204459E1,-2.829512656E-1,3.669393539E0,7.771289825E0
3.752215615E1,-5.252245665E-1,3.633501291E0,8.696115494E0
3.754226772E1,5.132604837E-1,3.029313564E0,9.665806770E0
3.756237928E1,6.873382926E-1,3.145963669E0,9.868598938E0
3.758249084E1,2.805584669E-1,3.851846218E0,8.682954788E0
3.760260240E1,-2.488535494E-1,4.701896667E0,7.067201614E0
3.763339557E1,-9.445667267E-1,4.658825874E0,8.769695282E0
3.765350697E1,-2.488535643E0,4.824528694E0,1.114516926E1
3.767361838E1,-7.010970116E-1,4.695316315E0,1.099621677E1
3.769372978E1,1.872383654E-1,4.609772682E0,1.061815071E1
3.771384119E1,5.503492057E-2,4.896313190E0,1.006361389E1
3.773395265E1,-5.018945336E-1,5.335994720E0,9.171091080E0
3.775406406E1,-6.903293133E-1,5.478965759E0,8.843274117E0
3.777417546E1,-5.300102234E-1,5.273781300E0,9.647860527E0
3.779428687E1,-4.564309120E-1,4.886742115E0,1.058465099E1
3.781439827E1,-3.236292601E-1,4.153341770E0,1.082512951E1
3.783450973E1,-5.389832854E-1,3.829712629E0,1.091007519E1
3.785462114E1,-1.284945726E0,4.231108665E0,9.993025780E0
3.787473255E1,-2.259422779E0,5.028516769E0,8.915657043E0
3.789484395E1,-3.164507866E0,5.111667156E0,9.710672379E0
3.791495536E1,-2.626122952E0,3.101696253E0,1.477268887E1
3.793506682E1,-1.658226132E0,1.496112347E0,1.944048691E1
3.795517822E1,-1.280160069E0,1.192822099E0,1.840798378E1
3.797528963E1,-1.122832060E0,2.229512453E0,1.272024536E1
3.799540104E1,-8.141579032E-1,3.331407309E0,7.486543655E0
3.801551249E1,-4.265206456E-1,3.862015724E0,5.329414368E0
3.803562390E1,-4.522434771E-1,3.610171080E0,6.111268997E0
3.805573531E1,-7.459624410E-1,3.157927752E0,7.561917782E0
3.807584671E1,-9.990034699E-1,2.678166628E0,8.431708336E0
3.809595812E1,-1.171286702E0,2.486142635E0,7.847859859E0
3.811606952E1,-1.621735573E0,2.804986238E0,6.059225082E0
3.813618093E1,-1.776072621E0,3.096910715E0,4.354937077E0
3.815629239E1,-1.048654556E0,2.845664263E0,5.039284706E0
3.817640380E1,-7.178468257E-2,2.002792597E0,7.959724426E0
3.819651520E1,3.074777126E-1,1.625923038E0,9.930213928E0
3.821662661E1,6.759724021E-2,2.076371908E0,8.768498421E0
3.823673801E1,-2.644068897E-1,2.963510752E0,6.740581512E0
3.825684942E1,-3.218346536E-1,3.365504980E0,6.838088989E0
3.827696088E1,-2.237289101E-1,3.163311481E0,8.889934540E0
3.829707229E1,-7.962117195E-1,3.520440340E0,1.050927734E1
3.831718369E1,-1.936391711E0,4.515256405E0,1.058166027E1
3.833729510E1,-2.041077614E0,5.115854740E0,1.134796143E1
3.835740650E1,-3.314059377E-1,4.153940201E0,1.277169132E1
3.837751791E1,1.021735311E0,2.800798893E0,1.409970760E1
3.839762937E1,5.766702294E-1,2.779263496E0,1.392383480E1
3.841774077E1,-1.404586911E0,3.816552162E0,1.200479126E1
3.843785218E1,-1.046859860E0,4.089931965E0,1.006899738E1
3.845796359E1,8.225327730E-1,3.438486099E0,9.260822296E0
3.847807499E1,1.214955688E0,2.371885538E0,1.076590729E1
3.849818640E1,5.497509837E-1,1.545763373E0,1.247498131E1
3.851829781E1,-1.944168359E-1,1.405783296E0,1.270409393E1
3.853840921E1,3.708875179E-2,1.524826288E0,1.085264683E1
3.855852067E1,7.028916478E-1,1.657627940E0,8.496315002E0
3.857863208E1,5.904290080E-1,1.825125456E0,7.220940590E0
3.859874348E1,2.584248483E-1,2.177468538E0,7.079763889E0
3.861885489E1,-6.460621208E-2,2.444268227E0,7.275377274E0
3.863896630E1,-3.451646566E-1,2.679363251E0,6.436094761E0
3.865907770E1,-9.104689956E-1,3.019742250E0,5.168497086E0
3.867918911E1,-1.391426325E0,3.034697294E0,6.117849350E0
3.869930051E1,-5.928218365E-1,2.511865616E0,7.801798344E0
3.871941192E1,3.553341627E-1,1.877767563E0,8.968298912E0
3.873952338E1,9.056833982E-1,1.728814363E0,9.288339615E0
3.875963478E1,8.751748800E-1,2.115853310E0,8.187641144E0
3.877974619E1,8.943174481E-1,2.536391973E0,6.431907177E0
3.879985760E1,7.076773047E-1,3.002992392E0,5.799005508E0
3.881996900E1,8.494520187E-1,3.047259569E0,7.582256794E0
3.884008041E1,1.266401410E0,3.015554667E0,9.251250267E0
3.886019182E1,1.461416483E0,3.206980467E0,9.582656860E0
3.888030322E1,1.197009563E0,3.732803345E0,8.825926781E0
3.890041463E1,1.095314622E0,4.313661098E0,8.703293800E0
3.892052604E1,1.512263894E0,4.537389755E0,8.639286041E0
3.894063744E1,1.597807288E0,4.511667252E0,9.324830055E0
3.896074885E1,1.433300734E0,4.302295208E0,1.071206856E1
3.898086025E1,8.315058947E-1,4.089334011E0,1.246959686E1
3.900097171E1,1.722832322E-1,4.140181541E0,1.329631710E1
3.902108312E1,3.020938635E-1,3.975674868E0,1.250309658E1
3.904119452E1,1.322034448E-1,3.955934048E0,1.249532032E1
3.906130593E1,-7.112665176E-1,4.074378967E0,1.259103298E1
3.908141734E1,-1.004985452E0,3.870390654E0,1.240738392E1
3.910152874E1,-5.473581553E-1,3.199203968E0,1.247737408E1
3.912164015E1,-2.153540403E-2,2.323430777E0,1.329990673E1
3.914175156E1,-2.632104978E-2,2.056032896E0,1.309950733E1
3.916186296E1,7.118647546E-2,2.063809633E0,1.163809109E1
3.918197437E1,1.094716340E-1,2.469991207E0,9.665806770E0
3.920208577E1,1.525424421E-1,3.000001431E0,7.724031448E0
3.922219718E1,-1.776670814E-1,3.400201082E0,6.839285374E0
3.924230859E1,-2.769692242E-1,3.479164124E0,7.057032108E0
3.926241999E1,4.534398913E-1,2.961716175E0,8.091927528E0
3.928253140E1,1.204187989E0,2.343171597E0,8.875576973E0
3.930264281E1,1.593021631E0,2.062613010E0,8.134998322E0
3.932275421E1,1.089332461E0,2.085943222E0,7.395018578E0
3.934286562E1,6.520441920E-2,2.025524378E0,7.799405575E0
3.936297702E1,1.998006850E-1,1.460219979E0,8.395217896E0
3.938308843E1,5.844469070E-1,1.048056364E0,8.235497475E0
3.940319984E1,5.234299302E-1,1.138983607E0,7.286144733E0
3.942331124E1,2.667997181E-1,1.509871125E0,6.145965099E0
3.944342270E1,-1.621137410E-1,1.815554142E0,6.379863262E0
3.946353411E1,-5.090730190E-1,1.899302959E0,7.610372543E0
3.948364546E1,-5.324030519E-1,1.974078655E0,8.379665375E0
3.950375687E1,-9.349954724E-1,2.271386862E0,8.380861282E0
3.952386827E1,-1.898106575E0,3.141177893E0,7.370491982E0
3.954397968E1,-2.656033039E0,3.814159393E0,7.201199532E0
3.956409114E1,-2.546561480E0,4.037888050E0,8.145168304E0
3.958420255E1,-1.847259045E0,3.927220106E0,9.093922615E0
3.960431390E1,-1.634297848E0,4.132404804E0,9.647262573E0
3.962442531E1,-1.670788407E0,4.614558697E0,9.514460564E0
3.964453671E1,-1.984248161E0,5.115854740E0,9.101698875E0
3.966464817E1,-2.097907305E0,5.082355499E0,1.020658493E1
3.968475952E1,-2.110469580E0,4.329214573E0,1.256530952E1
3.970487093E1,-2.675175667E0,4.038486481E0,1.436471272E1
3.972498234E1,-3.045464993E0,4.613960266E0,1.293859005E1
3.974509374E1,-2.827718258E0,5.109872818E0,1.065763187E1
3.976520515E1,-6.490531564E-1,4.418346882E0,9.209376335E0
3.978531656E1,1.076171994E0,3.402593851E0,9.078369141E0
3.980542796E1,1.338784218E0,2.555534601E0,1.243848991E1
3.982553937E1,1.453639746E0,1.962712765E0,1.466979790E1
3.984565077E1,9.930213690E-1,1.760519266E0,1.391845131E1
3.986576218E1,-2.291127741E-1,2.055434704E0,1.196710396E1
3.988587359E1,-1.166501045E0,2.434697151E0,1.038843918E1
3.990598499E1,-6.508477330E-1,2.553141832E0,8.809176445E0
3.992609640E1,3.966103494E-1,2.572284460E0,7.644470215E0
3.994620781E1,4.007977992E-2,2.691925526E0,7.901100159E0
3.996631921E1,-5.455635786E-1,2.584846735E0,8.599205971E0
3.998643062E1,-3.786641955E-1,2.335394859E0,8.421539307E0
4.000654202E1,-3.948157281E-2,2.129612207E0,8.025527000E0
4.002665343E1,3.230310678E-1,2.070987940E0,7.537391186E0
4.004676484E1,5.306084156E-1,1.984248161E0,7.220342159E0
4.006687624E1,3.984049559E-1,2.198405743E0,6.936194420E0
4.008698765E1,-2.829512656E-1,2.319841623E0,7.389036179E0
4.010709906E1,-9.613165259E-1,2.136790514E0,8.357531548E0
4.012721046E1,-1.636092424E0,2.067398787E0,9.083154678E0
4.014732187E1,-1.886142492E0,2.382055044E0,8.429914474E0
4.016743322E1,-1.372283816E0,2.995813847E0,6.991229534E0
4.018754463E1,-1.627119422E0,4.101896286E0,6.483353138E0
4.020765604E1,-1.220339537E0,4.673182487E0,6.436692715E0
4.022776744E1,2.392822644E-3,4.093521118E0,8.265407562E0
4.024787885E1,9.948160052E-1,3.338585854E0,1.071206856E1
4.026799025E1,9.260223508E-1,3.203391314E0,1.217348480E1
4.028810166E1,-9.272187948E-2,3.577269793E0,1.211665535E1
4.030821307E1,-1.112064362E0,4.090530396E0,1.277827072E1
4.032832447E1,-7.345965505E-1,3.576073408E0,1.371326637E1
4.034843588E1,-5.748756528E-1,3.290131092E0,1.274118233E1
4.036854729E1,-8.679963946E-1,3.291925669E0,1.108953667E1
4.038865869E1,-1.427318692E0,3.293122053E0,1.090050316E1
4.040877005E1,-1.387837172E0,3.134597778E0,1.067617607E1
4.042888145E1,-7.884350419E-1,3.117249727E0,9.281160355E0
4.044899286E1,-1.369891018E-1,3.033500910E0,8.390432358E0
4.046910426E1,-2.775674164E-1,2.906681299E0,8.778668404E0
4.048921567E1,-1.252642632E0,2.957528830E0,9.242277145E0
4.050932708E1,-1.879562140E0,2.941377163E0,9.750154495E0
4.052943848E1,-1.488933921E0,2.665006161E0,9.845867157E0
4.054954989E1,-7.280163169E-1,2.630310297E0,8.973084450E0
4.056966130E1,-6.669993401E-1,2.685345173E0,8.754739761E0
4.058977270E1,-9.924231768E-1,2.743371248E0,8.371290207E0
4.060988411E1,-1.179063320E0,2.756531715E0,7.497311592E0
4.062999546E1,-9.355936646E-1,2.734996319E0,6.847062111E0
4.065010687E1,-5.431707501E-1,2.692523718E0,7.091728210E0
4.067021827E1,-4.725824594E-1,2.993421078E0,6.891927242E0
4.069032968E1,-6.041877270E-1,3.230310678E0,6.972086906E0
4.071044109E1,-9.601200819E-1,3.365504980E0,7.685746193E0
4.073055249E1,-1.186840057E0,3.336193085E0,8.958129883E0
4.075066390E1,-1.113260746E0,3.422932863E0,9.330811501E0
4.077077525E1,-8.775677085E-1,3.951746702E0,8.291130066E0
4.079088666E1,-6.729813814E-1,4.291527271E0,7.822137356E0
4.081099807E1,-8.213363886E-1,4.473381996E0,8.560921669E0
4.083110947E1,-8.685946465E-1,4.332803726E0,1.024128056E1
4.085122088E1,-5.389832854E-1,4.001996040E0,1.192343521E1
4.087133229E1,-5.461617708E-1,3.942773581E0,1.234875965E1
4.089144369E1,-1.128215909E0,4.298706055E0,1.175115204E1
4.091155505E1,-1.152742267E0,4.744369030E0,1.150289631E1
4.093166645E1,-1.429711580E-1,4.774877548E0,1.175055408E1
4.095177786E1,4.731806815E-1,4.165904045E0,1.322991657E1
4.097188926E1,-7.088736892E-1,3.760320902E0,1.468594933E1
4.099200067E1,-2.223530531E0,3.625724554E0,1.429173183E1
4.101211208E1,-2.576471806E0,3.856033802E0,1.231167030E1
4.103222348E1,-1.844268084E0,3.821337700E0,9.851250648E0
4.105233484E1,1.453639716E-1,3.278167009E0,7.631309509E0
4.107244624E1,1.450050473E0,3.025125980E0,5.364708424E0
4.109255765E1,1.168893814E0,2.702693224E0,6.233303070E0
4.111266906E1,1.914258115E-2,2.243271112E0,8.839086533E0
4.113278046E1,-9.284151793E-1,2.175673962E0,9.732806206E0
4.115289187E1,-1.335195065E0,2.532802820E0,8.206185341E0
4.117300322E1,-1.056431174E0,2.935395241E0,6.631708145E0
4.119311463E1,-7.477570772E-1,3.031706333E0,6.116054535E0
4.121322604E1,-2.386840582E-1,3.102294445E0,5.908477306E0
4.123333744E1,-1.208375469E-1,3.263810158E0,5.849853039E0
4.125344885E1,-7.298108935E-2,3.448655605E0,6.103492260E0
4.127356025E1,5.084748194E-2,3.416950703E0,7.120441914E0
4.129367161E1,-1.304088384E-1,3.527618885E0,7.832306862E0
4.131378301E1,-1.387837082E-1,3.641875982E0,8.377870560E0
4.133389442E1,3.499503136E-1,3.871587038E0,8.324629784E0
4.135400583E1,9.463613629E-1,4.099503517E0,8.155337334E0
4.137411723E1,1.466800332E0,4.222733974E0,7.870592117E0
4.139422864E1,9.547362328E-1,4.172484398E0,8.662017822E0
4.141433999E1,-2.829512656E-1,4.390231133E0,9.722636223E0
4.143445140E1,-1.125224829E0,4.566103935E0,1.007139015E1
4.145456281E1,-8.781659007E-1,4.661816597E0,1.095493984E1
4.147467421E1,6.460621208E-2,4.084548473E0,1.152742290E1
4.149478562E1,3.355933726E-1,3.887738705E0,1.118883896E1
4.151489697E1,-2.602194548E-1,3.982853174E0,1.000080204E1
4.153500838E1,-1.235294700E0,4.036093712E0,9.793823242E0
4.155511978E1,-1.436890006E0,3.887140274E0,9.379266739E0
4.157523119E1,-1.119242787E0,3.656831264E0,9.219545364E0
4.159534260E1,-6.729813814E-1,3.410968781E0,8.660821915E0
4.161545395E1,-1.246660590E0,3.217748165E0,9.703494072E0
4.163556536E1,-1.776072621E0,2.849253654E0,1.111705399E1
4.165567676E1,-1.947757602E0,2.757728100E0,1.094178009E1
4.167578817E1,-1.907079697E0,2.989233732E0,1.006780148E1
4.169589958E1,-1.296311617E0,3.068794966E0,9.407979965E0
4.171601093E1,-7.322037220E-1,3.176471949E0,8.379665375E0
4.173612234E1,-5.282155871E-1,3.017349243E0,8.424530029E0
4.175623374E1,-9.481559992E-1,2.654238462E0,1.030169964E1
4.177634515E1,-9.080761671E-1,2.280359983E0,1.143111229E1
4.179645656E1,-8.554341197E-1,2.499901533E0,9.900901794E0
4.181656791E1,-1.182054400E0,3.129812002E0,7.688737392E0
4.183667932E1,-1.561915040E0,3.698107481E0,6.537789822E0
4.185679072E1,-1.524826288E0,4.097708702E0,5.820540905E0
4.187690213E1,-1.349551916E0,4.237090588E0,6.553342819E0
4.189701354E1,-8.123632669E-1,3.997210264E0,8.367102623E0
4.191712489E1,-2.368894368E-1,3.817150354E0,9.581459999E0
4.193723630E1,1.196411322E-3,4.013361931E0,9.489336014E0
4.195734770E1,-5.144568533E-2,4.459024906E0,9.085547447E0
4.197745911E1,-3.254238665E-1,4.835894585E0,8.925228119E0
4.199757046E1,-3.643072546E-1,4.820939541E0,9.365508080E0
4.201768187E1,-2.117647976E-1,4.368097782E0,1.085623646E1
4.203779327E1,-5.503492057E-2,4.058227062E0,1.230209923E1
4.205790468E1,2.991028363E-3,4.155734539E0,1.194257736E1
4.207801604E1,6.699903309E-2,4.289134502E0,1.069890785E1
4.209812744E1,-1.980060786E-1,4.119842529E0,1.083709335E1
4.211823885E1,-3.696911037E-1,3.421736479E0,1.267298698E1
4.213835025E1,3.744767308E-1,2.700300455E0,1.347577858E1
4.215846166E1,8.895317912E-1,2.788834810E0,1.138624668E1
4.217857301E1,9.726824164E-1,3.409173965E0,8.368897438E0
4.219868442E1,1.028913736E0,3.539582968E0,7.576872826E0
4.221879583E1,6.687939167E-1,3.380460262E0,8.160721779E0
4.223890723E1,5.132604837E-1,3.256033421E0,8.389236450E0
4.225901859E1,4.917250574E-1,3.311068296E0,7.573283672E0
4.227912999E1,8.135596663E-2,3.454039574E0,7.208378315E0
4.229924140E1,-3.798605800E-1,3.391826153E0,7.912466049E0
4.231935281E1,-3.565305769E-1,3.292523861E0,8.609973907E0
4.233946416E1,2.422732860E-1,3.356531858E0,7.898109436E0
4.235957557E1,9.409775138E-1,3.337389469E0,6.789036274E0
4.237968697E1,1.405783296E0,3.058027267E0,6.267400742E0
4.239979838E1,1.420738459E0,2.720041037E0,6.680760860E0
4.241990973E1,9.493523836E-1,2.663809776E0,7.524828911E0
4.244002114E1,3.559323549E-1,2.938386202E0,7.369295597E0
4.246013255E1,2.392822653E-1,3.320639610E0,6.591030121E0
4.248024395E1,3.918247223E-1,3.848257065E0,6.373881340E0
4.250035536E1,7.010970116E-1,4.045066833E0,6.900900364E0
4.252046671E1,6.831508875E-1,3.944568157E0,8.714659691E0
4.254057812E1,5.790630579E-1,3.702294827E0,1.061934662E1
4.256068952E1,-5.982056633E-2,4.083950043E0,1.065822983E1
4.258080088E1,-9.571290612E-1,4.978267670E0,9.208778381E0
4.260091229E1,-1.679163337E0,5.620141983E0,9.211171150E0
4.262102369E1,-1.719841242E0,5.349154949E0,1.133300591E1
4.264113510E1,-1.314257860E0,4.924428940E0,1.280100250E1
4.266124645E1,-7.932206988E-1,4.852644444E0,1.188993549E1
4.268135786E1,-4.839483798E-1,5.044070244E0,1.102313614E1
4.270146926E1,-5.874379873E-1,4.942973614E0,1.108534908E1
4.272158067E1,-8.638089895E-1,4.451248169E0,1.228953743E1
4.274169202E1,-1.487737536E0,3.681357622E0,1.450648689E1
4.276180343E1,-1.797009826E0,2.943770170E0,1.634477234E1
4.278191484E1,-1.220339537E0,2.600998163E0,1.458784294E1
4.280202624E1,2.297109663E-1,2.791825771E0,1.067079258E1
4.282213760E1,1.152742267E0,3.202793121E0,6.894320011E0
4.284224900E1,8.673982024E-1,3.468396425E0,5.941977024E0
4.286236041E1,1.339980662E-1,3.262613773E0,7.515855789E0
4.288247182E1,-6.442674994E-1,3.149552822E0,8.702097893E0
4.290258317E1,-1.194616675E0,3.284747362E0,8.462815285E0
4.292269458E1,-1.457229018E0,3.399004459E0,7.852047443E0
4.294280598E1,-7.022934556E-1,3.256631613E0,7.462615490E0
4.296291739E1,1.286142170E-1,3.129812002E0,7.634898663E0
4.298302874E1,5.575276613E-1,2.950948477E0,8.334200859E0
4.300314015E1,5.623133183E-1,2.813959360E0,8.733802795E0
4.302325156E1,4.426721856E-2,2.898904562E0,8.108677864E0
4.304336296E1,-5.838487148E-1,2.764308453E0,8.176275253E0
4.306347432E1,-8.171489239E-1,2.539382935E0,8.544769287E0
4.308358572E1,-6.514459848E-1,2.330011129E0,8.765507698E0
4.310369713E1,-4.444667995E-1,2.537588358E0,8.020741463E0
4.312380854E1,-4.169493318E-1,3.113660574E0,6.498906136E0
4.314391989E1,-5.497509837E-1,3.500699520E0,5.577071190E0
4.316403130E1,-7.543373108E-1,3.725026608E0,5.658427238E0
4.318414270E1,-7.794619799E-1,3.599403381E0,6.734599113E0
4.320425406E1,-7.495517135E-1,3.640081406E0,8.008777618E0
4.322436546E1,-1.277767301E0,4.316053867E0,8.029116631E0
4.324447687E1,-1.362712502E0,4.979464054E0,7.490133286E0
4.326458827E1,-5.623133183E-1,5.160720348E0,7.122834682E0
4.328469963E1,-2.632104978E-2,5.225924492E0,7.910073280E0
4.330481104E1,-4.833501875E-1,5.288137913E0,1.006660461E1
4.332492244E1,-1.366899967E0,5.571687698E0,1.160459137E1
4.334503385E1,-1.802991867E0,5.796612740E0,1.187198925E1
4.336514520E1,-1.298704505E0,5.612365723E0,1.213220882E1
4.338525661E1,-4.307080805E-1,5.231906891E0,1.225543976E1
4.340536801E1,-8.195417374E-2,5.093721390E0,1.178465176E1
4.342547942E1,-2.015953064E-1,4.486542225E0,1.153280735E1
4.344559077E1,-4.013960063E-1,3.909872293E0,1.118584728E1
4.346570218E1,2.871387079E-2,3.390031576E0,1.082572746E1
4.348581359E1,3.589234054E-1,2.752942562E0,1.108594704E1
4.350592499E1,-4.157529473E-1,2.640479803E0,1.172124195E1
4.352603635E1,-1.071386337E0,2.270190477E0,1.160339546E1
4.354614775E1,-4.133601189E-1,2.096112728E0,1.050748253E1
4.356625916E1,7.292127013E-1,2.581855536E0,7.512266636E0
4.358637051E1,1.258026481E0,3.037688255E0,5.431109428E0
4.360648192E1,2.344966233E-1,2.996412039E0,6.342774391E0
4.362659333E1,-4.163511395E-1,2.623729944E0,8.304888725E0
4.364670473E1,1.968096644E-1,2.135594130E0,1.028016472E1
4.366681609E1,3.224328458E-1,2.256431818E0,1.076112175E1
4.368692749E1,-7.226324677E-1,3.062214851E0,9.814162254E0
4.370703890E1,-1.420738459E0,3.647259951E0,8.222934723E0
4.372715031E1,-1.944168359E-1,3.241078377E0,7.251449108E0
4.374726166E1,9.816554785E-1,2.817548752E0,7.310671329E0
4.376737307E1,8.285148144E-1,3.241676569E0,7.361518860E0
4.378748447E1,3.475574851E-1,3.661018610E0,6.999006271E0
4.380759588E1,-4.899304509E-1,4.326223373E0,6.696314335E0
4.382770723E1,7.710871100E-1,3.638286829E0,7.371089935E0
4.384781864E1,1.737189293E0,3.531806231E0,8.266604424E0
4.386793005E1,5.623133108E-2,4.506881237E0,8.792427063E0
4.388804145E1,-2.060220242E0,5.391029358E0,1.030169964E1
4.390815281E1,-1.520040631E0,4.719244480E0,1.186780167E1
4.392826421E1,-5.706881881E-1,4.129413605E0,1.270289707E1
4.394837562E1,-3.038884699E-1,4.490729809E0,1.272562885E1
4.396848697E1,-6.598208547E-1,5.157729149E0,1.114337540E1
4.398859838E1,-1.409970760E0,5.638686657E0,9.795019150E0
4.400870979E1,-2.118246317E0,5.467599869E0,9.480362892E0
4.402882119E1,-2.616551638E0,4.673182487E0,1.069890785E1
4.404893255E1,-2.282752752E0,3.734597921E0,1.217946720E1
4.406904395E1,-1.669592023E0,3.262015581E0,1.192044449E1
4.408915536E1,-9.966106415E-1,3.305086374E0,9.524630547E0
4.410926676E1,-5.886343718E-1,3.669393539E0,6.690930367E0
4.412937812E1,-1.243669510E0,3.984647989E0,6.147161484E0
4.414948952E1,-2.010569334E0,3.749552965E0,7.591827869E0
4.416960093E1,-2.033899307E0,3.266202927E0,8.682356834E0
4.418971234E1,-1.330409408E0,2.882154942E0,8.983254433E0
4.420982369E1,-7.621139884E-1,2.819941521E0,8.609973907E0
4.422993510E1,-3.272185028E-1,2.947359324E0,7.652844906E0
4.425004650E1,-5.982056633E-2,3.027518749E0,6.870990276E0
4.427015791E1,-5.066801906E-1,3.359523058E0,6.430710793E0
4.429026926E1,-1.189232826E0,3.833301783E0,6.440282345E0
4.431038067E1,-1.186241865E0,4.053441525E0,6.500102520E0
4.433049208E1,-7.716853023E-1,4.088137627E0,6.835696220E0
4.435060343E1,-7.926225066E-1,4.399204254E0,7.148557663E0
4.437071484E1,-9.762716293E-1,4.868197441E0,6.728019238E0
4.439082624E1,-5.976074338E-1,4.978267670E0,6.991229534E0
4.441093765E1,-2.470589429E-1,4.867599487E0,7.938787460E0
4.443104900E1,-3.523431420E-1,4.776672363E0,9.368498802E0
4.445116041E1,-7.022934556E-1,4.798207760E0,1.045184898E1
4.447127182E1,-9.517452121E-1,4.920839787E0,1.083649540E1
4.449138322E1,-1.157527924E0,5.062016487E0,1.072403336E1
4.451149458E1,-1.183250785E0,5.262415409E0,1.035015392E1
4.453160598E1,-6.843472719E-1,5.297709465E0,1.033101177E1
4.455171739E1,-4.187439755E-2,5.267200947E0,1.020658493E1
4.457182880E1,-1.585244983E-1,5.234897614E0,1.061097240E1
4.459194015E1,-1.351944804E0,5.164907455E0,1.106859970E1
4.461205156E1,-1.826321840E0,4.670191765E0,1.032981491E1
4.463216296E1,-1.733600020E0,3.993022680E0,9.881759644E0
4.465227437E1,-1.231107235E0,3.580260992E0,1.020239735E1
4.467238577E1,-2.225325108E-1,3.307479143E0,1.048833942E1
4.469249713E1,1.914258152E-1,3.601198196E0,9.393025398E0
4.471260854E1,1.842473447E-1,4.091726780E0,7.776075363E0
4.473271994E1,-3.678964674E-1,4.289732933E0,7.447062492E0
4.475283135E1,-1.256231904E0,4.216153622E0,8.600402832E0
4.477294270E1,-1.359721422E0,3.885345697E0,9.754341125E0
4.479305411E1,-1.012762189E0,3.729214191E0,9.803992271E0
4.481316551E1,-6.041877270E-1,3.643670797E0,9.104091644E0
4.483327692E1,-1.752742529E-1,3.603590965E0,8.049455643E0
4.485338827E1,-7.058826834E-2,3.637688637E0,7.480561733E0
4.487349968E1,-4.701896608E-1,3.813561201E0,7.716254711E0
4.489361109E1,-7.806583643E-1,3.780659676E0,8.304290771E0
4.491372249E1,-1.032503009E0,3.899104595E0,8.354539871E0
4.493383385E1,-6.903293133E-1,4.116253376E0,7.856832981E0
4.495394525E1,9.332008660E-2,4.158127785E0,7.677969456E0
4.497405666E1,6.460621357E-1,4.256233215E0,7.392027378E0
4.499416807E1,1.519442350E-1,4.608576298E0,7.473981380E0
4.501427942E1,-7.932206988E-1,4.800002098E0,8.640482903E0
4.503439083E1,-1.071386337E0,4.970490932E0,8.593822479E0
4.505450223E1,-7.172485590E-1,4.842474937E0,8.517251968E0
4.507461364E1,-5.126622319E-1,4.633102894E0,9.343374252E0
4.509472499E1,-5.503492355E-1,4.736592293E0,1.034955597E1
4.511483640E1,-8.416753411E-1,4.616951466E0,1.079282665E1
4.513494781E1,-8.231309652E-1,4.470989227E0,1.069352436E1
4.515505921E1,-5.688936114E-1,4.252045631E0,1.009830952E1
4.517517062E1,-5.569294691E-1,3.907479286E0,1.046560764E1
4.519528197E1,-7.968099117E-1,3.699303865E0,1.114696407E1
4.521539338E1,-1.239482164E0,3.645465374E0,1.166860008E1
4.523550478E1,-1.330409408E0,3.760320902E0,1.101535892E1
4.525561619E1,-5.952146053E-1,3.884149313E0,9.419944763E0
4.527572754E1,-3.302095234E-1,4.030111313E0,8.199604988E0
4.529583895E1,-1.210768223E0,4.367499352E0,7.991429329E0
4.531595036E1,-1.966302037E0,4.568496704E0,7.919046402E0
4.533606176E1,-2.242672920E0,4.508676052E0,7.695915699E0
4.535617312E1,-1.926222205E0,4.180859566E0,7.993822098E0
4.537628452E1,-9.074779749E-1,3.623929977E0,8.501100540E0
4.539639593E1,-2.578266263E-1,3.559921980E0,7.847261906E0
4.541650734E1,1.381855011E-1,3.649652719E0,7.043273449E0
4.543661874E1,1.585244983E-1,3.775874138E0,6.704091072E0
4.545673010E1,6.759724021E-2,3.850051641E0,7.088139057E0
4.547684150E1,-2.261217386E-1,4.072584152E0,8.128418922E0
4.549695291E1,-2.847459018E-1,4.168895245E0,9.748957634E0
4.551706432E1,4.713860750E-1,3.985844374E0,9.796216011E0
4.553717567E1,7.782655358E-1,4.147958279E0,8.212765694E0
4.555728708E1,2.303091735E-1,4.667200565E0,7.177271366E0
4.557739848E1,-7.016952634E-1,5.158327579E0,7.485347271E0
4.559750989E1,-4.522434771E-1,4.951348305E0,8.807381630E0
4.561762130E1,4.378865361E-1,4.608576298E0,9.742975235E0
4.563773265E1,4.055834413E-1,4.724628448E0,1.000379372E1
4.565784406E1,-8.494520187E-2,5.217549801E0,1.015573788E1
4.567795546E1,1.627119333E-1,5.464608669E0,9.392427444E0
4.569806687E1,7.567301393E-1,5.572285652E0,8.075776100E0
4.571817827E1,6.484549642E-1,5.373681545E0,8.386244774E0
4.573828963E1,-7.058826834E-2,4.834698200E0,1.050568771E1
4.575840104E1,-5.718846321E-1,4.024129391E0,1.260838032E1
4.577851244E1,-3.320041299E-1,3.341576815E0,1.376531029E1
4.579862385E1,5.533402562E-1,3.378665686E0,1.181934738E1
4.581873525E1,1.057627559E0,3.748356581E0,8.927620888E0
4.583884661E1,5.946164131E-1,4.104887009E0,7.557132244E0
4.585895801E1,-1.561316848E-1,3.976871252E0,8.636893272E0
4.587906942E1,-2.099701911E-1,3.854837179E0,8.903095245E0
4.589918083E1,1.710868180E-1,3.792025566E0,8.291728973E0
4.591929218E1,1.316052526E-1,3.878765583E0,7.585247993E0
4.593940359E1,-1.441675574E-1,3.881158352E0,7.403393269E0
4.595951499E1,5.862415582E-2,3.460021496E0,7.948358536E0
4.597962640E1,1.734796464E-1,3.128017426E0,8.526225090E0
4.599973781E1,2.596212626E-1,3.050848961E0,8.160721779E0
4.601984916E1,1.722832322E-1,3.252444267E0,7.356134892E0
4.603996057E1,6.652047038E-1,3.394218922E0,5.912066460E0
4.606007197E1,3.708875179E-2,4.267599106E0,5.236093998E0
4.608018338E1,-2.063809484E-1,4.427918434E0,6.854240417E0
4.610029478E1,-4.031906128E-1,4.133002758E0,9.028717995E0
4.612040614E1,-5.670989752E-1,4.284348965E0,9.611968994E0
4.614051755E1,-7.094719410E-1,4.556532383E0,9.317651749E0
4.616062895E1,-5.778666735E-1,5.002793789E0,8.687741280E0
4.618074036E1,-3.649054468E-1,5.297709465E0,8.616554260E0
4.620085176E1,2.117647976E-1,5.306084156E0,8.889336586E0
4.622096312E1,8.560323119E-1,4.840082169E0,9.455238342E0
4.624107452E1,7.716853023E-1,4.543970108E0,1.085803127E1
4.626118593E1,2.225325108E-1,4.669593334E0,1.149212933E1
4.628129734E1,-2.470589429E-1,4.922036171E0,1.122592735E1
4.630140874E1,-1.506880045E0,5.497509956E0,1.003310490E1
4.632152010E1,-2.163709879E0,5.583651543E0,9.539586067E0
4.634163150E1,-1.472782373E0,4.711467743E0,1.039501953E1
4.636174291E1,-2.303091735E-1,3.450450182E0,1.182891846E1
4.638185432E1,4.402793646E-1,2.559721947E0,1.281177044E1
4.640196572E1,-4.462614357E-1,2.958127022E0,1.141017437E1
4.642207713E1,-1.605584025E0,3.878167391E0,8.684151649E0
4.644218848E1,-1.840678811E0,4.657629490E0,6.160321712E0
4.646229989E1,-1.205982566E0,4.702494621E0,5.651248932E0
4.648241130E1,-2.100898266E0,4.823332310E0,7.354938507E0
4.650252270E1,-3.346960783E0,5.078167915E0,8.571090698E0
4.652263411E1,-2.120639086E0,4.506881237E0,8.849256516E0
4.654274546E1,3.206382394E-1,3.541975737E0,9.001798630E0
4.656285687E1,1.689931035E0,3.057429075E0,9.628120422E0
4.658296827E1,1.382453322E0,3.214757204E0,9.493523598E0
4.660307968E1,-3.828516230E-2,3.920639992E0,8.090731621E0
4.662319109E1,-9.936196208E-1,4.177868366E0,7.381857872E0
4.664330244E1,-1.092323542E0,4.025325775E0,7.334001541E0
4.666341385E1,-8.650053740E-1,3.743571043E0,7.798209190E0
4.668352525E1,-6.993024349E-1,3.759722471E0,7.668398380E0
4.670363666E1,-4.127618968E-1,3.920639992E0,6.719644070E0
4.672374807E1,-2.679961324E-1,4.089334011E0,6.280561447E0
4.674385947E1,1.794616925E-3,4.107280254E0,6.513263226E0
4.676397083E1,3.553341627E-1,4.124628067E0,7.030711174E0
4.678408223E1,6.101697683E-1,4.319643021E0,7.124031067E0
4.680419364E1,3.954139352E-1,4.594219685E0,7.552346706E0
4.682430504E1,-6.281159073E-2,4.893322468E0,8.122436523E0
4.684441645E1,-5.934200287E-1,5.015356064E0,9.400801659E0
4.686452786E1,-1.153340459E0,5.129015446E0,1.044167995E1
4.688463921E1,-1.137787223E0,5.153541565E0,1.058824062E1
4.690475062E1,-6.394818425E-1,5.084748268E0,1.044526863E1
4.692486202E1,-3.768695518E-2,5.355735302E0,9.988240242E0
4.694497343E1,3.104687333E-1,5.724828243E0,8.962915421E0
4.696508484E1,2.009970993E-1,5.717649937E0,8.840283394E0
4.698519624E1,-7.609176040E-1,4.582853794E0,1.197188950E1
4.700530760E1,-1.357328653E0,3.245265722E0,1.540379620E1
4.702541900E1,-7.016952634E-1,2.621935368E0,1.564247990E1
4.704553041E1,-7.298108935E-2,3.211168051E0,1.127139091E1
4.706564182E1,3.858426511E-1,3.886542082E0,7.112067223E0
4.708575322E1,1.836491376E-1,4.261617184E0,5.743970871E0
4.710586463E1,9.810572863E-2,4.036093712E0,7.190432072E0
4.712597604E1,2.823530734E-1,3.502494097E0,8.848059654E0
4.714608739E1,6.777670383E-1,3.135195971E0,9.102895737E0
4.716619880E1,1.627119333E-1,3.435495138E0,8.023134232E0
4.718631020E1,-7.525427341E-1,3.837489367E0,7.450651646E0
4.720642161E1,-1.208973646E0,3.820739508E0,7.734799385E0
4.722653301E1,-8.452646136E-1,3.206980467E0,8.349754333E0
4.724664442E1,-4.468596280E-1,2.730210543E0,8.414361000E0
4.726675577E1,-3.996013701E-1,2.831905603E0,7.174280643E0
4.728686718E1,-2.991028428E-1,2.950948477E0,6.869793892E0
4.730697859E1,-5.742774159E-2,3.065804005E0,7.265805721E0
4.732708999E1,1.033699393E0,2.884547710E0,8.352746010E0
4.734720140E1,1.643869162E0,2.956930637E0,8.600402832E0
4.736731281E1,1.633101463E0,3.544368505E0,8.455039024E0
4.738742421E1,1.266401410E0,4.192225456E0,8.355138779E0
4.740753557E1,5.042873621E-1,4.838287354E0,8.463413239E0
4.742764697E1,-1.956132501E-1,5.153541565E0,8.918647766E0
4.744775838E1,-9.188438654E-1,5.257031441E0,1.007198906E1
4.746786979E1,-7.932206988E-1,4.990231514E0,1.162134171E1
4.748798119E1,1.028913707E-1,4.523631096E0,1.256710434E1
4.750809260E1,3.056831062E-1,4.180261135E0,1.358225918E1
4.752820395E1,-3.625126183E-1,4.451248169E0,1.291406345E1
4.754831536E1,-1.738983870E0,5.128417015E0,1.096271706E1
4.756842676E1,-2.561516523E0,5.389235020E0,9.945169449E0
4.758853817E1,-2.576471806E0,4.728815556E0,1.060499001E1
4.760864958E1,-1.608574986E0,3.329612732E0,1.274237919E1
4.762876098E1,-2.093719840E-1,2.246262312E0,1.420439339E1
4.764887239E1,5.359922647E-1,2.562713146E0,1.130369377E1
4.766898380E1,5.186443329E-1,3.588037491E0,6.976872444E0
4.768909515E1,-4.372883439E-1,4.427320004E0,5.067399979E0
4.770920656E1,-1.736590981E0,4.400999069E0,6.400800705E0
4.772931796E1,-2.548954248E0,3.995415688E0,8.375477791E0
4.774942937E1,-2.434098721E0,3.530609846E0,9.586245537E0
4.776954077E1,-1.341775298E0,3.221935749E0,8.898308754E0
4.778965218E1,-8.374879509E-2,3.133401155E0,7.439883709E0
4.780976359E1,5.533402562E-1,3.293122053E0,5.851647854E0
4.782987499E1,2.817548811E-1,3.598206997E0,5.200201988E0
4.784998635E1,-1.842473447E-1,3.689134359E0,5.829514027E0
4.787009775E1,-5.665007830E-1,3.798007727E0,6.624529362E0
4.789020916E1,-8.955138922E-1,3.944568157E0,7.046264648E0
4.791032057E1,-1.463211060E0,4.232903481E0,7.293921471E0
4.793043197E1,-2.444268227E0,4.734797955E0,7.338188648E0
4.795054338E1,-2.556132793E0,5.030909538E0,7.561319351E0
4.797065479E1,-1.653440475E0,5.253442287E0,7.256833076E0
4.799076619E1,-6.466603279E-1,5.340181828E0,7.386045456E0
4.801087760E1,1.351944804E-1,5.033900738E0,8.410771370E0
4.803098895E1,3.134597540E-1,4.846064091E0,9.774082184E0
4.805110036E1,1.519442350E-1,4.896911621E0,1.084905815E1
4.807121176E1,-1.956132501E-1,5.351547718E0,1.061874866E1
4.809132317E1,-4.336991012E-1,5.883352757E0,9.390034676E0
4.811143458E1,-7.734799385E-1,6.198009014E0,9.556933403E0
4.813154598E1,-3.499503136E-1,6.070590973E0,1.047996521E1
4.815165739E1,2.745763958E-1,5.822335720E0,1.077428246E1
4.817176880E1,2.380858511E-1,5.703292847E0,1.055294609E1
4.819188020E1,-4.468596280E-1,4.934000492E0,1.221117210E1
4.821199161E1,-7.561319470E-1,3.706482172E0,1.381017590E1
4.823210296E1,-2.344966233E-1,3.046661377E0,1.349611759E1
4.825221437E1,3.690928817E-1,3.345764160E0,1.072702408E1
4.827232577E1,1.067198873E0,3.635894060E0,8.069195747E0
4.829243718E1,1.258624673E0,3.840480328E0,5.877370834E0
4.831254859E1,8.195417523E-1,3.932005882E0,5.475974560E0
4.833265999E1,4.588237405E-1,3.585644722E0,6.853642464E0
4.835277140E1,2.225325108E-1,3.141776085E0,8.701499939E0
4.837288281E1,-1.016949639E-1,3.012563705E0,9.528220177E0
4.839299421E1,-2.452643216E-2,3.085544825E0,8.770891190E0
4.841310562E1,3.182454109E-1,3.206382275E0,7.622336388E0
4.843321702E1,2.183450609E-1,3.240479946E0,7.386045456E0
4.845332843E1,2.703889608E-1,3.273979664E0,6.826124668E0
4.847343984E1,3.200400174E-1,3.417548895E0,6.217749596E0
4.849355124E1,4.642075896E-1,3.640081406E0,5.870192051E0
4.851366265E1,5.072783828E-1,3.772284985E0,6.098706722E0
4.853377406E1,5.964110494E-1,3.745963812E0,6.979863644E0
4.855388546E1,7.645068169E-1,3.824328899E0,8.122436523E0
4.857399682E1,1.272383451E0,4.101297855E0,8.224131584E0
4.859410822E1,1.503889084E0,4.794618607E0,7.022934437E0
4.861421963E1,1.178465128E0,5.076373100E0,7.194619656E0
4.863433104E1,4.145565331E-1,5.020142078E0,9.248857498E0
4.865444244E1,-1.393819153E-1,4.496711731E0,1.248215961E1
4.867455385E1,-1.728814393E-1,4.272983074E0,1.387956810E1
4.869466525E1,2.530409992E-1,4.710869789E0,1.193898869E1
4.871477666E1,7.501499057E-1,5.137988567E0,1.060379314E1
4.873488807E1,8.835497499E-1,5.408377171E0,1.001276588E1
4.875499947E1,-3.008974493E-1,5.572285652E0,1.011805058E1
4.877511088E1,-1.539781332E0,5.380261898E0,1.062233829E1
4.879522229E1,-2.126621008E0,4.740181446E0,1.196172047E1
4.881533369E1,-2.136192322E0,3.747758389E0,1.369412422E1
4.883544510E1,-1.450648785E0,2.876172781E0,1.380838108E1
4.885555650E1,-4.881358147E-1,2.848655462E0,1.115892887E1
4.887566791E1,-3.936193287E-1,3.645465374E0,7.356134892E0
4.889577932E1,-1.152742267E0,4.399802685E0,5.898307800E0
4.891589072E1,-2.052443504E0,4.205385685E0,7.207181931E0
4.893600213E1,-2.308475733E0,3.670589924E0,9.039485931E0
4.895611354E1,-1.877169371E0,3.297907829E0,9.340981483E0
4.897622494E1,-1.261615753E0,3.306282759E0,8.544769287E0
4.899633635E1,-2.697907448E0,3.236292601E0,1.166740322E1
4.901644775E1,-7.142575383E-1,3.282952785E0,8.223533630E0
4.903655916E1,1.375873089E-1,2.967698336E0,8.051250458E0
4.905667057E1,4.157529473E-1,2.668595552E0,7.319046497E0
4.907678197E1,3.379862010E-1,2.779263496E0,7.085147858E0
4.909689343E1,4.677968323E-1,2.761317253E0,6.659823418E0
4.911700479E1,-3.990031779E-1,3.184248686E0,6.707680225E0
4.913711624E1,-5.970092416E-1,3.521636724E0,6.790830612E0
4.915722765E1,-6.394818425E-1,3.671786308E0,6.893123627E0
4.917733906E1,-1.048056364E0,3.846462488E0,7.195816040E0
4.919745046E1,-3.230310604E-2,3.521038532E0,8.170890808E0
4.921756187E1,2.410768867E-1,3.671188116E0,8.905488014E0
4.923767327E1,-7.597211748E-2,3.926023722E0,9.165707588E0
4.925778468E1,-4.301098585E-1,3.915256023E0,8.563912392E0
4.927789609E1,-6.598208547E-1,4.232305050E0,6.785446644E0
4.929800749E1,-1.538584948E0,3.936193228E0,1.099322510E1
4.931811890E1,-1.298106313E-1,4.169493675E0,9.714859962E0
4.933823031E1,1.021137118E0,4.362115860E0,8.763712883E0
4.935834171E1,1.132403374E0,4.472185612E0,8.154141426E0
4.938617729E1,-4.576273263E-1,5.417350292E0,7.878368378E0
4.940628896E1,-4.019941986E-1,5.216951370E0,8.546564102E0
4.942640067E1,-7.986045480E-1,5.193621635E0,8.490332603E0
4.944651234E1,-1.293918848E0,5.255236626E0,9.225527763E0
4.946662401E1,-9.230313301E-1,5.009374142E0,9.406784058E0
4.948673573E1,-2.985046208E-1,4.853840828E0,8.510073662E0
4.950684739E1,-8.494520187E-2,4.805984497E0,7.965706348E0
4.952695911E1,-5.802594870E-2,4.866403103E0,7.653443336E0
4.954707078E1,-2.482553422E-1,4.829314232E0,8.158329010E0
4.956718245E1,-3.732803464E-1,4.849055290E0,8.737391472E0
4.958729416E1,-5.760720372E-1,4.907679081E0,9.403793335E0
4.960740583E1,-9.619147182E-1,5.340181828E0,9.738189697E0
4.962751755E1,-6.759724021E-1,5.453242779E0,1.021316528E1
4.964762922E1,-3.559323549E-1,5.510072231E0,1.100818062E1
4.966774088E1,-1.716850251E-1,5.369493961E0,1.188395405E1
4.968785260E1,-3.014956415E-1,5.469992638E0,1.241097260E1
4.970796427E1,-6.311069727E-1,5.822933674E0,1.175713444E1
4.972807599E1,-4.677968323E-1,6.312266350E0,1.107099247E1
4.974818765E1,-5.270192027E-1,6.400800705E0,1.167039394E1
4.976829937E1,-6.215356588E-1,6.218348026E0,1.178524971E1
4.978841104E1,-4.223332107E-1,6.032904148E0,1.121635628E1
4.980852270E1,-2.129612118E-1,5.522634506E0,1.115174961E1
4.982863442E1,-2.751746178E-1,4.741377831E0,1.104646587E1
4.984874609E1,-1.261615753E0,4.086941242E0,1.163689518E1
4.986885781E1,-1.807777524E0,3.275176048E0,1.240020561E1
4.988896948E1,-1.693520188E0,2.670390129E0,1.294457245E1
4.990908114E1,-7.495517135E-1,2.197807550E0,1.253420353E1
4.992919286E1,-9.990034252E-2,2.437089920E0,1.005404282E1
4.994930453E1,-2.494517565E-1,3.029313564E0,7.030112743E0
4.996941625E1,-9.738788009E-1,3.253042459E0,5.915057659E0
4.998952791E1,-1.712064624E0,2.970689297E0,6.872784615E0
5.000963963E1,-1.519442320E0,2.411366940E0,7.448856831E0
5.002975130E1,-7.256234884E-1,2.295913219E0,6.078966141E0
5.004986297E1,-1.399801224E-1,2.613560438E0,4.766502857E0
5.006997469E1,4.695914388E-1,2.575275421E0,4.511667252E0
5.009008635E1,-8.362914920E-1,2.621935368E0,7.801798344E0
5.011019807E1,-2.155933142E0,2.563311338E0,1.096750259E1
5.013030974E1,-1.941775560E0,2.584248543E0,9.623932838E0
5.015042146E1,-2.117647976E-1,2.708076954E0,7.591229916E0
5.017053312E1,1.271187067E0,2.435295343E0,7.197610378E0
5.019064479E1,6.520441771E-1,2.826521635E0,7.456035137E0
5.021075651E1,-9.984052777E-1,3.589832067E0,7.301698208E0
5.023086817E1,-1.223928809E0,3.702893019E0,8.401200294E0
5.025097989E1,-1.274776220E0,3.363710403E0,9.803394318E0
5.027109156E1,-1.372882009E0,3.413361549E0,9.669994354E0
5.029120328E1,-1.703689694E0,3.875774384E0,9.355937004E0
5.031131495E1,-2.258226395E0,4.170690060E0,1.130249786E1
5.033142666E1,-8.057830334E-1,3.695116282E0,1.275434303E1
5.035153833E1,1.836491346E0,3.034697294E0,1.230748367E1
5.037165000E1,2.021337032E0,3.200400352E0,1.175533962E1
5.039176172E1,1.501496136E-1,3.779463291E0,1.173440266E1
5.041187338E1,-8.632107973E-1,4.088137627E0,1.165244770E1
5.043198510E1,6.753742099E-1,3.086741209E0,1.084367371E1
5.045209677E1,1.295115232E0,2.103889227E0,1.037228775E1
5.047220849E1,-8.973085135E-2,1.807179332E0,1.035494041E1
5.049232015E1,-1.197607756E0,2.690729141E0,8.956933022E0
5.051243187E1,6.346961856E-1,3.070589542E0,7.365706444E0
5.053254354E1,1.783251047E0,3.418745279E0,6.530013084E0
5.055265521E1,2.775674164E-1,4.011567116E0,7.139584541E0
5.057276692E1,-1.735394597E0,4.317250252E0,8.492127419E0
5.059287859E1,-1.868196249E0,3.907479286E0,9.503094673E0
5.061299031E1,-3.637090325E-1,3.026920557E0,9.466006279E0
5.063310198E1,4.492524564E-1,2.609373093E0,8.807381630E0
5.065321370E1,-7.776673883E-2,2.822932482E0,8.331210136E0
5.067332536E1,-7.782655358E-1,3.208176851E0,7.738388538E0
5.069343708E1,-8.321040869E-1,3.331407309E0,6.996015072E0
5.071354875E1,-2.841476798E-1,3.083750248E0,7.308876991E0
5.073366041E1,1.668993831E-1,2.940778971E0,8.153543472E0
5.075377213E1,6.999006122E-2,3.259622574E0,7.926225185E0
5.077388380E1,-7.674978375E-1,3.908077478E0,7.838288784E0
5.079399552E1,-1.003190875E0,4.141975880E0,8.265407562E0
5.081410719E1,-8.877372146E-1,4.532604218E0,8.049455643E0
5.083421890E1,-2.787638307E-1,4.542773724E0,8.295317650E0
5.085433057E1,-1.082752272E-1,4.507479668E0,9.306285858E0
5.087444229E1,-3.619144261E-1,4.578666210E0,1.025563812E1
5.089455396E1,-6.059823632E-1,4.828716278E0,1.042792130E1
5.091466567E1,-1.293918848E0,5.084149837E0,1.096690464E1
5.093477734E1,-1.356132269E0,5.306084156E0,1.047936630E1
5.095488901E1,-1.082752228E0,5.411368370E0,1.005284595E1
5.097500073E1,-1.032503009E0,5.203192711E0,1.186840057E1
5.099511239E1,-7.764709592E-1,4.530809879E0,1.364028549E1
5.101522406E1,-9.314061999E-1,4.120440483E0,1.399861050E1
5.103533578E1,-1.526620865E0,3.763910055E0,1.452862072E1
5.105544745E1,-1.853839397E0,3.480958700E0,1.500000668E1
5.107555916E1,-1.101296663E0,3.601198196E0,1.179242802E1
5.109567083E1,-3.152543902E-1,4.302295208E0,6.797410965E0
5.111578255E1,-2.667997181E-1,4.891527653E0,4.296313286E0
5.113589422E1,-1.058824062E0,4.654638290E0,5.975476265E0
5.115600594E1,-1.648056626E0,3.923630953E0,7.681559086E0
5.117611760E1,-1.491924882E0,3.416352510E0,7.706683636E0
5.119622932E1,-1.350748420E0,3.440878868E0,7.963912010E0
5.121634099E1,-9.643075466E-1,3.299104214E0,8.763712883E0
5.123645265E1,3.032902777E-1,2.727219582E0,8.608179092E0
5.125656437E1,3.918247223E-1,2.554338217E0,8.499305725E0
5.127667604E1,-1.782652885E-1,2.986840963E0,6.515655994E0
5.129678776E1,-3.445664644E-1,3.266202927E0,4.067200184E0
5.131689942E1,-2.733799815E-1,3.214159012E0,3.943371773E0
5.133701114E1,-5.485545993E-1,2.466402054E0,7.454838753E0
5.135712281E1,-1.069591761E0,2.044068813E0,1.005284595E1
5.137723448E1,-1.357926846E0,2.432304144E0,8.981459618E0
5.139734620E1,-7.615157962E-1,2.856431961E0,6.458228111E0
5.141745786E1,-2.195414752E-1,3.055036306E0,5.804987907E0
5.143756958E1,-8.973085135E-2,2.833101988E0,7.504489899E0
5.145768125E1,-5.964110494E-1,3.292523861E0,7.906484127E0
5.147779297E1,-8.165507317E-1,4.023531437E0,6.699305058E0
5.149790463E1,-1.115653515E0,4.647459984E0,6.370292187E0
5.151801630E1,-1.887937069E0,5.341378212E0,7.232904434E0
5.153812802E1,-1.746760488E0,5.331807137E0,8.732007980E0
5.155823969E1,-8.434699774E-1,4.923232555E0,9.665208817E0
5.157835140E1,-2.703889608E-1,5.146363258E0,9.541379929E0
5.159846307E1,-4.642075896E-1,6.087938786E0,9.084949493E0
5.161857474E1,-1.128215909E0,6.771687984E0,9.753743172E0
5.163868646E1,-1.798804402E0,6.771090031E0,1.101655579E1
5.165879812E1,-2.000998020E0,6.214758396E0,1.271545982E1
5.167890984E1,-1.215553880E0,5.659623623E0,1.334477234E1
5.169902151E1,-6.245267391E-1,5.702096462E0,1.221476173E1
5.171913323E1,-6.005984545E-1,5.876772404E0,1.093460083E1
5.173924489E1,-5.712863803E-1,5.443671703E0,1.086221886E1
5.175935656E1,-6.807580590E-1,4.556532383E0,1.277707481E1
5.177946828E1,-6.197410822E-1,3.437887907E0,1.456451321E1
5.179957995E1,1.124626622E-1,2.889931440E0,1.341775322E1
5.181969166E1,7.208378315E-1,2.907877684E0,1.111286640E1
5.183980333E1,8.051848412E-1,2.976671457E0,9.582656860E0
5.185991500E1,5.575276613E-1,2.928216696E0,8.830712318E0
5.188002672E1,-2.967100143E-1,3.050848961E0,8.682954788E0
5.190013838E1,-1.059422255E0,3.393022537E0,7.724031448E0
5.192025010E1,-1.384846091E0,3.810570002E0,6.626324177E0
5.194036177E1,-6.370890141E-1,3.210569859E0,7.252047062E0
5.196047344E1,-1.328016520E-1,2.328814745E0,9.006584167E0
5.198058515E1,-2.907279432E-1,2.076371908E0,9.564111710E0
5.200069682E1,-7.860422134E-1,2.369492531E0,8.120641708E0
5.202080849E1,-7.794619799E-1,2.576471806E0,6.492924213E0
5.204092021E1,-5.132604837E-1,2.578864574E0,5.459823132E0
5.206103187E1,-8.009973764E-1,2.563311338E0,6.476174355E0
5.208114359E1,-1.223928809E0,2.666202545E0,8.219944000E0
5.210125526E1,-1.305882931E0,2.758924484E0,9.054440498E0
5.212136692E1,-1.176072359E0,2.813959360E0,8.772686005E0
5.214147864E1,-1.128814101E0,3.096312523E0,7.842476368E0
5.216159031E1,-9.385846853E-1,3.494717360E0,6.827919483E0
5.218170198E1,-7.016952634E-1,3.984647989E0,6.672386169E0
5.220181370E1,-2.338984162E-1,4.576871395E0,6.678966045E0
5.222192536E1,-1.495514214E-1,5.097310543E0,7.290332317E0
5.224203708E1,-5.826523304E-1,5.400600910E0,9.165707588E0
5.226214875E1,-1.220339537E0,5.421537876E0,1.038604641E1
5.228226041E1,-1.469791293E0,5.362913609E0,1.036331463E1
5.230237213E1,-1.589432478E0,5.405386448E0,1.061874866E1
5.232248380E1,-1.132403374E0,5.190630436E0,1.140299606E1
5.234259547E1,-1.698904037E-1,4.755136967E0,1.221535969E1
5.236270719E1,-4.725824594E-1,5.034498692E0,1.144247818E1
5.238281885E1,-1.014556766E0,5.611767292E0,1.044108200E1
5.240293057E1,-1.168893814E0,5.633901119E0,8.842078209E0
5.242304224E1,-1.834098577E0,5.393422127E0,8.702097893E0
5.244315390E1,-2.393420935E0,4.778466702E0,9.529416084E0
5.246326562E1,-2.528615236E0,4.017549038E0,1.073180962E1
5.248337729E1,-2.155933142E0,3.558127165E0,1.080060291E1
5.250348896E1,-1.834696770E0,3.657429457E0,9.468997002E0
5.252360067E1,-1.804188251E0,3.996612072E0,8.370692253E0
5.254371234E1,-1.612762451E0,4.125226021E0,8.292326927E0
5.256382401E1,-9.577272534E-1,3.963710785E0,8.315058708E0
5.258393573E1,-1.092921734E0,4.235296249E0,7.737192154E0
5.260404739E1,-1.257428288E0,4.350749969E0,6.853044033E0
5.262415906E1,-1.848455548E0,4.546362877E0,6.935596466E0
5.264427078E1,-2.478366137E0,4.192225456E0,8.628518105E0
5.266438244E1,-2.612364054E0,3.742374659E0,9.929615974E0
5.268449416E1,-2.254637241E0,3.586841106E0,9.404989243E0
5.270460583E1,-1.648654819E0,3.842873096E0,7.131209850E0
5.272471750E1,-1.073180914E0,4.088137627E0,4.806582451E0
5.274482922E1,-1.091725349E0,4.124628067E0,4.530809879E0
5.276494088E1,-1.038485050E0,3.750749588E0,5.081159115E0
5.278505255E1,-1.140179992E0,3.750749588E0,5.673980713E0
5.280516427E1,-1.259222865E0,4.074976921E0,6.428916454E0
5.282527594E1,-1.765304923E0,5.016552448E0,6.829115868E0
5.284538760E1,-1.344766378E0,5.343173027E0,7.463811874E0
5.286549932E1,-8.159525394E-1,5.099703312E0,9.375677109E0
5.288561099E1,-9.266205430E-1,5.054837704E0,1.170509052E1
5.290572265E1,-1.301097274E0,5.097310543E0,1.303071404E1
5.292583432E1,-1.578066587E0,5.566303730E0,1.196710396E1
5.294594604E1,-1.463211060E0,6.019743443E0,1.023230743E1
5.296605771E1,-7.351947427E-1,5.788836002E0,1.099860954E1
5.298616937E1,-5.330012441E-1,5.892923832E0,1.032203865E1
5.300628109E1,-1.128814101E0,6.359524250E0,8.749954224E0
5.302639276E1,-1.161715388E0,5.976074696E0,8.827720642E0
5.304650442E1,5.575276613E-1,4.331607342E0,1.090887833E1
5.306661614E1,2.402992249E0,1.916650891E0,1.397946835E1
5.308672781E1,1.320838094E0,1.638485312E0,1.333998585E1
5.310683948E1,-1.105484009E0,3.239881754E0,8.486743927E0
5.312695120E1,-2.739183664E0,4.674378872E0,5.811567783E0
5.314706286E1,-2.478964329E0,4.478167534E0,7.134799004E0
5.316717453E1,-1.355534077E0,3.394817114E0,1.000558758E1
5.318728620E1,-2.757728100E-1,2.973680258E0,1.046142101E1
5.320739791E1,-4.965107143E-2,3.378067255E0,8.352746010E0
5.322750958E1,-2.703889608E-1,3.784847260E0,6.578467846E0
5.324762125E1,-9.026923180E-1,3.638286829E0,6.714260101E0
5.326773297E1,-1.521835208E0,3.305684566E0,7.221538544E0
5.328784463E1,-1.637288928E0,3.223132133E0,7.569096088E0
5.330795630E1,-1.293320656E0,3.243471146E0,8.349754333E0
5.332806797E1,-7.980063558E-1,3.128017426E0,8.708678246E0
5.334817969E1,-1.108475089E0,3.102892876E0,8.347361565E0
5.336829135E1,-1.324427366E0,3.541377544E0,6.536593437E0
5.338840302E1,-1.207777262E0,4.523631096E0,5.440680504E0
5.340851474E1,-1.077368379E0,4.911268711E0,7.749155998E0
5.342862640E1,-9.750752449E-1,4.617549419E0,1.051466084E1
5.344873807E1,-8.620143533E-1,4.454239368E0,1.126301575E1
5.346884974E1,-8.177471161E-1,4.779663086E0,1.058524895E1
5.348896146E1,-3.457628787E-1,5.213960648E0,9.201001167E0
5.350907312E1,3.481557071E-1,5.191228867E0,9.153144836E0
5.352918479E1,3.008974493E-1,4.852046013E0,1.076112175E1
5.354929646E1,-4.486542344E-1,4.905884743E0,1.163031483E1
5.356940817E1,-9.667003751E-1,5.501697540E0,1.086281681E1
5.358951984E1,-9.996016622E-1,5.674578667E0,9.385248184E0
5.360963151E1,-9.182456732E-1,5.181059361E0,9.239884377E0
5.362974317E1,-9.290133715E-1,4.162314892E0,1.064626598E1
5.364985489E1,-9.284151793E-1,2.851048231E0,1.374078369E1
5.366996656E1,-9.278169870E-1,1.948355794E0,1.554497242E1
5.369007823E1,-7.555337548E-1,2.111665964E0,1.312343597E1
5.371018989E1,-6.053841114E-1,2.834896564E0,8.931210518E0
5.373030161E1,-7.501499057E-1,3.451048374E0,6.098108292E0
5.375041328E1,-1.345962763E0,3.774079561E0,5.534598827E0
5.377052495E1,-1.978864312E0,4.108476639E0,5.528018475E0
5.379063661E1,-1.933998942E0,4.006781578E0,6.555736065E0
5.381074833E1,-1.981257200E0,3.528815269E0,8.617751122E0
5.383086000E1,-2.077568293E0,3.047259569E0,1.016171932E1
5.385097166E1,-1.577468276E0,2.516651154E0,1.049432182E1
5.387108333E1,-8.171489239E-1,2.340778828E0,9.154341698E0
5.389119500E1,-6.275177598E-1,2.541177750E0,8.008777618E0
5.391130672E1,-1.329811215E0,3.208176851E0,6.991229534E0
5.393141838E1,-1.624128342E0,3.776472330E0,5.693721294E0
5.395153005E1,-9.421738982E-1,3.762115479E0,5.089533806E0
5.397164172E1,-7.172485590E-1,3.783650875E0,5.701498032E0
5.399175344E1,-1.016351461E0,4.060619831E0,7.286743164E0
5.401186510E1,-1.599601984E0,4.487739086E0,8.726025581E0
5.403197677E1,-2.446661234E0,5.087141037E0,8.965308189E0
5.405208844E1,-2.593221426E0,5.691926956E0,8.024929047E0
5.407220010E1,-2.533999205E0,6.407979012E0,6.841678143E0
5.409231182E1,-2.173281193E0,6.781857491E0,7.752147198E0
5.411242349E1,-7.956135273E-1,6.293123722E0,1.092443180E1
5.413253515E1,1.579262912E-1,5.727221012E0,1.513221073E1
5.415264682E1,-2.123630047E-1,5.844469070E0,1.654577065E1
5.417275849E1,-1.013958573E0,6.397211552E0,1.382692528E1
5.419287021E1,-1.643869162E0,6.728617191E0,1.059003448E1
5.421298187E1,-1.929213285E0,6.263213158E0,9.123832703E0
5.423309354E1,-1.757528186E0,5.098506927E0,9.080163956E0
5.425320521E1,-7.142575383E-1,4.198207378E0,8.498109818E0
5.427331687E1,2.177468538E-1,4.037888050E0,6.775875568E0
5.429342859E1,4.283152521E-1,4.453042984E0,5.436492920E0
5.431354026E1,9.571290761E-2,4.857429981E0,4.786243439E0
5.433365192E1,-2.303091735E-1,4.721039295E0,5.413163185E0
5.435376359E1,-5.623133183E-1,4.161716938E0,7.526025295E0
5.437387526E1,-1.316650629E0,4.070191383E0,8.079365730E0
5.439398692E1,-1.798206210E0,4.028914928E0,8.036294937E0
5.441409864E1,-1.739582062E0,3.972683907E0,7.118647575E0
5.443421031E1,-1.407577872E0,3.884149313E0,5.941977024E0
5.445432198E1,-9.158528447E-1,3.629313707E0,5.528018475E0
5.447443364E1,-8.015955985E-2,3.261417150E0,6.156134605E0
5.449454531E1,5.485545993E-1,3.250051260E0,6.026922226E0
5.451465698E1,8.823533654E-1,3.366701365E0,5.993422508E0
5.453476870E1,1.064806104E0,3.511467218E0,6.766304016E0
5.455488036E1,6.143572330E-1,3.769891977E0,7.985447407E0
5.457499203E1,-6.520441920E-2,4.662415028E0,7.932207108E0
5.459510370E1,-3.056831062E-1,5.703890800E0,7.262814999E0
5.461521536E1,-6.759724021E-2,6.044270039E0,8.317451477E0
5.463532703E1,-5.383851007E-2,5.754140377E0,1.052901745E1
5.465543870E1,-9.092726111E-1,5.778666496E0,1.178764248E1
5.467555041E1,-1.917847395E0,6.265605927E0,1.124207878E1
5.469566208E1,-2.039283037E0,6.860820770E0,9.658030510E0
5.471577375E1,-1.144965649E0,6.632306099E0,9.435498238E0
5.473588541E1,-2.925225794E-1,6.110072613E0,1.054995537E1
5.475599708E1,-2.721835673E-1,5.601597786E0,1.170987606E1
5.477610875E1,-1.271187067E0,5.596812248E0,1.229432297E1
5.479622041E1,-2.566302299E0,6.119045734E0,1.104287624E1
5.481633208E1,-3.013161898E0,6.254240036E0,9.728020668E0
5.483644380E1,-2.429911375E0,4.974678040E0,1.144666576E1
5.485655547E1,-1.563709617E0,3.142374277E0,1.489651775E1
5.487666713E1,-9.613165259E-1,2.539981127E0,1.493898964E1
5.489677880E1,-6.987041831E-1,3.367897987E0,1.059182930E1
5.491689047E1,-4.043870270E-1,4.101896286E0,6.576673031E0
5.493700213E1,-1.034895778E0,4.573282242E0,5.571089268E0
5.495711380E1,-1.384247899E0,4.415954113E0,6.638886452E0
5.497722547E1,-9.942178130E-1,4.031308174E0,6.961319447E0
5.499733719E1,-5.234299302E-1,3.659224033E0,6.801000118E0
5.501744885E1,-7.806583643E-1,3.114856958E0,7.207779884E0
5.503756052E1,-1.170688510E0,2.602194548E0,7.331010342E0
5.505767218E1,-2.074577332E0,2.826521635E0,6.167500496E0
5.507778385E1,-2.774477959E0,3.709473372E0,4.531407833E0
5.509789552E1,-2.489732027E0,3.584448338E0,5.346762180E0
5.511800718E1,-1.412961721E0,2.760120869E0,7.596613884E0
5.513811885E1,-4.127618968E-1,2.320439816E0,9.000003815E0
5.515823052E1,-1.423729509E-1,2.472383976E0,9.007183075E0
5.517834219E1,-2.614158690E-1,2.835494757E0,8.560322762E0
5.519845385E1,-5.940182209E-1,3.192623615E0,7.874779224E0
5.521856557E1,-1.108475089E0,3.834498405E0,6.908677101E0
5.523867724E1,-1.389631748E0,4.490131855E0,6.214758396E0
5.525878890E1,-1.718644857E0,5.185844898E0,6.246463299E0
5.527890057E1,-1.800599098E0,5.638088226E0,7.735995770E0
5.529901224E1,-1.387837172E0,5.611767292E0,9.482157707E0
5.531912390E1,-1.552941918E0,5.808577061E0,1.067617607E1
5.533923557E1,-1.868794441E0,6.107679844E0,1.097946644E1
5.535934724E1,-1.650449395E0,5.924628735E0,1.135573769E1
5.537945890E1,-1.307079315E0,5.443671703E0,1.193898869E1
5.539957057E1,-1.764108539E0,5.409573555E0,1.202871990E1
5.541968224E1,-1.808973908E0,5.270191669E0,1.101236820E1
5.543979390E1,-2.152942181E0,5.338387489E0,9.690931320E0
5.545990557E1,-2.753540754E0,5.332405090E0,1.003011417E1
5.548001724E1,-2.116451740E0,4.195216179E0,1.223210907E1
5.550012890E1,-9.523434043E-1,2.988635540E0,1.386281776E1
5.552024057E1,-2.177468538E-1,2.604587555E0,1.302891922E1
5.554035224E1,1.190429255E-1,2.925823927E0,1.033400249E1
5.556046390E1,5.383851007E-3,3.191427231E0,8.171489716E0
5.558057562E1,-5.635097623E-1,3.300300598E0,7.728816986E0
5.560068729E1,-1.414158225E0,3.315255880E0,7.817949772E0
5.562079896E1,-2.374278307E0,3.393022537E0,8.120043755E0
5.564091062E1,-2.791227579E0,3.521038532E0,7.854440212E0
5.566102229E1,-2.117049932E0,3.190829039E0,7.311867714E0
5.568113396E1,-1.190429211E0,2.720041037E0,7.216753006E0
5.570124562E1,-4.947160780E-1,2.438286304E0,6.933203697E0
5.572135729E1,4.546362907E-2,2.405983210E0,6.535995007E0
5.574146896E1,3.403790295E-1,2.338385820E0,6.826124668E0
5.576158062E1,-8.195417374E-2,2.461616278E0,7.195816040E0
5.578169229E1,-7.651050687E-1,2.792423964E0,7.776673794E0
5.580180396E1,-8.536394835E-1,3.281157970E0,7.331608772E0
5.582191562E1,-1.009771109E0,4.260420799E0,6.059823513E0
5.584202729E1,-1.237089276E0,5.121836662E0,5.837889194E0
5.586213896E1,-6.071787477E-1,4.952544689E0,8.350353241E0
5.588225062E1,-4.845465720E-2,4.496113777E0,1.155494022E1
5.590236229E1,1.459621787E-1,4.585844517E0,1.202393341E1
5.592247396E1,-3.445664644E-1,4.922634602E0,1.109312534E1
5.594258562E1,-1.147956610E0,4.872385025E0,1.186182022E1
5.596269729E1,-2.136192322E0,4.508676052E0,1.276810169E1
5.598280896E1,-2.638087034E0,4.584648132E0,1.259342575E1
5.600292062E1,-2.649452925E0,5.026721954E0,9.811769485E0
5.602303229E1,-2.882753134E0,5.572884083E0,8.160721779E0
5.604314396E1,-3.156731367E0,5.329414368E0,8.464012146E0
5.606325562E1,-2.597409010E0,3.951148272E0,1.071446133E1
5.608336729E1,-1.119242787E0,2.549552441E0,1.324905872E1
5.610347896E1,-3.080759048E-1,2.158325911E0,1.316949749E1
5.612359062E1,-7.106683254E-1,2.879761934E0,9.770493507E0
5.614370224E1,-2.108076811E0,3.699902058E0,6.972685337E0
5.616381390E1,-3.610769272E0,4.153341770E0,6.152545452E0
5.618392557E1,-3.885345697E0,3.846462488E0,6.671189308E0
5.620403724E1,-2.845066071E0,3.345764160E0,7.554141045E0
5.622414890E1,-1.137188911E0,2.885744095E0,8.191229820E0
5.624426057E1,-1.411765367E-1,2.664407969E0,8.227122307E0
5.626437224E1,-3.134597540E-1,2.876172781E0,7.624131203E0
5.628448390E1,-8.404789567E-1,3.111865759E0,6.870990276E0
5.630459557E1,-1.226919770E0,3.267399311E0,6.868597507E0
5.632470724E1,-1.280758262E0,3.402593851E0,6.923034191E0
5.634481890E1,-1.248455167E0,3.681357622E0,6.799803734E0
5.636493057E1,-1.542174220E0,4.189234257E0,6.832107067E0
5.638504224E1,-1.208973646E0,4.521238327E0,6.198606968E0
5.640515390E1,-7.429714203E-1,4.776672363E0,5.849853039E0
5.642526557E1,-5.694918036E-1,5.008177757E0,6.640082836E0
5.644537724E1,-4.151547253E-1,4.951946259E0,8.916254997E0
5.646548890E1,-1.531406492E-1,4.972883701E0,1.003250694E1
5.648560057E1,-2.297109663E-1,5.067998409E0,1.043689442E1
5.650571219E1,-1.249053478E0,5.146961689E0,1.149930763E1
5.652582385E1,-1.993819475E0,5.020740032E0,1.214656639E1
5.654593552E1,-1.961516380E0,4.910670280E0,1.235354519E1
5.656604718E1,-1.682752490E0,5.005186558E0,1.163091278E1
5.658615885E1,-1.541576028E0,5.288736343E0,1.070369434E1
5.660627052E1,-1.721037745E0,4.714458942E0,1.144307613E1
5.662638219E1,-2.197209358E0,3.836292982E0,1.271486092E1
5.664649385E1,-1.097109199E0,3.137588739E0,1.244267750E1
5.666660552E1,2.709871531E-1,3.211766243E0,9.778867722E0
5.668671719E1,9.487541914E-1,3.745365620E0,7.345367432E0
5.670682885E1,7.160521746E-1,4.272384644E0,5.965306759E0
5.672694047E1,-3.762713671E-1,4.457828522E0,6.354140759E0
5.674705213E1,-1.499103427E0,4.308875561E0,7.605587006E0
5.676716380E1,-2.425125837E0,4.121636868E0,9.205786705E0
5.678727547E1,-2.974278450E0,4.162913322E0,9.436694145E0
5.680738713E1,-1.604985833E0,3.690928936E0,8.065009117E0
5.682749880E1,2.662015259E-1,2.825923443E0,7.955537319E0
5.684761047E1,6.101697683E-1,2.611167669E0,8.126026154E0
5.686772213E1,1.519442350E-1,2.842075109E0,7.530212879E0
5.688783380E1,-1.627119333E-1,3.166900873E0,6.504290104E0
5.690794547E1,-2.709871531E-1,3.512663603E0,5.916851997E0
5.692805708E1,-3.236292601E-1,4.036093712E0,5.836692810E0
5.694816875E1,-4.259224236E-1,4.342374802E0,6.948757172E0
5.696828041E1,-5.521438122E-1,4.584050179E0,8.063812256E0
5.698839208E1,-5.682953596E-1,4.856831551E0,8.467600822E0
5.700850375E1,-2.075773627E-1,5.047060966E0,9.105288506E0
5.702861541E1,2.871387079E-2,5.209773064E0,9.750752449E0
5.704872708E1,3.625126183E-1,5.339583874E0,1.007976532E1
5.706883875E1,6.430711150E-1,5.211567879E0,1.060499001E1
5.708895036E1,-4.187439568E-3,4.991427898E0,1.145683479E1
5.710906203E1,-1.219741344E0,4.986044407E0,1.301276779E1
5.712917370E1,-1.974676847E0,4.924428940E0,1.352184105E1
5.714928536E1,-2.275574446E0,5.168497086E0,1.209093285E1
5.716939703E1,-2.253440619E0,5.076373100E0,1.079043388E1
5.718950870E1,-2.386242390E0,4.212564468E0,1.183430290E1
5.720962036E1,-2.136790514E0,3.333800077E0,1.259282780E1
5.722973198E1,-1.156331539E0,3.000599623E0,1.094178009E1
5.724984364E1,-5.832505226E-1,3.140579700E0,8.916254997E0
5.726995531E1,-8.087740541E-1,3.361317635E0,7.886145115E0
5.729006698E1,-1.719841242E0,3.372683525E0,7.960322857E0
5.731017864E1,-2.656631231E0,3.253640652E0,8.302495956E0
5.733029031E1,-2.916252613E0,3.156731367E0,8.171489716E0
5.735040192E1,-2.635694027E0,3.388236761E0,7.471588612E0
5.737051359E1,-1.663609982E0,3.475574970E0,6.331408501E0
5.739062526E1,-5.605186820E-1,3.217748165E0,5.808577061E0
5.741073692E1,2.171486616E-1,2.895913601E0,6.746563435E0
5.743084859E1,4.881358147E-1,2.740380049E0,7.632505894E0
5.745096026E1,1.435693540E-2,3.080160856E0,7.151548862E0
5.747107187E1,-7.854440212E-1,3.523431301E0,6.418746948E0
5.749118354E1,-1.457229018E0,3.970889091E0,6.050850391E0
5.751129520E1,-1.271785259E0,3.996612072E0,6.171089649E0
5.753140687E1,-9.744769931E-1,3.936791420E0,6.743572235E0
5.755151854E1,-9.014959335E-1,4.073182583E0,7.348358154E0
5.757163015E1,-7.686942816E-1,4.356731892E0,7.231708050E0
5.759174182E1,-6.921239495E-1,4.764110088E0,7.205985546E0
5.761185349E1,-9.577272534E-1,5.171487808E0,8.181060791E0
5.763196515E1,-1.073779106E0,5.335396290E0,9.734002113E0
5.765207682E1,-1.230509043E0,5.407180786E0,1.102313614E1
5.767218844E1,-1.512862086E0,5.378467083E0,1.191147137E1
5.769230010E1,-1.537388563E0,5.359922886E0,1.202273750E1
5.771241177E1,-1.705484390E0,5.522634506E0,1.125464153E1
5.773252344E1,-1.525424480E0,5.800201893E0,1.016411209E1
5.775263510E1,-6.681957245E-1,5.737390518E0,9.211171150E0
5.777274672E1,-2.500499785E-1,4.904688358E0,1.058644581E1
5.779285838E1,-4.570291340E-1,3.672982693E0,1.288475132E1
5.781297005E1,-1.364507079E0,3.410370588E0,1.340399456E1
5.783308172E1,-1.566700578E0,3.820141315E0,1.147657585E1
5.785319333E1,-5.240281820E-1,4.116253376E0,8.532805443E0
5.787330500E1,6.089733839E-1,4.010969162E0,7.173682213E0
5.789341666E1,6.598208547E-1,3.815355778E0,7.554141045E0
5.791352833E1,3.427718580E-1,3.629911900E0,8.290532112E0
5.793363994E1,-7.178467698E-3,3.670589924E0,8.203792572E0
5.795375161E1,-2.566302419E-1,3.656233072E0,8.011170387E0
5.797386328E1,-2.703889608E-1,3.512663603E0,7.797610760E0
5.799397495E1,-1.812563092E-1,3.495913982E0,7.353742123E0
5.801408661E1,-1.130608693E-1,3.635894060E0,7.085147858E0
5.803419823E1,-8.434699476E-2,3.760320902E0,6.979863644E0
5.805430989E1,-5.186443329E-1,3.689134359E0,7.661220074E0
5.807442156E1,-5.264210105E-1,3.375674486E0,8.321041107E0
5.809453323E1,-1.345962733E-1,3.032304525E0,8.657232285E0
5.811464484E1,2.440679073E-1,3.029313564E0,8.596215248E0
5.813475651E1,5.874379873E-1,3.303291559E0,7.950153351E0
5.815486817E1,6.616154313E-1,3.670589924E0,7.070192814E0
5.817497984E1,6.520441771E-1,4.167100430E0,6.430710793E0
5.819509146E1,4.348955154E-1,4.610969067E0,7.227520943E0
5.821520312E1,-3.026920557E-1,4.994419098E0,8.959924698E0
5.823531479E1,-5.216353536E-1,4.865804672E0,1.060379314E1
5.825542640E1,-6.699903309E-2,4.520640373E0,1.156451225E1
5.827553807E1,3.559323549E-1,4.398007870E0,1.198804188E1
5.829564974E1,8.919246197E-1,4.299304008E0,1.199940777E1
5.831576140E1,3.266202807E-1,4.595416069E0,1.107697392E1
5.833587302E1,-1.489532113E0,5.319842815E0,1.054696369E1
5.835598468E1,-2.794218540E0,5.350351334E0,1.139701462E1
5.837609635E1,-2.758326292E0,4.172484398E0,1.360678577E1
5.839620802E1,-1.853839397E0,2.964707375E0,1.487139320E1
5.841631963E1,-4.971089065E-1,2.677568436E0,1.259103298E1
5.843643130E1,4.671986103E-1,3.078964472E0,8.671588898E0
5.845654297E1,2.847459018E-1,3.748356581E0,6.026922226E0
5.847665458E1,-1.124028444E0,4.314857483E0,6.312864304E0
5.849676625E1,-1.825723648E0,3.886542082E0,7.990232944E0
5.851687791E1,-2.367099762E0,3.617349625E0,9.410971642E0
5.853698953E1,-2.578864574E0,3.552743435E0,9.918848038E0
5.855710120E1,-1.710868239E0,3.399602890E0,9.525228500E0
5.857721286E1,-6.640082598E-2,2.885145903E0,9.046664238E0
5.859732453E1,8.482556343E-1,2.988635540E0,7.393822193E0
5.861743614E1,7.800601721E-1,3.790829182E0,5.472385406E0
5.863754781E1,-1.256231815E-1,4.646263599E0,4.712066174E0
5.865765948E1,-7.842476368E-1,4.855635166E0,5.964708805E0
5.867777109E1,-9.499505758E-1,4.362713814E0,7.153941631E0
5.869788276E1,8.315058798E-2,3.515654564E0,8.606983185E0
5.871799442E1,1.000798106E0,3.543172121E0,7.950751305E0
5.873810604E1,4.570291340E-1,4.496113777E0,5.665007591E0
5.875821771E1,-5.030909777E-1,5.298307419E0,5.329414368E0
5.877832937E1,-8.937192559E-1,5.470590591E0,6.784250259E0
5.879844099E1,-5.048855543E-1,5.036293507E0,8.668000221E0
5.881855265E1,-4.235295951E-1,4.619344234E0,1.000498962E1
5.883866432E1,-1.177268744E0,4.729413986E0,1.090110207E1
5.885877594E1,-1.771885157E0,5.107480049E0,1.110748291E1
5.887888760E1,-1.281954765E0,5.437091351E0,1.012762165E1
5.889899927E1,-4.875376225E-1,5.880361557E0,9.160921097E0
5.891911088E1,7.704889178E-1,6.085546017E0,8.707481384E0
5.893922255E1,1.887338877E0,6.034698486E0,8.551349640E0
5.895933422E1,2.466402054E0,5.391627789E0,9.135796547E0
5.897944583E1,1.177268744E0,4.232903481E0,1.222971630E1
5.899955750E1,-6.825526357E-1,3.127419233E0,1.638903999E1
5.901966916E1,-1.311864972E0,2.767897606E0,1.669053650E1
5.903978078E1,-2.703889608E-1,3.299702406E0,1.167697430E1
5.905989244E1,8.590233326E-1,3.978665829E0,7.546364307E0
5.908000406E1,9.451649189E-1,4.552345276E0,5.224728107E0
5.910011573E1,1.627119333E-1,4.609174728E0,5.374877930E0
5.912022739E1,-2.673979402E-1,3.862613916E0,7.105486870E0
5.914033901E1,-5.036891699E-1,3.312862873E0,8.530412674E0
5.916045067E1,-7.256234884E-1,3.463610888E0,8.154739380E0
5.918056234E1,-8.165507317E-1,3.926621914E0,7.078567505E0
5.920067396E1,-3.702892959E-1,3.812364578E0,7.543971539E0
5.922078562E1,5.335994363E-1,3.337987661E0,8.931808472E0
5.924089729E1,1.225125194E0,2.939582586E0,9.320044518E0
5.926100890E1,9.667003751E-1,3.143570662E0,8.029714584E0
5.928112057E1,2.691925503E-2,3.853640795E0,6.328417778E0
5.930123218E1,-5.144568682E-1,4.302893162E0,5.582455158E0
5.932134385E1,-3.900300860E-1,4.229912281E0,6.244070530E0
5.934145552E1,-2.512463629E-1,4.067798615E0,7.591229916E0
5.936156713E1,-4.223332107E-1,4.517050743E0,7.426723480E0
5.938167880E1,-4.636093974E-1,5.395216942E0,6.221338749E0
5.940179047E1,-2.398804724E-1,5.656034470E0,6.687939167E0
5.942190208E1,9.068797827E-1,4.569094658E0,9.324232101E0
5.944201375E1,1.558325768E0,3.457030535E0,1.195693493E1
5.946212536E1,1.314257860E0,3.304488182E0,1.349133205E1
5.948223703E1,6.125625968E-1,4.180261135E0,1.134855938E1
5.950234864E1,8.213363886E-1,5.026721954E0,9.763314247E0
5.952246031E1,3.906283081E-1,5.653043270E0,8.874381065E0
5.954257198E1,-5.874379873E-1,5.916851997E0,8.235497475E0
5.956268359E1,-1.378864050E0,5.508277893E0,8.912666321E0
5.958279526E1,-2.051845312E0,4.430311203E0,1.203111267E1
5.960290687E1,-1.184447169E0,3.032902718E0,1.462134266E1
5.962301854E1,-1.896311939E-1,2.496910334E0,1.406441307E1
5.964313021E1,-4.408775866E-1,3.268595695E0,1.048893833E1
5.966324182E1,-1.059422255E0,4.355535507E0,7.208378315E0
5.968335349E1,-1.077966571E0,4.850849628E0,6.071787357E0
5.970346510E1,-9.744769931E-1,4.671986103E0,7.542775154E0
5.972357677E1,-1.606780410E0,4.490729809E0,9.229117393E0
5.974368838E1,-2.259422779E0,4.442873478E0,1.034955597E1
5.976380005E1,-2.237289190E0,4.190430641E0,1.098066330E1
5.978391166E1,-1.079761267E0,3.628715515E0,1.064746284E1
5.980402333E1,-3.535395563E-1,3.498306751E0,9.789635658E0
5.982413500E1,-1.830509305E-1,3.674777269E0,8.399405479E0
5.984424661E1,1.016949639E-1,3.756731510E0,7.119245529E0
5.986435828E1,1.830509305E-1,3.839283943E0,6.865606308E0
5.988446989E1,1.788634956E-1,3.803391695E0,7.281359196E0
5.990458156E1,-5.264209956E-2,3.775874138E0,7.776075363E0
5.992469317E1,-9.002995491E-1,3.990031719E0,7.920242786E0
5.994480484E1,-1.086939692E0,4.319045067E0,7.063014030E0
5.996491651E1,-7.573283911E-1,4.711467743E0,6.321837425E0
5.998502812E1,-2.069791555E-1,4.820341110E0,6.904489517E0
6.000513979E1,-2.943171859E-1,4.734797955E0,8.562715530E0
6.002525140E1,-6.789634228E-1,5.047060966E0,9.436096191E0
6.004536307E1,4.845465720E-1,4.862215519E0,8.911469460E0
6.006547469E1,1.125224829E0,4.572684288E0,9.843474388E0
6.008558635E1,8.668000102E-1,4.917250633E0,1.049192905E1
6.010569797E1,1.311864972E0,5.374877930E0,9.285946846E0
6.012580963E1,1.907079697E0,5.298905849E0,8.605188370E0
6.014592125E1,1.446461320E0,4.473979950E0,1.066421223E1
6.016603291E1,6.448656917E-1,3.596412420E0,1.268913841E1
6.018614453E1,-2.452643216E-2,3.128017426E0,1.336690521E1
6.020625620E1,1.974078640E-2,3.200400352E0,1.134377384E1
6.022636781E1,-3.708875179E-2,3.749552965E0,8.400003433E0
6.024647948E1,-4.630111754E-1,4.142574310E0,6.812964439E0
6.026659109E1,-7.531409264E-1,4.342973232E0,6.455835342E0
6.028670276E1,-1.007976532E0,4.361517429E0,7.026523590E0
6.030681437E1,-6.101697683E-1,4.088735580E0,7.762914658E0
6.032692604E1,-1.489532143E-1,3.647858143E0,8.508278847E0
6.034703765E1,-3.990031779E-1,3.488137245E0,9.055637360E0
6.036714932E1,-7.776673436E-1,3.454039574E0,9.105288506E0
6.038726094E1,-5.318048596E-1,3.486342669E0,7.761120319E0
6.040737260E1,-2.506481707E-1,3.454637766E0,6.333801746E0
6.042748422E1,-6.586244106E-1,3.750749588E0,5.539384365E0
6.044759588E1,-7.716853023E-1,3.999004841E0,5.475974560E0
6.046770750E1,-1.034895778E-1,3.833301783E0,6.401398659E0
6.048781916E1,7.627122402E-1,3.382853031E0,8.282755852E0
6.050793078E1,1.232303619E0,3.171686411E0,9.528220177E0
6.052804245E1,1.141376376E0,3.420539856E0,9.148957253E0
6.054815406E1,1.256830096E0,3.668795347E0,8.268997192E0
6.056826573E1,1.117448211E0,3.927220106E0,7.971090317E0
6.058837734E1,6.376872063E-1,4.405784607E0,7.645666599E0
6.060848901E1,-5.144568533E-2,4.761716843E0,8.136195183E0
6.062860062E1,-6.155536175E-1,4.797011375E0,9.757332802E0
6.064871229E1,-8.512466550E-1,4.693521500E0,1.111406326E1
6.066882390E1,-5.479564071E-1,4.685744762E0,1.149033451E1
6.068893557E1,-6.221338734E-2,4.645665169E0,1.127258778E1
6.070904718E1,1.393819153E-1,4.585246563E0,1.142453194E1
6.072915885E1,1.914258115E-2,4.816154003E0,1.068634605E1
6.074927047E1,-3.792623878E-1,5.032105923E0,1.028853893E1
6.076938208E1,-5.928218365E-1,4.786841869E0,1.076231766E1
6.078949375E1,-3.744767308E-1,3.967898130E0,1.263051414E1
6.080960536E1,3.529413417E-2,3.038884640E0,1.414218044E1
6.082971703E1,2.943171859E-1,2.584846735E0,1.373839092E1
6.084982864E1,2.021935135E-1,2.787040234E0,1.110748291E1
6.086994031E1,5.629115105E-1,3.053241730E0,8.737391472E0
6.089005192E1,1.261017561E0,3.077768087E0,7.325626373E0
6.091016359E1,9.948160052E-1,3.128615618E0,7.442276478E0
6.093027520E1,-4.396811724E-1,3.457030535E0,8.409575462E0
6.095038682E1,-1.113260746E0,3.649054527E0,8.615956306E0
6.097049849E1,-1.302293777E0,3.781257868E0,8.329415321E0
6.099061010E1,-1.111466169E0,3.635295868E0,8.696115494E0
6.101072177E1,-4.636093974E-1,3.039483070E0,9.933803558E0
6.103083338E1,-3.457628787E-1,2.794218540E0,1.043390274E1
6.105094505E1,-4.438686073E-1,3.020340443E0,9.148359299E0
6.107105666E1,-7.363911867E-1,3.420539856E0,7.457231998E0
6.109116828E1,-1.374676585E0,3.768097401E0,6.732206345E0
6.111127995E1,-1.499103427E0,3.632902861E0,7.306483746E0
6.113139156E1,-1.233500123E0,3.230908871E0,8.691927910E0
6.115150323E1,-6.257231236E-1,2.953341246E0,8.590232849E0
6.117161484E1,-6.669993401E-1,2.998206854E0,8.691329956E0
6.119172646E1,-5.706881881E-1,2.993421078E0,8.603393555E0
6.121183812E1,-2.431705952E0,3.460619688E0,1.021256733E1
6.123194974E1,-1.918445587E0,4.180261135E0,8.438887596E0
6.125206140E1,-1.136590764E-1,4.098905087E0,6.067001820E0
6.127217302E1,-4.558327198E-1,3.769293785E0,8.050053596E0
6.129228463E1,-2.398804724E-1,3.302095175E0,9.445667267E0
6.131239630E1,-5.024927482E-2,3.178864956E0,9.345169067E0
6.133250791E1,-2.392822644E-3,3.478565931E0,9.014959335E0
6.135261958E1,-4.636093974E-1,3.714258909E0,8.876773834E0
6.137273120E1,-7.573283911E-1,3.755535126E0,8.961120605E0
6.139284281E1,-8.189435601E-1,3.581457376E0,9.910472870E0
6.141295448E1,-6.000002623E-1,3.649652719E0,9.325428009E0
6.143306609E1,-5.066801906E-1,3.946362734E0,8.391031265E0
6.145317770E1,7.316055298E-1,3.724428415E0,8.280363083E0
6.147328937E1,1.931606054E0,2.562713146E0,1.029153061E1
6.149340099E1,1.293918848E0,2.191227436E0,1.135693455E1
6.151351260E1,5.605186820E-1,2.011167526E0,1.136112213E1
6.153362427E1,-2.063809484E-1,2.136192322E0,1.045962620E1
6.155373588E1,-1.491326690E0,2.886342287E0,8.895915985E0
6.157384755E1,-8.452646136E-1,2.623131752E0,9.748957634E0
6.159395916E1,-3.469592705E-2,2.698505640E0,9.497113228E0
6.161407078E1,-1.244267747E-1,2.832503796E0,9.970293999E0
6.163418245E1,-1.333998680E0,3.109472990E0,1.101356411E1
6.165429406E1,-1.437488198E0,3.211766243E0,9.808777809E0
6.169380482E1,-1.359123230E0,4.612763882E0,8.781061172E0
6.171391633E1,-1.252044439E0,5.260620594E0,7.628318787E0
6.173402790E1,-6.101697683E-2,5.020740032E0,7.676773071E0
6.175413941E1,2.279163599E-1,4.651049137E0,8.603992462E0
6.177425097E1,-9.122636318E-1,4.941178799E0,9.582656860E0
6.179436248E1,-1.279561877E0,4.889134884E0,9.811769485E0
6.181447404E1,-1.635494232E0,5.003990173E0,9.249456406E0
6.183458555E1,-1.435095429E0,5.018945694E0,8.771489143E0
6.185469711E1,-5.509474277E-1,4.779663086E0,8.333602905E0
6.187480862E1,-4.797609448E-1,4.700101852E0,7.949554920E0
6.189492019E1,-1.165304661E0,5.059623718E0,7.707281590E0
6.191503170E1,-1.290329576E0,5.091328144E0,7.582256794E0
6.193514326E1,-8.745766878E-1,4.804787636E0,7.954340458E0
6.195525477E1,-2.159522474E-1,4.651049137E0,8.249854088E0
6.197536633E1,2.255235314E-1,4.794618607E0,8.353343964E0
6.199547784E1,4.163511395E-1,5.053043365E0,8.223533630E0
6.201558941E1,1.986042857E-1,5.152943611E0,9.251250267E0
6.203570092E1,1.058823988E-1,4.998606682E0,1.135932732E1
6.205581248E1,-1.471585929E-1,5.067399979E0,1.187916756E1
6.207592399E1,-1.232303679E-1,5.255236626E0,1.065643597E1
6.209603555E1,6.580262445E-3,5.325825214E0,1.047338486E1
6.211614706E1,2.057827413E-1,5.205585480E0,1.098485088E1
6.213625862E1,3.290131092E-1,5.006382942E0,1.142871952E1
6.215637013E1,1.920240223E-1,5.188836098E0,1.114756203E1
6.217648170E1,-1.830509305E-1,5.464608669E0,9.775876999E0
6.219659321E1,-3.966103494E-1,6.062216282E0,6.187839508E0
6.221670472E1,-4.247260094E-1,6.507879257E0,5.363512039E0
6.223681628E1,-1.939382792E0,5.797211170E0,1.055892849E1
6.225692779E1,-2.907877684E0,4.816751957E0,1.453579903E1
6.227703935E1,-2.092523336E0,4.121038914E0,1.489532089E1
6.229715086E1,-1.112064362E0,3.867997885E0,1.334237862E1
6.231726243E1,-4.773681164E-1,3.690928936E0,1.179302597E1
6.233737394E1,1.196411322E-3,3.494717360E0,1.050688457E1
6.235748545E1,0.000000000E0,3.248854876E0,1.032861900E1
6.237759701E1,-8.195417523E-1,3.403192043E0,9.546165466E0
6.239770852E1,-1.393221021E0,3.836891174E0,8.020741463E0
6.241782008E1,-7.459624410E-1,3.879363775E0,6.684948444E0
6.243793159E1,-8.255238086E-2,3.480958700E0,7.408777237E0
6.245804310E1,3.314059377E-1,2.981456995E0,8.100900650E0
6.247815467E1,-2.327020019E-1,3.176471949E0,7.552346706E0
6.249826618E1,-2.853440940E-1,3.320041418E0,5.868995667E0
6.251837774E1,-2.153540403E-2,2.861815929E0,4.947160721E0
6.253848925E1,-1.414756417E0,3.145365477E0,4.995615482E0
6.255860076E1,-2.105085611E0,3.448057413E0,5.636293888E0
6.257871232E1,-1.273579836E0,2.936591625E0,8.191828728E0
6.259882383E1,-7.417750359E-1,2.530410051E0,1.075035381E1
6.261893540E1,-1.944168359E-1,2.726023197E0,1.086580753E1
6.263904691E1,-9.152546525E-2,3.227319479E0,9.406784058E0
6.265915842E1,-5.952146053E-1,3.733999729E0,9.120841980E0
6.267926998E1,-1.301097274E0,4.047459602E0,9.364311218E0
6.269938149E1,-1.579262972E0,4.064807415E0,9.739984512E0
6.271949300E1,-1.057627559E0,3.792025566E0,1.090528965E1
6.273960456E1,-7.651050687E-1,3.775275946E0,1.212383366E1
6.275971607E1,-1.000199914E0,4.046263218E0,1.285783291E1
6.277982763E1,-2.644068897E-1,4.009772778E0,1.057268715E1
6.279993914E1,4.013960063E-1,4.314857483E0,7.496115208E0
6.282005066E1,-1.172483116E-1,5.124827862E0,8.230113029E0
6.284016222E1,-9.343972206E-1,4.543372154E0,1.335853100E1
6.286027373E1,-9.391828775E-1,3.031108141E0,1.671207237E1
6.288038524E1,2.512463629E-1,2.634497643E0,1.409731483E1
6.290049680E1,8.638089895E-1,3.433102369E0,1.023290634E1
6.292060831E1,1.158724308E0,3.860819340E0,8.078168869E0
6.294071982E1,1.285543919E0,3.311666489E0,8.129016876E0
6.296083138E1,9.260223508E-1,2.871387243E0,9.632308006E0
6.298094290E1,8.823533654E-1,2.435893536E0,1.015095139E1
6.300105441E1,3.571287692E-1,2.691327333E0,9.040083885E0
6.302116597E1,8.733802289E-2,3.387040377E0,6.534200668E0
6.304127748E1,3.667000830E-1,3.667000771E0,4.739583492E0
6.306138899E1,1.083350420E0,3.172284603E0,4.743172646E0
6.308150055E1,1.533799291E0,2.660220623E0,5.155336380E0
6.310161206E1,1.388435364E0,2.672782898E0,5.390431404E0
6.312172357E1,8.871390224E-1,3.007179976E0,6.081956863E0
6.314183508E1,6.281159520E-1,2.810370207E0,7.388438225E0
6.316194665E1,5.216353536E-1,3.133999348E0,7.243073940E0
6.318205816E1,6.580262184E-1,3.354139090E0,6.965506554E0
6.320216967E1,2.524427772E-1,3.710071564E0,7.486543655E0
6.322228123E1,-3.571287692E-1,4.191627026E0,8.569893837E0
6.324239274E1,-2.931207791E-2,4.509872437E0,8.684749603E0
6.326250425E1,6.382854581E-1,4.556532383E0,8.740981102E0
6.328261581E1,8.063812256E-1,4.718048096E0,9.317052841E0
6.330272732E1,4.444667995E-1,5.413761139E0,9.827322960E0
6.332283883E1,7.519445419E-1,5.779862881E0,1.085683441E1
6.334295034E1,8.697910309E-1,5.532206059E0,1.203888893E1
6.336306190E1,1.183848977E0,5.099104881E0,1.413201046E1
6.338317342E1,1.067198873E0,4.700101852E0,1.405005646E1
6.340328493E1,9.302098155E-1,4.141975880E0,1.268076324E1
6.342339644E1,-4.390829504E-1,3.358924866E0,1.207717419E1
6.344350800E1,-2.163709879E0,2.791825771E0,1.351944828E1
6.346361951E1,-2.106282234E0,2.150549412E0,1.352004623E1
6.348373102E1,-1.482353687E0,2.603989124E0,1.024008465E1
6.350384253E1,-1.264008522E0,3.309871912E0,7.608577728E0
6.352395409E1,-1.373480201E0,3.923032761E0,7.113861561E0
6.354406560E1,-5.324030519E-1,3.461816072E0,8.218149185E0
6.356417711E1,6.394818425E-1,2.717050076E0,9.522835732E0
6.358428862E1,5.240281820E-1,2.899502754E0,9.326025963E0
6.360440019E1,-1.339980662E-1,3.311666489E0,7.167700291E0
6.362451170E1,-6.077769399E-1,3.669393539E0,4.644468784E0
6.364462321E1,-2.997010350E-1,3.309273720E0,4.582853794E0
6.366473472E1,3.643072546E-1,2.402992249E0,7.919644833E0
6.368484623E1,8.733802289E-2,2.176870346E0,1.060439205E1
6.370495779E1,-4.546362907E-2,2.525624275E0,9.928419113E0
6.372506930E1,-2.991028363E-3,2.965903759E0,7.704888821E0
6.374518081E1,-2.530409992E-1,3.406781197E0,6.473781586E0
6.376529232E1,-5.617151260E-1,3.783052683E0,5.904289722E0
6.378540388E1,-9.810572863E-1,4.310071945E0,5.967699528E0
6.380551540E1,-9.834501147E-1,4.587040901E0,6.526423931E0
6.382562691E1,-8.566305041E-1,4.508078098E0,7.633702278E0
6.384573842E1,-6.137589812E-1,4.414159775E0,8.838488579E0
6.386584993E1,-7.848458290E-1,4.828716278E0,8.963513374E0
6.388596149E1,-5.754738450E-1,5.136193752E0,9.157332420E0
6.390607300E1,2.973082066E-1,4.934598446E0,1.062173939E1
6.392618451E1,-1.387837082E-1,5.284548759E0,1.156690502E1
6.394629602E1,-1.895115495E0,6.217151642E0,1.063370419E1
6.396640753E1,-3.564109325E0,7.392027378E0,8.529216766E0
6.398651909E1,-2.446063042E0,6.585047722E0,9.506086349E0
6.400663060E1,-4.827519655E-1,5.074578762E0,1.213639641E1
6.402674211E1,7.465606928E-1,4.282554150E0,1.240917778E1
6.404685362E1,8.374879509E-2,4.759324074E0,1.067677498E1
6.406696513E1,-6.568298340E-1,4.682754040E0,9.622138023E0
6.408707670E1,-4.713860750E-1,3.771686792E0,1.014078236E1
6.410718821E1,-2.883351147E-1,3.004188776E0,1.122951698E1
6.412729972E1,6.723831892E-1,2.645863533E0,1.142991543E1
6.414741123E1,1.739582062E0,2.432304144E0,1.113978577E1
6.416752274E1,1.818545222E0,2.526820660E0,1.009890842E1
6.418763425E1,1.044467092E0,2.751745939E0,8.798408508E0
6.420774576E1,-8.973085321E-3,2.915056229E0,8.248658180E0
6.422785732E1,-9.230313301E-1,3.038884640E0,8.752346992E0
6.424796883E1,-1.023529887E0,2.739781857E0,9.154341698E0
6.426808034E1,-1.229910851E0,2.807379246E0,8.347361565E0
6.428819185E1,-8.751748800E-1,2.894119024E0,6.725626469E0
6.430830336E1,-3.726821244E-1,2.877967358E0,6.011966705E0
6.432841487E1,-3.469592929E-1,2.962912560E0,6.700501442E0
6.434852644E1,-2.662015259E-1,3.054438114E0,7.083951473E0
6.436863795E1,2.315055877E-1,3.120838881E0,6.520441532E0
6.438874946E1,7.794619799E-1,3.323032379E0,5.812166214E0
6.440886097E1,1.244267747E-1,3.580260992E0,7.016354084E0
6.442897248E1,-8.075776696E-1,3.908077478E0,8.820542336E0
6.444908399E1,-1.095314622E0,4.335196495E0,8.928817749E0
6.446919550E1,-1.159920812E0,4.881358147E0,7.679165840E0
6.448930706E1,-1.420738459E0,5.391627789E0,7.761718273E0
6.450941857E1,-1.738385677E0,5.245067120E0,9.772287369E0
6.452953008E1,-1.718644857E0,4.999803066E0,1.209452248E1
6.454964159E1,-7.184450030E-1,5.068596363E0,1.295593834E1
6.456975310E1,2.596212626E-1,5.062614441E0,1.321077347E1
6.458986461E1,1.890329868E-1,4.967499733E0,1.254138184E1
6.460997612E1,-8.536394835E-1,5.504688263E0,1.132223892E1
6.463008763E1,-2.238485575E0,5.799603939E0,9.694520950E0
6.465019920E1,-2.715853691E0,5.383851051E0,9.009575844E0
6.467031071E1,-2.173281193E0,3.975076675E0,1.082154083E1
6.469042222E1,-1.247856975E0,2.727219582E0,1.330050468E1
6.471053373E1,-1.974078715E-1,2.477767944E0,1.267418289E1
6.473064524E1,1.513460279E-1,3.080759048E0,9.208778381E0
6.475075675E1,-3.780659735E-1,3.613760471E0,6.631109715E0
6.477086826E1,-1.861616015E0,4.215555191E0,6.390032768E0
6.479097977E1,-2.576471806E0,4.269991875E0,7.430910587E0
6.481109128E1,-2.450848579E0,4.032504559E0,7.427321434E0
6.483120279E1,-1.825125456E0,3.556930780E0,7.655836105E0
6.485131435E1,-1.192223907E0,2.888136864E0,9.017352104E0
6.487142586E1,-1.695913076E0,3.052643538E0,9.102895737E0
6.489153737E1,-1.939980984E0,3.491726398E0,7.433901787E0
6.491164888E1,-1.619342685E0,3.639483213E0,5.615356445E0
6.493176040E1,-1.077966571E0,3.520440340E0,4.886742115E0
6.495187190E1,-3.421736360E-1,3.305086374E0,5.084748268E0
6.497198342E1,4.905286431E-2,3.085544825E0,6.559325218E0
6.499209493E1,2.691925466E-1,3.098107100E0,7.493722439E0
6.501220644E1,3.457628787E-1,3.739383698E0,6.614958286E0
6.503231795E1,-5.802594870E-2,4.513461590E0,6.371488571E0
6.505242946E1,-3.326023519E-1,5.146961689E0,6.531807423E0
6.507254102E1,-8.578268886E-1,5.623731613E0,6.887740135E0
6.509265253E1,-1.585245013E0,5.846263885E0,8.491529465E0
6.511276404E1,-1.665404558E0,5.487938881E0,1.050748253E1
6.513287555E1,-1.581057549E0,5.291129112E0,1.163928795E1
6.515298706E1,-1.495514154E0,5.393422127E0,1.162193966E1
6.517309857E1,-1.451845169E0,5.608178139E0,1.119541931E1
6.519321008E1,-1.206580877E0,5.656034470E0,1.132223892E1
6.521332159E1,-7.878368497E-1,5.715256691E0,1.124267673E1
6.523343310E1,-6.580262184E-1,5.790032387E0,1.006899738E1
6.525354461E1,-2.053041935E0,5.855237007E0,9.595218658E0
6.527365612E1,-3.834498405E0,5.204389095E0,1.197188950E1
6.529376763E1,-2.879761934E0,3.799802303E0,1.334776306E1
6.531387914E1,-3.014956415E-1,3.000001431E0,1.191625690E1
6.533399071E1,1.510469317E0,3.374478102E0,9.603593826E0
6.535410222E1,1.660618901E0,4.219144344E0,7.803592682E0
6.537421373E1,7.351947427E-1,4.549354076E0,7.527221680E0
6.539432524E1,-3.798605800E-1,4.093521118E0,8.434700012E0
6.541443675E1,-8.877372146E-1,3.722633839E0,9.543174744E0
6.543454826E1,-1.121037364E0,3.854238987E0,9.351150513E0
6.545465977E1,-8.117650747E-1,3.879363775E0,8.570492744E0
6.547477128E1,-1.998006850E-1,3.436093330E0,7.734200954E0
6.549488279E1,-9.511470050E-2,3.264408350E0,6.820741177E0
6.551499430E1,-4.767699242E-1,3.187239647E0,6.509075642E0
6.553510581E1,-5.940182209E-1,2.923431158E0,7.097710133E0
6.555521732E1,9.092725813E-2,2.590828657E0,7.222136974E0
6.557532883E1,4.863412082E-1,3.003590584E0,6.260820389E0
6.559544034E1,8.853443861E-1,3.440280676E0,5.825924873E0
6.561555185E1,1.112662554E0,3.750749588E0,6.573083878E0
6.563566342E1,5.886343718E-1,4.161118507E0,7.867600918E0
6.565577493E1,3.625126183E-1,4.624129772E0,8.078767776E0
6.567588644E1,7.585247755E-1,4.756931305E0,8.109275818E0
6.569599795E1,1.647458434E0,4.479363918E0,9.498309135E0
6.571610946E1,2.204387903E0,4.045664787E0,1.147956657E1
6.573622097E1,1.731207132E0,4.055236340E0,1.160698414E1
6.575633248E1,2.297109663E-1,4.928018093E0,1.054816055E1
6.577644399E1,-1.502094388E0,5.669793129E0,1.029153061E1
6.579655550E1,-2.698505640E0,5.857031822E0,1.028794098E1
6.581666701E1,-3.245863914E0,5.258227825E0,1.079282665E1
6.583677852E1,-3.255435228E0,4.225126743E0,1.183071327E1
6.585689003E1,-2.437089920E0,3.335594654E0,1.236550903E1
6.587700154E1,-4.989035130E-1,2.567498684E0,1.242533016E1
6.589711305E1,7.339983582E-1,2.389831543E0,1.136112213E1
6.591722456E1,3.804588020E-1,2.891128063E0,9.376873970E0
6.593733607E1,-1.065404296E0,3.529413462E0,7.588238716E0
6.595744758E1,-2.663211584E0,4.027718544E0,7.255636692E0
6.597755909E1,-2.424527645E0,3.646063566E0,8.081160545E0
6.599767060E1,-1.257428288E0,3.131008387E0,8.608778000E0
6.601778211E1,-8.057830334E-1,3.046661377E0,8.592626572E0
6.603789362E1,-9.427721500E-1,3.229712248E0,8.292924881E0
6.605800513E1,-4.797609448E-1,3.000599623E0,7.539186001E0
6.607811665E1,2.045863420E-1,2.621935368E0,7.365706444E0
6.609822816E1,4.456632137E-1,2.525624275E0,6.888338089E0
6.611833967E1,-1.387837082E-1,2.980858803E0,6.302694798E0
6.613845118E1,-1.154536963E0,3.873979807E0,5.998806477E0
6.615856274E1,-1.764706731E0,4.539184570E0,5.880361557E0
6.617867425E1,-1.968096614E0,4.975874901E0,5.611168861E0
6.619878571E1,-1.754537225E0,5.081757069E0,6.472585201E0
6.621889727E1,-2.041675806E0,5.070391178E0,8.455039024E0
6.623900873E1,-2.120639086E0,4.932205677E0,1.023529911E1
6.625912024E1,-1.868196249E0,5.133800983E0,9.993623734E0
6.627923175E1,-1.264606714E0,5.336592674E0,9.665208817E0
6.629934326E1,-7.489534616E-1,5.502893925E0,9.844670296E0
6.631945477E1,5.563312769E-2,5.522634506E0,1.015753174E1
6.633956628E1,4.211367965E-1,5.348556995E0,1.131745243E1
6.635967779E1,1.333998591E-1,5.484947681E0,1.242951679E1
6.637978930E1,2.273181453E-2,5.588437080E0,1.233559895E1
6.639990081E1,4.486542568E-2,5.660820007E0,1.172782230E1
6.642001232E1,2.392822690E-2,5.497509956E0,1.193898869E1
6.644012383E1,-9.302098155E-1,5.111069202E0,1.240140152E1
6.646023534E1,-1.685743570E0,4.484149456E0,1.252642632E1
6.648034685E1,-1.723430514E0,4.262215137E0,1.157288647E1
6.650045836E1,-8.111668825E-1,4.250849247E0,9.549755096E0
6.652056987E1,3.942175210E-1,4.393820763E0,7.219744205E0
6.654068138E1,7.453642488E-1,4.561916351E0,5.751747608E0
6.656079290E1,2.877369225E-1,4.374079704E0,6.260820389E0
6.658090440E1,-3.780659735E-1,3.808177233E0,7.413562775E0
6.660101592E1,-7.722834945E-1,3.384647608E0,8.147561073E0
6.662112743E1,-6.843472719E-1,3.032304525E0,8.066205025E0
6.664123894E1,-5.676971674E-1,2.966501951E0,6.999604225E0
6.666135045E1,1.316052489E-2,2.789433002E0,6.181857109E0
6.668146196E1,2.244467735E0,1.948953986E0,6.144170284E0
6.670157347E1,3.379263878E0,1.485344648E0,6.253642082E0
6.672168498E1,2.063809633E0,2.309073925E0,5.056632519E0
6.674179649E1,5.575276613E-1,3.226123095E0,3.906881094E0
6.676190800E1,4.863412082E-1,3.832105398E0,3.939782381E0
6.678201951E1,3.080759048E-1,4.255036831E0,5.889334679E0
6.680213102E1,-2.051845491E-1,4.904688358E0,6.811768055E0
6.682224253E1,-1.944168359E-1,5.207978249E0,8.079365730E0
6.684235399E1,8.973085135E-2,5.584847927E0,9.461818695E0
6.686246550E1,1.200598717E0,5.690132141E0,9.788438797E0
6.688257701E1,2.210968018E0,5.115256786E0,1.046919727E1
6.690268852E1,1.345962763E0,4.808975220E0,1.083888817E1
6.692280003E1,-2.506481707E-1,4.576273441E0,1.194018459E1
6.694291154E1,-1.837687731E0,4.455435753E0,1.341655636E1
6.696302305E1,-2.594418049E0,4.472185612E0,1.374736404E1
6.698313456E1,-1.715055585E0,4.259822369E0,1.294038486E1
6.700324607E1,-8.105686903E-1,4.386641979E0,1.179302597E1
6.702335758E1,-1.854437590E-2,4.327419758E0,1.130010509E1
6.704346909E1,-5.324030295E-2,3.544368505E0,1.347577858E1
6.706358060E1,-1.156331539E0,2.626122952E0,1.631904984E1
6.708369211E1,-1.907079697E0,2.365903378E0,1.709193230E1
6.710380362E1,-1.621137381E0,2.886940479E0,1.314437294E1
6.712391513E1,-8.973084688E-1,3.178266764E0,8.958129883E0
6.714402665E1,-7.112665176E-1,2.852244616E0,7.512865067E0
6.716413810E1,-1.170688510E0,1.737787485E0,9.189037323E0
6.718424961E1,-1.766501307E0,1.160519004E0,1.019222832E1
6.720436112E1,-1.584646821E0,1.103091240E0,9.227322578E0
6.722447263E1,-1.089930773E0,1.240678549E0,7.639684677E0
6.724458414E1,-4.336991012E-1,1.181456208E0,6.172286034E0
6.726469566E1,-1.663011760E-1,1.595414519E0,5.000401020E0
6.728480717E1,-7.567301393E-1,2.246262312E0,5.053641319E0
6.730491868E1,-2.011167526E0,2.997608662E0,6.476772785E0
6.732503019E1,-2.751147747E0,3.418745279E0,7.329215527E0
6.734514170E1,-2.812762976E0,3.265604734E0,8.594420433E0
6.736525321E1,-2.069193363E0,2.956332445E0,9.010173798E0
6.738536472E1,-8.045865893E-1,2.886342287E0,8.266604424E0
6.740547623E1,-3.786641955E-1,3.672384501E0,6.657430649E0
6.742558774E1,-5.479564071E-1,4.665405750E0,5.700301647E0
6.744569920E1,-7.058826685E-1,5.172086239E0,5.592026711E0
6.746581071E1,-8.739784956E-1,5.070391178E0,6.813562393E0
6.748592222E1,-9.804590940E-1,4.788038254E0,8.541778564E0
6.750603373E1,-1.176670551E0,4.896313190E0,8.986844063E0
6.752614524E1,-1.092921734E0,5.161916733E0,8.173283577E0
6.754625675E1,-7.423732281E-1,5.227719307E0,7.363911629E0
6.756636826E1,-6.622136831E-1,5.230710506E0,8.904889107E0
6.758647977E1,-2.997010350E-1,4.719244480E0,1.178883934E1
6.760659128E1,3.230310604E-2,4.652245522E0,1.300678539E1
6.762670274E1,-1.962114573E-1,4.868197441E0,1.248694515E1
6.764681430E1,-1.043270707E0,4.695316315E0,1.282792187E1
6.766692576E1,-1.798206210E0,3.583850145E0,1.359960747E1
6.768703727E1,-1.673181176E0,2.440679073E0,1.419123268E1
6.770714878E1,-5.647061467E-1,1.820937991E0,1.343510056E1
6.772726029E1,2.165504545E-1,1.905285001E0,1.065224838E1
6.774737180E1,1.794617064E-2,2.414358139E0,8.325227737E0
6.776748331E1,-7.202396393E-1,2.642872572E0,7.135396957E0
6.778759482E1,-1.005583763E0,2.106880426E0,7.779664516E0
6.780770628E1,-6.257231236E-1,1.507478237E0,8.371888161E0
6.782781779E1,-3.810569942E-1,1.122832060E0,8.094919205E0
6.784792930E1,-5.832505226E-1,1.269392371E0,7.006184578E0
6.786804081E1,5.270192027E-1,1.052243710E0,5.720042706E0
6.788815232E1,1.926820397E0,6.771687865E-1,5.633302689E0
6.790826383E1,1.468594909E0,2.524427772E-1,8.283951759E0
6.792837534E1,1.459621787E-1,6.975077987E-1,1.015334511E1
6.794848685E1,5.916253924E-1,1.206580877E0,9.357730865E0
6.796859831E1,1.229910851E0,2.197807550E0,7.015157700E0
6.798870982E1,7.836494446E-1,3.148356438E0,6.580860615E0
6.800882133E1,-7.537391037E-2,3.658027649E0,7.423133850E0
6.802893284E1,-1.495514154E0,3.966103554E0,8.712865829E0
6.804904435E1,-2.633899450E0,4.025325775E0,1.035135078E1
6.806915586E1,-2.387438774E0,3.546761274E0,1.224646664E1
6.808926737E1,-1.427916884E0,3.095714331E0,1.261017513E1
6.810937888E1,-6.317051649E-1,3.153740168E0,1.173559856E1
6.812949034E1,-2.620140910E-1,3.292523861E0,1.116431236E1
6.814960185E1,-1.196411345E-2,3.533002615E0,1.095254707E1
6.816971336E1,-7.238288224E-2,3.713660717E0,1.077607632E1
6.818982487E1,-5.341976285E-1,3.858426571E0,1.126361465E1
6.820993638E1,-1.861616015E0,4.130012035E0,1.130668545E1
6.823004790E1,-3.134597778E0,4.418945312E0,1.083170986E1
6.825015940E1,-3.153141975E0,4.237689018E0,1.140299606E1
6.827027092E1,-1.165304661E0,2.489732027E0,1.369113255E1
6.829038237E1,2.817548811E-1,1.183250785E0,1.526561069E1
6.831049388E1,5.120640397E-1,1.325025558E0,1.310548973E1
6.833060540E1,2.171486616E-1,2.491526604E0,8.500502586E0
6.835071690E1,9.631111473E-2,3.344567776E0,4.945366383E0
6.837082842E1,-7.244270444E-1,3.751945972E0,4.275974274E0
6.839093993E1,-2.496910334E0,3.499503136E0,6.667600155E0
6.841105144E1,-3.443271875E0,3.027518749E0,8.950352669E0
6.843116295E1,-2.320439816E0,2.232503414E0,9.199206352E0
6.845127446E1,-6.825526357E-1,1.884945989E0,7.578069210E0
6.847138597E1,2.243271172E-1,1.935793519E0,6.243472576E0
6.849149748E1,-2.111666054E-1,2.276770830E0,6.308676720E0
6.851160894E1,-8.285148144E-1,2.550150633E0,7.272386074E0
6.853172045E1,-8.219345808E-1,2.665006161E0,7.374679565E0
6.855183196E1,-8.937192559E-1,2.888735056E0,7.914260864E0
6.857194347E1,-1.528415442E0,3.466601849E0,8.776275635E0
6.859205498E1,-2.156531334E0,4.055236340E0,9.224929810E0
6.861216649E1,-2.535793781E0,4.419543266E0,8.208578110E0
6.863227800E1,-2.067996979E0,4.676173687E0,7.289135933E0
6.865238951E1,-7.040880919E-1,4.578666210E0,7.689335346E0
6.867250102E1,4.857429862E-1,4.092923164E0,9.184849739E0
6.869261253E1,4.959124923E-1,4.061816216E0,1.040638542E1
6.871272399E1,6.837490797E-1,4.003192425E0,1.099920750E1
6.873283550E1,5.790630579E-1,3.957130432E0,1.197547913E1
6.875294701E1,-8.853443712E-2,4.680959225E0,1.043031406E1
6.877305852E1,-5.886343718E-1,5.212764263E0,9.165108681E0
6.879317003E1,-2.440679073E-1,4.751547337E0,1.021436119E1
6.881328154E1,1.525424421E-1,3.465405464E0,1.301157093E1
6.883339305E1,-5.144568533E-2,2.191227436E0,1.593201160E1
6.885350456E1,-4.450650215E-1,1.578066587E0,1.654038620E1
6.887361607E1,-5.976074338E-1,1.797009826E0,1.389272785E1
6.889372758E1,-4.121637046E-1,2.117049932E0,1.006421185E1
6.891383909E1,-2.213360928E-2,2.617149830E0,7.031907558E0
6.893395055E1,5.916253924E-1,2.672782898E0,6.461817741E0
6.895406206E1,-4.462614357E-1,2.522035122E0,8.334799767E0
6.897417357E1,-1.867598057E0,2.374278307E0,9.808179855E0
6.899428508E1,-1.309472203E0,2.042274237E0,9.023334503E0
6.901439659E1,-1.184447184E-1,1.789233088E0,8.340781212E0
6.903450810E1,-3.457628787E-1,2.028515339E0,7.811967850E0
6.905461961E1,-1.086939692E0,2.522633314E0,6.582056999E0
6.907473112E1,-4.468596280E-1,2.440679073E0,5.612365723E0
6.909484263E1,9.643075466E-1,1.871187329E0,7.082156658E0
6.911495409E1,1.534995675E0,1.649851203E0,8.315656662E0
6.913506560E1,1.831705689E0,1.972284079E0,7.903493404E0
6.915517711E1,1.255633712E0,2.328216314E0,8.194221497E0
6.917528862E1,3.972085714E-1,2.805584431E0,9.401998520E0
6.919540013E1,-3.601198196E-1,3.416352510E0,8.762516975E0
6.921551164E1,1.878365725E-1,4.007977962E0,6.668796539E0
6.923562316E1,1.366301775E0,3.730410576E0,7.337590694E0
6.925573467E1,2.191825628E0,3.011367321E0,9.917053223E0
6.927584618E1,2.436491728E0,2.471187592E0,1.182353497E1
6.929595769E1,1.354935765E0,2.554936409E0,1.277647686E1
6.931606914E1,-1.064806059E-1,3.116651535E0,1.268554878E1
6.933618066E1,-1.238285750E-1,3.473181963E0,1.234696484E1
6.935629217E1,-4.941178858E-1,3.675375462E0,1.101117134E1
6.937640368E1,-2.025524378E0,4.438087940E0,8.900103569E0
6.939651519E1,-2.785843849E0,4.402195454E0,8.327022552E0
6.941662670E1,-2.032702923E0,2.977867842E0,1.176730347E1
6.943673821E1,-5.383851007E-3,1.365703583E0,1.597029686E1
6.945684972E1,1.489532143E-1,1.429113269E0,1.504786301E1
6.947696123E1,-9.337990284E-1,2.682952404E0,1.093460083E1
6.949707269E1,-1.414158225E0,3.275176048E0,8.103293419E0
6.951718420E1,-1.951945066E0,3.269193888E0,7.674978733E0
6.953729571E1,-2.319243431E0,3.082553864E0,8.267202377E0
6.955740722E1,-1.896910191E0,2.583052158E0,8.658429146E0
6.957751873E1,-2.115255117E0,2.494517565E0,8.717052460E0
6.959763024E1,-2.382055044E0,2.600998163E0,8.046463966E0
6.961774175E1,-2.443071842E0,2.644667149E0,7.068996429E0
6.963785321E1,-1.751546144E0,2.392822742E0,7.807182312E0
6.965796472E1,-8.087740541E-1,2.084148407E0,8.482556343E0
6.967807623E1,-5.102694035E-1,2.362912416E0,7.734799385E0
6.969818774E1,-4.504488707E-1,2.804388046E0,6.637091637E0
6.971829925E1,-4.743770957E-1,3.007778168E0,6.745965004E0
6.973841076E1,-3.481557071E-1,3.241676569E0,7.022934437E0
6.975852227E1,-2.177468538E-1,3.808177233E0,6.605386734E0
6.977863378E1,-3.475574851E-1,4.380660057E0,7.108478069E0
6.979874524E1,-6.083751321E-1,4.662415028E0,8.306683540E0
6.981885675E1,-7.064808607E-1,4.731208801E0,9.308079720E0
6.983896826E1,-4.271188378E-1,4.490131855E0,1.025444126E1
6.985907977E1,-6.101697683E-2,4.396213531E0,1.127438164E1
6.987919128E1,3.816552162E-1,4.304687977E0,1.155733299E1
6.989930279E1,8.793623000E-2,4.325624943E0,1.151186943E1
6.991941430E1,-7.573283911E-1,4.657629490E0,1.143649578E1
6.993952576E1,-3.026920557E-1,4.785645485E0,1.011326504E1
6.995963727E1,3.684946895E-1,4.680361271E0,8.602197647E0
6.997974878E1,-5.982056726E-3,4.147958279E0,9.506684303E0
6.999986029E1,-9.134600163E-1,3.293122053E0,1.173141098E1
7.001997180E1,-1.420140266E0,2.839084148E0,1.231944752E1
7.004008331E1,-7.842476368E-1,2.815753937E0,1.042672443E1
7.006019482E1,4.695914388E-1,2.786442041E0,8.610571861E0
7.008030633E1,1.174875975E0,2.752942562E0,7.969295979E0
7.010041779E1,1.249651670E0,2.659622431E0,7.919644833E0
7.012052930E1,1.179661512E0,2.596810818E0,7.905886173E0
7.014064081E1,9.672985673E-1,2.508276224E0,8.228319168E0
7.016075232E1,3.625126183E-1,2.615355253E0,8.342576027E0
7.018086383E1,-3.619144261E-1,2.955136061E0,7.983054638E0
7.020097534E1,-1.447657645E-1,2.937788010E0,7.609176159E0
7.022108685E1,1.740778536E-1,2.793022156E0,8.099704742E0
7.024119831E1,6.490531564E-1,2.641676188E0,8.544171333E0
7.026130982E1,7.040880919E-1,2.803191662E0,8.094321251E0
7.028142133E1,3.415754437E-1,3.161516905E0,7.342974663E0
7.030153284E1,-6.281159073E-2,3.446861029E0,7.141379356E0
7.032164435E1,-7.657032609E-1,3.559921980E0,8.266604424E0
7.034175586E1,-1.352542996E0,3.669991732E0,1.023888779E1
7.036186737E1,-1.369890928E0,3.711267948E0,1.089272690E1
7.038197883E1,-4.947160780E-1,3.782454491E0,1.016471100E1
7.040209034E1,-5.922235921E-2,3.984647989E0,9.337990761E0
7.042220185E1,2.141576260E-1,4.058227062E0,9.381659508E0
7.044231336E1,4.677968323E-1,3.935595036E0,1.018265629E1
7.046242487E1,8.069794178E-1,3.466601849E0,1.160160065E1
7.048253638E1,2.913261652E-1,3.192025423E0,1.249292660E1
7.050264784E1,-4.989035130E-1,3.342773199E0,1.204546928E1
7.052275935E1,-7.722834945E-1,3.810570002E0,1.060379314E1
7.054287086E1,-9.834501147E-1,4.272384644E0,9.105886459E0
7.056298237E1,-6.843472719E-1,4.298107624E0,8.194221497E0
7.058309388E1,-1.663011760E-1,3.426522017E0,9.443274498E0
7.060320540E1,-5.545366406E-1,2.298306227E0,1.257428265E1
7.062331691E1,-1.059422255E0,1.649253011E0,1.516451359E1
7.064342836E1,-8.458628058E-1,1.773081541E0,1.343689537E1
7.066353987E1,-1.399801224E-1,2.510071039E0,9.546165466E0
7.068365138E1,1.076770201E-2,3.014956474E0,8.000402451E0
7.070376290E1,-1.031306505E0,3.224328518E0,9.552147865E0
7.072387440E1,-1.238285661E0,3.151945591E0,9.822537422E0
7.074398592E1,-1.138983607E0,3.287738323E0,8.079963684E0
7.076409737E1,-1.646860242E0,3.686741590E0,6.626922131E0
7.078420888E1,-1.755135417E0,3.519842148E0,7.002595425E0
7.080432040E1,-1.241874933E0,2.831307411E0,8.359326363E0
7.082443191E1,-7.375875711E-1,2.359921217E0,9.568898201E0
7.084454342E1,-5.341976285E-1,2.435295343E0,8.610571861E0
7.086465487E1,-4.486542344E-1,2.770888567E0,7.122834682E0
7.088476638E1,-4.402793646E-1,3.017947674E0,5.906084538E0
7.090487790E1,-7.328019142E-1,3.418745279E0,5.245665550E0
7.092498940E1,-9.146564603E-1,3.702294827E0,5.389235020E0
7.094510092E1,-8.057830334E-1,3.789034605E0,5.569892883E0
7.096521243E1,-8.051848412E-1,3.910470486E0,5.966503143E0
7.098532388E1,-6.813562512E-1,3.858426571E0,6.470790863E0
7.100543540E1,-7.381857634E-1,3.929612875E0,7.415357590E0
7.102554690E1,-1.039681435E0,3.944568157E0,8.934800148E0
7.104565842E1,-1.499103427E0,4.042674065E0,1.105424213E1
7.106576993E1,-1.642074585E0,4.269991875E0,1.230209923E1
7.108588138E1,-1.056431174E0,4.578067780E0,1.201615715E1
7.110599290E1,-1.794617027E-1,4.764110088E0,1.101834965E1
7.112610440E1,1.208375469E-1,5.028516769E0,1.036151981E1
7.114621592E1,2.093719840E-1,5.181657314E0,9.759725571E0
7.116632743E1,-4.127618968E-1,5.029713154E0,9.662816048E0
7.118643894E1,-1.950150490E0,4.478167534E0,1.144128132E1
7.120655040E1,-2.989831924E0,3.597608805E0,1.355354595E1
7.122666190E1,-2.110469580E0,2.617748022E0,1.402194023E1
7.124677342E1,-2.859423161E-1,2.107478619E0,1.271845055E1
7.126688493E1,6.550351977E-1,2.162513494E0,1.049491978E1
7.128699644E1,1.167697430E0,2.340778828E0,8.605188370E0
7.130710790E1,1.553540111E0,2.219941139E0,7.176673412E0
7.132721941E1,8.380861282E-1,2.300100803E0,7.169494629E0
7.134733092E1,-2.542374134E-1,2.475374937E0,8.286943436E0
7.136744243E1,-5.952146053E-1,2.760719061E0,8.766703606E0
7.138755394E1,6.909275651E-1,2.018345833E0,9.724431038E0
7.140766540E1,1.344766378E0,1.444666624E0,1.042911720E1
7.142777690E1,5.234299302E-1,1.957328916E0,9.662816048E0
7.144788842E1,-7.058826834E-2,2.622533560E0,7.831708431E0
7.146799993E1,-4.965107143E-2,2.745165825E0,7.012764931E0
7.148811144E1,1.136590764E-1,2.703889608E0,7.485945702E0
7.150822290E1,9.900303483E-1,2.461616278E0,7.561319351E0
7.152833441E1,1.739582062E0,2.377867460E0,7.174878597E0
7.154844592E1,1.784447432E0,2.537588358E0,7.265207767E0
7.156855743E1,1.450648785E0,2.705684185E0,8.207381248E0
7.158866894E1,1.107278705E0,2.818146944E0,8.997013092E0
7.160878040E1,4.827519655E-1,3.153740168E0,9.031110764E0
7.162889190E1,-4.606183618E-2,3.291327477E0,9.226723671E0
7.164900342E1,-7.082754970E-1,3.257229805E0,1.007737255E1
7.166911493E1,-8.751748800E-1,3.107080221E0,1.141735363E1
7.168922638E1,-1.770688742E-1,2.841476917E0,1.219322586E1
7.170933790E1,3.529413342E-1,2.886940479E0,1.272802162E1
7.172944941E1,3.960121572E-1,3.329612732E0,1.232064342E1
7.174956092E1,-1.100698411E-1,3.940979004E0,1.041176987E1
7.176967237E1,-1.505085468E0,4.384847641E0,1.015573788E1
7.178978388E1,-2.734398127E0,3.658027649E0,1.242054367E1
7.180989540E1,-2.371885538E0,2.217548370E0,1.508315754E1
7.183000690E1,-1.068993568E0,1.487737536E0,1.427139282E1
7.185011842E1,1.788634956E-1,1.498505235E0,1.130010509E1
7.187022987E1,8.225327730E-1,1.832303882E0,8.478368759E0
7.189034138E1,5.437689424E-1,2.050050735E0,7.405786037E0
7.191045290E1,-8.620143533E-1,2.017747641E0,8.495118141E0
7.193056441E1,-2.235494614E0,2.054238319E0,9.551549911E0
7.195067586E1,-2.542374134E0,2.062014818E0,8.989236832E0
7.197078737E1,-2.088335991E0,2.017747641E0,7.978269100E0
7.199089888E1,-1.258026481E0,1.697707653E0,8.115258217E0
7.201101040E1,-5.838487148E-1,1.505683661E0,7.984848976E0
7.203112190E1,-2.117647976E-1,1.457229018E0,7.473981380E0
7.205123336E1,-9.332008660E-2,1.640878081E0,6.710670948E0
7.207134487E1,-2.476571500E-1,1.926820397E0,6.504290104E0
7.209145638E1,-4.558327198E-1,2.472383976E0,6.269793510E0
7.211156790E1,-6.598208547E-1,3.020938635E0,6.439683914E0
7.213167935E1,-7.782655358E-1,3.268595695E0,7.594220638E0
7.215179086E1,-1.083948612E0,3.495315790E0,8.528617859E0
7.217190237E1,-1.296311617E0,3.746562004E0,9.047262192E0
7.219201388E1,-1.319043517E0,4.138386726E0,9.227322578E0
7.221212534E1,-1.060618639E0,4.386044025E0,9.288339615E0
7.223223685E1,-6.251249313E-1,4.323232174E0,9.845867157E0
7.225234836E1,-6.460621208E-2,3.973880291E0,1.049491978E1
7.227245987E1,1.250249892E-1,3.853640795E0,1.105184937E1
7.229257138E1,-2.105683982E-1,4.183850288E0,1.073061275E1
7.231268284E1,-7.088736892E-1,4.466801643E0,9.858428955E0
7.233279435E1,-1.168893814E0,4.926223755E0,9.633503914E0
7.235290586E1,-5.730810165E-1,4.706083775E0,1.066540909E1
7.237301737E1,1.537388563E-1,4.162913322E0,1.229970646E1
7.239312883E1,5.300102234E-1,3.337987661E0,1.356790257E1
7.241324034E1,5.790630579E-1,2.537588358E0,1.401595879E1
7.243335185E1,8.452646136E-1,1.866401672E0,1.346022511E1
7.245346336E1,1.052842021E0,1.758126378E0,1.189771271E1
7.247357482E1,1.144367456E0,1.913061738E0,9.668798447E0
7.249368633E1,8.045865893E-1,2.391027927E0,7.661818027E0
7.251379784E1,1.663011760E-1,2.819343328E0,6.420541286E0
7.253390935E1,-2.368894368E-1,2.696711063E0,7.060023308E0
7.255402081E1,-4.953143001E-1,2.371287346E0,8.120043755E0
7.257413232E1,-2.482553422E-1,2.068595171E0,8.763712883E0
7.259424383E1,4.378865361E-1,1.720439434E0,8.718847275E0
7.261435534E1,5.988038778E-1,1.929811478E0,7.978269100E0
7.263446685E1,4.797609448E-1,2.176870346E0,7.371688366E0
7.265457831E1,4.600201547E-1,2.253440619E0,7.374679565E0
7.267468982E1,5.371887088E-1,2.322234392E0,7.561917782E0
7.269480133E1,6.424728632E-1,2.490928411E0,7.281957626E0
7.271491284E1,9.212366939E-1,2.602194548E0,6.816553593E0
7.273502430E1,1.195813060E0,2.683550596E0,6.692724705E0
7.275513581E1,1.484746456E0,2.620738983E0,7.504489899E0
7.277524732E1,1.415354609E0,2.756531715E0,8.491529465E0
7.279535883E1,9.936196208E-1,3.124428272E0,9.035896301E0
7.281547029E1,7.872386575E-1,3.519842148E0,8.897710800E0
7.283558180E1,5.623133183E-1,3.897309780E0,9.009575844E0
7.285569331E1,5.174478889E-1,3.676572084E0,1.072283649E1
7.287580482E1,1.274776220E0,3.069393158E0,1.283210945E1
7.289591633E1,1.615753531E0,2.834896564E0,1.324427319E1
7.291602779E1,8.195417523E-1,3.424129248E0,1.155314636E1
7.293613930E1,-4.229314029E-1,3.885345697E0,1.031426239E1
7.295625081E1,-1.822134495E0,4.542175770E0,1.118584728E1
7.297636232E1,-9.619147182E-1,4.617549419E0,1.062532902E1
7.299647378E1,2.189432681E-1,4.351946354E0,9.629316330E0
7.301658529E1,-1.205982566E0,4.200600147E0,1.097767162E1
7.303669680E1,-2.353341103E0,3.497110367E0,1.376770306E1
7.305680831E1,-2.526820660E0,3.102892876E0,1.466680622E1
7.307691977E1,-1.917249203E0,2.514258385E0,1.405065441E1
7.309703128E1,-1.047458172E0,2.204986095E0,1.273340607E1
7.311714279E1,-3.499503136E-1,2.426322222E0,1.028973579E1
7.313725430E1,-3.337987661E-1,2.967698336E0,7.432106972E0
7.315736581E1,-1.360319614E0,3.448057413E0,5.951548100E0
7.317747727E1,-2.877369165E0,3.475574970E0,6.980462074E0
7.319758878E1,-3.960121393E0,3.320639610E0,1.098544884E1
7.321770029E1,-5.324030519E-1,2.316850424E0,9.898509026E0
7.323781180E1,1.365105271E0,1.651047587E0,9.326624870E0
7.325792326E1,9.481559992E-1,2.018345833E0,8.340183258E0
7.327803477E1,-1.280160099E-1,2.045265198E0,7.218547821E0
7.329814628E1,-1.301097274E0,2.453241348E0,7.278966427E0
7.331825779E1,-9.936196208E-1,2.552543640E0,7.289734364E0
7.333836925E1,-1.375873089E-1,2.678166628E0,6.354738712E0
7.335848076E1,-3.373879790E-1,3.196212769E0,6.609574318E0
7.337859227E1,-5.700899959E-1,3.510869026E0,6.893123627E0
7.339870378E1,-7.896314859E-1,3.729812384E0,7.430312634E0
7.341881524E1,-6.807580590E-1,3.717249870E0,7.586444378E0
7.343892675E1,-1.674975827E-2,3.622135162E0,7.612166882E0
7.345903826E1,1.555334777E-1,3.827319860E0,7.838288784E0
7.347914977E1,2.165504545E-1,3.981656790E0,7.998608112E0
7.349926123E1,2.751746029E-2,4.076173306E0,8.590831757E0
7.351937274E1,-2.380858511E-1,4.076173306E0,9.434301376E0
7.353948425E1,-2.129612118E-1,4.104887009E0,9.862616539E0
7.355959576E1,3.696911037E-1,4.019343853E0,1.031844902E1
7.357970722E1,3.900300860E-1,3.972085476E0,1.125703430E1
7.359981873E1,8.973085135E-2,4.156930923E0,1.143888855E1
7.361993024E1,2.572284266E-2,4.134797573E0,1.114457130E1
7.364004170E1,4.277170599E-1,3.768097401E0,1.052303600E1
7.366015321E1,3.960121572E-1,3.097508907E0,1.082871914E1
7.368026472E1,5.802594870E-2,2.383849621E0,1.099322510E1
7.370037623E1,5.982056609E-4,2.112862349E0,1.159561825E1
7.372048769E1,-5.324030295E-2,1.914856315E0,1.147777176E1
7.374059920E1,1.070788130E-1,2.315055847E0,1.030409241E1
7.376071071E1,4.193421602E-1,2.863610506E0,9.573683739E0
7.378082222E1,1.701296926E0,2.895315409E0,7.891529083E0
7.381347618E1,-1.198205948E0,5.574080467E0,7.466204643E0
7.383358775E1,-1.596610904E0,5.143970490E0,8.955737114E0
7.385369936E1,-1.523031592E0,5.270790100E0,9.121439934E0
7.387381092E1,-1.145563841E0,4.886143684E0,7.918448448E0
7.389392249E1,-1.440479279E0,5.063810825E0,7.371688366E0
7.391403410E1,-1.745564103E0,5.158327579E0,7.051050186E0
7.393414566E1,-1.416550994E0,5.003392220E0,6.609574318E0
7.395425723E1,-1.040877819E0,4.637290478E0,7.103692055E0
7.397436879E1,-9.002995491E-1,4.403391838E0,7.948956966E0
7.399448040E1,-7.304090858E-1,4.386641979E0,8.461020470E0
7.401459196E1,-5.443671346E-1,4.602594376E0,8.443673134E0
7.403470353E1,-5.910272002E-1,4.767699242E0,8.630312920E0
7.405481514E1,-7.106683254E-1,4.638486862E0,9.853045464E0
7.407492670E1,-8.207381964E-1,4.306482315E0,1.138205910E1
7.409503827E1,-5.413761139E-1,4.078566074E0,1.202931786E1
7.411514983E1,-8.673982024E-1,4.465605259E0,1.177268696E1
7.413526144E1,-1.546361685E0,5.003990173E0,1.098843956E1
7.415537301E1,-1.619342685E0,5.525027275E0,9.937990189E0
7.417548457E1,-1.176670551E0,5.745167255E0,1.006660461E1
7.419559613E1,-1.562513232E0,6.123233318E0,1.083529949E1
7.421570770E1,-1.846062660E0,5.875576019E0,1.140239811E1
7.423581931E1,-1.899901152E0,5.087738991E0,1.085683441E1
7.425593087E1,-2.104487419E0,5.218746185E0,1.044108200E1
7.427604243E1,-1.905285001E0,5.208576679E0,9.775279045E0
7.429615400E1,-1.628913999E0,4.581058979E0,1.045304585E1
7.431626561E1,-2.279163599E0,3.464209080E0,1.410269833E1
7.433637717E1,-1.744367719E0,1.963310957E0,1.657807350E1
7.435648874E1,-1.980060786E-1,1.400399446E0,1.437607861E1
7.437660030E1,-5.312066078E-1,2.663809776E0,9.887143135E0
7.439671186E1,-1.500299811E0,3.909872293E0,6.800402164E0
7.441682348E1,-2.671586514E0,4.344767570E0,6.559325218E0
7.443693504E1,-3.038884640E0,3.485744476E0,8.431708336E0
7.445704660E1,-2.587239504E0,3.001197815E0,8.537590981E0
7.447715816E1,-2.571686029E0,3.324228764E0,8.309076309E0
7.449726973E1,-2.047657967E0,3.454637766E0,7.980661869E0
7.451738134E1,-1.329811215E0,3.058625460E0,7.641479015E0
7.453749290E1,-1.387238979E0,2.685943365E0,8.273782730E0
7.455760446E1,-1.042672515E0,2.310270309E0,9.135796547E0
7.457771603E1,-5.593222976E-1,2.152942181E0,8.598608017E0
7.459782759E1,-6.723831892E-1,2.620738983E0,6.717251301E0
7.461793920E1,-6.005984545E-1,2.943770170E0,5.565107346E0
7.463805077E1,-2.333002090E-1,2.598007202E0,6.687341213E0
7.465816233E1,6.759724021E-2,2.394617319E0,7.992027760E0
7.467827389E1,-7.884350419E-1,3.250051260E0,7.124031067E0
7.469838546E1,-1.792224169E0,4.424927235E0,7.126423836E0
7.471849702E1,-5.150550604E-1,5.006981373E0,8.947361946E0
7.473860863E1,2.039881229E0,4.444668293E0,9.955338478E0
7.475872020E1,2.787040234E0,3.991228104E0,9.985847473E0
7.477883176E1,1.487737536E0,4.663012981E0,1.080718327E1
7.479894332E1,-7.507480979E-1,4.877170563E0,1.354696560E1
7.481905488E1,-1.487139225E0,4.684548378E0,1.268136215E1
7.483916644E1,-1.798206210E0,5.678168297E0,8.925228119E0
7.485927801E1,-8.380861282E-1,5.542973518E0,7.603792191E0
7.487938957E1,4.558327198E-1,4.343571186E0,8.968897820E0
7.489950118E1,4.366901219E-1,2.646461725E0,1.169611740E1
7.491961275E1,-2.485544443E0,2.497508526E0,1.341954803E1
7.493972431E1,-3.022733212E0,2.717648268E0,1.275195026E1
7.495983587E1,-1.344168067E0,2.237289190E0,9.574879646E0
7.497994743E1,-3.625126183E-1,2.188236237E0,7.169494629E0
7.500005900E1,1.238285750E-1,2.339582443E0,6.988836765E0
7.502017056E1,5.778666735E-1,2.169692039E0,8.943174362E0
7.504028212E1,1.056431174E0,2.154736757E0,9.467801094E0
7.506039368E1,-8.015955985E-2,2.755933523E0,7.971090317E0
7.508050530E1,-1.055234790E0,3.753142357E0,5.061418056E0
7.510061686E1,1.698904037E-1,3.916452408E0,6.181857109E0
7.512072842E1,2.028515339E0,2.736790895E0,9.829116821E0
7.514083999E1,2.526820660E0,1.821536183E0,1.071924686E1
7.516095155E1,1.319043517E0,2.037488461E0,9.120243073E0
7.518106311E1,-2.961117923E-1,3.177070379E0,7.164111137E0
7.520117467E1,-4.468596280E-1,3.647858143E0,7.658228874E0
7.522128624E1,-4.474578202E-1,3.366701365E0,9.721440315E0
7.524139780E1,2.979064286E-1,3.191427231E0,1.033878803E1
7.526150936E1,1.111466169E0,3.526422262E0,9.480362892E0
7.528162092E1,1.185045362E0,4.137788773E0,8.309076309E0
7.530173249E1,8.841479421E-1,4.280759811E0,8.305487633E0
7.532184405E1,2.596212626E-1,4.173082829E0,9.400203705E0
7.534195561E1,-4.785645306E-1,4.248456478E0,1.008335495E1
7.536206717E1,-1.229312658E0,4.537389755E0,1.007438183E1
7.538217874E1,-1.628913999E0,4.972883701E0,1.003190899E1
7.540229035E1,-1.146162033E0,4.925027370E0,1.033160973E1
7.542240191E1,-1.770688742E-1,4.794618607E0,1.009472084E1
7.544251348E1,1.992024779E-1,4.504488468E0,1.113380337E1
7.546262504E1,-7.818548083E-1,4.089931965E0,1.209332561E1
7.548273660E1,-2.654836655E0,3.924827337E0,1.277049446E1
7.550284816E1,-2.169692039E0,2.651845694E0,1.465962791E1
7.552295973E1,-4.887340367E-1,1.551147223E0,1.472243977E1
7.554307124E1,2.470589429E-1,2.115853310E0,1.093819046E1
7.556318285E1,-4.737788737E-1,3.600001574E0,6.954739094E0
7.558329441E1,-1.106082320E0,4.585844517E0,5.313262463E0
7.560340598E1,-9.224331379E-1,4.374079704E0,6.241079807E0
7.562351754E1,-3.176472187E-1,3.560520172E0,8.615358353E0
7.564362910E1,-4.642075896E-1,3.094517946E0,1.000917721E1
7.566374066E1,-8.883354068E-1,2.941975355E0,9.560523033E0
7.568385223E1,-9.529415965E-1,2.956930637E0,8.149953842E0
7.570396379E1,-7.543373108E-1,2.995215654E0,7.265805721E0
7.572407535E1,-5.688936114E-1,2.973680258E0,6.643671989E0
7.574418691E1,-4.450650215E-1,2.797807932E0,6.549155712E0
7.576429848E1,-1.098903775E0,2.736192703E0,7.365108013E0
7.578440999E1,-1.676172256E0,2.836691141E0,7.658827305E0
7.580452155E1,-1.819143414E0,3.254238844E0,6.838686943E0
7.582463316E1,-9.451649189E-1,3.421138287E0,5.766702652E0
7.584474467E1,-2.745763958E-1,3.257229805E0,6.010770321E0
7.586485624E1,-6.047859192E-1,3.299104214E0,7.223931789E0
7.588496780E1,-1.060618639E0,3.732803345E0,7.494320393E0
7.590507936E1,-7.938188910E-1,3.957728624E0,6.975078106E0
7.592519092E1,-4.456632137E-1,3.992424488E0,6.847660065E0
7.594530249E1,-4.187439755E-2,3.955335855E0,7.541578770E0
7.596541405E1,8.015955985E-2,4.147958279E0,8.983852386E0
7.598552561E1,-2.566302419E-1,4.578067780E0,9.881759644E0
7.600563717E1,-1.292124271E0,5.524429321E0,8.495717049E0
7.602574874E1,-1.752742529E0,6.513861656E0,6.336194515E0
7.604586030E1,-1.939980984E0,6.945167542E0,6.530013084E0
7.606597186E1,-2.134397745E0,6.903293133E0,7.880761147E0
7.608608342E1,-2.466402054E0,7.017550468E0,8.712266922E0
7.610619499E1,-2.861815929E0,6.926024914E0,1.075992489E1
7.612630655E1,-3.323032379E0,6.671787739E0,1.318624783E1
7.614641806E1,-1.752742529E0,5.924628735E0,1.317787266E1
7.616652962E1,1.734796464E-1,4.948357105E0,1.223270798E1
7.618664118E1,-1.028913707E-1,4.026522160E0,1.335793209E1
7.620675275E1,-1.013958573E0,3.065205812E0,1.489292812E1
7.622686431E1,-1.304686546E0,2.538186550E0,1.437787342E1
7.624697587E1,-7.160521746E-1,2.836092949E0,1.132283688E1
7.626708743E1,1.363908947E-1,3.504288673E0,7.663612843E0
7.628719900E1,4.414757788E-1,4.127020836E0,5.393422127E0
7.630731056E1,1.031306505E0,3.500101328E0,7.829315662E0
7.632742207E1,2.204986095E0,2.289333105E0,1.037886810E1
7.634753363E1,2.487937450E0,1.695913076E0,9.958329201E0
7.636764520E1,9.098708034E-1,2.180459738E0,8.051250458E0
7.638775676E1,-1.322034478E0,3.074178934E0,6.796812534E0
7.640786832E1,-2.380260229E0,3.456432343E0,7.588238716E0
7.642797988E1,-1.619940877E0,2.523231506E0,9.340981483E0
7.644809144E1,-5.078766346E-1,1.868196249E0,9.445667267E0
7.646820296E1,-2.279163599E-1,1.936391711E0,7.993822098E0
7.648831452E1,-6.550351977E-1,2.483151674E0,6.701697826E0
7.650842608E1,-7.872386575E-1,2.817548752E0,6.235695839E0
7.652853764E1,-4.923232496E-1,2.519642353E0,7.484749317E0
7.654864920E1,2.249253243E-1,2.375474691E0,8.345566750E0
7.656876077E1,7.579265833E-1,2.726023197E0,8.297112465E0
7.658887233E1,2.177468538E-1,3.582055569E0,8.127222061E0
7.660898384E1,-6.424728632E-1,4.054039955E0,7.747361660E0
7.662909540E1,-1.255035520E0,4.247858524E0,7.552944660E0
7.664920696E1,-2.015953064E0,4.374079704E0,8.836095810E0
7.666931853E1,-2.109273195E0,4.287340164E0,1.156032467E1
7.668943009E1,-1.326820135E0,4.283750534E0,1.162552929E1
7.670954160E1,-8.530412912E-1,4.638486862E0,1.046680450E1
7.672965316E1,-8.602197170E-1,4.938187599E0,9.574879646E0
7.674976473E1,-1.089332461E0,4.864010334E0,9.568299294E0
7.676987629E1,-1.196411371E0,4.450051785E0,1.088016415E1
7.678998785E1,-1.341177106E0,3.926621914E0,1.227039433E1
7.681009936E1,-1.213759303E0,3.181257725E0,1.392084408E1
7.683021092E1,-1.086939692E0,2.683550596E0,1.513041592E1
7.685032249E1,-7.890332937E-1,2.614158630E0,1.328315639E1
7.687043405E1,-8.769695163E-1,3.278167009E0,9.233304024E0
7.689054561E1,-1.134197950E0,4.076173306E0,5.894120216E0
7.691065712E1,-1.517647743E0,4.407579422E0,4.913661480E0
7.693076868E1,-1.576271892E0,3.865006685E0,6.882356167E0
7.695088025E1,-1.115055323E0,3.235096216E0,8.721240044E0
7.697099181E1,-2.644068897E-1,2.788236618E0,9.608977318E0
7.699110332E1,1.962114573E-1,2.652443886E0,9.399605751E0
7.701121488E1,-1.046859920E-1,2.824128866E0,8.597412109E0
7.703132644E1,-8.949156404E-1,3.007179976E0,8.553144455E0
7.705143801E1,-1.053440213E0,3.108276606E0,8.166703224E0
7.707154952E1,-2.697907388E-1,3.059223652E0,6.737590313E0
7.709166108E1,-1.938186288E-1,3.284747362E0,5.970690727E0
7.711177264E1,-6.658028960E-1,3.540181160E0,6.620940208E0
7.713188420E1,-1.295713425E0,3.760320902E0,7.912466049E0
7.715199572E1,-1.080359459E0,3.707678795E0,8.643473625E0
7.717210728E1,-5.192425251E-1,3.757329702E0,8.914461136E0
7.719221884E1,-2.327020019E-1,4.064807415E0,9.003593445E0
7.721233040E1,-3.864408433E-1,4.521836758E0,8.937192917E0
7.723244191E1,-8.207381964E-1,4.750350952E0,9.794421196E0
7.725255348E1,-1.092323542E0,4.713860512E0,1.082572746E1
7.727266504E1,-8.153542876E-1,4.463212490E0,1.168594742E1
7.729277655E1,-4.354937077E-1,4.244867325E0,1.203230858E1
7.731288811E1,-8.572286963E-1,4.591228485E0,1.180618668E1
7.733299967E1,-1.366301775E0,5.026124001E0,1.136710358E1
7.735311124E1,-9.320043921E-1,5.180460930E0,1.024367332E1
7.737322275E1,-3.882354796E-1,4.717449665E0,9.872187614E0
7.739333431E1,9.152546525E-2,3.787240028E0,1.131147099E1
7.741344587E1,6.215356588E-1,2.470589399E0,1.407637787E1
7.743355738E1,1.240678549E0,1.728814363E0,1.410868073E1
7.745366894E1,1.348953724E0,2.199602127E0,9.870393753E0
7.747378051E1,1.185045362E0,3.056830883E0,6.388836384E0
7.749389202E1,8.087740541E-1,3.262613773E0,5.438287735E0
7.751400358E1,-8.015955985E-2,3.040679455E0,7.103094101E0
7.753411514E1,-8.823533654E-1,3.042474031E0,8.727222443E0
7.755422665E1,-8.380861282E-1,2.898904562E0,8.736793518E0
7.757433822E1,-6.915257573E-1,2.971287489E0,7.987242222E0
7.759444978E1,-3.774677813E-1,3.047259569E0,7.309474945E0
7.761456134E1,-7.118647546E-2,2.861217737E0,7.459026337E0
7.763467285E1,8.195417374E-2,2.663211584E0,7.795815945E0
7.765478441E1,1.160518974E-1,2.686541557E0,7.904689789E0
7.767489592E1,2.644068897E-1,2.877967358E0,7.671389580E0
7.769500749E1,7.453642488E-1,3.011367321E0,7.403991699E0
7.771511905E1,8.141579032E-1,3.197409153E0,7.611568928E0
7.773523056E1,4.522434771E-1,3.570689678E0,7.734200954E0
7.775534212E1,1.016949583E-2,4.033700943E0,7.571488857E0
7.777545368E1,4.007977992E-2,4.126422882E0,8.535796165E0
7.779556520E1,3.870390654E-1,4.022933006E0,9.334999084E0
7.781567676E1,5.312066078E-1,4.126422882E0,9.330213547E0
7.783578832E1,5.359922647E-1,4.123431683E0,9.742975235E0
7.785589983E1,-2.656033039E-1,4.219144344E0,1.095912743E1
7.787601139E1,-1.583450437E0,4.494318962E0,1.253360462E1
7.789612290E1,-2.063211441E0,4.683351994E0,1.351825142E1
7.791623446E1,-9.816554785E-1,4.032504559E0,1.275075340E1
7.793634603E1,-4.905286431E-2,3.168097258E0,1.243370438E1
7.795645754E1,-1.423131227E0,3.072384357E0,1.277946758E1
7.797656910E1,-2.380858421E0,2.754138947E0,1.293799210E1
7.799668061E1,-1.713859200E0,2.795415163E0,1.151665497E1
7.801679217E1,1.166501045E-1,2.804388046E0,8.642276764E0
7.803690374E1,9.966106415E-1,2.946162939E0,6.896713257E0
7.805701525E1,-3.619144261E-1,3.410968781E0,6.850651264E0
7.807712681E1,-2.280958176E0,3.569493294E0,8.233702660E0
7.809723832E1,-2.867797852E0,3.265006542E0,9.863214493E0
7.811734988E1,-2.236690998E0,2.823530674E0,1.039621639E1
7.813746144E1,-1.219143152E0,2.696112871E0,9.715457916E0
7.815757296E1,-8.506484628E-1,2.888136864E0,8.679366112E0
7.817768452E1,-8.009973764E-1,3.068794966E0,8.307880402E0
7.819779603E1,-7.758727670E-1,3.053241730E0,8.592027664E0
7.821790759E1,-2.650051117E-1,2.986242771E0,8.218747139E0
7.823801910E1,1.657029688E-1,3.031108141E0,7.471588612E0
7.825813066E1,-4.785645381E-2,3.209373474E0,7.121638298E0
7.827824223E1,-2.464607358E-1,3.326023579E0,7.320242882E0
7.829835374E1,-1.333998591E-1,3.088535786E0,8.067999840E0
7.831846530E1,-5.168496966E-1,3.183052301E0,7.996214867E0
7.833857681E1,-1.559522152E0,3.850051641E0,6.506084919E0
7.835868837E1,-2.311466694E0,4.694717884E0,5.595017433E0
7.837879988E1,-1.460818172E0,4.722235680E0,6.531807423E0
7.839891144E1,1.322034448E-1,4.176073551E0,8.134998322E0
7.841902296E1,2.662015259E-1,4.041477680E0,9.991230965E0
7.843913452E1,-9.816554785E-1,4.258028030E0,1.115713406E1
7.845924603E1,-2.079961061E0,5.062016487E0,1.003968525E1
7.847935759E1,-1.436890006E0,5.501697540E0,8.755337715E0
7.849946915E1,-4.414757788E-1,5.327619553E0,9.174679756E0
7.851958066E1,-1.328016520E-1,4.641477585E0,1.193480110E1
7.853969223E1,-1.280160099E-1,3.639483213E0,1.404287815E1
7.855980374E1,-2.524427772E-1,3.099901676E0,1.402194023E1
7.857991530E1,2.213360928E-2,3.072384357E0,1.237328625E1
7.860002681E1,7.393822074E-1,3.229114056E0,9.473184586E0
7.862013837E1,1.487139225E0,3.258426189E0,6.872186661E0
7.864024988E1,1.034297585E0,2.970091105E0,6.360720634E0
7.866036144E1,-2.470589429E-1,3.527618885E0,6.269793510E0
7.868047296E1,-5.748756528E-1,3.475574970E0,5.929414749E0
7.870058452E1,-6.478567123E-1,3.032304525E0,7.474579811E0
7.872069603E1,-5.808576941E-1,2.630908489E0,8.806185722E0
7.874080759E1,-1.067198873E0,3.000001431E0,9.482157707E0
7.876091910E1,-1.017547846E0,3.065205812E0,9.818947792E0
7.878103066E1,-4.151547253E-1,2.803789854E0,9.912267685E0
7.880114217E1,3.104687333E-1,2.458027124E0,9.592227936E0
7.882125374E1,3.864408433E-1,2.788236618E0,8.199007034E0
7.884136525E1,4.881358147E-1,3.110071182E0,7.403393269E0
7.886147681E1,5.156532526E-1,3.269193888E0,7.688737392E0
7.888158832E1,5.036891699E-1,3.294916868E0,8.631509781E0
7.890169983E1,1.974078640E-2,3.622733593E0,8.987442017E0
7.892181139E1,-5.162515044E-1,3.978067636E0,9.265008926E0
7.894192290E1,-4.528416991E-1,4.039682865E0,8.897112846E0
7.896203446E1,-7.357929349E-1,4.076771736E0,9.763913155E0
7.898214598E1,-1.109671474E0,4.087539196E0,1.255872917E1
7.900225754E1,-1.013958573E0,4.051048756E0,1.409611797E1
7.902236905E1,-1.275374413E0,4.536791801E0,1.293739414E1
7.904248061E1,-1.074975610E0,4.963312149E0,1.101954651E1
7.906259212E1,-2.392822653E-1,4.828117847E0,1.026042366E1
7.908270368E1,4.923232496E-1,4.138386726E0,1.039860916E1
7.910281520E1,3.936193287E-1,3.235694408E0,1.087059307E1
7.912292670E1,-6.317051649E-1,2.812762976E0,1.156810093E1
7.914303827E1,-1.259821177E0,2.320439816E0,1.238285732E1
7.916314978E1,-1.464407444E0,2.151745796E0,1.228295708E1
7.918326134E1,-8.889335990E-1,1.896910191E0,1.108893871E1
7.920337285E1,-3.320041299E-1,1.661217093E0,1.020479012E1
7.922348441E1,-7.160521746E-1,1.925025821E0,9.114859581E0
7.924359592E1,-1.370489120E0,2.554338217E0,7.905287743E0
7.926370743E1,-2.092523336E0,3.485146284E0,6.867999077E0
7.928381900E1,-1.654636860E0,3.787240028E0,6.052046776E0
7.930393051E1,-1.174277663E0,3.676572084E0,6.671787739E0
7.932404207E1,-1.228714466E0,3.299702406E0,7.949554920E0
7.934415358E1,-1.761715651E0,3.096910715E0,9.098110199E0
7.936426509E1,-2.325823545E0,3.015554667E0,9.376275063E0
7.938437665E1,-2.236690998E0,3.100499868E0,8.563912392E0
7.940448816E1,-1.760519266E0,3.046661377E0,7.829315662E0
7.942459973E1,-1.051047325E0,2.823530674E0,7.319046497E0
7.944471124E1,-4.043870270E-1,2.559721947E0,7.022934437E0
7.946482275E1,-5.437689424E-1,2.784647465E0,6.439085960E0
7.948493431E1,-1.000199914E0,3.050250769E0,6.422336102E0
7.950504582E1,-1.194616675E0,3.154338360E0,6.728617191E0
7.952515733E1,-1.430309772E0,3.381058455E0,6.919445038E0
7.954526889E1,-1.579262972E0,3.950550079E0,6.856035233E0
7.956538040E1,-1.383051515E0,4.378865242E0,6.387042046E0
7.958549191E1,-1.474576950E0,4.864608288E0,6.351149559E0
7.960560348E1,-1.557129383E0,5.041677475E0,7.529016495E0
7.962571499E1,-4.181457460E-1,4.421338081E0,9.077771187E0
7.964582655E1,5.970092416E-1,4.238885403E0,9.544969559E0
7.966593806E1,3.433700502E-1,4.810171604E0,9.208778381E0
7.968604957E1,-8.350951076E-1,5.322834015E0,1.083051395E1
7.970616113E1,-1.857428551E0,5.073382378E0,1.414995670E1
7.972627264E1,-2.107478619E0,4.813162804E0,1.478644753E1
7.974638415E1,-2.014158487E0,5.017749310E0,1.234457207E1
7.976649572E1,-2.094916344E0,4.962714195E0,1.059721375E1
7.978660723E1,-2.120639086E0,4.491328239E0,9.854242325E0
7.980671874E1,-1.928615093E0,3.188436270E0,1.215673542E1
7.982683030E1,-1.926222205E0,2.196012974E0,1.423849106E1
7.984694181E1,-1.247258782E0,1.842473388E0,1.314437294E1
7.986705332E1,-6.293123364E-1,2.255833626E0,9.945169449E0
7.988716488E1,-1.477568001E-1,2.459821701E0,8.071588516E0
7.990727639E1,2.596212626E-1,2.307877541E0,8.119445801E0
7.992738790E1,1.698904037E-1,2.120639086E0,8.843872070E0
7.994749946E1,-4.618147612E-1,2.155933142E0,9.571290970E0
7.996761098E1,-1.487737536E0,2.718246460E0,9.040083885E0
7.998772249E1,-1.524826288E0,2.860619545E0,8.261817932E0
8.000783405E1,-9.553344250E-1,2.436491728E0,8.030911446E0
8.002794556E1,-6.681957245E-1,2.243271112E0,7.816154957E0
8.004805707E1,-4.049852192E-1,2.210369825E0,7.243672371E0
8.006816863E1,-1.968096644E-1,2.259422779E0,7.067800045E0
8.008828014E1,-2.548356056E-1,2.449054003E0,6.854240417E0
8.010839165E1,-2.823530734E-1,2.650051117E0,7.166503906E0
8.012850322E1,-7.058826834E-2,2.561516523E0,8.111070633E0
8.014861473E1,-1.998006850E-1,2.859423161E0,7.871190071E0
8.016872624E1,-9.828519225E-1,3.587439299E0,7.582854748E0
8.018883775E1,-1.468594909E0,4.105485439E0,7.797610760E0
8.020894931E1,-1.241276741E0,4.141975880E0,8.473583221E0
8.022906082E1,-8.620143533E-1,4.078566074E0,9.055637360E0
8.024917233E1,-6.077769399E-1,4.133002758E0,9.138788223E0
8.026928389E1,-7.190431952E-1,4.346562386E0,9.696315765E0
8.028939540E1,-5.988038778E-1,4.228715897E0,1.075992489E1
8.030950691E1,-5.162515044E-1,3.921238184E0,1.181037426E1
8.032961842E1,-4.564309120E-1,3.609572887E0,1.255573845E1
8.034972999E1,-1.167099237E0,4.033102512E0,1.229372501E1
8.036984150E1,-2.131406784E0,4.657629490E0,1.106740284E1
8.038995301E1,-2.830709219E0,5.237888813E0,9.437891006E0
8.041006452E1,-2.573480844E0,4.865206718E0,9.734601021E0
8.043017608E1,-1.431506157E0,3.102892876E0,1.269093323E1
8.045028759E1,-5.916253924E-1,1.881356835E0,1.459741497E1
8.047039910E1,-2.518445849E-1,1.766501307E0,1.284766293E1
8.049051061E1,-2.667997181E-1,2.548356056E0,8.998209953E0
8.051062217E1,-5.844469070E-1,3.247658491E0,6.257231236E0
8.053073368E1,-1.747358680E0,3.939184189E0,5.742774487E0
8.055084520E1,-2.084746838E0,3.813561201E0,6.732206345E0
8.057095670E1,-1.604985833E0,3.229114056E0,7.435696602E0
8.059106827E1,-1.289133191E0,2.832503796E0,8.541180611E0
8.061117978E1,-8.841479421E-1,2.487937450E0,9.360123634E0
8.063129129E1,-5.605186820E-1,2.262413740E0,9.286544800E0
8.065140280E1,-2.135594189E-1,2.281556368E0,8.471788406E0
8.067151431E1,-1.405783296E-1,2.492124796E0,7.351349354E0
8.069162587E1,-2.344966233E-1,2.895315409E0,6.686742783E0
8.071173738E1,-4.743770957E-1,3.187838078E0,6.593422890E0
8.073184889E1,-1.204187989E0,3.566502094E0,6.860820770E0
8.075196040E1,-1.705484390E0,4.093521118E0,7.242475986E0
8.077207196E1,-1.565504193E0,4.197010994E0,7.966903210E0
8.079218348E1,-8.817551732E-1,4.094717979E0,8.148757935E0
8.081229499E1,-4.983053207E-1,4.220340729E0,8.469993591E0
8.083240650E1,4.785645287E-3,4.175475597E0,9.136395454E0
8.085251801E1,4.007977992E-2,4.222733974E0,1.026341438E1
8.087262957E1,-2.123630047E-1,4.843072891E0,9.657432556E0
8.089274108E1,-4.426721856E-2,5.270790100E0,8.724231720E0
8.091285259E1,2.273181453E-2,5.068596363E0,9.531210899E0
8.093296410E1,-5.126622319E-1,4.989633560E0,1.077906799E1
8.095307561E1,-8.410771489E-1,4.835296154E0,1.181815147E1
8.097318717E1,-1.156929731E0,4.753940582E0,1.240020561E1
8.099329868E1,-1.437488198E0,5.165505886E0,1.145264721E1
8.101341020E1,-7.686942816E-1,5.335396290E0,9.406784058E0
8.103352170E1,-2.697907388E-1,5.231308460E0,8.792427063E0
8.105363322E1,-2.943171859E-1,4.590630054E0,1.027298546E1
8.107374473E1,-4.079762697E-1,3.558127165E0,1.248156071E1
8.109385629E1,-1.180259824E0,3.123231649E0,1.352602863E1
8.111396780E1,-1.903490424E0,3.340978622E0,1.229013538E1
8.113407931E1,-1.350748420E0,3.616153240E0,9.268000603E0
8.115419082E1,1.525424421E-1,3.563511133E0,7.204789162E0
8.117430233E1,1.158126116E0,3.329014540E0,6.745965004E0
8.119441384E1,1.293918848E0,3.150749207E0,6.907480717E0
8.121452540E1,8.045865893E-1,2.937189817E0,7.967501163E0
8.123463691E1,-9.032905847E-2,2.995813847E0,8.836693764E0
8.125474842E1,-8.356932998E-1,3.142374277E0,9.263813019E0
8.127485993E1,-7.788637877E-1,3.107678413E0,9.052646637E0
8.129497144E1,-4.289134443E-1,3.026920557E0,8.350951195E0
8.131508296E1,-3.403790295E-1,3.047857761E0,7.671389580E0
8.133519452E1,-4.360919297E-1,3.136392355E0,7.197610378E0
8.135530603E1,-2.189432681E-1,3.096910715E0,7.053442955E0
8.137541754E1,-4.247260094E-2,3.073580742E0,7.297510624E0
8.139552905E1,7.118647546E-2,3.170490026E0,7.584649563E0
8.141564056E1,1.734796353E-2,3.436093330E0,7.489534855E0
8.143575207E1,-2.871387303E-1,3.744169235E0,7.607979774E0
8.145586358E1,-3.762713671E-1,3.900300980E0,7.991429329E0
8.147597509E1,-1.280160099E-1,3.898506403E0,8.576474190E0
8.149608665E1,1.794617064E-2,3.993022680E0,8.876175880E0
8.151619816E1,-5.599204898E-1,4.473979950E0,8.651249886E0
8.153630967E1,-1.200000525E0,4.748556614E0,8.924032211E0
8.155642118E1,-1.337587833E0,4.585246563E0,9.664012909E0
8.157653270E1,-1.128215909E0,3.961317778E0,1.111107159E1
8.159664420E1,-1.071386337E0,3.750151396E0,1.225304699E1
8.161675572E1,-1.191625714E0,3.926023722E0,1.150528908E1
8.163686723E1,-1.843669891E0,4.116851330E0,1.016052341E1
8.165697874E1,-3.389433384E0,4.680361271E0,9.127422333E0
8.167709030E1,-4.433301926E0,4.457230568E0,1.018983555E1
8.169720181E1,-3.757927895E0,2.909672260E0,1.387538052E1
8.171731332E1,-2.291725874E0,1.509272933E0,1.625982857E1
8.173742483E1,-8.237292171E-1,1.311864972E0,1.432343674E1
8.175753634E1,-1.716850251E-1,2.099103689E0,9.842277527E0
8.177764785E1,-3.050848842E-2,3.029911757E0,6.425925255E0
8.179775936E1,-5.419743061E-1,3.677170277E0,5.429314613E0
8.181787087E1,-1.143171072E0,3.614956856E0,6.997809887E0
8.183798238E1,-1.218544960E0,3.218944550E0,8.937192917E0
8.185809389E1,-8.656035662E-1,2.781058073E0,1.020538902E1
8.187820540E1,-4.426721931E-1,2.664407969E0,1.018265629E1
8.189831691E1,-6.520441920E-2,2.641676188E0,9.302696228E0
8.191842848E1,3.290131316E-2,2.653042078E0,8.194221497E0
8.193853993E1,-1.806581169E-1,2.696711063E0,7.615158081E0
8.195865150E1,-1.878365725E-1,2.727219582E0,7.201797962E0
8.197876301E1,1.082752272E-1,2.867797852E0,6.602993965E0
8.199887452E1,1.932204217E-1,3.217748165E0,6.223133564E0
8.201898603E1,2.428714931E-1,3.613162279E0,6.186643124E0
8.203909754E1,2.446661144E-1,3.935595036E0,6.317051888E0
8.205920905E1,2.297109663E-1,4.210769653E0,6.485147476E0
8.207932056E1,3.649054468E-1,4.254438877E0,6.901498795E0
8.209943207E1,-6.460621208E-2,4.414757729E0,7.487740040E0
8.211954358E1,-7.686942816E-1,4.709074974E0,8.038687706E0
8.213965509E1,-1.095314622E0,4.658227444E0,9.007183075E0
8.215976660E1,-8.458628058E-1,4.363910198E0,9.943972588E0
8.217987811E1,-2.033899277E-1,4.106083870E0,1.079402256E1
8.219998962E1,2.267199457E-1,4.120440483E0,1.080359459E1
8.222010113E1,2.344966233E-1,4.281956196E0,1.071206856E1
8.224021264E1,-5.180460811E-1,4.851448059E0,1.055354404E1
8.226032415E1,-1.231107235E0,5.006382942E0,1.068455124E1
8.228043566E1,-2.014158487E0,5.146961689E0,1.112183952E1
8.230054717E1,-1.740778446E0,5.044668198E0,1.080239773E1
8.232065868E1,-1.312463164E0,4.852046013E0,1.053260708E1
8.234077020E1,-1.633101463E0,4.320241451E0,1.212742329E1
8.236088170E1,-1.766501307E0,3.105285645E0,1.450648689E1
8.238099322E1,-1.258026481E0,1.948953986E0,1.582553101E1
8.240110473E1,-4.953143001E-1,1.954936147E0,1.336331654E1
8.242121624E1,-8.733802289E-2,2.789433002E0,9.080761909E0
8.244132775E1,1.615155302E-2,3.418745279E0,6.142375946E0
8.246143926E1,-1.740778536E-1,3.239283562E0,6.543173313E0
8.248155077E1,-7.190431952E-1,2.760719061E0,8.602197647E0
8.250166228E1,-1.393819213E0,2.703291416E0,9.764511108E0
8.252177379E1,-1.524826288E0,2.693720102E0,9.691530228E0
8.254188530E1,-1.299900889E0,2.498705149E0,8.938388824E0
8.256199681E1,-1.198205948E0,2.416152716E0,7.990232944E0
8.258210832E1,-9.846464992E-1,2.384447813E0,7.159325123E0
8.260221983E1,-5.341976285E-1,2.228914261E0,7.241279602E0
8.262233134E1,1.304088384E-1,1.808973908E0,7.336394310E0
8.264244285E1,1.639083475E-1,1.816750646E0,6.867401123E0
8.266255436E1,-4.408775866E-1,2.368894339E0,6.256034851E0
8.268266587E1,-7.262216806E-1,2.968894720E0,6.099903107E0
8.270277738E1,-8.303094506E-1,3.428914785E0,6.897909641E0
8.272288889E1,-4.414757788E-1,3.452843189E0,8.350353241E0
8.274300040E1,1.872383654E-1,3.450450182E0,9.262616158E0
8.276311191E1,2.967100143E-1,3.699902058E0,9.262018204E0
8.278322342E1,-2.733799815E-1,4.263411522E0,8.541180611E0
8.280333493E1,-1.147358418E0,4.747958183E0,8.271389961E0
8.282344644E1,-1.294517040E0,4.603192329E0,9.199206352E0
8.284355796E1,-6.652047038E-1,3.517449379E0,1.211186981E1
8.286366941E1,2.530409992E-1,2.347957134E0,1.498923969E1
8.288378098E1,1.148554832E-1,2.447857618E0,1.399861050E1
8.290389243E1,-1.064207911E0,3.788436413E0,1.045424175E1
8.292400394E1,-2.225923300E0,4.717449665E0,8.465208054E0
8.294411546E1,-2.797209740E0,4.785047054E0,8.732605934E0
8.296422696E1,-2.705684185E0,4.476971149E0,1.005105114E1
8.298433848E1,-2.357528448E0,3.804588079E0,1.171466160E1
8.300444999E1,-2.286342144E0,3.214159012E0,1.342194080E1
8.302456150E1,-2.036890268E0,2.645265341E0,1.440239906E1
8.304467301E1,-1.600200176E0,2.598007202E0,1.274417305E1
8.306478452E1,-8.745766878E-1,2.925225735E0,9.908679008E0
8.308489603E1,-3.792623878E-1,3.275176048E0,8.050651550E0
8.310500754E1,-5.946164131E-1,3.378067255E0,7.411170006E0
8.312511905E1,-7.148557901E-1,2.970091105E0,7.394420147E0
8.314523056E1,-1.070788145E0,2.734398127E0,7.160521984E0
8.316534202E1,-1.436890006E0,2.751745939E0,7.316055298E0
8.318545353E1,-1.747956991E0,2.526820660E0,8.456234932E0
8.320556504E1,-1.511067510E0,2.072782516E0,9.833304405E0
8.322567655E1,-8.572286963E-1,2.160120726E0,9.491728783E0
8.324578806E1,-1.615155302E-2,2.324627161E0,8.265407562E0
8.326589957E1,5.359922647E-1,2.539382935E0,7.314260483E0
8.328601108E1,6.400800496E-2,2.758924484E0,6.439085960E0
8.330612259E1,-6.478567123E-1,2.916850805E0,6.468397617E0
8.332623410E1,-1.040877819E0,2.937189817E0,7.354340553E0
8.334634561E1,-4.636093974E-1,2.807379246E0,7.864609718E0
8.336645707E1,1.351944804E-1,2.743371248E0,8.262416840E0
8.338656858E1,4.725824594E-1,2.711068153E0,9.106484413E0
8.340668009E1,6.376872063E-1,2.758924484E0,9.706484795E0
8.342679160E1,4.552344978E-1,3.088535786E0,9.625727654E0
8.344690311E1,-2.063809484E-1,3.839882135E0,8.992227554E0
8.346701462E1,-4.767699242E-1,4.267599106E0,8.672187805E0
8.348712613E1,-5.156532526E-1,4.066003799E0,9.272188187E0
8.350723764E1,-3.026920557E-1,3.596412420E0,1.055952644E1
8.352734915E1,-9.511470050E-2,3.302693367E0,1.194736385E1
8.354746061E1,-4.025924206E-1,3.455235958E0,1.278664589E1
8.356757212E1,-2.769692242E-1,3.757329702E0,1.164467144E1
8.358768363E1,1.968096644E-1,3.803989887E0,1.022453117E1
8.360779514E1,2.105683982E-1,3.295515060E0,1.057687473E1
8.362790665E1,-2.129612118E-1,2.634497643E0,1.188634682E1
8.364801816E1,-2.739782035E-1,2.766103029E0,1.057747269E1
8.366812967E1,-1.166501045E-1,3.118446112E0,8.020741463E0
8.368824113E1,-2.201396823E-1,3.188436270E0,6.903293133E0
8.370835264E1,-3.786641955E-1,2.666800737E0,7.877770424E0
8.372846415E1,-6.843472719E-1,2.084746838E0,1.008694363E1
8.374857566E1,-1.240678549E0,2.307877541E0,1.084187984E1
8.376868717E1,-1.074975610E0,2.653640270E0,9.929615974E0
8.378879868E1,-6.119644046E-1,2.918047190E0,9.007183075E0
8.380891014E1,-3.786641955E-1,2.881556749E0,8.724231720E0
8.382902165E1,-2.428714931E-1,2.692523718E0,8.808578491E0
8.384913316E1,6.221338734E-2,2.513660192E0,8.758329391E0
8.386924467E1,2.404786795E-1,2.400001049E0,8.671588898E0
8.388935618E1,8.973085321E-3,2.647658348E0,8.107481003E0
8.390946770E1,-3.020938635E-1,3.172284603E0,7.268796921E0
8.392957915E1,-3.463610709E-1,3.523431301E0,7.156932354E0
8.394969066E1,-1.507478207E-1,3.601198196E0,8.014161110E0
8.396980217E1,-7.657032460E-2,3.551547050E0,8.823533058E0
8.398991368E1,-4.253242314E-1,3.499503136E0,9.986445427E0
8.401002520E1,-8.333004713E-1,3.537788391E0,1.084128094E1
8.403013670E1,-5.928218365E-1,3.486940861E0,1.050269699E1
8.405024816E1,-1.082752272E-1,3.372683525E0,1.031246758E1
8.407035967E1,3.218346536E-1,3.194418192E0,1.064806080E1
8.409047118E1,2.703889608E-1,3.187838078E0,1.093579769E1
8.411058270E1,3.290131092E-1,3.192025423E0,1.072343445E1
8.413069420E1,-9.032905847E-2,3.412165165E0,1.057089233E1
8.415080566E1,-4.480560422E-1,3.684348583E0,1.067677498E1
8.417091717E1,-7.495517135E-1,3.883551121E0,9.880562782E0
8.419102868E1,-1.359123230E0,4.089334011E0,9.454640388E0
8.421114020E1,-1.936391711E0,3.627519131E0,1.098185921E1
8.423125170E1,-1.808973908E0,2.493321180E0,1.386760330E1
8.425136322E1,-1.214357495E0,1.788634896E0,1.465723515E1
8.427147467E1,-5.563312769E-1,2.186441660E0,1.125523949E1
8.429158618E1,-3.732803464E-1,2.886940479E0,7.382455826E0
8.431169770E1,-1.391426325E0,3.885943890E0,5.303092957E0
8.433180920E1,-2.320439816E0,4.025924206E0,6.148357868E0
8.435192072E1,-2.641077995E0,3.439682484E0,8.635098457E0
8.437203223E1,-2.063211441E0,2.750549555E0,1.049372387E1
8.439214368E1,-1.034895778E0,2.529811859E0,9.702896118E0
8.441225520E1,-2.955136001E-1,2.813959360E0,7.843074322E0
8.443236670E1,3.786641955E-1,2.636890650E0,7.366304398E0
8.445247822E1,1.465603858E-1,2.459821701E0,7.734799385E0
8.447258967E1,7.058826834E-2,2.483151674E0,7.749754429E0
8.449270118E1,-3.948157430E-1,2.776870728E0,6.841079712E0
8.451281270E1,-9.900303483E-1,3.483351469E0,5.560919762E0
8.453292420E1,-3.649054468E-1,3.676572084E0,5.325825214E0
8.455303572E1,9.206385016E-1,3.545564890E0,6.358327866E0
8.457314723E1,1.241874933E0,3.632902861E0,7.552346706E0
8.459325868E1,6.143572330E-1,3.863810301E0,8.948558807E0
8.461337020E1,-1.477568001E-1,4.049253941E0,1.069591713E1
8.463348171E1,-5.940182209E-1,4.248456478E0,1.153220844E1
8.465359322E1,-4.372883439E-1,4.354937077E0,1.143769264E1
8.467370473E1,1.549352705E-1,4.321437836E0,1.073659515E1
8.469381618E1,2.231307179E-1,4.249652863E0,1.055474091E1
8.471392770E1,4.666004330E-2,4.101896286E0,1.077966595E1
8.473403920E1,-1.872383654E-1,4.195814610E0,1.023529911E1
8.475415072E1,-6.340979785E-2,4.440480709E0,9.387641907E0
8.477426223E1,8.536394835E-1,4.226921082E0,9.723833084E0
8.479437368E1,1.219741344E0,3.461217880E0,1.162612724E1
8.481448520E1,8.721838593E-1,2.321636200E0,1.424985695E1
8.483459670E1,1.214955688E0,1.561915040E0,1.515254974E1
8.485470822E1,1.691725612E0,1.898704767E0,1.236371422E1
8.487481973E1,1.808973908E0,2.554338217E0,8.881559372E0
8.489493124E1,1.321436286E0,3.186043262E0,6.458826542E0
8.491504270E1,8.733802438E-1,2.884547710E0,6.870990276E0
8.493515420E1,7.519445419E-1,2.203789711E0,8.892925262E0
8.495526572E1,6.993024349E-1,2.005783558E0,9.504889488E0
8.497537723E1,4.462614357E-1,2.371885538E0,8.142177582E0
8.499548874E1,1.040877849E-1,2.634497643E0,7.155138016E0
8.501560020E1,-2.512463629E-1,2.790031195E0,6.920042992E0
8.503571170E1,-5.144568533E-2,2.809173822E0,6.653243542E0
8.505582322E1,9.487541914E-1,2.587239504E0,6.705287457E0
8.507593473E1,1.497308731E0,2.307279348E0,7.330412388E0
8.509604624E1,1.184447169E0,2.275574446E0,8.103293419E0
8.511615770E1,7.040880919E-1,2.565704107E0,7.727620602E0
8.513626920E1,3.619144261E-1,3.152543783E0,6.995417118E0
8.515638072E1,1.447657645E-1,3.683750391E0,7.098906517E0
8.517649223E1,4.127618968E-1,3.784249067E0,7.942376614E0
8.519660374E1,9.541380405E-1,3.795614958E0,8.493922234E0
8.521671520E1,1.229910851E0,3.915256023E0,8.821140289E0
8.523682670E1,9.248259664E-1,4.145565033E0,9.363713264E0
8.525693822E1,4.666004181E-1,4.336990833E0,9.859625816E0
8.527704973E1,3.278166950E-1,4.348955154E0,1.066600704E1
8.529716124E1,6.556333899E-1,4.070191383E0,1.218185997E1
8.531727270E1,1.353141189E0,3.725624800E0,1.321555901E1
8.533738420E1,1.649253011E0,3.653241873E0,1.289671612E1
8.535749572E1,9.421738982E-1,3.939782381E0,1.235474110E1
8.537760723E1,-1.800599098E-1,4.533202648E0,1.098425198E1
8.539771874E1,-1.022333503E0,4.945366383E0,1.029751205E1
8.541783020E1,-1.611566067E0,4.939383984E0,1.087537861E1
8.543794170E1,-1.895713687E0,4.459024906E0,1.262453270E1
8.545805322E1,-1.379462242E0,3.436093330E0,1.409791279E1
8.547816473E1,-4.378865361E-1,2.486740828E0,1.404287815E1
8.549827624E1,2.033899166E-2,2.441277266E0,1.164467144E1
8.551838770E1,5.132604837E-1,2.960519791E0,8.142177582E0
8.553849920E1,1.108475089E0,3.652643681E0,6.155536175E0
8.555861072E1,1.170688510E0,3.877569199E0,6.458826542E0
8.557872223E1,-2.721835673E-1,3.988237143E0,8.126026154E0
8.559883374E1,-1.036092162E0,3.626322746E0,1.012283611E1
8.561894520E1,-1.113260746E0,3.127419233E0,1.151186943E1
8.563905670E1,-7.022934556E-1,2.756531715E0,1.150349522E1
8.565916822E1,1.076770201E-2,2.552543640E0,9.969097137E0
8.567927973E1,5.934200287E-1,2.352144718E0,8.007580757E0
8.569939124E1,7.728816867E-1,2.337189436E0,6.591030121E0
8.571950275E1,7.369893789E-1,2.245664120E0,6.903891563E0
8.573961421E1,2.931207716E-1,2.349153519E0,7.518248558E0
8.575972572E1,-3.595215976E-1,2.797807932E0,7.365108013E0
8.577983723E1,-4.253242314E-1,2.860619545E0,7.277770042E0
8.579994874E1,-6.257231236E-1,2.981456995E0,7.902296543E0
8.582006025E1,-5.156532526E-1,3.267997503E0,7.831708431E0
8.584017170E1,-3.720839322E-1,3.619144201E0,7.697710514E0
8.586028322E1,-6.681957245E-1,3.984647989E0,7.968697548E0
8.588039473E1,-1.094716311E0,4.171886444E0,8.476573944E0
8.590050624E1,-1.042074203E0,4.090530396E0,9.311669350E0
8.592061770E1,-7.280163169E-1,3.949353695E0,1.018983555E1
8.594072920E1,-4.755735099E-1,4.171288013E0,1.014796066E1
8.596084072E1,-1.603191197E-1,4.292125702E0,1.007497978E1
8.598095223E1,1.208375469E-1,4.362115860E0,9.787840843E0
8.600106374E1,6.604190469E-1,4.335196495E0,9.334401131E0
8.602117525E1,6.233302951E-1,3.926621914E0,1.030827999E1
8.604128670E1,9.451649338E-2,3.479164124E0,1.113260746E1
8.606139822E1,-1.908276081E-1,3.045464993E0,1.189531994E1
8.608150973E1,-2.673979402E-1,3.026322365E0,1.120199966E1
8.610162124E1,9.690931439E-2,3.375674486E0,9.226723671E0
8.612173275E1,1.674975827E-2,3.895515203E0,7.436294556E0
8.614184420E1,-3.451646566E-1,4.224528313E0,7.193423271E0
8.616195572E1,1.339980662E-1,3.952943087E0,7.716254711E0
8.618206723E1,1.128215909E0,3.317050457E0,8.376075745E0
8.620217874E1,1.208973646E0,2.994019270E0,8.943773270E0
8.622229025E1,3.421736360E-1,3.251846075E0,8.858229637E0
8.624240170E1,-7.585247755E-1,3.455235958E0,8.508877754E0
8.626251322E1,-1.395015597E0,3.802793503E0,7.695317745E0
8.628262473E1,-2.027917206E-1,3.277568817E0,7.475177765E0
8.630273624E1,6.628118753E-1,2.960519791E0,7.952546120E0
8.632284775E1,9.804590940E-1,2.827120066E0,7.673183918E0
8.634295926E1,2.273181528E-1,3.391227961E0,7.159325123E0
8.636307072E1,-2.691925466E-1,3.943969965E0,6.891329288E0
8.638318223E1,-3.487538993E-1,3.999603033E0,7.997411251E0
8.640329374E1,4.313062727E-1,3.741178274E0,8.143971443E0
8.642340525E1,4.630111754E-1,3.664009571E0,8.061419487E0
8.644351676E1,6.281159073E-2,3.885345697E0,8.221140862E0
8.646362822E1,-1.716850251E-1,3.985246181E0,8.455039024E0
8.648373973E1,-5.575276613E-1,4.009174347E0,8.266604424E0
8.650385124E1,-1.055832982E0,4.049253941E0,8.096115112E0
8.652396275E1,-7.387840152E-1,3.809971809E0,8.739186287E0
8.654407426E1,-1.800599098E-1,3.834498405E0,9.804591179E0
8.656418572E1,-4.935196638E-1,4.371088982E0,8.653642654E0
8.658429723E1,-1.051047325E0,5.075775146E0,4.909473896E0
8.660440874E1,-2.353341103E0,5.079364300E0,6.579065800E0
8.662452025E1,-2.168495417E0,3.436691523E0,1.296550941E1
8.664463176E1,-1.047458172E0,3.468396425E0,1.377607822E1
8.666474322E1,-1.451845169E0,4.439882278E0,1.201256752E1
8.668485473E1,-8.685946465E-1,4.857429981E0,8.642875671E0
8.671115815E1,-5.330012441E-1,4.164109707E0,9.082556725E0
8.673126950E1,-5.641079545E-1,4.326223373E0,8.647063255E0
8.675138091E1,-1.007976532E0,4.272384644E0,8.850452423E0
8.677149226E1,-2.025524378E0,4.705485821E0,9.483354568E0
8.679160367E1,-1.065404296E0,4.217947960E0,9.160921097E0
8.681171502E1,-5.676971674E-1,4.074976921E0,9.250652313E0
8.683182643E1,-9.469595551E-1,4.048655987E0,9.576076508E0
8.685193784E1,-1.118644595E0,4.309473515E0,9.146564484E0
8.687204919E1,-9.631111026E-1,4.688137531E0,7.901698589E0
8.689216060E1,-3.613162339E-1,4.845465660E0,7.152146816E0
8.691227195E1,4.151547253E-1,4.681557655E0,7.009773731E0
8.693238336E1,2.769692242E-1,4.675575256E0,7.418348312E0
8.695249471E1,-1.178465188E-1,4.692325115E0,7.660023689E0
8.697260612E1,-5.012963414E-1,4.703093052E0,7.745566845E0
8.699271747E1,-6.311069727E-1,4.584648132E0,8.221140862E0
8.701282888E1,-6.281159520E-1,4.473381996E0,8.859425545E0
8.703294028E1,-5.246263742E-1,4.420739651E0,9.446265221E0
8.705305164E1,-8.673982322E-2,4.596014023E0,9.607182503E0
8.707316304E1,4.360919297E-1,4.896313190E0,9.087940216E0
8.709327440E1,4.606183469E-1,5.098506927E0,8.323433876E0
8.711338580E1,-5.024927482E-2,5.051248550E0,8.236693382E0
8.713349716E1,-4.791627228E-1,4.959722996E0,8.659027100E0
8.715360856E1,-2.362912297E-1,5.255236626E0,8.363512993E0
8.717371992E1,2.991028428E-1,5.489135265E0,7.946564198E0
8.719383132E1,4.875376225E-1,5.431707382E0,8.702695847E0
8.721394268E1,2.255235314E-1,5.204987526E0,1.052542877E1
8.723405409E1,7.417750359E-2,4.806582451E0,1.274477196E1
8.725416544E1,-2.662015259E-1,4.753342152E0,1.352064419E1
8.727427685E1,-5.946164131E-1,5.117649555E0,1.229851055E1
8.729438820E1,-9.134600163E-1,5.408975601E0,1.099980545E1
8.731449961E1,-7.154539824E-1,5.538786411E0,1.035613632E1
8.733461096E1,-2.757728100E-1,5.298905849E0,1.075454140E1
8.735472237E1,3.936193287E-1,4.777270317E0,1.151246834E1
8.737483372E1,5.724828243E-1,4.767699242E0,1.069771194E1
8.739494513E1,-1.345962733E-1,5.165505886E0,8.583653450E0
8.741505648E1,-1.666002750E0,5.474180222E0,8.114061356E0
8.743516784E1,-3.046661377E0,4.556532383E0,1.107996559E1
8.745527924E1,-2.355135679E0,2.578266382E0,1.496351624E1
8.747539060E1,-3.631108403E-1,1.284347534E0,1.572443390E1
8.749550200E1,1.085145116E0,1.527817249E0,1.206221867E1
8.751561336E1,8.572286963E-1,2.657827854E0,6.919445038E0
8.753572476E1,-5.395814776E-1,3.940979004E0,4.968098164E0
8.755583612E1,-1.216750264E0,3.741178274E0,7.503891945E0
8.757594752E1,-1.280160069E0,2.631506681E0,1.052004433E1
8.759605888E1,-1.001994491E0,2.187039852E0,1.014018440E1
8.761617023E1,-6.544370055E-1,2.670988321E0,7.121040344E0
8.763628164E1,-9.990034699E-1,3.242872953E0,6.323033810E0
8.765639299E1,-1.614557028E0,3.366701365E0,7.514659405E0
8.767650440E1,-1.915454507E0,3.237488985E0,9.100502968E0
8.769661575E1,-1.077966571E0,2.703889608E0,9.524630547E0
8.771672716E1,-2.871387079E-2,2.351546526E0,9.458230019E0
8.773683851E1,3.661018610E-1,2.123031855E0,9.449854851E0
8.775694987E1,-6.616154313E-1,2.621935368E0,9.362516403E0
8.777706127E1,-1.649253011E0,3.601198196E0,8.352147102E0
8.779717263E1,-8.309076428E-1,3.944568157E0,6.531209469E0
8.781728403E1,1.402194023E0,3.379862070E0,7.339983463E0
8.783739539E1,8.662018180E-1,3.620340586E0,8.103892326E0
8.785750674E1,-4.037888348E-1,4.514657974E0,7.719245911E0
8.787761815E1,-3.320041299E-1,4.960919380E0,7.368697166E0
8.789772950E1,3.726821244E-1,4.576273441E0,8.093722343E0
8.791784091E1,5.934200287E-1,4.253840446E0,9.036494255E0
8.793795226E1,-3.158525825E-1,4.167698860E0,1.026520920E1
8.795806362E1,-1.588834286E0,4.443471432E0,1.149272728E1
8.797817502E1,-1.597209096E0,4.666602135E0,1.019820976E1
8.799828638E1,-4.091726840E-1,4.075575352E0,9.067003250E0
8.801839778E1,6.759724021E-2,3.130410194E0,9.832706451E0
8.803850914E1,-8.913264424E-2,2.705684185E0,1.057208824E1
8.805862049E1,1.767099500E0,2.330609322E0,8.684749603E0
8.807873190E1,4.232903481E0,2.132004976E0,6.420541286E0
8.809884325E1,2.928814888E0,2.411965132E0,7.643273830E0
8.811895461E1,3.128615618E-1,2.989831924E0,9.888937950E0
8.813906601E1,7.040880919E-1,2.542374134E0,1.077428246E1
8.815917737E1,1.875374794E0,2.199602127E0,1.007737255E1
8.817928872E1,1.628315806E0,2.685345173E0,8.967700958E0
8.819940013E1,1.070189953E0,2.887538671E0,8.935996056E0
8.821951148E1,3.619144261E-1,2.885145903E0,1.005404282E1
8.823962284E1,1.896311939E-1,2.565704107E0,1.033759212E1
8.825973424E1,1.262213886E-1,2.551347256E0,9.680164337E0
8.827984560E1,2.560320199E-1,2.907279491E0,8.471190453E0
8.829995695E1,2.350948304E-1,3.664607763E0,6.838088989E0
8.832006836E1,1.698904037E-1,4.309473515E0,6.811169624E0
8.834017971E1,7.507480979E-1,4.186243057E0,8.205587387E0
8.836029106E1,1.228116274E0,3.992424488E0,9.498908043E0
8.838040247E1,1.155135155E0,4.217350006E0,1.015813065E1
8.840051382E1,8.297112584E-1,4.401597023E0,1.000139999E1
8.842062518E1,7.896314561E-2,4.949553490E0,8.985647202E0
8.844073653E1,-2.494517565E-1,5.409573555E0,8.205587387E0
8.846084794E1,-2.931207791E-2,5.529214859E0,8.487341881E0
8.848095929E1,1.021137118E0,5.098506927E0,9.289535522E0
8.850107065E1,1.518245935E0,4.663611412E0,1.063490009E1
8.852118205E1,7.118647099E-1,4.704887390E0,1.167697430E1
8.854129341E1,-1.393819153E-1,4.847260475E0,1.149093246E1
8.856140476E1,-2.087737769E-1,4.334000111E0,1.082453156E1
8.858151612E1,2.422732860E-1,3.697509289E0,1.128814125E1
8.860162752E1,4.971089065E-1,3.352942705E0,1.127976608E1
8.862173888E1,-4.486542568E-2,3.332603693E0,1.112064362E1
8.864185023E1,-4.408775866E-1,3.029313564E0,1.160100269E1
8.866196159E1,-6.466603279E-1,2.432902336E0,1.290748310E1
8.868207299E1,-3.667000830E-1,2.042274237E0,1.285663605E1
8.870218435E1,2.500499785E-1,1.829911113E0,1.106620693E1
8.872229570E1,2.213360965E-1,2.284547329E0,1.019162941E1
8.874240705E1,-9.870393574E-2,2.240280151E0,9.565906525E0
8.876251846E1,-2.344966233E-1,2.534597397E0,9.010173798E0
8.878262981E1,-2.045863420E-1,2.384447813E0,9.059824944E0
8.880274117E1,-7.118647546E-2,2.133201361E0,8.836693764E0
8.882285252E1,-7.657032460E-2,2.072184324E0,8.254639626E0
8.884296393E1,1.830509305E-1,2.073380709E0,7.612166882E0
8.886307528E1,9.278169870E-1,1.761117458E0,7.316653252E0
8.888318664E1,8.907282352E-1,1.682752490E0,6.848258495E0
8.890329799E1,1.854437590E-2,2.037488461E0,6.457031727E0
8.892340935E1,-6.628118753E-1,2.482553482E0,6.308676720E0
8.894352075E1,-5.599204898E-1,2.755335331E0,5.915655613E0
8.896363211E1,-7.716853172E-2,2.770888567E0,6.358926296E0
8.898374346E1,6.987041831E-1,2.547159672E0,7.382455826E0
8.900385481E1,1.008574724E0,2.352144718E0,8.233104706E0
8.902396617E1,5.246263742E-1,2.664407969E0,8.266005516E0
8.904407758E1,-4.169493318E-1,3.363112211E0,7.386643410E0
8.906418893E1,-1.095314622E0,4.047459602E0,6.632306099E0
8.908430028E1,-7.794619799E-1,4.176073551E0,6.919445038E0
8.910441164E1,-5.036891699E-1,4.200001717E0,8.011170387E0
8.912452299E1,-6.376872063E-1,4.341178417E0,9.501898766E0
8.914463435E1,-9.254241586E-1,4.319643021E0,1.049013424E1
8.916474575E1,-1.319641709E0,4.690530777E0,1.027238750E1
8.918485711E1,-1.748555183E0,5.303691387E0,9.736993790E0
8.920496846E1,-2.425724030E0,6.028118610E0,9.786644936E0
8.922507981E1,-2.082952023E0,5.992824078E0,1.101416302E1
8.924519117E1,-1.121037364E0,5.042873859E0,1.295713425E1
8.926530252E1,-4.971089065E-1,3.868596077E0,1.422951794E1
8.928541393E1,-4.456632137E-1,3.574278831E0,1.326401424E1
8.930552528E1,-6.550351977E-1,4.073780537E0,1.148734283E1
8.932563664E1,-4.223332107E-1,4.059423447E0,1.050688457E1
8.934574799E1,-7.938188910E-1,3.615555048E0,1.070249748E1
8.936585935E1,-1.662413478E0,3.486940861E0,1.080538845E1
8.938597070E1,-5.072783828E-1,2.840280533E0,1.048714352E1
8.940608205E1,5.036891699E-1,2.713460922E0,1.024726295E1
8.942619346E1,4.121637046E-1,3.308675528E0,9.973882675E0
8.944630481E1,-1.429711580E-1,2.898904562E0,9.991230965E0
8.946641617E1,-8.853443861E-1,2.239083767E0,1.036331463E1
8.948652752E1,-2.105684042E0,2.201995134E0,1.003190899E1
8.950663888E1,-2.350948334E0,2.609971285E0,8.673383713E0
8.952675023E1,-9.475577474E-1,2.188236237E0,7.774280548E0
8.954686158E1,3.972085714E-1,1.277767301E0,8.088936806E0
8.956697294E1,9.846464992E-1,6.562315822E-1,8.217551231E0
8.958708435E1,-6.065805554E-1,1.011565804E0,7.635497093E0
8.960719570E1,-2.563909531E0,2.279761791E0,6.647261143E0
8.962730705E1,-1.758724689E0,2.603989124E0,6.297909260E0
8.964741841E1,4.007977992E-2,2.332403898E0,6.671787739E0
8.966752976E1,8.171489239E-1,2.178664923E0,8.078168869E0
8.968764112E1,4.624129832E-1,2.367099762E0,9.287740707E0
8.970775247E1,4.229314029E-1,2.779263496E0,9.048459053E0
8.972786383E1,4.624129832E-1,3.238087177E0,8.315656662E0
8.974797518E1,-1.244267747E-1,3.839882135E0,7.766504288E0
8.976808653E1,-6.975077987E-1,4.237689018E0,7.326224804E0
8.978819789E1,-9.972088337E-1,4.424927235E0,8.215756416E0
8.980830924E1,-1.423729509E-1,3.679563046E0,1.021675491E1
8.982842065E1,4.265206456E-1,3.088535786E0,1.099860954E1
8.984853200E1,-8.404789567E-1,3.292523861E0,1.080957603E1
8.986864336E1,-2.127219439E0,3.188436270E0,1.281954765E1
8.988875471E1,-2.440080881E0,2.809772015E0,1.380120277E1
8.990886606E1,-2.871985435E0,3.418147087E0,1.089452171E1
8.992897742E1,-2.724826813E0,3.977469444E0,8.208578110E0
8.994908877E1,-1.272981644E0,2.995215654E0,9.851848602E0
8.996920013E1,-5.694918036E-1,1.501496196E0,1.514237976E1
8.998931148E1,-8.793623447E-1,1.186840057E0,1.654756546E1
9.000942284E1,-1.252044439E0,2.221735716E0,1.161476135E1
9.002953419E1,-1.852044702E0,3.397209883E0,6.901498795E0
9.004964554E1,-3.171686411E0,4.052245140E0,7.179066181E0
9.006975690E1,-2.873780012E0,3.190230846E0,9.139386177E0
9.008986825E1,-2.188236237E0,2.615953445E0,1.032562828E1
9.010997961E1,-1.652244091E0,2.574677229E0,9.568299294E0
9.013009096E1,-1.170688510E0,2.833101988E0,8.227122307E0
9.015020231E1,-1.612164259E0,3.023929596E0,7.979465485E0
9.017031367E1,-2.362912416E0,2.831307411E0,7.942974567E0
9.019042502E1,-1.817348838E0,2.434098721E0,7.824530125E0
9.021053638E1,-1.543370634E-1,2.458027124E0,7.317849636E0
9.023064773E1,6.658028960E-1,2.748156786E0,7.475177765E0
9.025075909E1,1.085145116E0,2.642872572E0,8.060821533E0
9.027087044E1,4.827519655E-1,2.815753937E0,8.486743927E0
9.029098179E1,-4.265206456E-1,3.156731367E0,7.927421570E0
9.031109315E1,-1.441675663E0,3.690928936E0,8.235497475E0
9.033120450E1,-1.830509305E0,3.962514400E0,8.978468895E0
9.035131586E1,-1.125224829E0,4.046263218E0,9.161520004E0
9.037142721E1,1.375873014E-2,3.918845177E0,9.156135559E0
9.039153856E1,5.294120312E-1,3.721437454E0,1.006241703E1
9.041164992E1,-2.135594189E-1,3.607180119E0,1.070728302E1
9.043176127E1,-1.620539188E0,3.906881094E0,1.109731293E1
9.045187263E1,-1.977069736E0,4.408177376E0,1.018505001E1
9.047198398E1,-2.050050735E0,4.861019135E0,9.845867157E0
9.049209534E1,-1.812563181E0,4.209573269E0,1.227099228E1
9.051220669E1,-1.244267821E0,3.034099102E0,1.420499134E1
9.053231804E1,-3.505485058E-1,2.536990166E0,1.343151188E1
9.055242940E1,2.985046208E-1,2.705085993E0,1.061396313E1
9.057254075E1,3.068794906E-1,3.103491068E0,8.210970879E0
9.059265211E1,7.657032460E-2,3.388834953E0,7.409375191E0
9.061276346E1,-1.704886109E-1,3.264408350E0,7.417750359E0
9.063287481E1,-6.987041831E-1,3.157927752E0,7.875377655E0
9.065298617E1,-1.292124271E0,3.141776085E0,8.452646255E0
9.067309752E1,-8.009973764E-1,3.019144058E0,7.995616913E0
9.069320888E1,-5.353940725E-1,2.806781054E0,7.954938889E0
9.071332023E1,-8.919246197E-1,2.619542599E0,8.875576973E0
9.073343158E1,-2.871387303E-1,2.367099762E0,8.303094864E0
9.075354294E1,6.083751321E-1,2.247458696E0,7.015157700E0
9.077365429E1,9.164510965E-1,2.535195589E0,6.530611038E0
9.079376565E1,3.780659735E-1,2.879761934E0,7.495516777E0
9.081387700E1,2.745763958E-1,3.129812002E0,7.986045361E0
9.083398836E1,5.347958803E-1,3.433102369E0,7.286144733E0
9.085409971E1,4.474578202E-1,3.760320902E0,7.578667641E0
9.087421101E1,1.770688742E-1,3.737588882E0,8.625527382E0
9.089432237E1,-1.034895778E-1,3.680161238E0,9.642477036E0
9.091443372E1,-1.549352705E-1,3.766302824E0,9.582656860E0
9.093454508E1,1.351944804E-1,3.824328899E0,1.001336479E1
9.095465643E1,7.519445419E-1,3.681955814E0,9.588638306E0
9.097476778E1,4.845465720E-1,4.125824451E0,7.902296543E0
9.099487914E1,-1.202393413E0,5.013561726E0,8.190631866E0
9.101499049E1,-2.219342947E0,4.749752998E0,1.126361465E1
9.103510185E1,-1.777867198E0,3.614956856E0,1.419242954E1
9.105521320E1,-1.622333765E0,2.930011272E0,1.377488136E1
9.107532455E1,-1.640878081E0,3.408575773E0,1.145862961E1
9.109543591E1,-1.201196909E0,3.231507063E0,1.069412231E1
9.111554726E1,-1.127019525E0,2.347957134E0,1.211845016E1
9.113565856E1,-5.509474277E-1,1.601994753E0,1.228534985E1
9.115576992E1,-3.200400174E-1,1.823330879E0,1.111226845E1
9.117588127E1,-2.853440940E-1,2.546561480E0,9.216554642E0
9.119599263E1,-1.519442350E-1,2.687139750E0,8.754141808E0
9.121610398E1,-1.806581169E-1,2.343171597E0,9.812367439E0
9.123621534E1,-5.258227587E-1,2.294118643E0,1.058584690E1
9.125632669E1,-5.515456200E-1,2.330011129E0,1.047039413E1
9.127643804E1,-3.146561682E-1,2.435893536E0,8.908478737E0
9.129654940E1,-7.692924738E-1,2.863610506E0,7.789236069E0
9.131666075E1,-8.057830334E-1,2.915654421E0,7.022336483E0
9.133677205E1,-6.592226624E-1,3.026920557E0,6.501298904E0
9.135688341E1,-3.577269912E-1,3.040081263E0,6.326025009E0
9.137699476E1,-2.548356056E-1,2.778665304E0,7.427919865E0
9.139710612E1,-9.864411354E-1,2.913261652E0,8.546564102E0
9.141721747E1,-2.129014015E0,3.591028690E0,9.281160355E0
9.143732883E1,-1.442273855E0,4.130012035E0,8.330014229E0
9.145744018E1,2.715853751E-1,3.232703447E0,8.728418350E0
9.147755153E1,2.751746029E-2,3.509074450E0,9.250054359E0
9.149766284E1,-1.674975902E-1,4.055236340E0,9.071190834E0
9.151777419E1,-7.238288224E-2,4.627120972E0,8.526225090E0
9.153788554E1,1.441675574E-1,4.810770035E0,9.053842545E0
9.155799690E1,3.320041299E-1,4.689334393E0,9.930213928E0
9.157810825E1,-1.794617064E-2,4.839483738E0,1.055713367E1
9.159821961E1,-4.115654826E-1,5.260022163E0,1.024367332E1
9.161833096E1,-1.142572835E-1,5.431707382E0,9.759725571E0
9.163844226E1,5.928218365E-1,5.063212872E0,9.120243073E0
9.165855362E1,1.525424421E-1,4.844269276E0,9.598209381E0
9.167866497E1,-1.003190875E0,4.352544308E0,1.243789196E1
9.169877633E1,-8.021938205E-1,3.008974552E0,1.491446400E1
9.171888768E1,-5.982056633E-2,2.420340061E0,1.428933907E1
9.173899903E1,7.190431952E-1,2.948555708E0,1.020538902E1
9.175911039E1,1.258624673E0,3.758526087E0,6.816553593E0
9.177922174E1,-1.710868180E-1,4.083351612E0,6.705885410E0
9.179933304E1,-2.122433662E0,3.946960926E0,8.915059090E0
9.181944440E1,-1.847259045E0,3.381058455E0,1.007019424E1
9.183955575E1,-8.883354068E-1,3.306282759E0,9.270393372E0
9.185966711E1,-3.332005441E-1,3.652643681E0,7.604390144E0
9.187977846E1,-6.879365444E-2,3.473181963E0,6.823731899E0
9.189988976E1,-3.541377485E-1,2.993421078E0,8.162516594E0
9.192000112E1,-6.544370055E-1,2.530410051E0,9.139386177E0
9.194011247E1,-1.039083242E0,2.467000246E0,8.803194046E0
9.196022383E1,-4.444667995E-1,2.556730986E0,7.419544697E0
9.198033518E1,2.871387303E-1,2.781058073E0,6.102295876E0
9.200044653E1,1.603191197E-1,3.318246841E0,5.720640659E0
9.202055789E1,3.619144261E-1,3.294318676E0,7.082156658E0
9.204066919E1,1.423131227E0,2.866601467E0,7.640282631E0
9.206078054E1,1.579262972E0,3.324826956E0,7.296314240E0
9.208089190E1,9.780662656E-1,4.211368084E0,6.693921566E0
9.210100325E1,2.817548811E-1,5.000999451E0,6.860222340E0
9.212111461E1,-2.129612118E-1,4.868197441E0,8.953942299E0
9.214122591E1,-8.321040869E-1,4.549354076E0,1.116491032E1
9.216133726E1,-1.061216831E0,4.191627026E0,1.294337559E1
9.218144862E1,-1.237687469E0,3.769293785E0,1.391007614E1
9.220155997E1,-9.738788009E-1,3.731008768E0,1.289073372E1
9.222167132E1,-4.414757788E-1,3.685544968E0,1.073480034E1
9.224178263E1,-1.074975610E0,3.114856958E0,1.188574791E1
9.226189398E1,-2.782254457E0,2.157727718E0,1.626640892E1
9.228200534E1,-2.357528448E0,1.287338614E0,1.656132317E1
9.230211669E1,-9.487541914E-1,1.740180254E0,1.190249825E1
9.232222804E1,-5.844469070E-1,2.717050076E0,7.832904816E0
9.234233935E1,-8.524430394E-1,3.409173965E0,6.249454498E0
9.236245070E1,-1.255633712E0,3.360719442E0,7.146164894E0
9.238256205E1,-1.367498159E0,3.083750248E0,8.646464348E0
9.240267341E1,-1.435693622E0,2.882154942E0,9.621540070E0
9.242278476E1,-1.345364571E0,2.822334290E0,9.775876999E0
9.244289606E1,-1.150947690E0,2.903690338E0,9.234500885E0
9.246300742E1,-1.116251707E0,3.034697294E0,9.056235313E0
9.248311877E1,-1.300499082E0,3.018545866E0,8.464012146E0
9.250323013E1,-1.774876237E0,2.729612350E0,8.616554260E0
9.252334143E1,-1.649851203E0,2.481357098E0,8.058428764E0
9.254345278E1,-9.924231768E-1,2.449652195E0,6.918248653E0
9.256356414E1,-5.676971674E-1,2.544766903E0,6.155536175E0
9.258367549E1,-7.920243144E-1,2.718844652E0,6.179464340E0
9.260378685E1,-9.218349457E-1,2.803789854E0,6.163312912E0
9.262389815E1,-1.016351461E0,3.014956474E0,6.339185238E0
9.264400950E1,-1.101296663E0,3.249453068E0,6.640681267E0
9.266412086E1,-8.703892231E-1,3.507878065E0,7.097710133E0
9.268423221E1,-6.137589812E-1,4.022933006E0,7.040880680E0
9.270434351E1,-1.184447184E-1,4.392624378E0,6.923034191E0
9.272445487E1,1.316052489E-2,4.575077057E0,7.806583881E0
9.274456622E1,3.140579760E-1,4.880760193E0,8.618349075E0
9.276467758E1,1.840678811E0,4.843671322E0,9.709476471E0
9.278478893E1,2.274976015E0,4.506881237E0,1.246301651E1
9.280490023E1,4.731806815E-1,4.764708042E0,1.436531067E1
9.282501159E1,-1.615753531E0,5.467001438E0,1.305703449E1
9.284512294E1,-2.676970243E0,5.879763603E0,1.078804111E1
9.286523429E1,-1.810170293E0,5.171487808E0,1.047099209E1
9.288534560E1,3.996013701E-1,3.650250912E0,1.378564930E1
9.290545695E1,1.596610904E0,2.236092806E0,1.608216095E1
9.292556830E1,1.275972724E0,2.283949137E0,1.416670609E1
9.294567966E1,-3.062812984E-1,3.277568817E0,9.978668213E0
9.296579096E1,-1.482353687E0,4.335794449E0,6.655636311E0
9.298590231E1,-1.512263894E0,4.175475597E0,6.220740795E0
9.300601367E1,-1.431506157E0,3.164507866E0,8.300103188E0
9.302612502E1,-1.419542074E0,2.303091764E0,9.954740524E0
9.304623633E1,-1.513460279E0,2.137987137E0,8.756534576E0
9.306634768E1,-6.705885530E-1,1.816750646E0,7.086344242E0
9.308645903E1,1.316052437E0,1.215553880E0,7.136593342E0
9.310657039E1,2.478964329E0,1.660618901E0,7.050451756E0
9.312668169E1,2.177468538E0,2.384447813E0,7.542775154E0
9.314679304E1,1.496710539E0,2.481955290E0,7.592426300E0
9.316690440E1,1.016949654E0,2.635694027E0,7.460821152E0
9.318701575E1,3.260220885E-1,2.957528830E0,7.309474945E0
9.320712705E1,3.487538993E-1,3.363710403E0,7.238288403E0
9.322723841E1,4.217349887E-1,3.722035646E0,7.247859955E0
9.324734976E1,-3.684946895E-1,4.524827480E0,7.562515736E0
9.326746112E1,-3.834498227E-1,4.977071285E0,7.811369419E0
9.328757242E1,2.907279432E-1,4.896313190E0,8.302495956E0
9.330768377E1,4.271188378E-1,4.989035130E0,8.739186287E0
9.332779513E1,7.292127013E-1,5.114060402E0,8.910273552E0
9.334790648E1,8.668000102E-1,5.257629395E0,9.477970123E0
9.336801778E1,3.750749528E-1,4.869394302E0,1.228475189E1
9.338812914E1,-5.102694035E-1,4.159324169E0,1.485763359E1
9.340824049E1,-2.029113531E0,4.643870354E0,1.359242916E1
9.342835179E1,-2.868396044E0,5.283950806E0,1.073001480E1
9.344846315E1,-2.613560438E0,4.643272400E0,1.073719311E1
9.346857450E1,-1.167099237E0,3.155534744E0,1.280399418E1
9.348868586E1,7.824530005E-1,2.169692039E0,1.266042423E1
9.350879716E1,2.042872429E0,2.058425665E0,1.035673428E1
9.352890851E1,1.618744493E0,3.135195971E0,6.039484501E0
9.354901987E1,-8.973085321E-3,4.482953072E0,3.687937975E0
9.356913122E1,-1.438684583E0,4.534399033E0,5.225924492E0
9.358924252E1,-2.494517565E0,3.925425529E0,8.422137260E0
9.360935388E1,-2.181057930E0,3.077768087E0,1.078684425E1
9.362946523E1,-1.449452281E0,2.613560438E0,1.025982571E1
9.364957653E1,-8.590233326E-1,2.799602509E0,7.970492363E0
9.366968789E1,-7.178468108E-1,3.031706333E0,6.513861656E0
9.368979924E1,-3.828516230E-2,2.952743053E0,6.562315941E0
9.370991060E1,1.701296926E0,2.331207514E0,7.724031448E0
9.373002190E1,1.076171994E0,2.702693224E0,9.613762856E0
9.375013325E1,-1.155135155E0,3.808177233E0,9.311669350E0
9.377024461E1,-1.808375716E0,4.974080086E0,6.928418159E0
9.379035596E1,-1.369292736E0,5.291727066E0,6.528218269E0
9.381046726E1,-6.047859192E-1,4.992026329E0,8.581260681E0
9.383057862E1,1.094716340E-1,4.174877167E0,1.122652531E1
9.385068997E1,-2.219343036E-1,4.210769653E0,1.113799095E1
9.387080127E1,-9.541380405E-1,4.981258392E0,9.915258408E0
9.389091263E1,-1.621735573E0,5.525625706E0,9.960124016E0
9.391102398E1,-1.849651933E0,5.738586903E0,1.032263660E1
9.393113528E1,-8.195417523E-1,5.821139336E0,9.620343208E0
9.395124664E1,9.690931439E-2,5.941378593E0,8.636893272E0
9.397135799E1,-1.148554832E-1,5.628517151E0,9.421739578E0
9.399146935E1,-1.003190875E0,4.246662140E0,1.252642632E1
9.401158065E1,-1.863410592E0,3.251247883E0,1.401775360E1
9.403169200E1,-1.520638824E0,2.977867842E0,1.234277725E1
9.405180336E1,-8.315058798E-2,3.540779352E0,9.047262192E0
9.407191466E1,5.377869010E-1,4.447659016E0,6.510870457E0
9.409202601E1,-5.856433511E-1,4.808975220E0,6.973881721E0
9.411213737E1,-1.174277663E0,3.981058598E0,9.439684868E0
9.413224872E1,-9.176474810E-1,2.964707375E0,1.062951660E1
9.415236002E1,-1.142572835E-1,3.039483070E0,8.925827026E0
9.417247138E1,5.563312769E-1,3.184846878E0,8.196015358E0
9.419258273E1,1.431506157E0,2.587239504E0,8.070392609E0
9.421269403E1,2.285145521E0,2.124826431E0,7.723433495E0
9.423280539E1,1.374078393E0,2.502294302E0,7.173682213E0
9.425291674E1,2.787638307E-1,3.032902718E0,6.558128834E0
9.427302810E1,4.247260094E-2,3.078366280E0,6.751348972E0
9.429313940E1,6.795616150E-1,2.937788010E0,6.443273067E0
9.431325075E1,1.423729420E0,3.034099102E0,5.749952793E0
9.433336211E1,1.161715388E0,3.492324591E0,5.569892883E0
9.435347346E1,6.041877344E-2,4.186243057E0,6.083153248E0
9.437358476E1,-7.429714203E-1,4.347160339E0,7.869395256E0
9.439369612E1,-5.575276613E-1,4.031308174E0,1.044885826E1
9.441380747E1,2.261217386E-1,4.030111313E0,1.097228813E1
9.443391877E1,1.485942841E0,4.786841869E0,1.061037350E1
9.445403013E1,7.280163169E-1,6.015556335E0,1.065523911E1
9.447414148E1,-5.694918036E-1,6.799803734E0,1.188634682E1
9.449425278E1,-8.470591903E-1,6.483951092E0,1.239422321E1
9.451436414E1,-1.174277663E0,5.804389477E0,1.278365517E1
9.453447549E1,-1.552343726E0,5.003990173E0,1.331665611E1
9.455458685E1,-1.893320918E0,3.973282099E0,1.356969738E1
9.457469815E1,-1.956730723E0,3.326023579E0,1.278425312E1
9.459480950E1,-1.604387641E0,3.168695450E0,1.073898792E1
9.461492086E1,-1.581057549E0,3.306282759E0,8.925228119E0
9.463503216E1,-1.704886079E0,3.418147087E0,7.089335442E0
9.465514351E1,-1.795215130E0,3.308675528E0,6.358327866E0
9.467525487E1,-1.689332843E0,2.963510752E0,6.739983082E0
9.469536622E1,-1.929213285E0,2.769093990E0,8.182855606E0
9.471547752E1,-2.016551256E0,2.734996319E0,9.536594391E0
9.473558888E1,-1.683350682E0,2.502892494E0,1.004626560E1
9.475570023E1,-1.980060786E-1,2.258824587E0,8.504690170E0
9.477581153E1,1.152742267E0,2.273779631E0,6.664609432E0
9.479592289E1,1.392622828E0,2.553141832E0,6.122036934E0
9.481603424E1,1.201196909E0,2.915654421E0,6.387639999E0
9.483614554E1,1.145563841E0,3.212962627E0,6.148357868E0
9.485625690E1,9.822536707E-1,3.648456335E0,6.191428661E0
9.487636825E1,3.768695518E-2,4.317250252E0,6.199205399E0
9.489647955E1,-7.788637877E-1,4.740181446E0,6.840481758E0
9.491659091E1,-8.027920127E-1,4.898705959E0,7.858029366E0
9.493670226E1,-9.206385016E-1,5.157131195E0,8.686544418E0
9.495681362E1,-1.287338614E0,5.122435093E0,1.053978539E1
9.497692492E1,-3.170489967E-1,4.277170658E0,1.303310680E1
9.499703627E1,1.596610904E0,3.801596880E0,1.247318649E1
9.501714763E1,1.895115495E0,4.271786690E0,1.028554821E1
9.503725893E1,4.211367965E-1,4.937589645E0,1.039561844E1
9.505737028E1,-2.416750938E-1,5.145765305E0,1.124985600E1
9.507748164E1,2.632105052E-1,4.554738045E0,1.171346474E1
9.509759294E1,6.759724021E-2,3.781856298E0,1.315274811E1
9.511770429E1,-1.025922656E0,3.434298754E0,1.439761353E1
9.513781565E1,-1.127617717E0,3.267399311E0,1.338903904E1
9.515792695E1,-7.316055298E-1,3.330809116E0,1.055055332E1
9.517803830E1,5.623133108E-2,3.385245800E0,7.931608677E0
9.519814966E1,5.054838061E-1,3.620340586E0,4.944169998E0
9.521826096E1,-3.792623878E-1,3.945166349E0,4.901099205E0
9.523837231E1,-1.043270707E0,3.514458179E0,6.747759819E0
9.525848367E1,-9.475577474E-1,2.720639229E0,9.093324661E0
9.527859502E1,-1.657029688E-1,2.344367981E0,9.025727272E0
9.529870633E1,4.701896608E-1,2.551945448E0,7.368697166E0
9.531881768E1,7.046862841E-1,2.730808735E0,6.247660160E0
9.533892903E1,4.707878530E-1,2.956930637E0,6.186044693E0
9.535904034E1,3.750749528E-1,2.791227579E0,6.903891563E0
9.537915169E1,4.689932466E-1,2.682952404E0,7.233502865E0
9.539926304E1,6.047859192E-1,3.014358282E0,6.635895252E0
9.541937435E1,6.777670383E-1,3.762115479E0,6.404987812E0
9.543948570E1,5.736792088E-1,3.919443607E0,8.595019341E0
9.545959705E1,9.427721500E-1,4.047459602E0,1.026520920E1
9.547970836E1,1.475773335E0,4.238885403E0,9.665806770E0
9.549981971E1,4.193421602E-1,5.024927616E0,8.674580574E0
9.551993106E1,-1.704886109E-1,5.227120876E0,9.256634712E0
9.554004242E1,-4.091726840E-1,5.035695076E0,1.047637558E1
9.556015372E1,-6.658028960E-1,4.838885784E0,1.166860008E1
9.558026508E1,-4.372883439E-1,4.584050179E0,1.272862053E1
9.560037643E1,-2.596212626E-1,4.691128731E0,1.183729362E1
9.562048773E1,-9.128618240E-1,5.296513081E0,1.045244789E1
9.564059908E1,-1.778465390E0,5.469394207E0,1.016231823E1
9.566071044E1,-2.307279348E0,4.593023300E0,1.215912819E1
9.568082174E1,-1.525424480E0,3.465405464E0,1.366541004E1
9.570093310E1,-2.931207791E-2,3.026920557E0,1.261436272E1
9.572104445E1,1.383649707E0,3.017349243E0,9.989436150E0
9.574115575E1,1.513460279E0,3.073580742E0,7.946564198E0
9.576126711E1,9.212367237E-2,3.198007345E0,7.705487251E0
9.578137846E1,-9.056833982E-1,3.065804005E0,7.856235027E0
9.580148976E1,-1.366301775E0,3.400201082E0,7.094120979E0
9.582160112E1,-1.314856052E0,3.736990690E0,5.983851433E0
9.584171247E1,-1.082154036E0,3.736990690E0,6.421737671E0
9.586182383E1,-6.418746710E-1,3.010769129E0,8.503493309E0
9.588193513E1,-4.313062727E-1,2.493321180E0,9.588638306E0
9.590204648E1,-5.838487148E-1,2.685943365E0,8.284550667E0
9.592215784E1,-5.210371017E-1,3.132802963E0,6.183651924E0
9.594226914E1,-7.411768436E-1,3.685544968E0,5.790032387E0
9.596238049E1,-1.131206870E0,3.729214191E0,7.339385033E0
9.598249185E1,-1.657029688E-1,3.224328518E0,8.801998138E0
9.600260315E1,2.273181528E-1,3.479762316E0,8.187042236E0
9.602271450E1,-7.758727670E-1,4.865804672E0,6.436692715E0
9.604282586E1,-1.769492388E0,5.922235966E0,6.753143787E0
9.606293716E1,-1.677966833E0,5.595017433E0,9.602995872E0
9.608304851E1,-2.446661144E-1,4.353142738E0,1.254437256E1
9.610315987E1,7.190431952E-1,3.640081406E0,1.373240948E1
9.612327117E1,5.736792088E-1,4.204189301E0,1.211246777E1
9.614338252E1,6.538388133E-1,5.021936417E0,1.018744278E1
9.616349388E1,8.398807645E-1,4.741976261E0,1.054636574E1
9.618360523E1,6.394818425E-1,4.351347923E0,1.140778160E1
9.620371653E1,2.392822653E-1,4.009772778E0,1.190130138E1
9.622382789E1,1.441675574E-1,3.454637766E0,1.274118233E1
9.624393919E1,-2.751746178E-1,3.424129248E0,1.180199909E1
9.626405054E1,-7.238288522E-1,3.790829182E0,9.602396965E0
9.628416190E1,-1.076171994E0,4.550550461E0,7.082156658E0
9.630427325E1,-1.031904817E0,4.837090969E0,5.899504185E0
9.632438455E1,-1.116850019E0,4.635495663E0,6.942774773E0
9.634449591E1,-8.105686903E-1,3.721437454E0,9.329615593E0
9.636460726E1,-7.633104324E-1,3.244667530E0,1.018744278E1
9.638471856E1,-1.949552298E0,3.753142357E0,9.278767586E0
9.640482992E1,-2.443071842E0,4.255635262E0,7.843074322E0
9.642494127E1,-8.159525394E-1,3.522234917E0,7.165905476E0
9.644505258E1,8.087740541E-1,2.845066071E0,7.334001541E0
9.646516393E1,1.566700578E0,2.622533560E0,7.719245911E0
9.648527528E1,1.237089276E0,3.034099102E0,7.142575741E0
9.650538659E1,4.989035130E-1,3.543172121E0,6.719644070E0
9.652549794E1,-2.333002090E-1,3.908675671E0,6.929016113E0
9.654560929E1,-5.485545993E-1,3.898506403E0,8.537590981E0
9.656572060E1,-1.668993831E-1,3.738785267E0,9.171689034E0
9.658583195E1,2.512463629E-1,4.128217220E0,8.027321815E0
9.660594330E1,2.919243574E-1,4.645665169E0,7.085147858E0
9.662605461E1,2.189432681E-1,4.895116806E0,7.807182312E0
9.664616596E1,1.170090318E0,4.475176334E0,9.043074608E0
9.666627731E1,1.932802439E0,4.569094658E0,9.062815666E0
9.668638862E1,1.456032634E0,4.878366947E0,8.956335068E0
9.670649997E1,1.160518974E-1,5.212165833E0,1.016949654E1
9.672661133E1,-1.122832060E0,5.072185993E0,1.155613708E1
9.674672263E1,-1.668395638E0,4.986642361E0,1.104168034E1
9.676683398E1,-1.738983870E0,4.817350388E0,1.091306591E1
9.678694534E1,-1.594218135E0,4.141377926E0,1.227876949E1
9.680705664E1,-4.833501875E-1,3.184248686E0,1.251565838E1
9.682716799E1,6.299105883E-1,2.612364054E0,1.122233772E1
9.684727935E1,3.445664644E-1,2.921038151E0,8.925228119E0
9.686739065E1,-6.257231236E-1,3.333800077E0,7.453642368E0
9.688750200E1,-2.761915445E0,3.857828379E0,8.057829857E0
9.690761336E1,-4.213760853E0,4.215555191E0,9.424132347E0
9.692772466E1,-3.002394199E0,3.284747362E0,1.048774147E1
9.694783601E1,-1.764108539E0,2.529811859E0,1.086999512E1
9.696794737E1,-1.176670551E0,2.469393015E0,1.099801064E1
9.698805867E1,-6.855437160E-1,2.382653236E0,1.049970531E1
9.700817002E1,-4.743770957E-1,2.310270309E0,9.448657990E0
9.702828138E1,-5.880361795E-1,2.419143677E0,8.681160927E0
9.704839268E1,-4.390829504E-1,2.516052961E0,7.780860901E0
9.706850403E1,-3.050848842E-1,2.842075109E0,6.803392887E0
9.708861539E1,7.716853172E-2,2.839682341E0,6.348158360E0
9.710872669E1,1.938186288E-1,2.864806890E0,6.501897335E0
9.712883804E1,9.870393574E-2,2.940778971E0,7.329215527E0
9.714894940E1,-4.552344978E-1,3.326023579E0,7.744370461E0
9.716906070E1,-9.726824164E-1,4.241278172E0,7.280162811E0
9.718917205E1,-1.232303619E0,4.924428940E0,7.094120979E0
9.720928341E1,-1.960918188E0,5.484947681E0,7.905287743E0
9.722939476E1,-2.815753937E0,6.100501537E0,1.004387283E1
9.724950606E1,-2.418545485E0,5.915655613E0,1.211127186E1
9.726961742E1,-5.617151260E-1,5.282155991E0,1.186840057E1
9.728972872E1,1.032503009E0,5.199603558E0,1.007497978E1
9.730984008E1,1.107876897E0,5.674578667E0,8.644071579E0
9.732995143E1,8.530412912E-1,5.798407555E0,8.656036377E0
9.735006278E1,2.333002165E-2,4.948955536E0,1.188335514E1
9.737017408E1,-6.017948985E-1,3.781856298E0,1.506162167E1
9.739028544E1,-4.725824594E-1,3.107678413E0,1.522612858E1
9.741039679E1,8.315058798E-2,3.467798233E0,1.154596710E1
9.743050810E1,5.006981492E-1,3.876971006E0,8.349754333E0
9.745061945E1,8.428717852E-1,4.008575916E0,6.411568165E0
9.747073080E1,8.356932998E-1,3.821337700E0,5.310271740E0
9.749084211E1,2.237289101E-1,3.699303865E0,5.539384365E0
9.751095346E1,-4.947160780E-1,3.576671600E0,6.316453457E0
9.753106481E1,-8.069794178E-1,3.508476257E0,6.197410583E0
9.755117612E1,-1.043868899E0,3.655634880E0,5.455037594E0
9.757128747E1,-1.567897081E0,4.378267288E0,4.566103935E0
9.759139883E1,-1.527219057E0,4.644468784E0,5.412564754E0
9.761151013E1,3.589234129E-2,3.586242914E0,7.682157040E0
9.763162148E1,1.125823021E0,2.755335331E0,8.589634895E0
9.765173284E1,1.371685624E0,2.732005358E0,7.628916740E0
9.767184414E1,9.684949517E-1,3.455834150E0,6.398407936E0
9.769195549E1,3.421736360E-1,4.376472473E0,5.495715618E0
9.771206685E1,-3.080759048E-1,5.068596363E0,5.445466042E0
9.773217815E1,-5.682953596E-1,5.267798901E0,6.400800705E0
9.775228950E1,-2.626122832E-1,4.946562767E0,9.177073479E0
9.777240086E1,-4.187439568E-3,4.699503899E0,1.177029419E1
9.779251216E1,3.589233849E-3,4.864010334E0,1.184626675E1
9.781262351E1,-2.763710022E-1,5.462215900E0,1.059482002E1
9.783273487E1,-8.925228715E-1,5.851049423E0,1.062114143E1
9.785284617E1,-1.094716311E0,5.797211170E0,1.196291637E1
9.787295752E1,-5.126622319E-1,5.575874805E0,1.368694592E1
9.789306888E1,-7.112665176E-1,5.919843197E0,1.213759327E1
9.791318018E1,-1.370489120E0,6.410970211E0,1.062712383E1
9.793329153E1,-1.742573142E0,6.069394588E0,1.127557850E1
9.795340289E1,-9.942178130E-1,4.491926193E0,1.381735420E1
9.797351424E1,-1.345962733E-1,3.036491871E0,1.525484276E1
9.799362554E1,1.322034448E-1,2.548356056E0,1.423071480E1
9.801373690E1,-2.578266263E-1,3.420539856E0,1.008096218E1
9.803384825E1,-4.863412082E-1,4.344767570E0,6.542575359E0
9.805395955E1,-3.768695593E-1,4.483551502E0,5.128417015E0
9.807407091E1,-7.214360237E-1,3.975674868E0,6.049654007E0
9.809418226E1,-1.014556766E0,3.407977581E0,7.452445984E0
9.811429356E1,-1.223928809E0,3.125624657E0,8.498109818E0
9.813440492E1,-9.571290612E-1,3.100499868E0,8.216953278E0
9.815451627E1,-4.833501875E-1,3.239283562E0,7.619345665E0
9.817462758E1,4.091726840E-1,2.836691141E0,7.288537979E0
9.819473893E1,4.510470629E-1,2.575275421E0,7.475177765E0
9.821485028E1,-8.404789567E-1,2.967100143E0,7.395018578E0
9.823496159E1,-1.674377680E0,3.287140131E0,6.720840454E0
9.825507294E1,-1.656431437E0,3.400201082E0,5.796014786E0
9.827518429E1,-1.918445587E0,3.532404423E0,5.352744102E0
9.829529560E1,-2.304288149E0,3.811766386E0,4.897509575E0
9.831540695E1,-2.818745136E0,4.701896667E0,3.133401155E0
9.833551830E1,-2.557927370E0,5.595017433E0,3.272783279E0
9.835562961E1,-5.431707501E-1,5.143372059E0,7.733004570E0
9.837574096E1,1.457229018E0,3.980460405E0,1.254616737E1
9.839585231E1,2.233101845E0,3.558725595E0,1.390588856E1
9.841596367E1,7.710871100E-1,4.819743156E0,1.190788174E1
9.843607497E1,-1.138983607E0,6.359524250E0,9.489336014E0
9.845618632E1,-2.202593327E0,6.762714863E0,9.189037323E0
9.847629768E1,-2.353939295E0,6.129813194E0,1.074915791E1
9.849640898E1,-1.666600943E0,4.888536453E0,1.331366539E1
9.851652034E1,-5.838487148E-1,4.006183147E0,1.343629742E1
9.853663169E1,-1.507478207E-1,4.470390797E0,1.066301632E1
9.855674299E1,-9.571290575E-3,5.416153908E0,7.987840176E0
9.857685435E1,-7.776673883E-2,6.005984783E0,7.009773731E0
9.859696570E1,-2.482553422E-1,5.489733219E0,9.079565048E0
9.861707700E1,1.555334684E-2,3.866203070E0,1.296191978E1
9.863718836E1,7.692924738E-1,2.450250387E0,1.497248936E1
9.865729971E1,1.147956610E0,2.693720102E0,1.179242802E1
9.867741101E1,8.644071817E-1,4.027718544E0,7.207779884E0
9.869752237E1,9.726824164E-1,4.955535889E0,4.618745804E0
9.871763372E1,1.361516118E0,4.249652863E0,5.916254044E0
9.873774502E1,1.448854089E0,3.035893679E0,8.531609535E0
9.875785638E1,8.039883971E-1,2.765504837E0,9.230313301E0
9.877796773E1,5.383851007E-3,3.448057413E0,7.990831375E0
9.879807909E1,2.691925503E-2,3.710071564E0,8.137989998E0
9.881819039E1,9.026923180E-1,3.104089260E0,9.428917885E0
9.883830174E1,2.452643216E-1,3.342773199E0,9.153742790E0
9.885841304E1,2.243271172E-1,2.831905603E0,9.632905960E0
9.887852440E1,5.473581553E-1,2.599801779E0,8.498109818E0
9.889863575E1,2.602194548E-1,2.845664263E0,6.961917400E0
9.891874711E1,-6.484549642E-1,3.407379389E0,6.690930367E0
9.893885841E1,-7.992027402E-1,3.464807272E0,7.168298244E0
9.895896976E1,-5.389832854E-1,3.406781197E0,7.551149845E0
9.897908112E1,-1.363908947E-1,3.345764160E0,7.801798344E0
9.899919242E1,3.044866920E-1,3.435495138E0,8.050053596E0
9.901930377E1,-9.212367237E-2,3.808775425E0,7.963313580E0
9.903941513E1,-1.189831018E0,4.464408875E0,7.275377274E0
9.905952643E1,-1.273579836E0,4.608576298E0,5.899504185E0
9.907963778E1,-2.811566591E-1,3.347558975E0,8.779864311E0
9.909974914E1,-6.323033571E-1,3.738187075E0,9.348159790E0
9.911986044E1,-1.918445587E0,4.420141697E0,9.162715912E0
9.913997179E1,-1.966900229E0,4.640879631E0,8.895318031E0
9.916008315E1,-7.196413875E-1,4.483551502E0,7.715656757E0
9.919185946E1,-3.104687333E-1,3.803391695E0,8.617152214E0
9.921197071E1,-6.681957245E-1,3.981656790E0,9.891330719E0
9.923208196E1,-1.339980662E-1,3.567100286E0,1.064028454E1
9.925219321E1,2.751746029E-2,3.547359467E0,1.025145054E1
9.927230446E1,-3.290131092E-1,4.274179459E0,9.061020851E0
9.929241571E1,-6.107679605E-1,5.092525005E0,8.075776100E0
9.931252691E1,-6.394818425E-1,5.419145107E0,7.963313580E0
9.933263816E1,-9.631111026E-1,5.199603558E0,8.696713448E0
9.935274941E1,-1.039681435E0,4.697110653E0,9.836296082E0
9.937286066E1,-7.310073376E-1,4.237090588E0,1.037288570E1
9.939297191E1,-2.027917206E-1,4.316053867E0,8.999405861E0
9.941308316E1,-2.099701911E-1,4.807180882E0,7.244270325E0
9.943319441E1,-2.943171859E-1,4.997410297E0,6.712465763E0
9.945330566E1,6.580262445E-3,4.764110088E0,7.492526054E0
9.947341691E1,1.274178028E-1,4.452444553E0,8.513064384E0
9.949352816E1,-1.322034448E-1,4.253840446E0,9.236893654E0
9.951363935E1,-8.045865893E-1,4.488935471E0,8.839685440E0
9.953375060E1,-1.395015597E0,4.847260475E0,7.987242222E0
9.955386185E1,-1.380060434E0,5.045266628E0,7.130013466E0
9.957397310E1,-7.800601721E-1,5.027918816E0,7.279564857E0
9.959408435E1,-1.950150430E-1,4.916652203E0,8.181060791E0
9.961419560E1,-1.214357466E-1,4.852046013E0,8.537590981E0
9.963430685E1,-5.234299302E-1,5.133202553E0,8.485547066E0
9.965441810E1,-7.603194118E-1,5.320441246E0,8.271987915E0
9.967452930E1,-7.244270444E-1,5.532206059E0,7.612765312E0
9.969464055E1,-3.487538993E-1,5.482554913E0,8.072785378E0
9.971475180E1,3.104687333E-1,4.864608288E0,9.784850121E0
9.973486305E1,6.711867452E-1,4.684548378E0,1.113619614E1
9.975497430E1,8.572286963E-1,5.094917774E0,1.127198887E1
9.977508555E1,6.311069727E-1,5.335396290E0,1.040698433E1
9.979519675E1,2.979064286E-1,5.519045353E0,1.042911720E1
9.981530800E1,2.548356056E-1,5.310271740E0,1.095314598E1
9.983541925E1,-1.184447184E-1,5.163113117E0,1.174576855E1
9.985553050E1,-1.148554921E0,5.026124001E0,1.210588837E1
9.987564175E1,-2.367697954E0,5.313860893E0,1.062891865E1
9.989575300E1,-2.337189436E0,4.456034184E0,1.048534870E1
9.991586425E1,-1.761715651E0,3.159722328E0,1.295354557E1
9.993597545E1,-1.284945726E0,2.118844509E0,1.532244015E1
9.995608670E1,-1.436890006E0,1.981257200E0,1.492523098E1
9.997619795E1,-1.867598057E0,2.608774900E0,1.224586773E1
9.999630920E1,-2.557927370E0,3.224926710E0,9.707083702E0
1.000164204E2,-2.875574589E0,3.445066452E0,8.431110382E0
1.000365316E2,-3.479762316E0,3.866203070E0,8.157132149E0
1.000566429E2,-2.658426046E0,3.800998688E0,8.161319733E0
1.000767541E2,-9.702895880E-1,3.410968781E0,8.049455643E0
1.000968654E2,-1.848455518E-1,3.116053343E0,7.928617954E0
1.001169766E2,-2.380858511E-1,3.182454109E0,7.358527660E0
1.001370878E2,-6.855437160E-1,3.273979664E0,6.873981476E0
1.001571991E2,-1.030708313E0,3.145365477E0,6.767500877E0
1.001773103E2,-6.753742099E-1,2.877369165E0,7.338787079E0
1.001974216E2,-2.991028316E-2,2.558525562E0,7.890332699E0
1.002175328E2,4.283152521E-1,2.512463808E0,7.829315662E0
1.002376440E2,2.907279432E-1,2.895315409E0,6.893123627E0
1.002577553E2,-1.130608693E-1,3.370888948E0,6.278168201E0
1.002778665E2,4.127619043E-2,3.543172121E0,6.450451851E0
1.002979778E2,5.539384484E-1,3.518645763E0,6.994220734E0
1.003180890E2,1.266401410E0,3.408575773E0,8.367700577E0
1.003382002E2,9.098708034E-1,3.686741590E0,9.320642471E0
1.003583115E2,-2.572284266E-2,4.504488468E0,8.246265411E0
1.003784227E2,-1.177268744E0,5.137390137E0,7.437490940E0
1.003985339E2,-2.010569334E0,5.484349728E0,8.994022369E0
1.004186452E2,-1.458425403E0,4.953741074E0,1.179900837E1
1.004387564E2,-4.115654826E-1,4.286741734E0,1.321855068E1
1.004588676E2,-7.657032460E-2,4.494318962E0,1.283091354E1
1.004789789E2,1.746760458E-1,4.786243439E0,1.129292679E1
1.004990901E2,2.883351147E-1,5.057230473E0,9.745368004E0
1.005192014E2,3.062812984E-1,4.877768993E0,9.619745255E0
1.005393126E2,6.699903309E-2,4.067200184E0,1.133719349E1
1.005594238E2,7.298108935E-2,3.219542980E0,1.267657661E1
1.005795351E2,1.098305583E0,2.712264538E0,1.159801102E1
1.005996463E2,1.911267042E0,2.692523718E0,9.946963310E0
1.006197575E2,1.740778446E0,3.232105255E0,7.255636692E0
1.006398688E2,1.048056364E0,3.796811342E0,5.649454117E0
1.006599800E2,2.991028363E-3,4.067200184E0,5.935994625E0
1.006800912E2,-3.565305769E-1,3.723830223E0,7.250252724E0
1.007002025E2,-4.307080805E-2,3.099901676E0,7.869993687E0
1.007203137E2,3.236292601E-1,2.544766903E0,7.380661488E0
1.007404249E2,8.877372146E-1,2.043470621E0,6.270989895E0
1.007605362E2,7.746763229E-1,1.753340840E0,5.664409637E0
1.007806474E2,5.742774159E-2,2.154138565E0,4.664209366E0
1.008007586E2,-2.482553422E-1,2.185245275E0,5.505885124E0
1.008208699E2,2.620140910E-1,1.844268084E0,8.925827026E0
1.008409811E2,8.458628058E-1,2.013560295E0,9.963115692E0
1.008610924E2,7.794619799E-1,2.634497643E0,8.696713448E0
1.008812036E2,5.988038778E-1,3.429512978E0,7.724031448E0
1.009013148E2,1.112064362E0,3.653241873E0,8.008178711E0
1.009214261E2,1.107876897E0,3.605385542E0,1.038126087E1
1.009415373E2,3.409772217E-1,3.895515203E0,1.206939697E1
1.009616485E2,-2.853440940E-1,4.569693089E0,1.193300629E1
1.009817598E2,-6.101697683E-2,4.913063049E0,1.249292660E1
1.010018710E2,-5.258227587E-1,4.725226402E0,1.503111362E1
1.010219822E2,-1.950150490E0,4.481756687E0,1.743470383E1
1.010420935E2,-2.577668190E0,4.384847641E0,1.645484352E1
1.010622047E2,-2.068595171E0,4.529015064E0,1.287159157E1
1.010823159E2,-1.138385415E0,4.515854359E0,9.999606133E0
1.011024271E2,-3.493520916E-1,4.498506546E0,9.154341698E0
1.011225384E2,1.387837082E-1,3.863810301E0,1.000678444E1
1.011426496E2,1.160518974E-1,3.178864956E0,1.076889801E1
1.011627608E2,-2.033899277E-1,2.650051117E0,1.137607670E1
1.011828721E2,-8.817551732E-1,2.227717876E0,1.214477158E1
1.012029833E2,-9.349954724E-1,2.109871387E0,1.104646587E1
1.012230945E2,-5.599204898E-1,2.469393015E0,8.807381630E0
1.012432058E2,-2.584248483E-1,2.940778971E0,6.716054916E0
1.012633170E2,-3.409772217E-1,3.364906788E0,6.220142365E0
1.012834282E2,-7.932206988E-1,3.270390272E0,7.344769001E0
1.013035395E2,-1.340578914E0,3.023331404E0,8.580063820E0
1.013236507E2,-1.728814363E0,2.813361168E0,9.169296265E0
1.013437619E2,-1.683350682E0,2.782254457E0,8.605188370E0
1.013638731E2,-1.421336651E0,2.916850805E0,7.452445984E0
1.013839844E2,-1.047458172E0,2.927020311E0,6.610770702E0
1.014040956E2,-8.201399446E-1,2.781656265E0,6.438487530E0
1.014242068E2,-5.126622319E-1,2.495713949E0,6.531209469E0
1.014443180E2,-1.537388563E-1,2.266601324E0,6.704091072E0
1.014644292E2,-2.321037948E-1,2.131406784E0,7.179066181E0
1.014845405E2,-6.239284873E-1,2.214557409E0,7.669594765E0
1.015046517E2,-7.136593461E-1,2.364706993E0,7.080362320E0
1.015247629E2,1.477568001E-1,2.172683001E0,6.910471916E0
1.015448742E2,9.864411354E-1,1.311266780E0,7.312466145E0
1.015649854E2,-5.593222976E-1,2.015953064E0,6.056233883E0
1.015850966E2,-3.095714331E0,3.957130432E0,4.161118507E0
1.016052078E2,-3.631706476E0,4.953741074E0,4.810770035E0
1.016253191E2,-3.363112211E0,5.321637630E0,7.222136974E0
1.016454303E2,-2.870789051E0,5.730212212E0,9.680164337E0
1.016655415E2,-2.342573404E0,5.807380676E0,1.065105152E1
1.016856528E2,-2.017747641E0,6.057430744E0,1.023888779E1
1.017057640E2,-1.920240164E0,6.544369698E0,9.820143700E0
1.017258752E2,-1.655833244E0,6.597012043E0,1.039501953E1
1.017459864E2,-9.696913958E-1,6.323632240E0,1.054277611E1
1.017660977E2,-2.871387079E-2,5.934798241E0,1.123310566E1
1.017862089E2,5.413761139E-1,5.178666592E0,1.319641685E1
1.018063201E2,6.723831892E-1,4.112065792E0,1.559462357E1
1.018264314E2,6.305087805E-1,3.432504177E0,1.510469341E1
1.018465426E2,-7.058826834E-2,3.485146284E0,1.297867012E1
1.018666538E2,-1.968096644E-1,3.559921980E0,1.129651546E1
1.018867650E2,3.840480447E-1,2.886940479E0,1.117029476E1
1.019068763E2,-1.116850019E0,2.501696110E0,1.190907860E1
1.019269875E2,-1.922034740E0,2.482553482E0,1.104407310E1
1.019470987E2,-1.146760225E0,2.289333105E0,9.681958199E0
1.019672099E2,-1.250249892E-1,2.306082726E0,8.550751686E0
1.019873212E2,5.682953596E-1,1.909472466E0,8.864809990E0
1.020074324E2,-1.734796464E-1,1.710868239E0,9.390632629E0
1.020275436E2,-1.661217093E0,1.837687731E0,9.426525116E0
1.020476548E2,-2.431107759E0,1.881356835E0,9.010771751E0
1.020677661E2,-2.042872429E0,1.863410592E0,7.844869137E0
1.020878773E2,-1.262213945E0,1.920240164E0,6.570092678E0
1.021079885E2,-7.543373108E-1,2.081157446E0,5.582455158E0
1.021280997E2,-8.871390224E-1,2.456232548E0,5.089533806E0
1.021482110E2,-1.210170031E0,2.680559635E0,5.369493961E0
1.021683222E2,-2.739782035E-1,2.712264538E0,6.068796635E0
1.021884334E2,1.675574064E0,2.835494757E0,5.749354839E0
1.022085446E2,1.045065284E0,3.444468260E0,6.751348972E0
1.022286559E2,-1.674975827E-2,3.324826956E0,9.527621269E0
1.022487671E2,-1.664806366E0,4.357928276E0,1.090349483E1
1.022688783E2,-1.009172916E0,4.695316315E0,9.653244972E0
1.022889895E2,1.436291814E0,4.036093712E0,8.248059273E0
1.023091008E2,1.380060434E0,3.735794306E0,9.051449776E0
1.023292120E2,-4.277170599E-1,3.732803345E0,1.204546928E1
1.023493232E2,-1.054636598E0,3.545564890E0,1.420080376E1
1.023694344E2,-8.434699476E-2,3.044866800E0,1.340040493E1
1.023895457E2,7.477571070E-2,3.649652719E0,1.154835987E1
1.024096569E2,-8.482556343E-1,4.475176334E0,1.086341476E1
1.024297680E2,-2.154736757E0,4.866403103E0,1.099322510E1
1.024498793E2,-2.804388046E0,4.369294167E0,1.175234795E1
1.024699905E2,-2.679961443E0,3.415754318E0,1.341177082E1
1.024901017E2,-1.682752490E0,2.205584288E0,1.416132259E1
1.025102129E2,-6.538388133E-1,1.792224169E0,1.258864021E1
1.025303242E2,1.950150430E-1,1.999801517E0,9.902098656E0
1.025504354E2,-1.106680483E-1,2.178664923E0,9.550353050E0
1.025705466E2,-2.791227579E0,2.851048231E0,1.287338543E1
1.025906578E2,-3.836891174E0,3.293720484E0,1.229791164E1
1.026107690E2,-2.925225735E0,3.064009428E0,8.518448830E0
1.026308803E2,-2.005185366E0,3.030509949E0,7.005586624E0
1.026509915E2,-1.454836130E0,2.931207657E0,6.838088989E0
1.026711027E2,-7.351947427E-1,2.651247501E0,6.473781586E0
1.026912139E2,-1.292124242E-1,2.416750908E0,5.763113499E0
1.027113252E2,-3.469592705E-2,2.368894339E0,5.094319344E0
1.027314364E2,-8.697910309E-1,2.684746981E0,5.243272781E0
1.027515476E2,-1.229312658E0,2.870190859E0,5.299503803E0
1.027716588E2,-5.102694035E-1,2.519043922E0,5.112864017E0
1.027917700E2,-2.183450609E-1,2.216351986E0,5.989833355E0
1.028118813E2,-1.025922656E0,2.678166628E0,6.890730858E0
1.028319925E2,-1.791027784E0,3.637090445E0,6.695117950E0
1.028521037E2,-1.353739381E0,4.201198578E0,6.467799664E0
1.028722149E2,-5.784648657E-1,4.561318398E0,7.474579811E0
1.028923261E2,2.123630047E-1,4.499104977E0,9.586245537E0
1.029124374E2,-6.879365444E-2,4.393222332E0,1.128156090E1
1.029325486E2,-1.202991605E0,4.540979385E0,1.339621735E1
1.029526598E2,-1.678565025E0,4.405784607E0,1.511426449E1
1.029727710E2,-1.080957651E0,4.052843571E0,1.441017628E1
1.029928822E2,-5.473581553E-1,3.894917011E0,1.200060368E1
1.030129935E2,-4.432703853E-1,3.878765583E0,9.068798065E0
1.030331047E2,-1.150947690E0,3.800400496E0,8.821140289E0
1.030532159E2,-2.184048891E0,2.997608662E0,1.269033527E1
1.030733271E2,-2.142174482E0,2.122433662E0,1.524706554E1
1.030934383E2,-1.112064362E0,2.155334949E0,1.246002579E1
1.031135495E2,-2.985046208E-1,2.609373093E0,8.601598740E0
1.031336608E2,-1.722832322E-1,2.970689297E0,6.797410965E0
1.031537720E2,-4.414757788E-1,2.942573547E0,6.656832695E0
1.031738832E2,-6.963114142E-1,2.660220623E0,7.363911629E0
1.031939944E2,-6.963114142E-1,2.560320139E0,7.518846989E0
1.032141056E2,-3.409772217E-1,2.351546526E0,7.736593723E0
1.032342168E2,-3.176472187E-1,2.134995937E0,8.330014229E0
1.032543281E2,-1.027717352E0,1.823929071E0,9.842277527E0
1.032744392E2,-2.770290375E0,2.021935225E0,1.016112137E1
1.032945505E2,-3.602992773E0,2.590828657E0,8.006384850E0
1.033146617E2,-3.213560820E0,3.139383316E0,6.081956863E0
1.033347729E2,-2.053640127E0,3.681357622E0,5.347360611E0
1.033548841E2,-3.786641955E-1,4.017549038E0,4.627718925E0
1.033749953E2,8.985049129E-1,3.920639992E0,5.810969830E0
1.033951065E2,1.212562919E0,3.529413462E0,8.644071579E0
1.034152178E2,6.957131624E-1,3.672384501E0,9.493523598E0
1.034353290E2,-3.284149170E-1,4.566701889E0,8.678169250E0
1.034554402E2,-1.158126116E0,4.905884743E0,9.140582085E0
1.034755514E2,-6.185446382E-1,4.340580463E0,1.071565819E1
1.034956626E2,1.299900889E0,3.193820000E0,1.214596748E1
1.035157738E2,1.983051777E0,3.150749207E0,1.284287739E1
1.035358850E2,1.188036442E0,3.994219303E0,1.288056469E1
1.035559963E2,-5.946164131E-1,4.950151920E0,1.292184067E1
1.035761075E2,-7.986045480E-1,4.418346882E0,1.349851036E1
1.035962187E2,-1.224527001E0,4.102494240E0,1.377727413E1
1.036163299E2,-1.359721422E0,3.425325632E0,1.424746418E1
1.036364411E2,-9.702895880E-1,3.075375319E0,1.317368507E1
1.036565523E2,-4.007977992E-2,3.085544825E0,1.065284634E1
1.036766636E2,5.078766346E-1,3.195016384E0,8.301300049E0
1.036967748E2,-2.991028316E-2,3.440280676E0,7.345965385E0
1.037168860E2,-1.361516118E0,3.550350666E0,7.799405575E0
1.037369972E2,-2.233101845E0,3.363710403E0,8.067999840E0
1.037571084E2,-2.350948334E0,3.020340443E0,8.142177582E0
1.037772196E2,-1.703689694E0,2.651845694E0,7.842476368E0
1.037973308E2,-8.255237937E-1,2.342573404E0,7.064210415E0
1.038174421E2,-4.013960063E-1,2.137987137E0,6.813562393E0
1.038375533E2,-8.650053740E-1,2.210369825E0,6.796214581E0
1.038576645E2,-1.080359459E0,2.609971285E0,6.447460651E0
1.038777757E2,-3.349951655E-2,2.352742910E0,5.673980713E0
1.038978869E2,1.576870084E0,2.070987940E0,5.787639618E0
1.039179981E2,1.875972986E0,2.114058733E0,6.111867428E0
1.039381093E2,5.509474277E-1,2.955136061E0,6.421737671E0
1.039582206E2,-3.080759048E-1,3.861417532E0,6.123831272E0
1.039783317E2,-5.347958803E-1,4.255036831E0,7.286144733E0
1.039984429E2,-7.483552694E-1,4.219742775E0,8.373682976E0
1.040185542E2,-9.619147182E-1,4.265804768E0,8.422137260E0
1.040386654E2,-1.189232826E0,4.134199142E0,9.597013474E0
1.040587766E2,-5.688936114E-1,3.572484255E0,1.239601803E1
1.040788878E2,3.846462369E-1,3.240479946E0,1.417627811E1
1.040989990E2,3.625126183E-1,3.690928936E0,1.347518063E1
1.041191102E2,-1.342971683E0,4.698905468E0,1.167278671E1
1.041392214E2,-2.834896564E0,5.502893925E0,1.087777138E1
1.041593326E2,-2.838485956E0,5.127220631E0,1.179482079E1
1.041794439E2,-1.981855392E0,3.832703590E0,1.385563946E1
1.041995551E2,-1.237687469E0,2.709871531E0,1.514716530E1
1.042196663E2,-7.447660565E-1,2.416152716E0,1.405304718E1
1.042397775E2,-1.328016520E-1,2.731407166E0,1.075334454E1
1.042598887E2,3.762713671E-1,3.192025423E0,7.634300709E0
1.042799999E2,7.190431952E-1,3.330809116E0,6.825526714E0
1.043001111E2,1.537388563E-1,3.112463951E0,7.503891945E0
1.043202223E2,-9.481559992E-1,3.019742250E0,7.669594765E0
1.043403336E2,-1.225723386E0,3.334996462E0,7.484749317E0
1.043604448E2,-5.551348329E-1,3.134597778E0,7.847859859E0
1.043805560E2,3.834498227E-1,2.596810818E0,8.301300049E0
1.044006672E2,9.918249846E-1,2.176870346E0,8.267800331E0
1.044207784E2,8.865407705E-1,2.002792597E0,8.160123825E0
1.044408896E2,5.054838061E-1,2.199003935E0,7.627720356E0
1.044610008E2,4.983053207E-1,2.435295343E0,6.683752060E0
1.044811120E2,5.581258535E-1,2.569293261E0,6.209374905E0
1.045012232E2,2.488535494E-1,2.843869686E0,5.462814331E0
1.045213344E2,6.915257573E-1,3.159722328E0,4.493122578E0
1.045414457E2,1.390828133E0,3.376272678E0,5.103292465E0
1.045615569E2,1.473380566E0,3.230908871E0,8.163114548E0
1.045816680E2,7.986045480E-1,3.229712248E0,1.055115128E1
1.046017792E2,4.516452849E-1,3.699902058E0,1.004985523E1
1.046218905E2,-2.087737769E-1,4.400999069E0,9.046066284E0
1.046420017E2,-1.469193101E0,5.106283665E0,9.594620705E0
1.046621129E2,-2.131406784E0,5.304289818E0,1.153759289E1
1.046822241E2,-1.969891191E0,5.061418056E0,1.392084408E1
1.047023353E2,-5.844469070E-1,4.666004181E0,1.369890976E1
1.047224465E2,9.451649338E-2,4.720440865E0,1.136052418E1
1.047425577E2,-4.546362907E-2,4.852046013E0,9.881160736E0
1.047626689E2,-5.760720372E-1,4.646861553E0,1.006780148E1
1.047827801E2,-6.675975323E-1,4.070191383E0,1.083111191E1
1.048028913E2,-6.903293133E-1,3.628117323E0,1.166620636E1
1.048230025E2,-9.224331379E-1,2.957528830E0,1.333220959E1
1.048431138E2,-7.459624410E-1,2.304288149E0,1.430788326E1
1.048632250E2,-6.520441920E-2,2.219342947E0,1.275673580E1
1.048833362E2,1.417747438E-1,2.593819857E0,1.008754253E1
1.049034474E2,5.126622319E-1,2.958127022E0,7.672585964E0
1.049235586E2,5.509474277E-1,2.920439959E0,7.256234646E0
1.049436698E2,1.794616925E-3,2.867797852E0,8.118846893E0
1.049637810E2,-8.715856671E-1,3.228515863E0,8.152944565E0
1.049838922E2,-1.050449133E0,3.486342669E0,7.685148239E0
1.050040034E2,-4.486542568E-2,2.913859844E0,7.969295979E0
1.050241146E2,7.764709592E-1,2.060220242E0,9.322437286E0
1.050442258E2,6.227321029E-1,1.758724689E0,9.536594391E0
1.050643371E2,6.879365444E-2,2.158924341E0,8.155337334E0
1.050844483E2,3.050848842E-2,2.444268227E0,6.890730858E0
1.051045595E2,4.384847581E-1,2.046461582E0,7.641479015E0
1.051246707E2,3.002992272E-1,1.735992789E0,8.797212601E0
1.051447819E2,-1.134796143E0,2.164906263E0,8.997013092E0
1.051648930E2,-1.575673699E0,2.764308453E0,8.034500122E0
1.051850042E2,4.049852192E-1,2.422134638E0,7.771887779E0
1.052051155E2,2.260619164E0,1.410568953E0,1.035135078E1
1.052252267E2,6.628118753E-1,1.524826288E0,1.150708389E1
1.052453379E2,-1.987239242E0,3.161516905E0,9.394221306E0
1.052654491E2,-1.573879123E0,4.278367043E0,5.974279881E0
1.052855603E2,-7.698906660E-1,4.418945312E0,6.665805817E0
1.053056715E2,-5.401797295E-1,4.061218262E0,9.545567513E0
1.053257827E2,-6.999006122E-2,3.851846218E0,1.073719311E1
1.053458939E2,-3.888336718E-1,4.253840446E0,1.076351452E1
1.053660051E2,-1.690529227E0,4.819743156E0,1.072522926E1
1.053861163E2,-2.791825771E0,5.342574596E0,9.930811882E0
1.054062275E2,-2.954537868E0,5.614758492E0,9.548559189E0
1.054263387E2,-2.376671076E0,5.478367329E0,9.890133858E0
1.054464499E2,-1.064207911E0,4.569094658E0,1.052961636E1
1.054665611E2,-6.741777658E-1,3.369692564E0,1.265504074E1
1.054866724E2,-1.007976532E0,2.992822886E0,1.375573921E1
1.055067836E2,9.104689956E-1,2.705085993E0,1.191147137E1
1.055268948E2,2.090130568E0,2.565105915E0,1.000678444E1
1.055470060E2,1.142572761E0,2.801397085E0,9.559326172E0
1.055671172E2,-2.069791555E-1,2.786442041E0,9.530612946E0
1.055872284E2,-1.075573802E0,2.784647465E0,9.490532875E0
1.056073396E2,-4.564309120E-1,2.706880569E0,9.544371605E0
1.056274508E2,3.463610709E-1,2.634497643E0,9.328418732E0
1.056475620E2,-4.151547253E-1,2.840878725E0,9.275776863E0
1.056676732E2,-2.810370207E0,3.416352510E0,9.305686951E0
1.056877844E2,-3.408575773E0,3.507279873E0,9.633503914E0
1.057078956E2,-9.451649189E-1,2.687139750E0,8.983852386E0
1.057280068E2,1.384846091E0,2.204986095E0,7.529614449E0
1.057481180E2,2.355733871E0,2.000998020E0,6.691528320E0
1.057682292E2,2.029113531E0,2.027917147E0,7.042675018E0
1.057883404E2,9.619147182E-1,2.267199516E0,7.302296638E0
1.058084516E2,6.161518097E-1,2.547159672E0,7.247859955E0
1.058285628E2,7.878368497E-1,2.829512835E0,7.436892986E0
1.058486740E2,3.972085714E-1,3.386442184E0,7.838887215E0
1.058687852E2,6.251249313E-1,3.877569199E0,7.114459991E0
1.058888964E2,1.085145116E0,3.759124279E0,6.684350014E0
1.059090076E2,2.309073806E-1,3.690928936E0,7.957331657E0
1.059291188E2,-9.481559992E-1,3.885943890E0,9.391230583E0
1.059492300E2,-1.766501307E0,4.024129391E0,1.094178009E1
1.059693412E2,-1.565504193E0,3.815953970E0,1.211845016E1
1.059894524E2,-9.475577474E-1,3.796213150E0,1.273519993E1
1.060095636E2,-3.158525825E-1,3.844667673E0,1.208614731E1
1.060296748E2,-9.822536707E-1,3.920041800E0,1.240977669E1
1.060497860E2,-2.176870346E0,3.828516245E0,1.270648670E1
1.060698972E2,-3.880560160E0,3.577867985E0,1.353021526E1
1.060900085E2,-3.932005882E0,3.208775282E0,1.279561901E1
1.061101197E2,-1.771885157E0,2.863610506E0,1.003609657E1
1.061302309E2,7.477571070E-2,2.698505640E0,7.279564857E0
1.061503421E2,4.785645381E-2,2.963510752E0,7.751548767E0
1.061704533E2,-5.395814776E-1,2.709273338E0,9.460622787E0
1.061905645E2,-1.119840980E0,2.477169752E0,1.001037312E1
1.062106757E2,-1.492523074E0,2.418545485E0,9.765707016E0
1.062307869E2,-1.074975610E0,2.387438774E0,9.111868858E0
1.062508980E2,-1.343569875E0,2.620140791E0,8.821739197E0
1.062710092E2,-1.374078393E0,2.451446772E0,9.254241943E0
1.062911204E2,-1.136590719E0,2.425125837E0,8.493324280E0
1.063112316E2,-1.806581140E0,3.064009428E0,7.014559746E0
1.063313428E2,-5.401797295E-1,3.824328899E0,5.575276852E0
1.063514540E2,2.110469580E0,3.697509289E0,6.313462734E0
1.063715652E2,2.474776745E0,3.090330362E0,7.648059368E0
1.063916764E2,5.443671346E-1,3.619742393E0,7.898707390E0
1.064117877E2,-2.793620527E-1,4.590032101E0,5.747560024E0
1.064318989E2,-1.724626899E0,5.318048477E0,5.748157978E0
1.064520101E2,-2.648854733E0,5.741578102E0,6.235695839E0
1.064721213E2,-1.411765337E0,5.361119270E0,7.266404152E0
1.064922325E2,-1.645065546E-1,4.595416069E0,9.955338478E0
1.065123437E2,3.894318938E-1,4.206582069E0,1.198146152E1
1.065324549E2,5.934200287E-1,4.189832687E0,1.155254745E1
1.065525661E2,-3.517449200E-1,4.426722050E0,1.083470058E1
1.065726773E2,-1.700698733E0,5.130809784E0,1.034058285E1
1.065927885E2,-1.986641049E0,5.529214859E0,9.125029564E0
1.066128997E2,-1.258624673E0,5.411966801E0,9.008976936E0
1.066330109E2,-9.870393574E-2,4.281956196E0,1.132104206E1
1.066531221E2,-1.716850251E-1,3.092125177E0,1.407877064E1
1.066732333E2,-4.414757788E-1,2.596212626E0,1.409552002E1
1.066933445E2,-5.132604837E-1,3.223730326E0,1.007258701E1
1.067134557E2,-3.583251834E-1,3.769293785E0,6.669394970E0
1.067335669E2,-3.768695593E-1,3.906282902E0,6.144170284E0
1.067536780E2,-2.321037948E-1,3.495913982E0,7.723433495E0
1.067737892E2,-1.058823988E-1,3.374478102E0,8.130811691E0
1.067939004E2,-8.003991842E-1,3.671786308E0,7.864011765E0
1.068140116E2,-9.074779749E-1,3.667000771E0,8.017151833E0
1.068341228E2,-2.494517565E-1,3.131008387E0,8.754739761E0
1.068542340E2,2.572284341E-1,2.797209740E0,8.681160927E0
1.068743452E2,2.733799815E-1,2.905484915E0,7.527820110E0
1.068944564E2,-4.187439568E-3,3.055036306E0,6.338587284E0
1.069145676E2,-3.816552162E-1,3.388236761E0,5.937789440E0
1.069346788E2,-2.422732860E-1,3.507878065E0,5.749952793E0
1.069547900E2,-1.591227055E-1,3.947559118E0,5.765506268E0
1.069749012E2,-4.905286431E-2,4.269393921E0,6.299703598E0
1.069950124E2,2.225325108E-1,4.157529354E0,7.404589653E0
1.070151236E2,4.396811724E-1,3.902693748E0,8.535796165E0
1.070352348E2,6.783652306E-1,3.733999729E0,9.257830620E0
1.070553460E2,6.526423693E-1,3.763910055E0,9.643673897E0
1.070754572E2,4.965107143E-2,4.034897327E0,1.029093170E1
1.070955684E2,-2.757728100E-1,4.558925152E0,1.122353458E1
1.071156796E2,-4.516452849E-1,4.425525665E0,1.431745434E1
1.071357908E2,-9.744769931E-1,4.074378967E0,1.653919029E1
1.071559020E2,-9.122636318E-1,4.142574310E0,1.414935875E1
1.071760132E2,-9.469595551E-1,4.660620213E0,1.056670475E1
1.071961244E2,-1.778465390E0,5.074578762E0,1.039023399E1
1.072162356E2,-1.343569875E0,4.009174347E0,1.266401386E1
1.072363468E2,-8.141579032E-1,2.908475876E0,1.405484200E1
1.072564580E2,-1.104287624E0,2.665604353E0,1.333280754E1
1.072765692E2,-1.249053478E0,3.191427231E0,1.011386299E1
1.072966804E2,-1.386640668E0,3.532404423E0,7.936394691E0
1.073167916E2,-2.018944025E0,3.894917011E0,7.124629498E0
1.073369028E2,-2.670390129E0,4.116851330E0,6.925426960E0
1.073570140E2,-2.889931440E0,4.033102512E0,6.496513367E0
1.073771252E2,-2.791825771E0,3.867997885E0,6.271588326E0
1.073972364E2,-2.297708035E0,3.547359467E0,6.408577442E0
1.074173476E2,-1.433898926E0,3.062813044E0,7.218547821E0
1.074374588E2,-6.083751321E-1,2.522633314E0,8.464012146E0
1.074575700E2,3.535395563E-1,1.857428551E0,9.875179291E0
1.074776812E2,4.941178858E-1,1.755135417E0,9.360123634E0
1.074977924E2,-1.094716340E-1,2.148754835E0,7.863413334E0
1.075179036E2,-7.663014531E-1,2.799004316E0,7.077969551E0
1.075380148E2,-3.188436031E-1,3.076571703E0,7.000202656E0
1.075581260E2,1.465603858E-1,3.441477060E0,6.802196503E0
1.075782372E2,1.160518974E-1,3.960121393E0,6.825526714E0
1.075983484E2,-3.708875179E-2,4.385445595E0,6.817749977E0
1.076184596E2,-1.339980662E-1,4.729413986E0,6.727420807E0
1.076385708E2,-2.225325108E-1,4.787439823E0,7.813762188E0
1.076586820E2,-5.736792088E-1,4.438685894E0,9.823135376E0
1.076787932E2,-6.711867452E-1,4.548157692E0,1.102253723E1
1.076989044E2,8.614161611E-2,4.556532383E0,1.093938732E1
1.077190156E2,3.050848842E-1,5.021338463E0,1.002114105E1
1.077391267E2,1.674975827E-2,5.717051506E0,9.059226990E0
1.077592379E2,-1.172483116E-1,5.922834396E0,7.780860901E0
1.077793491E2,-7.794619799E-1,5.130809784E0,1.040578747E1
1.077994603E2,-1.445264935E0,3.585046530E0,1.433898926E1
1.078195715E2,-1.835893154E0,2.751745939E0,1.517707539E1
1.078396827E2,-1.720439434E0,2.826521635E0,1.275434303E1
1.078597939E2,-5.784648657E-1,3.071786165E0,9.716055870E0
1.078799051E2,8.775677085E-1,3.025125980E0,8.561519623E0
1.079000163E2,1.150349498E0,3.111865759E0,8.695517540E0
1.079201275E2,7.142575383E-1,3.279961586E0,8.779266357E0
1.079402387E2,1.243669510E0,3.237488985E0,8.385646820E0
1.079603499E2,9.583254457E-1,3.392424345E0,8.549555779E0
1.079804611E2,-4.091726840E-1,4.104887009E0,8.839685440E0
1.080005723E2,-1.573879123E0,4.194019794E0,9.990633011E0
1.080206835E2,-2.475973129E0,4.170091629E0,1.039023399E1
1.080407947E2,-1.789831281E0,3.877569199E0,7.893921852E0
1.080609059E2,-7.645068169E-1,3.675375462E0,5.752345562E0
1.080810171E2,-2.518445849E-1,3.505485058E0,5.828916073E0
1.081011283E2,1.322034448E-1,3.374478102E0,6.284150600E0
1.081212395E2,4.037888348E-1,3.243471146E0,6.814160824E0
1.081413507E2,2.548356056E-1,3.101098061E0,8.041080475E0
1.081614619E2,5.132604837E-1,3.345165968E0,7.975875854E0
1.081815731E2,5.700899959E-1,3.831507206E0,7.472784996E0
1.082016842E2,7.351947427E-1,4.114458561E0,8.558527946E0
1.082217954E2,2.272583246E0,3.701098442E0,1.103509998E1
1.082419066E2,3.336791277E0,3.759722471E0,1.076830006E1
1.082620178E2,1.536790371E0,5.173282623E0,1.002831936E1
1.082821290E2,-9.655039310E-1,6.203990936E0,9.948160172E0
1.083022402E2,-2.031506538E0,6.233901024E0,1.066660500E1
1.083223514E2,-3.150151014E0,6.136393547E0,1.025204849E1
1.083424626E2,-3.325425386E0,5.865406513E0,1.011864853E1
1.083625738E2,-2.910270452E0,5.348556995E0,1.042373371E1
1.083826850E2,-2.066800594E0,4.439882278E0,1.123609734E1
1.084027962E2,-1.328614831E0,3.564707518E0,1.157647610E1
1.084229074E2,-1.279561877E0,3.216551781E0,1.103330517E1
1.084430186E2,-1.329213023E0,3.473181963E0,9.210572243E0
1.084631297E2,-4.887340367E-1,3.458226919E0,7.938787460E0
1.084832409E2,-2.255235314E-1,3.385843992E0,8.169694901E0
1.085033521E2,-9.511470199E-1,3.516252756E0,8.357531548E0
1.085234633E2,-2.486740828E0,4.055834293E0,7.921439171E0
1.085435745E2,-3.445066452E0,4.496113777E0,7.205985546E0
1.085636857E2,-3.055634499E0,4.387838364E0,6.860820770E0
1.085837969E2,-2.137388945E0,3.911068678E0,7.730611801E0
1.086039081E2,-8.350951076E-1,3.284747362E0,9.129216194E0
1.086240193E2,2.267199457E-1,2.623131752E0,9.452247620E0
1.086441305E2,-3.529413417E-2,2.734996319E0,7.573882103E0
1.086642417E2,-7.710871100E-1,3.356531858E0,5.410770416E0
1.086843528E2,-9.487541914E-1,3.715455294E0,4.596014023E0
1.087044640E2,-7.627122402E-1,3.636492252E0,6.650252342E0
1.087245752E2,-1.651047617E-1,3.297309637E0,8.753543854E0
1.087446864E2,3.254238665E-1,3.449253798E0,8.748757362E0
1.087647976E2,5.623133108E-2,4.191029072E0,7.313662529E0
1.087849088E2,-4.582255483E-1,4.823332310E0,6.581458569E0
1.088050200E2,-1.210170031E0,4.930410862E0,8.332406998E0
1.088251312E2,-1.569093466E0,4.720440865E0,1.071745300E1
1.088452424E2,-6.257231236E-1,4.234099865E0,1.241216946E1
1.088653536E2,1.381855011E-1,4.483551502E0,1.209332561E1
1.088854648E2,4.989035130E-1,5.647659779E0,9.424132347E0
1.089055760E2,2.745763958E-1,6.303293228E0,8.494520187E0
1.089256872E2,-1.167697430E0,6.559325218E0,8.765507698E0
1.089457984E2,-2.510669231E0,6.373881340E0,9.485149384E0
1.089659096E2,-2.732005358E0,5.680561066E0,1.118465137E1
1.089860208E2,-2.386840582E0,4.628317356E0,1.410150242E1
1.090061320E2,-8.183453679E-1,3.305086374E0,1.574836254E1
1.090262432E2,6.999006271E-1,2.873780012E0,1.357328606E1
1.090463544E2,9.044869542E-1,3.373281717E0,9.301499367E0
1.090664655E2,3.948157430E-1,3.997210264E0,6.147161484E0
1.090865767E2,-4.486542344E-1,4.128217220E0,6.050850391E0
1.091066879E2,-5.970092416E-1,3.559921980E0,7.924430370E0
1.091267991E2,3.708875179E-2,3.200400352E0,8.788239479E0
1.091469103E2,6.945167780E-1,3.427718401E0,7.244868755E0
1.091670215E2,1.061216831E0,3.297907829E0,7.367500782E0
1.091871327E2,1.304686546E0,2.688934565E0,9.680164337E0
1.092072439E2,1.325025558E0,2.463410854E0,1.124985600E1
1.092273551E2,3.888336718E-1,3.136990547E0,9.525827408E0
1.092474662E2,-6.221338734E-2,3.532404423E0,7.033702374E0
1.092675774E2,3.391826153E-1,3.437289715E0,6.221338749E0
1.092876886E2,1.103689432E0,3.246462107E0,5.933601856E0
1.093077998E2,1.327418327E0,2.985644341E0,7.240083218E0
1.093279110E2,1.133599758E0,2.683550596E0,7.914859295E0
1.093480222E2,-8.494520187E-2,3.345764160E0,7.230511665E0
1.093681334E2,-7.878368497E-1,3.908675671E0,7.320242882E0
1.093882446E2,-9.894321561E-1,4.208376884E0,7.310671329E0
1.094083558E2,-1.249053478E0,4.289134502E0,7.871788502E0
1.094284670E2,-1.840080619E0,4.237090588E0,9.194420815E0
1.094485782E2,-2.242074728E0,4.222733974E0,1.032084274E1
1.094686894E2,-2.508276224E0,4.527818680E0,1.067916775E1
1.094888006E2,-3.133401155E0,4.747958183E0,1.011087227E1
1.095089117E2,-3.470191002E0,4.688137531E0,1.006720352E1
1.095290229E2,-2.682952404E0,3.635295868E0,1.209691525E1
1.095491341E2,-1.742573142E0,2.428116798E0,1.482772350E1
1.095692453E2,-8.470591903E-1,1.916052699E0,1.475952816E1
1.095893565E2,1.106680483E-1,2.239681959E0,1.185165024E1
1.096094677E2,8.404789567E-1,2.718246460E0,9.031708717E0
1.096295789E2,3.296113312E-1,3.301496983E0,7.586444378E0
1.096496901E2,-9.613165259E-1,3.712464333E0,8.010572433E0
1.096698013E2,-1.557129383E0,3.711267948E0,8.332406998E0
1.096899124E2,-1.366301775E0,3.665804386E0,8.198408127E0
1.097100236E2,-1.043868899E0,3.193820000E0,8.991629601E0
1.097301348E2,-1.424925923E0,2.916850805E0,9.509077072E0
1.097502460E2,-1.820339799E0,2.909672260E0,9.370293617E0
1.097703572E2,-1.039681435E0,2.679363251E0,8.772088051E0
1.097904684E2,2.213360928E-2,2.676372051E0,7.514659405E0
1.098105796E2,2.147558331E-1,2.977269650E0,6.077171326E0
1.098306908E2,-5.383850932E-1,3.277568817E0,6.260222435E0
1.098508020E2,-1.008574724E0,3.427120209E0,6.414559364E0
1.098709132E2,-6.957131624E-1,3.354737282E0,6.862615108E0
1.098910244E2,-3.990031779E-1,3.135195971E0,7.925626755E0
1.099111356E2,-1.151545882E0,3.295515060E0,9.059824944E0
1.099312467E2,-1.866401672E0,3.823132277E0,9.045467377E0
1.099513579E2,-1.968096614E0,4.070191383E0,9.112466812E0
1.099714691E2,-1.782652855E0,4.016951084E0,9.890732765E0
1.099915803E2,-1.460219979E0,3.963710785E0,1.014616585E1
1.100116915E2,-1.319043517E0,4.039682865E0,1.033220863E1
1.100318027E2,-1.522433400E0,4.231706619E0,1.071446133E1
1.100519139E2,-1.483550072E0,4.411168575E0,1.066839981E1
1.100720251E2,-1.219143152E0,4.322035789E0,1.105304623E1
1.100921362E2,-8.805587292E-1,4.318446636E0,1.167817116E1
1.101122474E2,-3.164508045E-1,4.475774765E0,1.091486073E1
1.101323586E2,-6.221338734E-2,4.529015064E0,1.053978539E1
1.101524698E2,-1.872383654E-1,3.957130432E0,1.155254745E1
1.101725810E2,-3.403790295E-1,2.946761131E0,1.367737389E1
1.101926922E2,-5.796613097E-1,2.364108801E0,1.465902996E1
1.102128034E2,-9.266205430E-1,2.994019270E0,1.162732315E1
1.102329146E2,-9.098708034E-1,3.671786308E0,7.965108395E0
1.102530258E2,-7.908278704E-1,3.755535126E0,6.413362980E0
1.102731370E2,-3.206382394E-1,3.455235958E0,6.397211552E0
1.102932482E2,-3.708875179E-1,2.995215654E0,8.038687706E0
1.103133594E2,-1.145563841E0,2.782254457E0,1.038724327E1
1.103334705E2,-1.698904037E0,2.825325251E0,1.090110207E1
1.103535817E2,-1.217946768E0,2.734996319E0,9.407382011E0
1.103736929E2,-6.723831892E-1,2.690729141E0,8.041678429E0
1.103938041E2,-2.195414752E-1,2.535195589E0,7.194021225E0
1.104139153E2,3.415754437E-1,2.614158630E0,5.789434433E0
1.104340264E2,4.229314029E-1,2.721835852E0,5.315655708E0
1.104541376E2,1.184447184E-1,2.763111830E0,6.137589931E0
1.104742488E2,-2.165504545E-1,2.931207657E0,6.683153629E0
1.104943600E2,-1.932204217E-1,3.260220766E0,6.535995007E0
1.105144712E2,2.673979402E-1,3.571287870E0,6.448657036E0
1.105345824E2,5.617151260E-1,3.967898130E0,7.009175777E0
1.105546936E2,1.298106313E0,4.140181541E0,7.384250641E0
1.105748048E2,1.926222205E0,3.924229145E0,8.258229256E0
1.105949160E2,1.137188911E0,4.024727821E0,9.102297783E0
1.106150272E2,8.231309652E-1,4.041477680E0,1.035673428E1
1.106351384E2,9.810572863E-1,4.262215137E0,1.076530933E1
1.106552495E2,1.321436286E0,3.990629911E0,1.099920750E1
1.106753607E2,8.518448472E-1,3.675375462E0,1.172483063E1
1.106954719E2,-6.394818425E-1,3.896113396E0,1.204427242E1
1.107155831E2,-1.667199135E0,4.198805332E0,1.155135155E1
1.107356943E2,-1.469193101E0,4.269991875E0,1.115055370E1
1.107558054E2,-8.171489239E-1,4.194618225E0,1.100638580E1
1.107759166E2,-6.867401004E-1,4.146163464E0,1.087717342E1
1.107960278E2,-9.888339639E-1,4.185645103E0,1.115653515E1
1.108161390E2,-1.025922656E0,3.449851990E0,1.275553894E1
1.108362502E2,-5.946164131E-1,2.430509567E0,1.413918877E1
1.108563614E2,1.196411345E-2,1.898704767E0,1.396870041E1
1.108764726E2,3.044866920E-1,2.130808592E0,1.194257736E1
1.108965838E2,2.338984162E-1,2.615355253E0,9.416953087E0
1.109166950E2,-2.153540403E-1,3.005983353E0,7.881958008E0
1.109368062E2,-1.013360381E0,3.031706333E0,7.942974567E0
1.109569173E2,-1.892722726E0,3.131606579E0,8.030312538E0
1.109770285E2,-2.047059774E0,3.048455954E0,8.423334122E0
1.109971397E2,-1.667199135E0,2.718844652E0,8.986844063E0
1.110172509E2,-1.223330617E0,2.391626120E0,9.350552559E0
1.110373621E2,-1.062413216E0,2.325225353E0,8.901300430E0
1.110574733E2,-9.768698215E-1,2.399402857E0,8.038687706E0
1.110775845E2,-1.003190875E0,2.502892494E0,7.287939548E0
1.110976957E2,-1.543968797E0,2.528017044E0,7.625925541E0
1.111178069E2,-1.944168448E0,2.492124796E0,7.907680511E0
1.111379181E2,-1.576870084E0,2.472383976E0,7.307680130E0
1.111580292E2,-2.949153781E-1,2.276770830E0,6.762116909E0
1.111781404E2,-1.136590727E-2,2.491526604E0,6.852446079E0
1.111982516E2,-5.880361795E-1,2.995215654E0,6.997809887E0
1.112183628E2,-1.256830096E0,3.371487141E0,7.745566845E0
1.112384739E2,-1.804188251E0,3.295515060E0,9.754940033E0
1.112585851E2,-2.129612207E0,3.781257868E0,1.096152020E1
1.112786963E2,-5.641079545E-1,3.638286829E0,1.005703354E1
1.112988075E2,-8.099704385E-1,3.956532240E0,9.715457916E0
1.113189187E2,-8.069794178E-1,4.042075634E0,9.188439369E0
1.113390299E2,-4.378865361E-1,3.808177233E0,9.382257462E0
1.113591411E2,-5.665007830E-1,3.544368505E0,1.018744278E1
1.113792523E2,1.280160099E-1,3.228515863E0,1.017009449E1
1.113993635E2,3.272185028E-1,2.419741869E0,1.175833035E1
1.114194746E2,-1.100100160E0,2.507079840E0,1.251745319E1
1.114395858E2,-1.745564103E0,2.916850805E0,1.067019463E1
1.114596970E2,-1.475175142E0,3.467798233E0,9.082556725E0
1.114798082E2,-5.904290080E-1,3.546761274E0,9.028120041E0
1.114999194E2,-1.208375469E-1,3.594617844E0,9.337990761E0
1.115200306E2,2.572284266E-2,3.110071182E0,1.001396275E1
1.115401417E2,-6.939185411E-2,2.835494757E0,1.031665516E1
1.115602529E2,-4.031906128E-1,2.927618504E0,9.260223389E0
1.115803641E2,-7.441678643E-1,3.083152056E0,8.593822479E0
1.116004753E2,-1.073779106E0,3.223730326E0,8.592626572E0
1.116205865E2,-2.560320199E-1,2.892324448E0,8.426922798E0
1.116406977E2,7.058826834E-2,2.817548752E0,7.891529083E0
1.116608089E2,-7.597211748E-2,2.891726255E0,7.429116249E0
1.116809200E2,2.333002090E-1,2.746362209E0,6.840481758E0
1.117010312E2,-4.929214716E-1,2.916252613E0,5.711667538E0
1.117211424E2,-8.201399446E-1,2.891726255E0,7.152146816E0
1.117412536E2,-5.192425251E-1,2.722434044E0,8.352147102E0
1.117613648E2,-4.019941986E-1,2.958127022E0,8.356334686E0
1.117814760E2,-8.925228715E-1,3.469592810E0,8.157731056E0
1.118015872E2,-1.090528965E0,3.684348583E0,8.258229256E0
1.118216984E2,-1.374676585E0,3.769891977E0,7.332805157E0
1.118624026E2,4.600201547E-1,4.129413605E0,7.541578770E0
1.118825138E2,-8.171489239E-1,4.510470867E0,9.391828537E0
1.119026250E2,-1.024128079E0,4.599005222E0,9.393623352E0
1.119227362E2,-7.208378315E-1,4.779663086E0,8.345566750E0
1.119428473E2,-3.972085714E-1,4.815555573E0,7.779066563E0
1.119629585E2,-7.316055298E-1,4.855635166E0,8.121838570E0
1.119830697E2,-6.963114142E-1,4.785645485E0,9.480961800E0
1.120031808E2,-2.410768867E-1,4.632504463E0,1.044227791E1
1.120232920E2,4.007977843E-1,4.791627407E0,9.735198975E0
1.120434032E2,5.916253924E-1,5.060820103E0,8.663214684E0
1.120635144E2,-8.195417374E-2,5.158327579E0,9.184251785E0
1.120836256E2,-4.247260094E-1,4.883750916E0,1.034955597E1
1.121037367E2,-1.758724600E-1,4.751547337E0,1.070010471E1
1.121238479E2,-1.776670814E-1,4.943571568E0,1.032443142E1
1.121439591E2,-7.597211599E-1,5.495117188E0,1.016171932E1
1.121640703E2,-7.387840152E-1,5.534000397E0,1.116969585E1
1.121841815E2,-5.682953820E-2,5.284548759E0,1.292722416E1
1.122042926E2,-2.153540403E-2,5.050052166E0,1.436411476E1
1.122244038E2,-3.038884699E-1,5.462814331E0,1.344287777E1
1.122445150E2,-2.811566554E-2,5.481956482E0,1.136411285E1
1.122646262E2,-5.162515044E-1,4.767100811E0,1.037886810E1
1.122847374E2,-1.556531072E0,3.515056372E0,1.222253799E1
1.123048485E2,-2.339582443E0,2.260619164E0,1.481755447E1
1.123249597E2,-1.732403636E0,1.753340840E0,1.393819237E1
1.123450709E2,-9.415757060E-1,2.088934183E0,1.085803127E1
1.123651820E2,-1.227517962E0,2.857628345E0,8.589036942E0
1.123852932E2,-1.804786444E0,3.473181963E0,7.506882668E0
1.124054044E2,-2.022533417E0,3.497110367E0,7.532605648E0
1.124255156E2,-2.114656925E0,3.147160053E0,8.617152214E0
1.124456268E2,-1.928016901E0,2.795415163E0,8.817551613E0
1.124657379E2,-1.412961721E0,2.619542599E0,7.484150887E0
1.124858491E2,-9.032905698E-1,2.714657307E0,4.842474937E0
1.125059603E2,-1.195813060E0,3.380460262E0,3.833899975E0
1.125260715E2,-1.659422517E0,2.948555708E0,7.301698208E0
1.125461826E2,-1.691127419E0,1.836491346E0,1.128694439E1
1.125662938E2,-1.501496196E0,1.400399446E0,1.227039433E1
1.125864050E2,-8.333004713E-1,2.061416626E0,9.764511108E0
1.126065162E2,-8.135596663E-2,2.496910334E0,6.760322094E0
1.126266274E2,-4.797609448E-1,3.071786165E0,5.979663849E0
1.126467385E2,-2.500499785E-1,2.762513638E0,7.332206726E0
1.126668497E2,6.263213158E-1,3.302095175E0,7.865806103E0
1.126869608E2,1.228714466E0,4.302893162E0,7.235297680E0
1.127070720E2,3.397808075E-1,4.964509010E0,8.413763046E0
1.127271832E2,-3.439682424E-1,5.123631477E0,1.187856960E1
1.127472944E2,6.329016089E-1,4.815555573E0,1.344347572E1
1.127674056E2,3.004786968E0,3.549752474E0,1.427617836E1
1.127875167E2,3.522833109E0,2.883949518E0,1.367916870E1
1.128076279E2,1.899901152E0,3.165106058E0,1.138146114E1
1.128277391E2,5.228317380E-1,3.649652719E0,1.059840965E1
1.128478503E2,9.888339639E-1,4.083351612E0,8.992227554E0
1.128679614E2,2.304886341E0,3.567100286E0,7.764709473E0
1.128880726E2,2.897708178E0,2.196611166E0,8.642276764E0
1.129081838E2,1.457229018E0,1.269990563E0,1.220339584E1
1.129282950E2,4.223332107E-1,1.290329576E0,1.257009602E1
1.129484061E2,1.689332843E0,1.970489502E0,7.312466145E0
1.129685173E2,2.002194405E0,2.494517565E0,4.320241451E0
1.129886285E2,1.293918848E0,2.823530674E0,4.749154568E0
1.130087396E2,8.255237937E-1,2.653042078E0,6.537789822E0
1.130288508E2,8.333004713E-1,2.451446772E0,7.250850677E0
1.130489620E2,7.722834945E-1,2.163111687E0,7.544569969E0
1.130690732E2,4.899304509E-1,1.832902193E0,7.930412292E0
1.130891843E2,-3.714857101E-1,2.023131609E0,7.989036560E0
1.131092955E2,1.782652885E-1,2.312663078E0,7.263412952E0
1.131294067E2,1.058824062E0,2.140978098E0,7.135995388E0
1.131495179E2,9.230313301E-1,2.060818434E0,8.045866013E0
1.131696290E2,4.277170599E-1,2.298306227E0,7.895118237E0
1.131897402E2,8.315058798E-2,3.210569859E0,6.187241077E0
1.132098514E2,4.947160780E-1,3.686143398E0,6.878767014E0
1.132299626E2,-2.608176768E-1,3.617947817E0,9.995418549E0
1.132500737E2,-2.336591244E0,3.933800459E0,1.098365402E1
1.132701849E2,-2.414358139E0,4.599603176E0,9.375079155E0
1.132902961E2,9.272187948E-2,4.280759811E0,8.675178528E0
1.133104073E2,1.792224169E0,3.777668715E0,9.064012527E0
1.133305184E2,1.003190875E0,3.985246181E0,1.073061275E1
1.133506296E2,-1.555334777E-1,4.101896286E0,1.133121204E1
1.133707407E2,-7.543373108E-1,4.254438877E0,1.145803165E1
1.133908519E2,-1.190429255E-1,4.024129391E0,1.259462166E1
1.134109631E2,1.139581800E0,3.873979807E0,1.229073334E1
1.134310743E2,1.681556106E0,3.888935089E0,1.165723324E1
1.134511854E2,3.589234129E-2,3.954139471E0,1.200538921E1
1.134712966E2,-1.199402332E0,4.098905087E0,1.128395367E1
1.134914078E2,-2.416152716E0,4.323830605E0,1.119302654E1
1.135115190E2,-1.959123492E0,3.422932863E0,1.339442253E1
1.135316301E2,4.307080805E-1,2.039283037E0,1.485105419E1
1.135517413E2,2.752344131E0,1.246660590E0,1.365344620E1
1.135718525E2,2.241476536E0,1.588235974E0,1.020359421E1
1.135919636E2,-5.228317380E-1,3.129213810E0,7.372884750E0
1.136120748E2,-1.259222865E0,3.628715515E0,6.154938221E0
1.136321860E2,-7.513462901E-1,3.311068296E0,8.468797684E0
1.136522971E2,-5.449653864E-1,2.900699139E0,1.124746323E1
1.136724083E2,3.996013701E-1,2.565105915E0,1.025683403E1
1.136925195E2,4.325026870E-1,2.753540754E0,8.006384850E0
1.137126306E2,-3.667000830E-1,2.871387243E0,8.882157326E0
1.137327418E2,-2.937189937E-1,2.167299032E0,1.108833981E1
1.137528530E2,-4.372883439E-1,1.874178290E0,1.076231766E1
1.137729642E2,-1.378864050E0,2.183450699E0,8.624331474E0
1.137930753E2,-1.849651933E0,2.644068956E0,6.488736629E0
1.138131865E2,-6.825526357E-1,2.345564365E0,5.075176716E0
1.138332977E2,-1.615155339E-1,2.169692039E0,5.619544029E0
1.138534088E2,-4.785645381E-2,1.940579176E0,6.957729816E0
1.138735200E2,-1.033699393E0,2.232503414E0,7.277172089E0
1.138936312E2,-1.642672777E0,2.751745939E0,6.448657036E0
1.139137424E2,-8.231309652E-1,2.761915445E0,5.711069584E0
1.139338535E2,-5.090730190E-1,2.897109985E0,6.656234264E0
1.139539647E2,-1.058824062E0,3.367299557E0,7.923233986E0
1.139740758E2,-1.190429211E0,4.054039955E0,6.620342255E0
1.139941870E2,-1.798206210E0,4.761118889E0,5.981458187E0
1.140142982E2,-1.092323542E0,4.715056896E0,7.207181931E0
1.140344093E2,-3.595215976E-1,4.365106583E0,1.043509960E1
1.140545205E2,-1.138385415E0,4.424329281E0,1.211725426E1
1.140746317E2,-1.394417405E0,4.555335999E0,1.108295631E1
1.140947429E2,-1.292722464E0,4.109673023E0,1.225065327E1
1.141148540E2,-2.931207716E-1,3.056830883E0,1.638305855E1
1.141349652E2,1.074975610E0,2.615953445E0,1.622513199E1
1.141550764E2,8.494520187E-1,2.870190859E0,1.254796219E1
1.141751875E2,-4.432703853E-1,3.224926710E0,1.075513935E1
1.141952987E2,-1.436291814E0,3.075375319E0,1.105484104E1
1.142154099E2,-3.649054468E-1,1.960319996E0,1.233739376E1
1.142355210E2,6.113662124E-1,1.043868899E0,1.297089291E1
1.142556322E2,8.255237937E-1,6.436693072E-1,1.207059383E1
1.142757433E2,5.533402562E-1,9.595218897E-1,1.016949654E1
1.142958545E2,1.872383654E-1,1.339980721E0,9.019744873E0
1.143159657E2,-1.061815023E0,1.910070658E0,8.995817184E0
1.143360768E2,-1.467398524E0,2.176870346E0,8.749954224E0
1.143561880E2,-3.972085714E-1,1.831107497E0,9.419944763E0
1.143762992E2,2.069791555E-1,1.601396561E0,9.424132347E0
1.143964104E2,-2.063809484E-1,2.254637241E0,7.873582840E0
1.144165215E2,-3.750749528E-1,2.770888567E0,6.835097790E0
1.144366327E2,-9.080761671E-1,2.810968399E0,7.382455826E0
1.144567439E2,-1.173081279E0,2.630310297E0,8.067999840E0
1.144768550E2,-7.782655358E-1,2.447259426E0,8.115258217E0
1.144969662E2,-5.593222976E-1,2.394617319E0,8.422137260E0
1.145170774E2,-2.003988922E-1,2.437688112E0,7.709674358E0
1.145371885E2,-2.943171859E-1,2.795415163E0,6.321238995E0
1.145572997E2,-9.002995491E-1,3.072982550E0,5.896512985E0
1.145774108E2,-1.842473388E0,3.736392498E0,6.570691109E0
1.145975220E2,-1.491924882E0,3.996013880E0,7.268796921E0
1.146176332E2,-5.431707501E-1,3.842274904E0,8.615358353E0
1.146377443E2,1.405783296E-1,3.631108284E0,9.564710617E0
1.146578555E2,3.816552162E-1,3.708276987E0,1.060080242E1
1.146779667E2,3.038884699E-1,3.655634880E0,1.019103146E1
1.146980778E2,-1.474576950E0,4.225126743E0,1.031366348E1
1.147181890E2,-3.181855917E0,4.505684853E0,1.255813122E1
1.147383002E2,-1.731805444E0,4.131208420E0,1.245882893E1
1.147584113E2,-6.945167780E-1,4.055236340E0,1.151426220E1
1.147785225E2,-1.532602906E0,4.092923164E0,1.164227867E1
1.147986337E2,-1.718644857E0,3.587439299E0,1.185404301E1
1.148187449E2,-1.128215909E0,3.025125980E0,1.212203979E1
1.148388560E2,7.950153351E-1,2.592623234E0,1.002951622E1
1.148589671E2,1.676172256E0,2.377867460E0,8.598010063E0
1.148790783E2,9.236295223E-1,2.667398930E0,9.230313301E0
1.148991895E2,-6.963114142E-1,3.211168051E0,8.722436905E0
1.149193006E2,-2.374278307E0,3.914059639E0,8.483154297E0
1.149394118E2,-3.097508907E0,3.821935892E0,9.107681274E0
1.149595230E2,-2.100300074E0,3.028715372E0,9.291928291E0
1.149796341E2,-6.101697683E-1,2.151745796E0,7.944170952E0
1.149997453E2,-1.056431174E0,1.591227055E0,7.326224804E0
1.150198565E2,-2.208575249E0,1.992623091E0,7.746165276E0
1.150399676E2,-1.963310957E0,2.221735716E0,7.457231998E0
1.150600788E2,-9.337990284E-1,1.811366796E0,8.228319168E0
1.150801900E2,-3.481557071E-1,1.777867198E0,9.299705505E0
1.151003012E2,-4.187439680E-1,2.266601324E0,9.218349457E0
1.151204123E2,-4.325026870E-1,2.793620348E0,8.142177582E0
1.151405235E2,-6.185446382E-1,3.012563705E0,8.291728973E0
1.151606346E2,-1.239482164E0,3.258426189E0,8.492127419E0
1.151807458E2,-1.680359721E0,3.659822226E0,8.160721779E0
1.152008569E2,-2.010569334E0,4.033700943E0,8.251648903E0
1.152209681E2,-1.958525300E0,4.315455437E0,7.701299667E0
1.152410793E2,-2.219342947E0,4.648057938E0,7.957331657E0
1.152611904E2,-2.100898266E0,4.256233215E0,1.005703354E1
1.152813016E2,-7.998009920E-1,3.614358664E0,1.212263775E1
1.153014128E2,-7.118647546E-2,3.060420275E0,1.303071404E1
1.153215239E2,-2.536391914E-1,3.308675528E0,1.220937729E1
1.153416351E2,-1.384247899E0,4.470989227E0,1.048355389E1
1.153617463E2,-1.774278045E0,4.661816597E0,8.563314438E0
1.153818574E2,-2.264806747E0,4.106681824E0,9.553344727E0
1.154019686E2,-1.952543259E0,2.843869686E0,1.241516018E1
1.154220798E2,-6.185446382E-1,1.785643935E0,1.346441269E1
1.154421909E2,7.489534616E-1,1.829911113E0,1.171944714E1
1.154623020E2,1.164706469E0,2.319841623E0,9.629316330E0
1.154824132E2,8.973085321E-3,3.172882795E0,8.453842163E0
1.155025244E2,-7.070791125E-1,3.533002615E0,8.404191017E0
1.155226355E2,-9.481559992E-1,3.189034462E0,9.020941734E0
1.155427467E2,-1.259821177E0,3.339782238E0,1.007677460E1
1.155628579E2,-4.396811724E-1,3.166900873E0,9.566504478E0
1.155829690E2,-2.195414752E-1,3.106482029E0,8.757730484E0
1.156030802E2,-6.909275651E-1,3.110669374E0,8.854042053E0
1.156231914E2,-5.018945336E-1,2.617149830E0,9.716055870E0
1.156433025E2,-3.296113312E-1,2.066202402E0,9.480961800E0
1.156634137E2,-1.236491084E0,2.688934565E0,7.869395256E0
1.156835249E2,-1.639083505E0,3.351148129E0,6.057430744E0
1.157036360E2,-1.408176184E0,3.495913982E0,5.923432350E0
1.157237471E2,-5.330012441E-1,3.051447153E0,6.905686378E0
1.157438583E2,6.747759581E-1,2.580060959E0,8.177471161E0
1.157639695E2,7.639086246E-1,2.580060959E0,9.297312737E0
1.157840806E2,-4.348955154E-1,3.211766243E0,8.868997574E0
1.158041918E2,-1.911865234E0,4.338785648E0,7.994420528E0
1.158243030E2,-1.926820397E0,4.628915310E0,7.810771465E0
1.158444141E2,-1.237089276E0,4.146761417E0,8.974281311E0
1.158645253E2,-1.232303619E0,3.889533281E0,1.046321487E1
1.158846365E2,-1.540977836E0,4.067798615E0,1.130728340E1
1.159047476E2,-1.162911773E0,4.135395527E0,1.156391335E1
1.159248588E2,-5.389832854E-1,3.921238184E0,1.068933678E1
1.159449700E2,-8.476574421E-1,3.774677753E0,1.083529949E1
1.159650811E2,-1.470987678E0,3.595216036E0,1.136351490E1
1.159851923E2,-3.046661377E0,3.351148129E0,1.252164078E1
1.160053034E2,-3.451048374E0,3.299104214E0,1.238943768E1
1.160254146E2,-1.119840980E0,2.828316450E0,1.061097240E1
1.160455257E2,1.744367719E0,1.987239242E0,9.323035240E0
1.160656369E2,2.054836512E0,2.033301115E0,9.357730865E0
1.160857480E2,1.286142170E-1,2.413759947E0,1.029093170E1
1.161058592E2,-2.351546526E0,3.314059258E0,9.980463028E0
1.161259704E2,-3.276372433E0,4.015754700E0,8.589634895E0
1.161460815E2,-3.073580742E0,3.785445452E0,8.672785759E0
1.161661927E2,-2.537588358E0,3.279363394E0,9.606584549E0
1.161863039E2,-1.713261008E0,3.164507866E0,9.546165466E0
1.162064150E2,-8.997012973E-1,3.156133175E0,8.295916557E0
1.162265262E2,-6.215356588E-1,3.150749207E0,7.606184959E0
1.162466374E2,-6.215356588E-1,3.099303484E0,7.210172653E0
1.162667485E2,-3.720839322E-1,3.154936552E0,6.241677761E0
1.162868596E2,-2.285145670E-1,3.386442184E0,5.794818401E0
1.163069708E2,-2.889333367E-1,3.266202927E0,7.215556622E0
1.163270820E2,-4.839483798E-1,3.312862873E0,8.131409645E0
1.163471931E2,-3.218346536E-1,3.331407309E0,8.014759064E0
1.163673043E2,-1.298106313E-1,3.390629768E0,7.708477974E0
1.163874154E2,-2.907279432E-1,3.520440340E0,7.956733704E0
1.164075266E2,-6.867401004E-1,3.771088600E0,8.568099976E0
1.164276378E2,-5.790630579E-1,3.810570002E0,8.748757362E0
1.164477489E2,-8.853443861E-1,4.091726780E0,8.209774017E0
1.164678601E2,-1.681556106E0,4.771288395E0,7.647460938E0
1.164879713E2,-1.886142492E0,5.064409256E0,7.826922894E0
1.165080824E2,-1.737787485E0,4.981258392E0,8.724231720E0
1.165281936E2,-1.699502230E0,4.878965378E0,9.929018021E0
1.165483047E2,-1.639083505E0,4.838885784E0,1.105125141E1
1.165684159E2,-1.273579836E0,5.029115200E0,1.025803089E1
1.165885270E2,-1.197607756E0,4.975276470E0,9.992427826E0
1.166086382E2,-1.702493310E0,4.458426952E0,1.156690502E1
1.166287493E2,-1.060020447E0,3.280559778E0,1.317787266E1
1.166488605E2,-4.187439755E-2,2.254637241E0,1.438146210E1
1.166689717E2,8.805587292E-1,2.009372711E0,1.400220013E1
1.166890828E2,1.513460279E0,2.419741869E0,1.140239811E1
1.167091940E2,1.734198213E0,2.949153900E0,8.940781593E0
1.167293052E2,1.645663738E0,3.014358282E0,8.781659126E0
1.167494163E2,1.130010486E0,2.696711063E0,9.440283775E0
1.167695275E2,1.411765367E-1,2.853441000E0,9.415757179E0
1.167896386E2,-1.053440213E0,3.291925669E0,8.994620323E0
1.168097498E2,-1.836491346E0,3.700500250E0,8.303692818E0
1.168298610E2,-1.564307809E0,3.816552162E0,7.344769001E0
1.168499721E2,-9.876375198E-1,3.538386583E0,7.132406235E0
1.168700832E2,-8.679963946E-1,3.369692564E0,7.170093060E0
1.168901944E2,-1.196411371E0,3.513859987E0,6.908677101E0
1.169103056E2,-4.833501875E-1,3.720839262E0,5.882156372E0
1.169304167E2,7.914260626E-1,3.599403381E0,4.417748928E0
1.169505279E2,1.043270707E0,3.763910055E0,4.841278553E0
1.169706390E2,7.980063558E-1,3.524029493E0,7.694121361E0
1.169907502E2,2.063809484E-1,3.610769272E0,8.920442581E0
1.170108614E2,2.183450609E-1,4.377070904E0,7.682157040E0
1.170309725E2,4.199403822E-1,4.674378872E0,7.710272789E0
1.170510837E2,2.398804724E-1,4.791028976E0,8.650651932E0
1.170711949E2,-5.264210105E-1,5.059025288E0,9.650253296E0
1.170913060E2,-5.832505226E-1,4.890331268E0,1.169252777E1
1.171114171E2,1.250249892E-1,4.366302967E0,1.280160141E1
1.171315283E2,6.765705943E-1,4.366901398E0,1.229851055E1
1.171516395E2,5.659025311E-1,4.313062668E0,1.133659554E1
1.171717506E2,-9.218349457E-1,4.309473515E0,1.188215923E1
1.171918618E2,-1.932802439E0,4.431507587E0,1.214237881E1
1.172119729E2,-1.341775298E0,4.577469826E0,1.056251717E1
1.172320841E2,-1.132403374E0,4.837689400E0,8.843872070E0
1.172521953E2,-9.936196208E-1,4.781457901E0,9.127422333E0
1.172723064E2,-8.422735929E-1,3.736392498E0,1.211246777E1
1.172924176E2,-1.238285750E-1,2.432902336E0,1.414816189E1
1.173125287E2,9.308080077E-1,1.557727575E0,1.295294762E1
1.173326399E2,4.636093974E-1,2.001596212E0,1.054397297E1
1.173527511E2,-4.660021961E-1,2.730808735E0,9.309276581E0
1.173728622E2,-1.019342422E0,2.990430117E0,8.514261246E0
1.173929733E2,-1.201795220E0,3.168097258E0,8.327621460E0
1.174130845E2,-5.485545993E-1,2.857030153E0,8.935996056E0
1.174331957E2,-2.027917206E-1,2.732005358E0,8.996415138E0
1.174533068E2,-7.022934556E-1,3.001796007E0,8.639286041E0
1.174734180E2,-1.424327731E0,3.267997503E0,8.760123253E0
1.174935291E2,-6.987041831E-1,3.198007345E0,8.641080856E0
1.175136403E2,1.477568001E-1,2.597409010E0,8.927022934E0
1.175337515E2,4.426721856E-2,2.596212626E0,8.844470978E0
1.175538626E2,4.546362907E-2,2.535195589E0,8.285746574E0
1.175739738E2,-4.217349887E-1,2.547757864E0,7.686942577E0
1.175940849E2,-1.852642894E0,3.071786165E0,6.870391846E0
1.176141961E2,-2.740380049E0,3.573680639E0,6.220740795E0
1.176343073E2,-2.081755638E0,3.528217077E0,6.256034851E0
1.176544184E2,-1.220937729E0,3.573680639E0,6.183053493E0
1.176745295E2,-1.109073281E0,3.966701746E0,5.757729530E0
1.176946407E2,-1.512263894E0,5.009374142E0,4.395615101E0
1.177147519E2,-1.768894196E0,5.200799942E0,5.269593716E0
1.177348630E2,-2.099701881E0,5.292325497E0,6.740581512E0
1.177549742E2,-1.766501307E0,5.697310925E0,7.799405575E0
1.177750853E2,-1.491924882E0,5.644070625E0,9.329615593E0
1.177951965E2,-2.401197433E0,5.640480995E0,1.040040398E1
1.178153077E2,-2.840280533E0,5.596812248E0,1.040818024E1
1.178354188E2,-2.225325108E0,5.277370453E0,1.016052341E1
1.178555300E2,-1.583450437E0,5.198407173E0,9.932008743E0
1.178756411E2,-1.030110121E0,5.260620594E0,9.464810371E0
1.178957523E2,-1.031306505E0,5.006382942E0,1.004686451E1
1.179158635E2,-1.320838094E0,4.360321045E0,1.176431274E1
1.179359746E2,-2.289931297E0,3.893720627E0,1.313240910E1
1.179560857E2,-2.205584288E0,3.340978622E0,1.328854084E1
1.179761969E2,-9.942178130E-1,3.110071182E0,1.200957680E1
1.179963081E2,2.763710022E-1,2.924029350E0,1.013121128E1
1.180164192E2,8.620143533E-1,2.783450842E0,9.247661591E0
1.180365304E2,4.935196638E-1,2.504687071E0,1.016291618E1
1.180566415E2,2.518445849E-1,3.016152859E0,9.632308006E0
1.180767527E2,8.231309652E-1,3.312862873E0,7.881958008E0
1.180968639E2,1.992024779E-1,3.963112593E0,7.163512707E0
1.181169750E2,-6.873382926E-1,4.204189301E0,8.204390526E0
1.181370862E2,-1.630110383E0,3.861417532E0,9.893125534E0
1.181571973E2,-2.652443886E0,3.969692707E0,9.462417603E0
1.181773085E2,-2.202593327E0,4.030709743E0,7.486543655E0
1.181974196E2,-8.817551732E-1,3.728017569E0,6.077171326E0
1.182175308E2,4.157529473E-1,3.090928555E0,6.536593437E0
1.182376419E2,8.590233326E-1,2.380260229E0,8.935996056E0
1.182577531E2,3.804588020E-1,1.946561217E0,1.120798111E1
1.182778642E2,-3.828516230E-2,2.376072884E0,9.508479118E0
1.182979754E2,-7.405785918E-1,3.718446493E0,6.557530403E0
1.183180866E2,-1.010369420E0,4.756333351E0,5.260620594E0
1.183381977E2,-9.296116233E-1,4.636094093E0,6.971488953E0
1.183583089E2,-9.110672474E-1,4.112663746E0,9.629316330E0
1.183784200E2,-8.279166222E-1,4.094119549E0,1.067318535E1
1.183985312E2,-4.671986103E-1,4.600799561E0,9.705288887E0
1.184186424E2,-9.571290575E-3,4.813162804E0,9.727422714E0
1.184387535E2,0.000000000E0,3.976273060E0,1.247258759E1
1.184588646E2,-1.033699393E0,3.913461447E0,1.396212006E1
1.184789758E2,-2.521436930E0,4.916652203E0,1.112303638E1
1.184990870E2,-3.065205812E0,5.809175014E0,7.874181271E0
1.185191981E2,-2.492124796E0,5.465805054E0,7.259225845E0
1.185393093E2,-1.773081541E0,4.281956196E0,9.566504478E0
1.185594204E2,-5.264209956E-2,2.824727058E0,1.291047478E1
1.185795316E2,9.864411354E-1,2.154138565E0,1.403330708E1
1.185996428E2,1.068993568E0,2.566302299E0,1.157109165E1
1.186197539E2,4.307080805E-2,3.486342669E0,7.953742504E0
1.186398651E2,-1.326221943E0,4.125824451E0,6.353542328E0
1.186599762E2,-2.272583246E0,3.912265062E0,7.294519901E0
1.186800874E2,-2.311466694E0,3.403192043E0,8.700901031E0
1.187001986E2,-1.966302037E0,3.223132133E0,8.621937752E0
1.187203097E2,-1.253839016E0,3.215355396E0,7.659425259E0
1.187404208E2,-7.902296782E-1,3.086143017E0,7.122834682E0
1.187605320E2,-1.890329868E-1,2.709871531E0,7.889136314E0
1.187806431E2,-2.087737769E-1,2.773879766E0,8.479565620E0
1.188007543E2,-9.613165259E-1,3.623929977E0,7.758129120E0
1.188208655E2,-6.340979934E-1,3.798605919E0,8.154141426E0
1.188409766E2,-3.768695518E-2,3.445066452E0,8.665607452E0
1.188610878E2,-8.117650747E-1,3.643670797E0,8.895915985E0
1.188811989E2,-1.845464468E0,4.202992916E0,7.529614449E0
1.189013101E2,-2.381456852E0,4.914857864E0,6.116652966E0
1.189214213E2,-1.779063582E0,5.085944653E0,6.113661766E0
1.189415324E2,-4.749752879E-1,4.504488468E0,7.456633568E0
1.189616436E2,-7.280163169E-1,4.201198578E0,9.291928291E0
1.189817547E2,-2.485544443E0,5.175675392E0,8.806185722E0
1.190018659E2,-1.933998942E0,6.059225082E0,8.051250458E0
1.190219770E2,2.590230405E-1,5.168497086E0,9.682557106E0
1.190420882E2,1.746760458E-1,4.923232555E0,1.152562809E1
1.190621993E2,-6.801598072E-1,5.285147190E0,1.034177971E1
1.190823105E2,-9.206385016E-1,6.114858150E0,8.486743927E0
1.191024217E2,5.742774159E-2,6.494120598E0,6.742974281E0
1.191225328E2,2.883351147E-1,6.288337708E0,6.598208427E0
1.191426440E2,-5.335994363E-1,5.740381718E0,8.727222443E0
1.191627551E2,-1.106680512E0,4.858626366E0,1.232184029E1
1.191828663E2,-5.934200287E-1,4.082155228E0,1.378505135E1
1.192029775E2,6.424728632E-1,3.544966698E0,1.232124233E1
1.192230886E2,1.746760488E0,3.484548092E0,9.608379364E0
1.192431998E2,1.512862086E0,3.556332588E0,7.924430370E0
1.192633109E2,-4.516452849E-1,4.450650215E0,7.558926582E0
1.192834220E2,-2.003988922E-1,4.392624378E0,7.604390144E0
1.193035332E2,8.536394835E-1,3.961916208E0,8.078168869E0
1.193236444E2,4.809573591E-1,4.171886444E0,8.173283577E0
1.193437555E2,-4.510470629E-1,4.478167534E0,7.938189030E0
1.193638667E2,-8.404789567E-1,4.161118507E0,7.819744587E0
1.193839778E2,-8.386843204E-1,3.578466177E0,8.653044701E0
1.194040890E2,-2.530409992E-1,3.109472990E0,9.228518486E0
1.194242002E2,3.176472187E-1,3.029911757E0,8.702097893E0
1.194443113E2,5.120640397E-1,3.178864956E0,7.703692436E0
1.194644225E2,2.177468538E-1,3.437887907E0,6.635297298E0
1.194845336E2,-5.934200287E-1,3.787240028E0,6.181259155E0
1.195046448E2,-1.129412293E0,4.141975880E0,6.657430649E0
1.195247560E2,-4.235295951E-1,4.227519512E0,7.624729156E0
1.195448671E2,1.956132501E-1,4.227519512E0,8.193024635E0
1.195649782E2,-2.979064286E-1,4.455435753E0,7.810771465E0
1.195850894E2,-8.273184299E-1,4.759324074E0,7.019943237E0
1.196052005E2,-5.114658475E-1,4.491926193E0,7.564310551E0
1.196253117E2,-4.247260094E-2,3.801596880E0,9.882955551E0
1.196454229E2,-1.543968797E0,4.071985722E0,1.091306591E1
1.196655340E2,-3.420539856E0,4.917848587E0,1.100518990E1
1.196856452E2,-9.337990284E-1,4.388436794E0,9.809376717E0
1.197057563E2,9.086744189E-1,3.513859987E0,9.813564301E0
1.197258675E2,1.268195957E-1,3.602992773E0,1.206999588E1
1.197459787E2,5.318048596E-1,3.463610888E0,1.302772331E1
1.197660898E2,-6.041877344E-2,4.036691666E0,1.048893833E1
1.197862010E2,-2.143969059E0,5.083551884E0,9.418747902E0
1.198063121E2,-3.019144058E0,5.268397331E0,9.731011391E0
1.198264233E2,-1.716850281E0,4.176073551E0,1.115533924E1
1.198465344E2,-9.415757060E-1,3.248256683E0,1.327597809E1
1.198666456E2,-3.948157281E-2,2.748156786E0,1.353978729E1
1.198867567E2,5.563312769E-2,2.816352367E0,1.139940739E1
1.199068679E2,-9.750752449E-1,3.493520975E0,9.021539688E0
1.199269791E2,-1.543968797E0,3.971487284E0,6.661618233E0
1.199470902E2,-9.170492887E-1,4.194019794E0,5.139782906E0
1.199672014E2,-9.080761671E-1,3.765106440E0,7.793423176E0
1.199873125E2,-1.387837172E0,3.363112211E0,1.092024422E1
1.200074237E2,-1.199402332E0,3.226721287E0,1.157707405E1
1.200275348E2,3.595215976E-1,2.876770973E0,1.079222870E1
1.200476460E2,6.586244106E-1,2.956930637E0,1.025503922E1
1.200677571E2,3.768695518E-2,3.141776085E0,9.522237778E0
1.200878683E2,-1.028315544E0,3.302693367E0,8.709874153E0
1.201079794E2,-1.664208174E0,3.409173965E0,8.473583221E0
1.201280906E2,-1.065404296E0,3.074777126E0,7.546364307E0
1.201482018E2,-4.725824594E-1,2.928814888E0,6.747759819E0
1.201683129E2,-2.189432681E-1,2.843869686E0,6.892525673E0
1.201884241E2,-2.374876440E-1,2.988037348E0,6.994220734E0
1.202085352E2,-5.264210105E-1,3.351746321E0,6.897909641E0
1.202286464E2,-6.191428304E-1,3.684946775E0,6.854838848E0
1.202487576E2,-1.360319614E0,4.235296249E0,7.664210796E0
1.202688687E2,-2.719442844E0,4.959722996E0,9.229715347E0
1.202889799E2,-2.391626120E0,5.318048477E0,8.327621460E0
1.203090910E2,-1.966302037E0,5.373083115E0,6.641877651E0
1.203292021E2,-2.053640127E0,5.490331650E0,8.007580757E0
1.203493133E2,-1.030708313E0,4.905884743E0,1.018564796E1
1.203694245E2,-2.877369225E-1,4.904688358E0,1.103210926E1
1.203895356E2,7.106683254E-1,4.919044971E0,1.000558758E1
1.204096468E2,5.383851007E-3,5.571089268E0,9.326025963E0
1.204297579E2,-1.746162295E0,6.136393547E0,1.036989498E1
1.204498691E2,-1.208375454E0,5.589633465E0,1.087837029E1
1.204699803E2,1.239482164E0,4.069592953E0,9.790233612E0
1.204900914E2,1.593021631E0,3.533002615E0,1.057268715E1
1.205102026E2,1.217348576E0,3.309273720E0,1.184925747E1
1.205303137E2,5.790630579E-1,3.915854216E0,1.045842934E1
1.205504249E2,-6.209374666E-1,4.487739086E0,8.083553314E0
1.205705361E2,-3.948157430E-1,4.428516388E0,6.707081795E0
1.205906472E2,9.924231768E-1,3.591028690E0,7.328019142E0
1.206107583E2,1.248455167E0,3.062214851E0,8.704490662E0
1.206308695E2,9.684949517E-1,2.740380049E0,9.388239861E0
1.206509807E2,4.546363056E-1,2.988037348E0,8.753543854E0
1.206710918E2,3.104687333E-1,3.186641455E0,7.718049526E0
1.206912030E2,2.703889608E-1,3.361317635E0,7.408178806E0
1.207113141E2,2.159522474E-1,3.510270834E0,8.105687141E0
1.207314253E2,6.490531564E-1,3.191427231E0,8.712266922E0
1.207515365E2,4.642075896E-1,3.422334671E0,7.913662910E0
1.207716476E2,-8.015955985E-2,3.725026608E0,7.520043373E0
1.207917588E2,-2.398804724E-1,3.698107481E0,7.581658363E0
1.208118699E2,-2.297109663E-1,3.779463291E0,7.187440872E0
1.208319811E2,2.584248483E-1,3.856033802E0,6.604190350E0
1.208520923E2,5.180460811E-1,3.820141315E0,6.732206345E0
1.208722034E2,9.332008660E-2,3.899702787E0,7.749754429E0
1.208923145E2,6.221338734E-2,3.865006685E0,8.498109818E0
1.209124257E2,-5.982056726E-3,3.908675671E0,9.061020851E0
1.209325369E2,-4.007977843E-1,4.228117466E0,9.292527199E0
1.209526480E2,-2.973082066E-1,4.368097782E0,9.615557671E0
1.209727592E2,5.144568533E-2,4.229912281E0,1.024786091E1
1.209928703E2,-9.092725813E-2,4.381258488E0,1.099023438E1
1.210129815E2,-6.879365444E-2,4.628915310E0,1.098425198E1
1.210330927E2,-5.832505226E-1,4.924428940E0,1.062054348E1
1.210532038E2,-1.681556106E0,5.096114159E0,1.054696369E1
1.210733150E2,-2.319243431E0,5.008776188E0,1.133360481E1
1.210934261E2,-1.758126378E0,4.298107624E0,1.268016529E1
1.211135373E2,-1.085145116E0,3.539582968E0,1.431446362E1
1.211336485E2,-4.899304509E-1,3.160918713E0,1.420977688E1
1.211537596E2,-4.965107143E-2,3.249453068E0,1.220997620E1
1.211738707E2,-3.792623878E-1,3.658027649E0,9.891330719E0
1.211939819E2,-5.102694035E-1,3.933202267E0,8.475378036E0
1.212140931E2,-9.535398483E-1,3.870390654E0,8.908478737E0
1.212342042E2,-1.277767301E0,3.613162279E0,8.994022369E0
1.212543154E2,-1.704886079E0,3.458226919E0,9.257830620E0
1.212744265E2,-1.889133453E0,3.393022537E0,9.625727654E0
1.212945377E2,-1.472782373E0,3.111267567E0,9.802198410E0
1.213146489E2,-3.026920557E-1,2.636292458E0,9.392427444E0
1.213347600E2,7.387840152E-1,2.312663078E0,8.627920151E0
1.213548712E2,1.289133191E0,2.337787628E0,7.782655716E0
1.213749823E2,6.735795736E-1,2.609373093E0,6.722036839E0
1.213950935E2,-1.049850941E0,3.266202927E0,6.136991978E0
1.214152046E2,-2.107478619E0,3.605983734E0,6.994220734E0
1.214353158E2,-1.473978758E0,3.633501291E0,7.169494629E0
1.214554269E2,-2.572284341E-1,3.250051260E0,8.389834404E0
1.214755381E2,1.040877819E0,2.721237659E0,8.790034294E0
1.214956493E2,1.171884894E0,3.141177893E0,7.493722439E0
1.215157604E2,1.716850251E-1,3.762713671E0,7.048058987E0
1.215358716E2,-1.070189953E0,4.208974838E0,7.825128078E0
1.215559828E2,-1.312463164E0,4.326223373E0,7.854440212E0
1.215760939E2,-9.361918569E-1,4.521836758E0,7.559525013E0
1.215962051E2,-7.920243144E-1,4.893322468E0,7.424928665E0
1.216163162E2,-1.172483087E0,5.085944653E0,8.188837051E0
1.216364274E2,-8.039883971E-1,4.733003139E0,9.412766457E0
1.216565386E2,-8.374879137E-3,4.545764923E0,9.924830437E0
1.216766497E2,6.586244106E-1,4.570889473E0,9.814760208E0
1.216967608E2,-6.101697683E-2,4.887938499E0,1.061934662E1
1.217168720E2,-1.009172916E0,4.954339504E0,1.198624706E1
1.217369832E2,-6.191428304E-1,4.083950043E0,1.341655636E1
1.217570943E2,-1.764706671E-1,3.111267567E0,1.469611835E1
1.217772055E2,-2.015953064E-1,2.991028309E0,1.343809223E1
1.217973166E2,-5.485545993E-1,3.494717360E0,1.037049294E1
1.218174278E2,-2.213360965E-1,3.645465374E0,8.095517159E0
1.218375390E2,5.144568533E-2,3.269193888E0,7.475776196E0
1.218576501E2,-1.363908947E-1,3.084946632E0,7.659425259E0
1.218777613E2,7.298108935E-2,2.864208698E0,7.570292473E0
1.218978725E2,1.836491376E-1,2.584846735E0,8.377870560E0
1.219179836E2,1.393819153E-1,2.266601324E0,1.003430176E1
1.219380948E2,4.277170599E-1,2.117049932E0,9.808179855E0
1.219582059E2,7.896314561E-2,2.536990166E0,8.751749039E0
1.219783171E2,-1.160518974E-1,2.933002472E0,7.691130161E0
1.219984282E2,-1.866401732E-1,3.062214851E0,6.781259537E0
1.220185394E2,-4.594219327E-1,3.113062143E0,6.555736065E0
1.220386505E2,-5.282155871E-1,2.973082066E0,6.878168583E0
1.220587617E2,-2.721835673E-1,2.739781857E0,7.107281685E0
1.220788729E2,-1.932204217E-1,2.784647465E0,6.976274490E0
1.220989840E2,-3.798605800E-1,3.069991350E0,7.065407276E0
1.221190952E2,-9.810572863E-2,3.259622574E0,7.056434155E0
1.221392064E2,5.413761139E-1,3.294318676E0,7.264609337E0
1.221593175E2,8.847461939E-1,3.495315790E0,7.270591736E0
1.221794287E2,5.742774606E-1,3.848855257E0,7.041478634E0
1.221995398E2,-4.372883439E-1,4.241278172E0,7.539783955E0
1.222196510E2,-1.183250785E0,4.141975880E0,9.309874535E0
1.222397621E2,-1.240080357E0,3.793222189E0,1.070309544E1
1.222598733E2,-8.494520187E-1,3.701696634E0,1.063609695E1
1.222799844E2,-3.110669553E-1,3.838685751E0,9.997213364E0
1.223000956E2,8.733802289E-2,3.852444410E0,9.836894035E0
1.223202068E2,8.015955985E-2,3.830310822E0,1.058644581E1
1.223403179E2,1.668993831E-1,3.621536970E0,1.176610756E1
1.223604291E2,-2.590230405E-1,3.928416491E0,1.143948650E1
1.223805403E2,-1.213161111E0,4.431507587E0,1.032802105E1
1.224006514E2,-2.121237278E0,4.738387108E0,1.033819008E1
1.224207626E2,-2.118844509E0,4.541577339E0,1.066720295E1
1.224408737E2,-1.942971945E0,4.194019794E0,1.138385391E1
1.224609849E2,-1.831107497E0,3.516851187E0,1.347218990E1
1.224810961E2,-1.710868239E0,2.860021353E0,1.517647743E1
1.225012072E2,-1.299900889E0,2.396411896E0,1.473619843E1
1.225213184E2,-8.171489239E-1,2.023131609E0,1.377548027E1
1.225414295E2,-6.340979934E-1,1.919641972E0,1.327657604E1
1.225615407E2,-5.228317380E-1,1.887338877E0,1.205683517E1
1.225816518E2,-9.708877802E-1,2.222932339E0,9.900901794E0
1.226017630E2,-2.453839540E0,2.734996319E0,8.206185341E0
1.226218742E2,-3.128017426E0,2.923431158E0,7.112067223E0
1.226419853E2,-2.692523718E0,2.660818815E0,6.803392887E0
1.226620965E2,-1.877767563E0,2.200200319E0,8.002197266E0
1.226822076E2,-8.213363886E-1,1.671386600E0,8.800203323E0
1.227023188E2,-3.870390654E-1,1.729412556E0,7.642675400E0
1.227224300E2,-7.507480979E-1,2.012962103E0,6.803991318E0
1.227425411E2,-1.373480201E0,2.338385820E0,6.442675114E0
1.227626523E2,-1.393221021E0,2.458625317E0,6.196812630E0
1.227827635E2,-1.514656782E0,2.544168711E0,6.032305717E0
1.228028746E2,-1.747358680E0,2.848655462E0,6.120242119E0
1.228229857E2,-1.461416483E0,2.797807932E0,7.138388157E0
1.228430969E2,-1.345962763E0,2.849253654E0,8.133204460E0
1.228632081E2,-1.269990563E0,3.118446112E0,8.389834404E0
1.228833192E2,-8.620143533E-1,3.231507063E0,8.572287560E0
1.229034304E2,-9.014959335E-1,3.463012457E0,9.063413620E0
1.229235416E2,-1.019342422E0,3.574278831E0,9.803992271E0
1.229436527E2,-9.332008362E-1,3.503092289E0,1.057507992E1
1.229637639E2,-6.604190469E-1,3.512065411E0,1.068514919E1
1.229838750E2,-6.382854581E-1,3.778266907E0,9.749555588E0
1.230039862E2,-9.475577474E-1,4.110869408E0,9.695118904E0
1.230240974E2,-1.179661512E0,4.598406792E0,9.920044899E0
1.230442085E2,-7.280163169E-1,4.770092010E0,9.781260490E0
1.230643196E2,-4.486542344E-1,5.062614441E0,9.696315765E0
1.230844308E2,-1.619342685E0,5.382654667E0,9.288937569E0
1.231045420E2,-4.086941242E0,5.970690727E0,9.781859398E0
1.231246531E2,-4.902893543E0,5.191826820E0,1.235593796E1
1.231447643E2,-2.372483730E0,3.209373474E0,1.433719540E1
1.231648755E2,5.096712112E-1,2.121237278E0,1.283330631E1
1.231849866E2,1.392622828E0,2.361716032E0,1.018804073E1
1.232050978E2,1.183848977E0,2.937189817E0,8.568697929E0
1.232252089E2,5.587241054E-1,3.167499065E0,8.232506752E0
1.232453201E2,-3.750749528E-1,3.340380430E0,8.474779129E0
1.232654313E2,-6.604190469E-1,3.324826956E0,9.092127800E0
1.232855424E2,-4.630111754E-1,3.223730326E0,9.326624870E0
1.233056536E2,-4.336991012E-1,3.185445070E0,9.266205788E0
1.233257648E2,-6.915257573E-1,3.049652576E0,9.139386177E0
1.233458759E2,-1.076171994E0,3.022733212E0,8.605188370E0
1.233659870E2,-9.804590940E-1,2.987439156E0,7.434499741E0
1.233860982E2,-8.548358679E-1,2.954537868E0,6.473781586E0
1.234062094E2,-6.604190469E-1,2.994617462E0,6.231508255E0
1.234263205E2,-1.842473447E-1,2.730210543E0,6.186044693E0
1.234464317E2,1.962114573E-1,2.709871531E0,5.828916073E0
1.234665429E2,1.375873089E-1,2.948555708E0,5.681159019E0
1.234866540E2,2.147558331E-1,3.277568817E0,5.794219971E0
1.235067652E2,3.535395563E-1,3.530011654E0,6.576074600E0
1.235268763E2,-7.657032460E-2,3.966701746E0,7.688737392E0
1.235469875E2,-2.841476798E-1,4.101297855E0,9.163313866E0
1.235670987E2,3.050848842E-1,4.085744858E0,1.054516983E1
1.235872098E2,5.814558864E-1,4.253840446E0,1.189232826E1
1.236073210E2,-6.448656917E-1,4.859822750E0,1.209392357E1
1.236274321E2,-1.702493310E0,4.990829945E0,1.261615753E1
1.236475433E2,-1.037886858E0,4.259224415E0,1.300259781E1
1.236676544E2,1.322034448E-1,3.632304668E0,1.249352551E1
1.236877656E2,1.189232826E0,3.749552965E0,1.152622700E1
1.237078768E2,1.850250125E0,4.117449760E0,1.056909752E1
1.237279879E2,8.009973764E-1,4.369892120E0,9.245268822E0
1.237480991E2,-2.340180635E0,5.021338463E0,8.157132149E0
1.237682103E2,-4.691727161E0,5.331208706E0,9.401998520E0
1.237883214E2,-3.329612732E0,4.148556232E0,1.169731331E1
1.238084326E2,-6.634100676E-1,2.674577475E0,1.344347572E1
1.238285437E2,5.401797295E-1,2.084746838E0,1.341536045E1
1.238486549E2,5.491527915E-1,2.231905222E0,1.156152058E1
1.238687661E2,7.322037220E-1,2.134995937E0,1.025444126E1
1.238888772E2,1.138385415E0,2.067996979E0,8.710473061E0
1.239089884E2,4.211367965E-1,2.621935368E0,7.064808846E0
1.239290995E2,-1.038485050E0,3.523431301E0,5.870790482E0
1.239492107E2,-2.436491728E0,4.511667252E0,5.093122959E0
1.239693218E2,-3.313461065E0,5.085944653E0,5.874379635E0
1.239894330E2,-3.044866800E0,4.336990833E0,8.963513374E0
1.240095442E2,-1.671386600E0,3.196810961E0,1.089691448E1
1.240296553E2,-4.713860750E-1,2.668595552E0,1.017727280E1
1.240497665E2,-7.938188910E-1,3.092125177E0,8.411968231E0
1.240698777E2,-9.320043921E-1,3.240479946E0,7.400402069E0
1.240899888E2,-7.172485590E-1,2.955136061E0,7.674380302E0
1.241101000E2,-6.047859192E-1,2.757728100E0,8.132605553E0
1.241302111E2,-3.978067636E-1,2.734398127E0,7.702496052E0
1.241503223E2,-1.007378340E0,3.383451223E0,6.414559364E0
1.241704335E2,-1.479362607E0,3.931407690E0,6.336792469E0
1.241905446E2,-1.450050473E0,3.901497364E0,7.741379261E0
1.242106557E2,-5.832505226E-1,3.510869026E0,9.419346809E0
1.242307669E2,1.920240223E-1,3.326621771E0,9.246464729E0
1.242508781E2,-5.419743061E-1,4.105485439E0,8.108079910E0
1.242709892E2,-1.101894855E0,4.585844517E0,7.999206066E0
1.242911004E2,-7.022934556E-1,4.442873478E0,8.165507317E0
1.243112116E2,-5.748756528E-1,4.155734539E0,9.954740524E0
1.243313227E2,-2.470589429E-1,4.196412563E0,1.213041401E1
1.243514339E2,8.548358679E-1,4.003192425E0,1.021077251E1
1.243715451E2,-2.027917206E-1,4.518845558E0,9.766305923E0
1.243916562E2,-4.426721931E-1,4.751547337E0,9.533005714E0
1.244117674E2,-1.375873014E-2,4.546362877E0,1.023051357E1
1.244318785E2,6.514459848E-1,3.898506403E0,1.155912781E1
1.244519897E2,9.206385016E-1,3.083152056E0,1.282732391E1
1.244721008E2,7.232306600E-1,2.794816732E0,1.282852077E1
1.244922120E2,1.597209126E-1,3.158525944E0,1.145204926E1
1.245123231E2,1.579262912E-1,3.784847260E0,9.768099785E0
1.245324343E2,6.197410822E-1,4.113860130E0,8.407182693E0
1.245525455E2,1.125823021E0,4.131208420E0,8.338987350E0
1.245726566E2,1.663609982E0,3.615555048E0,9.814760208E0
1.245927678E2,1.562513232E0,2.857030153E0,1.108654594E1
1.246128790E2,1.081555843E0,2.727817774E0,1.024845982E1
1.246329901E2,7.369893789E-1,2.709871531E0,9.030512810E0
1.246531013E2,4.336991012E-1,2.793022156E0,8.006384850E0
1.246732125E2,4.809573591E-1,2.852244616E0,7.267002583E0
1.246933236E2,9.062815905E-1,2.776272535E0,7.071389198E0
1.247134348E2,9.834501147E-1,2.795415163E0,7.173682213E0
1.247335459E2,8.925228715E-1,2.882154942E0,7.475177765E0
1.247536571E2,9.218349457E-1,2.898904562E0,7.265805721E0
1.247737682E2,7.812566161E-1,3.288934708E0,7.067800045E0
1.247938794E2,5.072783828E-1,3.315854073E0,7.539186001E0
1.248139905E2,-2.147558331E-1,4.008575916E0,5.948556900E0
1.248341017E2,6.101697683E-2,3.119044304E0,8.205587387E0
1.248542129E2,1.268195957E-1,3.301496983E0,9.238089561E0
1.248743240E2,-2.560320199E-1,3.695714474E0,9.525827408E0
1.248944352E2,4.809573591E-1,3.537788391E0,9.130413055E0
1.249145464E2,3.912265003E-1,4.231108665E0,8.146365166E0
1.249464507E2,6.041877270E-1,2.901895761E0,8.423334122E0
1.249665618E2,-8.075776696E-2,3.860221148E0,9.117252350E0
1.249866729E2,-7.393822074E-1,4.208974838E0,9.502496719E0
1.250067840E2,-3.744767308E-1,4.133601189E0,9.694520950E0
1.250268951E2,-7.178468257E-2,3.859024763E0,9.409774780E0
1.250470061E2,-2.632104978E-2,3.893122435E0,8.606385231E0
1.250671172E2,-3.008974493E-1,4.212564468E0,7.853243828E0
1.250872283E2,-5.796613097E-1,4.610371113E0,7.814360619E0
1.251073394E2,-3.912265003E-1,4.515256405E0,8.229515076E0
1.251274504E2,1.555334684E-2,4.226323128E0,8.613563538E0
1.251475615E2,-7.238288224E-2,4.168296814E0,8.879764557E0
1.251676726E2,-5.659025311E-1,4.519443989E0,8.924630165E0
1.251877837E2,-5.365904570E-1,4.537988186E0,8.994620323E0
1.252078948E2,-1.256231815E-1,4.396811485E0,9.384052277E0
1.252280059E2,3.643072546E-1,4.305285931E0,9.486345291E0
1.252481169E2,7.094719410E-1,4.436891556E0,8.845666885E0
1.252682280E2,4.588237405E-1,4.622933388E0,8.745766640E0
1.252883391E2,-3.290131316E-2,4.488337040E0,9.842875481E0
1.253084502E2,1.280160099E-1,3.915256023E0,1.134736347E1
1.253285613E2,6.352944374E-1,3.271586657E0,1.218724346E1
1.253486724E2,7.399803996E-1,3.264408350E0,1.204068375E1
1.253687834E2,2.153540403E-1,3.799204111E0,1.175174999E1
1.253888945E2,2.685943544E-1,3.720241070E0,1.222971630E1
1.254090056E2,4.366901219E-1,3.308077335E0,1.270349503E1
1.254291166E2,-3.206382394E-1,3.475574970E0,1.239960670E1
1.254492277E2,-1.258026481E0,3.614358664E0,1.195872974E1
1.254693388E2,-2.258226395E0,3.630510092E0,1.286919880E1
1.254894499E2,-1.948355794E0,3.037688255E0,1.505564022E1
1.255095610E2,-8.111668825E-1,1.852044702E0,1.601815224E1
1.255296720E2,1.519442350E-1,1.594816327E0,1.420200062E1
1.255497831E2,5.210371017E-1,1.718644857E0,1.157468128E1
1.255698942E2,2.237289101E-1,2.117648125E0,1.006839943E1
1.255900053E2,-4.498506486E-1,2.273779631E0,1.024905777E1
1.256101164E2,-9.541380405E-1,2.375474691E0,1.011685371E1
1.256302275E2,-8.069794178E-1,2.423331022E0,9.104091644E0
1.256503385E2,-2.321037948E-1,2.771486759E0,7.155735970E0
1.256704496E2,-3.290131316E-2,3.332005501E0,5.934798241E0
1.256905607E2,1.190429255E-1,3.602992773E0,6.561119556E0
1.257106717E2,9.373882413E-1,3.498904943E0,6.677171707E0
1.257307828E2,2.608176768E-1,3.810570002E0,7.287939548E0
1.257508939E2,-1.319043517E0,4.692923546E0,8.716454506E0
1.257710050E2,-1.401595831E0,4.935196877E0,7.415955544E0
1.257911161E2,-1.347159147E0,4.264009953E0,6.416353703E0
1.258112272E2,-5.772684813E-1,2.518445730E0,7.677969456E0
1.258313382E2,9.481559992E-1,9.272187948E-1,9.055637360E0
1.258514493E2,1.733600020E0,3.296113312E-1,8.591429710E0
1.258715604E2,1.013958573E0,1.141974568E0,6.772286415E0
1.258916714E2,5.982056726E-3,2.478964329E0,5.557928562E0
1.259117825E2,6.879365444E-2,3.299702406E0,4.968696117E0
1.259318936E2,2.620140910E-1,3.829114437E0,4.911268711E0
1.259520047E2,8.015955985E-2,3.952943087E0,6.089733601E0
1.259721157E2,-7.513462901E-1,3.277568817E0,1.131326580E1
1.259922268E2,-1.547558069E0,2.301297188E0,1.767279053E1
1.260123379E2,-6.251249313E-1,2.474178553E0,1.470808220E1
1.260324490E2,-1.279561877E0,5.589035511E0,4.003790379E0
1.260525600E2,-2.468196630E0,9.116056442E0,-2.099701911E-1
1.260726711E2,7.357929647E-2,7.575676441E0,6.431309223E0
1.260927822E2,4.285545349E0,2.115853310E0,1.797667885E1
1.261128932E2,6.473183632E0,1.567298770E-1,2.104786682E1
1.261330043E2,4.773082733E0,2.153540373E0,1.410389519E1
1.261531154E2,1.968096614E0,5.422734261E0,8.103293419E0
1.261732265E2,1.108475089E0,5.926423550E0,8.217551231E0
1.261933376E2,1.981257200E0,3.708276987E0,1.333878994E1
1.262134487E2,5.100899696E0,2.135594130E0,1.819980812E1
1.262335597E2,8.833105087E0,4.588237405E-1,1.597926998E1
1.262536708E2,1.011147022E1,-8.638089895E-1,1.079222870E1
1.262737819E2,6.289534092E0,4.019941986E-1,9.067003250E0
1.262938929E2,-9.523434043E-1,2.226521492E0,1.008634567E1
1.263140040E2,-2.989831924E0,2.038684845E0,1.213161087E1
1.263341151E2,-1.292124271E0,4.833501875E-1,1.162612724E1
1.263542262E2,2.554338276E-1,7.956135273E-2,9.054440498E0
1.263743373E2,9.906286001E-1,8.021938205E-1,7.142575741E0
1.263944483E2,7.597211599E-1,1.725225091E0,6.903891563E0
1.264145594E2,3.248256743E-1,1.768295884E0,8.008777618E0
1.264346704E2,-5.527420044E-1,1.335793257E0,8.502895355E0
1.264547815E2,-7.405785918E-1,8.739784956E-1,7.247859955E0
1.264748926E2,-4.947160780E-1,9.314061999E-1,4.733003139E0
1.264950037E2,-1.794617027E-1,1.391426325E0,3.418147087E0
1.265151148E2,3.182454109E-1,1.512862086E0,4.371088982E0
1.265352258E2,-3.690928817E-1,1.704287887E0,4.695316315E0
1.265553369E2,-2.064407825E0,2.630310297E0,4.516452789E0
1.265754480E2,-2.731407166E0,2.935395241E0,6.419943333E0
1.265955590E2,-2.355135679E0,2.303689957E0,8.715258598E0
1.266156701E2,-1.262812138E0,1.713261008E0,1.022333431E1
1.266357812E2,-7.220342159E-1,1.217348576E0,9.165707588E0
1.266558923E2,-7.908278704E-1,2.315055847E0,7.244270325E0
1.266760034E2,-1.073180914E0,3.834498405E0,6.963712215E0
1.266961144E2,-1.138385415E0,4.677370071E0,7.798209190E0
1.267162255E2,-2.112862349E0,5.021936417E0,9.130413055E0
1.267363365E2,-2.684148788E0,5.552545071E0,9.848857880E0
1.267564476E2,-2.122433662E0,5.471786976E0,1.102373409E1
1.267765587E2,1.351944804E-1,4.593023300E0,1.319821167E1
1.267966698E2,1.830509305E-1,3.960719585E0,1.440239906E1
1.268167808E2,-2.423929453E0,4.829314232E0,1.441735458E1
1.268368919E2,-4.463212490E0,4.467998028E0,1.436949825E1
1.268570030E2,-2.559123755E0,3.440878868E0,1.536610889E1
1.268771140E2,-9.451649338E-2,2.501696110E0,1.582911968E1
1.268972251E2,-2.093719877E-2,2.875574589E0,1.544746494E1
1.269173362E2,-1.196411371E0,3.148954630E0,1.329153156E1
1.269374473E2,-1.719243050E0,1.514058471E0,1.339083385E1
1.269575583E2,-1.552343726E0,-2.177468538E-1,1.524108410E1
1.269776694E2,-1.049252748E0,-4.713860750E-1,1.472243977E1
1.269977804E2,-3.222533941E0,7.471588850E-1,1.359541988E1
1.270178915E2,-5.473581791E0,1.908276081E0,1.010010433E1
1.270380026E2,-3.000599623E0,2.030908108E0,4.611567497E0
1.270581137E2,2.194816589E0,9.062815905E-1,2.575873613E0
1.270782248E2,3.231507063E0,1.094716340E-1,4.873581409E0
1.270983358E2,7.417750359E-1,1.661217093E0,6.918248653E0
1.271184469E2,6.903293133E-1,2.191825628E0,6.367300987E0
1.271385579E2,2.575275421E0,2.162513494E0,6.559325218E0
1.271586690E2,3.373281717E0,2.016551256E0,5.597410202E0
1.271787801E2,2.579462767E0,1.444666624E0,4.320241451E0
1.271988912E2,8.374879137E-3,1.311864972E0,5.044070244E0
1.272190022E2,-1.879562140E0,1.448255897E0,6.658627033E0
1.272391133E2,-2.113460541E0,1.100100160E0,8.968298912E0
1.272592243E2,1.764706671E-1,9.152546525E-2,1.117268753E1
1.272793354E2,2.849253654E0,-1.015753269E0,1.089153004E1
1.272994465E2,3.681955814E0,-4.719842672E-1,7.699504852E0
1.273195576E2,8.979067206E-1,2.925225735E0,5.098506927E0
1.273396687E2,-1.902892232E0,5.743970871E0,5.771488190E0
1.273597797E2,-2.340778828E0,6.168098450E0,7.381259441E0
1.273798908E2,-1.372283816E0,5.300102234E0,9.516854286E0
1.274000018E2,-3.762713671E-1,4.712664127E0,1.274955750E1
1.274201129E2,1.854437590E-2,4.887938499E0,1.611685753E1
1.274402240E2,2.554338276E-1,4.268197536E0,1.643629837E1
1.274603351E2,-1.653440475E0,4.412963390E0,1.552283859E1
1.274804461E2,-2.794816732E0,5.067399979E0,1.316830158E1
1.275005572E2,6.969096065E-1,3.996612072E0,1.145803165E1
1.275206682E2,3.563511133E0,1.819741607E0,1.103988552E1
1.275407793E2,1.496710539E0,1.015753269E0,1.275613785E1
1.275608904E2,-3.786641955E-1,1.332203984E0,1.388973713E1
1.275810015E2,5.389832854E-1,4.247260094E-1,1.347278786E1
1.276011125E2,2.164308071E0,-2.003988922E-1,1.256889915E1
1.276212236E2,2.278565407E0,1.752742529E-1,1.082572746E1
1.276413347E2,1.594218135E0,6.538388133E-1,9.616754532E0
1.276614457E2,-3.702892959E-1,1.177866936E0,8.082356453E0
1.276815568E2,-2.824727058E0,2.419741869E0,4.588835716E0
1.277016678E2,-1.411765337E0,2.827718258E0,1.612164259E0
1.277217789E2,1.184447169E0,1.788634896E0,2.828914642E0
1.277418900E2,3.171686411E0,8.165507317E-1,7.996813297E0
1.277620011E2,2.850450039E0,4.013960063E-1,8.847461700E0
1.277821121E2,1.667199135E0,1.237687469E0,4.747360229E0
1.278022232E2,-2.362912297E-1,1.842473388E0,3.247060299E0
1.278223342E2,-1.400399446E0,1.479960799E0,7.406982422E0
1.278424453E2,1.944168359E-1,3.164508045E-1,1.298166084E1
1.278625564E2,3.034099102E0,-7.651050687E-1,1.390229988E1
1.278826675E2,3.204587698E0,1.238285750E-1,1.021974564E1
1.279027785E2,1.011565804E0,1.838884234E0,7.564908981E0
1.279228896E2,-1.980060786E-1,2.314457655E0,7.923233986E0
1.279430006E2,4.444667995E-1,1.821536183E0,9.543772697E0
1.279631117E2,1.222134113E0,1.425524116E0,8.797212601E0
1.279832228E2,1.133599758E0,2.082353830E0,6.921239376E0
1.280033339E2,5.724828243E-1,2.871387243E0,6.595217228E0
1.280234449E2,-1.549352705E-1,3.251247883E0,7.892725468E0
1.280435560E2,-1.812563092E-1,3.118446112E0,1.000678444E1
1.280636671E2,8.721838593E-1,2.553141832E0,1.063669491E1
1.280837781E2,1.570289850E0,2.456830740E0,9.777072906E0
1.281038892E2,9.421738982E-1,2.940180779E0,9.054440498E0
1.281240002E2,-1.387837082E-1,3.658027649E0,9.500103951E0
1.281441113E2,-1.115055323E0,3.001796007E0,1.120499039E1
1.281642224E2,-2.358724833E0,2.197807550E0,1.170867920E1
1.281843335E2,-2.450250387E0,1.672582984E0,1.147238827E1
1.282044445E2,1.154536903E-1,6.263213158E-1,1.356550980E1
1.282245556E2,4.305884361E0,-9.589236975E-1,1.541875076E1
1.282446666E2,6.311667919E0,-1.180259824E0,1.353260803E1
1.282647777E2,4.978267670E0,8.195417374E-2,1.097169018E1
1.282848888E2,1.743171334E0,8.949156404E-1,1.245643616E1
1.283049999E2,2.877369225E-1,1.615155339E-1,1.597986794E1
1.283251109E2,1.162911773E0,-1.143769264E0,1.680718613E1
1.283452220E2,2.788834810E0,-1.603789330E0,1.360977745E1
1.283653330E2,2.380858421E0,-6.095715761E-1,9.913464546E0
1.283854441E2,7.184450030E-1,8.781659007E-1,9.493523598E0
1.284055552E2,9.690931439E-2,1.005583763E0,1.021137047E1
1.284256662E2,9.690931439E-2,2.398804724E-1,1.046441174E1
1.284457773E2,-1.770688772E0,3.948157430E-1,1.024247742E1
1.284658884E2,-3.946362734E0,1.262812138E0,9.580862045E0
1.284859994E2,-3.947559118E0,1.567298889E0,9.059226990E0
1.285061105E2,-2.057229280E0,1.386640668E0,8.426324844E0
1.285262215E2,-7.860422134E-1,1.168295622E0,8.295317650E0
1.285463326E2,-1.609173268E-1,1.097707391E0,8.434700012E0
1.285664437E2,7.836493850E-2,1.217348576E0,7.276573658E0
1.285865548E2,6.879365444E-2,1.371087432E0,6.243472576E0
1.286066658E2,-3.343969584E-1,1.608574986E0,6.296114445E0
1.286267769E2,-9.140582681E-1,2.038684845E0,6.808776855E0
1.286468879E2,-9.116654396E-1,2.157727718E0,6.943373203E0
1.286669990E2,5.443671346E-2,1.811964989E0,7.403393269E0
1.286871101E2,7.411768436E-1,1.715055585E0,7.275975227E0
1.287072211E2,2.644068897E-1,2.282752752E0,7.086942673E0
1.287273322E2,-1.027717352E0,3.226123095E0,6.200999737E0
1.287474432E2,-1.029511929E0,4.046861172E0,6.638886452E0
1.287675543E2,-6.221338734E-2,3.142374277E0,1.019940662E1
1.287876654E2,1.986641049E0,6.490531564E-1,1.295414352E1
1.288077764E2,2.323430777E0,4.342973232E-1,1.022512913E1
1.288278875E2,-3.284149170E-1,3.449851990E0,7.236494064E0
1.288479986E2,-3.502494097E0,5.565107346E0,7.903493404E0
1.288681097E2,-4.035495281E0,5.392225742E0,9.814162254E0
1.288882207E2,-1.139581800E0,3.717848301E0,1.286800194E1
1.289083317E2,2.117049932E0,1.723430514E0,1.485344696E1
1.289284428E2,3.982853174E0,1.092921734E0,1.296371460E1
1.289485539E2,3.477369547E0,2.100300074E0,9.541978836E0
1.289686650E2,7.052844763E-1,3.111267567E0,8.831310272E0
1.289887760E2,-1.609173179E0,3.580260992E0,9.833903313E0
1.290088871E2,-2.354537487E0,3.262613773E0,1.115832996E1
1.290289981E2,-1.208375454E0,1.800599098E0,1.215374470E1
1.290491092E2,1.800599098E-1,7.250252366E-1,1.162852001E1
1.290692203E2,1.047458172E0,9.236295223E-1,9.999007225E0
1.290893313E2,1.836491376E-1,1.529611826E0,9.258428574E0
1.291094424E2,-7.328019142E-1,1.820339799E0,8.085946083E0
1.291295535E2,-9.690931439E-2,1.946561217E0,6.749554634E0
1.291496645E2,9.625129104E-1,1.801795483E0,6.934400082E0
1.291697756E2,1.497308731E0,1.517049551E0,7.843074322E0
1.291898866E2,1.376471281E0,1.400997639E0,8.436494827E0
1.292099977E2,1.201795220E0,1.550549030E0,7.822137356E0
1.292301088E2,1.201196909E0,2.051845312E0,7.556533813E0
1.292502198E2,9.930214286E-2,2.637488842E0,8.758927345E0
1.292703309E2,5.563312769E-2,2.728415966E0,9.435498238E0
1.292904419E2,1.157527924E0,2.737987280E0,7.133602619E0
1.293105530E2,1.128814101E0,3.459423304E0,5.871388435E0
1.293306641E2,7.136593461E-1,3.741776466E0,6.664609432E0
1.293507751E2,1.635494232E0,3.512663603E0,7.344769001E0
1.293708862E2,2.292922258E0,3.096312523E0,7.995616913E0
1.293909973E2,1.445863128E0,3.266202927E0,8.271987915E0
1.294111084E2,4.749752879E-1,3.952943087E0,9.036494255E0
1.294312194E2,-4.546362907E-2,4.246063709E0,1.001815033E1
1.294513304E2,-1.537388563E-1,4.557130814E0,1.112782192E1
1.294714415E2,1.639083475E-1,4.945366383E0,1.144726372E1
1.294915526E2,7.561319470E-1,5.038087845E0,1.139821053E1
1.295116636E2,8.500502706E-1,5.422136307E0,1.125105190E1
1.295317747E2,7.202396393E-1,5.687141418E0,1.101057339E1
1.295518857E2,1.663011760E-1,5.883950710E0,1.090528965E1
1.295719968E2,-1.866401732E-1,5.968297958E0,1.085444164E1
1.295921079E2,-5.742774606E-1,5.583651543E0,1.153101254E1
1.296122189E2,-1.190429211E0,4.754538536E0,1.427557945E1
1.296323300E2,-1.051645517E0,3.369692564E0,1.540200138E1
1.296524411E2,-1.779661894E0,2.723032236E0,1.329691505E1
1.296725521E2,-2.229512453E0,2.316252232E0,1.136530972E1
1.296926632E2,-2.097309113E0,2.275574446E0,9.796216011E0
1.297127742E2,-2.240280151E0,2.696711063E0,1.004207802E1
1.297328853E2,-1.628315806E0,2.812164783E0,1.032981491E1
1.297529964E2,-1.037288666E0,2.294118643E0,1.113799095E1
1.297731074E2,-1.633101463E0,1.837687731E0,1.321077347E1
1.297932185E2,-1.904686809E0,1.571486235E0,1.422054482E1
1.298133296E2,-1.333998680E0,1.420140266E0,1.272323608E1
1.298334406E2,-1.027119160E0,1.285543919E0,1.101236820E1
1.298535517E2,-1.965105653E0,2.345564365E0,9.021539688E0
1.298736627E2,-2.249851465E0,3.327818155E0,7.570890903E0
1.298937738E2,-1.624726534E0,3.439084291E0,6.505486488E0
1.299138849E2,-7.573283911E-1,3.259024382E0,5.630311489E0
1.299339959E2,1.333998591E-1,3.125624657E0,5.380859852E0
1.299541070E2,3.984049559E-1,3.145963669E0,5.706283569E0
1.299742180E2,-2.644068897E-1,3.323630571E0,6.968497753E0
1.299943291E2,-7.992027402E-1,3.114258766E0,8.201399803E0
1.300144402E2,-1.154536963E0,2.405983210E0,7.962117195E0
1.300345512E2,-9.200403094E-1,2.499901533E0,6.325426579E0
1.300546623E2,-3.714857101E-1,2.385046005E0,5.472983360E0
1.300747734E2,-1.692921966E-1,2.318047047E0,7.336394310E0
1.300948844E2,-5.688936114E-1,2.458625317E0,9.019744873E0
1.301149955E2,-1.074975610E0,2.699702263E0,9.455238342E0
1.301351065E2,-1.029511929E0,2.720041037E0,7.951349735E0
1.301552176E2,-9.846464992E-1,2.956332445E0,7.226922512E0
1.301753287E2,-1.026520967E0,3.095714331E0,8.705686569E0
1.301954397E2,-3.726821244E-1,3.010170937E0,9.887143135E0
1.302155507E2,5.545366406E-1,2.986840963E0,8.163114548E0
1.302356618E2,3.930211067E-1,4.006183147E0,5.716453075E0
1.302557729E2,-1.231705427E0,5.072185993E0,6.367899418E0
1.302758839E2,-2.502892494E0,5.950351715E0,8.742177963E0
1.302959950E2,-1.447657704E0,5.451447964E0,1.028136063E1
1.303161061E2,6.640082598E-2,4.414159775E0,1.034058285E1
1.303362171E2,2.566302419E-1,4.503890514E0,9.647860527E0
1.303563282E2,-4.576273263E-1,4.976472855E0,1.072881889E1
1.303764392E2,-3.888336718E-1,4.205984116E0,1.274477196E1
1.303965503E2,-6.939185411E-2,3.640679598E0,1.228834057E1
1.304166614E2,-7.776673883E-2,3.466003656E0,1.104048347E1
1.304367724E2,-2.697907388E-1,3.721437454E0,1.142931747E1
1.304568835E2,7.292127013E-1,2.879761934E0,1.319402409E1
1.304769946E2,1.643270969E0,1.797009826E0,1.361815166E1
1.304971056E2,2.052443504E0,1.524227977E0,1.240977669E1
1.305172167E2,1.493719578E0,1.972882271E0,1.106620693E1
1.305373277E2,6.855437160E-1,2.496910334E0,1.036211872E1
1.305574388E2,6.813562512E-1,2.586641312E0,9.914660454E0
1.305775499E2,1.596012712E0,1.980060697E0,9.680762291E0
1.305976609E2,1.865803480E0,1.721635938E0,9.591629982E0
1.306177719E2,1.043270707E0,2.182254314E0,8.988039970E0
1.306378830E2,1.417747438E-1,2.743969440E0,8.620143890E0
1.306579941E2,-2.500499785E-1,2.952144861E0,8.045268059E0
1.306781051E2,2.297109663E-1,2.795415163E0,6.891927242E0
1.306982162E2,3.732803464E-1,2.699702263E0,6.281159401E0
1.307183273E2,-2.123630047E-1,2.842075109E0,6.927221775E0
1.307384383E2,-7.244270444E-1,2.764308453E0,7.751548767E0
1.307585494E2,-6.155536175E-1,2.418545485E0,8.192426682E0
1.307786604E2,4.067798331E-2,1.905883193E0,7.899903774E0
1.307987715E2,4.869394004E-1,1.686341763E0,7.327421188E0
1.308188826E2,4.749752879E-1,1.908874273E0,6.650252342E0
1.308389936E2,1.417747438E-1,2.297708035E0,6.605985165E0
1.308591047E2,2.572284341E-1,2.548356056E0,6.275775433E0
1.308792157E2,5.312066078E-1,2.827120066E0,5.927619934E0
1.308993268E2,8.141579032E-1,3.023929596E0,6.498906136E0
1.309194378E2,9.678967595E-1,3.023331404E0,7.830512047E0
1.309395489E2,1.069591761E0,3.322434187E0,8.582456589E0
1.309596600E2,1.625923038E0,3.613162279E0,9.342177391E0
1.309797710E2,2.153540373E0,3.939782381E0,9.744770050E0
1.309998821E2,2.084148407E0,4.610371113E0,1.050748253E1
1.310199931E2,1.765304923E0,5.073980331E0,1.166022491E1
1.310401042E2,1.718046665E0,5.436492920E0,1.211605740E1
1.310602153E2,1.143171072E0,5.779862881E0,1.171226883E1
1.310803263E2,1.489532143E-1,6.149554253E0,1.169731331E1
1.311004374E2,-5.874379873E-1,6.329614162E0,1.318265820E1
1.311205485E2,1.962114573E-1,5.103292465E0,1.480738449E1
1.311406595E2,1.380060434E0,4.104887009E0,1.471466255E1
1.311607705E2,6.843472719E-1,4.095914364E0,1.214357471E1
1.311808816E2,-1.206580877E0,4.438087940E0,1.116371441E1
1.312009927E2,-1.947159410E0,3.214757204E0,1.411705494E1
1.312211037E2,-9.050851464E-1,1.244866014E0,1.644407463E1
1.312412148E2,4.971089065E-1,4.366901219E-1,1.358644676E1
1.312613259E2,2.787638307E-1,1.321436286E0,9.106484413E0
1.312814369E2,-2.719442844E0,3.679563046E0,7.878966808E0
1.313015479E2,-4.281956196E0,4.751547337E0,8.796614647E0
1.313216590E2,-1.362114310E0,2.606382132E0,1.085623646E1
1.313417701E2,1.862214208E0,-1.668993831E-1,1.057149029E1
1.313618811E2,2.586641312E0,-5.024927482E-2,9.780662537E0
1.313819922E2,8.679963946E-1,1.390828133E0,9.755537987E0
1.314021032E2,-4.103690982E-1,2.434697151E0,9.253045082E0
1.314222143E2,-6.544370055E-1,2.477767944E0,7.888537884E0
1.314423254E2,-9.780662656E-1,2.624328136E0,6.867999077E0
1.314624364E2,-1.268794179E0,2.656631231E0,6.467799664E0
1.314825475E2,-8.117650747E-1,2.388635159E0,5.626722336E0
1.315026586E2,-2.805584669E-1,2.353341103E0,5.010570526E0
1.315227696E2,-2.991028363E-3,2.347957134E0,6.073582172E0
1.315428806E2,-8.913264424E-2,1.970489502E0,7.377072334E0
1.315629917E2,2.590230405E-1,1.654636860E0,7.366304398E0
1.315831028E2,1.302293777E0,1.351944804E0,7.086344242E0
1.316032138E2,1.608574986E0,1.772483349E0,6.292525291E0
1.316233249E2,6.323033571E-1,2.557927370E0,5.903093338E0
1.316434360E2,-1.872383654E-1,3.372085333E0,5.298307419E0
1.316635470E2,-4.043870270E-1,4.191627026E0,5.521438122E0
1.316836580E2,-3.577269912E-1,4.405784607E0,7.088139057E0
1.317037691E2,-6.538388133E-1,4.518247128E0,9.095118523E0
1.317238802E2,-8.021938205E-1,4.495515347E0,1.046919727E1
1.317439912E2,-8.488538265E-1,4.296313286E0,1.081196880E1
1.317641023E2,-1.045663476E0,4.083351612E0,1.155494022E1
1.317842134E2,-1.058225870E0,4.235296249E0,1.206461143E1
1.318043244E2,-6.544370055E-1,4.072584152E0,1.110329533E1
1.318244354E2,-9.122636318E-1,4.206582069E0,9.281160355E0
1.318445465E2,-1.990828395E0,4.740181446E0,8.343173981E0
1.318646576E2,-1.861616015E0,4.018147469E0,1.002173901E1
1.318847686E2,-3.361915946E-1,2.110469580E0,1.270947742E1
1.319048797E2,8.063812256E-1,1.180259824E0,1.278544998E1
1.319249907E2,8.338986635E-1,1.429711580E0,1.158485126E1
1.319451018E2,5.102694035E-1,2.175075769E0,1.053380394E1
1.319652128E2,2.398804724E-1,2.704487801E0,9.134600639E0
1.319853239E2,-1.507478207E-1,3.474378586E0,6.974479675E0
1.320054350E2,-3.900300860E-1,3.450450182E0,7.153343201E0
1.320255460E2,1.292124242E-1,2.769692183E0,9.020941734E0
1.320456571E2,6.819544733E-2,2.356332064E0,1.037348461E1
1.320657681E2,-6.352944374E-1,2.585444927E0,9.107083321E0
1.320858792E2,-8.871390224E-1,2.688934565E0,5.781059742E0
1.321059902E2,-7.202396393E-1,2.868396044E0,4.061816216E0
1.321261013E2,1.533201098E0,2.284547329E0,4.691727161E0
1.321462124E2,3.139383316E0,8.117650747E-1,8.557929993E0
1.321663234E2,1.705484390E0,1.170090318E0,1.061695385E1
1.321864345E2,-2.362912297E-1,2.864806890E0,9.391828537E0
1.322065455E2,-5.730810165E-1,3.754338741E0,7.721638680E0
1.322266566E2,5.790630579E-1,4.040280819E0,7.095915318E0
1.322467677E2,1.735394597E0,3.705883980E0,8.364709854E0
1.322668787E2,2.115255117E0,2.846262455E0,1.088794136E1
1.322869898E2,1.545763373E0,2.642274380E0,1.222253799E1
1.323071008E2,1.118644595E0,3.016751051E0,1.213579845E1
1.323272119E2,1.415952802E0,3.194418192E0,1.139880848E1
1.323473229E2,1.509871125E0,3.267399311E0,1.195753288E1
1.323674340E2,1.134197950E0,3.294916868E0,1.314556980E1
1.323875451E2,4.325026870E-1,3.022135019E0,1.261376476E1
1.324076561E2,-7.579265833E-1,3.090330362E0,1.171825027E1
1.324277672E2,-1.770688772E0,3.602394581E0,1.118225861E1
1.324478782E2,-1.357926846E0,3.351148129E0,1.065105152E1
1.324679893E2,-7.196413875E-1,2.215155602E0,1.174277687E1
1.324881003E2,-6.705885530E-1,1.292722464E0,1.221535969E1
1.325082114E2,-8.051848412E-1,1.735992789E0,1.032323551E1
1.325283225E2,-1.552343726E0,2.913261652E0,8.593224525E0
1.325484335E2,-1.896311998E0,3.578466177E0,8.647063255E0
1.325685446E2,-1.777867198E0,2.945564747E0,9.242876053E0
1.325886556E2,-1.532004714E0,2.453241348E0,9.622735977E0
1.326087667E2,-1.188634634E0,2.180459738E0,9.945169449E0
1.326288777E2,-3.343969584E-1,1.814955950E0,1.007318497E1
1.326489888E2,3.122633696E-1,1.478166223E0,9.935597420E0
1.326690998E2,3.499503136E-1,1.604387641E0,8.656036377E0
1.326892109E2,-2.937189937E-1,2.365305185E0,7.010970116E0
1.327093219E2,-1.326820135E0,3.392424345E0,5.626124382E0
1.327294330E2,-1.593619823E0,3.899702787E0,5.487340450E0
1.327495441E2,-6.729813814E-1,3.386442184E0,5.966503143E0
1.327696551E2,1.932204217E-1,2.923431158E0,6.970292568E0
1.327897662E2,5.479564071E-1,2.708675146E0,7.730611801E0
1.328098773E2,3.631108403E-1,3.027518749E0,7.941180229E0
1.328299883E2,-1.214357466E-1,3.493520975E0,7.820940971E0
1.328500993E2,-4.677968323E-1,3.772883177E0,8.056633949E0
1.328702104E2,-4.223332107E-1,3.908077478E0,8.338388443E0
1.328903215E2,-3.643072546E-1,4.118646145E0,8.479565620E0
1.329104325E2,-2.572284341E-1,4.432703972E0,9.111868858E0
1.329305436E2,-1.034895778E-1,4.492524624E0,9.920642853E0
1.329506546E2,-3.565305769E-1,4.701298237E0,1.080658531E1
1.329707657E2,-1.345364571E0,5.123033047E0,1.141555882E1
1.329908767E2,-1.502692580E0,5.359922886E0,1.161954689E1
1.330109878E2,-2.476571500E-1,4.960919380E0,1.120379353E1
1.330310988E2,3.266202807E-1,4.479962349E0,1.024247742E1
1.330512099E2,-7.124629617E-1,4.267001152E0,1.036630630E1
1.330713210E2,-1.490130305E0,4.081557274E0,1.162911797E1
1.330914320E2,-9.906286001E-1,3.035295486E0,1.293320656E1
1.331115430E2,1.543370634E-1,2.179861546E0,1.259163094E1
1.331316541E2,6.538388133E-1,2.554936409E0,1.045065308E1
1.331517652E2,1.112662554E-1,3.320639610E0,9.210572243E0
1.331718762E2,-2.877369225E-1,3.646661758E0,8.836095810E0
1.331919873E2,1.202393398E-1,3.270988464E0,8.862417221E0
1.332120984E2,4.612165689E-1,2.852842808E0,9.058030128E0
1.332322094E2,4.618147612E-1,2.823530674E0,8.699107170E0
1.332523204E2,-1.387837082E-1,3.294916868E0,8.261817932E0
1.332724315E2,-6.897311211E-1,3.635295868E0,8.159524918E0
1.332925426E2,-4.755735099E-1,3.440280676E0,8.017151833E0
1.333126536E2,3.296113312E-1,2.994617462E0,7.362117290E0
1.333327647E2,9.128618240E-1,2.782852650E0,6.721438885E0
1.333528757E2,8.548358679E-1,2.828316450E0,6.492326260E0
1.333729868E2,7.411768436E-1,3.044268608E0,6.598208427E0
1.333930978E2,7.250252366E-1,3.041875839E0,6.634100914E0
1.334132089E2,1.079761267E0,2.989233732E0,6.792625427E0
1.334333200E2,1.302891970E0,3.242872953E0,6.848258495E0
1.334534310E2,1.101296663E0,3.722633839E0,7.079165936E0
1.334735421E2,6.813562512E-1,4.113860130E0,7.970492363E0
1.334936531E2,3.894318938E-1,4.157529354E0,9.498908043E0
1.335137642E2,6.059823632E-1,3.812364578E0,1.092323494E1
1.335338752E2,9.756734371E-1,3.379263878E0,1.189950657E1
1.335539863E2,1.319641709E0,3.232703447E0,1.232243824E1
1.335740973E2,1.257428288E0,3.333201885E0,1.177448177E1
1.335942084E2,1.298106313E0,3.369692564E0,1.069292641E1
1.336143194E2,1.263410330E0,3.730410576E0,1.052423191E1
1.336344305E2,2.057827413E-1,4.032504559E0,1.047338486E1
1.336545416E2,-1.055234790E0,4.074378967E0,1.047039413E1
1.336746526E2,-2.053041935E0,3.741776466E0,1.161176968E1
1.336947637E2,-2.343769789E0,3.043670416E0,1.360499096E1
1.337148747E2,-1.306481123E0,2.017149448E0,1.407936859E1
1.337349858E2,-1.196411327E-1,1.527219057E0,1.256830120E1
1.337550968E2,5.240281820E-1,1.658226132E0,1.060798073E1
1.337752079E2,5.395814776E-1,2.030309916E0,9.074181557E0
1.337953189E2,-4.983053207E-1,2.465205431E0,8.513064384E0
1.338154300E2,-1.682752490E0,2.942573547E0,8.420941353E0
1.338355411E2,-2.259422779E0,3.424727440E0,7.771289825E0
1.338556521E2,-2.117648125E0,3.699303865E0,7.325626373E0
1.338757631E2,-7.914260626E-1,2.795415163E0,8.065607071E0
1.338958742E2,2.219343036E-1,1.847259045E0,9.836894035E0
1.339159853E2,-7.776673418E-3,1.677966833E0,1.080538845E1
1.339360963E2,-8.937192559E-1,2.403590441E0,1.042971611E1
1.339562074E2,-1.441077471E0,2.522633314E0,9.461818695E0
1.339763184E2,-1.168295622E0,2.103291035E0,8.977272034E0
1.339964295E2,-6.221339107E-1,1.923231244E0,7.747959614E0
1.340165405E2,-5.138586760E-1,2.149951220E0,6.686144829E0
1.340366516E2,-8.099704385E-1,2.431705952E0,6.692724705E0
1.340567626E2,-1.482353687E0,2.776870728E0,6.862017155E0
1.340768737E2,-1.885544300E0,2.950948477E0,7.161718369E0
1.340969848E2,-1.608574986E0,3.039483070E0,7.536793232E0
1.341170958E2,-7.040880919E-1,2.643470764E0,8.640482903E0
1.341372068E2,-9.810572863E-2,2.355733871E0,8.869595528E0
1.341573179E2,-6.610172391E-1,2.842075109E0,9.008378983E0
1.341774290E2,-1.623530149E0,3.422334671E0,9.348159790E0
1.341975400E2,-1.750947952E0,3.854238987E0,9.687342644E0
1.342176511E2,-1.055234790E0,3.367299557E0,1.030169964E1
1.342377622E2,-4.689932466E-1,3.017947674E0,1.036929703E1
1.342578732E2,-7.920243144E-1,3.168097258E0,1.021436119E1
1.342779842E2,-2.111665964E0,3.372085333E0,1.085982513E1
1.342980953E2,-8.769695163E-1,4.107280254E0,9.232706070E0
1.343182063E2,7.477571070E-2,3.681955814E0,8.914461136E0
1.343383174E2,9.631111473E-2,3.351148129E0,9.415159225E0
1.343584285E2,-5.670989752E-1,3.164507866E0,1.107218838E1
1.343785395E2,-3.966103494E-1,2.100898266E0,1.301695538E1
1.343986506E2,-2.291127741E-1,1.686939955E0,1.303310680E1
1.344187616E2,-4.845465720E-2,2.047059774E0,1.089511967E1
1.344388727E2,-2.027917206E-1,2.666202545E0,8.747561455E0
1.344589837E2,-5.742774606E-1,3.227319479E0,8.134998322E0
1.344790948E2,-1.992024779E-1,3.016751051E0,8.828917503E0
1.344992059E2,2.368894368E-1,2.609971285E0,9.250054359E0
1.345193169E2,1.381855011E-1,2.657827854E0,9.193822861E0
1.345394279E2,-1.944168359E-1,2.808575630E0,9.195018768E0
1.345595390E2,-2.883351147E-1,2.823530674E0,9.155537605E0
1.345796501E2,-1.555334777E-1,2.829512835E0,8.916853905E0
1.345997611E2,-6.041877344E-2,2.728415966E0,8.739784241E0
1.346198722E2,-5.264209956E-2,2.520838737E0,8.520243645E0
1.346399832E2,-4.283152521E-1,2.619542599E0,7.819744587E0
1.346600942E2,-5.395814776E-1,2.842673302E0,7.813164234E0
1.346802053E2,-4.247260094E-2,2.629113913E0,7.770691395E0
1.347003164E2,1.447657645E-1,2.661417007E0,8.042277336E0
1.347204274E2,-2.428714931E-1,2.897708178E0,8.286344528E0
1.347405385E2,-4.085744619E-1,3.141177893E0,7.323233604E0
1.347606495E2,-1.115055323E0,3.696312666E0,6.881159782E0
1.347807606E2,-3.050848842E-1,2.519043922E0,9.745368004E0
1.348008716E2,-1.393819153E-1,2.592025042E0,1.005942631E1
1.348209827E2,-7.040880919E-1,2.856431961E0,1.019940662E1
1.348410937E2,-1.028315544E0,2.760719061E0,9.798010826E0
1.348612048E2,-8.991031051E-1,2.970689297E0,8.805587769E0
1.348909208E2,-1.330409408E0,4.491328239E0,9.069396019E0
1.349110318E2,-4.157529473E-1,4.065405846E0,9.168100357E0
1.349311428E2,7.944171429E-1,3.437887907E0,9.766903877E0
1.349512538E2,1.613958836E0,2.965305567E0,1.001037312E1
1.349713647E2,1.780260086E0,3.076571703E0,9.563513756E0
1.349914757E2,1.063011408E0,3.548556089E0,9.319445610E0
1.350115867E2,4.815555513E-1,3.758526087E0,1.002712345E1
1.350316976E2,1.411765367E-1,3.860819340E0,1.040638542E1
1.350518086E2,-1.429711580E-1,4.332205296E0,9.454042435E0
1.350719195E2,-4.025924206E-1,4.568496704E0,7.822735310E0
1.350920305E2,-4.187439680E-1,4.639084816E0,7.411170006E0
1.351121415E2,-3.032902777E-1,4.397409916E0,8.283353806E0
1.351322524E2,-2.757728100E-1,4.046861172E0,9.881160736E0
1.351523634E2,-2.309073806E-1,3.777668715E0,1.030768204E1
1.351724744E2,-1.399801224E-1,3.895515203E0,9.451649666E0
1.351925854E2,-1.333998591E-1,4.129413605E0,8.898308754E0
1.352126963E2,1.555334684E-2,4.350151539E0,9.159725189E0
1.352328073E2,5.497509837E-1,4.200600147E0,1.007497978E1
1.352529182E2,8.327022791E-1,3.957728624E0,1.071506023E1
1.352730292E2,3.032902777E-1,4.445266247E0,9.696315765E0
1.352931402E2,-4.911268353E-1,5.201996326E0,8.803792953E0
1.353132511E2,-6.568298340E-1,4.976472855E0,1.088435173E1
1.353333621E2,-4.169493318E-1,4.269991875E0,1.406261826E1
1.353534731E2,2.291127741E-1,3.924229145E0,1.369412422E1
1.353735841E2,9.882357717E-1,3.871587038E0,1.076530933E1
1.353936950E2,5.240281820E-1,4.353142738E0,1.085922718E1
1.354138060E2,-3.260220885E-1,3.921238184E0,1.444786358E1
1.354339169E2,7.417750359E-1,2.869592667E0,1.453759384E1
1.354540279E2,8.691928387E-1,3.183650494E0,7.151548862E0
1.354741389E2,-6.478567123E-1,5.722435474E0,2.928216696E0
1.354942498E2,-1.761715651E0,5.752345562E0,7.505088329E0
1.355143608E2,-1.110867858E0,1.856830359E0,1.514058495E1
1.355344718E2,5.958128572E-1,-4.546362907E-2,1.840379715E1
1.355545827E2,5.383851007E-3,6.879364848E-1,1.448913956E1
1.355746937E2,-8.189435601E-1,2.550150633E0,6.955337048E0
1.355948046E2,-1.029511929E0,4.423132420E0,3.057429075E0
1.356149156E2,-1.811366796E0,5.545366287E0,5.286941528E0
1.356350266E2,-1.876571178E0,5.238486767E0,9.756135941E0
1.356551376E2,2.333002090E-1,3.044866800E0,1.029990482E1
1.356752485E2,3.515056372E0,8.668000102E-1,8.333602905E0
1.356953595E2,4.182653904E0,5.970092416E-1,6.987041950E0
1.357154705E2,1.173081279E0,1.716252089E0,7.475177765E0
1.357355814E2,-9.200403094E-1,2.193620205E0,8.614759445E0
1.357556924E2,-7.585247755E-1,1.840678811E0,1.017368412E1
1.357758033E2,8.338986635E-1,1.094716311E0,1.068873882E1
1.357959143E2,1.786840320E0,1.045663476E0,9.739386559E0
1.358160253E2,1.877169371E0,1.177866936E0,7.984848976E0
1.358361362E2,1.759921074E0,1.573280931E0,6.803991318E0
1.358562472E2,1.500299811E0,1.935793519E0,7.423133850E0
1.358763582E2,9.511470199E-1,2.136790514E0,8.135597229E0
1.358964691E2,1.191625714E0,1.841875196E0,8.261817932E0
1.359165801E2,6.101697683E-1,2.150549412E0,9.297910690E0
1.359366910E2,-1.480558991E0,3.446262836E0,1.209631634E1
1.359568020E2,-1.610967875E0,3.481556892E0,1.485823250E1
1.359769130E2,3.900300860E-1,1.708475351E0,1.594277954E1
1.359970239E2,1.852642894E0,1.174875975E0,1.386580944E1
1.360171349E2,1.523629785E0,2.463410854E0,9.468997002E0
1.360372458E2,1.483550072E-1,3.911068678E0,6.530611038E0
1.360573568E2,-5.952146053E-1,4.094717979E0,7.676773071E0
1.360774678E2,7.034898400E-1,2.066800594E0,1.204008579E1
1.360975788E2,1.680359721E0,5.700899959E-1,1.454237938E1
1.361176897E2,1.987837434E0,5.180460811E-1,1.189711380E1
1.361378007E2,2.528017044E0,1.122233868E0,8.639286041E0
1.361579116E2,2.535793781E0,1.411765337E0,7.459026337E0
1.361780226E2,1.014556766E0,2.327618122E0,8.255238533E0
1.361981335E2,-1.698904037E-1,2.612364054E0,8.551349640E0
1.362182445E2,-7.160521746E-1,2.965903759E0,7.105486870E0
1.362383555E2,-2.194816589E0,4.284946918E0,5.321039200E0
1.362584664E2,-2.329412937E0,4.152743816E0,7.083951473E0
1.362785774E2,7.064808607E-1,1.497906923E0,1.171047401E1
1.362986883E2,2.352144718E0,1.938186288E-1,1.271545982E1
1.363187993E2,3.332005441E-1,1.725225091E0,9.644271851E0
1.363389103E2,-1.108475089E0,3.139383316E0,6.947560310E0
1.363590212E2,-2.841476798E-1,2.705684185E0,6.835097790E0
1.363791322E2,6.909275651E-1,1.826321840E0,7.786843300E0
1.363992431E2,4.384847581E-1,2.038086653E0,7.756334782E0
1.364193541E2,-1.980060786E-1,2.472383976E0,7.545167923E0
1.364394651E2,7.118647546E-2,2.300100803E0,8.212765694E0
1.364595760E2,7.357929349E-1,1.989033818E0,8.873184204E0
1.364796870E2,5.324030519E-1,2.511865616E0,8.663812637E0
1.364997979E2,-3.080759048E-1,3.632304668E0,9.645467758E0
1.365199089E2,-9.690931439E-1,3.975076675E0,1.120199966E1
1.365400198E2,-7.280163169E-1,3.781856298E0,9.976275444E0
1.365601308E2,2.919243574E-1,3.460619688E0,8.715258598E0
1.365802418E2,-1.100698411E-1,3.854238987E0,1.016530895E1
1.366003527E2,-1.537986755E0,4.603192329E0,1.172542953E1
1.366204637E2,-1.662413478E0,4.481756687E0,1.160638618E1
1.366405746E2,-1.914258122E0,4.230510235E0,1.062353420E1
1.366606856E2,-2.385046005E0,4.279563427E0,1.054935646E1
1.366807966E2,-1.314856052E0,3.266801119E0,1.127198887E1
1.367009075E2,-6.113662124E-1,2.119442701E0,1.150828075E1
1.367210185E2,2.058425665E0,1.925025821E0,1.032024384E1
1.367411294E2,1.658824325E0,1.952543259E0,8.466404915E0
1.367612404E2,-1.920240223E-1,1.530808330E0,1.084606647E1
1.367813514E2,-2.302493572E0,4.432105541E0,1.060977554E1
1.368014623E2,2.350948304E-1,2.329412937E0,8.690732002E0
1.368215733E2,8.590233326E-1,2.404786825E0,9.174679756E0
1.368416842E2,6.107679605E-1,2.014158487E0,1.025025368E1
1.368617952E2,-9.032905847E-2,2.362912416E0,9.332606316E0
1.368819061E2,-1.185045362E0,2.721237659E0,9.323035240E0
1.369020171E2,-9.182456732E-1,2.413759947E0,1.048475075E1
1.369221281E2,-8.530412912E-1,2.413161755E0,9.996614456E0
1.369422390E2,-2.859423161E-1,2.178066730E0,8.188239098E0
1.369623499E2,-3.924229145E-1,2.082353830E0,8.447860718E0
1.369824609E2,-1.015154958E0,2.283350945E0,8.791828156E0
1.370025719E2,-6.113662124E-1,2.256431818E0,8.324629784E0
1.370226828E2,-2.087737769E-1,2.157727718E0,8.223533630E0
1.370427938E2,1.854437590E-2,2.045863390E0,8.640482903E0
1.370629047E2,-4.277170599E-1,2.514258385E0,7.778468132E0
1.370830157E2,-1.540977836E0,3.482753277E0,6.695117950E0
1.371031267E2,-1.830509305E0,3.497110367E0,7.332805157E0
1.371232376E2,-5.647061467E-1,2.746960402E0,8.382656097E0
1.371433486E2,1.220339537E-1,2.598605394E0,8.630312920E0
1.371634595E2,-1.447657645E-1,3.230908871E0,6.488138676E0
1.371835705E2,-1.146162033E0,4.230510235E0,6.096313953E0
1.372036815E2,-1.344168067E0,4.387838364E0,7.879564762E0
1.372237924E2,3.296113312E-1,3.369094372E0,9.830313683E0
1.372439033E2,7.022934556E-1,3.559323788E0,9.417551994E0
1.372640143E2,-7.782655358E-1,4.831707001E0,8.538188934E0
1.372841253E2,-1.797009826E0,5.432305813E0,1.015155029E1
1.373042362E2,-4.809573591E-1,4.397409916E0,1.153041458E1
1.373243472E2,1.105484009E0,3.212364435E0,1.255155087E1
1.373444581E2,5.036891699E-1,3.594617844E0,1.269691563E1
1.373645691E2,-5.694918036E-1,4.624728203E0,1.138863945E1
1.373846801E2,-6.472585201E-1,4.606781960E0,1.133958626E1
1.374047910E2,-4.432703853E-1,3.519842148E0,1.260239887E1
1.374249019E2,-1.770688742E-1,2.615355253E0,1.379881001E1
1.374450129E2,-3.966103494E-1,2.474776745E0,1.321137238E1
1.374651239E2,-2.925225794E-1,2.806182861E0,1.050150013E1
1.374852348E2,6.275177598E-1,2.836691141E0,7.831708431E0
1.375053457E2,1.316052437E0,2.401795626E0,8.039285660E0
1.375254567E2,1.218544960E0,2.155334949E0,8.749954224E0
1.375455677E2,8.021938205E-1,2.252244234E0,8.912068367E0
1.375656786E2,3.098705411E-1,2.443071842E0,8.602795601E0
1.375857896E2,-3.661018610E-1,2.810370207E0,8.376673698E0
1.376059005E2,-5.850451589E-1,2.772084951E0,9.266205788E0
1.376260115E2,-1.304088384E-1,2.430509567E0,1.001994514E1
1.376461224E2,-3.708875179E-2,2.361117840E0,9.525827408E0
1.376662334E2,-4.097708762E-1,2.549552441E0,9.183652878E0
1.376863443E2,-3.750749528E-1,2.559721947E0,8.754739761E0
1.377064553E2,9.690931439E-2,2.437688112E0,8.117053032E0
1.377265663E2,3.535395563E-1,2.268994093E0,7.616952896E0
1.377466772E2,-2.913261652E-1,2.585444927E0,7.698308468E0
1.377667881E2,-8.997012973E-1,2.793620348E0,7.904091358E0
1.377868991E2,-9.266205430E-1,2.915654421E0,7.940581799E0
1.378070101E2,-1.567298770E-1,2.882154942E0,8.114061356E0
1.378271210E2,7.316055298E-1,3.064009428E0,7.231110096E0
1.378472320E2,6.442674994E-1,3.303291559E0,7.208976269E0
1.378673429E2,-2.069791555E-1,3.432504177E0,8.524430275E0
1.378874539E2,-6.269195080E-1,3.366103172E0,9.795019150E0
1.379075648E2,-1.092323542E0,3.806980848E0,9.951150894E0
1.379276758E2,-1.027717352E0,4.308277130E0,9.584450722E0
1.379477867E2,-4.785645306E-1,4.012165546E0,1.108833981E1
1.379678977E2,-2.123630047E-1,3.553341627E0,1.271306705E1
1.379880086E2,-7.064808607E-1,3.549154282E0,1.271007538E1
1.380081196E2,-1.147956610E0,4.013361931E0,1.196172047E1
1.380282305E2,-1.246062398E0,4.519443989E0,1.080299568E1
1.380483415E2,-1.345364571E0,4.716253281E0,9.668798447E0
1.380684524E2,-1.862812400E0,4.281956196E0,1.105663490E1
1.380885634E2,-2.060220242E0,3.172284603E0,1.373659706E1
1.381086743E2,-1.503290772E0,2.307877541E0,1.458245945E1
1.381287853E2,-9.391828775E-1,2.498106956E0,1.176850033E1
1.381488962E2,-5.401797295E-1,2.984447956E0,8.359924316E0
1.381690072E2,-5.635097623E-1,3.271586657E0,6.640082836E0
1.381891181E2,-1.076171994E0,3.211766243E0,7.127620220E0
1.382092291E2,-2.201995134E0,3.194418192E0,7.815557003E0
1.382293400E2,-2.887538671E0,3.236292601E0,8.167302132E0
1.382494510E2,-2.535793781E0,2.882753134E0,9.110671997E0
1.382695619E2,-1.550549030E0,2.630908489E0,9.287142754E0
1.382896729E2,-2.889333367E-1,2.427518606E0,8.288737297E0
1.383097838E2,5.168496966E-1,2.053640127E0,7.936992645E0
1.383298948E2,4.528416991E-1,2.114058733E0,7.302894592E0
1.383500057E2,-2.225325108E-1,3.040679455E0,5.639284611E0
1.383701167E2,-3.984049559E-1,3.613760471E0,5.293521881E0
1.383902276E2,-6.879365444E-2,3.345764160E0,6.592226505E0
1.384103386E2,3.116651475E-1,3.047259569E0,8.030312538E0
1.384304495E2,9.451649338E-2,3.117847919E0,8.519046783E0
1.384505605E2,-6.753742099E-1,4.130609989E0,7.437490940E0
1.384706714E2,-1.594218135E0,5.117649555E0,7.033702374E0
1.384907823E2,-1.064806104E0,4.820341110E0,8.000402451E0
1.385108933E2,-1.076770201E-1,3.999004841E0,9.418747902E0
1.385310043E2,1.322034448E-1,3.580260992E0,1.023649502E1
1.385511152E2,-5.395814776E-1,4.041477680E0,8.941978455E0
1.385712261E2,-1.540977836E0,4.919643402E0,7.438687325E0
1.385913371E2,-1.601396561E0,5.154737949E0,6.934998035E0
1.386114481E2,-1.609173179E0,5.057230473E0,7.661818027E0
1.386315590E2,-1.171286702E0,4.848456860E0,8.912666321E0
1.386516699E2,-2.404786795E-1,4.607379913E0,1.006421185E1
1.386717809E2,2.291127741E-1,4.617549419E0,1.085563850E1
1.386918919E2,-7.782655358E-1,5.330012321E0,1.160758305E1
1.387120028E2,-2.286940336E0,5.846263885E0,1.341835117E1
1.387321138E2,-2.176870346E0,5.413163185E0,1.458545017E1
1.387522247E2,-1.387837082E-1,4.895116806E0,1.256112289E1
1.387723356E2,9.684949517E-1,5.204987526E0,1.004447079E1
1.387924466E2,8.368897438E-1,5.088935375E0,1.018505001E1
1.388125576E2,-2.177468538E-1,4.038486481E0,1.255035496E1
1.388326685E2,-1.258026481E0,2.909074068E0,1.553480244E1
1.388527794E2,-1.571486235E0,2.499901533E0,1.580937958E1
1.388728904E2,-3.469592705E-2,2.301297188E0,1.340818214E1
1.388930014E2,1.222134113E0,2.178066730E0,1.121157074E1
1.389131123E2,1.672582984E0,2.109273195E0,1.033340454E1
1.389332232E2,1.344766378E0,1.899302959E0,1.035613632E1
1.389533342E2,1.104885817E0,2.038086653E0,9.819545746E0
1.389734451E2,1.000199914E0,2.495713949E0,8.678169250E0
1.389935560E2,4.486542344E-1,2.853441000E0,7.835896015E0
1.390136670E2,-1.033101201E0,3.232703447E0,7.080960274E0
1.390337780E2,-2.548954248E0,3.637688637E0,8.027321815E0
1.390538889E2,-1.917249203E0,3.206382275E0,9.021539688E0
1.390739998E2,4.103690982E-1,2.433500528E0,9.003593445E0
1.390941108E2,8.015955687E-1,2.380858421E0,8.554939270E0
1.391142218E2,-1.680957973E-1,3.290131092E0,6.906284332E0
1.391343327E2,-2.069791555E-1,3.330809116E0,5.481358528E0
1.391544436E2,-5.593222976E-1,2.813361168E0,6.987041950E0
1.391745546E2,-2.117647976E-1,2.443670034E0,8.534002304E0
1.391946655E2,5.282155871E-1,2.480758905E0,7.734799385E0
1.392147765E2,4.851447940E-1,2.806182861E0,6.150750637E0
1.392348874E2,2.512463741E-2,2.602194548E0,6.954739094E0
1.392549984E2,-1.477568001E-1,2.018345833E0,8.749356270E0
1.392751093E2,4.480560422E-1,1.749153376E0,8.660223007E0
1.392952203E2,1.274178028E0,1.922633052E0,7.896913052E0
1.393153312E2,1.617548108E0,2.508276224E0,7.952546120E0
1.393354421E2,1.484148264E0,3.215355396E0,8.334200859E0
1.393555531E2,1.389033556E0,3.425325632E0,9.517452240E0
1.393756641E2,1.167099237E0,3.914657831E0,1.059123135E1
1.393957750E2,1.467996716E0,4.505684853E0,9.513264656E0
1.394158859E2,1.159322619E0,4.950749874E0,9.215956688E0
1.394359969E2,-3.349951655E-2,5.457430363E0,1.016351414E1
1.394561078E2,-2.614158690E-1,5.463412285E0,1.057807064E1
1.394762188E2,3.146561682E-1,4.539184570E0,1.257906818E1
1.394963297E2,8.895317912E-1,4.227519512E0,1.366361523E1
1.395164407E2,-6.759724021E-2,4.777868748E0,1.242473125E1
1.395365516E2,-1.289731383E0,4.610371113E0,1.241695499E1
1.395566626E2,-1.176072359E0,3.272184849E0,1.420559025E1
1.395767735E2,1.860419661E-1,2.244467735E0,1.287159157E1
1.395968844E2,1.217348576E0,2.459223509E0,1.013838959E1
1.396169954E2,1.413560033E0,2.812762976E0,8.761320114E0
1.396371064E2,9.768698215E-1,2.822334290E0,9.285347939E0
1.396572173E2,3.882354796E-1,2.470589399E0,1.059541893E1
1.396773282E2,3.768695593E-1,2.355733871E0,1.078205872E1
1.396974392E2,4.259224236E-1,2.986840963E0,8.575876236E0
1.397175501E2,5.545366406E-1,3.696312666E0,7.886743546E0
1.397376610E2,7.094719410E-1,3.466003656E0,8.761918068E0
1.397577720E2,4.277170599E-1,3.047259569E0,9.854242325E0
1.397778830E2,-3.744767308E-1,3.171088219E0,1.013001442E1
1.397979939E2,-5.180460811E-1,3.315854073E0,9.234500885E0
1.398181048E2,-2.524427772E-1,3.336791277E0,7.907082558E0
1.398382158E2,2.865405083E-1,2.830709219E0,7.467999458E0
1.398583267E2,8.009973764E-1,2.363510609E0,7.164111137E0
1.398784377E2,8.985049129E-1,2.340180635E0,6.701697826E0
1.398985486E2,-1.322034448E-1,2.525026083E0,7.286743164E0
1.399186595E2,-8.614161611E-1,2.535793781E0,7.429116249E0
1.399387705E2,-8.925228715E-1,2.444268227E0,6.774080753E0
1.399588815E2,-6.861419082E-1,2.152343988E0,6.964908600E0
1.399789924E2,-5.419743061E-1,1.907079697E0,7.275975227E0
1.399991033E2,-1.447657645E-1,1.835893154E0,7.353742123E0
1.400192143E2,-1.351944804E-1,2.521436930E0,6.330810547E0
1.400393252E2,-3.541377485E-1,3.385843992E0,5.695516109E0
1.400594361E2,-7.561319470E-1,3.862613916E0,6.579065800E0
1.400795471E2,-1.920240223E-1,3.546163082E0,7.683951855E0
1.400996581E2,-9.451649338E-2,3.356531858E0,8.084151268E0
1.401197690E2,-1.287338614E0,4.051048756E0,8.223533630E0
1.401398799E2,-1.689332843E0,4.926223755E0,7.727022648E0
1.401599909E2,-1.271785259E0,5.029115200E0,8.127222061E0
1.401801018E2,-1.106680512E0,4.894518852E0,9.419944763E0
1.402002128E2,-1.197009563E0,4.972285271E0,9.592825890E0
1.402203237E2,-1.597807288E0,5.562116146E0,9.138189316E0
1.402404346E2,-1.993819475E0,6.131608009E0,9.608977318E0
1.402605456E2,-2.170290232E0,6.692724705E0,1.073001480E1
1.402806566E2,-1.578066587E0,6.361319065E0,1.162134171E1
1.403007675E2,4.468596280E-1,5.644668579E0,1.157587814E1
1.403208784E2,2.060220242E0,4.782055855E0,1.096092224E1
1.403409894E2,1.653440475E0,4.368097782E0,1.226560879E1
1.403611003E2,4.510470629E-1,3.879961967E0,1.316889954E1
1.403812113E2,4.725824594E-1,3.308675528E0,1.145384407E1
1.404013222E2,2.865405083E-1,3.198605776E0,9.875777245E0
1.404214331E2,-4.839483798E-1,2.930011272E0,1.094656563E1
1.404415441E2,2.608176768E-1,1.892722726E0,1.228475189E1
1.404616550E2,1.389631748E0,1.174277663E0,1.229611778E1
1.404817659E2,1.969891191E0,9.768698215E-1,1.304207993E1
1.405018769E2,2.203191519E0,1.551745534E0,1.133898830E1
1.405219879E2,7.453642488E-1,2.515454769E0,8.704490662E0
1.405420988E2,-1.484746456E0,3.218944550E0,9.026923180E0
1.405622097E2,-1.551147223E0,2.698505640E0,1.031366348E1
1.405823207E2,8.374879509E-2,1.633699656E0,1.014496994E1
1.406024316E2,7.519445419E-1,1.101296663E0,9.541379929E0
1.406225426E2,4.797609448E-1,1.582253933E0,7.788637638E0
1.406426535E2,-9.690931439E-2,2.166700840E0,6.341578007E0
1.406627644E2,-4.923232496E-1,2.533999205E0,6.078367710E0
1.406828754E2,-2.087737769E-1,2.535793781E0,6.520441532E0
1.407029863E2,3.619144261E-1,2.312663078E0,6.771687984E0
1.407230973E2,3.882354796E-1,2.490928411E0,6.875775814E0
1.407432082E2,-1.872383654E-1,3.265604734E0,6.111867428E0
1.407633192E2,-1.043270707E0,3.939184189E0,5.652445316E0
1.407834301E2,-1.496112347E0,4.144368649E0,6.407381058E0
1.408035410E2,-9.086744189E-1,3.736990690E0,7.325626373E0
1.408236520E2,5.264209956E-2,3.474378586E0,8.545368195E0
1.408437629E2,-1.603191197E-1,3.698107481E0,9.176474571E0
1.408638739E2,-6.179464459E-1,4.351347923E0,9.208778381E0
1.408839848E2,-1.021735311E0,4.640281200E0,1.002532864E1
1.409040957E2,-7.501499057E-1,4.654638290E0,1.047936630E1
1.409242067E2,-5.826523304E-1,4.884349346E0,9.564111710E0
1.409443176E2,-1.133001566E0,5.510670662E0,8.565108299E0
1.409644285E2,-1.864607096E0,5.710471153E0,9.059824944E0
1.409845395E2,-1.747358680E0,5.233701229E0,1.046680450E1
1.410046504E2,-1.954936147E0,4.895715237E0,1.136231804E1
1.410247614E2,-2.136192322E0,4.563112736E0,1.226740360E1
1.410448723E2,-1.648654819E0,3.986442566E0,1.257188988E1
1.410649833E2,-6.669993401E-1,3.254238844E0,1.251087284E1
1.410850942E2,2.775674164E-1,3.098107100E0,1.062054348E1
1.411052052E2,3.978067636E-1,3.627519131E0,7.776673794E0
1.411253161E2,-9.212367237E-2,4.203591347E0,6.443871498E0
1.411454270E2,-9.834501147E-1,4.334000111E0,6.879963398E0
1.411655380E2,-1.790429592E0,3.979862213E0,8.398209572E0
1.411856489E2,-1.287936807E0,3.159124136E0,9.855438232E0
1.412057598E2,-5.330012441E-1,2.834298372E0,9.670592308E0
1.412258708E2,-5.084748194E-2,2.923431158E0,8.653044701E0
1.412459817E2,1.968096644E-1,2.933600664E0,7.980063438E0
1.412660927E2,1.244267747E-1,2.735594511E0,8.267202377E0
1.412862036E2,-2.967100143E-1,2.858226538E0,7.774878979E0
1.413063145E2,-9.134600163E-1,3.187838078E0,7.242475986E0
1.413264255E2,-1.609173179E0,3.739981890E0,7.066603661E0
1.413465365E2,-1.920240164E0,4.171886444E0,7.132406235E0
1.413666474E2,-2.294716835E0,4.296313286E0,8.429315567E0
1.413867583E2,-1.308275819E0,3.971487284E0,9.424730301E0
1.414068693E2,-1.657029688E-1,3.766302824E0,9.277571678E0
1.414269802E2,-3.146561682E-1,4.291527271E0,8.601000786E0
1.414470911E2,-1.333998680E0,4.911866665E0,8.833703041E0
1.414672021E2,-1.953739643E0,5.135595798E0,9.593423843E0
1.414873130E2,-1.368694544E0,4.698905468E0,1.016231823E1
1.415074240E2,-1.062413216E0,4.406980991E0,1.124148083E1
1.415275349E2,-1.778465390E0,5.166702271E0,1.171585751E1
1.415476458E2,-1.386640668E0,5.471786976E0,9.988838196E0
1.415677568E2,-4.534398913E-1,4.765904427E0,9.710074425E0
1.415878677E2,-9.511470050E-2,3.576671600E0,1.059661484E1
1.416079786E2,-6.041877344E-2,3.087937593E0,1.119601727E1
1.416280896E2,-3.158525825E-1,2.855235577E0,1.217886925E1
1.416482005E2,3.230310604E-2,3.013161898E0,1.086820030E1
1.416683115E2,3.505485058E-1,3.471387386E0,8.522636414E0
1.416884224E2,1.782652885E-1,3.884149313E0,7.045666218E0
1.417085333E2,-1.680957973E-1,3.774079561E0,7.736593723E0
1.417286443E2,-3.367897868E-1,3.096312523E0,9.394820213E0
1.417487553E2,-7.154539824E-1,2.990430117E0,9.807581902E0
1.417688662E2,-9.637092948E-1,3.250649452E0,8.681160927E0
1.417889771E2,-9.667003751E-1,3.369094372E0,8.133204460E0
1.418090881E2,-9.355936646E-1,3.223132133E0,7.915457249E0
1.418291990E2,-6.364908218E-1,2.997608662E0,7.793423176E0
1.418493099E2,-2.524427772E-1,2.844467878E0,7.448258877E0
1.418694209E2,1.680957973E-1,3.007778168E0,6.844669342E0
1.418895318E2,-3.882354796E-1,3.515056372E0,7.255636692E0
1.419096428E2,-1.145563841E0,4.049253941E0,8.191229820E0
1.419297537E2,1.818545163E-1,3.512065411E0,7.986643791E0
1.419498646E2,6.143572330E-1,3.398406267E0,7.911868095E0
1.419699756E2,6.484549642E-1,3.984647989E0,7.615756035E0
1.419900865E2,5.736792088E-1,4.299902439E0,7.545766354E0
1.420101974E2,5.730810165E-1,4.276572227E0,8.528019905E0
1.420303084E2,8.380861282E-1,3.820739508E0,1.001216793E1
1.420504193E2,9.966106415E-1,3.538984776E0,9.930213928E0
1.420705303E2,6.640082598E-1,3.949353695E0,8.584251404E0
1.420906412E2,1.316052526E-1,4.107878208E0,1.025025368E1
1.421107521E2,-6.598208547E-1,3.887140274E0,1.368694592E1
1.421308631E2,-1.164108157E0,3.934996843E0,1.382632732E1
1.421509740E2,-1.107278705E0,4.084548473E0,1.155434227E1
1.421710849E2,-1.167099237E0,4.102494240E0,9.868000984E0
1.421911959E2,-1.838286042E0,4.042075634E0,1.010130119E1
1.422113068E2,-8.093722463E-1,3.208775282E0,1.125643635E1
1.422314178E2,5.030909777E-1,2.664407969E0,1.251506042E1
1.422515287E2,5.742774159E-2,3.203989506E0,1.217049408E1
1.422716396E2,3.607180119E-1,3.644268990E0,9.379864693E0
1.422917506E2,-3.218346536E-1,3.819543123E0,8.307282448E0
1.423118615E2,-1.835893154E0,3.883551121E0,9.261420250E0
1.423319724E2,-2.306082726E0,3.391826153E0,1.016351414E1
1.423520834E2,-2.632703066E0,3.265604734E0,1.032383347E1
1.423721943E2,-2.181057930E0,3.200400352E0,9.033503532E0
1.423923053E2,-1.163509965E0,2.906083107E0,8.003992081E0
1.424124162E2,-2.715853751E-1,2.369492531E0,8.279764175E0
1.424325271E2,-4.989035130E-1,2.255235434E0,8.189435959E0
1.424526381E2,-8.554341197E-1,2.404786825E0,7.532007694E0
1.424727490E2,-7.615157962E-1,2.583052158E0,6.931408882E0
1.424928599E2,-7.998009920E-1,2.995813847E0,6.479165554E0
1.425129709E2,-1.055832982E0,3.468994617E0,6.104090691E0
1.425330818E2,-1.052243710E0,3.552145243E0,7.125825882E0
1.425531928E2,-8.524430394E-1,3.507279873E0,8.550153732E0
1.425733037E2,-3.278166950E-1,3.329612732E0,9.809974670E0
1.425934146E2,3.367897868E-1,3.412165165E0,9.947562218E0
1.426135256E2,5.371887088E-1,3.674777269E0,1.006780148E1
1.426336365E2,5.940182209E-1,3.806382656E0,1.045723343E1
1.426537474E2,2.117647976E-1,3.959523201E0,1.094118118E1
1.426738584E2,2.811566554E-2,4.187439442E0,1.094357395E1
1.426939693E2,5.623133183E-1,4.121636868E0,1.024307537E1
1.427140803E2,6.939185858E-1,3.978067636E0,1.039621639E1
1.427341912E2,4.061816335E-1,3.561118364E0,1.187258816E1
1.427543021E2,9.750752151E-2,3.005983353E0,1.349073410E1
1.427744131E2,5.371887088E-1,2.670988321E0,1.301216984E1
1.427945240E2,1.541576028E0,2.543570518E0,1.130907822E1
1.428146349E2,2.310270309E0,2.815155745E0,9.535398483E0
1.428347459E2,2.182254314E0,3.370888948E0,7.704290867E0
1.428548568E2,1.506281853E0,4.063013077E0,6.056832314E0
1.428749678E2,6.376872063E-1,4.045664787E0,6.456433773E0
1.428950787E2,-6.065805554E-1,4.298706055E0,7.235895634E0
1.429151896E2,-6.149554253E-1,4.117449760E0,7.313662529E0
1.429353006E2,-5.258227587E-1,3.642474174E0,8.781061172E0
1.429554115E2,1.058823988E-1,3.055036306E0,9.536594391E0
1.429755224E2,6.508477330E-1,2.991028309E0,8.252246857E0
1.429956334E2,8.518448472E-1,3.116053343E0,6.987640381E0
1.430157443E2,1.218544960E0,2.905484915E0,6.643671989E0
1.430358553E2,1.020538807E0,2.961716175E0,6.753143787E0
1.430559662E2,1.579262912E-1,3.689732552E0,6.351149559E0
1.430760771E2,1.651047617E-1,4.269393921E0,6.667600155E0
1.430961881E2,1.666002750E0,4.221537113E0,7.862216949E0
1.431162990E2,2.569293261E0,4.148556232E0,9.568299294E0
1.431364099E2,1.547558069E0,4.640879631E0,9.493523598E0
1.431565209E2,-7.136593461E-1,5.712863922E0,8.678768158E0
1.431766318E2,-1.901097536E0,5.936593056E0,9.557532310E0
1.431967428E2,-1.478764415E0,4.776073933E0,1.048774147E1
1.432168537E2,-1.414158225E0,4.046861172E0,1.101535892E1
1.432369646E2,-1.555334687E0,4.474578381E0,1.065045357E1
1.432570756E2,-9.134600163E-1,4.383052826E0,1.038544846E1
1.432771865E2,-1.118644550E-1,4.052843571E0,1.105065346E1
1.432972974E2,4.791627228E-1,3.759722471E0,1.141735363E1
1.433174084E2,3.074777126E-1,3.559323788E0,1.124806118E1
1.433375193E2,-1.197607756E0,3.870390654E0,1.120319557E1
1.433576303E2,-1.972882271E0,3.887738705E0,1.114995575E1
1.433777412E2,-1.530808330E0,3.649054527E0,1.157767200E1
1.433978521E2,-5.982056856E-1,3.110071182E0,1.130848026E1
1.434179631E2,-5.012963414E-1,3.270390272E0,1.020299530E1
1.434380740E2,-7.399803996E-1,3.550350666E0,9.095717430E0
1.434581849E2,-1.220937729E0,3.416352510E0,9.598209381E0
1.434782959E2,-1.819143414E0,3.109472990E0,1.080778122E1
1.434984068E2,-1.677966833E0,2.788834810E0,1.092682457E1
1.435185178E2,-1.221535921E0,2.916252613E0,9.920642853E0
1.435386287E2,-1.396810174E0,3.471387386E0,9.573084831E0
1.435587396E2,-1.873580098E0,3.820141315E0,9.399007797E0
1.435788506E2,-1.780858278E0,3.602394581E0,9.751948357E0
1.435989615E2,-1.275374413E0,3.171088219E0,9.964909554E0
1.436190724E2,-9.708877802E-1,3.237488985E0,9.095118523E0
1.436391834E2,-6.442674994E-1,3.669991732E0,6.892525673E0
1.436592943E2,-5.635097623E-1,4.007977962E0,5.088935375E0
1.436794053E2,-4.073780477E-1,4.051646709E0,5.315655708E0
1.436995162E2,1.405783296E-1,3.846462488E0,5.870192051E0
1.437196271E2,7.716853023E-1,3.663411379E0,5.681159019E0
1.437397381E2,1.192822099E0,3.975674868E0,4.928616524E0
1.437598490E2,1.180259824E0,4.545166492E0,4.210769653E0
1.437799599E2,1.064207911E0,4.759922504E0,4.781457901E0
1.438000709E2,5.276173949E-1,4.880760193E0,6.577869415E0
1.438201818E2,3.780659735E-1,5.201996326E0,7.834101200E0
1.438402928E2,7.094719410E-1,5.381458282E0,8.018946648E0
1.438604037E2,-3.385843933E-1,5.999404430E0,8.711071014E0
1.438805146E2,-1.756331801E0,6.841079712E0,9.303893089E0
1.439006256E2,-1.936989903E0,7.232904434E0,9.784252167E0
1.439207365E2,-7.794619799E-1,6.657430649E0,1.112722397E1
1.439408474E2,5.126622319E-1,5.708078384E0,1.236012554E1
1.439609584E2,9.272187948E-1,4.843671322E0,1.202094269E1
1.439810693E2,4.654040039E-1,4.292125702E0,1.157827091E1
1.440011803E2,3.026920557E-1,4.057629108E0,1.108355427E1
1.440212912E2,1.196411327E-1,4.179064751E0,1.088016415E1
1.440414021E2,2.093719840E-1,4.139583111E0,1.052782154E1
1.440615131E2,2.614158690E-1,4.132404804E0,9.245866776E0
1.440816240E2,-3.834498227E-1,4.368097782E0,8.501100540E0
1.441017349E2,-4.630111754E-1,4.216153622E0,7.818548203E0
1.441218459E2,-2.147558331E-1,3.701696634E0,7.944170952E0
1.441419568E2,-2.231307179E-1,3.363710403E0,8.117053032E0
1.441620678E2,-4.941178858E-1,3.290131092E0,7.357331276E0
1.441821787E2,-1.091725349E0,3.747160196E0,5.807978630E0
1.442022896E2,-9.774680734E-1,4.140181541E0,6.661618233E0
1.442224006E2,1.597209126E-1,3.439084291E0,7.773682594E0
1.442425115E2,4.953143001E-1,3.020938635E0,8.118846893E0
1.442626224E2,-3.948157430E-1,3.656831264E0,7.576872826E0
1.442827334E2,-8.416753411E-1,4.424927235E0,6.455835342E0
1.443028443E2,-2.338984162E-1,4.061816216E0,6.884150982E0
1.443229553E2,6.879364848E-1,3.289532900E0,8.160123825E0
1.443430662E2,5.120640397E-1,3.119044304E0,9.408578873E0
1.443631771E2,-3.409772217E-1,3.488735437E0,9.592227936E0
1.443832881E2,-1.888535261E0,4.411766529E0,9.799804688E0
1.444033990E2,-1.594816327E0,4.791627407E0,1.087956619E1
1.444235099E2,1.374676585E0,3.606581926E0,1.098604679E1
1.444436209E2,2.317448616E0,3.748356581E0,9.862616539E0
1.444637318E2,1.136590719E0,4.770092010E0,8.618349075E0
1.444838428E2,-1.111466169E0,5.603392601E0,9.437891006E0
1.445039537E2,-2.269592285E0,5.458626747E0,1.064925671E1
1.445240646E2,-2.614158630E0,4.988437176E0,1.182293701E1
1.445441755E2,-2.315654039E0,4.375874519E0,1.308036518E1
1.445642865E2,-1.676172256E0,3.769891977E0,1.272263813E1
1.445843974E2,-6.143572330E-1,3.738187075E0,1.045424175E1
1.446045083E2,-1.064806059E-1,4.068994999E0,8.387441635E0
1.446246193E2,-8.530412912E-1,4.593621254E0,7.708477974E0
1.446447302E2,-7.082754970E-1,4.049852371E0,7.553543091E0
1.446648411E2,-1.015753269E0,3.271586657E0,8.230113029E0
1.446849521E2,-2.080559254E0,3.172284603E0,8.891130447E0
1.447050630E2,-1.945963025E0,3.232105255E0,8.182855606E0
1.447251740E2,-6.753742099E-1,2.866003275E0,7.846663475E0
1.447452849E2,-7.836493850E-2,2.277369022E0,8.699705124E0
1.447653958E2,-4.211367965E-1,2.321038008E0,8.595617294E0
1.447855068E2,-1.518245935E0,3.074178934E0,7.633104324E0
1.448056177E2,-1.891526341E0,3.813561201E0,6.312864304E0
1.448257286E2,-1.769492388E0,4.378865242E0,5.417350292E0
1.448458396E2,-1.715055585E0,4.627120972E0,5.517848969E0
1.448659505E2,-1.951945066E0,4.560121536E0,7.015756130E0
1.448860615E2,-1.811964989E0,4.499702930E0,8.040482521E0
1.449061724E2,-1.231107235E0,4.496113777E0,7.965108395E0
1.449262833E2,-6.562315822E-1,4.467400074E0,8.044071198E0
1.449463943E2,-1.214357466E-1,4.355535507E0,8.333602905E0
1.449665052E2,3.481557071E-1,4.290929317E0,8.545966148E0
1.449866161E2,1.089332461E0,4.234099865E0,9.132207870E0
1.450067271E2,1.040877819E0,4.260420799E0,1.076889801E1
1.450268380E2,2.213360965E-1,4.322035789E0,1.221595764E1
1.450469490E2,-5.952146053E-1,4.418346882E0,1.276451206E1
1.450670599E2,-1.016949639E-1,4.387240410E0,1.217647648E1
1.450871708E2,6.789634228E-1,4.381258488E0,1.059182930E1
1.451072817E2,4.061816335E-1,4.400999069E0,1.139821053E1
1.451273927E2,-2.333002165E-2,3.755535126E0,1.319163132E1
1.451475036E2,-2.135594189E-1,3.232105255E0,1.363310719E1
1.451676146E2,-3.900300860E-1,3.403192043E0,1.221595764E1
1.451877255E2,-3.984049559E-1,3.813561201E0,1.001216793E1
1.452078364E2,-2.578266263E-1,3.984049797E0,8.674580574E0
1.452279473E2,-1.310070455E-1,3.599403381E0,8.877371788E0
1.452480583E2,-3.565305769E-1,3.391826153E0,9.220742226E0
1.452681692E2,-6.131607890E-1,3.355933666E0,8.742775917E0
1.452882802E2,-1.063609719E0,3.551547050E0,8.087141991E0
1.453083911E2,-1.087537885E0,3.573082447E0,7.757531166E0
1.453285020E2,-5.126622319E-1,3.049054146E0,8.377870560E0
1.453486130E2,-3.230310604E-2,2.652443886E0,8.801998138E0
1.453687239E2,1.351944804E-1,2.584846735E0,8.179863930E0
1.453888348E2,5.198407173E-1,2.679363251E0,6.547360897E0
1.454089458E2,6.550351977E-1,2.748754978E0,5.581258774E0
1.454290567E2,2.099701911E-1,2.952743053E0,6.117250919E0
1.454491677E2,-1.471585929E-1,3.303291559E0,7.328617573E0
1.454692786E2,-5.611169338E-1,3.596412420E0,8.017750740E0
1.454893895E2,-6.412764788E-1,4.169493675E0,7.129415035E0
1.455095005E2,-4.737788737E-1,4.546961308E0,7.059424877E0
1.455296114E2,2.656033039E-1,4.283750534E0,8.713463783E0
1.455497223E2,1.464407444E0,3.548556089E0,1.054038334E1
1.455698333E2,1.777269006E0,3.413959742E0,1.169791126E1
1.455899442E2,1.365105271E0,3.749552965E0,1.208854008E1
1.456100552E2,8.147560954E-1,4.048655987E0,1.175294685E1
1.456301661E2,1.842473447E-1,4.147958279E0,1.177926731E1
1.456502770E2,-3.619144261E-1,4.363312244E0,1.204965687E1
1.456703879E2,-1.275972724E0,4.905884743E0,1.064746284E1
1.456904989E2,-1.738385677E0,5.079962254E0,1.032981491E1
1.457106098E2,-1.158724308E0,4.124628067E0,1.166860008E1
1.457307207E2,-4.689932466E-1,2.879163742E0,1.321137238E1
1.457508317E2,-2.709871531E-1,2.525624275E0,1.278963661E1
1.457709426E2,-6.502495408E-1,3.430111170E0,9.866804123E0
1.457910535E2,-1.307677627E0,4.467400074E0,7.353742123E0
1.458111645E2,-1.180858016E0,4.642076015E0,6.765107632E0
1.458312754E2,-6.807580590E-1,4.094717979E0,7.816753387E0
1.458513864E2,-4.923232496E-1,3.672384501E0,8.879166603E0
1.458714973E2,-1.002592683E0,3.870390654E0,9.710672379E0
1.458916082E2,-8.763712645E-1,3.872783422E0,9.958329201E0
1.459117192E2,-3.104687333E-1,3.647259951E0,9.455238342E0
1.459318301E2,8.554340899E-2,3.376272678E0,8.691329956E0
1.459519410E2,2.871387303E-1,3.124428272E0,7.468597889E0
1.459720520E2,3.768695593E-1,2.958127022E0,6.324230194E0
1.459921629E2,-3.451646566E-1,3.215953588E0,5.298905849E0
1.460122739E2,-1.375274777E0,3.640081406E0,5.735595703E0
1.460323848E2,-1.398006678E0,3.262015581E0,7.593622684E0
1.460524957E2,2.632104978E-2,2.654836655E0,8.463413239E0
1.460726067E2,7.477570772E-1,2.758924484E0,9.141778946E0
1.460927176E2,3.888336718E-1,3.266801119E0,9.052047729E0
1.461128285E2,-1.465603858E-1,3.849453449E0,8.210970879E0
1.461329394E2,-8.464609981E-1,4.444069862E0,7.424330235E0
1.461530504E2,-1.454836130E0,4.956732273E0,7.113263607E0
1.461731613E2,-8.871390224E-1,5.009972572E0,7.509873867E0
1.461932722E2,5.084748194E-2,4.931607246E0,7.683951855E0
1.462133832E2,5.676971674E-1,4.774877548E0,9.061020851E0
1.462334941E2,4.073780477E-1,4.616353035E0,1.047039413E1
1.462536051E2,-7.064808607E-1,5.132604599E0,1.065882874E1
1.462737160E2,-1.210170031E0,5.615954876E0,9.463015556E0
1.462938269E2,-1.353141189E0,5.611168861E0,9.580862045E0
1.463139379E2,-9.996016622E-1,4.974678040E0,1.084965611E1
1.463340488E2,-2.919243574E-1,4.581656933E0,1.013360405E1
1.463541597E2,-3.972085714E-1,4.450650215E0,9.247661591E0
1.463742707E2,-3.667000830E-1,3.832105398E0,1.065643597E1
1.463943816E2,4.827519655E-1,2.560918331E0,1.287996578E1
1.464144926E2,1.057029366E0,2.812762976E0,1.164467144E1
1.464346035E2,7.920243144E-1,3.178266764E0,9.521639824E0
1.464547144E2,-7.274180651E-1,3.912265062E0,9.190832138E0
1.464748254E2,-4.935196638E-1,4.021138668E0,7.659425259E0
1.464949363E2,6.855437160E-1,3.418147087E0,7.296314240E0
1.465150472E2,3.684946895E-1,3.202793121E0,8.599205971E0
1.465351581E2,2.751746029E-2,3.043072224E0,8.904889107E0
1.465552691E2,-1.184447184E-1,3.000001431E0,8.375477791E0
1.465753800E2,-1.232303679E-1,3.074178934E0,7.698308468E0
1.465954909E2,4.133601189E-1,2.709273338E0,7.926225185E0
1.466156019E2,5.886343718E-1,2.554936409E0,8.257032394E0
1.466357128E2,7.064808607E-1,2.778067112E0,7.781459332E0
1.466558238E2,5.258227587E-1,3.026920557E0,7.815557003E0
1.466759347E2,6.095715761E-1,3.185445070E0,7.935796261E0
1.466960456E2,6.951149702E-1,3.233301640E0,8.335995674E0
1.467161566E2,5.288137794E-1,3.339782238E0,8.901300430E0
1.467362675E2,5.054838061E-1,3.574877024E0,8.572287560E0
1.467563784E2,5.904290080E-1,3.759124279E0,7.910073280E0
1.467764894E2,2.560320199E-1,3.903291941E0,7.586444378E0
1.467966003E2,2.237289101E-1,3.988835335E0,7.240681171E0
1.468167113E2,3.122633696E-1,3.749552965E0,7.700701237E0
1.468368222E2,3.720839322E-1,3.506083488E0,8.693124771E0
1.468569331E2,6.885347366E-1,3.279363394E0,9.553344727E0
1.468770441E2,4.085744619E-1,3.684946775E0,7.877171993E0
1.468971549E2,9.631111473E-2,3.521038532E0,1.001934624E1
1.469172659E2,2.656033039E-1,3.239283562E0,1.078265667E1
1.469373768E2,-2.333002090E-1,3.668795347E0,1.024726295E1
1.469574878E2,-1.312463164E0,4.594219685E0,9.550353050E0
1.469775987E2,-1.152144074E0,4.433301926E0,8.783453941E0
1.470171783E2,-2.383849621E0,3.988835335E0,9.425926208E0
1.470372893E2,-2.574677229E0,4.439284325E0,9.495916367E0
1.470574002E2,-1.661217093E0,4.020540237E0,9.949356079E0
1.470775110E2,-8.243274093E-1,3.526422262E0,1.066720295E1
1.470976219E2,-3.553341627E-1,3.357130051E0,1.058644581E1
1.471177328E2,-2.506481707E-1,3.498904943E0,9.917053223E0
1.471378438E2,-7.118647546E-2,3.940979004E0,8.712266922E0
1.471579546E2,-1.854437590E-1,4.561318398E0,7.239484787E0
1.471780655E2,-9.852447510E-1,5.184050083E0,6.300302029E0
1.471981764E2,-1.789233088E0,4.978267670E0,7.392027378E0
1.472182873E2,-2.303091764E0,4.262813568E0,9.468997002E0
1.472383982E2,-2.777468920E0,4.124029636E0,9.677771568E0
1.472585091E2,-2.118246317E0,4.718646049E0,6.939185619E0
1.472786200E2,6.813562512E-1,3.830310822E0,7.247261524E0
1.472987309E2,1.765903115E0,2.979064226E0,8.881559372E0
1.473188418E2,1.271187067E0,3.437887907E0,8.997013092E0
1.473389527E2,6.448656917E-1,3.748954773E0,8.251648903E0
1.473590635E2,-2.476571500E-1,3.944568157E0,8.944969177E0
1.473791745E2,-4.307080805E-1,3.855435371E0,9.718449593E0
1.473992854E2,-4.887340367E-1,3.937987804E0,9.421739578E0
1.474193963E2,-5.419743061E-1,4.055834293E0,9.489934921E0
1.474395071E2,-6.448656917E-1,4.169493675E0,9.990633011E0
1.474596180E2,-6.329016089E-1,3.990629911E0,1.103809071E1
1.474797289E2,-1.081555843E0,4.126422882E0,1.130728340E1
1.474998398E2,-1.089930773E0,4.287938118E0,1.110509014E1
1.475199507E2,-9.768698215E-1,4.329812527E0,1.169013500E1
1.475400616E2,-1.232901812E0,4.524827480E0,1.210050392E1
1.475601725E2,-5.820540786E-1,4.644468784E0,1.146341515E1
1.475802834E2,4.127618968E-1,4.454837322E0,1.147896862E1
1.476003943E2,-3.858426511E-1,3.987638950E0,1.290329647E1
1.476205052E2,-1.156331539E0,4.076173306E0,1.272323608E1
1.476406161E2,-8.650053740E-1,3.909274101E0,1.085503960E1
1.476607270E2,-1.323829174E0,3.623929977E0,1.016351414E1
1.476808379E2,-1.093519926E0,2.904288530E0,9.991828918E0
1.477009488E2,-9.978070259E-1,2.078166485E0,1.090409279E1
1.477210596E2,-9.637092948E-1,1.503889084E0,1.188754272E1
1.477411706E2,-7.238288522E-1,1.122233868E0,1.179781246E1
1.477612815E2,-2.392822690E-2,1.033699393E0,1.045244789E1
1.477813923E2,1.764706671E-1,1.250249863E0,9.482157707E0
1.478015032E2,-4.097708762E-1,1.347757339E0,1.002054310E1
1.478216141E2,-8.027920127E-1,1.799402595E0,9.564111710E0
1.478417250E2,-6.323033571E-1,2.379662037E0,8.142177582E0
1.478618359E2,-8.638089895E-1,2.854039192E0,7.935796261E0
1.478819468E2,-1.255633712E0,2.793620348E0,9.209376335E0
1.479020577E2,-1.038485050E0,2.326421738E0,1.062951660E1
1.479221686E2,-2.727817893E-1,2.167897224E0,9.910472870E0
1.479422795E2,-8.255238086E-2,2.315654039E0,7.320840836E0
1.479623904E2,-1.253240824E0,2.644667149E0,7.093522549E0
1.479825013E2,-1.439282775E0,2.366501570E0,8.032107353E0
1.480026121E2,-4.205385745E-1,1.688734531E0,8.643473625E0
1.480227230E2,1.890329868E-1,1.451845169E0,8.803194046E0
1.480428339E2,2.829512656E-1,1.573280931E0,8.484949112E0
1.480629448E2,-4.821537733E-1,2.023729801E0,7.497909546E0
1.480830557E2,-2.045863390E0,2.798406124E0,7.599604607E0
1.481031666E2,-2.146361828E0,3.108874798E0,8.224729538E0
1.481232775E2,-3.708875179E-1,3.080160856E0,8.480163574E0
1.481433884E2,1.339980662E-1,3.300300598E0,9.412167549E0
1.481634993E2,-1.968096644E-1,3.302095175E0,1.087777138E1
1.481836102E2,-7.202396393E-1,3.595216036E0,1.025623608E1
1.482037210E2,-1.212562919E0,4.029513359E0,1.011805058E1
1.482238320E2,-1.028913736E0,3.524627686E0,1.211605740E1
1.482439429E2,7.118647546E-2,3.140579700E0,1.266102314E1
1.482640538E2,9.786644578E-1,3.156731367E0,1.098604679E1
1.482841646E2,-7.812566161E-1,3.845864296E0,1.009771156E1
1.483042755E2,-1.261615753E0,3.558725595E0,1.000678444E1
1.483243864E2,-7.776673418E-3,2.051247120E0,1.127916813E1
1.483444973E2,9.816554785E-1,1.286740422E0,1.176251793E1
1.483646082E2,1.057029366E0,1.826321840E0,1.067617607E1
1.483847191E2,1.313659668E0,2.983251572E0,8.706285477E0
1.484048300E2,1.631306887E0,3.659224033E0,7.181458950E0
1.484249409E2,1.599003673E0,3.701098442E0,7.241877556E0
1.484450518E2,8.709874153E-1,3.838087559E0,8.679366112E0
1.484651627E2,8.404789567E-1,3.821935892E0,8.763712883E0
1.484852735E2,2.263011932E0,3.078366280E0,8.370093346E0
1.485053844E2,1.448255897E0,2.723032236E0,9.875777245E0
1.485254953E2,2.177468538E-1,2.587837696E0,1.115713406E1
1.485456062E2,2.578266263E-1,2.127219439E0,1.018205833E1
1.485657171E2,6.550351977E-1,1.916052699E0,8.754739761E0
1.485858280E2,5.676971674E-1,2.005783558E0,7.697710514E0
1.486059389E2,9.254241586E-1,1.910668850E0,6.833901405E0
1.486260497E2,4.139583111E-1,2.158924341E0,6.037689686E0
1.486461606E2,-5.186443329E-1,2.504088879E0,5.834897995E0
1.486662716E2,-1.047458172E0,2.470589399E0,6.787241459E0
1.486863825E2,6.478567123E-1,1.761117458E0,8.971290588E0
1.487064933E2,3.248854876E0,7.375875711E-1,1.007019424E1
1.487266042E2,-3.708875179E-1,2.203789711E0,1.002592659E1
1.487467151E2,-3.059821844E0,3.480958700E0,8.385646820E0
1.487668260E2,-1.492523074E0,3.126222849E0,8.629714966E0
1.487869369E2,-6.406782866E-1,2.894119024E0,1.037527943E1
1.488070478E2,-4.331009090E-1,3.144767046E0,1.144546890E1
1.488271586E2,-7.621139884E-1,3.303889751E0,1.190130138E1
1.488472695E2,-2.118844509E0,3.638286829E0,1.152443218E1
1.488673804E2,-3.909274101E0,4.245465755E0,1.057149029E1
1.488874913E2,-3.067598581E0,3.421138287E0,1.157707405E1
1.489076022E2,-9.607182741E-1,1.776670814E0,1.455912971E1
1.489277131E2,-6.939185411E-2,1.049850941E0,1.554975796E1
1.489478240E2,1.202393398E-1,1.714457393E0,1.197966671E1
1.489679349E2,-9.074779749E-1,2.903690338E0,8.273782730E0
1.489880457E2,-9.930213690E-1,3.270390272E0,7.343572617E0
1.490081567E2,-5.030909777E-1,2.887538671E0,8.154739380E0
1.490282676E2,-1.046859860E0,2.766103029E0,9.263813019E0
1.490483784E2,-8.656035662E-1,2.364706993E0,9.647860527E0
1.490684893E2,-8.596215248E-1,2.048256159E0,9.808777809E0
1.490886002E2,-9.158528447E-1,1.835893154E0,9.646066666E0
1.491087111E2,-1.381256819E0,1.913061738E0,9.084949493E0
1.491288220E2,-1.316052437E0,1.902294040E0,8.218149185E0
1.491489329E2,-3.505485058E-1,1.799402595E0,7.133004189E0
1.491690438E2,-4.307080805E-2,1.609771490E0,7.903493404E0
1.491891546E2,-6.293123364E-1,1.417149186E0,9.160921097E0
1.492092655E2,-1.231107235E0,1.563111424E0,8.575876236E0
1.492293764E2,-1.285543919E0,1.704287887E0,7.212565422E0
1.492494873E2,-1.247856975E0,1.851446509E0,6.310471535E0
1.492695982E2,-1.220339537E0,2.039881229E0,6.109474182E0
1.492897091E2,-7.591229677E-1,2.353341103E0,6.220142365E0
1.493098200E2,-7.363911867E-1,2.866003275E0,6.389434814E0
1.493299308E2,-1.021137118E0,3.681357622E0,6.324230194E0
1.493500417E2,-1.305882931E0,4.158725739E0,7.644470215E0
1.493701526E2,-8.267202377E-1,3.795614958E0,1.213759327E1
1.493902635E2,-6.807580590E-1,2.801397085E0,1.552343655E1
1.494103744E2,-2.203789711E0,2.906083107E0,1.728754616E1
1.494304853E2,-1.106680512E0,3.269792080E0,1.413918877E1
1.494505962E2,4.947160780E-1,4.118047714E0,7.807780266E0
1.494707071E2,-1.627119422E0,5.431707382E0,6.542575359E0
1.494908180E2,-4.447659016E0,5.741578102E0,1.007198906E1
1.495109289E2,-3.007179976E0,4.532006264E0,1.319402409E1
1.495310397E2,6.622136831E-1,3.012563705E0,1.307916832E1
1.495511506E2,1.695314884E0,2.415554523E0,1.307258797E1
1.495712615E2,4.546363056E-1,2.464607239E0,1.185464191E1
1.495913724E2,-8.644071817E-1,2.002792597E0,1.139581776E1
1.496114833E2,-1.574477315E0,1.357926846E0,1.286142159E1
1.496315942E2,-8.961120844E-1,7.950153351E-1,1.316052437E1
1.496517051E2,7.645068169E-1,2.931207716E-1,1.107039356E1
1.496718159E2,6.586244106E-1,9.972088337E-1,6.915257454E0
1.496919268E2,-2.632105052E-1,1.584048629E0,4.475774765E0
1.497120377E2,-1.259821177E0,1.700100541E0,5.261816978E0
1.497321486E2,-2.042274237E0,1.753939033E0,6.950551510E0
1.497522595E2,-1.430907965E0,1.561915040E0,7.655237675E0
1.497723704E2,-9.696913958E-1,1.631905079E0,8.434700012E0
1.497924813E2,-2.775674164E-1,1.557129383E0,8.891130447E0
1.498125921E2,-6.155536175E-1,1.959721804E0,7.870592117E0
1.498327030E2,-1.372283816E0,2.331207514E0,7.648059368E0
1.498528139E2,-1.459023595E0,2.428714991E0,7.487142086E0
1.498729248E2,-1.253839016E0,2.510071039E0,7.540382385E0
1.498930357E2,-6.640082598E-1,2.373680115E0,8.069794655E0
1.499131466E2,-9.607182741E-1,2.827718258E0,7.617550850E0
1.499332575E2,-7.627122402E-1,3.136990547E0,7.184450150E0
1.499533683E2,-3.469592705E-2,3.262613773E0,6.893123627E0
1.499734792E2,2.153540403E-1,3.260220766E0,7.463811874E0
1.499935901E2,-2.823530734E-1,3.383451223E0,8.363512993E0
1.500137010E2,-1.289133191E0,3.578466177E0,9.833304405E0
1.500338119E2,-2.223530531E0,3.737588882E0,1.107338524E1
1.500539228E2,-9.170492887E-1,3.055634499E0,1.109551907E1
1.500740336E2,1.052841991E-1,2.507678032E0,1.192403316E1
1.500941445E2,-1.749751568E0,3.030509949E0,1.299362469E1
1.501142554E2,-2.941975355E0,3.496512175E0,1.156451225E1
1.501343663E2,-1.676172256E0,3.059821844E0,1.037707329E1
1.501544772E2,-6.376872063E-1,2.855235577E0,9.748957634E0
1.501745881E2,-1.970489502E0,3.193820000E0,1.024726295E1
1.501946990E2,-4.719244480E0,3.494717360E0,1.230150127E1
1.502148098E2,-4.941776752E0,2.776870728E0,1.366959763E1
1.502349207E2,-2.933600664E0,1.680957913E0,1.323290730E1
1.502550316E2,-9.804590940E-1,1.505683661E0,1.144786167E1
1.502751425E2,-3.774677813E-1,1.923231244E0,9.443274498E0
1.502952534E2,-1.246660590E0,2.541775942E0,8.983852386E0
1.503153643E2,-2.132603168E0,2.682354212E0,1.014855862E1
1.503354752E2,-2.383849621E0,2.742773056E0,9.853643417E0
1.503555860E2,-1.195214868E0,2.624328136E0,7.821538925E0
1.503756969E2,-6.646065116E-1,2.700898647E0,6.597012043E0
1.503958078E2,-1.246062398E0,2.800200701E0,7.430910587E0
1.504159187E2,-1.594218135E0,2.720041037E0,7.741977692E0
1.504360296E2,-1.566700578E0,2.592025042E0,8.192426682E0
1.504561405E2,-1.041476011E0,2.442473650E0,8.528019905E0
1.504762514E2,-8.907282352E-1,2.498106956E0,8.718847275E0
1.504963622E2,-1.161715388E0,2.810968399E0,8.187641144E0
1.505164731E2,-9.972088337E-1,3.043670416E0,7.099504948E0
1.505365840E2,-6.203392744E-1,3.206382275E0,6.750152588E0
1.505566949E2,-1.770688742E-1,3.106482029E0,7.777271748E0
1.505768058E2,-7.842476368E-1,3.386442184E0,8.862417221E0
1.505969167E2,-1.545165181E0,3.768097401E0,9.832706451E0
1.506170276E2,-1.437488198E0,3.732205153E0,1.034536839E1
1.506371384E2,-1.898106575E0,3.739383698E0,1.116790104E1
1.506572493E2,-1.805384636E0,3.834498405E0,1.105723381E1
1.506773602E2,-1.344766378E0,4.146163464E0,1.061396313E1
1.506974711E2,-3.732803464E-1,3.900300980E0,1.129771233E1
1.507175820E2,1.032503009E0,3.209971666E0,1.159442234E1
1.507376929E2,4.420739710E-1,2.891726255E0,1.169252777E1
1.507578038E2,-2.023131609E0,3.010170937E0,1.320060444E1
1.507779146E2,-3.422334671E0,2.852842808E0,1.399203014E1
1.507980255E2,-2.132004976E0,2.271985054E0,1.299661636E1
1.508181364E2,-1.495514158E-2,1.947159410E0,1.035135078E1
1.508382473E2,8.333004713E-1,2.280359983E0,8.051250458E0
1.508583582E2,4.624129832E-1,2.823530674E0,6.948158741E0
1.508784691E2,-9.391828626E-2,2.962314367E0,7.389634609E0
1.508985800E2,-3.110669367E-2,2.644068956E0,8.392227173E0
1.509186908E2,-1.238285750E-1,2.435893536E0,8.772088051E0
1.509388017E2,-7.357929349E-1,2.826521635E0,8.940183640E0
1.509589126E2,-1.114457130E0,3.162713289E0,8.729017258E0
1.509790235E2,-8.656035662E-1,3.067000389E0,8.450851440E0
1.509991344E2,-2.787638307E-1,2.850450039E0,7.691130161E0
1.510192453E2,4.336991012E-1,2.372483730E0,7.605587006E0
1.510393562E2,1.519442350E-1,2.368894339E0,8.548358917E0
1.510594670E2,1.184447184E-1,2.439482689E0,8.476573944E0
1.510795779E2,2.739782035E-1,2.557927370E0,8.318648338E0
1.510996888E2,6.263213158E-1,2.382653236E0,8.463413239E0
1.511197997E2,8.626125455E-1,2.477767944E0,8.610571861E0
1.511399106E2,4.325026870E-1,2.884547710E0,8.596215248E0
1.511600215E2,9.571290575E-3,3.412763357E0,7.887341499E0
1.511801323E2,-6.885347366E-1,3.859622955E0,7.779066563E0
1.512002432E2,-1.197607756E0,3.988237143E0,8.176873207E0
1.512203541E2,-1.079761267E0,3.568894863E0,9.513862610E0
1.512404650E2,-1.124626637E0,3.435495138E0,1.032203865E1
1.512605759E2,-1.159920812E0,3.407379389E0,1.109492016E1
1.512806868E2,3.966103494E-1,3.135794163E0,1.162493038E1
1.513007977E2,1.433898926E0,2.701496840E0,1.118824005E1
1.513209085E2,8.374879137E-3,2.842075109E0,1.046022415E1
1.513410194E2,-1.938186288E0,2.948555708E0,1.232004547E1
1.513611303E2,-1.597807288E0,2.079362869E0,1.342792225E1
1.513812412E2,1.465603858E-1,1.704886079E0,1.105723381E1
1.514013521E2,1.004387259E0,2.170290232E0,8.072785378E0
1.514214630E2,-3.343969584E-1,2.858824968E0,8.131409645E0
1.514415739E2,-1.896311998E0,3.238685369E0,8.759525299E0
1.514616847E2,-2.597409010E0,3.421736479E0,8.536395073E0
1.514817956E2,-2.777468920E0,3.524627686E0,8.679366112E0
1.515019065E2,-1.815554142E0,3.128615618E0,9.131608963E0
1.515220174E2,-7.878368497E-1,2.507079840E0,1.011565781E1
1.515421283E2,-4.815555513E-1,2.182852507E0,1.066959572E1
1.515622392E2,-7.124629617E-1,2.245664120E0,1.034297562E1
1.515823501E2,-1.537388563E-1,2.166700840E0,8.970691681E0
1.516024609E2,4.845465720E-1,1.814955950E0,9.376275063E0
1.516225718E2,1.128814101E0,1.371087432E0,9.218947411E0
1.516426827E2,1.036690354E0,1.601994753E0,7.755138397E0
1.516627935E2,-8.201399446E-1,2.744567633E0,7.204789162E0
1.516829044E2,-2.870789051E0,3.515056372E0,7.782655716E0
1.517030153E2,-2.459821701E0,4.001397610E0,7.039085865E0
1.517231262E2,-6.669993401E-1,4.061816216E0,6.495915413E0
1.517432371E2,-5.258227587E-1,3.994817495E0,8.260024071E0
1.517633480E2,-1.366899967E0,4.254438877E0,8.713463783E0
1.517834589E2,-2.388635159E0,4.755734921E0,8.720044136E0
1.518035697E2,-3.017947674E0,4.976472855E0,1.000498962E1
1.518236806E2,-2.056631088E0,4.655236244E0,1.086760235E1
1.518437915E2,-2.464607358E-1,3.913461447E0,1.093639565E1
1.518639024E2,9.272187948E-1,3.659822226E0,1.020598698E1
1.518840133E2,1.331605792E0,3.504288673E0,9.952347755E0
1.519041242E2,1.429711580E-1,3.352942705E0,1.209512043E1
1.519242351E2,-1.768295884E0,3.142972469E0,1.540738487E1
1.519443459E2,-9.128618240E-1,2.534597397E0,1.540678692E1
1.519644568E2,5.252245665E-1,2.767299414E0,1.201914787E1
1.519845677E2,3.780659735E-1,3.622733593E0,8.729017258E0
1.520046786E2,-3.427718580E-1,4.104289055E0,7.576274872E0
1.520247895E2,-6.490531564E-1,4.063611031E0,7.695915699E0
1.520449004E2,1.651047617E-1,3.462414265E0,7.849654675E0
1.520650113E2,8.494520187E-2,2.990430117E0,9.276973724E0
1.520851221E2,-1.453639716E-1,2.906681299E0,9.227920532E0
1.521052330E2,5.503492057E-2,2.699702263E0,8.557332039E0
1.521253439E2,1.746760458E-1,2.484348059E0,7.887939930E0
1.521454548E2,3.529413342E-1,2.350350142E0,6.872186661E0
1.521655657E2,5.000999570E-1,2.397608280E0,5.781059742E0
1.521856766E2,8.578268886E-1,2.502892494E0,5.403591633E0
1.522057875E2,1.305284739E0,2.554338217E0,6.071787357E0
1.522258983E2,1.266401410E0,2.864208698E0,6.476772785E0
1.522460092E2,6.981059909E-1,3.246462107E0,7.061817646E0
1.522661201E2,3.583251834E-1,3.546163082E0,7.763513088E0
1.522862310E2,8.422735929E-1,3.618546009E0,7.494918823E0
1.523063419E2,1.624128342E0,3.265604734E0,7.125825882E0
1.523264528E2,1.460818172E0,2.992224693E0,7.621738434E0
1.523465636E2,7.082754970E-1,3.300898790E0,7.878966808E0
1.523666745E2,-1.794617064E-2,4.146163464E0,7.561917782E0
1.523867854E2,-2.859423161E-1,4.624728203E0,8.499305725E0
1.524068963E2,-2.865405083E-1,4.546961308E0,1.081196880E1
1.524270072E2,-4.606183618E-2,4.387838364E0,1.306062412E1
1.524471181E2,-4.360919297E-1,4.107280254E0,1.517109394E1
1.524672290E2,-6.227321029E-1,4.024129391E0,1.522493267E1
1.524873398E2,-1.210768223E0,4.327419758E0,1.230269718E1
1.525074507E2,-2.648256540E0,4.317250252E0,1.253839111E1
1.525275616E2,-3.051447153E0,2.904886723E0,1.562034607E1
1.525476725E2,-1.955534339E0,1.618744493E0,1.559701633E1
1.525677833E2,-5.324030519E-1,1.603191137E0,1.215733337E1
1.525878942E2,-1.776670814E-1,2.033301115E0,9.672387123E0
1.526080052E2,-7.256234884E-1,2.528615236E0,8.192426682E0
1.526281160E2,-1.722832322E0,2.764308453E0,9.018548965E0
1.526482269E2,-1.506281853E0,2.476571321E0,1.010847950E1
1.526683378E2,4.534398913E-1,2.336591244E0,7.795815945E0
1.526884486E2,1.860419661E-1,2.977269650E0,6.705287457E0
1.527085595E2,-1.073180914E0,3.031108141E0,8.575876236E0
1.527286704E2,-1.208973646E0,1.896311998E0,9.833903313E0
1.527487813E2,-1.470987678E0,1.444068432E0,9.122037888E0
1.527688922E2,-1.104287624E0,1.734796405E0,6.908677101E0
1.527890031E2,4.432703853E-1,1.858624935E0,4.776073933E0
1.528091140E2,1.240080357E0,1.826920033E0,5.493322372E0
1.528292248E2,9.326026440E-1,1.437488198E0,7.676175117E0
1.528493357E2,5.072783828E-1,1.528415442E0,8.610571861E0
1.528694466E2,2.751746178E-1,1.987837434E0,7.392625332E0
1.528895575E2,2.751746029E-2,2.242074728E0,7.521838188E0
1.529096684E2,-3.056831062E-1,2.151745796E0,8.364709854E0
1.529297793E2,-4.115654826E-1,2.269592285E0,8.298907280E0
1.529498902E2,-6.346961856E-1,2.644667149E0,8.390432358E0
1.529700010E2,-5.413761139E-1,2.929413080E0,8.465806961E0
1.529901119E2,-1.597209126E-1,3.142972469E0,8.824729919E0
1.530102228E2,2.105683982E-1,2.882154942E0,1.052542877E1
1.530303337E2,6.939185411E-2,2.532204628E0,1.214716434E1
1.530504446E2,-6.047859192E-1,3.098107100E0,1.122293663E1
1.530705555E2,-5.503492355E-1,3.964308977E0,8.538188934E0
1.530906664E2,-8.596215248E-1,3.935595036E0,9.655039787E0
1.531107772E2,-1.074975610E0,3.547359467E0,1.103091240E1
1.531308881E2,-1.116850019E0,3.165106058E0,1.222732353E1
1.531509990E2,-2.019542217E0,3.001796007E0,1.500479221E1
1.531711099E2,-2.353939295E0,2.274976015E0,1.707937050E1
1.531912208E2,-1.829312921E0,1.773679733E0,1.575613880E1
1.532113317E2,-1.391426325E0,1.820937991E0,1.291526031E1
1.532314426E2,-8.757730722E-1,1.965105653E0,1.037707329E1
1.532515534E2,-8.781659007E-1,2.046461582E0,9.336793900E0
1.532716643E2,-1.134197950E0,2.096710920E0,8.708079338E0
1.532917752E2,-1.691725612E0,2.280359983E0,8.556734085E0
1.533118861E2,-1.917249203E0,2.277369022E0,8.426324844E0
1.533319970E2,-1.673181176E0,2.167299032E0,7.607979774E0
1.533521079E2,-1.594816327E0,2.029113531E0,7.439285755E0
1.533722188E2,-1.057029366E0,1.910070658E0,7.228717327E0
1.533923296E2,-1.668993831E-1,1.859223247E0,7.077969551E0
1.534124405E2,5.563312769E-1,1.517647743E0,8.694320679E0
1.534325514E2,7.722834945E-1,1.167697430E0,9.525827408E0
1.534526623E2,-2.273181453E-2,1.345364571E0,9.638289452E0
1.534727732E2,-6.669993401E-1,1.645065546E0,9.372088432E0
1.534928840E2,-4.582255483E-1,1.900499344E0,7.865208149E0
1.535129950E2,1.022931710E-1,2.060220242E0,6.932007313E0
1.535331058E2,3.002992272E-1,2.157129526E0,7.822735310E0
1.535532167E2,7.178468257E-2,2.230708838E0,8.986245155E0
1.535733276E2,-3.212364316E-1,2.473580360E0,9.335597992E0
1.535934384E2,-8.847461939E-1,2.763710260E0,9.478569031E0
1.536135493E2,-1.381256819E0,2.934198856E0,9.885947227E0
1.536336602E2,-1.540379524E0,2.797807932E0,1.099262714E1
1.536537711E2,-1.136590719E0,2.516651154E0,1.210050392E1
1.536738820E2,-7.758727670E-1,2.493321180E0,1.218784237E1
1.536939929E2,-8.925228715E-1,2.796611547E0,1.137189007E1
1.537141038E2,-9.768698215E-1,2.698505640E0,1.197607708E1
1.537342146E2,-1.040877819E0,2.091326952E0,1.445683575E1
1.537543255E2,-1.085145116E0,1.498505235E0,1.560778427E1
1.537744364E2,-1.048056364E0,1.753939033E0,1.275374508E1
1.537945473E2,-1.449452281E0,2.522035122E0,8.645866394E0
1.538146582E2,-1.932802439E0,3.123231649E0,6.451049805E0
1.538347691E2,-2.245664120E0,3.035893679E0,7.252645493E0
1.538548800E2,-2.627319336E0,2.699103832E0,9.254241943E0
1.538749908E2,-2.432304144E0,2.354537487E0,1.066181946E1
1.538951017E2,-1.882553220E0,2.151147604E0,1.027119160E1
1.539152126E2,-1.328016520E0,2.044667006E0,9.184251785E0
1.539353235E2,-9.272187948E-2,1.481755376E0,8.251648903E0
1.539554344E2,7.722834945E-1,8.638089895E-1,7.204789162E0
1.539755453E2,-3.511467278E-1,1.416550994E0,6.153741837E0
1.539956562E2,-2.129014015E0,2.755335331E0,5.095515728E0
1.540157670E2,-1.697707653E0,2.931805849E0,5.665007591E0
1.540358779E2,-9.433703423E-1,2.264806747E0,8.419146538E0
1.540559888E2,4.725824669E-2,1.852044702E0,9.156135559E0
1.540760997E2,-2.159522474E-1,2.612364054E0,8.717651367E0
1.540962106E2,-5.389832854E-1,3.186641455E0,8.626724243E0
1.541163215E2,-7.932206988E-1,3.497708559E0,9.636494637E0
1.541364323E2,-1.021137118E0,3.627519131E0,1.063131142E1
1.541565432E2,-1.278963685E0,3.873979807E0,1.052363396E1
1.541766541E2,-8.470591903E-1,3.792025566E0,1.043450165E1
1.541967650E2,1.286142170E-1,3.519243956E0,1.029691410E1
1.542168759E2,1.378864050E0,2.867797852E0,1.051107121E1
1.542369868E2,1.190429211E0,2.589632273E0,1.141735363E1
1.542570977E2,-7.567301393E-1,2.834896564E0,1.333579922E1
1.542772085E2,-1.679163337E0,2.785245657E0,1.404467297E1
1.542973194E2,-7.770691514E-1,2.516651154E0,1.234517002E1
1.543174303E2,4.217349887E-1,2.381456852E0,1.014736271E1
1.543375412E2,1.264008522E0,2.357528448E0,8.145766258E0
1.543576521E2,1.482353687E0,2.243869543E0,7.350750923E0
1.543777630E2,2.895315289E-1,2.449054003E0,7.919046402E0
1.543978739E2,-6.352944374E-1,2.647060156E0,8.547760963E0
1.544179847E2,-1.183250785E0,2.873780012E0,9.037093163E0
1.544380957E2,-7.609176040E-1,2.758924484E0,9.122037888E0
1.544582065E2,-3.080759048E-1,2.581855536E0,8.709276199E0
1.544783174E2,-2.075773627E-1,2.531606436E0,7.990831375E0
1.544984283E2,-3.254238665E-1,2.655434847E0,7.348358154E0
1.545185392E2,-1.148554832E-1,2.541775942E0,7.816154957E0
1.545386501E2,5.174478889E-1,2.208575249E0,9.101100922E0
1.545587610E2,9.804590940E-1,2.155334949E0,9.612566948E0
1.545788718E2,8.877372146E-1,2.624926329E0,8.460422516E0
1.545989828E2,5.276173949E-1,2.892922640E0,8.129016876E0
1.546190936E2,3.349951804E-1,3.058027267E0,7.631907940E0
1.546392045E2,5.802594870E-2,3.150151014E0,8.106285095E0
1.546593154E2,-5.467599630E-1,3.065804005E0,9.617352486E0
1.546794263E2,-8.578268886E-1,3.084348440E0,1.029332447E1
1.546995372E2,-1.103689432E0,3.246462107E0,1.011924744E1
1.547196481E2,-1.192223907E0,3.227319479E0,1.024666500E1
1.547397590E2,-9.116654396E-1,2.937788010E0,1.090349483E1
1.547598698E2,-1.196411371E0,3.068196774E0,1.113081264E1
1.547799807E2,-1.616351724E0,3.226721287E0,1.117687416E1
1.548000916E2,-2.128415823E0,3.017947674E0,1.264487171E1
1.548202025E2,-1.859821439E0,2.344966173E0,1.431147194E1
1.548403134E2,-9.002995491E-1,1.778465390E0,1.399143219E1
1.548604243E2,-3.451646566E-1,1.755135417E0,1.223749352E1
1.548805352E2,1.770688742E-1,1.932204247E0,9.807581902E0
1.549006460E2,8.315058798E-2,2.085345030E0,8.627920151E0
1.549207569E2,-1.112064362E0,2.248056889E0,9.376873970E0
1.549408678E2,-1.914258122E0,2.413759947E0,9.567103386E0
1.549609787E2,-2.142174482E0,2.764906645E0,8.098507881E0
1.549810896E2,-2.216950178E0,2.851048231E0,7.860422611E0
1.550012005E2,-2.313261271E0,2.834896564E0,8.666205406E0
1.550213114E2,-1.592423439E0,2.502892494E0,9.057432175E0
1.550414222E2,-6.993024349E-1,2.157727718E0,8.890532494E0
1.550615331E2,-4.947160780E-1,2.300698996E0,7.765905857E0
1.550816440E2,-1.052842021E0,2.709273338E0,6.993024349E0
1.551017549E2,-1.289731383E0,2.789433002E0,6.728617191E0
1.551218658E2,-1.646860242E0,2.780459881E0,6.932605267E0
1.551419767E2,-1.788634896E0,2.846262455E0,7.181458950E0
1.551620876E2,-1.801197290E0,2.890529871E0,6.958926678E0
1.551821984E2,-1.852642894E0,3.092125177E0,6.612565517E0
1.552023093E2,-1.813759565E0,3.225524902E0,7.181458950E0
1.552224202E2,-1.744965911E0,3.393620729E0,7.666603565E0
1.552425311E2,-1.537388563E0,3.506681681E0,8.204390526E0
1.552626420E2,-1.425524116E0,3.529413462E0,9.326624870E0
1.552827529E2,-1.448854089E0,3.680161238E0,1.075035381E1
1.553028638E2,-8.225327730E-1,3.772284985E0,1.121815109E1
1.553229747E2,-6.873382926E-1,3.868596077E0,1.157228851E1
1.553430855E2,-7.316055298E-1,4.093521118E0,1.127617645E1
1.553631965E2,-8.925228715E-1,4.403391838E0,9.929018021E0
1.553833073E2,-1.634896040E0,4.792225361E0,9.714262009E0
1.554034182E2,-2.272583246E0,4.555335999E0,1.217707443E1
1.554235291E2,-1.440479279E0,3.226721287E0,1.534397507E1
1.554436400E2,-5.144568533E-2,2.481955290E0,1.510529137E1
1.554637509E2,5.617151260E-1,2.895913601E0,1.135513973E1
1.554838618E2,5.515456200E-1,3.482155085E0,7.836493969E0
1.555039727E2,-1.974078715E-1,3.607180119E0,7.713263988E0
1.555240835E2,-1.268195987E0,3.439084291E0,9.040083885E0
1.555441944E2,-1.622333765E0,3.293720484E0,9.342776299E0
1.555643053E2,-1.044467092E0,2.967698336E0,8.720642090E0
1.555844162E2,-1.004985452E0,3.177668571E0,7.637291908E0
1.556045271E2,-1.041476011E0,3.293720484E0,7.227520943E0
1.556246380E2,-5.659025311E-1,3.019144058E0,7.384849072E0
1.556447489E2,-1.926222295E-1,2.721237659E0,8.161319733E0
1.556648597E2,3.649054468E-1,2.388635159E0,8.734400749E0
1.556849706E2,6.849454641E-1,2.493321180E0,7.944769382E0
1.557050815E2,5.234299302E-1,2.692523718E0,7.463213921E0
1.557251924E2,3.296113312E-1,2.741576433E0,8.124231339E0
1.557453033E2,4.875376225E-1,2.665604353E0,9.260822296E0
1.557654142E2,5.216353536E-1,3.299702406E0,7.837092400E0
1.557855251E2,4.767699242E-1,4.612763882E0,5.786443233E0
1.558056360E2,1.109073281E0,4.936991215E0,5.679962635E0
1.558257469E2,1.000798106E0,4.514657974E0,7.931608677E0
1.558458578E2,-1.172483116E-1,4.456034184E0,9.808179855E0
1.558659686E2,-7.573283911E-1,4.435096741E0,9.890732765E0
1.558860795E2,-1.781456470E0,4.927420139E0,1.043450165E1
1.559061904E2,-1.141974568E0,4.589433670E0,1.144068336E1
1.559263013E2,-6.699903607E-1,4.028914928E0,1.228056431E1
1.559464122E2,-1.133001566E0,3.853042603E0,1.323051453E1
1.559665231E2,-1.783849239E0,3.717848301E0,1.407278824E1
1.559866340E2,-2.400001049E0,3.570689678E0,1.396870041E1
1.560067448E2,-1.958525300E0,3.477967739E0,1.133719349E1
1.560268557E2,-1.458425403E0,3.525225878E0,8.919246674E0
1.560469666E2,-1.410568953E0,3.640679598E0,7.283154011E0
1.560670775E2,-1.987837434E0,3.853042603E0,7.239484787E0
1.560871884E2,-2.698505640E0,3.699902058E0,8.638090134E0
1.561072993E2,-2.411965132E0,3.345764160E0,9.334999084E0
1.561274102E2,-1.819143414E0,3.177070379E0,9.290732384E0
1.561475211E2,-1.283749342E0,3.224926710E0,9.081359863E0
1.561676320E2,-7.322037220E-1,2.982055187E0,8.819346428E0
1.561877429E2,-5.886343718E-1,2.826521635E0,8.636893272E0
1.562078538E2,-4.953143001E-1,2.643470764E0,8.411968231E0
1.562279646E2,-2.733799815E-1,2.653042078E0,7.438687325E0
1.562480755E2,-2.075773627E-1,2.596212626E0,6.927819729E0
1.562681864E2,-3.206382394E-1,2.648256540E0,6.658029079E0
1.562882973E2,-5.228317380E-1,2.807379246E0,6.495316982E0
1.563084082E2,-7.172485590E-1,3.010170937E0,6.639484406E0
1.563285191E2,-1.034895778E0,3.401397467E0,6.615556240E0
1.563486300E2,-1.177268744E0,3.881756544E0,7.003791809E0
1.563687408E2,-4.737788737E-1,4.004388809E0,7.010372162E0
1.563888518E2,-6.430711150E-1,4.412364960E0,7.741379261E0
1.564089627E2,-3.541377485E-1,4.008575916E0,9.160323143E0
1.564290735E2,8.614161611E-1,3.544368505E0,1.070070267E1
1.564491844E2,1.161117196E0,3.507878065E0,1.186241817E1
1.564692953E2,1.068395257E0,3.656831264E0,1.152562809E1
1.564894062E2,9.888339639E-1,4.068994999E0,1.046560764E1
1.565095171E2,2.709871531E-1,4.300500393E0,1.032144070E1
1.565296280E2,-1.369890928E0,4.196412563E0,1.334596825E1
1.565497389E2,-1.341177106E0,3.326023579E0,1.574477291E1
1.565698497E2,-2.159522474E-1,2.773281336E0,1.446700573E1
1.565899606E2,3.068794906E-1,3.025724173E0,1.130429268E1
1.566100716E2,-1.218544960E0,4.220939159E0,8.658429146E0
1.566301825E2,-2.420340061E0,4.954339504E0,7.222734928E0
1.566502933E2,-1.815554142E0,4.352544308E0,7.362117290E0
1.566704042E2,6.669993401E-1,3.032304525E0,7.470990658E0
1.566905151E2,2.146960020E0,2.529213428E0,7.746165276E0
1.567106260E2,1.574477315E0,2.810370207E0,8.065009117E0
1.567307369E2,3.008974493E-1,3.035295486E0,8.265407562E0
1.567508478E2,-1.161117196E0,3.532404423E0,8.587242126E0
1.567709586E2,-8.021938205E-1,3.802793503E0,7.862216949E0
1.567910695E2,2.231307179E-1,3.461217880E0,8.254041672E0
1.568111804E2,4.307080805E-1,3.108874798E0,9.507881165E0
1.568312913E2,1.657029688E-1,2.894717216E0,9.775279045E0
1.568514022E2,-5.144568533E-2,2.840280533E0,8.686544418E0
1.568715131E2,1.447657645E-1,2.934797049E0,7.079165936E0
1.568916240E2,4.031906128E-1,3.105883837E0,7.005586624E0
1.569117349E2,3.936193287E-1,3.135794163E0,7.795217991E0
1.569318458E2,-4.761717021E-1,3.798605919E0,7.885547161E0
1.569519567E2,-8.781659007E-1,4.218546391E0,8.090133667E0
1.569720676E2,-5.898307562E-1,4.372285366E0,8.305487633E0
1.569921785E2,-7.298108935E-1,4.518845558E0,9.902098656E0
1.570122894E2,-4.043870270E-1,4.235296249E0,1.229193020E1
1.570324003E2,4.570291340E-1,3.407977581E0,1.456391525E1
1.570525112E2,1.896311939E-1,2.886940479E0,1.461954784E1
1.570726220E2,-7.328019142E-1,3.144168854E0,1.298225880E1
1.570927329E2,-1.748555183E0,3.345165968E0,1.285424328E1
1.571128438E2,-7.627122402E-1,2.652443886E0,1.283390427E1
1.571329547E2,8.596215248E-1,1.926222205E0,1.206939697E1
1.571530656E2,1.307677627E0,1.877767563E0,1.081196880E1
1.571731765E2,6.472585201E-1,2.278565407E0,8.901300430E0
1.571932874E2,-8.141579032E-1,2.892922640E0,7.931608677E0
1.572133983E2,-1.674975872E0,3.268595695E0,7.321439266E0
1.572335092E2,-1.887937069E0,3.267399311E0,7.606783390E0
1.572536201E2,-1.993221283E0,3.192025423E0,8.308478355E0
1.572737309E2,-2.059023857E0,3.214757204E0,8.287541389E0
1.572938418E2,-1.677368641E0,3.448057413E0,7.474579811E0
1.573139527E2,-2.548356056E-1,2.617748022E0,9.604191780E0
1.573340636E2,1.173679471E0,1.627119422E0,1.090528965E1
1.573541745E2,1.256231815E-1,2.103291035E0,8.718249321E0
1.573742854E2,-9.242277741E-1,2.950350285E0,5.093122959E0
1.573943963E2,-1.640279889E0,3.698705673E0,3.424727440E0
1.574145072E2,-1.412961721E0,3.693321705E0,4.459623337E0
1.574346181E2,-1.033699393E0,3.538386583E0,5.617151260E0
1.574547290E2,-1.186840057E0,3.479762316E0,6.703492641E0
1.574748398E2,-1.938186288E0,3.723830223E0,7.379465103E0
1.574949508E2,-2.782254457E0,3.976871252E0,7.732406139E0
1.575150617E2,-2.883949518E0,3.994817495E0,8.268398285E0
1.575351726E2,-1.509272933E0,3.544368505E0,9.208778381E0
1.575552834E2,-3.409772366E-2,3.214757204E0,1.024187946E1
1.575753943E2,9.571290575E-3,3.635894060E0,1.060379314E1
1.575955052E2,-5.706881881E-1,4.261617184E0,1.045184898E1
1.576156161E2,-9.667003751E-1,4.456034184E0,1.121396351E1
1.576357270E2,-6.867401004E-1,4.722833633E0,1.081496048E1
1.576558379E2,-6.616154313E-1,4.953741074E0,1.079821014E1
1.576759488E2,-3.625126183E-1,4.521836758E0,1.240439224E1
1.576960597E2,-9.092725813E-2,3.470789194E0,1.472243977E1
1.577161706E2,3.170489967E-1,2.640479803E0,1.527039623E1
1.577362815E2,8.392825127E-1,2.539981127E0,1.262393379E1
1.577563924E2,1.095912814E0,2.992224693E0,9.561718941E0
1.577765033E2,1.336989641E0,3.144168854E0,7.813164234E0
1.577966142E2,6.448656917E-1,3.148954630E0,8.978468895E0
1.578167251E2,4.247260094E-2,3.001796007E0,1.018505001E1
1.578368359E2,-6.041877344E-2,2.922234535E0,9.650852203E0
1.578569468E2,-4.827519655E-1,2.974876642E0,9.029315948E0
1.578770577E2,-6.717849374E-1,2.991626501E0,8.053643227E0
1.578971686E2,-3.954139352E-1,2.645863533E0,7.832306862E0
1.579172795E2,-2.811566554E-2,2.276172638E0,7.919644833E0
1.579373904E2,5.449653864E-1,1.900499344E0,7.346563816E0
1.579575013E2,4.923232496E-1,2.018944025E0,6.407979012E0
1.579776122E2,-2.626122832E-1,2.525624275E0,5.720640659E0
1.579977231E2,-1.019342422E0,2.801397085E0,6.220740795E0
1.580178340E2,-5.964110494E-1,2.505883455E0,7.207779884E0
1.580379449E2,4.683950245E-1,2.432304144E0,7.386045456E0
1.580580558E2,1.066600680E0,2.699103832E0,7.272386074E0
1.580781667E2,1.255633712E0,3.105883837E0,7.653443336E0
1.580982776E2,1.893320918E0,3.058625460E0,8.595617294E0
1.581183884E2,2.078166485E0,3.189034462E0,9.105288506E0
1.581384994E2,1.539781332E0,3.884149313E0,8.464012146E0
1.581586103E2,1.090528965E0,4.171288013E0,9.014959335E0
1.581787212E2,1.114457130E0,3.695116282E0,1.163270760E1
1.581988320E2,3.696911037E-1,3.030509949E0,1.416012573E1
1.582189429E2,-5.497509837E-1,3.241078377E0,1.489053535E1
1.582390538E2,-2.050050735E0,4.463212490E0,1.238525009E1
1.582591647E2,-2.703291416E0,5.431707382E0,1.013300610E1
1.582792756E2,-1.849651933E0,4.724628448E0,1.074855900E1
1.582993865E2,-7.274180651E-1,2.925225735E0,1.397348595E1
1.583194974E2,4.677968323E-1,1.700698733E0,1.588295841E1
1.583396083E2,1.340578914E0,1.729412556E0,1.314676571E1
1.583597192E2,1.113858938E0,2.343171597E0,9.639486313E0
1.583798301E2,-1.968096644E-1,2.996412039E0,8.184649467E0
1.583999410E2,-1.749751568E0,3.342175007E0,8.681160927E0
1.584200519E2,-2.231905222E0,3.198007345E0,9.354740143E0
1.584401628E2,-1.433898926E0,2.933002472E0,8.774480820E0
1.584602736E2,-6.963114142E-1,2.456830740E0,8.655437469E0
1.584803846E2,-4.444667995E-1,2.157129526E0,8.850452423E0
1.585004955E2,-8.895317912E-1,2.060818434E0,9.063413620E0
1.585206064E2,-1.051047325E0,2.148156643E0,8.272585869E0
1.585407172E2,-3.469592929E-1,1.859821439E0,7.391428947E0
1.585608281E2,-2.943171859E-1,1.993819475E0,6.925426960E0
1.585809391E2,-6.801598072E-1,2.269592285E0,6.421139717E0
1.586010500E2,-1.996810555E0,2.709273338E0,6.556932449E0
1.586211608E2,-2.216351986E0,2.824727058E0,7.125227451E0
1.586412717E2,-1.686341763E0,2.956930637E0,7.243672371E0
1.586613826E2,-8.805587292E-1,3.147160053E0,7.396812916E0
1.586814935E2,-5.425725579E-1,3.329014540E0,7.661220074E0
1.587016044E2,-1.170090318E0,3.643072367E0,7.989036560E0
1.587217153E2,-2.055434704E0,4.109074593E0,8.421539307E0
1.587418262E2,-2.294716835E0,4.156332970E0,9.446864128E0
1.587619371E2,-2.220539331E0,4.325026989E0,1.044826031E1
1.587820480E2,-7.884350419E-1,3.950550079E0,1.086640549E1
1.588021589E2,3.762713671E-1,3.247060299E0,1.195932770E1
1.588222698E2,5.383851007E-2,3.116053343E0,1.270648670E1
1.588423807E2,1.447657645E-1,3.561118364E0,1.037886810E1
1.588624916E2,6.759724021E-2,3.942175388E0,9.139984131E0
1.588826025E2,-8.315058798E-2,3.749552965E0,1.071924686E1
1.589027134E2,3.463610709E-1,2.804986238E0,1.322991657E1
1.589228243E2,7.465606928E-1,2.161915302E0,1.431087399E1
1.589429352E2,1.088136077E0,2.270788670E0,1.214058399E1
1.589630461E2,6.723831892E-1,2.702693224E0,9.381659508E0
1.589831570E2,-3.439682424E-1,3.159722328E0,8.589036942E0
1.590032679E2,-7.058826685E-1,2.996412039E0,8.773882866E0
1.590233788E2,-9.367900491E-1,2.845664263E0,9.370293617E0
1.590434896E2,-3.744767308E-1,2.395813704E0,9.539586067E0
1.590636006E2,-4.654040039E-1,2.282752752E0,9.218349457E0
1.590837115E2,-4.354937077E-1,2.452044964E0,8.002197266E0
1.591038223E2,-9.870393574E-2,2.166700840E0,7.823333740E0
1.591239332E2,-3.732803464E-1,2.278565407E0,8.083553314E0
1.591440442E2,1.310070455E-1,2.317448616E0,7.410571575E0
1.591641551E2,6.669993401E-1,2.365305185E0,7.493124008E0
1.591842659E2,5.425725579E-1,2.300100803E0,8.243273735E0
1.592043768E2,2.691925466E-1,2.486142635E0,8.028517723E0
1.592244877E2,5.862415582E-2,2.693720102E0,7.905287743E0
1.592445986E2,-2.536391914E-1,2.845664263E0,8.395217896E0
1.592647095E2,-7.657032460E-2,2.852842808E0,8.521439552E0
1.592848204E2,4.522434771E-1,2.892324448E0,8.149355888E0
1.593049314E2,8.237292171E-1,2.886940479E0,8.642276764E0
1.593250422E2,5.826523304E-1,3.239881754E0,8.544171333E0
1.593451531E2,1.585244983E-1,3.501895905E0,9.065806389E0
1.593652640E2,-2.907279432E-1,3.673580885E0,9.771689415E0
1.593853749E2,4.606183618E-2,3.856033802E0,9.404391289E0
1.594054858E2,-4.785645287E-3,3.836891174E0,9.281160355E0
1.594255967E2,-3.541377485E-1,3.841078520E0,8.563912392E0
1.594457076E2,-9.810572863E-1,3.693919897E0,8.666205406E0
1.594658185E2,-8.207381964E-1,3.263211966E0,9.488140106E0
1.594859294E2,4.935196638E-1,2.837289333E0,9.565308571E0
1.595060403E2,5.581258535E-1,3.366103172E0,7.256234646E0
1.595261512E2,-4.911268353E-1,3.939184189E0,8.265407562E0
1.595462621E2,-7.453642488E-1,4.144368649E0,8.907281876E0
1.595663730E2,-8.219345808E-1,4.389633179E0,8.886942863E0
1.595864839E2,-6.538388133E-1,4.230510235E0,9.452247620E0
1.596065948E2,-6.855437160E-1,4.092923164E0,9.596415520E0
1.596267057E2,-8.333004713E-1,4.176073551E0,9.265008926E0
1.596468166E2,-9.284151793E-1,4.351347923E0,9.278767586E0
1.596669275E2,-8.985049129E-1,4.503890514E0,9.822537422E0
1.596870384E2,-3.092723191E-1,3.970290899E0,9.026325226E0
1.597138541E2,-2.231307179E-1,4.320241451E0,7.721638680E0
1.597339649E2,-2.817548811E-1,4.304089546E0,8.685946465E0
1.597540758E2,-4.540380836E-1,4.189832687E0,9.101698875E0
1.597741866E2,-1.046859860E0,3.999004841E0,8.900103569E0
1.597942975E2,-1.080957651E0,4.167698860E0,8.818747520E0
1.598144083E2,-8.590233326E-1,4.446462631E0,8.437092781E0
1.598345192E2,-1.021735311E0,4.543970108E0,8.002795219E0
1.598546301E2,-1.555334687E0,4.575077057E0,8.271389961E0
1.598747409E2,-1.823330879E0,4.487140656E0,9.146564484E0
1.598948517E2,-1.730608940E0,4.411168575E0,9.713663101E0
1.599149626E2,-1.482951880E0,4.603790760E0,9.318249702E0
1.599350734E2,-1.609771490E0,4.722833633E0,9.162117958E0
1.599551843E2,-1.758126378E0,4.441078663E0,9.534201622E0
1.599752952E2,-1.582253933E0,4.165306091E0,1.012702370E1
1.599954060E2,-1.135992527E0,4.418945312E0,9.904491425E0
1.600155169E2,-8.769695163E-1,4.801198483E0,8.740981102E0
1.600356277E2,-1.153340459E0,4.599005222E0,9.274580956E0
1.600557386E2,-1.006780148E0,3.769293785E0,1.350808239E1
1.600758494E2,-9.655039310E-1,4.639683247E0,1.737727547E1
1.600959603E2,-9.631111026E-1,4.244867325E0,1.643629837E1
1.601160712E2,-3.655634880E0,5.630909920E0,1.310130215E1
1.601361820E2,-3.332603693E0,5.676971912E0,1.096869946E1
1.601562928E2,6.059823632E-1,4.585844517E0,1.242174053E1
1.601764037E2,8.991031051E-1,2.991028309E0,1.184267712E1
1.601965145E2,1.625324726E0,2.455035925E0,1.077248764E1
1.602166254E2,2.195414752E-1,2.343171597E0,1.035254669E1
1.602367363E2,-1.219741344E0,2.813959360E0,9.704689980E0
1.602568471E2,-1.250249863E0,2.742174864E0,1.026640511E1
1.602769580E2,-6.490531564E-1,2.189432621E0,1.035733318E1
1.602970688E2,1.411765367E-1,1.391426325E0,8.656036377E0
1.603171796E2,1.140179992E0,1.739582062E0,6.624529362E0
1.603372905E2,2.811566591E-1,3.015554667E0,6.415755749E0
1.603574014E2,-1.093519926E0,3.891926050E0,7.794021606E0
1.603775122E2,-1.824527264E0,2.998805046E0,9.464810371E0
1.603976231E2,-8.805587292E-1,1.817348838E0,8.789435387E0
1.604177339E2,2.877369225E-1,1.409970760E0,6.494719028E0
1.604378448E2,7.651050687E-1,1.681556106E0,4.947759151E0
1.604579556E2,1.008574724E0,1.649851203E0,6.576673031E0
1.604780665E2,7.884350419E-1,7.184450030E-1,9.423533440E0
1.604981774E2,7.184450030E-1,1.830509305E-1,1.085444164E1
1.605182882E2,3.511467278E-1,-7.537391037E-2,1.028853893E1
1.605383990E2,4.540380836E-1,3.128615618E-1,8.306683540E0
1.605585099E2,3.074777126E-1,1.094118118E0,7.017550468E0
1.605786207E2,-6.023930907E-1,1.733600020E0,7.051648140E0
1.605987316E2,-1.473978758E0,2.469991207E0,7.747959614E0
1.606188425E2,-2.164906263E0,2.913859844E0,8.453244209E0
1.606389533E2,-2.125424623E0,2.815155745E0,9.000003815E0
1.606590641E2,-1.872981906E0,2.906083107E0,9.167501450E0
1.606791750E2,-1.834696770E0,3.113660574E0,9.425926208E0
1.606992858E2,-1.673779488E0,3.216551781E0,1.014437199E1
1.607193967E2,-1.575075507E0,3.263810158E0,1.177208900E1
1.607395076E2,-1.858026743E0,3.296711445E0,1.281296730E1
1.607596184E2,-1.898106575E0,3.614358664E0,1.338365555E1
1.607797292E2,-3.187838078E0,4.097110748E0,1.304686546E1
1.607998401E2,-2.816352367E0,3.479762316E0,1.034177971E1
1.608199509E2,1.025324464E0,2.595016241E0,8.254639626E0
1.608400618E2,2.332403898E0,1.435693622E0,8.275577545E0
1.608601727E2,1.694716692E0,1.375872970E0,8.886942863E0
1.608802835E2,2.476571500E-1,2.127817631E0,9.243474007E0
1.609003943E2,-9.254241586E-1,3.082553864E0,8.987442017E0
1.609205052E2,-5.264210105E-1,3.528815269E0,9.345169067E0
1.609406161E2,6.484549642E-1,2.900699139E0,9.156135559E0
1.609607269E2,3.122633696E-1,1.940579176E0,8.315656662E0
1.609808378E2,-5.503492057E-2,2.088934183E0,7.907082558E0
1.610009486E2,-2.542374134E-1,2.596212626E0,8.937192917E0
1.610210594E2,-5.359922647E-1,2.492722988E0,1.106321526E1
1.610411703E2,-4.331009090E-1,2.413161755E0,1.059541893E1
1.610612812E2,-1.866401732E-1,2.242672920E0,9.675378799E0
1.610813920E2,7.280163169E-1,1.489532113E0,8.291728973E0
1.611015029E2,1.186241865E0,1.809572101E0,8.187641144E0
1.611216137E2,5.730810165E-1,2.012363911E0,8.834300995E0
1.611417245E2,1.375873089E-1,2.127817631E0,8.773882866E0
1.611618354E2,-1.049252748E0,2.373081923E0,8.948558807E0
1.611819463E2,-7.298108935E-1,2.632104874E0,9.111868858E0
1.612020571E2,1.441675574E-1,2.420340061E0,9.096913338E0
1.612221679E2,5.383850932E-1,2.450250387E0,8.746963501E0
1.612422788E2,2.117647976E-1,2.637488842E0,9.019744873E0
1.612623896E2,8.374879509E-2,3.007179976E0,9.592825890E0
1.612825005E2,6.364908218E-1,2.977269650E0,9.985847473E0
1.613026114E2,6.771687865E-1,3.040679455E0,9.524032593E0
1.613227222E2,-7.118647546E-2,3.330809116E0,9.047860146E0
1.613428330E2,1.998006850E-1,3.289532900E0,8.797212601E0
1.613629439E2,-6.191428304E-1,3.062813044E0,1.030588722E1
1.613830548E2,-1.617548108E0,3.701098442E0,9.529416084E0
1.614031656E2,-2.073979139E0,3.954139471E0,1.022931671E1
1.614232764E2,-1.890329868E-1,2.766103029E0,1.180020523E1
1.614433873E2,1.027119160E0,2.959921598E0,1.300379467E1
1.614634981E2,1.866401732E-1,2.818745136E0,1.201256752E1
1.614836090E2,4.546362907E-2,1.877767563E0,1.368455315E1
1.615037199E2,-5.413761139E-1,1.904686809E0,1.637109375E1
1.615238307E2,-1.099501967E0,2.497508526E0,1.521296787E1
1.615439415E2,-1.025922656E0,2.377269268E0,9.704092026E0
1.615640524E2,-2.171486616E-1,1.856830359E0,6.044270039E0
1.615841632E2,6.580262445E-3,1.684547186E0,7.485945702E0
1.616042741E2,-3.858426511E-1,1.938784599E0,1.145444202E1
1.616243849E2,-1.140179992E0,2.218146563E0,1.322692490E1
1.616444957E2,-5.228317380E-1,2.152343988E0,1.141017437E1
1.616646066E2,8.153542876E-1,1.713261008E0,9.437292099E0
1.616847175E2,6.053841114E-1,2.262413740E0,9.035896301E0
1.617048283E2,1.238285750E-1,2.468794823E0,9.367900848E0
1.617249392E2,2.356930375E-1,2.185245275E0,8.973683357E0
1.617450500E2,1.190429255E-1,1.863410592E0,7.241877556E0
1.617651608E2,1.208375469E-1,1.741974831E0,6.726224422E0
1.617852717E2,3.762713671E-1,1.666600943E0,7.109076023E0
1.618053826E2,2.883351147E-1,1.890329838E0,8.038089752E0
1.618254934E2,2.069791555E-1,2.018944025E0,8.875576973E0
1.618456042E2,-6.819544733E-2,2.131406784E0,8.392227173E0
1.618657151E2,-1.339980662E-1,2.242074728E0,6.731608391E0
1.618858259E2,-4.929214716E-1,2.507678032E0,5.916851997E0
1.619059368E2,-8.554341197E-1,2.951546669E0,6.427121639E0
1.619260476E2,-6.059823632E-1,3.203391314E0,6.919445038E0
1.619461584E2,-5.324030519E-1,3.499503136E0,7.494918823E0
1.619662693E2,-3.164508045E-1,3.617349625E0,7.962715626E0
1.619863802E2,-1.914258115E-2,3.705285788E0,7.868797302E0
1.620064910E2,6.640082598E-2,3.812364578E0,7.856235027E0
1.620266019E2,-1.615155302E-2,4.048057556E0,8.793622971E0
1.620467127E2,-4.247260094E-1,4.341776848E0,9.324830055E0
1.620668236E2,-8.213363886E-1,4.476971149E0,9.594620705E0
1.620869344E2,-9.714859724E-1,4.450650215E0,9.701101303E0
1.621070453E2,-1.216750264E0,4.469792843E0,1.036510944E1
1.621271561E2,-1.631905079E0,4.505684853E0,1.182652569E1
1.621472669E2,-1.348355532E0,4.342973232E0,1.265085316E1
1.621673778E2,2.201396823E-1,3.723232031E0,1.321914864E1
1.621874887E2,7.776673418E-3,3.101098061E0,1.124327564E1
1.622075995E2,-6.544370055E-1,2.402992249E0,9.514460564E0
1.622277103E2,-7.920243144E-1,1.332802176E0,1.193659592E1
1.622478212E2,-1.151545882E0,1.164706469E0,1.498265934E1
1.622679320E2,-1.600798368E0,1.254437327E0,1.359721470E1
1.622880429E2,-1.569691658E0,1.345962763E0,1.009292603E1
1.623081537E2,-8.111668825E-1,1.352542996E0,7.579265594E0
1.623282645E2,-2.793620527E-1,1.477568030E0,8.279764175E0
1.623483754E2,2.207378894E-1,1.695913076E0,1.003011417E1
1.623684863E2,4.277170599E-1,1.718644857E0,1.007916737E1
1.623885971E2,2.907279432E-1,1.641476393E0,9.399007797E0
1.624087079E2,6.041877344E-2,1.523629785E0,9.111868858E0
1.624288188E2,-1.495514214E-1,1.587039590E0,9.299705505E0
1.624489296E2,-4.193421602E-1,1.762313843E0,9.629914284E0
1.624690405E2,-5.461617708E-1,1.851446509E0,9.410971642E0
1.624891513E2,-6.173482537E-1,1.913659930E0,8.107481003E0
1.625092622E2,-4.199403822E-1,1.791625977E0,6.998407841E0
1.625293730E2,-4.061816335E-1,1.858624935E0,6.910471916E0
1.625494839E2,-4.971089065E-1,2.161317110E0,7.085147858E0
1.625695947E2,-5.060819983E-1,2.364706993E0,7.195217609E0
1.625897055E2,-6.047859192E-1,2.638685226E0,7.444669247E0
1.626098164E2,-4.863412082E-1,2.860021353E0,7.996813297E0
1.626299272E2,-7.621139884E-1,3.381656647E0,9.126823425E0
1.626500371E2,-1.224527001E0,4.085744858E0,1.013420200E1
1.626701479E2,-1.056431174E0,3.404388428E0,1.163390350E1
1.626902587E2,-2.671586514E0,4.676173687E0,1.236730385E1
1.627103696E2,-3.223132133E0,5.740381718E0,1.300738430E1
1.627304805E2,-6.023930907E-1,3.946960926E0,1.307498074E1
1.627505913E2,1.012163997E0,2.874378204E0,1.159920788E1
1.627707021E2,1.476371527E0,2.697309256E0,9.463015556E0
1.627908130E2,3.990031779E-1,2.806781054E0,1.061815071E1
1.628109238E2,-1.421934843E0,3.490530014E0,1.068096161E1
1.628310347E2,-1.736590981E0,3.951148272E0,9.777072906E0
1.628511455E2,-8.093722463E-1,2.726023197E0,1.045663452E1
1.628712564E2,-2.297109663E-1,1.482353687E0,1.211904812E1
1.628913672E2,-3.732803464E-1,1.261017561E0,1.286261845E1
1.629114781E2,-4.223332107E-1,1.533201098E0,1.251266766E1
1.629315889E2,-1.872383654E-1,1.805982947E0,1.047697353E1
1.629516997E2,-2.602194548E-1,2.094916344E0,7.092924595E0
1.629718106E2,-8.805587292E-1,2.621337175E0,6.159125328E0
1.629919214E2,-1.332203984E0,2.744567633E0,7.459026337E0
1.630120323E2,-7.938188910E-1,2.291725874E0,8.805587769E0
1.630321431E2,-5.090730190E-1,2.148156643E0,8.821739197E0
1.630522540E2,-5.048855543E-1,2.483151674E0,8.105687141E0
1.630723648E2,-1.974078715E-1,2.531008244E0,7.493124008E0
1.630924757E2,9.571290575E-3,2.740380049E0,7.124031067E0
1.631125865E2,-4.211367965E-1,2.803191662E0,7.186842918E0
1.631326973E2,-7.172485590E-1,2.790031195E0,7.433901787E0
1.631528082E2,-7.238288522E-1,2.513660192E0,7.745566845E0
1.631729191E2,-5.563312769E-1,2.503490686E0,8.787042618E0
1.631930299E2,-3.589234129E-2,2.428714991E0,1.016112137E1
1.632131407E2,-5.491527915E-1,2.243869543E0,9.564710617E0
1.632332516E2,-1.136590719E0,2.654836655E0,7.667201996E0
1.632533624E2,-2.278565407E0,3.412763357E0,6.593422890E0
1.632734733E2,-2.494517565E0,3.861417532E0,7.247859955E0
1.632935841E2,-1.946561217E0,3.454039574E0,7.893921852E0
1.633136949E2,-2.594418049E0,3.948157310E0,8.745766640E0
1.633338058E2,-2.648854733E0,4.348356724E0,1.102851963E1
1.633539167E2,-5.096712112E-1,3.720241070E0,1.212981606E1
1.633740275E2,1.406381488E0,2.581257343E0,1.130608654E1
1.633941383E2,1.016351461E0,3.113660574E0,1.122592735E1
1.634142492E2,-2.715853751E-1,4.097110748E0,1.083170986E1
1.634343600E2,-1.484148264E0,4.369294167E0,1.076411247E1
1.634544709E2,-1.332203984E0,3.826721668E0,1.139282703E1
1.634745817E2,-4.265206456E-1,2.690130949E0,1.191266727E1
1.634946925E2,-1.974078640E-2,1.881955028E0,1.357508087E1
1.635148034E2,-2.147558331E-1,1.992024899E0,1.330588818E1
1.635349143E2,-1.495514214E-1,2.246262312E0,9.937990189E0
1.635550251E2,1.076770201E-2,2.704487801E0,7.524828911E0
1.635751359E2,4.636093974E-1,2.950948477E0,7.478767395E0
1.635952468E2,6.287141442E-1,2.568695068E0,8.279764175E0
1.636153576E2,-6.520441920E-2,2.478366137E0,8.946166039E0
1.636354685E2,-9.954141974E-1,2.788236618E0,8.665607452E0
1.636555793E2,-7.758727670E-1,2.865405083E0,8.199604988E0
1.636756901E2,-4.211367965E-1,2.507678032E0,8.545966148E0
1.636958010E2,-3.056831062E-1,2.239083767E0,9.374481201E0
1.637159119E2,-7.477571070E-2,2.093121529E0,9.516854286E0
1.637360227E2,3.732803464E-1,2.084746838E0,8.959924698E0
1.637561335E2,5.886343718E-1,2.173879385E0,8.447860718E0
1.637762444E2,6.771687865E-1,2.158325911E0,8.352746010E0
1.637963552E2,4.528416991E-1,2.201396942E0,8.124231339E0
1.638164661E2,-1.016949583E-2,2.368894339E0,8.322834969E0
1.638365769E2,1.076770201E-2,2.732005358E0,8.698508263E0
1.638566877E2,6.077769399E-1,2.851048231E0,8.708678246E0
1.638767986E2,7.034898400E-1,2.766103029E0,9.261420250E0
1.638969095E2,2.201396823E-1,2.702095032E0,1.029631615E1
1.639170203E2,7.058826834E-2,2.545365095E0,1.062293625E1
1.639371311E2,1.555334684E-2,2.423929453E0,1.040578747E1
1.639572420E2,9.451649338E-2,2.286342144E0,1.018684387E1
1.639773529E2,-1.854437590E-1,2.340778828E0,9.915857315E0
1.639974637E2,-7.178468108E-1,2.822932482E0,9.666405678E0
1.640175745E2,-2.368296146E0,3.561716557E0,9.702297211E0
1.640376854E2,-3.787838221E0,4.000201225E0,1.037527943E1
1.640577962E2,-1.954337835E0,2.429313183E0,1.195872974E1
1.640779071E2,6.221339107E-1,3.625126183E-1,1.364806175E1
1.640980179E2,1.692921996E0,9.631111473E-2,1.378983688E1
1.641181287E2,1.118046403E0,7.896314859E-1,1.248395348E1
1.641382396E2,4.187439568E-3,1.560718536E0,1.043150997E1
1.641583504E2,-6.173482537E-1,1.977069736E0,9.229715347E0
1.641784613E2,-8.524430394E-1,2.098505497E0,8.899505615E0
1.641985721E2,-1.230509043E0,2.123630047E0,8.423334122E0
1.642186830E2,-1.971087694E0,2.306680918E0,7.852645874E0
1.642387938E2,-2.392224550E0,2.432304144E0,8.480163574E0
1.642589047E2,-1.643270969E0,2.160120726E0,9.805189133E0
1.642790155E2,-3.667000830E-1,1.513460279E0,9.878767967E0
1.642991263E2,3.296113312E-1,1.184447169E0,9.192625999E0
1.643192372E2,-2.177468538E-1,1.555334687E0,8.097311974E0
1.643393480E2,-1.180259824E0,2.542374134E0,7.695317745E0
1.643594589E2,-1.345962763E0,2.845664263E0,7.715656757E0
1.643795697E2,-2.823530734E-1,2.338385820E0,8.069195747E0
1.643996806E2,3.343969584E-1,1.894517303E0,8.282156944E0
1.644197914E2,5.204389244E-2,2.309672117E0,8.373085022E0
1.644399023E2,-6.101697683E-1,2.764308453E0,8.137989998E0
1.644600131E2,-1.114457130E0,3.005385160E0,8.462815285E0
1.644801239E2,-6.687939167E-1,2.753540754E0,9.338588715E0
1.645002348E2,-1.214357466E-1,2.438884497E0,1.028674412E1
1.645203456E2,-3.840480447E-1,2.676372051E0,1.078086281E1
1.645404565E2,-1.156331539E0,3.347558975E0,1.005344391E1
1.645605673E2,-1.292722464E0,3.637688637E0,9.304491043E0
1.645806782E2,-4.510470629E-1,3.258426189E0,1.000439167E1
1.646007890E2,9.888339639E-1,2.251047850E0,1.274836063E1
1.646208999E2,4.049852192E-1,1.968096614E0,1.274118233E1
1.646410107E2,-3.152543902E-1,2.542374134E0,1.015155029E1
1.646611216E2,5.258227587E-1,2.274976015E0,1.005823040E1
1.646812324E2,6.293123364E-1,1.773679733E0,1.240080357E1
1.647013433E2,-3.314059377E-1,2.223530531E0,1.457228947E1
1.647214541E2,-1.493719578E0,1.957927108E0,1.277647686E1
1.647415649E2,-1.752742529E-1,1.791027784E0,9.577870369E0
1.647616758E2,8.757730722E-1,1.268195987E0,9.350552559E0
1.647817867E2,7.262216806E-1,1.290927768E0,8.042277336E0
1.648018975E2,1.256231904E0,1.513460279E0,8.636295319E0
1.648220083E2,2.374876440E-1,1.520638824E0,1.086341476E1
1.648421192E2,-5.946164131E-1,1.656431437E0,1.111346436E1
1.648622300E2,5.575276613E-1,1.933998942E0,1.054816055E1
1.648823409E2,1.437488198E0,1.230509043E0,9.908080101E0
1.649024517E2,9.978070259E-1,1.377667665E0,9.270991325E0
1.649225625E2,-2.709871531E-1,2.333002090E0,8.086544037E0
1.649426734E2,-1.037288666E0,3.445066452E0,6.210571289E0
1.649627843E2,3.750749528E-1,3.682554007E0,6.093921185E0
1.649828951E2,1.442273855E0,3.058027267E0,7.539186001E0
1.650030059E2,1.134197950E0,2.606980324E0,9.099306107E0
1.650231168E2,1.251446247E0,2.318645239E0,9.190832138E0
1.650432276E2,1.434497118E0,2.704487801E0,8.426324844E0
1.650633385E2,6.747759581E-1,3.501895905E0,7.932805061E0
1.650834493E2,6.747759581E-1,3.442075491E0,9.134002686E0
1.651035602E2,1.354935765E0,3.348755360E0,9.164510727E0
1.651236710E2,1.548156261E0,3.089732170E0,8.757730484E0
1.651437819E2,1.643270969E0,3.420539856E0,8.761320114E0
1.651638927E2,1.808973908E0,3.162115097E0,9.282357216E0
1.651840036E2,-6.532405615E-1,4.512863636E0,9.495318413E0
1.652041144E2,-4.983053207E-1,4.200001717E0,9.252447128E0
1.652242252E2,8.021938205E-1,3.148954630E0,9.201001167E0
1.652443361E2,5.982056856E-1,2.928814888E0,1.089990520E1
1.652644469E2,-7.848458290E-1,3.833301783E0,1.080179977E1
1.652845578E2,-5.431707501E-1,3.872783422E0,8.500502586E0
1.653046686E2,-1.692921966E-1,3.153141975E0,8.455039024E0
1.653247795E2,-5.030909777E-1,2.399402857E0,1.122473145E1
1.653448904E2,-5.665007830E-1,2.056631088E0,1.234397411E1
1.653650012E2,-1.028913736E0,2.397608280E0,1.116072273E1
1.653851120E2,-1.511067510E0,2.753540754E0,9.604789734E0
1.654052229E2,-3.020938635E-1,2.727219582E0,8.173882484E0
1.654253337E2,1.119242787E0,2.102094650E0,7.429116249E0
1.654454446E2,1.563709617E0,1.770688772E0,6.533003807E0
1.654655554E2,-9.942178130E-1,2.638685226E0,7.981858253E0
1.654856662E2,-2.335993052E0,3.156731367E0,7.472784996E0
1.655057771E2,-8.500502706E-1,1.866999865E0,8.599804878E0
1.655258880E2,9.206385016E-1,1.728814393E-1,1.129053402E1
1.655459988E2,5.180460811E-1,2.739782035E-1,1.282253838E1
1.655661096E2,-1.210170031E0,1.520040631E0,1.103450203E1
1.655862205E2,-1.654038668E0,2.184647083E0,8.870791435E0
1.656063313E2,-1.092921734E0,1.877767563E0,8.202595711E0
1.656264422E2,-6.526423693E-1,1.627717614E0,9.014959335E0
1.656465531E2,-1.310070455E-1,1.307079315E0,9.951749802E0
1.656666639E2,-3.104687333E-1,1.516451359E0,9.338588715E0
1.656867747E2,-6.496513486E-1,1.886142492E0,8.226524353E0
1.657068856E2,-5.551348329E-1,2.000998020E0,7.096513748E0
1.657269964E2,-1.036690354E0,2.438884497E0,6.355337143E0
1.657471073E2,-1.567298889E0,2.886342287E0,6.175277233E0
1.657672181E2,-2.041077614E0,3.093321562E0,7.239484787E0
1.657873290E2,-1.613360643E0,2.563311338E0,9.704689980E0
1.658074398E2,-1.609771490E0,2.425724030E0,1.108534908E1
1.658275507E2,-1.740778446E0,2.876770973E0,1.046201897E1
1.658476616E2,-1.536790371E0,3.199802160E0,1.019402313E1
1.658677724E2,-1.424925923E0,3.274577856E0,1.056072235E1
1.658878832E2,-1.216152072E0,3.115455151E0,1.140120125E1
1.659079941E2,-1.333998680E0,3.165704250E0,1.173619652E1
1.659281049E2,-1.897508383E0,3.297309637E0,1.186600780E1
1.659482158E2,-2.299502611E0,3.319443226E0,1.162732315E1
1.659683266E2,-1.342373490E0,2.939582586E0,1.184925747E1
1.659884375E2,-3.852444589E-1,2.383849621E0,1.194497108E1
1.660085483E2,-4.175475538E-1,2.142772675E0,1.168235874E1
1.660286592E2,-1.161117196E0,1.785045743E0,1.241635704E1
1.660487700E2,-1.106680512E0,1.320239902E0,1.286321640E1
1.660688809E2,5.503492355E-1,7.345965505E-1,1.229731369E1
1.660889917E2,1.345364571E0,5.180460811E-1,1.133958626E1
1.661091025E2,1.339980662E-1,8.392825127E-1,1.215673542E1
1.661292134E2,-2.288734913E0,1.428515077E0,1.271725368E1
1.661493243E2,-3.132802963E0,1.444068432E0,1.146640587E1
1.661694351E2,-2.734398127E0,1.117448211E0,1.034357452E1
1.661895460E2,-2.277369022E0,1.294517040E0,9.705886841E0
1.662096568E2,-1.770090580E0,1.409372568E0,8.708678246E0
1.662297676E2,-1.122233868E0,1.429113269E0,7.907082558E0
1.662498785E2,-9.248259664E-1,1.499701619E0,6.941578388E0
1.662699894E2,-7.328019142E-1,1.648654819E0,6.238687038E0
1.662901002E2,-4.803591371E-1,1.763510346E0,5.928816319E0
1.663102111E2,-3.541377485E-1,2.032104731E0,5.888138294E0
1.663303219E2,-9.661021233E-1,2.338984251E0,7.433303356E0
1.663504327E2,-1.004985452E0,2.047059774E0,8.754739761E0
1.663705436E2,-4.313062727E-1,1.776072621E0,8.985049248E0
1.663906545E2,-3.224328458E-1,2.071586132E0,7.588238716E0
1.664107653E2,-6.705885530E-1,2.525624275E0,6.455237389E0
1.664308762E2,-1.825723648E0,3.013760090E0,6.955935478E0
1.664509870E2,-3.003590584E0,3.299702406E0,9.109476089E0
1.664710979E2,-2.438286304E0,2.723630428E0,1.154118156E1
1.664912087E2,-5.820540786E-1,1.913659930E0,1.022154045E1
1.665113196E2,2.937189937E-1,1.984248161E0,8.940183640E0
1.665314305E2,-5.443671346E-2,2.392822742E0,8.839685440E0
1.665515413E2,-1.080359459E0,2.807379246E0,9.355937004E0
1.665716521E2,-1.455434322E0,2.543570518E0,1.192343521E1
1.665917630E2,-2.970091105E0,2.726621389E0,1.517528152E1
1.666118738E2,-5.690730572E0,3.849453449E0,1.510110378E1
1.666319847E2,-4.329812527E0,3.851846218E0,1.118883896E1
1.666520956E2,-1.283151150E0,2.152343988E0,8.581858635E0
1.666722064E2,-9.044869542E-1,1.630708575E0,1.119841003E1
1.666923172E2,-1.164706469E0,1.529611826E0,1.354756355E1
1.667124281E2,-6.251249313E-1,1.527817249E0,1.182293701E1
1.667325389E2,-1.166501045E-1,1.677368641E0,8.776873589E0
1.667526498E2,-3.038884699E-1,2.106880426E0,6.231508255E0
1.667727607E2,-8.883354068E-1,2.629113913E0,6.406782627E0
1.667928715E2,-1.396211982E0,2.361117840E0,8.594420433E0
1.668129823E2,-1.095314622E0,1.735992789E0,1.011266708E1
1.668330932E2,-2.805584669E-1,1.345962763E0,1.011685371E1
1.668532041E2,-3.050848842E-2,1.487737536E0,9.532406807E0
1.668733149E2,-4.869394004E-1,1.850848317E0,8.691329956E0
1.668934258E2,-1.463809252E0,2.404786825E0,8.554939270E0
1.669135366E2,-1.822134495E0,2.658426046E0,7.938787460E0
1.669336475E2,-8.877372146E-1,2.397608280E0,6.917650223E0
1.669537583E2,-4.785645381E-2,2.121835470E0,6.911668301E0
1.669738692E2,-8.434699476E-2,2.228316069E0,7.917252064E0
1.669939800E2,-8.476574421E-1,2.663211584E0,8.698508263E0
1.670140909E2,-1.362114310E0,3.227917671E0,8.590232849E0
1.670342018E2,-1.053440213E0,3.333201885E0,7.572087288E0
1.670543126E2,-6.951149702E-1,3.202194929E0,7.735397339E0
1.670744234E2,-1.146162033E0,3.259622574E0,9.818349838E0
1.670945343E2,-1.545165181E0,3.656831264E0,1.183250809E1
1.671146451E2,-2.207378864E0,4.122833252E0,1.211486149E1
1.671347560E2,-1.677966833E0,3.997210264E0,1.047577763E1
1.671548669E2,1.698904037E-1,3.186641455E0,9.714859962E0
1.671749777E2,1.294517040E0,2.804986238E0,1.008754253E1
1.671950886E2,9.044869542E-1,2.863610506E0,1.057268715E1
1.672151994E2,-7.567301393E-1,3.189632654E0,1.179541969E1
1.672353102E2,-2.169692039E0,3.071786165E0,1.348116302E1
1.672554211E2,-2.324028969E0,2.568096876E0,1.299362469E1
1.672755320E2,-1.454237938E0,2.090728760E0,1.116610718E1
1.672956429E2,-1.301097274E0,2.246860504E0,9.043673515E0
1.673157537E2,-1.472782373E0,2.371885538E0,7.826922894E0
1.673358645E2,-9.768698215E-1,2.081755638E0,7.791628838E0
1.673559754E2,-1.339980662E-1,1.904686809E0,7.532605648E0
1.673760862E2,4.175475538E-1,1.911865234E0,7.301100254E0
1.673961971E2,2.745763958E-1,2.079362869E0,7.901100159E0
1.674163080E2,-7.268198729E-1,2.258226395E0,9.672985077E0
1.674364188E2,-1.646261930E0,2.401197433E0,1.113500023E1
1.674565297E2,-1.596012712E0,2.344367981E0,1.139880848E1
1.674766405E2,-7.914260626E-1,2.078764677E0,1.017547798E1
1.674967514E2,-4.384847581E-1,2.209173441E0,9.355937004E0
1.675168622E2,-5.910272002E-1,2.707478762E0,8.330014229E0
1.675369731E2,-6.675975323E-1,3.275774240E0,6.839285374E0
1.675570839E2,-2.392822653E-1,3.492922783E0,6.239883423E0
1.675771948E2,3.499503136E-1,3.543172121E0,5.754738331E0
1.675973057E2,5.072783828E-1,3.473181963E0,6.351747513E0
1.676174165E2,2.871387079E-2,2.892324448E0,8.541180611E0
1.676375274E2,-4.486542344E-1,3.041875839E0,9.824930191E0
1.676576382E2,-1.152742267E0,3.439682484E0,9.547960281E0
1.676777491E2,-1.907079697E0,3.398406267E0,1.065523911E1
1.676978599E2,-1.246062398E0,2.861217737E0,1.086461163E1
1.677179708E2,5.467599630E-1,1.962114573E0,1.025324535E1
1.677380817E2,1.274178028E0,1.535593987E0,9.330811501E0
1.677581925E2,6.251249313E-1,2.167897224E0,9.918250084E0
1.677783034E2,-8.093722463E-1,2.711666346E0,9.601201057E0
1.677984142E2,-2.559721947E0,3.270988464E0,9.382855415E0
1.678185250E2,-5.096712112E0,3.706482172E0,1.163928795E1
1.678386359E2,-5.103292465E0,2.758924484E0,1.388614845E1
1.678587468E2,-1.282552958E0,4.875376225E-1,1.436052513E1
1.678788576E2,1.266401410E0,-3.577269912E-1,1.260778236E1
1.678989685E2,7.226324677E-1,8.045865893E-1,9.750154495E0
1.679190794E2,-2.913261652E-1,2.002792597E0,8.450253487E0
1.679391902E2,-1.036690354E0,2.519642353E0,8.086544037E0
1.679593011E2,-1.479362607E0,2.431705952E0,8.678768158E0
1.679794119E2,-3.401995659E0,2.515454769E0,1.132642555E1
1.679995228E2,-4.205984116E0,2.596212626E0,1.290329647E1
1.680196336E2,-1.805384636E0,1.588235974E0,1.112303638E1
1.680397445E2,6.580262631E-2,9.337990284E-1,9.008976936E0
1.680598554E2,3.942175210E-1,1.248455167E0,8.039883614E0
1.680799662E2,-1.046859920E-1,1.979462504E0,7.527820110E0
1.681000771E2,-7.597211748E-2,2.243869543E0,7.430910587E0
1.681201879E2,-1.328016520E-1,2.459821701E0,7.996214867E0
1.681402988E2,-8.482556343E-1,2.866601467E0,8.943174362E0
1.681604096E2,-1.316052437E0,3.302693367E0,9.410971642E0
1.681805205E2,1.842473447E-1,3.017947674E0,8.536395073E0
1.682006313E2,2.402992249E0,2.313859463E0,6.678966045E0
1.682207422E2,1.664208174E0,2.742174864E0,6.999604225E0
1.682408531E2,-1.979462504E0,4.223331928E0,9.349356651E0
1.682609639E2,-3.230310678E0,4.666004181E0,1.082871914E1
1.682810748E2,-1.012762189E0,3.409173965E0,1.060199928E1
1.683011857E2,5.970092416E-1,2.247458696E0,1.014496994E1
1.683212965E2,7.345965505E-1,2.398206472E0,1.084008503E1
1.683414073E2,-1.328016520E-1,3.133401155E0,1.103091240E1
1.683615182E2,-2.751746178E-1,3.372683525E0,1.045902824E1
1.683816291E2,1.345962733E-1,2.891726255E0,9.456435204E0
1.684017399E2,-1.008574724E0,2.767897606E0,1.010788059E1
1.684218508E2,-2.073979139E0,2.721835852E0,1.352184105E1
1.684419617E2,-9.714859724E-1,2.078764677E0,1.440359592E1
1.684620725E2,1.021735311E0,1.578066587E0,1.140897846E1
1.684821834E2,2.013560295E0,1.562513232E0,8.617152214E0
1.685022942E2,1.470987678E0,2.170888424E0,8.078168869E0
1.685224051E2,2.333002165E-2,2.790629387E0,8.700303078E0
1.685425159E2,-1.016949654E0,3.206980467E0,8.599804878E0
1.685626268E2,-9.822536707E-1,2.962912560E0,8.157731056E0
1.685827376E2,-9.750752449E-1,2.772683144E0,8.438288689E0
1.686028485E2,-1.000798106E0,2.923431158E0,8.884550095E0
1.686229594E2,-5.820540786E-1,2.760120869E0,9.312865257E0
1.686430702E2,1.387837082E-1,2.244467735E0,8.910273552E0
1.686631811E2,2.662015259E-1,2.139183521E0,8.187641144E0
1.686832920E2,-1.884347796E-1,2.364706993E0,7.717451096E0
1.687034028E2,-4.600201547E-1,2.920439959E0,6.909873486E0
1.687235137E2,-4.636093974E-1,3.424129248E0,6.324230194E0
1.687436245E2,5.922235921E-2,3.637688637E0,6.034100533E0
1.687637354E2,3.900300860E-1,3.669991732E0,7.188637257E0
1.687838462E2,-3.122633696E-1,3.939782381E0,9.431908607E0
1.688039571E2,-3.619144261E-1,3.882952929E0,1.153400326E1
1.688240680E2,3.296113312E-1,3.406183004E0,1.170808125E1
1.688441788E2,2.087737769E-1,3.250051260E0,1.117567825E1
1.688642897E2,-4.779663086E-1,3.366103172E0,1.191326618E1
1.688844006E2,-9.421738982E-1,3.714258909E0,1.222552872E1
1.689045114E2,-1.569691658E0,4.040879250E0,1.015813065E1
1.689246223E2,-2.039881229E0,4.490131855E0,8.115856171E0
1.689447332E2,-2.160718918E0,4.105485439E0,8.579465866E0
1.689648440E2,-3.042474031E0,3.347558975E0,1.060259724E1
1.689849549E2,-2.463410854E0,2.148156643E0,1.302054405E1
1.690050657E2,-1.120439172E0,1.639083505E0,1.374856091E1
1.690251766E2,-6.574280262E-1,1.865205288E0,1.136949635E1
1.690452874E2,-9.463613629E-1,2.520838737E0,8.732007980E0
1.690653983E2,-1.120439172E0,2.982653379E0,7.739584923E0
1.690855092E2,-1.104287624E0,2.757129908E0,7.624729156E0
1.691056200E2,-1.625324726E0,2.728415966E0,7.110272408E0
1.691257309E2,-1.950748682E0,2.767897606E0,6.957131863E0
1.691458418E2,-7.752745152E-1,2.155334949E0,8.272585869E0
1.691659526E2,9.002995491E-1,1.220339537E0,1.033938694E1
1.691860635E2,1.752742529E-1,8.494520187E-1,1.009412193E1
1.692061743E2,-1.191625714E0,1.787438512E0,8.158926964E0
1.692262852E2,-6.185446382E-1,2.527418852E0,7.257431030E0
1.692463960E2,-5.186443329E-1,2.635694027E0,7.087540627E0
1.692665069E2,-6.352944374E-1,2.824727058E0,6.316453457E0
1.692866178E2,-6.945167780E-1,3.189034462E0,5.882754326E0
1.693067286E2,-1.030110121E0,3.856033802E0,6.316453457E0
1.693268395E2,-8.530412912E-1,4.156930923E0,7.275377274E0
1.693469504E2,-3.020938635E-1,3.731008768E0,8.405387878E0
1.693670612E2,-1.250249892E-1,3.413959742E0,9.371489525E0
1.693871721E2,-5.425725579E-1,3.641875982E0,1.013001442E1
1.694072830E2,-1.168295622E0,4.168895245E0,1.012642574E1
1.694273938E2,-1.552343726E0,4.495515347E0,1.040698433E1
1.694475047E2,-1.442273855E0,4.372285366E0,1.233380413E1
1.694676156E2,-1.331605792E0,4.237090588E0,1.434556961E1
1.694877264E2,-1.386640668E0,4.953142643E0,1.022512913E1
1.695078373E2,-2.662015259E-1,5.678766251E0,6.963712215E0
1.695279481E2,-2.428714931E-1,4.936393261E0,8.608778000E0
1.695480590E2,-1.340578914E0,4.421338081E0,1.062712383E1
1.695681698E2,-1.670190215E0,3.787240028E0,1.174337578E1
1.695882807E2,-4.851447940E-1,2.979064226E0,1.260419369E1
1.696083916E2,6.681957245E-1,2.292922258E0,1.201256752E1
1.696285024E2,7.710871100E-1,2.462214470E0,1.018205833E1
1.696486133E2,-2.033899277E-1,3.169891834E0,8.239086151E0
1.696687242E2,-1.407577872E0,3.900899172E0,7.619943619E0
1.696888350E2,-1.671386600E0,3.973282099E0,7.567301750E0
1.697089459E2,-1.211366415E0,3.525824070E0,8.742177963E0
1.697290568E2,-9.236295223E-1,3.202194929E0,9.774680138E0
1.697491676E2,-9.008977413E-1,3.264408350E0,8.945567131E0
1.697692785E2,-6.472585201E-1,3.526422262E0,7.233502865E0
1.697893894E2,-2.273181453E-2,3.235096216E0,6.815357208E0
1.698095002E2,5.623133108E-2,3.068794966E0,6.908677101E0
1.698296111E2,-1.160518974E-1,3.041277647E0,7.463213921E0
1.698497219E2,-5.048855543E-1,2.932404041E0,8.077570915E0
1.698698328E2,-7.890332937E-1,3.224926710E0,7.690532207E0
1.698899437E2,-7.956135273E-1,3.811766386E0,6.381658077E0
1.699100545E2,-6.412764788E-1,4.456034184E0,5.352146149E0
1.699301654E2,-3.194418252E-1,4.792225361E0,5.909075737E0
1.699502762E2,-1.010967568E-1,4.496711731E0,8.118846893E0
1.699703871E2,-8.913264424E-2,4.197608948E0,9.719645500E0
1.699904980E2,-4.977070987E-1,4.378865242E0,1.006540871E1
1.700106088E2,-1.015154958E0,4.681557655E0,1.000199890E1
1.700307197E2,-1.054038405E0,4.642673969E0,1.032024384E1
1.700508306E2,-8.165507317E-1,4.336392879E0,1.070608711E1
1.700709414E2,-1.980060786E-1,4.103092670E0,1.104467106E1
1.700910523E2,6.532405615E-1,4.168296814E0,1.097228813E1
1.701111632E2,4.875376225E-1,4.296313286E0,1.032323551E1
1.701312741E2,-3.780659735E-1,4.682754040E0,9.906884193E0
1.701513849E2,-1.495514154E0,4.599603176E0,1.122413254E1
1.701714958E2,-1.788634896E0,3.695116282E0,1.400339603E1
1.701916066E2,-1.698904037E0,2.800798893E0,1.527757454E1
1.702117175E2,-1.936391711E0,2.843869686E0,1.297926807E1
1.702318284E2,-2.140978098E0,3.384647608E0,1.036092186E1
1.702519392E2,-2.167299032E0,3.278167009E0,9.420542717E0
1.702720501E2,-2.014756680E0,3.095116138E0,8.902496338E0
1.702921609E2,-1.953739643E0,3.242274761E0,7.838288784E0
1.703122718E2,-2.045863390E0,3.474378586E0,6.856035233E0
1.703323827E2,-2.342573404E0,3.506681681E0,7.061219692E0
1.703524935E2,-2.333002090E0,2.971287489E0,8.297112465E0
1.703726044E2,-1.828116536E0,2.339582443E0,9.189635277E0
1.703927153E2,-1.503889084E0,2.291725874E0,8.562715530E0
1.704128261E2,-1.408774376E0,2.769093990E0,6.704689026E0
1.704329370E2,-1.040279627E0,2.877369165E0,6.190830231E0
1.704530479E2,-8.650053740E-1,2.459223509E0,7.172485828E0
1.704731587E2,-5.036891699E-1,1.942971945E0,8.266604424E0
1.704932696E2,-4.420739710E-1,2.033301115E0,7.476374149E0
1.705133805E2,-6.807580590E-1,2.425724030E0,6.664609432E0
1.705334913E2,-1.427916884E0,2.855235577E0,7.320242882E0
1.705536022E2,-2.203191519E0,3.195614576E0,8.279764175E0
1.705737131E2,-2.392224550E0,3.662214994E0,8.381459236E0
1.705938239E2,-2.624926329E0,4.048655987E0,8.073383331E0
1.706139348E2,-2.732005358E0,3.960719585E0,9.600603104E0
1.706340457E2,-2.747558594E0,3.675973892E0,1.127677536E1
1.706541566E2,-2.498106956E0,3.693321705E0,1.115115166E1
1.706742674E2,-2.838485956E0,4.298107624E0,9.658030510E0
1.706943783E2,-3.231507063E0,4.557130814E0,9.576674461E0
1.707144891E2,-3.451048374E0,4.244269371E0,1.051645565E1
1.707346000E2,-3.130410194E0,3.674179077E0,1.123849010E1
1.707547109E2,-2.078166485E0,3.552743435E0,1.105125141E1
1.707748217E2,-8.919246197E-1,3.448057413E0,9.682557106E0
1.707949326E2,-8.374879509E-2,3.332603693E0,9.708877563E0
1.708150435E2,-1.310070455E-1,2.829512835E0,1.135035419E1
1.708351543E2,-9.565308690E-1,2.388036966E0,1.282313633E1
1.708552652E2,-1.712662816E0,2.273779631E0,1.296610737E1
1.708753760E2,-2.234298229E0,2.382055044E0,1.222253799E1
1.708954869E2,-2.227119684E0,2.444268227E0,1.081555843E1
1.709155978E2,-1.691725612E0,2.203191519E0,1.026461124E1
1.709357086E2,-1.331007600E0,2.131406784E0,9.786046028E0
1.709558195E2,-1.188634634E0,2.166102648E0,8.847461700E0
1.709759304E2,-1.200000525E0,2.434697151E0,7.939983845E0
1.709960412E2,-1.482951880E0,2.556730986E0,7.873582840E0
1.710161521E2,-1.424925923E0,2.452044964E0,8.228319168E0
1.710362630E2,-8.877372146E-1,2.408375978E0,7.867600918E0
1.710563738E2,-6.179464459E-1,2.480758905E0,7.489534855E0
1.710764847E2,-9.385846853E-1,2.804986238E0,6.945167542E0
1.710965956E2,-8.267202377E-1,2.897109985E0,6.544369698E0
1.711167064E2,-4.019941986E-1,2.672782898E0,6.468996048E0
1.711368173E2,6.101697683E-2,2.489133835E0,7.052246571E0
1.711569282E2,3.577269912E-1,2.301297188E0,7.647460938E0
1.711770391E2,3.613162339E-1,2.355135679E0,7.613961697E0
1.711971499E2,1.423729509E-1,2.710469961E0,7.403991699E0
1.712172608E2,-4.743770957E-1,3.269792080E0,7.449455261E0
1.712373717E2,-1.038485050E0,3.714857101E0,8.748159409E0
1.712574825E2,-1.211366415E0,3.580859184E0,9.714262009E0
1.712775934E2,-6.269195080E-1,3.108874798E0,1.097169018E1
1.712977043E2,-1.292124242E-1,2.744567633E0,1.190728378E1
1.713178151E2,-2.991028363E-3,3.063411236E0,1.146700478E1
1.713379260E2,-4.498506486E-1,3.424727440E0,1.106919765E1
1.713580369E2,-1.465603828E0,3.942175388E0,1.024606609E1
1.713781477E2,-8.045865893E-1,3.832105398E0,9.995418549E0
1.713982586E2,3.780659735E-1,2.974876642E0,1.117089272E1
1.714183695E2,8.428717852E-1,2.702095032E0,1.197009563E1
1.714384804E2,-4.067798555E-1,2.955136061E0,1.118644619E1
1.714585912E2,-2.536391973E0,3.885345697E0,1.038784122E1
1.714787021E2,-3.239283562E0,4.095315933E0,1.029033375E1
1.714988130E2,-2.922234535E0,3.429512978E0,1.121695423E1
1.715189238E2,-2.483749866E0,2.722434044E0,1.250788212E1
1.715390347E2,-1.996212244E0,2.266601324E0,1.269452190E1
1.715591456E2,-1.738983870E0,2.411965132E0,1.151127148E1
1.715792564E2,-1.073779106E0,2.541177750E0,9.713663101E0
1.715993673E2,-3.762713671E-1,2.630908489E0,8.014759064E0
1.716194782E2,-6.023930907E-1,2.727817774E0,7.970492363E0
1.716395890E2,-1.398604870E0,2.831307411E0,9.538987160E0
1.716596999E2,-2.343171597E0,3.264408350E0,9.309874535E0
1.716798108E2,-2.849253654E0,4.019941807E0,7.789236069E0
1.716999216E2,-2.499303341E0,4.204189301E0,6.833303452E0
1.717200325E2,-1.642074585E0,3.601796389E0,7.099504948E0
1.717401434E2,-7.992027402E-1,2.800798893E0,8.274978638E0
1.717602542E2,-7.226324677E-1,2.377269268E0,9.232108116E0
1.717803651E2,-8.769695163E-1,2.514258385E0,8.887541771E0
1.718004760E2,-1.058824062E0,2.673979282E0,8.319246292E0
1.718205868E2,-1.078564763E0,2.898306370E0,6.768098831E0
1.718406977E2,-1.414756417E0,3.000599623E0,6.926623344E0
1.718608086E2,-2.184048891E0,3.084946632E0,7.821538925E0
1.718809194E2,-2.375474691E0,3.155534744E0,8.171489716E0
1.719010303E2,-1.536790371E0,2.750549555E0,8.222934723E0
1.719211412E2,-6.975077987E-1,2.271985054E0,8.938388824E0
1.719412521E2,-7.794619799E-1,2.476571321E0,8.789435387E0
1.719613629E2,-9.768698215E-1,2.994617462E0,7.846663475E0
1.719814738E2,-1.189232826E0,3.295515060E0,7.922635555E0
1.720015847E2,-1.981257200E0,3.626920938E0,9.643673897E0
1.720216955E2,-1.724626899E0,3.525225878E0,1.050808048E1
1.720418064E2,-1.777269006E0,3.551547050E0,1.019222832E1
1.720619173E2,-1.998605132E0,4.007379532E0,9.876974106E0
1.720820281E2,-1.752144337E0,4.210769653E0,9.230911255E0
1.721021390E2,-1.103689432E0,4.263411522E0,9.224330902E0
1.721222499E2,-1.579262912E-1,3.239283562E0,1.126062298E1
1.721423607E2,-2.273181453E-2,2.257628202E0,1.326102352E1
1.721624716E2,-2.231307179E-1,2.207977057E0,1.249711418E1
1.721825825E2,-8.871390224E-1,2.557927370E0,1.093460083E1
1.722026933E2,-1.575673699E0,2.797209740E0,1.026999474E1
1.722228042E2,-1.663011789E0,2.782852650E0,9.876974106E0
1.722429151E2,-1.342971683E0,2.500499725E0,9.285347939E0
1.722630260E2,-1.092323542E0,2.355135679E0,9.173483849E0
1.722831368E2,-1.250848055E0,2.457428932E0,9.463015556E0
1.723032477E2,-1.180858016E0,2.578864574E0,9.668199539E0
1.723233586E2,-5.599204898E-1,2.197209358E0,9.887143135E0
1.723434694E2,-6.520441920E-2,1.941775560E0,8.685946465E0
1.723635803E2,-2.338984162E-1,2.280958176E0,7.794619560E0
1.723836912E2,-6.035895348E-1,2.562114954E0,7.809575081E0
1.724038021E2,-8.590233326E-1,2.673381090E0,7.908278942E0
1.724239129E2,-1.021137118E0,2.772683144E0,7.812565804E0
1.724440238E2,-8.165507317E-1,2.607578516E0,7.969295979E0
1.724641347E2,-7.339983582E-1,2.431705952E0,8.663812637E0
1.724842455E2,-7.196413875E-1,2.512463808E0,8.799605370E0
1.725043564E2,-5.605186820E-1,2.642872572E0,8.445467949E0
1.725244673E2,-5.551348329E-1,2.900699139E0,8.219346046E0
1.725445782E2,-4.319044948E-1,3.097508907E0,7.929215908E0
1.725646890E2,-7.477570772E-1,3.366103172E0,8.062616348E0
1.725847999E2,-9.619147182E-1,3.342773199E0,8.566305161E0
1.726049108E2,-1.010369420E0,3.153141975E0,9.059226990E0
1.726250216E2,-1.171884894E0,3.041277647E0,9.071190834E0
1.726451325E2,-1.282552958E0,3.119642496E0,8.866005898E0
1.726652434E2,-1.220339537E0,3.107678413E0,9.148359299E0
1.726853542E2,-9.595218897E-1,2.891128063E0,9.604789734E0
1.727054651E2,-1.457827210E0,3.351148129E0,9.425926208E0
1.727255760E2,-2.059023857E0,3.756731510E0,8.666803360E0
1.727456869E2,-2.459821701E0,4.307080746E0,7.953742504E0
1.727657977E2,-2.242074728E0,4.063013077E0,9.463015556E0
1.727859086E2,-1.837687731E0,3.128615618E0,1.152562809E1
1.728060195E2,-1.639681697E0,2.781058073E0,1.176969624E1
1.728261304E2,-1.472184181E0,2.882154942E0,1.073958588E1
1.728462412E2,-1.412961721E0,3.209373474E0,9.297910690E0
1.728663521E2,-1.639083505E0,3.591626883E0,8.303692818E0
1.728864630E2,-1.910668850E0,3.644867182E0,8.416753769E0
1.729065738E2,-2.161915302E0,3.593421459E0,8.532805443E0
1.729266847E2,-2.242074728E0,3.410968781E0,8.295317650E0
1.729467956E2,-1.947757602E0,3.133999348E0,9.264410973E0
1.729669064E2,-1.438684583E0,2.728415966E0,9.995418549E0
1.729870173E2,-1.615155339E0,3.057429075E0,8.083553314E0
1.730071282E2,-2.392822742E0,3.430709362E0,7.900502205E0
1.730272391E2,-2.199602127E0,2.964707375E0,9.339186668E0
1.730473499E2,-2.200200319E0,3.058027267E0,9.735198975E0
1.730674608E2,-1.975873351E0,3.321835995E0,9.104091644E0
1.730875717E2,-1.554736495E0,3.422334671E0,8.329415321E0
1.731255314E2,-3.804588020E-1,4.462016106E0,7.361518860E0
1.731456422E2,-5.509474277E-1,4.395017147E0,8.489734650E0
1.731657530E2,-1.280160099E-1,4.591826439E0,8.957531929E0
1.731858638E2,4.462614357E-1,4.313062668E0,9.820143700E0
1.732059746E2,-1.130608693E-1,4.782654285E0,9.566504478E0
1.732260854E2,-6.903293133E-1,5.141577721E0,8.541778564E0
1.732461962E2,-1.222134113E0,5.167300701E0,8.556734085E0
1.732663070E2,-1.508076429E0,5.064409256E0,9.150154114E0
1.732864178E2,-8.715856671E-1,4.656432629E0,9.236893654E0
1.733065286E2,-2.751746029E-2,4.245465755E0,8.913264275E0
1.733266394E2,-1.016949639E-1,4.228715897E0,8.803792953E0
1.733467502E2,-6.963114142E-1,4.468596458E0,8.920442581E0
1.733668610E2,-5.264210105E-1,4.415356159E0,8.522636414E0
1.733869718E2,-2.781656384E-1,4.257429600E0,7.942376614E0
1.734070826E2,-4.241278172E-1,4.350749969E0,8.148757935E0
1.734271934E2,-4.522434771E-1,4.594817638E0,8.480163574E0
1.734473042E2,-2.428714931E-1,4.673780918E0,8.635098457E0
1.734674150E2,-2.650051117E-1,4.758726120E0,9.227322578E0
1.734875258E2,-5.611169338E-1,5.050650597E0,9.538987160E0
1.735076366E2,-6.364908218E-1,5.124229908E0,9.452247620E0
1.735277474E2,-3.583251834E-1,5.052444935E0,9.675378799E0
1.735478582E2,-3.433700502E-1,4.948955536E0,1.123250771E1
1.735679690E2,-3.918247223E-1,4.922634602E0,1.170090294E1
1.735880798E2,-5.156532526E-1,5.110470772E0,1.079103184E1
1.736081906E2,-8.985049129E-1,5.010570526E0,1.140718365E1
1.736283014E2,-1.029511929E0,4.569094658E0,1.247797203E1
1.736484122E2,-1.394417405E0,4.135993958E0,1.192881870E1
1.736685230E2,-1.726421595E0,4.063013077E0,1.099023438E1
1.736886338E2,-2.008774519E0,3.934996843E0,1.074377346E1
1.737087446E2,-1.667797327E0,3.399004459E0,1.031007481E1
1.737288554E2,-1.719841242E0,3.020938635E0,9.971489906E0
1.737489662E2,-1.259222865E0,2.287538528E0,1.144128132E1
1.737690770E2,-4.199403822E-1,1.361516118E0,1.385384464E1
1.737891878E2,-1.005583763E0,1.315454245E0,1.470210075E1
1.738092986E2,-2.560320139E0,2.117049932E0,1.307438278E1
1.738294094E2,-3.281157970E0,2.795415163E0,9.850054741E0
1.738495202E2,-2.711666346E0,3.031108141E0,6.838088989E0
1.738696310E2,-2.185843468E0,3.082553864E0,5.955735683E0
1.738897418E2,-2.486142635E0,3.218346357E0,7.484150887E0
1.739098526E2,-2.163709879E0,2.940778971E0,8.907281876E0
1.739299634E2,-1.295713425E0,2.361716032E0,8.937192917E0
1.739500742E2,-7.956135273E-1,2.021935225E0,8.382656097E0
1.739701850E2,-1.312463164E0,2.347957134E0,7.588837147E0
1.739902958E2,-2.036292076E0,2.803789854E0,7.205985546E0
1.740104066E2,-1.910668850E0,2.701496840E0,7.609176159E0
1.740305174E2,-1.268794179E0,2.251646042E0,8.249854088E0
1.740506282E2,-7.854440212E-1,1.910668850E0,8.237890244E0
1.740707390E2,-9.403793216E-1,2.230708838E0,7.207779884E0
1.740908498E2,-1.162313581E0,2.766103029E0,6.320641041E0
1.741109606E2,-9.098708034E-1,2.964108944E0,6.375676155E0
1.741310714E2,-7.950153351E-1,3.159124136E0,6.568298340E0
1.741511822E2,-8.051848412E-1,3.259024382E0,7.383652687E0
1.741712930E2,-1.378265858E0,3.572484255E0,8.822935104E0
1.741914037E2,-1.466202021E0,4.094717979E0,1.007617569E1
1.742115146E2,-4.187439755E-2,3.481556892E0,1.135394382E1
1.742316254E2,7.986045480E-1,2.758326292E0,1.145384407E1
1.742517361E2,5.982056856E-1,3.181855917E0,9.970891953E0
1.742718470E2,-4.725824669E-2,3.542573929E0,1.049252701E1
1.742919578E2,2.644068897E-1,3.613760471E0,1.126899815E1
1.743120685E2,1.225125194E0,3.111865759E0,1.042672443E1
1.743321794E2,1.551147223E0,2.717648268E0,1.025145054E1
1.743522902E2,1.398006678E0,2.309672117E0,1.206401348E1
1.743724009E2,1.437488198E0,1.865205288E0,1.324188042E1
1.743925118E2,1.233500123E0,2.205584288E0,1.132881927E1
1.744126225E2,6.951149702E-1,2.940180779E0,8.606385231E0
1.744327333E2,-5.868397355E-1,3.417548895E0,8.548956871E0
1.744528441E2,-1.132403374E0,3.280559778E0,1.004746246E1
1.744729549E2,-5.036891699E-1,2.361716032E0,1.201555920E1
1.744930657E2,-7.417750359E-2,1.807179332E0,1.209392357E1
1.745131765E2,-1.920240223E-1,2.257030010E0,9.863214493E0
1.745332873E2,-8.374879137E-3,2.526820660E0,7.323233604E0
1.745533981E2,-8.793623000E-2,2.810370207E0,5.444269657E0
1.745735089E2,-9.990034252E-2,2.892922640E0,5.334797859E0
1.745936197E2,1.423729509E-1,2.338385820E0,7.332206726E0
1.746137305E2,6.939185858E-1,1.895713687E0,8.776873589E0
1.746338413E2,1.128215909E0,1.609173179E0,9.351150513E0
1.746539521E2,4.803591371E-1,1.994417667E0,8.984451294E0
1.746740629E2,3.499503136E-1,2.308475733E0,7.440482140E0
1.746941737E2,8.243274093E-1,2.221735716E0,6.506682873E0
1.747142845E2,8.512466550E-1,2.328216314E0,6.556334019E0
1.747343953E2,4.666004330E-2,2.731407166E0,6.833901405E0
1.747545061E2,-1.166501045E-1,3.058027267E0,7.368099213E0
1.747746169E2,7.064808607E-1,2.805584431E0,8.092526436E0
1.747947277E2,1.440479279E0,2.785245657E0,8.966505051E0
1.748148385E2,1.892722726E0,3.022733212E0,8.928817749E0
1.748349493E2,1.647458434E0,3.430111170E0,8.498109818E0
1.748550600E2,6.221339107E-1,3.941577196E0,8.905488014E0
1.748751708E2,-3.834498227E-1,4.202394962E0,1.031725311E1
1.748952817E2,8.733802289E-2,3.468396425E0,1.319821167E1
1.749153924E2,3.966103494E-1,2.982055187E0,1.457348633E1
1.749355032E2,-1.226321608E-1,3.724428415E0,1.245942783E1
1.749556140E2,-6.783652306E-1,4.491926193E0,1.031844902E1
1.749757248E2,-9.008977413E-1,4.673780918E0,9.987641335E0
1.749958356E2,-9.158528447E-1,4.237090588E0,1.174277687E1
1.750159464E2,-4.594219327E-1,3.376870871E0,1.259163094E1
1.750360572E2,-1.129412293E0,2.987439156E0,1.256650639E1
1.750561680E2,-2.846860647E0,3.381058455E0,1.270050430E1
1.750762788E2,-2.734996319E0,2.976671457E0,1.313240910E1
1.750963896E2,-1.345364571E0,2.120040894E0,1.293859005E1
1.751165004E2,7.178467698E-3,1.439282775E0,1.244686508E1
1.751366112E2,-6.101697683E-2,1.737189293E0,1.061456108E1
1.751567220E2,-1.034895778E0,2.211566210E0,9.195617676E0
1.751768328E2,-2.216950178E0,2.659622431E0,8.630910873E0
1.751969435E2,-2.432304144E0,2.451446772E0,8.854042053E0
1.752170544E2,-1.695913076E0,2.043470621E0,8.547162056E0
1.752371652E2,-6.669993401E-1,1.713261008E0,8.059624672E0
1.752572759E2,-1.152742267E0,1.906481385E0,7.737192154E0
1.752773867E2,-1.898106575E0,2.148156643E0,7.310073376E0
1.752974975E2,-2.231307030E0,2.191825628E0,6.661019802E0
1.753176083E2,-2.172084808E0,1.981855392E0,6.821339130E0
1.753377191E2,-1.207179070E0,1.509871125E0,8.196015358E0
1.753578299E2,-3.122633696E-1,1.445264935E0,9.040083885E0
1.753779407E2,3.110669367E-2,1.686939955E0,7.948358536E0
1.753980515E2,-1.441675574E-1,2.000998020E0,6.598208427E0
1.754181623E2,-1.544566989E0,2.526820660E0,7.034300327E0
1.754382731E2,-3.334996462E0,3.333201885E0,8.023732185E0
1.754583838E2,-3.185445070E0,3.685544968E0,7.896314621E0
1.754784947E2,1.220339537E-1,2.646461725E0,6.990033150E0
1.754986055E2,1.190429211E0,2.365903378E0,8.114660263E0
1.755187162E2,-7.274180651E-1,3.597608805E0,8.767900467E0
1.755388270E2,-1.557727575E0,4.635495663E0,7.308278561E0
1.755589379E2,-9.852447510E-1,5.140979290E0,6.109474182E0
1.755790486E2,-2.709871531E-1,4.887938499E0,7.648059368E0
1.755991594E2,-2.775674164E-1,4.502095699E0,1.098544884E1
1.756192702E2,-1.092921734E0,4.405186653E0,1.427019596E1
1.756393810E2,-1.129412293E0,4.165904045E0,1.430788326E1
1.756594918E2,-1.025324464E0,4.425525665E0,1.217946720E1
1.756796026E2,-1.456630826E0,4.377668858E0,1.188036442E1
1.756997134E2,-1.101296663E0,3.507279873E0,1.373540020E1
1.757198242E2,-5.910272002E-1,2.548954248E0,1.407039547E1
1.757399350E2,-5.186443329E-1,2.321636200E0,1.198923779E1
1.757600458E2,-2.847459018E-1,2.711068153E0,1.010189915E1
1.757801566E2,5.515456200E-1,1.991426587E0,1.128634644E1
1.758002673E2,6.819544435E-1,2.291127741E-1,1.367498112E1
1.758203781E2,-1.752742529E-1,-8.315058947E-1,1.477268887E1
1.758404890E2,-1.179661512E0,-1.884347796E-1,1.298525047E1
1.758605997E2,-1.191027522E0,5.246263742E-1,9.376873970E0
1.758807105E2,-2.176870346E0,1.097109199E0,8.158329010E0
1.759008213E2,-3.427718401E0,1.930409670E0,8.647661209E0
1.759209321E2,-2.606980324E0,1.277767301E0,8.621339798E0
1.759410429E2,-1.670190215E0,8.297112584E-1,7.509275436E0
1.759611537E2,-1.413560033E0,9.667003751E-1,6.287141323E0
1.759812645E2,-1.500299811E0,1.106680512E0,6.958328247E0
1.760013753E2,-1.890928149E0,1.317248821E0,8.100302696E0
1.760214860E2,-2.076371908E0,1.286740422E0,7.672585964E0
1.760415969E2,-2.527418852E0,1.564307809E0,6.308676720E0
1.760617077E2,-2.655434847E0,1.745564103E0,6.314659119E0
1.760818184E2,-2.350350142E0,1.704287887E0,6.951747894E0
1.761019292E2,-2.070987940E0,1.604387641E0,7.406384468E0
1.761220400E2,-2.164308071E0,1.635494232E0,7.728219032E0
1.761421508E2,-2.781656265E0,1.941775560E0,8.052446365E0
1.761622616E2,-3.720839262E0,2.609971285E0,7.440482140E0
1.761823724E2,-4.359124660E0,3.086741209E0,7.216753006E0
1.762024832E2,-3.836292982E0,2.816352367E0,7.862815380E0
1.762225940E2,-3.281157970E0,2.359921217E0,9.607182503E0
1.762427048E2,-2.939582586E0,2.242672920E0,1.047697353E1
1.762628156E2,-2.182852507E0,2.493919373E0,1.118106174E1
1.762829263E2,-1.116251707E0,2.371287346E0,1.135095215E1
1.763030371E2,-6.861419082E-1,2.332403898E0,1.045663452E1
1.763231479E2,-1.231107235E0,2.959323406E0,9.755537987E0
1.763432587E2,-1.730010748E0,2.734398127E0,1.055294609E1
1.763633695E2,-2.863610506E0,2.153540373E0,1.345005608E1
1.763834803E2,-3.940380573E0,1.537986755E0,1.753281021E1
1.764035911E2,-3.328416348E0,1.211964726E0,1.866820335E1
1.764237019E2,-1.578066587E0,1.530808330E0,1.421336651E1
1.764438127E2,-9.236295223E-1,2.160718918E0,9.332606316E0
1.764639235E2,-1.142572761E0,2.566900492E0,7.033103943E0
1.764840343E2,-2.360519648E0,2.565704107E0,7.842476368E0
1.765041450E2,-3.345764160E0,2.446063042E0,8.889934540E0
1.765242558E2,-3.573082447E0,2.100898266E0,9.119047165E0
1.765443666E2,-3.112463951E0,1.856232166E0,8.488538742E0
1.765644774E2,-2.733201742E0,1.685743570E0,8.004590034E0
1.765845882E2,-2.200200319E0,1.548156261E0,7.349554539E0
1.766046990E2,-1.599601984E0,1.258624673E0,7.179066181E0
1.766248098E2,-1.281356573E0,1.198205948E0,7.079763889E0
1.766449206E2,-1.110269666E0,1.106680512E0,7.310671329E0
1.766650313E2,-8.129615188E-1,1.066600680E0,7.113861561E0
1.766851422E2,-9.613165259E-1,1.335195065E0,6.114858150E0
1.767052530E2,-1.763510346E0,1.878365755E0,6.259026051E0
1.767253637E2,-2.494517565E0,2.290529490E0,7.159325123E0
1.767454745E2,-1.813161373E0,2.231307030E0,9.424730301E0
1.767655853E2,-1.694716692E0,2.035095692E0,1.114875889E1
1.767856961E2,-2.501696110E0,2.904288530E0,1.086102200E1
1.768058069E2,-3.541975737E0,4.177868366E0,9.553942680E0
1.768259177E2,-3.725026608E0,4.591826439E0,8.983852386E0
1.768460285E2,-3.000001431E0,3.911068678E0,1.132164001E1
1.768661393E2,-1.928016901E0,2.956332445E0,1.414457321E1
1.768862500E2,-2.187039852E0,2.531008244E0,1.582732582E1
1.769063609E2,-2.555534601E0,2.354537487E0,1.560120392E1
1.769264717E2,-2.971287489E0,1.905285001E0,1.457587910E1
1.769465824E2,-3.217748165E0,1.960319996E0,1.287518024E1
1.769666932E2,-3.338585854E0,2.027318954E0,1.135334492E1
1.769868040E2,-2.609373093E0,1.965703845E0,8.669196129E0
1.770069148E2,-2.354537487E0,2.142174482E0,6.400202274E0
1.770270256E2,-2.864208698E0,2.384447813E0,5.976672649E0
1.770471364E2,-2.679363251E0,2.060220242E0,7.222734928E0
1.770672472E2,-2.146960020E0,1.597807288E0,8.539385796E0
1.770873580E2,-1.721635938E0,1.552941918E0,8.489136696E0
1.771074687E2,-1.443470240E0,1.670788407E0,7.694719315E0
1.771275795E2,-1.047458172E0,1.808375716E0,6.994220734E0
1.771476903E2,-2.943171859E-1,1.688136339E0,8.326424599E0
1.771678011E2,-4.785645381E-2,1.272981644E0,9.174081802E0
1.771879119E2,1.932204217E-1,1.240080357E0,7.086942673E0
1.772080227E2,3.080759048E-1,1.744367719E0,4.226921082E0
1.772281335E2,-4.881358147E-1,3.029313564E0,4.183850288E0
1.772482443E2,-1.298704505E0,3.149552822E0,7.473383427E0
1.772683550E2,-1.378265858E0,2.691925526E0,1.050987530E1
1.772884659E2,-1.146162033E0,2.225923300E0,1.008754253E1
1.773085767E2,-1.066600680E0,2.416750908E0,8.410173416E0
1.773286874E2,-2.124228239E0,3.431307554E0,8.854042053E0
1.773487982E2,-3.500101328E0,4.376472473E0,1.138504982E1
1.773689090E2,-2.392224550E0,3.900899172E0,1.291765308E1
1.773890198E2,-5.138586760E-1,3.000599623E0,1.368754387E1
1.774091306E2,1.974078715E-1,2.697907448E0,1.321017551E1
1.774292414E2,-4.935196638E-1,3.180061340E0,1.097827053E1
1.774493522E2,-2.140379906E0,3.818346739E0,1.140538883E1
1.774694630E2,-2.529811859E0,2.976073265E0,1.417448330E1
1.774895737E2,-1.660618901E0,1.673181176E0,1.553181171E1
1.775096845E2,-8.303094506E-1,1.380060434E0,1.320538998E1
1.775297954E2,-4.277170599E-1,1.741376638E0,9.753743172E0
1.775499061E2,-1.371685624E0,2.288136721E0,7.837690353E0
1.775700169E2,-1.865205288E0,2.359323025E0,7.299903870E0
1.775901277E2,-2.450848579E0,2.169093609E0,6.836892605E0
1.776102385E2,-2.471187592E0,2.251047850E0,5.742176056E0
1.776303493E2,-1.360319614E0,1.771885157E0,4.418346882E0
1.776504600E2,-1.082752228E0,1.630110383E0,4.258625984E0
1.776705709E2,-4.445266247E0,2.914458036E0,6.509075642E0
1.776906817E2,-6.147161484E0,3.413361549E0,9.751350403E0
1.777107924E2,-3.336193085E0,1.910668850E0,9.509675026E0
1.777309032E2,-5.808576941E-1,1.037886858E0,8.252246857E0
1.777510140E2,-2.865405083E-1,1.291526079E0,7.281957626E0
1.777711248E2,-1.360917926E0,2.171486616E0,7.148557663E0
1.777912356E2,-2.237289190E0,2.507678032E0,7.755736351E0
1.778113464E2,-1.546959877E0,2.102094650E0,8.545966148E0
1.778314572E2,-1.013360381E0,2.011167526E0,9.204590797E0
1.778515680E2,-1.515254974E0,2.678166628E0,9.544969559E0
1.778716787E2,-8.644071817E-1,2.665604353E0,1.041057301E1
1.778917895E2,-2.566302419E-1,2.592623234E0,1.194138145E1
1.779119003E2,-4.402793646E-1,3.163909674E0,1.163809109E1
1.779320111E2,-1.190429211E0,3.886542082E0,1.113500023E1
1.779521219E2,-7.621139884E-1,3.878765583E0,1.037707329E1
1.779722327E2,5.670989752E-1,3.776472330E0,9.559925079E0
1.779923435E2,5.144568682E-1,3.830909014E0,1.064806080E1
1.780124543E2,-1.194616675E0,3.761517286E0,1.139581776E1
1.780325650E2,-2.934198856E0,3.606581926E0,9.997811317E0
1.780526759E2,-3.180659533E0,2.440080881E0,1.062831974E1
1.780727867E2,-2.724228621E0,1.926222205E0,1.276690483E1
1.780928974E2,-1.931007862E0,1.688136339E0,1.317129230E1
1.781130082E2,-1.188634634E0,1.914258122E0,1.077787113E1
1.781331190E2,-7.064808607E-1,2.330011129E0,7.479963779E0
1.781532298E2,-1.141974568E0,2.477767944E0,6.021538258E0
1.781733406E2,-1.851446509E0,2.011167526E0,5.231308460E0
1.781934514E2,-1.811366796E0,1.245464206E0,5.080560684E0
1.782135622E2,-2.024327993E0,1.473380566E0,7.104290485E0
1.782336730E2,-1.779661894E0,1.971087694E0,9.406186104E0
1.782537837E2,-1.162313581E0,1.874776483E0,1.030887794E1
1.782738945E2,-4.989035130E-1,1.957927108E0,9.399007797E0
1.782940054E2,1.310070455E-1,1.764706731E0,8.895915985E0
1.783141161E2,-6.963114142E-1,2.162513494E0,9.010173798E0
1.783342269E2,-1.820339799E0,2.587239504E0,9.276374817E0
1.783543377E2,-1.616949916E0,2.447857618E0,8.260622025E0
1.783744485E2,-1.581057549E0,2.528615236E0,7.888537884E0
1.783945593E2,-1.406381488E0,2.262413740E0,8.612964630E0
1.784146700E2,-1.570888042E0,2.400599241E0,9.434301376E0
1.784347809E2,-1.294517040E0,2.634497643E0,9.776474953E0
1.784548917E2,3.529413417E-2,2.586641312E0,9.090931892E0
1.784750024E2,3.954139352E-1,2.805584431E0,8.949754715E0
1.784951132E2,-9.571290761E-2,3.096312523E0,9.941579819E0
1.785152240E2,-8.703892231E-1,3.470789194E0,9.199805260E0
1.785353348E2,-1.375872970E0,3.333800077E0,1.003609657E1
1.785554456E2,-1.707877159E0,2.760120869E0,1.393639755E1
1.785755564E2,-2.675773859E0,1.916650891E0,1.649851227E1
1.785956672E2,-3.052643538E0,1.813161373E0,1.555394554E1
1.786157780E2,-2.166700840E0,1.772483349E0,1.365105343E1
1.786358887E2,-5.042873621E-1,1.522433400E0,1.109910774E1
1.786559995E2,2.620140910E-1,1.685145378E0,9.422935486E0
1.786761104E2,-7.615157962E-1,2.088335991E0,9.477372169E0
1.786962211E2,-1.750947952E0,1.865205288E0,9.433703423E0
1.787163319E2,-2.685345173E0,1.603191137E0,9.980463028E0
1.787364427E2,-3.276372433E0,1.519442320E0,1.086999512E1
1.787565535E2,-2.649452925E0,1.649851203E0,9.138189316E0
1.787766643E2,-1.688136339E0,1.865803480E0,7.319046497E0
1.787967750E2,-7.842476368E-1,1.462014675E0,8.229515076E0
1.788168859E2,3.948157281E-2,6.023930907E-1,9.416355133E0
1.788369967E2,-1.264008522E0,6.059823632E-1,9.610174179E0
1.788571074E2,-3.952943087E0,1.594816327E0,9.209974289E0
1.788772182E2,-4.786841869E0,2.404188633E0,7.414160728E0
1.788973290E2,-3.125026464E0,2.029711723E0,6.328417778E0
1.789174398E2,-1.809572101E0,1.435095429E0,6.887141705E0
1.789375506E2,-1.205982566E0,1.209571838E0,8.450851440E0
1.789576614E2,-8.542376757E-1,1.132403374E0,9.444471359E0
1.789777722E2,-6.233302951E-1,1.390828133E0,8.060222626E0
1.789978830E2,-6.161518097E-1,1.735992789E0,6.794419765E0
1.790179937E2,-9.427721500E-1,2.118844509E0,6.297909260E0
1.790381045E2,-1.392622828E0,2.337787628E0,8.011768341E0
1.790582153E2,-1.570289850E0,2.190030813E0,1.051466084E1
1.790783261E2,-7.914260626E-1,1.630708575E0,1.102074242E1
1.790984369E2,-8.691928387E-1,1.524826288E0,1.061456108E1
1.791185477E2,-1.951346874E0,2.178066730E0,1.138325596E1
1.791386585E2,-1.943570137E0,2.241476536E0,1.380838108E1
1.791587693E2,-1.655833244E0,1.729412556E0,1.466680622E1
1.791788800E2,-1.750349760E0,1.796411633E0,1.280698490E1
1.791989908E2,-1.966302037E0,2.102692842E0,1.087478065E1
1.792191017E2,-2.489133835E0,2.368296146E0,1.020060253E1
1.792392124E2,-2.700898647E0,2.352742910E0,9.840482712E0
1.792593232E2,-2.105684042E0,1.529013634E0,1.099501991E1
1.792794340E2,-1.827518344E0,8.697910309E-1,1.259701443E1
1.792995448E2,-2.335394859E0,1.094716311E0,1.201675510E1
1.793196556E2,-2.959921598E0,1.640878081E0,1.015035343E1
1.793397664E2,-3.404388428E0,2.127817631E0,8.709276199E0
1.793598772E2,-3.341576815E0,2.120040894E0,8.331210136E0
1.793799880E2,-2.827718258E0,1.775474429E0,9.109476089E0
1.794000987E2,-2.207378864E0,1.709073544E0,9.703494072E0
1.794202095E2,-1.397408366E0,1.609173179E0,9.167501450E0
1.794403203E2,-7.178468108E-1,1.556531072E0,8.321041107E0
1.794604311E2,-8.673982322E-2,1.171286702E0,9.005986214E0
1.794805419E2,4.725824669E-2,9.361918569E-1,8.714061737E0
1.795006527E2,1.351944804E-1,1.216152072E0,7.667799950E0
1.795207635E2,-3.661018610E-1,1.467996716E0,7.590033531E0
1.795408743E2,-1.225125194E0,1.508674622E0,8.590232849E0
1.795609850E2,-1.836491346E0,1.734198213E0,9.155537605E0
1.795810959E2,-1.588834286E0,1.472184181E0,9.120243073E0
1.796012067E2,-6.490531564E-1,1.185045362E0,8.634500504E0
1.796213174E2,-1.399801224E-1,1.205384374E0,9.242876053E0
1.796414282E2,-4.331009090E-1,1.868196249E0,1.018804073E1
1.796615390E2,-7.363911867E-1,2.210369825E0,9.716055870E0
1.796816498E2,-2.817548811E-1,1.817947030E0,8.336593628E0
1.797017606E2,-1.089930773E0,1.695314884E0,8.154141426E0
1.797218714E2,-2.917448997E0,2.179263115E0,1.080299568E1
1.797419822E2,-3.571886063E0,1.792224169E0,1.369472218E1
1.797620930E2,-2.378465652E0,7.609176040E-1,1.497727489E1
1.797822037E2,-6.311069727E-1,5.096712112E-1,1.164347458E1
1.798023145E2,-4.540380836E-1,1.337587833E0,7.409375191E0
1.798224253E2,-2.011765718E0,2.611765862E0,5.691328526E0
1.798425361E2,-2.844467878E0,2.461616278E0,6.860820770E0
1.798626469E2,-2.647060156E0,1.816750646E0,8.834898949E0
1.798827577E2,-2.269592285E0,1.456630826E0,1.048475075E1
1.799028685E2,-2.646461725E0,2.094317913E0,1.038963604E1
1.799229793E2,-1.500299811E0,1.788036704E0,1.104227829E1
1.799430900E2,-8.374879509E-2,8.111668825E-1,1.159801102E1
1.799632009E2,-9.774680734E-1,1.321436286E0,9.674181938E0
1.799833117E2,-2.481955290E0,2.742174864E0,6.707680225E0
1.800034224E2,-2.663809776E0,3.363710403E0,5.313860893E0
1.800235332E2,-1.091725349E0,2.481357098E0,6.197410583E0
1.800436440E2,1.028913707E-1,1.771885157E0,7.523632526E0
1.800637548E2,8.554340899E-2,1.998006940E0,8.238488197E0
1.800838656E2,-1.159322619E0,2.523829699E0,9.759127617E0
1.801039764E2,-2.246860504E0,3.139981508E0,1.004746246E1
1.801240872E2,-2.230110645E0,3.063411236E0,1.012223816E1
1.801441980E2,-1.975275040E0,2.687139750E0,1.129950714E1
1.801643087E2,-1.430309772E0,2.334198475E0,1.252044487E1
1.801844195E2,-9.343972206E-1,2.244467735E0,1.180259800E1
1.802045304E2,-5.934200287E-1,2.237887383E0,9.898509026E0
1.802246411E2,-2.691925466E-1,1.895115495E0,1.005942631E1
1.802447519E2,-4.935196638E-1,1.054636598E0,1.232064342E1
1.802648627E2,-8.925228715E-1,8.542376757E-1,1.321555901E1
1.802849735E2,-7.537391186E-1,1.088136077E0,1.108534908E1
1.803050843E2,-2.793620527E-1,1.294517040E0,9.698110580E0
1.803251950E2,-6.065805554E-1,1.298106313E0,1.009531879E1
1.803453059E2,-1.664208174E0,1.284945726E0,1.137787151E1
1.803654167E2,-2.383849621E0,1.380060434E0,1.122293663E1
1.803855274E2,-2.569293261E0,1.797009826E0,9.871589661E0
1.804056382E2,-2.340180635E0,2.185245275E0,8.714659691E0
1.804257490E2,-1.064806104E0,1.813759565E0,8.291728973E0
1.804458598E2,1.483550072E-1,1.192223907E0,8.691927910E0
1.804659706E2,1.220339537E-1,1.116850019E0,9.062217712E0
1.804860814E2,-4.947160780E-1,1.647458434E0,7.701898098E0
1.805061922E2,-4.546363056E-1,2.042872429E0,6.859025955E0
1.805263030E2,2.189432681E-1,1.627119422E0,7.976474285E0
1.805464137E2,-2.111666054E-1,1.409372568E0,9.988240242E0
1.805665246E2,-1.070788145E0,1.569093466E0,1.069053364E1
1.805866354E2,-2.056631088E0,2.132603168E0,9.661619186E0
1.806067461E2,-2.269592285E0,2.582453728E0,8.252246857E0
1.806268569E2,-9.726824164E-1,2.258226395E0,8.008178711E0
1.806469677E2,4.277170599E-1,1.591825247E0,9.405587196E0
1.806670785E2,1.500898004E0,1.444666624E0,1.037049294E1
1.806871893E2,1.310070395E0,1.674377680E0,1.089571762E1
1.807073001E2,2.973082066E-1,2.002194405E0,1.059960651E1
1.807274109E2,-5.653043389E-1,2.657827854E0,9.383454323E0
1.807475217E2,-1.755733609E0,3.192025423E0,1.029930687E1
1.807676324E2,-2.508276224E0,2.502294302E0,1.420319748E1
1.807877432E2,-2.261217356E0,1.409372568E0,1.668754578E1
1.808078541E2,-1.380658627E0,7.890332937E-1,1.512981796E1
1.808279648E2,-1.313061476E0,1.057627559E0,1.032203865E1
1.808480756E2,-2.516052961E0,1.945963025E0,7.859225750E0
1.808681864E2,-3.297907829E0,2.005783558E0,7.964509964E0
1.808882972E2,-3.353540897E0,1.756929994E0,8.127820015E0
1.809084080E2,-2.837289333E0,1.575673699E0,8.044670105E0
1.809285188E2,-2.367697954E0,1.661815286E0,7.616354465E0
1.809486296E2,-1.920240164E0,1.542772412E0,7.953742504E0
1.809687404E2,-1.452443361E0,1.182652593E0,8.690134048E0
1.809888511E2,-1.067198873E0,9.978070259E-1,9.433703423E0
1.810089619E2,-1.147956610E0,1.062413216E0,9.164510727E0
1.810290728E2,-1.202991605E0,1.512263894E0,6.940980434E0
1.810491835E2,-1.483550072E0,1.997408748E0,5.532804012E0
1.810692943E2,-1.100698471E0,1.933400750E0,5.424529076E0
1.810894051E2,-8.632107973E-1,1.658226132E0,6.099903107E0
1.811095159E2,-8.997012973E-1,1.443470240E0,7.749754429E0
1.811296267E2,-1.311864972E0,1.708475351E0,8.045268059E0
1.811497375E2,-1.688136339E0,2.236092806E0,7.085746288E0
1.811698483E2,-1.427916884E0,2.456232548E0,7.630711555E0
1.811899591E2,-6.089733839E-1,2.650649309E0,1.064566803E1
1.812100698E2,-5.940182209E-1,3.326621771E0,1.088674450E1
1.812301806E2,-4.037888348E-1,3.571886063E0,8.659027100E0
1.812502915E2,2.835494876E-1,3.285943747E0,8.520841599E0
1.812704022E2,6.251249313E-1,2.810370207E0,1.052841949E1
1.812905130E2,7.716853023E-1,2.409572363E0,1.297149181E1
1.813106238E2,-5.018945336E-1,2.880958557E0,1.365404415E1
1.813307346E2,-2.113460541E0,3.270390272E0,1.515195084E1
1.813508454E2,-2.690130949E0,2.434098721E0,1.657867241E1
1.813709562E2,-2.453839540E0,1.875374794E0,1.582433414E1
1.813910670E2,-2.300100803E0,2.234298229E0,1.222253799E1
1.814111778E2,-1.951346874E0,2.810370207E0,8.707481384E0
1.814312885E2,-1.283749342E0,2.925225735E0,6.492326260E0
1.814513993E2,-1.020538807E0,2.394617319E0,7.176673412E0
1.814715102E2,-1.263410330E0,1.698305845E0,8.839086533E0
1.814916209E2,-1.092323542E0,1.641476393E0,8.894720078E0
1.815117317E2,-1.374676585E0,2.112264156E0,8.733204842E0
1.815318425E2,-1.230509043E0,2.081755638E0,9.144171715E0
1.815519533E2,-5.922235921E-2,1.044467092E0,1.044945621E1
1.815720641E2,5.503492355E-1,8.093722463E-1,9.256634712E0
1.815921749E2,7.716853023E-1,1.129412293E0,7.420143127E0
1.816122857E2,4.037888348E-1,1.735394597E0,7.204789162E0
1.816323965E2,3.690928817E-1,2.050648928E0,7.564908981E0
1.816525072E2,5.377869010E-1,1.850250125E0,7.678567886E0
1.816726180E2,3.936193287E-1,2.002194405E0,7.596015453E0
1.816927288E2,3.170489892E-2,1.931007862E0,8.827122688E0
1.817128396E2,-1.150349498E0,2.218744755E0,9.791430473E0
1.817329504E2,-1.175474167E0,1.727019787E0,1.087119102E1
1.817530612E2,-1.668993831E-1,1.187438250E0,1.067677498E1
1.817731720E2,1.167099237E0,7.250252366E-1,9.947562218E0
1.817932828E2,1.274776220E0,5.988038778E-1,1.071206856E1
1.818133936E2,-1.639083475E-1,6.496513486E-1,1.347518063E1
1.818335044E2,-1.989632010E0,1.053440213E0,1.409671593E1
1.818536152E2,-3.268595695E0,2.107478619E0,1.141675472E1
1.818737259E2,-2.846262455E0,2.012962103E0,1.112662506E1
1.818938368E2,-2.090130568E0,8.979067206E-1,1.409073448E1
1.819139475E2,-1.418345571E0,3.014956415E-1,1.405125237E1
1.819340583E2,-1.583450437E0,9.212366939E-1,9.911071777E0
1.819541691E2,-3.293122053E0,2.486142635E0,6.895516872E0
1.819742799E2,-4.523631096E0,3.170490026E0,8.483154297E0
1.819943907E2,-2.411965132E0,1.654636860E0,1.183131123E1
1.820145015E2,1.186840057E0,2.506481707E-1,1.246002579E1
1.820346123E2,2.922832966E0,-2.614158690E-1,1.282373428E1
1.820547231E2,1.927418590E0,2.536391914E-1,1.151246834E1
1.820748338E2,6.388836503E-1,1.094716311E0,8.251648903E0
1.820949447E2,-2.931207716E-1,1.424925923E0,6.637690067E0
1.821150555E2,-9.714859724E-1,1.521237016E0,6.595217228E0
1.821351662E2,-8.931210637E-1,1.552343726E0,6.838686943E0
1.821552770E2,-2.033899277E-1,1.432104349E0,6.793223381E0
1.821753878E2,2.135594189E-1,1.515254974E0,5.830112457E0
1.821954986E2,-1.609173268E-1,1.891526341E0,5.527420521E0
1.822156094E2,-7.896314859E-1,2.151147604E0,5.632704735E0
1.822357202E2,-1.323230863E0,2.459821701E0,5.737988472E0
1.822558310E2,-9.840483069E-1,2.290529490E0,6.323632240E0
1.822759418E2,-6.221338734E-2,1.910070658E0,7.229315281E0
1.822960526E2,6.293123364E-1,1.585245013E0,8.683553696E0
1.823161634E2,4.755735099E-1,1.833500385E0,9.298508644E0
1.823362742E2,-5.515456200E-1,2.367697954E0,1.127916813E1
1.823563849E2,-1.025922656E0,2.805584431E0,1.255813122E1
1.823764957E2,-8.488538265E-1,3.004188776E0,1.132164001E1
1.823966066E2,-7.812566161E-1,3.000001431E0,9.585647583E0
1.824167173E2,-5.886343718E-1,2.060220242E0,1.123071289E1
1.824368281E2,-2.333002165E-2,6.436693072E-1,1.559940910E1
1.824569389E2,-3.505485058E-1,3.008974493E-1,1.719422531E1
1.824770497E2,-1.585843205E0,1.746162295E0,1.343749332E1
1.824971605E2,-2.016551256E0,2.950948477E0,9.068798065E0
1.825172713E2,-1.648056626E0,3.208176851E0,7.727022648E0
1.825373821E2,-1.602592945E0,2.542972326E0,9.929615974E0
1.825574929E2,-1.884945989E0,2.151147604E0,1.141615677E1
1.825776036E2,-2.066800594E0,2.163111687E0,1.079821014E1
1.825977145E2,-1.713261008E0,2.164906263E0,8.925827026E0
1.826178253E2,-1.217946768E0,2.039283037E0,7.279564857E0
1.826379360E2,-1.070788145E0,1.934597135E0,6.412764549E0
1.826580468E2,-8.955138922E-1,1.687538147E0,6.165107727E0
1.826781576E2,-1.117448211E0,1.689332843E0,6.726224422E0
1.826982684E2,-9.553344250E-1,1.436291814E0,7.823333740E0
1.827183792E2,-3.846462369E-1,1.214955688E0,8.029116631E0
1.827384900E2,-4.193421602E-1,1.514656782E0,7.733004570E0
1.827586008E2,-4.073780477E-1,1.566700578E0,8.979066849E0
1.827787116E2,-5.377869010E-1,1.838884234E0,9.493523598E0
1.827988224E2,-8.476574421E-1,2.220539331E0,9.869196892E0
1.828189332E2,-1.003789067E0,2.239681959E0,1.166261768E1
1.828390440E2,-2.560320199E-1,1.503290772E0,1.487378597E1
1.828591547E2,-1.304088384E-1,1.193420291E0,1.577587986E1
1.828792656E2,-4.636093974E-1,1.861616015E0,1.317667580E1
1.828993763E2,-1.763510346E0,2.883949518E0,1.001156998E1
1.829194871E2,-3.215953588E0,3.707678795E0,7.822137356E0
1.829395979E2,-2.930609465E0,2.767897606E0,9.247062683E0
1.829597087E2,-1.632503271E0,4.570291340E-1,1.504965782E1
1.829798195E2,-1.003190875E0,-8.327022791E-1,1.937767601E1
1.829999303E2,-2.081755638E0,5.826523304E-1,1.435633755E1
1.830200411E2,-2.480758905E0,2.108675003E0,7.456035137E0
1.830401519E2,-2.257030010E0,2.848057270E0,5.745765209E0
1.830602627E2,-1.802991867E0,2.149353027E0,1.008873844E1
1.830803735E2,-2.726621389E0,2.233700037E0,1.143111229E1
1.831004843E2,-3.856033802E0,3.320041418E0,8.852247238E0
1.831205950E2,-3.965505362E0,3.465405464E0,7.537989616E0
1.831407058E2,-3.744169235E0,3.096312523E0,7.479365349E0
1.831608166E2,-2.111067772E0,2.434697151E0,6.862615108E0
1.831809274E2,-9.870393574E-2,1.474576950E0,6.340381622E0
1.832010382E2,9.110672474E-1,1.165902853E0,6.120840549E0
1.832211490E2,7.645068169E-1,1.479960799E0,6.729215622E0
1.832412598E2,-3.343969584E-1,1.722234130E0,7.533204079E0
1.832613706E2,-1.463809252E0,2.466402054E0,5.845067501E0
1.832814814E2,-1.997408748E0,3.204587698E0,3.993621111E0
1.833015922E2,-1.577468276E0,3.020938635E0,5.084149837E0
1.833217030E2,-1.360319614E0,2.760719061E0,6.696314335E0
1.833418138E2,-1.341775298E0,2.958725214E0,6.415157318E0
1.833619246E2,-1.019940615E0,3.206980467E0,6.088537216E0
1.833820354E2,-8.416753411E-1,3.918246984E0,6.138786316E0
1.834021461E2,-7.854440212E-1,4.465006828E0,8.745168686E0
1.834222569E2,-1.626521230E0,3.785445452E0,1.337288761E1
1.834423678E2,-2.804388046E0,3.480958700E0,1.525903034E1
1.834624785E2,-3.108874798E0,4.041477680E0,1.291107273E1
1.834825893E2,-2.555534601E0,4.399802685E0,1.060738277E1
1.835027001E2,-1.442872047E0,3.648456335E0,1.086580753E1
1.835228109E2,-4.247260094E-2,1.581057549E0,1.429651737E1
1.835429217E2,-2.075773627E-1,5.359922647E-1,1.701655769E1
1.835630325E2,-2.260020971E0,1.790429592E0,1.444786358E1
1.835831433E2,-3.086741209E0,3.132802963E0,1.005344391E1
1.836032541E2,-2.790629387E0,2.851048231E0,9.938589096E0
1.836233649E2,-2.612962246E0,2.207378864E0,1.105005455E1
1.836434757E2,-2.281556368E0,1.803590059E0,1.054158020E1
1.836635865E2,-1.977069736E0,1.938186288E0,9.117850304E0
1.836836972E2,-1.118644595E0,2.152343988E0,6.762714863E0
1.837038081E2,-3.852444589E-1,2.120040894E0,5.528616905E0
1.837239188E2,-2.811566591E-1,2.090728760E0,5.720640659E0
1.837440296E2,-6.125625968E-1,1.933400750E0,6.667600155E0
1.837641404E2,-8.967102766E-1,1.880758643E0,7.314858913E0
1.837842512E2,-1.025922656E0,2.115255117E0,7.097112179E0
1.838043620E2,-1.071984529E0,2.422732830E0,7.024729252E0
1.838244728E2,-5.312066078E-1,2.633301258E0,6.456433773E0
1.838445836E2,3.337987661E-1,2.416152716E0,6.474977970E0
1.838646944E2,3.188436031E-1,2.481357098E0,6.804589272E0
1.838848052E2,-5.814558864E-1,3.128017426E0,7.701299667E0
1.839049160E2,-6.478567123E-1,3.584448338E0,8.504091263E0
1.839250268E2,-4.618147612E-1,3.753142357E0,1.029452133E1
1.839451375E2,-2.017747641E0,3.503690481E0,1.366122246E1
1.839652484E2,-3.774079561E0,3.276970625E0,1.620778465E1
1.839853592E2,-4.560121536E0,3.460021496E0,1.524527168E1
1.840054699E2,-3.546761274E0,3.568894863E0,1.184626675E1
1.840255807E2,-2.075773716E0,3.358924866E0,9.748957634E0
1.840456915E2,-1.374078393E0,3.166900873E0,8.776275635E0
1.840658023E2,-1.353141189E0,3.290729284E0,8.285148621E0
1.840859131E2,-1.516451359E0,2.841476917E0,9.158528328E0
1.841060239E2,-1.615753531E0,1.800599098E0,1.261256790E1
1.841261347E2,-1.277767301E0,1.088734269E0,1.491745472E1
1.841462455E2,-5.437689424E-1,1.405783296E0,1.255633640E1
1.841663563E2,1.561316848E-1,1.807777524E0,9.310472488E0
1.841864671E2,-6.101697683E-2,2.354537487E0,7.798807144E0
1.842065779E2,-1.450648785E0,2.909074068E0,8.429315567E0
1.842266887E2,-2.630908489E0,3.105883837E0,9.105886459E0
1.842467995E2,-2.430509567E0,2.853441000E0,9.090931892E0
1.842669103E2,-1.438684583E0,2.528017044E0,8.285148621E0
1.842870210E2,-7.136593461E-1,2.118844509E0,7.986045361E0
1.843071319E2,-5.150550604E-1,1.911865234E0,7.759923935E0
1.843272427E2,-1.067198873E0,1.834696770E0,8.399405479E0
1.843473534E2,-1.124028444E0,1.858624935E0,7.372884750E0
1.843674642E2,-8.967102766E-1,2.244467735E0,5.060221672E0
1.843875750E2,-8.398807645E-1,2.798406124E0,3.865006685E0
1.844076858E2,-1.172483087E0,3.331407309E0,6.005984783E0
1.844277966E2,-2.141576290E0,3.675375462E0,9.304491043E0
1.844479074E2,-1.737787485E0,3.473181963E0,9.859625816E0
1.844680182E2,-7.136593461E-1,3.678366661E0,7.244270325E0
1.844881290E2,-7.657032609E-1,4.101297855E0,7.623532772E0
1.845082398E2,-2.093719721E0,4.600201607E0,1.087298584E1
1.845283506E2,-1.603789330E0,3.865006685E0,1.355294704E1
1.845484614E2,-8.632107973E-1,2.821736097E0,1.404168129E1
1.845685722E2,-1.552941918E0,3.209373474E0,1.179063320E1
1.845886830E2,-2.790031195E0,3.897309780E0,1.011565781E1
1.846087937E2,-3.050848961E0,4.326223373E0,9.473184586E0
1.846289046E2,-1.328614831E0,3.656233072E0,8.964112282E0
1.846490154E2,3.954139352E-1,2.740978241E0,9.759127617E0
1.846691261E2,-6.340979785E-2,2.266601324E0,1.198146152E1
1.846892369E2,-1.284945726E0,2.750549555E0,1.350868034E1
1.847093478E2,-1.018744230E0,2.464009047E0,1.195992565E1
1.847294585E2,-6.837490797E-1,2.525624275E0,1.084427261E1
1.847495693E2,-5.437689424E-1,2.865405083E0,9.321838379E0
1.847696801E2,-4.241278172E-1,3.423531055E0,7.509275436E0
1.847897909E2,-6.664010882E-1,3.457628727E0,7.850851059E0
1.848099017E2,-3.373879790E-1,2.889333248E0,8.753543854E0
1.848300125E2,-1.208375469E-1,2.671586514E0,9.182456970E0
1.848501233E2,-2.679961324E-1,2.901297569E0,8.713463783E0
1.848702341E2,-3.092723191E-1,3.022135019E0,8.059624672E0
1.848903449E2,-4.546363056E-1,2.974278450E0,7.959724426E0
1.849104557E2,-5.856433511E-1,2.839084148E0,7.751548767E0
1.849305665E2,-7.645068169E-1,2.703889608E0,7.094120979E0
1.849506773E2,-9.457631707E-1,2.813361168E0,6.339185238E0
1.849707881E2,-8.775677085E-1,2.928216696E0,5.973083496E0
1.849908988E2,-4.534398913E-1,2.906681299E0,6.104688644E0
1.850110096E2,-1.579262912E-1,2.730210543E0,6.589833736E0
1.850311205E2,5.144568682E-1,2.742773056E0,6.746563435E0
1.850512312E2,5.018945336E-1,2.892922640E0,6.905087948E0
1.850713420E2,-4.671986103E-1,3.725026608E0,7.007979393E0
1.850914528E2,-1.154536963E0,4.022933006E0,7.750352383E0
1.851115636E2,-1.191027522E0,3.821337700E0,8.549555779E0
1.851316744E2,-1.236491084E0,3.870988846E0,7.141379356E0
1.851517852E2,-1.718644857E0,3.097508907E0,1.042612648E1
1.851718960E2,-1.807179332E0,3.271586657E0,1.124207878E1
1.851920068E2,-2.139781713E0,3.822534084E0,1.088614655E1
1.852121176E2,-1.892124534E0,4.138985157E0,9.860223770E0
1.852322284E2,-1.762313843E0,4.007379532E0,8.422736168E0
1.852608092E2,-5.904290080E-1,5.150550842E0,9.152546883E0
1.852809199E2,-6.646065116E-1,4.787439823E0,1.041057301E1
1.853010307E2,3.702892959E-1,4.472185612E0,9.945767403E0
1.853211415E2,6.939185858E-1,4.484149456E0,9.440283775E0
1.853412522E2,-1.579262912E-1,5.060820103E0,8.382656097E0
1.853613629E2,-1.244267821E0,5.784648895E0,7.102495670E0
1.853814736E2,-2.033899307E0,6.072385788E0,7.768298626E0
1.854015844E2,-2.106282234E0,5.804987907E0,9.124430656E0
1.854216951E2,-2.127219439E0,5.721837044E0,9.166903496E0
1.854418059E2,-1.984846354E0,5.589633465E0,8.842676163E0
1.854619166E2,-1.447059512E0,5.364708424E0,8.562715530E0
1.854820273E2,-1.215553880E0,5.305486202E0,9.012566566E0
1.855021381E2,-1.066600680E0,5.030909538E0,9.802198410E0
1.855222488E2,-1.268195957E-1,4.571487427E0,9.603593826E0
1.855423595E2,5.437689424E-1,4.443471432E0,8.933603287E0
1.855624703E2,4.689932466E-1,4.511068821E0,9.355937004E0
1.855825810E2,-3.230310678E-1,4.735994339E0,1.020837975E1
1.856026918E2,-1.133001566E0,5.031507969E0,1.054935646E1
1.856228025E2,-5.820540786E-1,4.925625324E0,1.028195858E1
1.856429132E2,-1.704886109E-1,4.896313190E0,1.035434151E1
1.856630240E2,-3.134597540E-1,5.139782906E0,1.056670475E1
1.856831347E2,-7.411768436E-1,5.559125423E0,1.076710415E1
1.857032455E2,-1.058225870E0,5.444269657E0,1.061396313E1
1.857233562E2,-1.498505235E0,5.207380295E0,1.032203865E1
1.857434669E2,-1.211964726E0,4.890929699E0,1.008694363E1
1.857635777E2,-1.078564763E0,4.625924587E0,1.002831936E1
1.857836884E2,-1.092323542E0,3.976871252E0,1.100399303E1
1.858037991E2,-4.013960063E-1,3.055036306E0,1.252941799E1
1.858239098E2,2.177468538E-1,2.445464849E0,1.278844070E1
1.858440206E2,-4.319044948E-1,2.566302299E0,1.097647572E1
1.858641314E2,-8.434699774E-1,2.871387243E0,7.832904816E0
1.858842421E2,-9.595218897E-1,3.119044304E0,6.270989895E0
1.859043528E2,-1.236491084E0,3.006581545E0,7.115656376E0
1.859244635E2,-2.436491728E0,2.977269650E0,9.353543282E0
1.859445743E2,-2.966501951E0,2.903092146E0,9.670592308E0
1.859646850E2,-2.193620205E0,2.816950560E0,7.916055679E0
1.859847957E2,-1.088734269E0,2.824727058E0,6.481558323E0
1.860049065E2,-7.178468108E-1,2.617149830E0,7.144370079E0
1.860250172E2,-1.658824325E0,2.823530674E0,8.768498421E0
1.860451280E2,-2.370090723E0,3.085544825E0,9.172885895E0
1.860652387E2,-1.465005636E0,3.056232691E0,7.489534855E0
1.860853494E2,-1.501496136E-1,2.655434847E0,6.820741177E0
1.861054602E2,3.643072546E-1,2.169692039E0,8.463413239E0
1.861255709E2,8.554340899E-2,1.994417667E0,1.039322472E1
1.861456816E2,-5.670989752E-1,2.280359983E0,1.054696369E1
1.861657923E2,-1.051047325E0,2.728415966E0,9.551549911E0
1.861859031E2,-1.202991605E0,2.910868645E0,1.026700401E1
1.862060138E2,-1.785643935E0,2.859423161E0,1.228774261E1
1.862261245E2,-1.851446509E0,1.871785522E0,1.377009583E1
1.862462353E2,-7.615157962E-1,1.433300734E0,1.135334492E1
1.862663460E2,-1.325025558E0,3.614956856E0,6.282355785E0
1.862864567E2,-1.835893154E0,5.587839127E0,4.910071850E0
1.863065674E2,-1.314257860E0,4.733003139E0,7.789834023E0
1.863266782E2,-1.363310695E0,3.311068296E0,1.182532978E1
1.863467889E2,-1.869392633E0,2.464009047E0,1.501675701E1
1.863668996E2,-1.933400750E0,2.496312141E0,1.452144241E1
1.863870104E2,-1.016351461E0,2.984447956E0,1.077308559E1
1.864071211E2,5.874379873E-1,3.232703447E0,7.277172089E0
1.864272318E2,1.257428288E0,3.256033421E0,5.800800323E0
1.864473426E2,8.333004713E-1,3.156133175E0,6.105287075E0
1.864674533E2,-4.959124923E-1,3.729214191E0,6.598806858E0
1.864875641E2,-8.494520187E-1,3.390031576E0,8.097909927E0
1.865076748E2,-9.391828775E-1,2.855235577E0,9.365508080E0
1.865277855E2,-1.000798106E0,2.906681299E0,8.616554260E0
1.865478962E2,-7.920243144E-1,3.190829039E0,7.300501823E0
1.865680070E2,-4.857429862E-1,3.266202927E0,7.381259441E0
1.865881177E2,3.780659735E-1,2.969492912E0,7.508079052E0
1.866082284E2,1.019342422E0,2.734996319E0,7.829315662E0
1.866283392E2,1.368694544E0,2.555534601E0,8.675776482E0
1.866484499E2,9.152546525E-1,3.103491068E0,9.015557289E0
1.866685606E2,5.198407173E-1,3.866801500E0,8.458029747E0
1.866886714E2,5.090730190E-1,3.668795347E0,9.327222824E0
1.867087821E2,1.284945726E0,2.730210543E0,1.163210869E1
1.867288928E2,1.466202021E0,2.600998163E0,1.235474110E1
1.867490035E2,4.384847581E-1,3.550350666E0,1.103210926E1
1.867691143E2,1.339980662E-1,4.107878208E0,9.123832703E0
1.867892250E2,9.242277741E-1,4.085146427E0,6.509075642E0
1.868093357E2,2.949153781E-1,4.278964996E0,6.542575359E0
1.868294465E2,-1.430309772E0,4.222135544E0,9.752547264E0
1.868495571E2,-2.520838737E0,3.740580082E0,1.315514088E1
1.868696679E2,-1.812563181E0,3.084946632E0,1.394237900E1
1.868897786E2,-6.233302951E-1,2.563311338E0,1.319880962E1
1.869098893E2,-9.828519225E-1,3.041277647E0,1.103749275E1
1.869300001E2,-1.297508121E0,3.359523058E0,1.042074299E1
1.869501108E2,-1.000199914E0,2.813959360E0,1.123789120E1
1.869702215E2,-1.128814101E0,2.449054003E0,1.139701462E1
1.869903322E2,-1.852642894E0,2.891128063E0,1.015454102E1
1.870104430E2,-2.733799934E0,3.671188116E0,8.897710800E0
1.870305537E2,-2.076970100E0,3.684946775E0,8.617751122E0
1.870506644E2,-5.168496966E-1,3.062214851E0,8.398807526E0
1.870707752E2,4.522434771E-1,2.526222467E0,8.035696983E0
1.870908859E2,1.914258152E-1,2.363510609E0,8.523234367E0
1.871109966E2,-1.004985452E0,2.553740025E0,9.612566948E0
1.871311073E2,-1.931606054E0,2.954537868E0,9.191430092E0
1.871512181E2,-2.082353830E0,3.088535786E0,8.048258781E0
1.871713287E2,-1.398006678E0,2.775076151E0,7.430312634E0
1.871914395E2,-9.397810698E-1,2.485544443E0,7.890332699E0
1.872115502E2,-7.573283911E-1,2.324028969E0,8.142775536E0
1.872316609E2,-9.756734371E-1,2.355733871E0,8.164909363E0
1.872517717E2,-1.036092162E0,2.398804665E0,7.971090317E0
1.872718824E2,-1.002592683E0,2.624926329E0,7.340581894E0
1.872919931E2,-9.637092948E-1,2.880360365E0,7.277770042E0
1.873121039E2,-1.079761267E0,3.087339401E0,7.649255753E0
1.873322146E2,-1.025324464E0,3.193820000E0,8.187641144E0
1.873523253E2,-5.754738450E-1,3.142972469E0,8.476573944E0
1.873724360E2,1.501496136E-1,3.132204771E0,8.846264839E0
1.873925467E2,3.314059377E-1,3.316452265E0,1.050329494E1
1.874126574E2,-3.098705411E-1,3.438486099E0,1.211486149E1
1.874327682E2,-2.035095692E0,3.659822226E0,1.313779259E1
1.874528789E2,-2.739781857E0,3.756731510E0,1.280997562E1
1.874729896E2,-1.716850281E0,3.790829182E0,1.160937691E1
1.874931004E2,-1.397408366E0,3.987638950E0,1.023888779E1
1.875132111E2,-9.954141974E-1,3.939184189E0,9.220742226E0
1.875333218E2,-6.771687865E-1,3.206382275E0,1.002114105E1
1.875534325E2,-8.919246197E-1,1.902892232E0,1.355952740E1
1.875735432E2,-6.143572330E-1,8.572286963E-1,1.577109432E1
1.875936540E2,3.667000830E-1,6.993024349E-1,1.354935837E1
1.876137647E2,4.695914388E-1,1.673181176E0,9.313464165E0
1.876338754E2,-1.136590764E-1,2.528615236E0,7.226324558E0
1.876539861E2,-1.029511929E0,2.614158630E0,7.618747234E0
1.876740969E2,-1.426122308E0,2.164308071E0,8.348558426E0
1.876942076E2,-1.706680775E0,1.991426587E0,8.697910309E0
1.877143183E2,-1.558325768E0,2.042872429E0,8.236693382E0
1.877344290E2,-1.489532113E0,2.286342144E0,7.594220638E0
1.877545397E2,-1.210170031E0,2.166102648E0,7.299903870E0
1.877746505E2,-7.896314859E-1,1.990828395E0,6.981060028E0
1.877947612E2,-7.250252366E-1,2.051845312E0,6.406184196E0
1.878148719E2,-5.922235847E-1,2.505285263E0,5.033302307E0
1.878349826E2,-5.533402562E-1,3.055634499E0,4.102494240E0
1.878550933E2,-2.751746178E-1,3.195614576E0,4.207180500E0
1.878752041E2,3.912265003E-1,2.964108944E0,5.475376606E0
1.878953148E2,1.298106313E0,2.584846735E0,6.846463680E0
1.879154255E2,8.949156404E-1,2.968894720E0,8.163114548E0
1.879355362E2,-5.856433511E-1,4.103690624E0,9.392427444E0
1.879556469E2,-1.887338877E0,4.641477585E0,1.114098263E1
1.879757577E2,-2.547757864E0,4.070789337E0,1.316830158E1
1.879958684E2,-2.343769789E0,3.387638569E0,1.428036594E1
1.880159791E2,-1.826920033E0,3.411566973E0,1.405663681E1
1.880360898E2,-1.235294700E0,3.774677753E0,1.305524063E1
1.880562005E2,-7.154539824E-1,3.815953970E0,1.237807178E1
1.880763112E2,-8.129615188E-1,3.374478102E0,1.257966709E1
1.880964220E2,-1.709671736E0,3.245265722E0,1.292004585E1
1.881165327E2,-2.505883455E0,3.473181963E0,1.260778236E1
1.881366434E2,-3.034697294E0,3.591626883E0,1.235534000E1
1.881567541E2,-2.648854733E0,3.051447153E0,1.269811153E1
1.881768648E2,-1.032503009E0,2.115853310E0,1.269571877E1
1.881969756E2,8.440681696E-1,1.328614831E0,1.143171024E1
1.882170863E2,1.409372568E0,1.376471281E0,9.471389771E0
1.882371970E2,3.050848842E-2,2.089532375E0,8.472386360E0
1.882573077E2,-1.208973646E0,2.461616278E0,7.590631485E0
1.882774184E2,-1.466800332E0,2.359921217E0,6.558128834E0
1.882975292E2,-1.811964989E0,2.448455811E0,6.356533527E0
1.883176398E2,-1.527817249E0,2.533999205E0,6.244070530E0
1.883377506E2,-9.852447510E-1,2.596810818E0,5.752345562E0
1.883578613E2,-7.674978375E-1,2.617748022E0,5.038686275E0
1.883779720E2,-7.842476368E-1,2.653640270E0,4.851448059E0
1.883980828E2,-1.060020447E0,2.842075109E0,5.975476265E0
1.884181934E2,-4.013960063E-1,2.551347256E0,7.491927624E0
1.884383042E2,8.638089895E-1,1.894517303E0,8.094919205E0
1.884584149E2,1.706082582E0,1.243071318E0,8.632107735E0
1.884785256E2,1.226321578E0,1.171884894E0,9.643673897E0
1.884986363E2,5.383851007E-2,1.922034740E0,1.037348461E1
1.885187470E2,-2.506481707E-1,2.411965132E0,1.048355389E1
1.885388578E2,-6.646065116E-1,2.738585472E0,1.105244732E1
1.885589685E2,-1.202393413E0,2.884547710E0,1.219202995E1
1.885790792E2,-1.441077471E0,2.811566591E0,1.313539982E1
1.885991899E2,-1.581655741E0,3.088535786E0,1.299661636E1
1.886193006E2,-1.795813441E0,3.449253798E0,1.236491108E1
1.886394113E2,-1.820339799E0,3.641875982E0,1.179721355E1
1.886595220E2,-1.211366415E0,3.571886063E0,1.090648556E1
1.886796328E2,-1.399801224E-1,3.020938635E0,9.936196327E0
1.886997435E2,3.708875179E-1,2.760120869E0,9.768698692E0
1.887198542E2,-8.614161611E-2,2.009970903E0,1.162134171E1
1.887399649E2,-5.569294691E-1,1.004387259E0,1.436112309E1
1.887600756E2,-1.316052526E-1,9.876375198E-1,1.357986641E1
1.887801864E2,0.000000000E0,1.965703845E0,1.001635551E1
1.888002970E2,1.824527234E-1,2.602194548E0,7.606184959E0
1.888204078E2,3.260220885E-1,2.424527645E0,7.341179848E0
1.888405185E2,-9.032905847E-2,1.895713687E0,9.585049629E0
1.888606292E2,-3.619144261E-1,1.672582984E0,1.058943653E1
1.888807399E2,7.070791125E-1,1.201795220E0,9.124430656E0
1.889008506E2,1.098305583E0,1.234696507E0,6.981658459E0
1.889209614E2,8.440681696E-1,1.548754454E0,5.930012703E0
1.889410720E2,7.860422134E-1,1.612762451E0,6.624529362E0
1.889611828E2,6.317051649E-1,1.432104349E0,7.283751965E0
1.889812935E2,-3.469592705E-2,1.603789330E0,7.426723480E0
1.890014042E2,-4.600201547E-1,2.003988981E0,6.812964439E0
1.890215149E2,-4.755735099E-1,2.622533560E0,6.355337143E0
1.890416256E2,-2.075773627E-1,2.852842808E0,7.149754047E0
1.890617364E2,8.494520187E-2,2.550150633E0,8.707481384E0
1.890818470E2,1.686939895E-1,2.100898266E0,1.094178009E1
1.891019578E2,-8.033902049E-1,2.285743713E0,1.140718365E1
1.891220685E2,-1.683948994E0,2.651845694E0,1.022333431E1
1.891421792E2,-1.055234790E0,2.116451740E0,9.486345291E0
1.891622899E2,4.648058116E-1,1.318445325E0,1.067019463E1
1.891824006E2,2.616551638E0,5.234299302E-1,1.207478142E1
1.892025114E2,3.728615999E0,5.006981492E-1,1.315214920E1
1.892226220E2,3.045464993E0,9.744769931E-1,1.416431332E1
1.892427328E2,1.403988719E0,1.481755376E0,1.218006516E1
1.892628435E2,-1.435693622E0,3.345764160E0,8.152944565E0
1.892829542E2,-2.739183664E0,4.253840446E0,7.619345665E0
1.893030649E2,-2.345564365E0,2.401795626E0,1.296191978E1
1.893231756E2,-5.132604837E-1,5.862415582E-2,1.858924103E1
1.893432863E2,9.511470199E-1,-4.169493318E-1,1.715833282E1
1.893633970E2,5.826523304E-1,1.290329576E0,1.082512951E1
1.893835078E2,2.590230405E-1,3.001796007E0,4.972285271E0
1.894036184E2,1.266401410E0,3.059821844E0,4.138985157E0
1.894237292E2,1.956730723E0,1.895115495E0,7.811967850E0
1.894438399E2,1.496112347E0,1.302891970E0,1.076530933E1
1.894639506E2,-1.004985496E-1,2.111665964E0,1.060977554E1
1.894840613E2,-3.900300860E-1,2.481357098E0,8.845666885E0
1.895041720E2,-8.249256015E-1,2.347358942E0,8.521439552E0
1.895242828E2,-1.114457130E0,2.209173441E0,8.930612564E0
1.895443934E2,-3.702892959E-1,1.791027784E0,8.729017258E0
1.895645042E2,-3.864408433E-1,1.998006940E0,7.827520847E0
1.895846149E2,-2.967100143E-1,2.154736757E0,7.026523590E0
1.896047256E2,-1.770688742E-1,2.132004976E0,6.805187702E0
1.896248363E2,-4.384847581E-1,2.310868502E0,7.045068264E0
1.896449470E2,-9.798609018E-1,2.543570518E0,8.480761528E0
1.896650577E2,-9.750752449E-1,2.861815929E0,1.023111153E1
1.896851684E2,7.202396393E-1,2.163111687E0,1.089392376E1
1.897052792E2,1.319043517E0,1.804786444E0,1.129591751E1
1.897253898E2,5.718846321E-1,2.373081923E0,1.041296577E1
1.897455006E2,-4.923232496E-1,3.236292601E0,8.776873589E0
1.897656113E2,-1.224527001E0,4.046861172E0,8.160123825E0
1.897857220E2,-9.661021233E-1,3.784249067E0,9.161520004E0
1.898058327E2,4.731806815E-1,3.205185890E0,1.050748253E1
1.898259434E2,1.070788145E0,3.053241730E0,1.131505966E1
1.898460541E2,-3.349951804E-1,3.440878868E0,1.289013577E1
1.898661648E2,-1.026520967E0,2.747558594E0,1.409910965E1
1.898862756E2,-1.335793257E0,2.392224550E0,1.343569946E1
1.899063862E2,-2.204986095E0,2.841476917E0,1.143111229E1
1.899264970E2,-1.925624013E0,3.335594654E0,9.054440498E0
1.899466077E2,-3.200400174E-1,3.165106058E0,6.963712215E0
1.899667184E2,4.929214716E-1,2.810370207E0,7.159923553E0
1.899868291E2,7.118647099E-1,2.682952404E0,7.742575645E0
1.900069398E2,1.534397483E0,2.673381090E0,7.543373585E0
1.900270505E2,2.653640270E0,2.237289190E0,7.530212879E0
1.900471612E2,1.438086390E0,2.173879385E0,1.008933640E1
1.900672720E2,-1.219143152E0,2.947359324E0,1.189711380E1
1.900873827E2,-1.608574986E0,3.272783279E0,9.870991707E0
1.901074934E2,-1.037886858E0,3.403192043E0,7.082755089E0
1.901276041E2,-8.374879137E-3,3.076571703E0,6.020341873E0
1.901477148E2,5.922235847E-1,2.727219582E0,5.989234924E0
1.901678255E2,5.868397355E-1,2.523231506E0,6.591628075E0
1.901879362E2,1.531406492E-1,2.664407969E0,7.000801086E0
1.902080469E2,3.696911037E-1,2.852842808E0,6.215356827E0
1.902281577E2,5.742774606E-1,3.000001431E0,5.968895912E0
1.902482684E2,2.751746029E-2,3.178864956E0,7.765905857E0
1.902683791E2,-1.136590764E-1,3.575475216E0,9.099904060E0
1.902884898E2,2.099701911E-1,3.638286829E0,9.702896118E0
1.903086005E2,1.627119333E-1,3.631108284E0,1.042134094E1
1.903287112E2,1.914258152E-1,3.334996462E0,1.085683441E1
1.903488219E2,-2.895315289E-1,3.417548895E0,1.126361465E1
1.903689327E2,-7.543373108E-1,3.611965895E0,1.170867920E1
1.903890433E2,-8.350951076E-1,3.706482172E0,1.176550865E1
1.904091541E2,-1.527219057E0,3.810570002E0,1.233918858E1
1.904292648E2,-1.449452281E0,3.412763357E0,1.403569984E1
1.904493755E2,-1.204786181E0,3.094517946E0,1.474397469E1
1.904694862E2,-9.451649189E-1,2.952743053E0,1.403869057E1
1.904895969E2,-1.116251707E0,3.247658491E0,1.214536953E1
1.905097076E2,-1.313061476E0,3.144767046E0,1.183071327E1
1.905298183E2,-6.095715761E-1,2.478964329E0,1.166860008E1
1.905499290E2,6.999006122E-2,2.303689957E0,1.072104168E1
1.905700397E2,-2.913261652E-1,2.662015200E0,9.742377281E0
1.905901505E2,-1.351944804E0,3.110669374E0,9.446265221E0
1.906102611E2,-2.270190477E0,3.406781197E0,8.929415703E0
1.906303719E2,-2.394019127E0,3.529413462E0,8.261219978E0
1.906504826E2,-2.029113531E0,3.224926710E0,8.502895355E0
1.906705933E2,-1.326221943E0,2.632703066E0,9.269196510E0
1.906907040E2,-3.756731451E-1,1.898106575E0,9.143573761E0
1.907108147E2,1.914258115E-2,1.479362607E0,8.526225090E0
1.907309255E2,-2.368894368E-1,1.560120344E0,7.398607731E0
1.907510361E2,-7.459624410E-1,2.118246317E0,5.760720730E0
1.907711469E2,-4.851447940E-1,2.199003935E0,5.425127029E0
1.907912576E2,9.571290575E-3,1.858026743E0,6.448058605E0
1.908113683E2,5.072783828E-1,1.579262972E0,6.497111797E0
1.908314790E2,-1.028913707E-1,2.035693884E0,6.349953175E0
1.908515897E2,-1.287338614E0,2.641077995E0,7.885547161E0
1.908717004E2,-9.804590940E-1,2.372483730E0,8.704490662E0
1.908918111E2,-5.060819983E-1,2.092523336E0,8.623134613E0
1.909119218E2,-7.543373108E-1,2.245664120E0,9.204590797E0
1.909320326E2,-9.385846853E-1,2.508874655E0,9.934401512E0
1.909521433E2,-9.224331379E-1,3.022135019E0,9.186046600E0
1.909722540E2,-1.319641709E0,3.655634880E0,8.727820396E0
1.909923647E2,-1.971685886E0,3.928416491E0,9.933803558E0
1.910124754E2,-1.933998942E0,3.625724554E0,1.164108181E1
1.910325861E2,-1.413560033E0,3.414557934E0,1.165424252E1
1.910526968E2,-1.423729420E0,3.530609846E0,1.165902805E1
1.910728076E2,-1.844268084E0,3.470191002E0,1.322572899E1
1.910929182E2,-7.639086246E-1,2.400599241E0,1.483729458E1
1.911130290E2,3.702892959E-1,1.682752490E0,1.495932865E1
1.911331397E2,9.655039310E-1,1.616351724E0,1.303250885E1
1.911532504E2,5.006981492E-1,1.698904037E0,1.085145092E1
1.911733611E2,-1.067198873E0,2.017149448E0,9.853045464E0
1.911934718E2,-2.443071842E0,2.318047047E0,8.821739197E0
1.912135825E2,-3.405584812E0,2.928216696E0,6.946962357E0
1.912336932E2,-2.991028309E0,3.049054146E0,6.314060688E0
1.912538040E2,-1.168893814E0,1.893919110E0,8.085946083E0
1.912739147E2,4.695914388E-1,9.750752449E-1,9.904491425E0
1.912940254E2,7.651050687E-1,7.405785918E-1,1.027956581E1
1.913141361E2,1.914258152E-1,1.341775298E0,9.182456970E0
1.913342468E2,-8.973085321E-3,1.479362607E0,8.115258217E0
1.913543575E2,-7.244270444E-1,1.366301775E0,8.243872643E0
1.913744682E2,-1.226919770E0,1.581655741E0,7.261618614E0
1.913945790E2,-1.068993568E0,1.881955028E0,5.647061348E0
1.914146896E2,-8.159525394E-1,2.193620205E0,4.654638290E0
1.914348004E2,-8.991031051E-1,2.310868502E0,5.571687698E0
1.914549111E2,-8.679963946E-1,2.209771633E0,6.988238335E0
1.914750218E2,-9.320043921E-1,2.143370867E0,9.395418167E0
1.914951325E2,-7.184450030E-1,1.649253011E0,1.106082249E1
1.915152432E2,-2.087737769E-1,1.798804402E0,1.063848972E1
1.915353539E2,-3.062812984E-1,2.477767944E0,1.051585770E1
1.915554646E2,-1.088734269E-1,2.236690998E0,1.290509033E1
1.915755754E2,-1.255035520E0,2.310270309E0,1.415952778E1
1.915956860E2,-1.766501307E0,2.956930637E0,1.295234871E1
1.916157968E2,-2.065006018E0,3.111865759E0,1.337408352E1
1.916359075E2,-2.085943222E0,2.035095692E0,1.582553101E1
1.916560182E2,-1.649253011E0,1.194018483E0,1.538764381E1
1.916761289E2,-1.195214868E0,1.403988719E0,1.128993511E1
1.916962396E2,-1.756331801E0,2.057827473E0,8.044071198E0
1.917163503E2,-2.912065268E0,2.796013355E0,7.420741081E0
1.917364610E2,-2.667997360E0,2.495713949E0,8.459824562E0
1.917565718E2,-1.739582062E0,1.928615093E0,9.901499748E0
1.917766824E2,-1.005583763E0,1.682752490E0,9.927821159E0
1.917967932E2,-1.141974568E0,2.015354872E0,8.690732002E0
1.918169039E2,-1.090528965E0,1.835294962E0,7.879564762E0
1.918370146E2,-6.191428304E-1,1.220339537E0,7.874181271E0
1.918571253E2,-7.531409264E-1,1.247856975E0,7.399804115E0
1.918772360E2,-1.736590981E0,2.268994093E0,5.325825214E0
1.918973468E2,-2.996412039E0,3.314059258E0,4.689932346E0
1.919174574E2,-2.962314367E0,3.317648649E0,6.059225082E0
1.919375682E2,-1.887338877E0,2.836092949E0,7.634898663E0
1.919576789E2,-4.151547253E-1,2.824128866E0,7.694121361E0
1.919777896E2,7.262216806E-1,2.977867842E0,8.168498039E0
1.919979003E2,6.843472719E-1,2.814557552E0,9.784850121E0
1.920180110E2,5.264209956E-2,2.870190859E0,1.060678482E1
1.920381218E2,-6.436693072E-1,2.899502754E0,1.123490047E1
1.920582324E2,-9.661021233E-1,2.935395241E0,1.142453194E1
1.920783432E2,-7.214360237E-1,2.754138947E0,1.166501045E1
1.920984539E2,2.620140910E-1,2.370688915E0,1.157527924E1
1.921185646E2,7.292127013E-1,2.318645239E0,1.120319557E1
1.921386753E2,1.136590764E-1,2.600399971E0,1.177567863E1
1.921587860E2,-1.089930773E0,2.550150633E0,1.381615829E1
1.921788968E2,-1.463211060E0,1.864008784E0,1.578365612E1
1.921990074E2,-6.131607890E-1,1.425524116E0,1.483191109E1
1.922191182E2,7.423732281E-1,1.572682738E0,1.079940701E1
1.922392289E2,1.191027522E0,2.069193363E0,7.472187042E0
1.922593396E2,8.075776696E-2,2.458027124E0,7.065407276E0
1.922794503E2,-1.055832982E0,2.326421738E0,7.652844906E0
1.922995610E2,-1.831705689E0,2.260020971E0,8.051848412E0
1.923196718E2,-1.509871125E0,2.121835470E0,8.020143509E0
1.923397824E2,-9.385846853E-1,2.053041935E0,7.641479015E0
1.923598932E2,-5.964110494E-1,2.222334146E0,7.185048103E0
1.923800039E2,-2.327020019E-1,2.133201361E0,6.926623344E0
1.924001146E2,-1.818545163E-1,2.177468538E0,6.934400082E0
1.924202253E2,4.965107143E-2,1.925025821E0,8.234300613E0
1.924403360E2,-6.741777658E-1,1.819741607E0,9.655637741E0
1.924604468E2,-1.850848317E0,1.978266120E0,9.432506561E0
1.924805574E2,-1.727617979E0,2.116451740E0,8.029714584E0
1.925006682E2,-1.018146038E0,2.233700037E0,7.454240799E0
1.925207789E2,-1.004985452E0,2.409572363E0,8.824729919E0
1.925408896E2,-1.689332843E0,2.587239504E0,1.002233791E1
1.925610003E2,-1.874178290E0,2.882753134E0,9.611968994E0
1.925811110E2,-1.696511269E0,3.311068296E0,8.668598175E0
1.926012218E2,-1.872383714E0,3.546163082E0,8.837292671E0
1.926213324E2,-2.806182861E0,3.649054527E0,1.177926731E1
1.926414432E2,-2.204387903E0,3.745963812E0,1.393041515E1
1.926615539E2,-9.002995491E-1,2.710469961E0,1.468475246E1
1.926816646E2,-2.048256159E0,2.496910334E0,1.468056488E1
1.927017753E2,-3.214757204E0,3.029911757E0,1.233679581E1
1.927218860E2,-2.647658348E0,2.812164783E0,9.635896683E0
1.927419968E2,-2.110469580E0,2.298904419E0,1.003968525E1
1.927621075E2,-1.271187067E0,1.801795483E0,1.028136063E1
1.927822182E2,-1.170688510E0,2.158924341E0,8.921041489E0
1.928023289E2,-1.262812138E0,2.679961443E0,7.338188648E0
1.928224396E2,-1.545763373E0,2.678166628E0,7.764709473E0
1.928425503E2,-2.012363911E0,2.271386862E0,9.357132912E0
1.928626610E2,-2.350350142E0,2.045265198E0,9.678369522E0
1.928827718E2,-2.307279348E0,2.465205431E0,7.869993687E0
1.929028825E2,-1.653440475E0,2.618944407E0,6.747161865E0
1.929229932E2,-7.537391186E-1,2.364108801E0,6.998407841E0
1.929431039E2,-7.178467698E-3,1.813759565E0,7.879564762E0
1.929632146E2,-3.433700502E-1,1.768295884E0,8.011768341E0
1.929833254E2,-1.450050473E0,2.584846735E0,7.039085865E0
1.930034360E2,-1.890329838E0,3.154936552E0,6.902096748E0
1.930235468E2,-1.715653777E0,2.982653379E0,8.194819450E0
1.930436575E2,-1.323829174E0,2.630908489E0,9.160323143E0
1.930637682E2,-1.145563841E0,2.717050076E0,9.371489525E0
1.930838789E2,-1.273579836E0,3.081955671E0,9.232706070E0
1.931039896E2,-1.616949916E0,3.318246841E0,1.021017456E1
1.931241004E2,-1.360917926E0,3.224328518E0,9.978668213E0
1.931442111E2,-1.341775298E0,3.146561861E0,9.474381447E0
1.931643218E2,-1.296909928E0,3.028116941E0,1.030229759E1
1.931844325E2,-7.399803996E-1,2.872583628E0,1.055773163E1
1.932045432E2,-4.887340367E-1,2.996412039E0,1.057507992E1
1.932246540E2,-8.237292171E-1,2.880958557E0,1.203948689E1
1.932447647E2,-1.316650629E0,2.502294302E0,1.412602806E1
1.932648754E2,-1.145563841E0,2.272583246E0,1.508255959E1
1.932849861E2,2.464607358E-1,2.146361828E0,1.285244846E1
1.933050968E2,1.408774376E0,2.269592285E0,9.751350403E0
1.933252076E2,1.554736495E0,2.571087837E0,7.796414375E0
1.933453183E2,7.154539824E-1,2.644068956E0,7.615756035E0
1.933654290E2,-7.082754970E-1,2.595016241E0,8.609375954E0
1.933855397E2,-1.555334687E0,2.595614433E0,9.337990761E0
1.934056504E2,-1.902294040E0,2.918645382E0,8.567501068E0
1.934257611E2,-1.499103427E0,2.904886723E0,7.931010723E0
1.934458718E2,-2.093719840E-1,2.190030813E0,8.293522835E0
1.934659826E2,4.007977992E-2,1.684547186E0,9.401400566E0
1.934860933E2,-1.393819213E0,2.112264156E0,9.625128746E0
1.935062040E2,-3.263810158E0,2.990430117E0,8.323433876E0
1.935263147E2,-5.106881618E0,3.882952929E0,8.112865448E0
1.935464254E2,-4.494318962E0,3.669393539E0,9.243474007E0
1.935665361E2,-2.105085611E0,2.815155745E0,9.050851822E0
1.935866469E2,-4.007977992E-2,2.362912416E0,7.046264648E0
1.936067576E2,4.474578202E-1,2.562114954E0,6.382854462E0
1.936268683E2,-5.383850932E-1,2.919243574E0,7.616952896E0
1.936469790E2,-1.165304661E0,3.282952785E0,8.328817368E0
1.936670897E2,-8.344969153E-1,2.940180779E0,9.807581902E0
1.936872005E2,-3.296113312E-1,2.266003132E0,1.121157074E1
1.937073112E2,-9.547362328E-1,2.300698996E0,1.197727394E1
1.937274223E2,-1.756929994E0,2.809173822E0,1.121216869E1
1.937475329E2,-2.769692183E0,3.483949661E0,8.990432739E0
1.937676437E2,-3.708276987E0,4.134797573E0,7.988438606E0
1.937877544E2,-4.343571186E0,3.546761274E0,1.124447155E1
1.938078651E2,-3.774079561E0,1.923829436E0,1.524646759E1
1.938279759E2,-2.408974171E0,1.316650629E0,1.441735458E1
1.938480866E2,-9.888339639E-1,1.566102386E0,1.012941647E1
1.938681973E2,-2.446661144E-1,2.040479422E0,6.908677101E0
1.938883080E2,-5.730810165E-1,2.438286304E0,6.035895348E0
1.939084187E2,-1.720439434E0,2.416152716E0,7.647460938E0
1.939285295E2,-2.316252232E0,1.934597135E0,9.839884758E0
1.939486402E2,-2.564507723E0,1.941177368E0,9.707083702E0
1.939687509E2,-2.616551638E0,2.671586514E0,7.458428383E0
1.939888616E2,-2.223530531E0,2.756531715E0,7.204789162E0
1.940089723E2,-2.248056889E0,2.455035925E0,9.433703423E0
1.940290830E2,-1.788634896E0,2.147558212E0,1.041476059E1
1.940491938E2,-1.434497118E0,2.370688915E0,9.262018204E0
1.940693045E2,-1.636690736E0,2.776870728E0,8.458627701E0
1.940894152E2,-1.734796405E0,3.091526747E0,7.284350395E0
1.941095259E2,-1.734796405E0,3.299104214E0,6.615556240E0
1.941296366E2,-2.198405743E0,3.455834150E0,7.217949390E0
1.941497474E2,-2.494517565E0,3.305086374E0,8.502895355E0
1.941698581E2,-2.617149830E0,3.236890793E0,8.860024452E0
1.941899688E2,-2.639283419E0,3.516851187E0,8.347960472E0
1.942100796E2,-2.748754978E0,4.068396568E0,8.111668587E0
1.942301903E2,-2.739183664E0,4.070191383E0,9.032905579E0
1.942503010E2,-2.674577475E0,3.820141315E0,1.051107121E1
1.942704117E2,-2.331207514E0,3.615555048E0,1.199581814E1
1.942905224E2,-1.634896040E0,3.937987804E0,1.119003487E1
1.943106332E2,-1.055832982E0,4.466203690E0,9.016156197E0
1.943307439E2,-1.422533035E0,5.088337421E0,8.238488197E0
1.943508546E2,-2.231307030E0,5.024329185E0,1.045603657E1
1.943709653E2,-2.285145521E0,3.617947817E0,1.424806213E1
1.943910760E2,-1.121635556E0,2.054238319E0,1.711825371E1
1.944111867E2,-1.112662554E-1,1.914856315E0,1.454477215E1
1.944312975E2,4.815555513E-1,2.471187592E0,9.724431038E0
1.944514082E2,4.498506486E-1,2.889333248E0,6.633502483E0
1.944715189E2,3.978067636E-1,2.670988321E0,6.434898376E0
1.944916297E2,-1.316052526E-1,2.300698996E0,7.966903210E0
1.945117404E2,-5.485545993E-1,2.044667006E0,8.400003433E0
1.945318511E2,-7.980063558E-1,2.105085611E0,7.746165276E0
1.945519618E2,-9.936196208E-1,2.323430777E0,6.708876610E0
1.945720725E2,-9.337990284E-1,2.336591244E0,6.213562012E0
1.945921833E2,-1.174875975E0,2.376072884E0,6.293123722E0
1.946122940E2,-1.092323542E0,2.279163599E0,6.294320107E0
1.946324047E2,-7.310073376E-1,1.973480463E0,6.928418159E0
1.946525154E2,-3.409772217E-1,1.712064624E0,7.602595806E0
1.946726262E2,-1.483550072E-1,1.861616015E0,7.266404152E0
1.946927369E2,-4.115654826E-1,2.173879385E0,7.019943237E0
1.947128476E2,-8.775677085E-1,2.566302299E0,7.351349354E0
1.947329583E2,-1.585843205E0,2.762513638E0,8.829515457E0
1.947530690E2,-2.124826431E0,3.032902718E0,1.008634567E1
1.947731798E2,-1.735992789E0,3.141177893E0,1.089811039E1
1.947932905E2,-1.282552958E0,3.273381472E0,1.143948650E1
1.948134012E2,-1.302891970E0,3.325425386E0,1.186840057E1
1.948335120E2,-1.392024517E0,2.892324448E0,1.323410416E1
1.948536227E2,-1.603191137E0,2.508276224E0,1.362054443E1
1.948737334E2,-2.660220623E0,2.773281336E0,1.294337559E1
1.948938441E2,-3.649652719E0,2.981456995E0,1.217228889E1
1.949139548E2,-3.988237143E0,2.795415163E0,1.158485126E1
1.949340655E2,-3.200400352E0,2.263610125E0,1.112004471E1
1.949541763E2,-2.417947292E0,1.454237938E0,1.228176022E1
1.949742870E2,-1.867598057E0,8.279166222E-1,1.309831142E1
1.949943977E2,-1.913061738E0,1.281356573E0,1.059182930E1
1.950145085E2,-2.356930256E0,2.141576290E0,7.872386456E0
1.950346192E2,-2.333600283E0,2.313261271E0,6.975676060E0
1.950547299E2,-2.575873613E0,1.982453585E0,8.568697929E0
1.950748407E2,-2.550748825E0,1.706082582E0,9.786046028E0
1.950949514E2,-2.419741869E0,1.803590059E0,9.122636795E0
1.951150621E2,-2.396411896E0,2.191825628E0,7.098906517E0
1.951351728E2,-2.615355253E0,2.590828657E0,5.455037594E0
1.951552836E2,-2.571686029E0,2.618944407E0,5.286941528E0
1.951753943E2,-2.371287346E0,2.202593327E0,6.748956203E0
1.951955050E2,-1.983649969E0,2.025524378E0,7.756932735E0
1.952156157E2,-1.654038668E0,2.137987137E0,7.979465485E0
1.952357264E2,-1.283749342E0,2.452643156E0,7.685148239E0
1.952558372E2,-1.493121386E0,2.893520832E0,7.990232944E0
1.952759479E2,-1.832902193E0,3.055634499E0,8.990432739E0
1.952960586E2,-2.233101845E0,3.028715372E0,1.033460140E1
1.953161694E2,-2.243869543E0,3.171686411E0,1.029093170E1
1.953362801E2,-2.051845312E0,3.525824070E0,1.005942631E1
1.953563908E2,-1.753939033E0,3.491128206E0,1.046859932E1
1.953765015E2,-1.618744493E0,3.116053343E0,1.048355389E1
1.953966123E2,-1.882553220E0,2.826521635E0,1.031725311E1
1.954167230E2,-1.826321840E0,3.041875839E0,9.523433685E0
1.954368337E2,-1.066002488E0,3.214159012E0,8.181060791E0
1.954569445E2,-5.617151260E-1,2.883351326E0,9.434899330E0
1.954770552E2,-4.869394004E-1,1.798804402E0,1.334776306E1
1.954971659E2,-8.877372146E-1,9.188438654E-1,1.694477272E1
1.955172766E2,-1.243071318E0,9.068797827E-1,1.633639908E1
1.955373874E2,-1.514656782E0,1.831107497E0,1.198205948E1
1.955574981E2,-1.999801517E0,2.566900492E0,8.974281311E0
1.955776088E2,-1.882553220E0,2.612364054E0,7.868797302E0
1.955977196E2,-1.638485312E0,2.118844509E0,8.534600258E0
1.956178303E2,-1.754537225E0,1.919641972E0,9.022137642E0
1.956379410E2,-1.619940877E0,2.089532375E0,8.211568832E0
1.956580517E2,-1.367498159E0,2.313859463E0,7.174280643E0
1.956781625E2,-1.036690354E0,2.396411896E0,6.439683914E0
1.956982732E2,-8.392825127E-1,2.412563324E0,6.209374905E0
1.957183839E2,-9.182456732E-1,2.419143677E0,6.480959892E0
1.957384947E2,-6.340979934E-1,2.429313183E0,6.346961975E0
1.957586053E2,-2.093719877E-2,2.259422779E0,6.103492260E0
1.957787161E2,-8.973085321E-3,2.447857618E0,5.810969830E0
1.957988269E2,-2.626122832E-1,2.891128063E0,5.374877930E0
1.958189376E2,-1.077368379E0,3.634099483E0,6.180062771E0
1.958390483E2,-3.696911037E-1,3.480958700E0,8.468797684E0
1.958591590E2,1.168295622E0,2.439482689E0,1.062353420E1
1.958792698E2,6.131607890E-1,1.953141451E0,1.238824081E1
1.958993805E2,-1.467398524E0,2.733201742E0,1.193121147E1
1.959194912E2,-2.941975355E0,3.757329702E0,1.054217815E1
1.959396020E2,-2.151745796E0,3.515654564E0,1.085563850E1
1.959597127E2,-6.604190469E-1,2.505883455E0,1.227039433E1
1.959798234E2,-2.632104978E-2,1.902892232E0,1.292782211E1
1.959999341E2,-1.323230863E0,2.213361025E0,1.339083385E1
1.960200449E2,-3.789034605E0,3.262613773E0,1.237448215E1
1.960401556E2,-4.530211449E0,4.003790379E0,1.122532940E1
1.960602663E2,-3.530609846E0,3.218944550E0,1.322213936E1
1.960803771E2,-1.895713687E0,1.777867198E0,1.529970837E1
1.961004878E2,-3.948157430E-1,8.087740541E-1,1.538584995E1
1.961205985E2,5.383851007E-2,6.921239495E-1,1.289910889E1
1.961407092E2,-1.854437590E-1,1.135394335E0,8.980263710E0
1.961608200E2,-5.437689424E-1,1.575673699E0,6.506084919E0
1.961809307E2,-1.350150228E0,1.621137381E0,7.118049145E0
1.962010414E2,-2.035095692E0,1.474576950E0,8.577073097E0
1.962211522E2,-2.644068956E0,1.690529227E0,8.723034859E0
1.962412629E2,-3.106482029E0,2.080559254E0,8.513064384E0
1.962613736E2,-3.048455954E0,2.279163599E0,8.346763611E0
1.962814844E2,-2.076970100E0,2.053640127E0,8.100900650E0
1.963015951E2,-1.225125194E0,1.762912035E0,8.432307243E0
1.963217058E2,-7.914260626E-1,1.744965911E0,8.284550667E0
1.963418165E2,-9.427721500E-1,1.997408748E0,7.797012806E0
1.963619273E2,-1.414158225E0,2.351546526E0,7.264609337E0
1.963820380E2,-1.498505235E0,2.630310297E0,7.296314240E0
1.964021487E2,-1.254437327E0,2.595016241E0,8.328817368E0
1.964222595E2,-1.137188911E0,2.527418852E0,9.294321060E0
1.964423702E2,-1.331605792E0,2.633301258E0,9.588638306E0
1.964624809E2,-1.606182218E0,3.141776085E0,8.506484032E0
1.964825917E2,-1.499103427E0,3.299104214E0,7.651050568E0
1.965027024E2,-1.326221943E0,3.174079180E0,8.218747139E0
1.965228132E2,-7.962117195E-1,2.940778971E0,8.537590981E0
1.965429239E2,4.654040039E-1,2.576471806E0,8.616554260E0
1.965630346E2,8.051848412E-1,2.557927370E0,9.336195946E0
1.965831453E2,-9.074779749E-1,3.548556089E0,9.485747337E0
1.966032561E2,-2.004587173E0,3.983451605E0,9.884750366E0
1.966233668E2,-1.612762451E0,3.389433384E0,1.084965611E1
1.966434775E2,-1.338784218E0,2.915654421E0,1.236371422E1
1.966635883E2,-1.032503009E0,2.687737942E0,1.256231880E1
1.966836990E2,-7.064808607E-1,2.266003132E0,1.195813084E1
1.967038098E2,-1.010967612E0,2.100898266E0,1.128754234E1
1.967239205E2,-7.375875711E-1,1.944766641E0,1.009711361E1
1.967440312E2,-6.987041831E-1,2.126621008E0,9.507282257E0
1.967641420E2,-9.517452121E-1,2.206780672E0,1.032263660E1
1.967842527E2,-5.766702294E-1,2.251047850E0,8.993423462E0
1.968043634E2,-6.095715761E-1,2.178664923E0,8.977272034E0
1.968244741E2,-1.247856975E0,2.333600283E0,9.109476089E0
1.968445849E2,-1.563111424E0,2.989831924E0,7.657630444E0
1.968646956E2,-3.098705411E-1,2.717050076E0,6.476174355E0
1.968848063E2,2.344966233E-1,2.210968018E0,7.485945702E0
1.969049171E2,5.270192027E-1,1.581655741E0,9.089137077E0
1.969250278E2,-2.452643216E-2,1.668993831E0,9.615557671E0
1.969451386E2,-1.269392371E0,2.435893536E0,8.868398666E0
1.969652493E2,-1.495514154E0,3.654438496E0,5.979663849E0
1.969853600E2,-4.887340367E-1,4.156332970E0,5.155336380E0
1.970054708E2,-2.500499785E-1,3.967898130E0,7.306483746E0
1.970255815E2,-3.080759048E-1,3.322434187E0,9.589835167E0
1.970456922E2,-1.698904037E-1,2.804986238E0,9.406784058E0
1.970658029E2,-6.000002623E-1,3.128017426E0,8.644669533E0
1.970859137E2,-5.970092416E-1,3.327818155E0,8.389236450E0
1.971060245E2,-1.072582722E0,3.657429457E0,8.142177582E0
1.971261352E2,-9.367900491E-1,3.570091486E0,8.004590034E0
1.971462459E2,2.769692242E-1,2.953341246E0,9.205786705E0
1.971663566E2,5.515456200E-1,2.784647465E0,9.282955170E0
1.971864674E2,-1.415952802E0,4.240081787E0,7.188039303E0
1.972065781E2,-1.461416483E0,3.294916868E0,9.799206734E0
1.972266889E2,-1.458425403E0,3.293720484E0,1.126600742E1
1.972467996E2,-2.200798512E0,3.756731510E0,1.095553875E1
1.972669103E2,-1.615155339E0,3.848257065E0,1.007737255E1
1.973061653E2,-4.402793646E-1,5.206781864E0,6.452844620E0
1.973262763E2,-6.269195080E-1,5.266602516E0,7.423732281E0
1.973463872E2,-8.650053740E-1,5.244469166E0,8.145766258E0
1.973664982E2,-8.973084688E-1,5.256433010E0,9.143573761E0
1.973866092E2,-7.926225066E-1,5.206183910E0,9.369695663E0
1.974067201E2,-4.193421602E-1,5.088935375E0,8.524430275E0
1.974268311E2,-1.758724600E-1,5.002793789E0,7.772486210E0
1.974469421E2,-3.505485058E-1,5.112864017E0,7.950751305E0
1.974670531E2,-8.380861282E-1,5.322834015E0,8.072785378E0
1.974871640E2,-9.032905698E-1,5.175076962E0,7.346563816E0
1.975072750E2,-8.775677085E-1,4.822135925E0,6.857231617E0
1.975273860E2,-1.042074203E0,4.478765965E0,7.362117290E0
1.975474970E2,-1.235294700E0,4.323232174E0,7.878368378E0
1.975676080E2,-1.003789067E0,4.262215137E0,8.584849358E0
1.975877189E2,-6.508477330E-1,4.150351048E0,9.310472488E0
1.976078299E2,-7.058826834E-2,3.848855257E0,1.097946644E1
1.976279409E2,1.113260746E0,3.208176851E0,1.378804207E1
1.976480519E2,9.798609018E-1,3.233899832E0,1.541815281E1
1.976681628E2,-1.142572835E-1,4.421338081E0,1.386162186E1
1.976882738E2,-1.682752490E0,5.880959988E0,1.153639603E1
1.977083848E2,-2.143969059E0,6.345765591E0,1.108534908E1
1.977284957E2,-1.437488198E0,5.387440205E0,1.350329685E1
1.977486067E2,-1.713859200E0,4.554139614E0,1.682513237E1
1.977687177E2,-2.762513638E0,4.266402721E0,1.667617989E1
1.977888286E2,-2.696112871E0,4.243072987E0,1.253839111E1
1.978089396E2,-1.433300734E0,4.092324734E0,7.814958572E0
1.978290506E2,-3.242274821E-1,3.744169235E0,6.133402824E0
1.978491615E2,-2.979064286E-1,3.190829039E0,8.220541954E0
1.978692725E2,-1.095314622E0,2.732005358E0,1.110389328E1
1.978893835E2,-1.834696770E0,2.645265341E0,1.160339546E1
1.979094945E2,-1.540977836E0,2.816950560E0,9.078967094E0
1.979296055E2,-1.183250785E0,3.126821041E0,7.213762283E0
1.979497164E2,-1.179063320E0,3.133999348E0,7.913662910E0
1.979698274E2,-8.416753411E-1,2.683550596E0,9.259027481E0
1.979899384E2,-7.764709592E-1,2.538784742E0,9.525827408E0
1.980100493E2,-6.759724021E-1,2.382055044E0,8.829515457E0
1.980301603E2,-5.443671346E-1,2.297109842E0,8.064410210E0
1.980502712E2,-1.160519004E0,2.688934565E0,7.937591076E0
1.980703822E2,-1.454237938E0,3.047857761E0,7.638488293E0
1.980904932E2,-1.363310695E0,3.248256683E0,6.747759819E0
1.981106042E2,-9.110672474E-1,3.206382275E0,6.739983082E0
1.981307151E2,-3.326023519E-1,2.980858803E0,7.232904434E0
1.981508261E2,8.075776696E-2,2.922832966E0,7.079165936E0
1.981709371E2,-6.939185411E-2,3.253042459E0,6.762116909E0
1.981910481E2,-1.089930773E0,3.757927895E0,7.815557003E0
1.982111590E2,-2.163111687E0,4.146163464E0,9.812965393E0
1.982312700E2,-1.758126378E0,4.155136585E0,1.115773201E1
1.982513809E2,-3.188436031E-1,3.246462107E0,1.073599720E1
1.982714919E2,1.098305583E0,3.090928555E0,9.568299294E0
1.982916029E2,4.067798555E-1,3.885943890E0,9.646066666E0
1.983117138E2,-8.374879509E-2,4.133002758E0,1.129412270E1
1.983318248E2,-4.325026870E-1,3.841078520E0,1.211306667E1
1.983519358E2,-6.927221417E-1,3.488137245E0,1.181934738E1
1.983720468E2,-4.618147612E-1,2.976671457E0,1.172064304E1
1.983921577E2,2.703889608E-1,2.662015200E0,1.109133148E1
1.984122687E2,3.708875179E-1,2.712862730E0,9.412766457E0
1.984323797E2,-4.773681164E-1,3.097508907E0,8.008777618E0
1.984524906E2,-5.706881881E-1,2.684746981E0,9.451051712E0
1.984726016E2,9.990034252E-2,1.849053741E0,1.154536915E1
1.984927125E2,-1.682752490E0,2.961117983E0,9.702297211E0
1.985128235E2,-2.593221426E0,4.872385025E0,5.531607628E0
1.985329345E2,-1.649851203E0,5.133202553E0,4.386641979E0
1.985530455E2,-2.075773627E-1,3.463012457E0,7.420741081E0
1.985731564E2,6.466603279E-1,1.941177368E0,1.055713367E1
1.985932674E2,2.315055877E-1,1.999203324E0,1.062592697E1
1.986133783E2,-1.722832322E-1,2.837289333E0,8.401798248E0
1.986334893E2,4.229314029E-1,2.935993433E0,7.167700291E0
1.986536002E2,1.066002488E0,2.504687071E0,7.538587570E0
1.986737112E2,5.234299302E-1,2.837887764E0,7.389036179E0
1.986938222E2,-2.590230405E-1,3.790230989E0,6.564708710E0
1.987139332E2,1.686939895E-1,4.639683247E0,6.534798622E0
1.987340441E2,8.973085135E-2,4.948357105E0,7.083353043E0
1.987541551E2,-3.966103494E-1,4.676173687E0,9.031110764E0
1.987742660E2,-1.292124242E-1,3.759124279E0,1.005165005E1
1.987943770E2,1.128215909E0,3.198007345E0,1.026221848E1
1.988144880E2,1.502692580E0,3.279363394E0,1.031007481E1
1.988345989E2,6.849454641E-1,3.919443607E0,9.879964828E0
1.988547099E2,1.208375454E0,3.672982693E0,1.093400288E1
1.988748209E2,1.147358418E0,3.262613773E0,1.289432335E1
1.988949318E2,4.055834413E-1,2.830709219E0,1.356012630E1
1.989150428E2,1.477568001E-1,3.342175007E0,1.021974564E1
1.989351538E2,6.083751321E-1,4.285545349E0,6.971488953E0
1.989552647E2,-6.849454641E-1,4.332205296E0,9.397212982E0
1.989753757E2,-1.667797327E0,3.311666489E0,1.281536007E1
1.989954867E2,-1.368096352E0,2.130210400E0,1.461715508E1
1.990155976E2,-3.020938635E-1,1.898106575E0,1.331486130E1
1.990357086E2,-2.081755698E-1,2.419143677E0,1.149332523E1
1.990558195E2,-1.244267821E0,2.947957516E0,1.034477043E1
1.990759305E2,-1.126421213E0,3.342175007E0,8.224729538E0
1.990960414E2,-2.225325108E-1,3.226123095E0,7.091129780E0
1.991161524E2,2.207378894E-1,3.098107100E0,6.725626469E0
1.991362634E2,-6.658028960E-1,3.672982693E0,6.635895252E0
1.991563744E2,-1.602592945E0,4.054637909E0,6.010770321E0
1.991764853E2,-1.893320918E0,3.189632654E0,6.647859573E0
1.991965963E2,-9.690931439E-2,1.567298889E0,9.309874535E0
1.992167072E2,-3.529413417E-2,1.295115232E0,1.098784161E1
1.992368182E2,-3.308077157E-1,1.715055585E0,1.087777138E1
1.992569292E2,-0.000000000E0,1.819741607E0,1.048415279E1
1.992770401E2,5.168496966E-1,1.684547186E0,9.433703423E0
1.992971511E2,7.698906660E-1,1.644467354E0,8.126026154E0
1.993172620E2,5.258227587E-1,2.190030813E0,6.678368092E0
1.993373730E2,-1.262213886E-1,3.042474031E0,5.764907837E0
1.993574839E2,-1.139581800E0,3.813561201E0,5.757131100E0
1.993775949E2,-1.112662554E0,3.939184189E0,6.204588890E0
1.993977059E2,2.440679073E-1,3.072384357E0,6.836892605E0
1.994178168E2,1.100100160E0,2.721835852E0,8.318049431E0
1.994379278E2,1.156929731E0,2.916252613E0,9.589835167E0
1.994580387E2,6.849454641E-1,3.472583771E0,9.418149948E0
1.994781497E2,3.098705411E-1,4.069592953E0,8.255238533E0
1.994982607E2,3.870390654E-1,4.172484398E0,8.833703041E0
1.995183716E2,-2.638086975E-1,4.295714855E0,1.102373409E1
1.995384826E2,-4.295116663E-1,4.363312244E0,1.165125179E1
1.995585935E2,-4.187439680E-1,4.268197536E0,1.167278671E1
1.995787045E2,-4.450650215E-1,3.725026608E0,1.298225880E1
1.995988155E2,-8.009973764E-1,3.503690481E0,1.376172161E1
1.996189264E2,-3.858426511E-1,3.168695450E0,1.261675549E1
1.996390374E2,1.548754454E0,2.229512453E0,1.117627621E1
1.996591483E2,2.424527645E0,1.290927768E0,1.056730270E1
1.996792593E2,4.289134443E-1,1.667199135E0,1.002652550E1
1.996993702E2,-1.132403374E0,2.447857618E0,9.324830055E0
1.997194812E2,-1.301097274E0,2.531606436E0,9.640084267E0
1.997395922E2,-1.188036442E0,2.117049932E0,1.053799057E1
1.997597031E2,-3.589234054E-1,1.274776220E0,1.219262791E1
1.997798140E2,9.212367237E-2,1.220339537E0,1.162373447E1
1.997999250E2,-1.884347796E-1,1.951945066E0,9.515657425E0
1.998200360E2,-1.000199914E0,2.569293261E0,8.435895920E0
1.998401469E2,-1.086939692E0,2.711068153E0,8.194221497E0
1.998602579E2,-2.979064286E-1,2.212762833E0,8.937192917E0
1.998803688E2,4.995017350E-1,1.754537225E0,9.618548393E0
1.999004798E2,-1.998006850E-1,2.312064886E0,8.956933022E0
1.999205908E2,-7.633104324E-1,2.844467878E0,8.320442200E0
1.999407017E2,-2.249253243E-1,2.595016241E0,8.633902550E0
1.999608127E2,8.069794178E-1,2.178066730E0,8.425128937E0
1.999809236E2,1.304088354E0,2.053640127E0,8.350951195E0
2.000010346E2,-2.572284341E-1,2.831905603E0,9.111269951E0
2.000211456E2,-7.142575383E-1,3.623929977E0,8.841479301E0
2.000412565E2,-3.637090325E-1,3.513261795E0,7.453044415E0
2.000613674E2,-9.583254457E-1,4.073780537E0,6.281757832E0
2.000814784E2,-7.381857634E-1,3.853042603E0,7.374081135E0
2.001015894E2,-4.372883439E-1,3.519243956E0,9.765109062E0
2.001217003E2,1.663011760E-1,3.174677372E0,1.159382439E1
2.001418113E2,1.944168359E-1,3.205185890E0,1.218066406E1
2.001619222E2,3.798605800E-1,3.233301640E0,1.106142044E1
2.001820332E2,-5.623133108E-2,3.141776085E0,1.115055370E1
2.002021442E2,-9.176474810E-1,3.043670416E0,1.223270798E1
2.002222551E2,-1.991426587E0,3.634099483E0,1.205743313E1
2.002423660E2,-2.064407825E0,3.972085476E0,1.176132107E1
2.002624770E2,-1.478166223E0,3.099303484E0,1.359661674E1
2.002825880E2,-8.967102766E-1,1.938784599E0,1.452921867E1
2.003026989E2,-1.203589797E0,2.054836512E0,1.195035458E1
2.003228098E2,-1.216152072E0,2.775076151E0,8.666803360E0
2.003429208E2,-6.490531564E-1,2.809772015E0,7.853243828E0
2.003630318E2,-2.829512656E-1,2.335993052E0,8.630312920E0
2.003831427E2,-1.430309772E0,2.213361025E0,9.825528145E0
2.004032537E2,-2.237289190E0,2.353341103E0,1.035972595E1
2.004233646E2,-1.689332843E0,2.539382935E0,8.434700012E0
2.004434756E2,-1.661217093E0,2.788834810E0,7.465008259E0
2.004635865E2,-1.423131227E0,2.496312141E0,8.204390526E0
2.004836975E2,-1.290927768E0,2.209173441E0,8.082955360E0
2.005038084E2,-3.158525825E-1,1.490130305E0,8.441280365E0
2.005239194E2,7.740781307E-1,9.242277741E-1,9.203991890E0
2.005440304E2,6.305087805E-1,1.422533035E0,8.931808472E0
2.005641413E2,-6.915257573E-1,2.951546669E0,7.781459332E0
2.005842522E2,-1.066002488E0,3.861417532E0,6.839883327E0
2.006043632E2,-1.878365725E-1,3.342773199E0,7.270591736E0
2.006244742E2,1.651047617E-1,3.045464993E0,9.163313866E0
2.006445851E2,-5.934200287E-1,3.266801119E0,1.045603657E1
2.006646960E2,-1.342373490E0,3.468396425E0,1.044287586E1
2.006848070E2,-1.152144074E0,3.253640652E0,9.439086914E0
2.007049180E2,-5.401797295E-1,2.998206854E0,9.029914856E0
2.007250289E2,-3.493520916E-1,2.983251572E0,1.053679466E1
2.007451398E2,-8.195417374E-2,2.483749866E0,1.302353573E1
2.007652508E2,4.366901219E-1,1.689332843E0,1.398126316E1
2.007853618E2,8.662018180E-1,1.320838094E0,1.293021584E1
2.008054727E2,1.854437590E-1,1.883749604E0,1.078624630E1
2.008255836E2,-1.055234790E0,2.831905603E0,8.736195564E0
2.008456946E2,-1.506281853E0,2.977269650E0,8.065009117E0
2.008658056E2,-1.106680512E0,2.393420935E0,8.938388824E0
2.008859165E2,-8.356932998E-1,2.254039049E0,8.679366112E0
2.009060274E2,-1.151545882E0,2.799602509E0,7.445865631E0
2.009261384E2,-1.204786181E0,2.866003275E0,7.296912670E0
2.009462494E2,-5.102694035E-1,2.145763636E0,8.602795601E0
2.009663603E2,-3.547359705E-1,1.642672777E0,9.710672379E0
2.009864712E2,-4.091726840E-1,1.484148264E0,8.990432739E0
2.010065822E2,-8.129615188E-1,2.039881229E0,7.274180889E0
2.010266932E2,-1.131805062E0,2.818745136E0,6.269793510E0
2.010468041E2,-9.499505758E-1,3.311666489E0,6.021538258E0
2.010669150E2,-1.495514158E-2,3.077768087E0,7.495516777E0
2.010870260E2,8.422735929E-1,3.010769129E0,9.350552559E0
2.011071370E2,8.632107973E-1,3.297907829E0,1.072343445E1
2.011272479E2,7.734799385E-1,3.425325632E0,1.120857906E1
2.011473588E2,1.091127157E0,4.033102512E0,1.036690426E1
2.011674698E2,7.118647099E-1,4.811367989E0,1.015633583E1
2.011875807E2,-7.178468257E-2,5.074578762E0,1.144247818E1
2.012076917E2,-1.372882009E0,5.049454212E0,1.285843086E1
2.012278026E2,-2.964707375E0,5.438287735E0,1.304925823E1
2.012479136E2,-3.722035646E0,5.417948723E0,1.350030518E1
2.012680245E2,-2.527418852E0,4.284946918E0,1.372702503E1
2.012881355E2,-1.179661512E0,3.272184849E0,1.222971630E1
2.013082464E2,1.196411345E-2,3.108276606E0,9.150154114E0
2.013283574E2,6.005984545E-1,3.567698479E0,6.775875568E0
2.013484683E2,1.305882931E0,3.138186932E0,7.355536938E0
2.013685793E2,3.364906788E0,1.642672777E0,9.796813965E0
2.013886902E2,3.750749588E0,1.686341763E0,9.323035240E0
2.014088012E2,2.231307030E0,3.160320520E0,7.192226887E0
2.014289121E2,6.927221417E-1,4.037888050E0,6.676573277E0
2.014490231E2,8.189435601E-1,3.346960783E0,8.388039589E0
2.014691340E2,4.983053207E-1,2.657827854E0,9.672985077E0
2.014892449E2,5.012963414E-1,2.169093609E0,9.315258980E0
2.015093559E2,2.709871531E-1,2.399402857E0,7.752745152E0
2.015294669E2,3.960121572E-1,2.520838737E0,6.519245148E0
2.015495778E2,6.849454641E-1,2.128415823E0,7.073183537E0
2.015696887E2,6.035895348E-1,1.857428551E0,8.784649849E0
2.015897997E2,9.894321561E-1,2.190030813E0,8.314460754E0
2.016099107E2,-2.584248483E-1,3.634099483E0,7.762316704E0
2.016300216E2,-1.554138303E0,5.133202553E0,6.802794933E0
2.016501325E2,-1.614557028E0,5.592026711E0,6.786643028E0
2.016702435E2,-1.161715388E0,5.017749310E0,7.986045361E0
2.016903544E2,-1.436291814E0,4.956732273E0,9.027522087E0
2.017104654E2,-1.388435364E0,5.401797295E0,8.731410027E0
2.017305763E2,-5.138586760E-1,5.352744102E0,8.663812637E0
2.017506873E2,5.300102234E-1,4.725824833E0,9.681360245E0
2.017707982E2,1.677966833E0,4.180261135E0,9.509675026E0
2.017909092E2,2.110469580E0,4.189832687E0,8.693722725E0
2.018110201E2,1.327418327E0,4.512265205E0,9.198608398E0
2.018311311E2,3.469592705E-2,4.694717884E0,1.141137123E1
2.018512420E2,-2.255235314E-1,4.078566074E0,1.253240871E1
2.018713530E2,5.611169338E-1,3.584448338E0,1.103330517E1
2.018914639E2,1.037288666E0,3.611965895E0,8.900103569E0
2.019115748E2,1.503889084E0,3.717249870E0,7.213762283E0
2.019316858E2,2.059023857E0,3.202194929E0,7.098308563E0
2.019517967E2,1.043270707E0,3.149552822E0,7.884948730E0
2.019719077E2,-5.120640397E-1,3.501297712E0,8.603992462E0
2.019920186E2,-1.066002488E0,3.842873096E0,9.108279228E0
2.020121296E2,-1.956132501E-1,3.866203070E0,8.224729538E0
2.020322405E2,4.558327198E-1,3.647858143E0,7.725826263E0
2.020523514E2,6.616154313E-1,3.252444267E0,7.119245529E0
2.020724624E2,6.699903607E-1,2.938984394E0,6.784848690E0
2.020925734E2,2.440679073E-1,3.092125177E0,6.882954121E0
2.021126843E2,-4.845465720E-2,3.481556892E0,6.659823418E0
2.021327952E2,-1.603191197E-1,3.819543123E0,6.447460651E0
2.021529062E2,-8.075776696E-2,3.897907972E0,6.784848690E0
2.021730171E2,2.189432681E-1,3.976871252E0,7.590033531E0
2.021931281E2,1.136590727E-2,4.134199142E0,8.781659126E0
2.022132390E2,-4.989035130E-1,4.493122578E0,1.085683441E1
2.022333500E2,-1.176670551E0,4.832903385E0,1.253181076E1
2.022534609E2,-7.830511928E-1,4.689932346E0,1.233500099E1
2.022735719E2,-7.591229677E-1,4.666602135E0,1.267896938E1
2.022936828E2,-7.674978375E-1,4.569693089E0,1.381077385E1
2.023137937E2,-4.905286431E-2,4.289134502E0,1.367916870E1
2.023339047E2,2.512463629E-1,4.450051785E0,1.272443295E1
2.023540156E2,1.555334777E-1,4.740181446E0,1.190190029E1
2.023741265E2,3.625126183E-1,4.619942188E0,1.219621658E1
2.023942375E2,4.498506486E-1,3.583850145E0,1.321077347E1
2.024143485E2,-5.383851007E-3,2.988635540E0,1.275195026E1
2.024344594E2,-1.160519004E0,3.171686411E0,1.193839073E1
2.024545704E2,-2.423331022E0,3.196212769E0,1.131565857E1
2.024746813E2,-3.015554667E0,3.116651535E0,1.034716320E1
2.024947922E2,-2.840878725E0,2.797807932E0,9.652647018E0
2.025149032E2,-2.257628202E0,2.624926329E0,9.285946846E0
2.025350142E2,-1.475773335E0,2.449652195E0,8.966505051E0
2.025551251E2,-9.343972206E-1,2.602194548E0,8.788239479E0
2.025752360E2,-1.656431437E0,3.104687452E0,9.729216576E0
2.025953470E2,-2.765504837E0,3.273979664E0,1.039920712E1
2.026154579E2,-1.811366796E0,2.321636200E0,1.063430214E1
2.026355688E2,-5.730810165E-1,1.865803480E0,8.738588333E0
2.026556798E2,3.708875179E-1,1.945963025E0,5.662016392E0
2.026757907E2,6.221339107E-1,2.103889227E0,4.332205296E0
2.026959017E2,1.615155302E-2,2.124228239E0,5.143970490E0
2.027160126E2,-7.280163169E-1,2.148754835E0,6.545566559E0
2.027361236E2,-1.024128079E0,1.994417667E0,8.325227737E0
2.027562345E2,-1.313659668E0,2.011167526E0,8.742775917E0
2.027763455E2,-1.473978758E0,2.471785784E0,6.787241459E0
2.027964564E2,-1.247258782E0,3.156133175E0,4.646263599E0
2.028165673E2,-8.901300430E-1,3.836292982E0,3.728017569E0
2.028366783E2,-8.033902049E-1,4.423132420E0,4.433301926E0
2.028567892E2,-4.654040039E-1,4.887340069E0,6.171089649E0
2.028769002E2,-2.153540403E-1,5.633302689E0,7.432106972E0
2.028970111E2,-1.106680483E-1,6.250052929E0,8.755936623E0
2.029171221E2,-7.543373108E-1,6.333801746E0,1.240020561E1
2.029372330E2,-1.094716311E0,6.122634888E0,1.475354576E1
2.029573439E2,-4.127619043E-2,5.539384365E0,1.311745358E1
2.029774549E2,1.054038405E0,4.823930264E0,1.134855938E1
2.029975658E2,9.637092948E-1,4.323830605E0,1.129053402E1
2.030176768E2,1.377667665E0,3.613162279E0,1.130668545E1
2.030377877E2,1.324427366E0,3.238685369E0,1.054516983E1
2.030578987E2,1.214357495E0,3.001197815E0,9.546764374E0
2.030780096E2,1.854437590E-2,3.386442184E0,9.275178909E0
2.030981206E2,-1.033101201E0,3.845864296E0,8.460422516E0
2.031182315E2,-1.883749604E0,4.084548473E0,8.332406998E0
2.031383424E2,-1.965105653E0,4.007379532E0,8.724231720E0
2.031584534E2,-1.635494232E0,3.635894060E0,9.085547447E0
2.031785643E2,-8.189435601E-1,3.071187973E0,9.110074043E0
2.031986752E2,-2.159522474E-1,2.970689297E0,8.158329010E0
2.032187862E2,4.247260094E-2,2.930011272E0,7.730611801E0
2.032388971E2,1.872383654E-1,2.958127022E0,7.350750923E0
2.032590081E2,-1.794617064E-2,3.240479946E0,6.772884369E0
2.032791190E2,-1.926222295E-1,3.549154282E0,6.917650223E0
2.032992300E2,3.290131092E-1,3.129213810E0,7.997411251E0
2.033193409E2,6.652047038E-1,3.366701365E0,7.664809227E0
2.033394519E2,1.106680512E0,3.759124279E0,7.316653252E0
2.033595628E2,1.555334687E0,3.347558975E0,9.138189316E0
2.033796737E2,7.334001660E-1,3.197409153E0,1.092562866E1
2.033997847E2,-2.075773627E-1,3.553341627E0,1.028913784E1
2.034198956E2,-1.095314622E0,4.328616142E0,9.102297783E0
2.034400065E2,-1.189232826E0,4.451846600E0,9.003593445E0
2.034601175E2,-8.380861282E-1,3.752544165E0,9.417551994E0
2.034802285E2,-9.002995491E-1,3.671786308E0,7.893921852E0
2.035003394E2,-2.270190477E0,4.551746845E0,7.481160164E0
2.035204504E2,-2.392822742E0,5.177470207E0,6.528816700E0
2.035405613E2,-6.382854581E-1,3.756133318E0,8.997013092E0
2.035606722E2,-1.058823988E-1,1.420140266E0,1.553839207E1
2.035807832E2,-6.317051649E-1,1.177866936E0,1.675394630E1
2.036008941E2,-1.167697430E0,2.521436930E0,1.204068375E1
2.036210050E2,-1.294517040E0,3.651447296E0,7.439285755E0
2.036411160E2,-9.451649189E-1,3.666402578E0,5.930012703E0
2.036612269E2,-1.461416483E0,2.999403238E0,8.121239662E0
2.036813379E2,-2.681756020E0,3.163311481E0,1.043749237E1
2.037014488E2,-3.182454109E0,3.458825111E0,1.063430214E1
2.037215597E2,-3.175873756E0,3.651447296E0,9.827322960E0
2.037416707E2,-2.368894339E0,3.745365620E0,7.330412388E0
2.037617817E2,-1.886740685E0,3.792623997E0,6.583851337E0
2.037818926E2,-1.414158225E0,3.293720484E0,8.213363647E0
2.038020035E2,-5.300102234E-1,2.579462767E0,9.242277145E0
2.038221145E2,-2.099701911E-1,2.810370207E0,7.923832417E0
2.038422254E2,-4.169493318E-1,3.353540897E0,7.351947784E0
2.038623363E2,-1.084546804E0,3.720839262E0,7.934599876E0
2.038824473E2,-1.179063320E0,3.761517286E0,8.495717049E0
2.039025582E2,-1.837687731E0,4.011567116E0,9.188439369E0
2.039226692E2,-2.270190477E0,4.314259052E0,9.826724052E0
2.039427801E2,-1.567298889E0,4.239483356E0,1.032802105E1
2.039628910E2,-9.559326172E-1,3.890729666E0,1.173679543E1
2.039830020E2,-7.441678643E-1,3.927220106E0,1.137069321E1
2.040031129E2,-4.863412082E-1,4.497908592E0,9.020342827E0
2.040232239E2,3.655036688E-1,4.529613495E0,8.161917686E0
2.040433348E2,7.657032609E-1,4.237090588E0,9.547960281E0
2.040634458E2,1.722832322E-1,3.746562004E0,1.260419369E1
2.040835567E2,-3.194418252E-1,2.771486759E0,1.550668716E1
2.041036676E2,-2.171486616E-1,2.402393818E0,1.461595917E1
2.041237786E2,2.662015259E-1,2.902493954E0,1.024965572E1
2.041438895E2,5.461617708E-1,3.440878868E0,7.523034573E0
2.041640005E2,2.189432681E-1,3.855435371E0,7.010970116E0
2.041841114E2,-5.353940725E-1,4.044468403E0,8.117053032E0
2.042042223E2,-8.087740541E-1,3.841078520E0,9.243474007E0
2.042243333E2,-6.275177598E-1,3.588037491E0,9.245268822E0
2.042444442E2,-6.789634228E-1,3.664607763E0,8.583653450E0
2.042645551E2,-1.044467092E0,3.738187075E0,8.337192535E0
2.042846661E2,-1.607378602E0,3.561118364E0,8.665008545E0
2.043047771E2,-1.871785522E0,3.250649452E0,8.750552177E0
2.043248880E2,-1.532004714E0,2.755933523E0,8.400003433E0
2.043449989E2,-1.139581800E0,2.717648268E0,7.636095047E0
2.043651099E2,-5.569294691E-1,2.839084148E0,7.316055298E0
2.043852208E2,6.221338734E-2,2.667997360E0,7.740182877E0
2.044053318E2,2.135594189E-1,2.495713949E0,8.459226608E0
2.044254427E2,7.998009920E-1,2.392822742E0,8.699705124E0
2.044455536E2,3.014956415E-1,2.891726255E0,8.719446182E0
2.044656646E2,-8.039883971E-1,3.555734396E0,9.576674461E0
2.044857755E2,-1.655833244E0,3.632902861E0,1.067737293E1
2.045058864E2,-2.739781857E0,3.631706476E0,1.048594666E1
2.045259974E2,-3.361915827E0,3.581457376E0,9.386445045E0
2.045461084E2,-3.027518749E0,3.731008768E0,9.031708717E0
2.045662193E2,-2.321636200E0,3.849453449E0,9.609575272E0
2.045863302E2,-8.500502706E-1,2.589034081E0,1.232303619E1
2.046064412E2,4.582255483E-1,1.228714466E0,1.442572975E1
2.046265521E2,4.414757788E-1,1.326221943E0,1.342971706E1
2.046466631E2,-5.210371017E-1,2.402992249E0,1.043390274E1
2.046667740E2,-1.208973646E0,3.141177893E0,7.764709473E0
2.046868849E2,-1.798206210E0,3.481556892E0,6.611369133E0
2.047069959E2,-1.987239242E0,3.373879910E0,7.098308563E0
2.047271068E2,-1.249053478E0,2.925225735E0,8.095517159E0
2.047472177E2,-9.104689956E-1,2.850450039E0,8.752944946E0
2.047673287E2,-1.328614831E0,3.058625460E0,9.601799011E0
2.047874396E2,-1.858624935E0,2.991028309E0,1.015274620E1
2.048075506E2,-1.603191137E0,3.002394199E0,9.080163956E0
2.048276615E2,-1.350150228E0,2.900100946E0,8.581858635E0
2.048477724E2,-1.496112347E0,3.107080221E0,8.156534195E0
2.048678834E2,-1.416550994E0,3.212364435E0,7.755736351E0
2.048879944E2,-1.306481123E0,3.495913982E0,6.551548481E0
2.049081053E2,-1.182054400E0,3.563511133E0,6.694519520E0
2.049282162E2,-1.563111424E0,3.455834150E0,8.586644173E0
2.049483272E2,-2.212762833E0,3.727419376E0,9.664012909E0
2.049684381E2,-2.591426849E0,4.216751575E0,9.533005714E0
2.049885490E2,-2.829512835E0,4.920241356E0,8.445467949E0
2.050086600E2,-2.682354212E0,5.123033047E0,8.490332603E0
2.050287709E2,-1.971685886E0,4.778466702E0,9.878170013E0
2.050488819E2,-7.513462901E-1,4.149752617E0,1.059182930E1
2.050689928E2,4.235295951E-1,3.709473372E0,1.074018478E1
2.050891037E2,1.453041553E0,3.669393539E0,9.415757179E0
2.051092147E2,1.084546804E0,4.109074593E0,9.005388260E0
2.051293256E2,-5.563312769E-1,4.758726120E0,1.117627621E1
2.051494365E2,-1.930409670E0,4.324428558E0,1.423131275E1
2.051695475E2,-2.193620205E0,3.454039574E0,1.547258949E1
2.051896585E2,-1.851446509E0,3.534198999E0,1.287338543E1
2.052097694E2,-1.138983607E0,4.094717979E0,9.319445610E0
2.052298804E2,-1.186241865E0,4.609772682E0,7.176673412E0
2.052499913E2,-1.093519926E0,4.281357765E0,7.184450150E0
2.052701022E2,-9.649057388E-1,3.388834953E0,8.414361000E0
2.052902132E2,-1.253240824E0,2.987439156E0,9.130413055E0
2.053103241E2,-1.758724689E0,3.309871912E0,8.379665375E0
2.053304350E2,-1.323829174E0,3.808177233E0,5.817550182E0
2.053505460E2,-1.050449133E0,4.082155228E0,4.752744198E0
2.053706569E2,-8.159525394E-1,3.956532240E0,5.460421085E0
2.053907679E2,-1.010967568E-1,3.240479946E0,7.345367432E0
2.054108788E2,4.372883439E-1,2.589034081E0,8.246265411E0
2.054309897E2,4.432703853E-1,2.712862730E0,8.070990562E0
2.054511007E2,9.391828626E-2,3.083152056E0,8.261817932E0
2.054712117E2,-1.686939895E-1,2.988635540E0,8.855237961E0
2.054913226E2,-7.471588850E-1,3.174079180E0,8.288737297E0
2.055114335E2,-1.187438250E0,3.567100286E0,7.508079052E0
2.055315445E2,-1.174277663E0,3.996013880E0,7.517650604E0
2.055516554E2,-7.298108935E-1,4.280759811E0,7.754539967E0
2.055717663E2,-5.353940725E-1,4.255036831E0,8.966505051E0
2.055918773E2,-1.217348576E0,4.278367043E0,1.132702446E1
2.056119882E2,-1.147956610E0,4.150949001E0,1.242413330E1
2.056320992E2,-4.510470629E-1,4.016352654E0,1.123968601E1
2.056522101E2,-3.643072546E-1,3.933202267E0,1.087896824E1
2.056723210E2,-6.771687865E-1,3.393620729E0,1.232602787E1
2.056924320E2,-1.370489120E0,3.165106058E0,1.287757301E1
2.057125429E2,-1.813161373E0,3.011367321E0,1.175055408E1
2.057326538E2,-1.652842283E0,2.935395241E0,9.869196892E0
2.057527648E2,-1.144367456E0,2.831307411E0,8.669795036E0
2.057728758E2,-1.467398524E0,3.256631613E0,8.526225090E0
2.057929867E2,-1.511665702E0,3.384647608E0,8.612964630E0
2.058130976E2,-1.610369682E0,3.148954630E0,9.440283775E0
2.058332086E2,-1.679761529E0,2.867797852E0,1.042373371E1
2.058533195E2,-1.415354609E0,2.653042078E0,1.036211872E1
2.058734305E2,-1.406979680E0,2.902493954E0,9.211769104E0
2.058935414E2,-1.523031592E0,3.247060299E0,8.179863930E0
2.059136523E2,-1.417747378E0,3.667598963E0,7.205387115E0
2.059337633E2,-5.892325640E-1,3.616153240E0,6.170491219E0
2.059538742E2,1.250249892E-1,3.471387386E0,6.810571671E0
2.059739851E2,-3.050848842E-1,3.445664644E0,9.101698875E0
2.059940961E2,-1.613958836E0,3.879961967E0,9.998409271E0
2.060142071E2,-1.807179332E0,4.153940201E0,8.425128937E0
2.060343180E2,-1.250848055E0,4.427918434E0,7.073781967E0
2.060544289E2,-1.103091240E0,4.945366383E0,6.925426960E0
2.060745399E2,-3.008974493E-1,5.063212872E0,6.992425919E0
2.060946508E2,7.591229677E-1,4.758726120E0,7.778468132E0
2.061147618E2,1.432702541E0,4.460221291E0,8.931210518E0
2.061348727E2,1.081555843E0,4.843072891E0,8.992227554E0
2.061549836E2,2.452643216E-1,5.516652584E0,8.954540253E0
2.061750946E2,5.503492057E-2,5.469992638E0,9.923035622E0
2.061952055E2,6.807580590E-1,4.942973614E0,1.035912704E1
2.062153164E2,8.195417523E-1,4.880760193E0,1.073719311E1
2.062354274E2,4.492524564E-1,4.506881237E0,1.204427242E1
2.062555384E2,2.003988922E-1,3.673580885E0,1.261735344E1
2.062756493E2,3.361915946E-1,3.055036306E0,1.115354443E1
2.062957602E2,3.714857101E-1,2.906681299E0,8.541180611E0
2.063158712E2,-1.112662554E-1,2.861217737E0,6.942176819E0
2.063359821E2,-1.256830096E0,3.107080221E0,7.824530125E0
2.063560931E2,-1.393221021E0,3.012563705E0,8.669795036E0
2.063762040E2,-1.902294040E0,3.241078377E0,1.004028416E1
2.063963149E2,-1.213161111E0,2.883949518E0,9.868000984E0
2.064164259E2,-2.715853751E-1,2.953939438E0,8.115258217E0
2.064365368E2,2.386840582E-1,3.070589542E0,7.487142086E0
2.064566478E2,1.639083475E-1,3.217748165E0,7.537391186E0
2.064767587E2,-2.045863420E-1,3.109472990E0,8.716454506E0
2.064968697E2,-1.357926875E-1,3.031108141E0,9.087342262E0
2.065169806E2,3.966103494E-1,3.046063185E0,8.379066467E0
2.065370915E2,9.385846853E-1,3.254837036E0,7.539783955E0
2.065572025E2,1.518245935E0,3.353540897E0,7.277172089E0
2.065773134E2,1.264606714E0,3.464209080E0,6.840481758E0
2.065974244E2,1.220339537E-1,3.876372576E0,7.331608772E0
2.066175353E2,-3.415754437E-1,4.237689018E0,7.789834023E0
2.066376462E2,-4.450650215E-1,4.458426952E0,7.976474285E0
2.066577572E2,-4.480560422E-1,4.695316315E0,9.417551994E0
2.066778681E2,-1.045663476E0,4.776672363E0,1.144247818E1
2.066979791E2,-1.579861164E0,4.810171604E0,1.203948689E1
2.067180900E2,-1.086939692E0,4.533800602E0,9.571290970E0
2.067382010E2,-1.373480201E0,5.075775146E0,7.778468132E0
2.067583119E2,-1.135992527E0,5.220541000E0,9.317651749E0
2.067784229E2,-2.075773627E-1,3.436691523E0,1.445085430E1
2.067985338E2,7.980063558E-1,1.393819213E0,1.775115395E1
2.068186447E2,1.192223907E0,6.789634228E-1,1.614916039E1
2.068387557E2,6.646065116E-1,1.567897081E0,1.160698414E1
2.068588666E2,-8.476574421E-1,3.304488182E0,8.071588516E0
2.068789776E2,-2.265404940E0,4.404588223E0,6.451648235E0
2.068990885E2,-3.209971666E0,4.299902439E0,7.322635651E0
2.069191995E2,-2.959921598E0,3.645465374E0,8.199007034E0
2.069393104E2,-2.035693884E0,3.058625460E0,8.215158463E0
2.069594213E2,-1.115653515E0,2.587239504E0,8.325227737E0
2.069795323E2,-1.950150430E-1,2.127817631E0,8.358727455E0
2.069996432E2,3.607180119E-1,1.955534339E0,7.640881062E0
2.070197542E2,1.230509043E0,1.982453585E0,6.412166595E0
2.070398651E2,1.597209096E0,2.092523336E0,6.890730858E0
2.070599760E2,6.143572330E-1,2.221735716E0,9.002995491E0
2.070800870E2,-8.386843204E-1,2.721835852E0,1.003370380E1
2.071001980E2,-1.427916884E0,3.072982550E0,8.705088615E0
2.071203089E2,-2.175075769E0,3.782454491E0,7.709674358E0
2.071404198E2,-2.341377020E0,4.174279213E0,8.148757935E0
2.071605308E2,-2.241476536E0,4.337589264E0,9.208179474E0
2.071806417E2,-1.303490162E0,3.872783422E0,9.924830437E0
2.072007526E2,-1.495514214E-1,3.244069338E0,1.072104168E1
2.072208636E2,7.172485590E-1,2.764308453E0,1.197428226E1
2.072409745E2,5.593222976E-1,3.084348440E0,1.211246777E1
2.072610855E2,2.338984162E-1,3.856631994E0,1.054816055E1
2.072811964E2,3.876372576E-1,3.951746702E0,8.218149185E0
2.073013074E2,-8.309076428E-1,4.057030678E0,9.601799011E0
2.073214183E2,-2.659622431E0,3.817748547E0,1.407697582E1
2.073415293E2,-2.577069998E0,2.420938253E0,1.597508240E1
2.073616402E2,-2.199003935E0,1.989632010E0,1.406919861E1
2.073817511E2,-1.185045362E0,2.617149830E0,9.953543663E0
2.074018621E2,-1.058225870E0,3.622135162E0,7.374679565E0
2.074219731E2,-1.506880045E0,4.091128349E0,7.630113125E0
2.074420840E2,-1.165902853E0,3.698705673E0,8.586046219E0
2.074621949E2,-1.421934843E0,3.317050457E0,9.583852768E0
2.074823059E2,-1.485942841E0,3.225524902E0,9.162117958E0
2.075024168E2,-1.002592683E0,3.196810961E0,7.809575081E0
2.075225277E2,-1.147956610E0,3.722035646E0,6.023332596E0
2.075426387E2,-1.411765337E0,4.171886444E0,5.059025288E0
2.075627496E2,-1.256830096E0,4.130012035E0,5.207978249E0
2.075828606E2,-9.104689956E-1,3.866801500E0,5.639883041E0
2.076029715E2,-1.280160099E-1,3.350549936E0,6.107081413E0
2.076230825E2,5.988038778E-1,2.793022156E0,6.203990936E0
2.076431934E2,5.862415433E-1,2.874378204E0,5.310869694E0
2.076633044E2,5.455635786E-1,3.208176851E0,4.249652863E0
2.076834153E2,2.404786795E-1,3.950550079E0,4.664209366E0
2.077035262E2,-1.132403374E0,4.454837322E0,8.127820015E0
2.077236372E2,-3.167499065E0,4.315455437E0,1.287458229E1
2.077437481E2,-3.591626883E0,4.075575352E0,1.379222965E1
2.077638591E2,-1.989632010E0,3.741178274E0,1.118106174E1
2.077839700E2,-3.720839322E-1,3.286541939E0,9.497113228E0
2.078040810E2,9.469595551E-1,2.947359324E0,9.960124016E0
2.078241919E2,1.604387641E0,2.789433002E0,1.091246796E1
2.078443029E2,1.455434322E0,3.085544825E0,1.069890785E1
2.078644138E2,3.732803464E-1,2.931207657E0,1.088734341E1
2.078845247E2,-3.619144261E-1,1.937588096E0,1.308216000E1
2.079046357E2,-6.017948985E-1,1.021137118E0,1.575494289E1
2.079247467E2,-4.683950245E-1,1.258026481E0,1.452622795E1
2.079448576E2,1.884347796E-1,1.939382792E0,1.090588760E1
2.079649685E2,1.136590719E0,2.423331022E0,8.166703224E0
2.079850795E2,1.619342685E0,2.555534601E0,7.491329670E0
2.080051904E2,1.089930773E0,2.600399971E0,8.496912956E0
2.080253013E2,-1.962114573E-1,2.764906645E0,9.652647018E0
2.080454123E2,-1.115055323E0,2.758924484E0,9.743574142E0
2.080655233E2,-1.395015597E0,2.651845694E0,9.125029564E0
2.080856342E2,-1.579861164E0,2.343769789E0,9.531210899E0
2.081057451E2,-1.497308731E0,2.062014818E0,9.939187050E0
2.081258561E2,-1.512263894E0,2.123031855E0,1.006301594E1
2.081459670E2,-1.375872970E0,2.145165443E0,9.158528328E0
2.081660780E2,-1.281356573E0,2.569293261E0,6.794419765E0
2.081861889E2,-2.039881229E0,2.962314367E0,6.348158360E0
2.082062999E2,-1.631905079E0,2.752942562E0,7.106683254E0
2.082264108E2,-7.609176040E-1,2.344367981E0,7.871190071E0
2.082465218E2,-5.048855543E-1,1.904686809E0,9.824930191E0
2.082666327E2,-7.716853023E-1,1.503290772E0,1.132104206E1
2.082867436E2,-1.025922656E0,1.848455548E0,1.040758228E1
2.083068546E2,-1.161715388E0,2.465205431E0,8.337192535E0
2.083269656E2,-1.028315544E0,2.962314367E0,6.890730858E0
2.083470765E2,-6.317051649E-1,3.016751051E0,7.007979393E0
2.083671874E2,-6.376872063E-1,2.735594511E0,8.486743927E0
2.083872984E2,-1.026520967E0,2.779263496E0,9.644869804E0
2.084074093E2,-1.262213945E0,2.788236618E0,9.885348320E0
2.084275202E2,-1.939980984E0,3.013760090E0,1.081735325E1
2.084476312E2,-3.507878065E0,3.874577999E0,1.218903828E1
2.084677422E2,-2.960519791E0,4.344169617E0,1.022154045E1
2.084878531E2,-1.330409408E0,3.535993576E0,1.064806080E1
2.085079640E2,3.601198196E-1,2.854039192E0,1.161236858E1
2.085280750E2,7.094719410E-1,2.697907448E0,1.229731369E1
2.085481859E2,1.710868180E-1,2.292324066E0,1.314437294E1
2.085682969E2,-1.210170031E0,2.042274237E0,1.403749371E1
2.085884079E2,-1.121635556E0,1.800599098E0,1.201974678E1
2.086085188E2,-5.240281820E-1,1.790429592E0,9.902098656E0
2.086286297E2,-2.362912297E-1,2.160120726E0,8.968298912E0
2.086487407E2,7.238288224E-2,2.329412937E0,8.355138779E0
2.086688516E2,1.567298770E-1,2.431107759E0,7.771887779E0
2.086889626E2,2.937189937E-1,2.459821701E0,7.788039684E0
2.087090735E2,6.089733839E-1,2.211566210E0,8.781061172E0
2.087291845E2,4.360919297E-1,2.145165443E0,9.278767586E0
2.087492954E2,3.355933726E-1,1.880758643E0,9.208179474E0
2.087694063E2,1.118644550E-1,1.744367719E0,8.726025581E0
2.087895173E2,-5.084748194E-2,1.820937991E0,8.137989998E0
2.088096283E2,4.187439755E-2,2.027318954E0,7.582256794E0
2.088297392E2,2.745763958E-1,1.970489502E0,7.710870743E0
2.088498501E2,4.839483798E-1,1.903490424E0,8.145766258E0
2.088699611E2,4.103690982E-1,1.899302959E0,8.650053978E0
2.088900720E2,2.775674164E-1,1.965105653E0,8.716454506E0
2.089101830E2,-1.375873089E-1,2.148754835E0,8.690134048E0
2.089302939E2,-9.702895880E-1,2.790031195E0,9.114261627E0
2.089504049E2,-9.146564603E-1,3.053839922E0,8.780462265E0
2.089705158E2,-1.591227055E-1,2.703889608E0,8.529216766E0
2.089906268E2,-2.644068897E-1,2.755933523E0,8.940183640E0
2.090107377E2,-5.922235847E-1,2.809772015E0,9.604789734E0
2.090308487E2,-8.476574421E-1,2.928814888E0,9.466006279E0
2.090509596E2,-1.062413216E0,3.178266764E0,9.162715912E0
2.090710706E2,-1.494317770E0,3.473780155E0,8.729615211E0
2.090911815E2,-1.451845169E0,3.707080364E0,8.536993027E0
2.091112925E2,-9.469595551E-1,3.670589924E0,8.800203323E0
2.091314034E2,-3.385843933E-1,3.584448338E0,8.638090134E0
2.091515144E2,-3.720839322E-1,3.787838221E0,6.329015732E0
2.091716253E2,-1.231705427E0,3.688536167E0,9.221938133E0
2.091917362E2,-1.706082582E0,3.370888948E0,1.134676456E1
2.092118472E2,-1.750349760E0,3.226721287E0,1.129531956E1
2.092319582E2,-1.728216171E0,3.433700562E0,9.463613510E0
2.092520691E2,-1.517647743E0,3.314059258E0,8.022536278E0
